feature_row,source_id,class_label,hard_label,entropy,membership_0,membership_1,membership_2,membership_3,membership_4,membership_5
0,b855dcf781196bdf4acdb6d3be0f3aa9f92a2a293d651b2d2bb180a8bf73035e,Anthracnose(102),4,0.9999999999999785,0.16666664183876584,0.1666666595481149,0.16666662356422632,0.1666667056043687,0.16666674738084877,0.16666662206367552
1,87cbaa0917db06ba22386cfefc348f6e0f1c8d41f630462a04943de4865a5db4,Anthracnose(102),4,0.9999999999999922,0.16666665216132398,0.1666666625049866,0.16666664148964652,0.16666668941066543,0.16666671381722634,0.16666664061615122
2,4a8cf82c320296d8022fa24f70b49324ec0cb8a233815cc77f65c996ac1d0060,Anthracnose(102),4,0.9999999999999768,0.16666664105326032,0.1666666593162233,0.16666662221167658,0.16666670682527956,0.16666674992216532,0.16666662067139498
3,beaca11596033dd112544ffda1492c5001772c521478dc629b6a217377080128,Anthracnose(102),4,0.9999999999999808,0.16666664336916992,0.16666665997965233,0.1666666262368472,0.16666670318981064,0.16666674238754978,0.16666662483697017
4,eb2943a18cceec63d2092dedf0198eb7804a571e3afa3c038349f5df330e3f06,Anthracnose(102),4,0.9999999999999869,0.1666666476980279,0.1666666612139076,0.16666663376186966,0.16666669639053838,0.16666672830395765,0.16666663263169884
5,70b5a84d44ffda7840ad92c2faacd92ea09254dfb3634a3348cf213e0cfa4456,Anthracnose(102),5,0.9999999999999978,0.16666667332674734,0.166666668551254,0.16666667827273424,0.16666665617901827,0.1666666449661972,0.1666666787040489
6,6513ae19078b995e6b34bf8d7aeea25a37be6006561731d370f4d5329a502e43,Anthracnose(102),5,0.9999999999999876,0.16666668511497496,0.16666667192545515,0.16666669874888165,0.16666663768097587,0.16666660663061308,0.1666666998990993
7,c7aaa4a29753ec27c41c9c2bcdcdab975d27eec4cf4e70b60c8dee53acb51aee,Anthracnose(102),4,0.9999999999999803,0.1666666429909227,0.1666666598772641,0.1666666255666925,0.1666667037952813,0.1666667436327091,0.16666662413713024
8,8396b72c811ffc54aa9b89298c6afaa43a3ebf726bef63635d25148fdea4b6b4,Anthracnose(102),4,0.9999999999999799,0.16666664283778365,0.16666665983129322,0.16666662530507162,0.16666670403151265,0.1666667441257496,0.1666666238685891
9,bb4e4be9f661773672aa4b393cc3e825bf0f62b4d563b17df43d77247ae10a45,Anthracnose(102),5,0.9999999999999658,0.166666697983373,0.16666667559852688,0.1666667211264594,0.1666666174655413,0.1666665647533543,0.16666672307274516
10,e12d7b8c036b365bd2dcb9ab1559ec380a9b1a2e6217104892f11182c35ae25d,Anthracnose(102),4,0.9999999999999919,0.16666665191737712,0.16666666243459846,0.16666664106675447,0.1666666897925985,0.16666671460963078,0.16666664017904076
11,c6a52e79d8dcf8418e820334987c61fa30b74f8e443d9ce7de6b6e2a8d67b521,Anthracnose(102),4,0.9999999999999866,0.16666664733215886,0.1666666611155781,0.16666663311344282,0.16666669697671116,0.16666672950840536,0.16666663195370374
12,7db30e7a704366f44641e124b4052c8d47295a96fbc19f437249f90714b2c0d5,Anthracnose(102),4,0.9999999999999873,0.16666664790786598,0.16666666127406055,0.16666663412657604,0.1666666960611614,0.16666672762128937,0.1666666330090468
13,2cb6a7b46210b7b9362b49c03e03b521e06058a615bee11dad4631686f2f43c0,Anthracnose(102),4,0.9999999999999916,0.1666666515309422,0.166666662324049,0.16666664039609122,0.16666669039863644,0.16666671586559165,0.16666663948468952
14,46b56510d1634f55da4625ff12d15fd342cd90b0e524fc58b42f790ff3f734ce,Anthracnose(102),4,0.9999999999999729,0.1666666387270658,0.16666665864830188,0.16666661817504105,0.16666671047178425,0.16666675748252763,0.16666661649527956
15,6943ab94dac5431b78c31b826203c3fb49b82e2d99f383935f2804fb69bc9d3e,Anthracnose(102),4,0.9999999999999853,0.16666664646564244,0.16666666085851636,0.16666663162633785,0.1666666983195758,0.16666673230590895,0.1666666304240186
16,c8657185ea469ecd1112d617e67b58d06b60ae28da226daa1f7b7b0f27b3cd38,Anthracnose(102),4,0.9999999999999988,0.16666666241015848,0.1666666654140151,0.16666665933619634,0.1666666732855095,0.16666668043818744,0.16666665911593326
17,4c2b44f3e3130972dad56d12bf4c65bfddfe70f94e120e268109d1b0ad97437f,Anthracnose(102),4,0.9999999999999796,0.16666664258862815,0.16666665977451145,0.16666662484422742,0.16666670444900963,0.16666674496761963,0.16666662337600374
18,3f7812fb258535235edd6c60f77da30efe62efc24ac972e0a3f842ca1220424d,Anthracnose(102),4,0.9999999999999729,0.16666663884202948,0.1666666587055825,0.1666666183316441,0.1666667103331801,0.16666675715674112,0.1666666166308228
19,526fd33e4b2ea5317eab207b64b358fb75925782ebac10fe639c35e4d6f8cb6d,Anthracnose(102),4,0.9999999999999787,0.16666664209823553,0.16666665963904392,0.16666662398385235,0.16666670522687024,0.16666674657192168,0.1666666224800761
20,1603d84c9698fb404321601923cdfa49348e52d3127dea0fc9cb323156dd43e5,Anthracnose(102),4,0.9999999999999779,0.16666664166993497,0.16666665950862677,0.1666666232569267,0.1666667058833818,0.16666674794533645,0.1666666217357934
21,23267d001bb4a99631f67e346cd47ba951e215063368aece482c982e3a395686,Anthracnose(102),4,0.9999999999999732,0.1666666389950892,0.1666666587491858,0.1666666185983986,0.16666671009228945,0.16666675665792585,0.16666661690711115
22,6b1a65bb153f42171dda7e15979b6558a67e6c1c17b8bb62233a876beff828f2,Anthracnose(102),4,0.9999999999999787,0.1666666421063624,0.16666665961157262,0.16666662405234375,0.16666670516186316,0.16666674648460125,0.16666662258325685
23,01e291f8b62ce05388421f18ea31d1b500449970622347a63731caa7aa45ef5d,Anthracnose(102),4,0.999999999999998,0.16666666082046475,0.16666666497259633,0.16666665654952814,0.16666667580427222,0.16666668563638093,0.1666666562167577
24,3fd350dd6a779747d6b949ab04631bac51bda24b29c569b920a3b6153e591c9d,Anthracnose(102),4,0.9999999999999892,0.16666664947746532,0.16666666172841732,0.16666663684357128,0.16666669360715655,0.16666672252742817,0.1666666358159613
25,dddbba7d6bb902b9b68f634ba95e2f5a769fada859ee665818e31341d015efa0,Anthracnose(102),5,0.9999999999999948,0.16666667825839443,0.1666666699434303,0.16666668688087016,0.16666664840190787,0.16666662888068295,0.16666668763471443
26,e4f3dea2556bf0d86ee01610a31409547e087f3c9bc9e2c83b1ea8bc7559541e,Anthracnose(102),5,0.9999999999999932,0.1666666799820881,0.16666667044285377,0.16666668986182878,0.1666666457090811,0.16666662329011417,0.1666666907140341
27,dc0d5ee594b0e487eb50870c4323a05a8f17acb1fb8a3b7b114849203ef2176c,Anthracnose(102),4,0.9999999999999857,0.16666664667604963,0.16666666092596957,0.16666663198062162,0.16666669800072675,0.16666673163396106,0.16666663078267124
28,8c2b8abcb7b63c6b87e783aade8f916cc2ac6424e5e34d9e2a489d01b6ec8fd1,Anthracnose(102),5,0.9999999999999947,0.16666667834635698,0.1666666699864377,0.1666666869933514,0.16666664830036912,0.16666662864075024,0.16666668773273458
29,ff9372bab07609f953cf6be2c245e37799272f1ec8a68337c6f803ad93b82ce3,Anthracnose(102),5,0.9999999999999977,0.1666666733691604,0.16666666855993603,0.16666667835720891,0.16666665610338682,0.1666666448155594,0.16666667879474845
30,b546b24bfe5990f26917a5222f981caccf8d9ce4cdd5ee38b7942ccaa7ff9c04,Anthracnose(102),4,0.9999999999999755,0.16666664021983893,0.1666666590766809,0.1666666207654112,0.16666670813164003,0.1666667526309398,0.16666661917548908
31,637e2a107e65d1fb2d6085f530a07490065d817d1f3fb6169b7879e36beb0ec5,Anthracnose(102),4,0.9999999999999991,0.1666666663654456,0.16666666655336923,0.16666666619705883,0.1666666670890319,0.16666666758563106,0.16666666620946327
32,855e9426fd6d91ac21637554877003c2c11787d77125bf15a1242a7a05b0c621,Anthracnose(102),4,0.999999999999999,0.16666666341846142,0.1666666657222903,0.1666666610484797,0.16666667173995015,0.16666667720341138,0.16666666086740714
33,6633a1d0326882dda1027f430c744fd6c96d897de3e0e92a1e63c68ba851eaf7,Anthracnose(102),5,0.9999999999999873,0.16666668545972815,0.1666666720279081,0.1666666993404427,0.16666663714685429,0.16666660551768758,0.1666667005073792
34,d3033583481d5ef2b835943a628bdd25ff3c0227931663e6220dc12d07e844f6,Anthracnose(102),5,0.9999999999999662,0.16666669769821799,0.16666667551682396,0.16666672063155435,0.166666617912688,0.16666656568017382,0.16666672256054182
35,300cecedb217cbabc4cfc1033533bfbc7cfc205d9e7006b9362d33121e991b76,Anthracnose(102),5,0.9999999999999979,0.16666667290742182,0.16666666843957742,0.1666666775285338,0.16666665685207063,0.1666666463476165,0.16666667792477977
36,fde6ffdfd86c52e53fb52cb5fc24bdeaa20020806909cae2c7fa6129ea6b9e17,Anthracnose(102),4,0.9999999999999776,0.16666664143036156,0.1666666594107772,0.1666666228905576,0.1666667062104683,0.16666674866912598,0.16666662138870925
37,2590e251f3c970b2d1755f440da6a8f8106a2e492c60381d4fb8a2dcbb831cbf,Anthracnose(102),5,0.9999999999999801,0.16666669033237727,0.16666667341456065,0.16666670782142579,0.16666662948489847,0.16666658965212364,0.16666670929461416
38,20ab23b74fa4051b438c072656c0419d9b64268fd753d1ccae03291e8e79ea93,Anthracnose(102),4,0.999999999999991,0.16666665099549646,0.16666666214920148,0.16666663950755814,0.16666669119957286,0.16666671756002635,0.1666666385881447
39,d53065c50881932945274b202986315c642d577e71f3481906fbf08a67bbcafe,Anthracnose(102),4,0.9999999999999527,0.1666666296759566,0.1666666560627474,0.16666660244692086,0.16666672468175447,0.1666667869236137,0.16666660020900692
40,ada9ad9e1ff692d8d6292ff9fd6f756a1f23dfd9163fcbda45c277a80aa1e64c,Anthracnose(102),5,0.9999999999999758,0.16666669285584068,0.16666667413957484,0.16666671219918444,0.16666662553019648,0.16666658145206,0.1666667138231435
41,088c56602036bd5d2c12454a7904a27c36fd75e7ff9b937dd08b2af2ae239063,Anthracnose(102),5,0.9999999999999059,0.1666667190020205,0.16666668162931164,0.16666675760397662,0.1666665845122136,0.16666649643666612,0.16666676081581147
42,743d97fecbfc390bda0cc15fced8621e25ce7139dcfd3c6fbac0df8baefeebd6,Anthracnose(102),4,0.9999999999999852,0.16666664638447942,0.16666666084739054,0.1666666314599696,0.1666666984703774,0.16666673259868214,0.16666663023910103
43,288468bc4e55c95e275129f485ece832d7ff723f53bcedd69f62518941357831,Anthracnose(102),4,0.9999999999999356,0.1666666234644026,0.16666665432037492,0.1666665915936938,0.1666667344905039,0.1666668071949718,0.166666588936053
44,5254c94a9c32179394f97e92eab25511c20ab2bdbfd543d7c73e88f7b10de099,Anthracnose(102),4,0.9999999999999823,0.1666666444341336,0.1666666603350195,0.16666662799882848,0.16666670160435765,0.16666673902203108,0.1666666266056297
45,30bccc1c2b82e759b7518ba3b503a2a3515ef2696ea721cd3b8a8d7dc819a442,Anthracnose(102),4,0.9999999999999784,0.1666666418402306,0.16666665957047688,0.16666662352691292,0.1666667056404128,0.1666667474206862,0.16666662200128063
46,236f52ec7f2899536cd8efe6746fa54e68eeee76bfa9e04df7e96d285d57710f,Anthracnose(102),4,0.9999999999999991,0.16666666439575917,0.16666666599581165,0.16666666276309391,0.16666667019163894,0.16666667400536755,0.16666666264832877
47,cd262eccae38a1aa540bac534149af4c19d0af23b3c99699dcce5683e3775ae9,Anthracnose(102),4,0.9999999999999819,0.1666666440131285,0.1666666601610125,0.16666662736036197,0.1666667021744146,0.16666674028794573,0.16666662600313673
48,04476335c3684d9f55a6650e20aefd425dbca23dc22311ab4272e3951d8491bc,Anthracnose(102),5,0.999999999999988,0.16666668478943772,0.1666666718261075,0.16666669820087632,0.1666666381768133,0.16666660766892744,0.16666669933783773
49,56bdf45b42927f63521317e54cfe65629a3bf646960a7127ffb592b9210c85ed,Anthracnose(102),5,0.9999999999999799,0.16666669050240074,0.16666667345561564,0.16666670813384005,0.1666666292026093,0.16666658907968127,0.16666670962585306
50,7635ebbf32ccd0335b43954f9e4dc5c1311f3d7c37dae04c67ad186c3823a2d7,Anthracnose(102),4,0.999999999999999,0.16666666295205762,0.1666666655715897,0.16666666027400961,0.1666666724387869,0.1666666786796355,0.1666666600839208
51,947a448f80e13331a1ee9be1e87f13758d09df3223722889ce2cebf80ec7b315,Anthracnose(102),4,0.999999999999975,0.16666663990723055,0.1666666589938787,0.16666662021203907,0.1666667086326761,0.1666667536589062,0.16666661859526946
52,7a61aa4577d16a4a29822b7913e870b3f53ecf8008b895d6e758d6dbfeb45139,Anthracnose(102),5,0.999999999999994,0.16666667907086008,0.1666666701962159,0.1666666882567322,0.16666664716144064,0.16666662627792864,0.16666668903682252
53,048d20e31c78478c5d4935c178c5be56ed9fca5d4cdd14aa62397730bfde9a4d,Anthracnose(102),4,0.9999999999999866,0.1666666474496427,0.16666666114345025,0.1666666333310276,0.16666669678024362,0.16666672911080055,0.16666663218483527
54,63ca46c5484394a464f4ae638813aa1b696a333fce518880aa7d5fd43f8553be,Anthracnose(102),5,0.999999999999899,0.166666720859139,0.16666668215772582,0.16666676083814308,0.16666658159073863,0.16666649038760512,0.1666667641666483
55,329e461f725e88562b70a475d166e1f4cc0f56d93862dbef6c45310569d6a26f,Anthracnose(102),4,0.9999999999999919,0.16666665196941702,0.1666666624355878,0.1666666411897205,0.1666666896817083,0.16666671440294756,0.16666664032061876
56,858ddddace8d89d438a7994cfecf0a112605e3c632ff57bfaef3a9ac3a96392d,Anthracnose(102),4,0.9999999999999799,0.166666642876577,0.16666665982363132,0.16666662540603835,0.16666670393818417,0.16666674396205264,0.16666662399351645
57,02d77159eb88650fc95f6fb8481963fcbc60f0cd00e0b73266f26aa6f4490b20,Anthracnose(102),4,0.9999999999999939,0.16666665397201363,0.16666666300700492,0.16666664467072495,0.1666666865366218,0.1666667078877713,0.1666666439258634
58,0f37b8632b7a592b301bd52c402f0babf9f028e55c15eb8c65fb90c695843f31,Anthracnose(102),4,0.9999999999999913,0.16666665147847398,0.16666666230317886,0.16666664031514805,0.1666666904710402,0.16666671602485916,0.16666663940729964
59,80fb9cd31bf8d4494ef633dd7ac94315e68687f8d8e1d57a2abd620681d7c1a6,Anthracnose(102),4,0.9999999999999826,0.1666666444469236,0.16666666028017663,0.1666666281219427,0.16666670148565238,0.16666673886825537,0.1666666267970495
60,c8786037cedc3d54b680c225e4e9e4e4e50f4d64da8b4de5c472f6973d56ee88,Anthracnose(102),4,0.9999999999999905,0.16666665054468097,0.1666666620327192,0.16666663870146217,0.16666669192908615,0.1666667190519195,0.16666663774013224
61,1979fdd620149662e138309d1a7534b89fcbdafb9794c896b2b3edd450ba1574,Anthracnose(102),4,0.9999999999999656,0.16666663516793484,0.16666665763958377,0.16666661197510196,0.1666667160739619,0.16666676907666733,0.16666661006675018
62,8daf374a6e4d0720d526b87ec463cb75037a089cf2cf03680cab5c5806070233,Anthracnose(102),4,0.9999999999999718,0.1666666382761681,0.16666665852765572,0.16666661737826766,0.16666671119288387,0.16666675896377672,0.16666661566124794
63,016ba6fd7140c39722b677cd6d9c19d1f001adcbc962332f9ce277313d19aadb,Anthracnose(102),5,0.9999999999999859,0.16666668652382582,0.16666667232638932,0.16666670120697652,0.16666663546161914,0.16666660203593534,0.16666670244525375
64,07729db7d968fb22f04bc5ac15e706622e0dfd8d8dcea58f98d36c3bcfb5360f,Anthracnose(102),5,0.9999999999999982,0.1666666721386555,0.16666666820985943,0.16666667622089737,0.16666665803467487,0.16666664881535373,0.1666666765805591
65,7002c41da85f268a8df9e7a1762f03cec55ff1bc43c609f8e6207436367f8158,Anthracnose(102),5,0.9999999999998999,0.16666672063351132,0.16666668208781543,0.16666676045888248,0.1666665819334898,0.16666649110678475,0.16666676377951628
66,8b193aeb4ea2c531b6b27440b4ae5ac0ca28d2e16998fd98ab752dabc1ba8ceb,Anthracnose(102),4,0.9999999999999913,0.16666665127458052,0.16666666223815044,0.1666666399785768,0.16666669077564478,0.16666671666751595,0.1666666390655314
67,92f8dec851d91edada97e120ff318415d9ff074112349e92a118b58e9b253217,Anthracnose(102),4,0.9999999999999748,0.16666663989320263,0.16666665899445238,0.16666662017836578,0.16666670866336628,0.16666675371507542,0.1666666185555375
68,2531ddabdba6239b763e272144cca88e3c1de17c988216e5514ba88f1942cce8,Anthracnose(102),4,0.9999999999999959,0.16666665663692076,0.16666666378628772,0.16666664927122124,0.16666668238266857,0.1666666992530585,0.16666664866984324
69,38558e97e074a5a65636e6f9a74affeea806bcf09eac02ea247e76efe0ec3b43,Anthracnose(102),4,0.9999999999999841,0.16666664557025804,0.16666666061462465,0.16666663004676596,0.16666669974747592,0.1666667352451171,0.16666662877575833
70,3ef013d5f0debd3c0009d499042afdfccddd172f2f3d546673ea68e2fd2e2b67,Anthracnose(102),4,0.9999999999999968,0.16666665789665816,0.16666666413115558,0.16666665148237866,0.1666666803821705,0.16666669513135177,0.16666665097628533
71,2da6cee7ddfb4df7e13f8023996282d0674cc97a82266b79363b2fb350669039,Anthracnose(102),4,0.999999999999997,0.1666666583858959,0.16666666427747917,0.16666665232574646,0.16666667962209336,0.16666669354690003,0.1666666518418851
72,bc719ad565e44939b9132f900527f7ee569ec60cfc17934216f6e54dd0072b5e,Anthracnose(102),5,0.9999999999998708,0.16666672801714452,0.16666668419885367,0.1666667732903157,0.16666657034175614,0.16666646708808677,0.16666677706384328
73,2858207fd6d9594cb1591ab9b20552e7160aa85c23d2ec1c45862a9b2bdeb196,Anthracnose(102),5,0.9999999999999986,0.1666666717119522,0.16666666808556851,0.166666675479395,0.1666666587033533,0.16666665020390814,0.16666667581582287
74,5b9d6f4568ebbc04e61f72cc08f8544c7e6d4d2071890f18bdca40b37f44cbc4,Anthracnose(102),4,0.9999999999999702,0.16666663744687812,0.1666666582805092,0.16666661595511623,0.16666671247740503,0.16666676164134428,0.16666661419874715
75,8b882053c72fc295ef9e426dfbeb193d8f2caf317a01bb71c76957aa22f46aee,Anthracnose(102),4,0.9999999999999971,0.1666666589126043,0.1666666644156951,0.16666665326012262,0.16666667877589136,0.1666666918126535,0.16666665282303308
76,a2f6a97a093305d1550915573f4855505fc681212c5a9a71c317c85da30b8162,Anthracnose(102),4,0.9999999999999903,0.1666666503751701,0.16666666198831906,0.16666663840295265,0.16666669219998398,0.1666667196072547,0.16666663742631946
77,bfdd8450c1d8abe464a06e9d5ebda7254472166b3158ea5e3e7f4a7fd7155699,Anthracnose(102),4,0.9999999999999974,0.16666665897921248,0.1666666644328768,0.16666665337485467,0.16666667867101653,0.16666669159772904,0.1666666529443105
78,973ddf619d81b1afbe19055b63fc686f960d76d7e303ca7f543fad3183261198,Anthracnose(102),4,0.9999999999999777,0.16666664152972102,0.1666666594607548,0.16666662302494076,0.16666670609156303,0.16666674838870035,0.16666662150432002
79,cb3a47e744eb9bafad547c5875d6d98a02c241fd457c7c946c3f20e45284ad2e,Anthracnose(102),5,0.9999999999999913,0.16666668188512426,0.16666667098716062,0.16666669316782567,0.16666664272233542,0.1666666171009982,0.16666669413655577
80,eb6a5f2204b981afd6508cebc29134f10a54a6500caea2c65df24d7397c588c0,Anthracnose(102),4,0.9999999999999658,0.16666663527907485,0.16666665766839142,0.16666661217240272,0.1666667158951254,0.16666676871062794,0.1666666102743777
81,a01a9e9a233523ae14d183bdf3764c3e0ccfbab8c44ead132f24782452c58286,Anthracnose(102),4,0.9999999999999747,0.16666663988017025,0.1666666589838533,0.16666662016807196,0.16666670867190136,0.16666675374366996,0.16666661855233308
82,53b45a4e974e864151010bcd544dedf0a3e82773a9c9f18ae0d6b0a1a6082cd6,Anthracnose(102),5,0.9999999999999863,0.1666666860397566,0.166666672192016,0.16666670036374687,0.16666663622503838,0.16666660361212957,0.16666670156731261
83,ca89f85e2b4dca162df0ac5f41c709c97b911bd20d085e2daffced760c608a6a,Anthracnose(102),4,0.9999999999999731,0.1666666389267448,0.16666665871160588,0.16666661851244347,0.16666671016803228,0.16666675684350632,0.1666666168376673
84,d914801a983fa90a2f052795c9b82ff373000317da2f1ff3b18b84b80ea7cc52,Anthracnose(102),4,0.9999999999999815,0.16666664377218246,0.16666666009778106,0.16666662692857387,0.1666667025644505,0.16666674108671484,0.16666662555029726
85,a593910c96e80e9cbaff3ed8b8a97207be01ba860c9028cd208632aeaf61272c,Anthracnose(102),4,0.9999999999999726,0.16666663867819564,0.166666658638243,0.16666661808390862,0.1666667105547426,0.16666675764830927,0.1666666163966008
86,aeba464259d7ae528fef09eaabd5736ae27beb90f23e3fd420e25130cd6a6213,Anthracnose(102),4,0.9999999999999946,0.16666665479572654,0.16666666324143697,0.16666664609425705,0.16666668524824113,0.1666667052184385,0.16666664540189982
87,25eca3ec50191a7872ec3c597ebcf0c3e24564be82e88f2c03a510db5bc4b9c3,Anthracnose(102),4,0.9999999999999943,0.16666665445960507,0.1666666631320231,0.16666664554774777,0.16666668574361754,0.16666670626797317,0.16666664484903332
88,667bd286fc83ca608fd691e2a6efb38550d5e5919d26d032f981c63834a0f7d2,Anthracnose(102),5,0.9999999999999938,0.16666667931192036,0.16666667025528953,0.16666668869486248,0.16666664676489013,0.1666666254721031,0.16666668950093438
89,843587f031469f61a1910a637fc1064de079a62eab4405b5ee157bebf76b6cd9,Anthracnose(102),4,0.9999999999999826,0.1666666444617864,0.16666666029003835,0.16666662813678673,0.1666667014726458,0.16666673883235097,0.1666666268063917
90,31070ff0506dbf74df3cd6a0e3cd5d36315a9925bd4f8db2dcb6183ff16739fd,Anthracnose(102),4,0.9999999999999474,0.16666662763551654,0.16666665548239815,0.16666659889553248,0.1666667278903451,0.1666667935672358,0.1666665965289719
91,02d266bb26f021470c32032d8bb250b3505de67b300b618370a0ede3f3dd0751,Anthracnose(102),5,0.9999999999999992,0.1666666682472341,0.1666666670994452,0.16666666944774114,0.16666666415215345,0.16666666148675646,0.16666666956666973
92,6261a30632cd26d65c619d51e48bc568cc0e25763c74a098b94528b00176ed8e,Anthracnose(102),4,0.9999999999999666,0.16666663569885928,0.1666666577871033,0.1666666129052877,0.16666671523312776,0.16666676734121333,0.16666661103440872
93,40ead8c4ecf9efea4dd351c1c2debfeb63a3658bb7f1682e6a210615fa225fd8,Anthracnose(102),5,0.9999999999998862,0.16666672423168477,0.1666666831194979,0.16666676670086417,0.16666657629358878,0.1666664794151025,0.16666677023926196
94,f605a8032c6398efc8a327a178cb14de1da5db37dea9132f4523c723e4020b3b,Anthracnose(102),5,0.9999999999998799,0.16666672574776198,0.1666666835592621,0.1666667693307583,0.16666657391998962,0.1666664744878219,0.166666772954406
95,aef1ec1b5a1dd5c6ab9ac099e04fb71a7afeac149427c1d3a9c99726bdefdc7d,Anthracnose(102),5,0.9999999999999007,0.16666672039145308,0.1666666820244977,0.1666667600185855,0.16666658232981937,0.16666649191736263,0.16666676331828165
96,c1374f61d77b18a22f54e02106734c0c6788ddb35ed4a3fee171a4ceeb925a2f,Anthracnose(102),5,0.9999999999999544,0.16666670287418842,0.16666667701257698,0.16666672958713208,0.16666660982166062,0.16666654888829677,0.16666673181614503
97,19f83d896e15b814cb852db25a81343959504580b3e0675d34617f90cbd0b3e4,Anthracnose(102),4,0.9999999999999895,0.1666666496523863,0.1666666617598785,0.16666663718439095,0.1666666932979998,0.1666667219167921,0.16666663618855232
98,0a18860068ccfd5e13d9bb32f2f599f139100adb8ad27892ec562f8ac243a43c,Anthracnose(102),4,0.9999999999999944,0.16666665465845196,0.16666666320888177,0.16666664584690494,0.16666668547317226,0.16666670567441821,0.1666666451381709
99,40480a267715f281b8ae1820debe400e56970c7576b126bc0f520f28da0f7cb8,Anthracnose(102),4,0.9999999999999744,0.1666666396426223,0.16666665891303345,0.1666666197626327,0.1666667090383278,0.1666667545078971,0.1666666181354867
100,ca98756896f96b4219f363667c1ab9b547aa0bc922602119f2c3649fdf279575,Anthracnose(102),4,0.9999999999999831,0.16666664481883325,0.16666666038559458,0.16666662876921112,0.16666670090064828,0.16666673765753237,0.1666666274681805
101,75221d776e3f05dde6026f1d39799a0f33c8c0ab1696c0a4a68f1ea7c1829633,Anthracnose(102),4,0.999999999999981,0.16666664347971838,0.16666665999676764,0.1666666264574136,0.16666670298949438,0.16666674199585138,0.16666662508075453
102,48ab046e600edf59372e25d8f307e1dce30e6e5b93cbc241e6c75f8be0ab5e93,Bacterial-Spot(752),4,0.9999999999999934,0.1666666536857813,0.16666666293240068,0.16666664415090787,0.16666668700487025,0.16666670884514306,0.1666666433808968
103,858299f30f991ef5860b3da40fb790c68d29350c4c3dfb24830ae8ada54fae9c,Bacterial-Spot(752),5,0.9999999999999929,0.1666666802708514,0.16666667053551668,0.1666666903428214,0.1666666452750693,0.16666662237442764,0.1666666912013137
104,6c0514015e7c366e4a5a06bf4ca64368927b6eb04832265c38d3dea033bdb1e6,Bacterial-Spot(752),5,0.999999999999963,0.1666666991824671,0.16666667594753112,0.1666667231894965,0.16666661560029394,0.16666656087723652,0.1666667252029748
105,4097d0f7327d52a3240ee4197c70ab6a6d59809e2a208105adf30c32a0ea0f1e,Bacterial-Spot(752),5,0.9999999999999188,0.16666671517485862,0.16666668052598702,0.1666667509733791,0.1666665905020923,0.16666650886309922,0.16666675396058378
106,52466e9a00a693918eac5c6fdb17f480ec48d7f107751af820c67fd51ffeaf78,Bacterial-Spot(752),5,0.9999999999998759,0.16666672681878375,0.16666668385141256,0.16666677121209794,0.16666657221764605,0.16666647098207532,0.16666677491798432
107,907a60c0245a6215cd18655d3f58071d11fd0eb0ee792f30cf61dad536efe702,Bacterial-Spot(752),5,0.999999999999971,0.16666669543669746,0.1666666748867697,0.16666671666951122,0.1666666214932695,0.16666657307283064,0.16666671844092143
108,e5c1a3a698182772be3ac4147f1ad4b6d87e22aa7397a31df25bf7a786421a2d,Bacterial-Spot(752),5,0.9999999999999779,0.16666669169663292,0.1666666738064635,0.16666671019190954,0.1666666273443371,0.16666658521428065,0.16666671174637634
109,f5e89e8a029a6957f03c62fadb84d0722a90f0af05332d5175e7ec897d2b78b7,Bacterial-Spot(752),5,0.999999999999999,0.1666666692083037,0.1666666673710513,0.16666667112674197,0.1666666626357377,0.1666666583501292,0.16666667130803606
110,deadbba5b224bdfb24df640ab8dbdcc6c0f2b8b629cf69135824ee12333bcdd5,Bacterial-Spot(752),5,0.9999999999999876,0.1666666851675914,0.1666666719450863,0.16666669884339305,0.16666663759869918,0.1666666064545548,0.16666669999067527
111,f6ad3b65ec33d933b1bb54cdc62e5d74aab850783ca9fc4772d2bc6707ca506e,Bacterial-Spot(752),5,0.9999999999999556,0.16666670245848145,0.1666666768961971,0.16666672887360534,0.16666661046958547,0.16666655022887436,0.16666673107325633
112,325014be21cc74fe21b625624314ac694aaea73561f39e18636ffc7ce15a0919,Bacterial-Spot(752),5,0.9999999999999933,0.16666667986859232,0.16666667042487063,0.16666668963847447,0.1666666459124306,0.1666666236885439,0.16666669046708807
113,0bb310b669349a82aac67ad3d1930eb2df3a382eabb93689a6235bd4c078dcd8,Bacterial-Spot(752),5,0.9999999999998879,0.16666672378676164,0.1666666829960073,0.16666676592322632,0.166666576997007,0.16666648086712094,0.16666676942987682
114,15bd56e611da5a8061772fcce85203b6d5273f50d2bd786583dc7955c21a4a04,Bacterial-Spot(752),4,0.9999999999999989,0.16666666388438392,0.16666666585504436,0.16666666185891624,0.16666667100776705,0.16666667568691082,0.16666666170697753
115,0c234eb7e69c4981dcca060bbb41e1f296bb4e21e11946cb14818442a3ae5424,Bacterial-Spot(752),5,0.9999999999999871,0.16666668559537975,0.16666667204909394,0.16666669961232305,0.16666663690031677,0.16666660503546835,0.16666670080741822
116,6bb18d66df9445e928aea45a3ffc359b84f64211425fd6cb3297c1d5e0a2e525,Bacterial-Spot(752),5,0.9999999999999317,0.16666671117361295,0.16666667938121552,0.16666674402005036,0.16666659678323584,0.16666652187906547,0.16666674676281992
117,d2e0509f425af8f13c9d018be481ddcc15d034fd1e25e3df24acf9d77451ecef,Bacterial-Spot(752),5,0.9999999999999809,0.1666666898656903,0.1666666732765142,0.1666667070181548,0.16666663020991296,0.16666659116173665,0.1666667084679912
118,aa1a1cb5f11e0ebdc5e15da320b3153aa5e5e50d36fe836dea9d696c85d55bc9,Bacterial-Spot(752),5,0.9999999999999987,0.1666666710742094,0.16666666789587714,0.16666667438226557,0.16666665969316743,0.16666665226633132,0.16666667468814905
119,8f4674bb8ddd82b3f1691b1c4ac497ad12d5928da750ac9d37ef697c58ee736f,Bacterial-Spot(752),5,0.9999999999999326,0.16666671082604548,0.1666666792916086,0.1666667433964553,0.16666659734720166,0.16666652303184465,0.16666674610684423
120,bd1eb56995967cc2fd0d05a0c992dbea937e1eb8e30144f7467ff2fbea8ac357,Bacterial-Spot(752),5,0.9999999999999676,0.16666669720721441,0.16666667538293045,0.1666667197618717,0.16666661869797428,0.16666656729639973,0.1666667216536093
121,cb78dff27c7cb5dbb1633e52f1c28d3aebe1f16b5bed6535619c1ae524191f40,Bacterial-Spot(752),5,0.9999999999999153,0.1666667162375168,0.16666668083230796,0.16666675281327253,0.16666658883969668,0.16666650541424335,0.16666675586296262
122,6dfc577f199074011891af23a0fb219d634abfc86bb618faa56ee78c49e55f67,Bacterial-Spot(752),4,0.9999999999999978,0.16666666041488518,0.16666666484886547,0.16666665585737675,0.16666667642838423,0.16666668694173017,0.16666665550875812
123,5b70c33067970db2c1e0ecb4782b04a3f37e9cacca404fe965b1fa28a6de9feb,Bacterial-Spot(752),5,0.9999999999999616,0.16666669992290123,0.16666667616671932,0.166666724474267,0.16666661444312478,0.16666655846930636,0.16666672652368134
124,259da5c39b0912d8f77d287d5ffb09773cb3182b26e647e6f688a670b1453f0e,Bacterial-Spot(752),4,0.9999999999999953,0.16666665590512125,0.16666666356445262,0.1666666480159524,0.16666668351381791,0.1666667016160239,0.16666664738463186
125,6587ff6a6f79c156fbfceaf280d76aea71124b4b029a566805f70cbb75162c26,Bacterial-Spot(752),5,0.9999999999999923,0.16666668092602122,0.1666666707398851,0.16666669144761823,0.1666666442781983,0.16666662028131443,0.16666669232696274
126,c3582fda2c562cc4f6f230778868cd8ddc9d1564b1c4f0159215b9365bb3ffa1,Bacterial-Spot(752),4,0.999999999999999,0.1666666647895797,0.1666666661165585,0.16666666342647873,0.16666666959180143,0.1666666727485993,0.16666666332698224
127,fb900a151a1adbde17aaa0b5edce371399c6474abaa8ae9e15ebf413e4835266,Bacterial-Spot(752),4,0.999999999999967,0.16666663599638462,0.16666665788210958,0.1666666134004455,0.16666671478600037,0.16666676639833916,0.16666661153672066
128,030fc1553314dac97aabae497ebce0eb735cb475f880ed752db761fb11624fbc,Bacterial-Spot(752),5,0.9999999999999885,0.1666666844888821,0.16666667177961822,0.16666669759680083,0.16666663872443643,0.16666660873940964,0.1666666986708528
129,a1012b524ae0a91929be0866cf19d70413f114a5c38e50fc3d508bace9cbd99d,Bacterial-Spot(752),5,0.999999999999999,0.16666666961501142,0.16666666750945533,0.16666667178543887,0.16666666204123565,0.16666665708194972,0.16666667196690899
130,235cbfa8f4e10ceacfe20c7b3852c330151e69a22ba1718cca376cd873dec9a8,Bacterial-Spot(752),4,0.9999999999999732,0.16666663908170573,0.16666665876304687,0.16666661876456954,0.1666667099400566,0.16666675635919032,0.1666666170914308
131,12bcde2cf9e3305e4cae12f324d2a46bcc2c676dafdaf054a16ddf4f21257207,Bacterial-Spot(752),4,0.9999999999999859,0.16666664683865445,0.16666666098358088,0.16666663223870729,0.1666666977677807,0.16666673113296943,0.16666663103830726
132,036e5a72b4ae0e81b3004014757c5911f3aa04526bf11d3a6f3d2228fb65bfcc,Bacterial-Spot(752),4,0.999999999999971,0.1666666378948027,0.16666665842628633,0.16666661669722752,0.16666671180793294,0.1666667602254282,0.16666661494832224
133,fef45d6b12ef2dd5dc42bf4bbac9ada9a46027074e16245b0a370064da710e1f,Bacterial-Spot(752),4,0.9999999999999747,0.1666666399011935,0.16666665899319907,0.16666662019714287,0.1666667086456602,0.16666675368384318,0.1666666185789612
134,a897c042610487adfbff5755bdbba72e8e1ac9fde01ee6001ae723587b054193,Bacterial-Spot(752),4,0.9999999999999586,0.16666663209727622,0.1666666567593629,0.16666660664265193,0.16666672089088316,0.16666677906124025,0.1666666045485856
135,76299a4c6ba94ec8ddeb3f0f177e7cd6d9966c55f7352c98b8350cbe8fc7bb97,Bacterial-Spot(752),5,0.9999999999999987,0.16666667120943415,0.16666666795477725,0.16666667458129586,0.16666665951572945,0.16666665186656526,0.166666674872198
136,0a1daf4c0b6f3558cc36011fa436e25e3026c45004675d8ed32c8fd87d60b161,Bacterial-Spot(752),4,0.9999999999999947,0.16666665498139915,0.16666666330555005,0.16666664640411796,0.16666668497114828,0.1666667046278565,0.16666664570992815
137,fb22d45e69ef33e6d54ddcebb248fb8d98b91e533b221ae64bdea0b9b576b5a6,Bacterial-Spot(752),4,0.9999999999999718,0.16666663820633495,0.16666665851787502,0.16666661723634255,0.16666671132170166,0.1666667592142797,0.16666661550346612
138,8c5ec9cde7f5a5fa84961c5a4552b16ecbf329524c61a29eb7526cb42e977c6d,Bacterial-Spot(752),4,0.9999999999999858,0.16666664679441154,0.16666666098549887,0.16666663213163907,0.166666697865227,0.16666673131108378,0.16666663091213976
139,14edf8ec0bd2c2ed2b7d87ce5df61062c4dcef05f889467880f1017070800aa4,Bacterial-Spot(752),4,0.9999999999999769,0.1666666410298349,0.1666666593224446,0.16666662214577446,0.16666670688580743,0.16666675002677453,0.1666666205893641
140,d9b4a6568f87d8765d4cc63465b06495745a538b29dc51671ba64e0a3dc337db,Bacterial-Spot(752),4,0.9999999999999881,0.16666664849933394,0.16666666146199924,0.16666663511681384,0.16666669516783622,0.16666672573977082,0.16666663401424595
141,c04591f964a4c06637139bb4818258df71ce0f3fda614996a6dab3f289cae9a5,Bacterial-Spot(752),4,0.9999999999999698,0.16666663722312636,0.16666665823976487,0.16666661551946324,0.1666667128723967,0.16666676242217768,0.16666661372307118
142,fb2e1222afce16c30923a5f43d0d8440a3b4106227c8d8463d512d8b7c5e7d68,Bacterial-Spot(752),4,0.9999999999999929,0.16666665304478373,0.16666666276278116,0.16666664301095488,0.16666668803585752,0.16666671095958105,0.1666666421860417
143,6ba562fd2a5d6fcb2a6037a7c9dcbaf409f58add812b23d9a69a85f82ddefb46,Bacterial-Spot(752),4,0.9999999999999805,0.16666664309318785,0.16666665991463236,0.1666666257264344,0.1666667036511075,0.16666674332056297,0.16666662429407494
144,8a9f784a35ddbbf8d13eb29f1a14873f276c48625a825bafdea7d701b81881e2,Bacterial-Spot(752),4,0.9999999999999847,0.16666664594421296,0.16666666072629907,0.16666663068550447,0.16666669917037813,0.1666667340414493,0.166666629432156
145,298cbb353e435c5fc8217805d52f91d6687587dab27df480877117003518b5b9,Bacterial-Spot(752),4,0.9999999999999917,0.1666666517724692,0.1666666624038204,0.1666666407927371,0.16666669004064233,0.16666671510617956,0.16666663988415142
146,87c789eb151e620cf93d48fa0d738261ab7396714dd1da4e2822da5ed3a9dd76,Bacterial-Spot(752),4,0.9999999999999987,0.1666666625760162,0.16666666550237183,0.16666665954869986,0.16666667309761238,0.1666666799835263,0.16666665929177346
147,ebd7c5baa89fa5bc0c537fb26a08e640abcb7fe103580e771992cdf43401c3be,Bacterial-Spot(752),5,0.9999999999999968,0.16666667534765892,0.16666666915549375,0.1666666817388915,0.1666666530510934,0.16666663844319068,0.16666668226367184
148,00b974f849d83ded15824b38f280cd6652b1f283489b6a17bf3c19db179f8c95,Bacterial-Spot(752),4,0.9999999999999682,0.16666663656863231,0.16666665804853517,0.16666661439023364,0.1666667138922421,0.16666676454200804,0.16666661255834858
149,fa5fdbb476d371382ce6f07ab01357346cedb43c4ae0790358e78d3023e0dbd6,Bacterial-Spot(752),4,0.9999999999999737,0.16666663920125707,0.16666665879956138,0.166666618969891,0.16666670975523615,0.166666755972786,0.1666666173012685
150,47c423adb7e7b71938c361aa3683a8201e5c427965a0753c58bc021b854a94c0,Bacterial-Spot(752),5,0.9999999999999925,0.16666668082939706,0.16666667071165364,0.1666666912807973,0.16666664442883142,0.1666666205943971,0.1666666921549234
151,f365c651fd70aa0a68e7f94c9c66dbd213dfe59f03375461caa958c076ae367d,Bacterial-Spot(752),4,0.9999999999999665,0.16666663565668527,0.1666666577844425,0.1666666128123772,0.16666671531748758,0.16666676750067172,0.1666666109283358
152,1425c426f3b23af30eeb9e08db73ee04a48d831b4939d4bff7f63a218c53b765,Bacterial-Spot(752),4,0.9999999999999896,0.16666664974503428,0.16666666181389259,0.16666663729050413,0.16666669320396485,0.16666672167746144,0.1666666362691429
153,4fd5b6c378cc095170f5ac033de50819a54c95a7b75b3f996550dd8752fc9213,Bacterial-Spot(752),5,0.9999999999999597,0.16666670069396822,0.16666667640829752,0.1666667257689663,0.16666661327418922,0.16666655601260244,0.16666672784197628
154,9866a52283531cdebd1007328fdb54a5e36e02fa0f73f17ca3ae15fc016f7fd6,Bacterial-Spot(752),5,0.9999999999999939,0.16666667918933917,0.1666666702454284,0.16666668842488658,0.16666664700888742,0.1666666259360752,0.16666668919538316
155,d5f4d826974f2d1e60eedc71e86369dd79102aa09937f54caff5e80857d814bf,Bacterial-Spot(752),4,0.9999999999999954,0.16666665594255714,0.1666666635916069,0.16666664804647738,0.16666668348694266,0.16666670153350316,0.16666664739891274
156,1e5f0665f41cedffb0cb27d3293a28d384a89d8ac8b98502286469d25d803ca0,Bacterial-Spot(752),4,0.9999999999999938,0.16666665403773806,0.16666666303864977,0.16666664475205323,0.16666668646234012,0.16666670771202777,0.16666664399719117
157,3b0cb7c0b59fa67988587ce58ef28e727f766ed8308386540a8eb293b60ad9d1,Bacterial-Spot(752),5,0.9999999999999651,0.16666669830779032,0.16666667570716673,0.16666672165500426,0.1666666169883016,0.16666656373829652,0.16666672360344062
158,0041a5045f01e89035ea2fd705b63bade00b4fa33ba70567830dd927e74d4d4f,Bacterial-Spot(752),4,0.9999999999999981,0.1666666607766997,0.16666666495690052,0.16666665647675358,0.16666667586911513,0.16666668577537813,0.16666665614515289
159,ad67513af3f296a2ccae5b8eb654e25562bae19291259b02025fdaf81c824420,Bacterial-Spot(752),5,0.9999999999999353,0.16666670995809557,0.16666667905451196,0.16666674186834332,0.16666659872893805,0.16666652587731415,0.16666674451279695
160,6b014df65b042a04e02380daa0d9cf81a6473e35c4996a77292106a5955d1d05,Bacterial-Spot(752),4,0.9999999999999937,0.16666665378040546,0.16666666297048074,0.16666664429573982,0.166666686875296,0.1666667085592533,0.16666664351882468
161,8bab5b2bc2abf9b1fc8c8ec630b5512da8a26b435f9deeb3bf9014eeb531f90b,Bacterial-Spot(752),4,0.9999999999999926,0.16666665260282795,0.16666666263011234,0.16666664225428132,0.16666668871873205,0.16666671238451966,0.16666664140952653
162,995a5c5a079ae5a5f305e1ff397362a8f7fde5abc9d0d35c56ff8b7ebd3f3d09,Bacterial-Spot(752),4,0.9999999999999925,0.16666665238320758,0.1666666625705516,0.16666664186597127,0.16666668906969023,0.1666667131064908,0.16666664100408865
163,c556da99dbf3701cba624bd294cd1a97463f1c0666c02652bb41a16ecca43335,Bacterial-Spot(752),5,0.9999999999999958,0.16666667684058326,0.1666666695804054,0.16666668433165627,0.16666665070742712,0.1666666335893241,0.16666668495060383
164,1757c856cab4514637d2a81f834b1b99429d7fc509b29cbb9430b68acc7951b3,Bacterial-Spot(752),4,0.9999999999999755,0.16666664026330846,0.16666665911410203,0.16666662079170264,0.16666670810967602,0.16666675254515143,0.16666661917605952
165,9be0ff5967de0f6fe5d63f109ce21cd13307bac35c7aca9abde7b98eaf6bcdd7,Bacterial-Spot(752),4,0.9999999999999961,0.16666665692236166,0.16666666387736126,0.1666666497403922,0.16666668195760698,0.1666666983558837,0.1666666491463943
166,5e6fa820e2fbd764b03d15d4984bf020381107e7305fa42463b59dda6bc9c9e7,Bacterial-Spot(752),5,0.999999999999974,0.1666666939109062,0.16666667443874797,0.1666667140364408,0.16666662387001654,0.16666657801587265,0.16666671572801586
167,e00876908436aebc909015e36e8c828a9b6501db9c2fbf42fceb0e13fc95e876,Bacterial-Spot(752),4,0.9999999999999691,0.16666663689078326,0.16666665813897935,0.16666661495364618,0.16666671338320926,0.16666676348999868,0.16666661314338324
168,dc725fe3c26498589ef0e3552a11e2b20b9c461be93314fac6ab880a37814708,Bacterial-Spot(752),4,0.9999999999999978,0.1666666600662031,0.166666664770992,0.1666666552106149,0.1666666770147166,0.1666666881218274,0.16666665481564596
169,a54e77335cadab76b351e1772c211913bb9459272beb1917f7e47730d08072bc,Bacterial-Spot(752),4,0.9999999999999912,0.16666665125538976,0.16666666223396207,0.16666663993679015,0.16666669081214375,0.16666671674016892,0.16666663902154522
170,096af4bca67a544705b6a865b9e18df1f0539c67cee0b736b7b4e50fbe0c21cc,Bacterial-Spot(752),4,0.9999999999999978,0.16666665977046694,0.1666666646871821,0.16666665469214453,0.16666667748245861,0.16666668908928817,0.16666665427845967
171,79b25a73bf60412d55aadfe2b6f16365e2980bdadd9f76124ebc2ee1be6ed00a,Bacterial-Spot(752),4,0.9999999999999608,0.16666663306837895,0.16666665704146366,0.16666660831956404,0.16666671937587232,0.16666677591453857,0.16666660628018232
172,e02876d00b1fc2d2f9b871275eafc336804c7e784916374d5eaa5440e1e9680a,Bacterial-Spot(752),5,0.999999999999995,0.1666666775898289,0.16666666977940406,0.1666666856635284,0.16666664950309418,0.16666663111842875,0.1666666863457157
173,cffb118890aa469c663c8b1fe64991e43afc7fe696dd00d628de0fab28e37317,Bacterial-Spot(752),4,0.999999999999999,0.16666666490204246,0.16666666615702447,0.16666666360565818,0.16666666943053346,0.16666667240113744,0.16666666350360396
174,16ae9d87231a75b27109125da54dd96f560e49921ee52ccae9184e757318d54a,Bacterial-Spot(752),4,0.9999999999999875,0.16666664806990403,0.16666666132814648,0.16666663439092483,0.16666669582247437,0.16666672711384037,0.1666666332747098
175,5ac7de980f01458a3d4155d7eba30cd1276287c81f3a2e947f66b3e21d8f4e60,Bacterial-Spot(752),4,0.9999999999999966,0.1666666579113893,0.16666666415151524,0.16666665147155876,0.16666668039205249,0.16666669512511004,0.16666665094837413
176,6a587345f2ea27e5390e1214f7d21a5f3edab2acee0a4348fb9750d0505c9cae,Bacterial-Spot(752),4,0.9999999999999967,0.16666665793257357,0.16666666417598147,0.16666665147358511,0.1666666803918672,0.16666669509530163,0.16666665093069105
177,1c81c199d05cb49ecef956cf2830b21e4a4281be98b554f5d6b51c45052f9593,Bacterial-Spot(752),4,0.9999999999999922,0.16666665226244212,0.16666666252410525,0.16666664168000603,0.1666666892369265,0.16666671347231016,0.16666664082420982
178,6a0b04ec21073d2ae0de8dc120b235ced48b2629889e0fe2e0fc2bae1aa926b0,Bacterial-Spot(752),4,0.9999999999999922,0.16666665220655397,0.16666666251359233,0.16666664157496433,0.16666668933286596,0.16666671366270705,0.16666664070931633
179,1ecdc126eb746a8d6ccc42d48244d6d65694a4d24e0da560724a57595365d873,Bacterial-Spot(752),4,0.9999999999999953,0.16666665608364314,0.1666666636362748,0.16666664828414743,0.1666666832727906,0.16666670108289153,0.16666664764025252
180,ab14990bd88a2c73adcf5c534ba14c3caa2a1b549a21ae85ec87a5890d30e35e,Bacterial-Spot(752),4,0.9999999999999987,0.16666666239520472,0.1666666654223882,0.16666665928660795,0.1666666733315099,0.16666668051333983,0.16666665905094935
181,8e089835704d27f422de6f40847b6346af287247d8023cf2ca78c17ab0e93f2d,Bacterial-Spot(752),4,0.999999999999978,0.1666666417704612,0.1666666595293743,0.16666662344290648,0.1666667057137768,0.16666674760613026,0.1666666219373508
182,7ef6dec5255c314ef487580dcd99607b2ab70aa921fc6ad335a8ee4368b90ae6,Bacterial-Spot(752),5,0.9999999999999751,0.16666669323439615,0.1666666742394722,0.16666671287963375,0.1666666249163412,0.1666665801943296,0.1666667145358271
183,d89ddd85e5ab4993c098447ee11614e9bee6a9402d25a18316d0f77b19d9617f,Bacterial-Spot(752),4,0.999999999999975,0.16666663992421876,0.16666665899710476,0.16666662024647932,0.1666667086018315,0.16666675359792052,0.16666661863244508
184,915834599ada82fb873397c39bbd52a2aa6ff165b5fefbca1ab1f39816e0788a,Bacterial-Spot(752),5,0.9999999999999137,0.16666671673910943,0.166666680978503,0.16666675368241096,0.166666588055406,0.16666650378507422,0.16666675675949644
185,a0e3b5232d7ee294c058a0d113df29a756785d46b672339166bd14b574b65251,Bacterial-Spot(752),5,0.9999999999999603,0.1666667004857861,0.16666667631732057,0.16666672546700897,0.16666661354421466,0.16666655662253804,0.16666672756313158
186,5445c2489944d73fd09213099b1e587cbb4465417467784cd23fac4654db28f5,Bacterial-Spot(752),5,0.9999999999999305,0.16666671157239468,0.1666666795021495,0.1666667447059833,0.16666659616557794,0.16666652058904252,0.16666674746485202
187,f0c8fdb0bbb321663ff40a06ee6ddc35e91cecfbadecfaccc7b77bf9ff753d9c,Bacterial-Spot(752),5,0.9999999999999706,0.16666669568426712,0.16666667494584192,0.16666671712055722,0.1666666210844423,0.1666665722442787,0.16666671892061283
188,a50019c9e67ec41a7e3f6403e3e50df7944d425267727f2a56022e389174c636,Bacterial-Spot(752),5,0.9999999999998945,0.16666672207826222,0.16666668250733765,0.16666676295697463,0.16666657967721754,0.16666648642135357,0.16666676635885436
189,9d7102ff9516f7b5df1c81953fd92b078faeb28fe3ef6cdae8b314c59ceaaf7c,Bacterial-Spot(752),4,0.999999999999994,0.16666665423236762,0.16666666309362652,0.16666664509339277,0.16666668615432828,0.16666670707520265,0.16666664435108228
190,b42054ba9fcb16fb1c160a92687cbcaf6b1a3e3af5fa7b614bc15a54ee10ab17,Bacterial-Spot(752),4,0.9999999999999887,0.16666664891585894,0.16666666157168814,0.1666666358611697,0.1666666944951696,0.16666672436146715,0.16666663479464644
191,40aca97ce48939265d45bef95671e95670140b86b7b28999420b1c4e7b0f1fe3,Bacterial-Spot(752),5,0.9999999999999978,0.1666666735985701,0.16666666863489127,0.16666667873608926,0.1666666557614666,0.16666664409184584,0.166666679177137
192,dfc90a637d5d72318a4aeec38f3dd43fb81f42b06b90055188c72c1a0c63bd7f,Bacterial-Spot(752),4,0.9999999999999848,0.16666664607473627,0.1666666607544092,0.16666663093350667,0.1666666989463647,0.1666667335926125,0.16666662969837065
193,c6ab0b6906047318997627892ca1182d1343687a1c988a1a6db1dc25f0d68795,Bacterial-Spot(752),4,0.999999999999979,0.16666664230428138,0.16666665967490515,0.1666666243840244,0.16666670486294777,0.1666667458545256,0.16666662291931586
194,1c4ba79802fd256a90e3750da8769d3aee5488f7eccfaba9a50dc3792367f3c4,Bacterial-Spot(752),4,0.9999999999999879,0.16666664828815983,0.1666666613910243,0.16666663477254817,0.16666669547849294,0.1666667264008766,0.16666663366889825
195,ae618b2b25ad2eda92854cc0bc8d8db2801a94d86499f3b3e8a803dc7f147ea7,Bacterial-Spot(752),4,0.9999999999999927,0.16666665271831183,0.16666666265995786,0.16666664246449844,0.16666668852933905,0.16666671199774047,0.1666666416301523
196,4789bc58b53a2f033adfcd3a03149f023c12f59b624796366fea114e83d56311,Bacterial-Spot(752),4,0.9999999999999972,0.16666665900916422,0.1666666644963562,0.16666665332566033,0.1666666787209893,0.16666669161374253,0.1666666528340875
197,51133c4e59034caf978f277493e503d54e92b7a761b57f610f358e12854f1212,Bacterial-Spot(752),5,0.9999999999999957,0.16666667696239268,0.16666666957905174,0.1666666846192499,0.16666665044608053,0.16666663310682484,0.16666668528640033
198,e8264e01272c2b154787e534ff1ba761e770c949ba846b7ffb4fb89ed830e6b0,Bacterial-Spot(752),5,0.999999999999996,0.1666666765163337,0.1666666694729966,0.1666666838049119,0.16666665118401858,0.16666663460166864,0.16666668442007063
199,771bcbc1e788a72984526b57e5f76eaedc3f6e90f0aa912abe578fd0024f56fa,Bacterial-Spot(752),5,0.999999999999996,0.16666667649841246,0.1666666694585089,0.16666668379357885,0.16666665119389198,0.1666666346374186,0.16666668441818921
200,ac1d779c5bd568dfc716b5ca86d340935e3fddbe6929277d462296ac5b7e6c50,Bacterial-Spot(752),4,0.9999999999999926,0.1666666525094266,0.16666666258726068,0.1666666421298218,0.16666668883138688,0.16666671264491228,0.16666664129719186
201,03073894a1cbf14826ef6fd0d105de0d42d81fa2d48fca235d2bd4ea32e68f83,Bacterial-Spot(752),4,0.9999999999999926,0.16666665264750125,0.16666666262869026,0.16666664236398948,0.16666668861953715,0.16666671220253548,0.16666664153774646
202,b5c361df90e3d81a7d78005c71580f7b4459298a444c52268c22d9bc398a3d68,Bacterial-Spot(752),4,0.9999999999999849,0.16666664617023044,0.1666666607896434,0.16666663108323473,0.1666666988115584,0.16666673330029852,0.16666662984503458
203,08a59bea56280b1bb4ab2c44bd477dca8f32cc1aa5fef29986ddccb47d877ae5,Bacterial-Spot(752),5,0.9999999999999872,0.16666668545249277,0.16666667202023885,0.16666669934870174,0.16666663714124244,0.16666660551655102,0.1666667005207733
204,ca5f512d22dd161bfd9ba58f9468c946a3024c824a539eb4ac91b2b98c8cf79f,Bacterial-Spot(752),5,0.9999999999998773,0.16666672644912645,0.16666668376288118,0.1666667705421229,0.16666657282555217,0.16666647221494632,0.166666774205371
205,a8fe80349a397ac750123883848396ad13a34406156e7fb170341e67e049e947,Bacterial-Spot(752),5,0.9999999999999329,0.16666671067894828,0.1666666792341119,0.16666674317466318,0.16666659754725116,0.16666652347172248,0.16666674589330294
206,fb5fa516100141749d280b51cd3d266407a56e6d57dab2efe529e723dc874ac9,Bacterial-Spot(752),5,0.9999999999999978,0.1666666735208694,0.1666666686048108,0.1666666786153431,0.16666665586969792,0.1666666443286276,0.16666667906065114
207,61066aeb98e032cdd7dbcccd72d1cc9c7a2da9025974346c686a2e8e446b5f3d,Bacterial-Spot(752),5,0.9999999999999901,0.16666668307901264,0.1666666713513244,0.16666669519848795,0.16666664088969685,0.16666661326699908,0.16666669621447905
208,0252ddcca2cac25fa8f77b98d83cac862aee778a8399a08e661ab8eae62f18e6,Bacterial-Spot(752),5,0.9999999999999988,0.1666666704549847,0.16666666772497335,0.16666667329775495,0.1666666606741872,0.16666665428969868,0.16666667355840112
209,ff8d6358bdb4c341b3f539d7e950c4a5d8b342e1495fcb0798da969304f8aa86,Bacterial-Spot(752),5,0.9999999999999624,0.1666666995501092,0.16666667604144828,0.1666667238584145,0.16666661499703228,0.16666655964644037,0.1666667259065553
210,4b20096a6dd258330f1b0587721192c9dee3c61451fb68ed8da6b52da2c8d0a4,Bacterial-Spot(752),4,0.9999999999999988,0.16666666224619942,0.16666666537085056,0.16666665904887962,0.16666667354645653,0.16666668097365941,0.1666666588139546
211,c0d15011e320af8a621297b842e4a509c8c3d10b63c9ed3f43032789f1786d06,Bacterial-Spot(752),5,0.999999999999996,0.16666667640534039,0.1666666694166181,0.1666666836572208,0.16666665131490233,0.16666663491209158,0.1666666842938269
212,253ebc73ea648bbd4192fde4fa9e6744d815f1aac544037803fc7c47158ad4ee,Bacterial-Spot(752),4,0.9999999999999986,0.1666666615968992,0.16666666517943363,0.1666666579283549,0.16666667455749828,0.16666668307736923,0.16666665766044478
213,f6e2f7f2d7c14049d07ea9f94152ee9c56a8f6afb417719d3064b5eb5c65ce82,Bacterial-Spot(752),4,0.9999999999999778,0.16666664155254057,0.1666666594624318,0.16666662307210178,0.1666667060481558,0.16666674830618808,0.16666662155858203
214,8da7061c80ba2158574964abe8bfd8b7d4743786b508cccbea5c5d01835aaf5f,Bacterial-Spot(752),5,0.9999999999999871,0.16666668548131833,0.16666667202941385,0.1666666993874584,0.16666663710412527,0.16666660543669937,0.1666667005609848
215,d177b0b1cf6f29377e24d652a28a7d8651681434be3b5841fb189265ca763bff,Bacterial-Spot(752),5,0.9999999999999982,0.16666667221605366,0.16666666821718307,0.16666667638083352,0.166666657888266,0.16666664853535565,0.1666666767623081
216,959072340b1200d5a1a3eb3dda13d0d10cc85285e2ce4720294e52d11289ed0f,Bacterial-Spot(752),5,0.9999999999999829,0.16666668867191617,0.16666667293682821,0.1666667049485366,0.16666663208157229,0.16666659503844866,0.16666670632269803
217,4adde1744d559f72d97f3d8e51e63b8f54866565faca9819965687391581629a,Bacterial-Spot(752),5,0.9999999999999983,0.16666667184740852,0.1666666681109764,0.1666666757418464,0.16666665846547715,0.16666664973266473,0.16666667610162678
218,a993029b617016c9d19efae81ec66a035e694d0510823c7695a1e3b38a500159,Bacterial-Spot(752),5,0.999999999999997,0.16666667491604442,0.1666666689958139,0.16666668106046745,0.16666665366138853,0.16666663976637222,0.1666666815999136
219,55dcb4982211b19cb90523255b01f2c839eab023cd336cf0ae241db5ff1300d1,Bacterial-Spot(752),5,0.9999999999999991,0.16666666838493985,0.16666666712956543,0.16666666970379052,0.16666666391984356,0.16666666102004882,0.1666666698418118
220,4b28fed650be462f4db9ec009b32febb49b8fd1505c4817169709d1272fb1807,Bacterial-Spot(752),5,0.9999999999999982,0.16666667207345712,0.16666666818021944,0.16666667612478595,0.16666665811967507,0.1666666490086165,0.16666667649324604
221,1004293482e1db45f76a8d5a3dcbc8378d18b0bb130c172a344cb72531613635,Bacterial-Spot(752),5,0.9999999999999818,0.1666666892181616,0.16666667309972066,0.16666670588429158,0.16666663123662928,0.16666659327686964,0.1666667072843272
222,82b5fe994bd70f7bceb43e9b52524a803482dce8d30edd6ee4fad7467e286230,Bacterial-Spot(752),4,0.9999999999999578,0.16666663179758076,0.166666656666012,0.1666666061415057,0.16666672134411165,0.16666678001336466,0.16666660403742511
223,ff08ecf9df90f8003a34b0f6eba5ac71f880a5132b6a4f3e6ba5c22826306db6,Bacterial-Spot(752),4,0.999999999999984,0.16666664550175367,0.16666666058961815,0.1666666299405999,0.1666666998434847,0.1666667354531803,0.1666666286713632
224,f0582ce45f81aa4661c4b3375479b9c79febc50803a92bcd57401487bd8c67a4,Bacterial-Spot(752),4,0.9999999999999991,0.166666665821074,0.16666666640268046,0.1666666652459902,0.16666666794966217,0.16666666936157026,0.16666666521902285
225,5b0d042491d21ae067f0fcfa7e5c2c5dd941462bc1423906b7f3abbc95fa6080,Bacterial-Spot(752),5,0.9999999999999528,0.16666670351852655,0.16666667719834444,0.16666673070467208,0.16666660881239603,0.16666654679466025,0.16666673297140058
226,b9457ccce4fb0a966c26b903afd2b46ec6e1316400a84d4d187d2919b5d10c56,Bacterial-Spot(752),4,0.9999999999999987,0.1666666621285992,0.16666666534283708,0.16666665883687462,0.16666667373915472,0.1666666813644517,0.16666665858808263
227,9e30582346a65cc49db3534473272a57628e2eb37d9bb5c90a53b915237e7558,Bacterial-Spot(752),4,0.9999999999999958,0.16666665661954996,0.16666666377102227,0.16666664925726843,0.1666666823936038,0.1666666992917246,0.16666664866683104
228,b61c08df6111cd5d844142aa30e9a26e588050c3c14872b643063e5ab52ec95c,Bacterial-Spot(752),4,0.999999999999999,0.16666666413260106,0.16666666590731322,0.1666666623346071,0.16666667057838758,0.16666667482857214,0.1666666622185188
229,df09d2d519d9d2f2a52ff67f5a5d3ff289bc34056eba3b54dead9d258edc6465,Bacterial-Spot(752),5,0.9999999999999875,0.166666685247527,0.16666667195119272,0.1666666990088186,0.16666663744656876,0.16666660616536455,0.16666670018052843
230,bf3f571e40c4549ef32a66ae6cc5a1bfee983e256e47de278a8a5ff30f7f80cd,Bacterial-Spot(752),5,0.9999999999999395,0.16666670850526644,0.16666667861014564,0.16666673940484666,0.16666660095329722,0.16666653053366748,0.16666674199277648
231,1ed9959035fc1ca8d85ab48e85febfd7df81dcccdb735a59d8707f4b20e54785,Bacterial-Spot(752),5,0.9999999999999422,0.166666707596456,0.16666667834753868,0.16666673782930552,0.16666660237603878,0.16666653348590457,0.16666674036475654
232,ce1009fe7a0b7786fa547a677b747d1c96a4c8c39069c745cf4e200b3dfbda44,Bacterial-Spot(752),5,0.9999999999999849,0.16666668707603632,0.1666666724738828,0.1666667021887419,0.16666663457433945,0.16666660021445334,0.16666670347254608
233,651612ee4cbe45d4318197f6f7f0f323817231f7509085306dbb26900904a705,Bacterial-Spot(752),5,0.9999999999999993,0.1666666672393722,0.16666666680925768,0.16666666770235564,0.16666666572923486,0.16666666475817216,0.1666666677616075
234,47d666e7b99384e37ee786b9bdfa726b8408078600ff922d6d70dfefa8afbabe,Bacterial-Spot(752),5,0.9999999999999989,0.16666666928336663,0.16666666738462754,0.16666667127379362,0.16666666250257345,0.1666666580870564,0.16666667146858238
235,aec7a953b44825972d80a154200260e6020fac01d4e5a6a40c7efd4f05a65992,Bacterial-Spot(752),5,0.9999999999999896,0.16666668351756844,0.16666667147187325,0.16666669597638314,0.16666664018803787,0.16666661182182796,0.16666669702430928
236,99eb5e7eaa623c3cbf26f7a4c84c8420ca7ef3347a45ceab9d366c1eb8714ac1,Bacterial-Spot(752),5,0.9999999999999969,0.1666666749562375,0.16666666901668648,0.16666668110711186,0.16666665361885363,0.16666663966236178,0.16666668163874873
237,e3168b4987516742fde81ae74d8c0924138e522cfb2e97878d50924d0deea087,Bacterial-Spot(752),5,0.9999999999999628,0.16666669939064374,0.16666667601188237,0.16666672355218384,0.16666661527538176,0.166666560197761,0.16666672557214732
238,b6dc18d863c145209850c1b743db838c2c1ac6f8c2c4f6aa8b068c579f144f31,Bacterial-Spot(752),4,0.9999999999999992,0.16666666518060488,0.1666666662236819,0.16666666412744766,0.16666666896101542,0.1666666714509429,0.16666666405630723
239,28f34681c933105f82c784d47ab7dad0f7045710d15339b0fc2c901e7dd715b2,Bacterial-Spot(752),4,0.9999999999999954,0.16666665608635542,0.16666666363144206,0.16666664830772215,0.16666668325287304,0.16666670105185158,0.16666664766975575
240,7c9e4d31923e6fd24c47520035ac4f39d0964ed816658f6595806570b9018b34,Bacterial-Spot(752),5,0.9999999999999437,0.16666670704205863,0.16666667820181916,0.1666667368446371,0.16666660326741292,0.16666653531280418,0.16666673933126813
241,8f97387d509651b010ea810463382b3e943afdecb70a9e42c3fa54281b7fa946,Bacterial-Spot(752),5,0.9999999999999197,0.16666671494050841,0.16666668045621405,0.1666667505750116,0.16666659086256697,0.16666650961495755,0.16666675355074143
242,aad8621d8909079977b02d6362fa992b7b8eab99a0f94d4a2486996d6dc1581f,Bacterial-Spot(752),5,0.9999999999999443,0.1666667068149755,0.1666666781320037,0.16666673645619498,0.1666666036171796,0.16666653604492876,0.1666667389347175
243,3f1b9c01d8cc91972c0dd257f32f4f9c96d318a77d3e25987996fb2722df50b1,Bacterial-Spot(752),5,0.999999999999938,0.16666670907888184,0.1666666787737206,0.16666674040391324,0.1666666000510492,0.1666665286650199,0.1666667430274153
244,5f1deaf11e5e31e98f348cb8e98403c25fedf9dea218becb197317304aa4b2b8,Bacterial-Spot(752),5,0.9999999999999659,0.16666669784170898,0.16666667555894307,0.16666672088017567,0.16666661768848803,0.16666656521410725,0.1666667228165769
245,4d8252dac6164f10fcc62fab48b061e6e00aa1e9b87922e342cc0b677cfad319,Bacterial-Spot(752),5,0.999999999999998,0.16666667284302833,0.16666666840641228,0.16666667744912225,0.16666665692352578,0.16666664652005833,0.1666666778578531
246,2448b28ab5bafb1259bd0ab26d7a4cacc47e1626c92489ae3e7e8d1944989f08,Bacterial-Spot(752),5,0.9999999999999516,0.16666670408746936,0.16666667736269525,0.1666667316965394,0.16666660791795015,0.1666665449396047,0.166666733995741
247,2bc3a6b83fc66cc6199e22b0f210e37d3f36616e70da82e484ea23b610bc1e3c,Bacterial-Spot(752),4,0.9999999999999891,0.1666666493964534,0.16666666171483735,0.16666663668434117,0.16666669375178594,0.16666672281174474,0.16666663564083753
248,aa8d33ea9e7efc54664dda89bb030273902cd477ac20ea46ef8f768df42e0928,Bacterial-Spot(752),5,0.9999999999999889,0.1666666841392935,0.1666666716374782,0.16666669707871695,0.1666666391908685,0.166666609774933,0.16666669817870977
249,ab7cdf4d226b3deb33507557ba6805afb781afe64e37a0e384cf4ad1a1d2b9b7,Bacterial-Spot(752),5,0.9999999999999629,0.16666669929733913,0.16666667597749574,0.16666672340328234,0.1666666154088942,0.16666656048657633,0.1666667254264123
250,df1c828753044cba1909db2083674fec5c4685c83c634ea0a41dd1d36513000a,Bacterial-Spot(752),5,0.9999999999999963,0.166666676178909,0.1666666693587139,0.16666668324924594,0.1666666516836899,0.16666663566518716,0.16666668386425404
251,0acb7fe3a104219395f8f941dafb718738c246dea47189537b9b93628dc189bc,Bacterial-Spot(752),4,0.9999999999999876,0.16666664801192668,0.1666666613060525,0.16666663430453987,0.16666669590090633,0.1666667272858432,0.1666666331907315
252,6284a1e260da58d378637651f2349391418c83aeb08a320de44c9f459a1bd9d9,Bacterial-Spot(752),5,0.9999999999999991,0.16666666839162117,0.16666666713780795,0.16666666970660057,0.16666666391858906,0.16666666100785585,0.1666666698375254
253,05c485dec070f8e958f3801ccaad9574e0ed39ae815aca6fe124bce482671bb0,Bacterial-Spot(752),5,0.9999999999999567,0.1666667019919545,0.1666666767483423,0.1666667280870448,0.16666661117811496,0.1666665517197065,0.16666673027483705
254,3dfe65a6778f0a974087b28432784d0fdf9e9d022894626b7c9bcf305289b303,Bacterial-Spot(752),5,0.9999999999999348,0.16666671011968848,0.16666667908167138,0.16666674219375244,0.16666659843522985,0.1666665253004708,0.166666744869187
255,4831c56d23611d49d5796a3aeb2a837e3d6c3d308549c80b021350f33aac6104,Bacterial-Spot(752),4,0.9999999999999992,0.1666666664003229,0.1666666665616839,0.1666666662589653,0.16666666703252883,0.16666666747099054,0.1666666662755086
256,8bcdb3935f816865ecefb9c4ea20e907adbd21c313021e25f8cf4276750a5090,Bacterial-Spot(752),5,0.9999999999999992,0.1666666679214437,0.16666666699116126,0.1666666689137113,0.16666666463403537,0.16666666250996298,0.1666666690296854
257,44dceabb5d5b23159d686b7a097faa9ba10dd1068ae961907d52860d3d9e7d3c,Bacterial-Spot(752),5,0.9999999999999992,0.16666666837732427,0.1666666671187943,0.16666666971149177,0.16666666391318488,0.16666666102072217,0.16666666985848266
258,7b67ef0ec56cd0a62d122f231f88386fa8cf88dff97e4765e76364e25a013ce3,Bacterial-Spot(752),5,0.9999999999999256,0.16666671314521597,0.16666667995951984,0.16666674741506102,0.1666665937167168,0.16666651550109207,0.16666675026239441
259,e6b5d8bc76d7d732397bd4ed80fd80b6870d2c725e1ac3eecbd6a2e6c5b8ffbc,Bacterial-Spot(752),5,0.9999999999999797,0.16666669061825953,0.1666666734917199,0.16666670833439265,0.16666662902279708,0.16666658870312978,0.16666670982970097
260,a588c3937d0c8cfd1d6bcf56023353b1063460a67cd86abe70ef8e89743d5ec5,Bacterial-Spot(752),4,0.999999999999999,0.16666666403730349,0.1666666658837599,0.16666666216133239,0.16666667073509667,0.1666666751472778,0.16666666203522984
261,e1c56c011b9ddfabe4220e843499f1127f28f3bacd03c286d79db56fcf1d9c11,Bacterial-Spot(752),5,0.9999999999999954,0.1666666770887016,0.1666666696187811,0.16666668483130323,0.16666665025469807,0.16666663270440843,0.16666668550210753
262,85b305344d435a66d27660bf001f0f241159a3071cb14ba1b73bf35a795ba53d,Bacterial-Spot(752),5,0.9999999999999803,0.1666666902156059,0.1666666733732988,0.16666670763935207,0.16666662965003526,0.16666659000785852,0.1666667091138494
263,ba54ee04259f616035ae3c3fb70e3b0e53e1b01485f7c497cc474d6cf4732981,Bacterial-Spot(752),4,0.9999999999999966,0.1666666574436168,0.16666666399202545,0.16666665071576664,0.16666668107443044,0.16666669658153893,0.1666666501926218
264,7b72fb029e1f6d912a305c0208a346eb0aa721638389902e5af7a64a392b4aa6,Bacterial-Spot(752),4,0.9999999999999895,0.16666664973162912,0.16666666179566503,0.16666663729797032,0.16666669319672858,0.16666672168605864,0.1666666362919483
265,7e2b5e54d0c2f281573aa043cfa9a5c9f4ad902bb19f80c3f4c317f74a5f08fe,Bacterial-Spot(752),4,0.999999999999999,0.16666666389868168,0.1666666658453124,0.16666666191717922,0.16666667095553006,0.1666666756020035,0.16666666178129325
266,b239fff49ebe72f6c59bf028e49cce3695edbc376239ce3a319a4ec1772c6076,Bacterial-Spot(752),5,0.9999999999999752,0.16666669316346183,0.16666667422352666,0.16666671275027523,0.1666666250340538,0.1666665804317098,0.1666667143969726
267,3146071069ef1df76d14502f5f52c78aebbe5d6a7390ace379b4a0dbe242217f,Bacterial-Spot(752),5,0.9999999999999991,0.1666666685756283,0.16666666718806156,0.16666667003290284,0.16666666362407867,0.16666666040168399,0.1666666701776446
268,99c2382be623943ccc9bf8568b5167b6b4c7fc521c752058f0a1fea84b64c3e7,Bacterial-Spot(752),5,0.9999999999999971,0.16666667459618414,0.16666666890672027,0.16666668049915376,0.1666666541684574,0.16666664081311797,0.16666668101636645
269,9c1325d2edcf6285021f8e089e0e4cd521892acfb27874d2e6939612a8aedd1e,Bacterial-Spot(752),4,0.9999999999999831,0.1666666450044605,0.1666666604568401,0.16666662905662577,0.16666670064244707,0.16666673709333216,0.16666662774629426
270,b16365925c80bfd82baf0e2416cac6e2b7cdb0600b22d467c1027d82a71a3018,Bacterial-Spot(752),5,0.9999999999999963,0.1666666761991419,0.16666666936486066,0.16666668329035875,0.1666666516481237,0.1666666355918215,0.1666666839056936
271,04412439abe7b5f6a9c058c4e2c047352c160404661a59a2aadc679fa4a90bce,Bacterial-Spot(752),5,0.9999999999999062,0.16666671888552045,0.1666666815970451,0.16666675740658865,0.16666658469223758,0.16666649680907922,0.16666676060952884
272,cc4a6a96e32847e75508446254d51388432719c2dadcfc119fa865b31324fe6d,Bacterial-Spot(752),5,0.9999999999999676,0.1666666971611145,0.16666667536171642,0.16666671970139788,0.16666661875291558,0.16666656742370334,0.16666672159915227
273,20fdf63b813ccf65deec142de16ecc6dd4078e876899a6474086aa7fed130459,Bacterial-Spot(752),5,0.9999999999999948,0.1666666781658694,0.16666666993042412,0.16666668669512352,0.16666664857102034,0.166666629209639,0.16666668742792357
274,08efebb8efad774428cb0c38736e908200627c50a32ba72828b758d2cef5dfeb,Bacterial-Spot(752),4,0.9999999999999847,0.16666664598109762,0.16666666072472794,0.1666666307763286,0.16666669908810858,0.16666673389096717,0.16666662953877015
275,8c06f844b9626c2399b7b670eba70d5d25c001341ba2754d6d7a670d0936cbf8,Bacterial-Spot(752),4,0.9999999999999991,0.16666666333875269,0.16666666568705665,0.1666666609384269,0.16666667183937456,0.16666667743012056,0.1666666607662688
276,7d1f36bb87289a24faa0d70d1c00ec6ba6c324447f6b4148a2b8374b3d3194b5,Bacterial-Spot(752),4,0.9999999999999978,0.16666665973231473,0.16666666465382038,0.1666666546780886,0.16666667749536673,0.1666666891534988,0.16666665428691085
277,833145b2e6de47f954d753ec796d0c9eb2606f014d5443b61960c2db1486b4d0,Bacterial-Spot(752),4,0.9999999999999982,0.1666666610796057,0.16666666503980604,0.16666665701764483,0.1666666753818448,0.1666666847728649,0.16666665670823372
278,f8c5f9abf6a78204ea561737f1c94999f3195a07ba499169f1d53aa64d80289d,Bacterial-Spot(752),5,0.9999999999999936,0.16666667955154388,0.1666666703257512,0.16666668910883298,0.16666664639135834,0.166666624695252,0.16666668992726158
279,7355f64883b44b2fe42ed69176a8b4c327146b102633cb57b5a61e703d36563c,Bacterial-Spot(752),5,0.9999999999999838,0.16666668796013928,0.16666667272999475,0.16666670371747755,0.1666666331932976,0.16666659734728964,0.16666670505180112
280,05e658d1c8d2054abeb450c0949bd62526fec56ec58b0e702a2a16d21f070060,Bacterial-Spot(752),5,0.999999999999999,0.16666666963844348,0.1666666675033308,0.1666666718558549,0.1666666619777479,0.1666666569716002,0.16666667205302266
281,6d3af8aff828eaf1c788d32abfcbc35dc60018ddd4e646e68d32ad38757a671a,Bacterial-Spot(752),5,0.9999999999999875,0.16666668519200167,0.16666667193776064,0.16666669890734628,0.1666666375383703,0.1666666063516453,0.16666670007287576
282,f47d240cb1174d3e80c0cb2c8395660d8ff60e410fe1565be1041ee2901fc1d9,Bacterial-Spot(752),5,0.9999999999999459,0.16666670609485182,0.16666667791707246,0.16666673522376674,0.16666660473016426,0.16666653836586037,0.1666667376682843
283,af741fa8a42e47b73f19f377b7d90bd9b0c92dcee868279380792f9b6b0a9079,Bacterial-Spot(752),5,0.9999999999999964,0.1666666756650749,0.1666666692071913,0.16666668236554882,0.16666665248173407,0.16666663732618273,0.16666668295426817
284,1b1643c2c0d34c4522f38510ea581d2f479165352a43e88765aa5e4b62f74a6c,Bacterial-Spot(752),4,0.9999999999999992,0.16666666490343338,0.16666666613141032,0.16666666365952415,0.16666666938006666,0.16666667233848928,0.16666666358707627
285,57778211cd1636b45e90574b55e0f9bd71580acaf68f331e2ec42dc0adc90175,Bacterial-Spot(752),5,0.9999999999999601,0.16666670048534848,0.16666667632299026,0.16666672545165373,0.16666661355777085,0.1666665566408265,0.16666672754141015
286,43de3a768e975fa66e94f54069a48c206e55645c763d157d1b652baceeb19ee8,Bacterial-Spot(752),5,0.999999999999862,0.16666673008901953,0.16666668479599175,0.1666667768816084,0.16666656709781055,0.16666646035878113,0.1666667807767886
287,f2f94801a17b2af42297277069a4be3b05b96a008cfe4605e65c36b2747e6089,Bacterial-Spot(752),4,0.9999999999999757,0.16666664037210713,0.16666665912187617,0.16666662103446786,0.1666667078904768,0.16666675212966145,0.16666661945141056
288,2db4d3bf7e16c28783ed7615599e9a036c3b8ba450a9f9029dc26e1886439921,Bacterial-Spot(752),5,0.9999999999999308,0.16666671148547127,0.16666667947844618,0.1666667445549894,0.16666659630260358,0.1666665208714413,0.1666667473070483
289,10364b04888bd090356044ee9db9abb00010d0523cbce089f22df24bb77bba06,Bacterial-Spot(752),5,0.9999999999999949,0.16666667809159103,0.16666666992321855,0.1666666865473378,0.16666664870760098,0.16666662947129685,0.16666668725895487
290,21a484e9bd8b33aef40ec54295cf1deeb9b28b3c46d393fac32b46a0ca2badae,Bacterial-Spot(752),5,0.9999999999999919,0.16666668135521628,0.16666667084532674,0.1666666922343278,0.16666664356781566,0.16666661883823594,0.16666669315907764
291,49ef5e976ecab3a3b88a32b4b2865329de420c8957c98f72e15076bb50db1ec0,Bacterial-Spot(752),4,0.9999999999999953,0.16666665590776525,0.16666666357369336,0.166666648002244,0.16666668352647349,0.16666670162824854,0.16666664736157533
292,8e8127ac1f53c07ffd323f6568c014fc1be28d6103ce87cd9b128e6701b8c6b5,Bacterial-Spot(752),4,0.9999999999999898,0.16666665013453677,0.1666666619100642,0.16666663800152987,0.16666669256151004,0.16666672037136904,0.16666663702098988
293,ff2e234ea7d1ffa573c8f1122fc0f0101ae53a9740790b7e9a33784baf4a4bc3,Bacterial-Spot(752),5,0.9999999999999678,0.16666669702994635,0.166666675321517,0.1666667194797702,0.16666661895318305,0.166666567843105,0.16666672137247834
294,f3bb0cacd88aa1e8007bfe68980fae11fe4c1a292ea129843d763109b4a8a116,Bacterial-Spot(752),5,0.9999999999999561,0.16666670227748673,0.16666667683122877,0.1666667285797762,0.16666661073286537,0.16666655079489123,0.1666667307837517
295,13e07ff625418df2f6955a4a9ae1c256e7af7c16089e3a42bee5be5149010faf,Bacterial-Spot(752),5,0.9999999999999525,0.16666670370270492,0.16666667724006226,0.16666673105507254,0.16666660849707648,0.16666654616025023,0.1666667333448335
296,b48d32ab662bc5677b132585b09eb2c9f2175bf58756dd85cd2f86f18eab1f35,Bacterial-Spot(752),4,0.9999999999999991,0.16666666639024594,0.1666666665580292,0.1666666662471518,0.1666666670441194,0.16666666749680928,0.16666666626364424
297,e352aca7875f38d8fac4e05c2e5bb6f588ec9df9261f734d128494009f2c727d,Bacterial-Spot(752),4,0.9999999999999949,0.16666665528784777,0.16666666338741454,0.16666664694525782,0.16666668448124752,0.16666670362163014,0.1666666462766023
298,ce2e44a78b99b44a9dcee9a6daab1ff4d75fa5dfcfbf649afcafe0d805c58d47,Bacterial-Spot(752),4,0.9999999999999981,0.16666666072553604,0.16666666494093688,0.16666665639557754,0.16666667594350065,0.1666666859325106,0.16666665606193834
299,ceefc6e58008eed2d339274190e8065d5fac662cd71eb35b283fc95d45814fd8,Bacterial-Spot(752),4,0.9999999999999991,0.16666666409856984,0.16666666590677653,0.16666666225526028,0.16666667065025884,0.1666666749623235,0.1666666621268111
300,6d253b7790e4f70553595b26bb936a0f09fa1d57a144992c9e720402bb0cdb7d,Bacterial-Spot(752),5,0.9999999999999971,0.16666667462536328,0.16666666892929743,0.16666668052171457,0.16666665414907933,0.16666664074997115,0.16666668102457416
301,374e3499e4c9671428be5dcc6fd5ac42b92245ab3d47acfff16ade4efa6ba7c1,Bacterial-Spot(752),5,0.9999999999999988,0.1666666701269443,0.16666666762602594,0.1666666727361441,0.1666666611807857,0.1666666553474369,0.166666672982663
302,3eff5f5721fa4dfa520c258ec9eef48f8ba3f5773251152efc8e8361be145236,Bacterial-Spot(752),4,0.9999999999999942,0.16666665445253914,0.1666666631632693,0.16666664546432447,0.1666666858200696,0.16666670637198389,0.16666664472781348
303,9cac56df4e758a159c08a5953b951aa3405471da87ea16e0c6d5aead78bd5f4b,Bacterial-Spot(752),4,0.999999999999997,0.1666666585400335,0.16666666431639632,0.1666666525963063,0.16666667937558216,0.16666669304339052,0.16666665212829115
304,7b02f3ac7c75e3d0493db0f3121a874aede2adfc9c33b3889082f0d344ddf90c,Bacterial-Spot(752),4,0.9999999999999913,0.16666665139483589,0.16666666227239657,0.1666666401824324,0.16666669059023495,0.16666671628277088,0.1666666392773294
305,28993b3ce0a4a0552ab11a8b4c809b68b594ae8710f0a16cf53627c1711ccdf0,Bacterial-Spot(752),5,0.9999999999999417,0.1666667077436551,0.16666667839373897,0.1666667380723069,0.16666660215573567,0.16666653302208181,0.16666674061248146
306,ae84d8bf36fb48d6850836433c834501b999c0e19170a4ed6e5f4670a8517ef7,Bacterial-Spot(752),4,0.9999999999999972,0.1666666587009827,0.16666666436161184,0.16666665287777344,0.16666667912129152,0.1666666925178162,0.16666665242052442
307,f4aaaf346f257bf88330a8204cafb1af379f78e664d1a8e8016f229a4ac17ef5,Bacterial-Spot(752),4,0.9999999999999993,0.1666666662659584,0.16666666653510473,0.16666666600293153,0.1666666672648641,0.16666666793341464,0.16666666599772673
308,fd466c38461aaa25c40fabffd86f46edf7073702597542744e7a6f8edbf0bd2e,Bacterial-Spot(752),4,0.9999999999999887,0.16666664904555703,0.16666666160508603,0.1666666360935183,0.16666669428493983,0.1666667239317352,0.16666663503916368
309,b2bdc9b141a11b100db14318e8a9b892eb712ff95f549dabaa29e3201fab3541,Bacterial-Spot(752),5,0.9999999999999989,0.1666666702708584,0.1666666676790714,0.16666667296423185,0.1666666609759137,0.16666665490396848,0.1666666732059562
310,028a657e7b41902ba56e5f4d449953b44c327c7133f00181416a4f7cc17c083f,Bacterial-Spot(752),5,0.9999999999999987,0.16666667077158837,0.16666666781609807,0.1666666738444815,0.16666666017980497,0.1666666532639842,0.16666667412404285
311,1da5d011362fdd12fff0db626083253af85a747b44650b99a8f7de3163c958f4,Bacterial-Spot(752),5,0.999999999999999,0.1666666691202197,0.16666666734395297,0.16666667097859927,0.16666666276970032,0.1666666586309498,0.16666667115657793
312,4a18588d850769de8f7f6016f1639f46559a0e8d95855fda6827d849f1e84dc5,Bacterial-Spot(752),5,0.9999999999999968,0.16666667516687483,0.1666666690834211,0.16666668146300948,0.16666665329840877,0.16666663898833303,0.16666668199995277
313,463dbae616d7158679c3138781822ee1e0b7919fc88bde83b27b4b76e4f3d0f9,Bacterial-Spot(752),4,0.9999999999999992,0.16666666504267144,0.16666666619351336,0.16666666385964454,0.1666666692013708,0.16666667193251755,0.16666666377028233
314,9801e9a8f3d195f91c9e8ca43824e04939af3929da5a246ecb0ec53c9743532f,Bacterial-Spot(752),4,0.9999999999999829,0.1666666446852052,0.1666666603549965,0.16666662852284506,0.16666670112394846,0.16666673810808466,0.16666662720492026
315,84ad2bde22e854cd85d91a73bd939a7360022bf27cc238601bb2576614921672,Bacterial-Spot(752),4,0.9999999999999966,0.1666666578006674,0.16666666410324116,0.16666665132015712,0.16666668052952202,0.16666669543802112,0.16666665080839113
316,ada4b93db449cb0d2884d579665f67c308ae79dfc6d8c106af802aa8a2c555a1,Bacterial-Spot(752),4,0.9999999999999992,0.16666666480613299,0.16666666610718908,0.16666666348627412,0.16666666953749842,0.16666667265937526,0.16666666340353012
317,d5055450a9349ab2a39b53ca958b30411fa001ee1472edc88dd3087fcb7ddfdf,Bacterial-Spot(752),4,0.9999999999999907,0.16666665072485934,0.16666666208495146,0.16666663901137704,0.16666669164874603,0.16666671846966447,0.16666663806040177
318,7b1265b4ee6dee0e2157767e3f8d70a6f9c7925df945dc356ee87743c6e44d92,Bacterial-Spot(752),4,0.9999999999999954,0.16666665584542545,0.16666666354431198,0.16666664791849045,0.1666666836017065,0.16666670180310642,0.16666664728695937
319,d0d69d0e675cbb93e75f0ff77bdc90d66183e78df96556592601956cb13bf10c,Bacterial-Spot(752),5,0.999999999999998,0.16666667307148508,0.16666666847199102,0.16666667784665265,0.16666665656466298,0.16666664577618415,0.16666667826902415
320,423914b0d3d16fd1c40ec94e8ca965eb62c304e97377764c812aa8d742235571,Bacterial-Spot(752),4,0.9999999999999979,0.16666666041754793,0.16666666485374268,0.16666665585742732,0.16666667642944005,0.16666668693784195,0.16666665550400006
321,61d86ef4b87e3c2a59d8c3f6912add95dcf573469e9b431f66905e6b73cfe451,Bacterial-Spot(752),4,0.9999999999999947,0.1666666548130821,0.1666666632508576,0.16666664612099738,0.16666668522562889,0.16666670516521923,0.16666664542421483
322,1dc75c92c2eb61e354bbf66f75718253e99ff7533cd7e569e5672a6ba16ec5f1,Bacterial-Spot(752),4,0.999999999999997,0.16666665863024366,0.16666666433778515,0.16666665276220274,0.166666679225503,0.16666669273957765,0.1666666523046877
323,a49b79b0030df937d9e2f87ca50d093350a71bcca37899c3a65a6c5bb5c3a6b5,Bacterial-Spot(752),4,0.9999999999999959,0.16666665684067905,0.16666666382634604,0.166666649651807,0.16666668203539464,0.16666669856149172,0.16666664908428153
324,6db62ff381edfb9554fe1d5be73b857f2590fbd4a8683d083dd53bd9c57941ee,Bacterial-Spot(752),4,0.9999999999999889,0.16666664918541188,0.1666666616535034,0.16666663631838027,0.16666669408205817,0.16666672349747552,0.1666666352631707
325,df842bcf887aa9a4a53902dac6ba8fed2d08fe764a35c5cdb1c5d48d35ed6ca8,Bacterial-Spot(752),4,0.9999999999999949,0.1666666553306353,0.1666666634165774,0.16666664698310307,0.1666666844475659,0.1666667035239928,0.16666664629812558
326,657dca0ead4970c8cc4081b8f2d59cc6c19b22b6bd3109745e0c765941c2b685,Bacterial-Spot(752),4,0.9999999999999898,0.16666664998415937,0.16666666187529822,0.1666666377196621,0.16666669281573288,0.16666672088426893,0.16666663672087859
327,c6ee78cc3018be73dc0e4ae45b26b819ce54d97eaecbce215d3475b8e30c6607,Bacterial-Spot(752),5,0.999999999999999,0.16666666917473513,0.16666666736121336,0.1666666710678172,0.16666666268870206,0.16666665846013115,0.1666666712474012
328,26395e93b0a7a8540677237ea892e1b431e488447f0f34d7b61f1e19a57f0339,Bacterial-Spot(752),4,0.9999999999999946,0.16666665484278978,0.16666666326718985,0.1666666461575925,0.16666668519322417,0.16666670508550732,0.1666666454536964
329,4e81b07908204ab8f49da92eb735fc4131c13c3c298c90e6bf510f615aeec494,Bacterial-Spot(752),4,0.9999999999999983,0.16666666131138022,0.1666666651102774,0.16666665740961348,0.1666666750274693,0.1666666840314227,0.166666657109837
330,315fea8b317b2837ef677f419ef282602e26b0b97f8ae3ebf2bed49dae84f228,Bacterial-Spot(752),4,0.9999999999999928,0.1666666528016093,0.16666666268368396,0.16666664261090888,0.16666668839740695,0.1666667117247359,0.1666666417816552
331,b5046c806f5320aeaef60210979597c14b34235e38367a17d9a130ac1f7bc625,Bacterial-Spot(752),4,0.999999999999987,0.16666664762700478,0.16666666119879128,0.16666663362951128,0.16666669651077898,0.16666672854494016,0.1666666324889735
332,6cf8af218ade52f98ce6e9329bcb119b4ff24b58ec0c19037642013bacd5c5e0,Bacterial-Spot(752),4,0.9999999999999906,0.16666665057067762,0.16666666204290495,0.16666663873845522,0.16666669189522054,0.16666671897695196,0.1666666377757897
333,165b1b94ee240985a4ccb1b61589451b2413adc97b27642453613fea3912c758,Bacterial-Spot(752),4,0.9999999999999946,0.16666665502551356,0.16666666331019797,0.16666664649265409,0.16666668488972142,0.166666704471401,0.1666666458105118
334,bb5a7858eb6cd5ec287422473c3c7e17fa92f9b33e11ac3a82ffda79ec68a43e,Bacterial-Spot(752),5,0.9999999999999788,0.1666666910649113,0.16666667362044926,0.16666670910344117,0.16666662832695675,0.16666658725885,0.1666667106253915
335,4a22f6cc9e5a58275351148c29f93234bbb244edb2d689dbc13220b84881ebff,Bacterial-Spot(752),5,0.9999999999999987,0.1666666706689072,0.16666666778373612,0.1666666736690889,0.16666666033738173,0.16666665359489866,0.16666667394598736
336,92768c72149160efb23b8150a2d0922c513b621c6c58d84546c83a2c0a7130b2,Bacterial-Spot(752),4,0.9999999999999916,0.1666666516454479,0.16666666235218186,0.16666664060295966,0.16666669021117209,0.16666671548430081,0.1666666397039376
337,5dc29b571d311e32b3d62c984a3c7bb6bc682a8181bdc38059e5188bce5db5e7,Bacterial-Spot(752),4,0.9999999999999986,0.16666666236885505,0.1666666654176454,0.16666665923486101,0.16666667337834293,0.16666668060585232,0.16666665899444322
338,b3afb4c1033052badc91c1cefc76017d151c3d21e87c215e4e50226a2092b59c,Bacterial-Spot(752),5,0.9999999999999764,0.16666669256307828,0.16666667404394808,0.16666671171497882,0.16666662596702944,0.16666658237653897,0.16666671333442643
339,fc3e6a764aaf1d1d7aa8b8ebc84d5a99fdd69a1e92a8f418b0a9fddca5be2b7c,Bacterial-Spot(752),5,0.9999999999999958,0.16666667654757722,0.16666666946459507,0.16666668388779046,0.16666665110660392,0.1666666344684815,0.1666666845249518
340,d70306d18b033171fa76bdd200e6649f7278f0a1f52c99882608f8c55ef82796,Bacterial-Spot(752),4,0.9999999999999972,0.16666665879960343,0.16666666438899785,0.16666665304878808,0.16666667896629203,0.16666669219765695,0.16666665259866165
341,0b9e679a10a06dc07ea036d445aeb700f3bd464b75cd41a960e00bd9cf87c1b9,Bacterial-Spot(752),4,0.9999999999999918,0.1666666518137305,0.16666666239628786,0.16666664090058325,0.16666668994137304,0.16666671493140142,0.166666640016624
342,03cdc56ca76cfc44a25e49fe4e9c50e3da38374221ee83f210e2df22e7d430e5,Bacterial-Spot(752),4,0.9999999999999938,0.16666665389952817,0.16666666298425067,0.16666664454447683,0.16666668664954498,0.166666708124407,0.16666664379779225
343,58b01a501e01ced233dbea8a1b78eb58018027a44e4a4976f2a96f5ea3f3e105,Bacterial-Spot(752),4,0.9999999999999892,0.16666664943617432,0.16666666171904582,0.16666663676582416,0.1666666936772896,0.16666672266866153,0.1666666357330046
344,5e1bcf5a8c6914718c044ccb2dd731481c3f42d86cd155401ac77fd4eeffee3e,Bacterial-Spot(752),4,0.9999999999999988,0.166666662671389,0.166666665502207,0.1666666597654454,0.16666667289912315,0.16666667961611442,0.16666665954572096
345,029e68a0c493242cc4a10d18c526a6513f32f16ee4b2d114657106ff6cce4228,Bacterial-Spot(752),4,0.9999999999999937,0.16666665396879007,0.166666663014814,0.16666664464239192,0.16666668656156736,0.16666670792461874,0.16666664388781777
346,d02199c37cf4b1469f0359ea9fd2cd3312c7592bd3e51ff6ca13c1a103ddd9f7,Bacterial-Spot(752),4,0.999999999999993,0.16666665322456092,0.16666666279736583,0.1666666433603097,0.16666668771991835,0.16666671033261593,0.16666664256522923
347,3968a83abe0b1b061dd88012a538af659cadf94ce0b999706ade98dc6524b1a3,Bacterial-Spot(752),4,0.9999999999999976,0.16666665941926354,0.16666666457103696,0.1666666541164836,0.16666667800220605,0.16666669019220354,0.16666665369880623
348,44259aa3d7112c6ab2b57d90d88e57339b9ea3ce5485505985faada7fcf89307,Bacterial-Spot(752),4,0.9999999999999926,0.16666665262270294,0.16666666262320176,0.16666664231745904,0.16666668866163217,0.1666667122870918,0.16666664148791244
349,79e187bd31ccce7dbbea57f23df27c24845c8ed498f61d009e41078666f4cf91,Bacterial-Spot(752),4,0.9999999999999989,0.16666666269319658,0.1666666654989094,0.16666665982273954,0.16666667284682252,0.16666667952321407,0.166666659615118
350,af53d0b1ce31875e37583b6847dbef90ad2f91c2e63da9a8156365979618d952,Bacterial-Spot(752),5,0.9999999999999992,0.16666666889925907,0.16666666727768079,0.16666667059895332,0.16666666311203054,0.1666666593450573,0.1666666707670189
351,1304cdd6c6bf008f51c3ab6711d1d2af894ab291aece6b3f151db0dc9ebeea88,Bacterial-Spot(752),4,0.9999999999999901,0.16666665018128327,0.1666666619364784,0.1666666380529007,0.1666666925150756,0.16666672025354376,0.16666663706071827
352,15e9272c37b9dedd8722ebdf30c9f916c082f39b59c409da66cfe646c7dbcc5b,Bacterial-Spot(752),4,0.9999999999999964,0.16666665739945108,0.1666666639969629,0.16666665060018293,0.1666666811791352,0.1666666967695671,0.16666665005470083
353,ae62ddbfde1516f3d7f937a1309b5f7f58bbb7202ca057621b151d7d625be55e,Bacterial-Spot(752),4,0.999999999999996,0.16666665662231644,0.16666666377743183,0.16666664924464447,0.1666666824039465,0.16666669930321112,0.16666664864844963
354,c0558898cff098c90253d7186679d73b01520db29b54e88b40406e0884e29630,Bacterial-Spot(752),4,0.9999999999999953,0.16666665579644244,0.16666666353509194,0.16666664782044352,0.16666668368981932,0.16666670197745645,0.16666664718074645
355,bd42ab80145daad094af6f3bcda784cc6e01e3455a015d7e9e9c1c852554603a,Bacterial-Spot(752),4,0.9999999999999926,0.16666665272697495,0.1666666626588807,0.16666664248412222,0.1666666885108037,0.16666671196468488,0.16666664165453351
356,cd341d33bb5fbf2484491982b7e5356de34247897abfd40ad89671c29ace9623,Bacterial-Spot(752),4,0.9999999999999925,0.16666665255205343,0.16666666260892804,0.16666664218149965,0.1666666887845372,0.1666667125319713,0.16666664134101045
357,72ea57b0ca7926fca8e1e6a5a6ca1b1f20c5a09d9c34b94595a132cf3937d23f,Bacterial-Spot(752),4,0.9999999999999968,0.1666666580402643,0.16666666417242823,0.16666665172999034,0.16666668015813238,0.16666669466664166,0.16666665123254307
358,884bcb5bdeb6923d6c1ffb95684140b31bdd84981ccf69895bccb8ab59559a30,Bacterial-Spot(752),5,0.9999999999999889,0.16666668401919013,0.16666667162240748,0.16666669682995774,0.1666666394165126,0.16666661021105844,0.16666669790087352
359,4d99da45c4792f05d589f27d460133de70a46494caaed001403b145984d8e2e0,Bacterial-Spot(752),4,0.9999999999999951,0.16666665555112734,0.16666666346710066,0.16666664739090847,0.16666668407823965,0.16666670277898146,0.16666664673364243
360,91630b7e61dd63ae835d5da5ba335957cc91b33c1594eba34a39efa1a13ee58f,Bacterial-Spot(752),4,0.999999999999996,0.16666665699512107,0.16666666387824722,0.16666664990397706,0.16666668180792182,0.16666669807753343,0.16666664933719946
361,eb227310f6242f8f638670fc0316a38fc465b68b669fcd8c99158e20d768e1a7,Bacterial-Spot(752),4,0.999999999999995,0.16666665566046637,0.16666666349644016,0.16666664758430177,0.166666683903303,0.16666670241952297,0.16666664693596556
362,1d547c0f3b7b4b66df42643d5ba2eba530c9492945227c04e856d4c95e35030a,Bacterial-Spot(752),4,0.9999999999999947,0.16666665500720984,0.16666666330829719,0.1666666464533847,0.16666668492522724,0.16666670453948057,0.16666664576640042
363,591ed28125e9db5591e0400772c9b5febeceb8530568d4efbb511be0e75e809e,Bacterial-Spot(752),4,0.9999999999999898,0.166666649992527,0.16666666187477314,0.16666663773865975,0.16666669279806964,0.16666672085216894,0.16666663674380147
364,bfd1b656b3c1f5a9bb1e2d49684604389f1c27464325d2305154fb4e78e37319,Bacterial-Spot(752),4,0.999999999999998,0.16666666047741407,0.16666666487132553,0.16666665595917038,0.16666667633724627,0.1666666867458488,0.16666665560899493
365,62e9b45801d5259076a4e4874104b77b27f3800226a0f2874e0616e1d0550eeb,Bacterial-Spot(752),4,0.9999999999999948,0.16666665509195058,0.16666666334040472,0.16666664658447952,0.16666668480721694,0.16666670428215383,0.16666664589379443
366,8af13643e9759dc4bebd736055c23ddcc59da493d2fc2051e3d1d4b2d4ff2ff7,Bacterial-Spot(752),4,0.9999999999999946,0.16666665510778908,0.16666666333886473,0.16666664662293745,0.16666668477180502,0.1666667042184033,0.1666666459402003
367,425e04a056b2ddbc4dde1950136f48d9dd26af902a9867e527b6025f46031b6a,Bacterial-Spot(752),4,0.9999999999999907,0.1666666508286994,0.16666666211955736,0.16666663918071392,0.1666666914957912,0.1666667181446,0.16666663823063815
368,2f705b1222de19de666a7ff8fc1bf4b87829385c686882826525357bc7b21211,Bacterial-Spot(752),4,0.9999999999999991,0.16666666570600225,0.16666666635962948,0.16666666506147917,0.16666666811456457,0.1666666697190398,0.1666666650392847
369,f7163badca17b0cb3b828d5b3317a9b056e1515c373602f97f925fea74ad3f6b,Bacterial-Spot(752),5,0.9999999999999988,0.1666666707939061,0.1666666678257942,0.16666667387885958,0.16666666014950066,0.16666665319605073,0.16666667415588882
370,c4ee1efab1ec3876ebfe64187d05890069e034443a819341f344c7935eaa026f,Bacterial-Spot(752),4,0.9999999999999972,0.16666665920537702,0.1666666645068161,0.16666665375228126,0.1666666783313262,0.16666669087933625,0.1666666533248631
371,68b110bd90d0222da132f046b273098d080ae2050a2f8ab76276663c25d0ff4e,Bacterial-Spot(752),5,0.9999999999999993,0.16666666720434076,0.16666666679414893,0.1666666676494484,0.16666666577619596,0.1666666648633715,0.1666666677124945
372,1fd1a81a53c149cbc5696e644c60a8ade2d0047bd7a70be10ef5cd04b4b6f0b3,Bacterial-Spot(752),4,0.999999999999999,0.16666666463435126,0.1666666660571418,0.16666666318975198,0.16666666980533845,0.16666667321589954,0.1666666630975168
373,3aee890a2d4011a2200567c89b3e92548f4fb9483931c04e0b101fbe3bbd9af1,Bacterial-Spot(752),4,0.999999999999999,0.1666666645383647,0.16666666603503597,0.16666666301047509,0.1666666699672335,0.16666667354245196,0.1666666629064387
374,1d155148e162f8ea8eef3c1eacb470a2be85efe6111ff2abffe5d0d3253264ce,Bacterial-Spot(752),5,0.9999999999999987,0.16666667074965613,0.1666666678040725,0.16666667382040462,0.166666660201756,0.16666665331916322,0.16666667410494754
375,c208ebd50563398b2d42209a23286e497849672f5420561daf9f369f09a49c7f,Bacterial-Spot(752),4,0.9999999999999954,0.1666666560074028,0.16666666359126944,0.1666666481972239,0.16666668334960616,0.16666670127949285,0.16666664757500482
376,a0ee2fe14f728ec5a303b369541afc7db89df937e7e048b8f48ef38e2784b09a,Bacterial-Spot(752),5,0.9999999999999988,0.16666667034251534,0.16666666768656196,0.1666666731110648,0.1666666608415782,0.16666665464608926,0.16666667337219046
377,4ba5af6ad90341166212b8fb73303eb8d220ba948c331af945fc9ec24da7d5f3,Bacterial-Spot(752),5,0.9999999999997422,0.1666667534946626,0.16666669152729738,0.16666681747143341,0.16666653043071206,0.16666638431783706,0.1666668227580574
378,c07b1e525b2cc9de9e725222073d5f2b49b276376d08b8ccab08a3428efa4843,Bacterial-Spot(752),5,0.9999999999998003,0.16666674307855323,0.1666666885377701,0.1666667993900743,0.16666654676371434,0.16666641817886096,0.1666668040510271
379,b9a2dc3cde62ddeb14f97606c74b664df4078937e8752026e1145ebb0a777aed,Bacterial-Spot(752),5,0.9999999999997607,0.16666675031445868,0.16666669061680786,0.16666681194484206,0.166666535422701,0.16666639466320743,0.16666681703798292
380,08fa0f787dfc7d59cfd96785fc2e35f4b963ce166f74a61c1666d67fa4ee56d4,Bacterial-Spot(752),5,0.9999999999998983,0.1666667210642377,0.16666668221112924,0.16666676119772147,0.16666658126389267,0.16666648971772186,0.16666676454529702
381,3611a9c930ddf2fb080144bd2ddd1d2027de00a3dd8358a5c9a3c308c576162b,Bacterial-Spot(752),5,0.9999999999997514,0.16666675194179684,0.16666669108400878,0.166666814765628,0.16666653287380043,0.1666663893780974,0.1666668199566685
382,f4984f8fe1a66ca6662a39b3744a445df9df6643066c1d0e99bb52e0bd15e16e,Bacterial-Spot(752),5,0.9999999999998436,0.1666667342198129,0.1666666860117591,0.16666678398157736,0.1666665606839703,0.16666644701139005,0.16666678809149024
383,8493ef7bb083bff309df61b61c394c7f6a695e32745b7ea26abfce46bbffae4f,Bacterial-Spot(752),5,0.9999999999997744,0.1666667478652949,0.1666666899124087,0.16666680769571066,0.16666653926074507,0.16666640262240986,0.16666681264343083
384,9b79e99b46a67417a18dc28c2d0f73146aa253fd1998667cf90f961eb6b437c2,Bacterial-Spot(752),4,0.9999999999999948,0.16666665519809373,0.16666666338194505,0.16666664675263917,0.16666668465744877,0.16666670395454133,0.16666664605533196
385,8b114d7541270432cb0e8ea1f92f38db9d49537b7308c5ddb9c0b3ecaf478f72,Bacterial-Spot(752),5,0.9999999999999898,0.16666668323797718,0.16666667141332045,0.16666669544061008,0.16666664067181888,0.16666661278857145,0.16666669644770193
386,a32c8181d3ca853267f9a99f90d9446554074bb775105989040208f16d8a40c5,Bacterial-Spot(752),5,0.9999999999999256,0.16666671315195616,0.16666667997127402,0.1666667474092775,0.16666659372308112,0.16666651549869482,0.16666675024571642
387,28b7d702540825b5393b60e4f3352b560bececd3f3433ef8634deaf6a5d918ec,Bacterial-Spot(752),5,0.9999999999999469,0.16666670581976303,0.16666667787190712,0.16666673467542598,0.16666660522694987,0.1666665393405477,0.16666673706540622
388,42a123abf44c3cc629dbe72af1d9b601cc6e02e3c33433cbfe14941a2a363785,Bacterial-Spot(752),4,0.9999999999999932,0.16666665333888186,0.16666666284283835,0.1666666435298835,0.16666668756676237,0.16666670999401126,0.16666664272762263
389,e4ddead6cc12a17e26e9f364c5c8a30daa47db3721dd662580c41ac5328e8ec6,Bacterial-Spot(752),5,0.9999999999999634,0.1666666991542041,0.16666667596968646,0.16666672308527575,0.16666661569765448,0.16666656103080724,0.166666725062372
390,641a57dbd393c3435b8fb4731830673f1d1e6aea7261dd9efe5a7e99e7c8b7c9,Bacterial-Spot(752),5,0.9999999999999843,0.1666666876057579,0.16666667267089666,0.1666667030178757,0.16666663382821909,0.16666659859467545,0.16666670428257524
391,0ff19ff5d0dc314d034924aff64b2a6b3545c00bd024c93c492abeba53883023,Bacterial-Spot(752),4,0.9999999999999918,0.16666665193902147,0.16666666245098702,0.16666664108405452,0.1666666897776795,0.16666671456210488,0.16666664018615257
392,ffbeccab16b6e45b8ab0531fae4c3bd738f01cbfd911d8b3ab387334a163937e,Bacterial-Spot(752),4,0.9999999999999988,0.1666666632605233,0.16666666568771876,0.1666666607565784,0.16666667200521218,0.1666666777364203,0.16666666055354698
393,5930893a1adec1dd8dcceb94cc17e9fd6bee9f19b0ae970d26e2949e868fa72e,Bacterial-Spot(752),5,0.9999999999999416,0.1666667077807211,0.16666667845142946,0.1666667380488572,0.16666660218144821,0.16666653300006526,0.16666674053747882
394,6b406ae1236ff30532e37a3b7e4c5267fd9714b89ffeaea625472b6f4d5cb64a,Bacterial-Spot(752),5,0.9999999999999778,0.16666669171834092,0.1666666738359659,0.1666667101843307,0.1666666273530058,0.16666658519470448,0.16666671171365208
395,583456a732398077968df6758a45882e9ae3e83ef23f41c6de9b8c81210e5809,Bacterial-Spot(752),5,0.9999999999998637,0.16666672975170424,0.1666666847325855,0.16666677622843598,0.1666665676898314,0.16666646153186895,0.16666678006557387
396,96e70e6a92a6060905bb0d9d6d184a92f2139d2ac9f8961ee7a0b5276a1ae5aa,Bacterial-Spot(752),5,0.9999999999998268,0.16666673778597768,0.16666668703627996,0.16666679017287647,0.16666655509204437,0.16666643541714818,0.16666679449567337
397,dc182c8161b380dbe13dac13739b44a54674aadb71c270d281d7d11a1c910629,Bacterial-Spot(752),5,0.9999999999996962,0.16666676091045893,0.16666669364833234,0.1666668303532603,0.1666665187926036,0.16666636020119663,0.1666668360941482
398,14229ac4e6ea67ea1daff14379e5ecd212239c394bbc914428deb6285bd202bb,Bacterial-Spot(752),5,0.9999999999998354,0.16666673602132087,0.1666666865206712,0.16666678712331656,0.16666655784507858,0.16666644113880708,0.16666679135080573
399,3515c83a555b04ccc3a224bb3f7cade5e74d6329752d57df0303261f402adfc5,Bacterial-Spot(752),4,0.9999999999999987,0.16666666242198205,0.16666666545759629,0.16666665928341237,0.16666667333743226,0.1666666804818053,0.16666665901777183
400,310b847220771ece7b94693b022198d495a008c6aefdd77ea2c41fd4c5265bd9,Bacterial-Spot(752),5,0.9999999999996755,0.1666667641238638,0.16666669456936697,0.16666683592890325,0.16666651375486147,0.1666663497583956,0.16666684186460895
401,52daf0223626301d44b168d05bb43950d95edc88d7816450bd025ff5b9d2eaf2,Bacterial-Spot(752),5,0.9999999999998935,0.16666672235496569,0.1666666826092355,0.1666667633967124,0.16666657928248546,0.16666648556718744,0.16666676678941356
402,64449da802b3aa7523f5faabd40f0f7dca9e2ff495f4ac50770b67303494517f,Bacterial-Spot(752),4,0.9999999999999993,0.16666666583216344,0.16666666639610914,0.1666666652805105,0.16666666791688142,0.1666666693087495,0.16666666526558613
403,e5305a7996e1fe3175e3a1776acdd4269da1bce67c178482c978c8a689eca8f3,Bacterial-Spot(752),5,0.9999999999999202,0.16666671481661988,0.1666666804469675,0.1666667503031424,0.1666665911089102,0.16666651008240646,0.1666667532419536
404,bb7d1ccb1c4008d94c53eb80be11a8dccdfef245057c3bfbef82d19889d572d0,Bacterial-Spot(752),5,0.9999999999999903,0.16666668280582148,0.1666666712990042,0.16666669467274706,0.16666664136648143,0.16666661421320295,0.1666666956427429
405,b72fd81b964a64bcefd97142b58a2efb4de1f6f8788dcdc5d506adefed5785cf,Bacterial-Spot(752),5,0.9999999999998437,0.16666673419749387,0.1666666860136908,0.16666678392741285,0.16666656073371994,0.16666644710126358,0.1666667880264189
406,96b07eca341fbfd63a6d93dd60a3eca55aa826c73dab094b3dee36e1490a1b22,Bacterial-Spot(752),5,0.9999999999999023,0.16666671995651572,0.16666668193278436,0.1666667592050567,0.166666583068634,0.16666649339647804,0.16666676244053114
407,a1b2f262794b06b3d6fcdc1d5375fe4427ed4fd2a4133f6a22330279b9c70155,Bacterial-Spot(752),5,0.9999999999998521,0.16666673237035462,0.16666668548802974,0.16666678076390404,0.1666665635925789,0.16666645303099034,0.16666678475414234
408,71945eb772168447530a30a57c948e6c5851540e3f16a0ec7eb9528fe57e5a9b,Bacterial-Spot(752),5,0.9999999999999564,0.1666667021271339,0.166666676821829,0.16666672824681228,0.16666661103482389,0.16666655136552797,0.16666673040387303
409,b7ca9aa463002426eae066e2214eedc179921f4a6b8bfe5c051e29164acd9705,Bacterial-Spot(752),5,0.9999999999998402,0.1666667349814698,0.16666668624051587,0.16666678528653084,0.16666655950656892,0.16666644455447177,0.1666667894304428
410,b065b919bb43d7ccc6e074b53e381fc4118b81ab6e7184f36eaab3df48b35ad2,Bacterial-Spot(752),5,0.9999999999997714,0.16666674843554743,0.16666669008493173,0.16666680866710842,0.1666665383836983,0.16666640078956066,0.1666668136391533
411,f524e49a21c0063add5eaf528a4fbe5102cc80c6e4578b9cb481bcb7f368715a,Bacterial-Spot(752),4,0.999999999999991,0.16666665087038252,0.16666666214929424,0.16666663922105465,0.16666669146132837,0.16666671804485766,0.16666663825308273
412,c6203344ca3988fc27987121103a166a10cf4c04d3887a04b3dae7d4aabc5c37,Bacterial-Spot(752),5,0.99999999999972,0.16666675715605284,0.1666666925776185,0.1666668238246794,0.16666652469091306,0.16666637241861731,0.1666668293321188
413,01a0266f8c0b4583b080aed9d0f17cc24bc5fc542b2f7a544d3536bb6d1e5602,Bacterial-Spot(752),4,0.9999999999999979,0.1666666605123136,0.16666666486627152,0.16666665605313424,0.16666667625213527,0.16666668659424022,0.16666665572190517
414,a055cea571fe052f654ad2c84ed21407e907ca52c920765787237ee8ffebb403,Bacterial-Spot(752),5,0.9999999999999823,0.16666668890003727,0.1666666730374607,0.1666667052706465,0.16666663179208316,0.16666659438083642,0.16666670661893587
415,dd6a1f114d16cb978cb4e42a00aa9e79a447c52c8594fcf521ecb4feb3801a5a,Bacterial-Spot(752),5,0.9999999999997555,0.16666675120361027,0.1666666908787763,0.16666681347401846,0.16666653404166645,0.16666639178895726,0.16666681861297125
416,ba092b938b2399863a94f7f919b124cf8fe608e51c8a796d17c03c5c10758db6,Bacterial-Spot(752),5,0.9999999999998711,0.1666667279993241,0.16666668423892278,0.1666667731709148,0.1666665704530047,0.1666664672458035,0.1666667768920301
417,5a4b94bb599d1c50559d93351816e7ea2b42c8f0aff31f9dc3b403246a02bdac,Bacterial-Spot(752),5,0.9999999999997474,0.166666752614448,0.1666666912774194,0.16666681593354116,0.16666653181905564,0.16666638719103616,0.1666668211644996
418,8a426db6820dd22aeef2476919b16144056e75698e246e64602ffaf5ea9bae2c,Bacterial-Spot(752),5,0.9999999999999087,0.166666718160713,0.16666668142076388,0.16666675608162757,0.16666658589040795,0.16666649924118884,0.16666675920529875
419,a03d65111d2e7e2f1d1134109e3dba6cde877b5222f74623d8b11c6a0370682f,Bacterial-Spot(752),5,0.9999999999999041,0.1666667195299817,0.16666668181331104,0.16666675846471915,0.16666658373892987,0.1666664947823146,0.16666676167074365
420,f0a0768448117dd138435447cfece791b2a444aaf16363cba71aaf7542594769,Bacterial-Spot(752),4,0.999999999999997,0.16666665860888494,0.16666666436184976,0.1666666526715679,0.16666667931092052,0.16666669286872626,0.1666666521780507
421,9d600801dbfd315f5a7b943debc41ae61bf11f85cfee2b666b84356d46922190,Bacterial-Spot(752),5,0.9999999999997604,0.16666675035901554,0.1666666906285997,0.16666681202558034,0.16666653535002804,0.16666639451435977,0.16666681712241668
422,1941a00e80fc43d19bb89348ff5a046716327f1a11e3c91921ce914106dc92bb,Bacterial-Spot(752),5,0.9999999999997263,0.16666675613931328,0.1666666922833294,0.1666668220630992,0.16666652628163992,0.1666663757202246,0.16666682751239353
423,395609536bbd5e7d8bd27e8be1eed1f9cada491c129ed9e8b995b6cdce34e87d,Bacterial-Spot(752),5,0.9999999999997708,0.16666674851479069,0.1666666900976946,0.16666680882657756,0.16666653823943242,0.16666640050698311,0.1666668138145216
424,82f077111f575cb6859cc9008ed4e85a266121e77d5da91f491c1b753a09fc5d,Bacterial-Spot(752),4,0.9999999999999839,0.16666664533936387,0.1666666605418741,0.1666666296631382,0.1666667000945517,0.1666667359757874,0.16666662838528484
425,ea2887a99fdd8d5a642e4208345bf1c2254a698a03f6be3a1194b09e5c6a7f6c,Bacterial-Spot(752),4,0.9999999999999971,0.1666666589159744,0.16666666445712625,0.16666665318468873,0.16666667884657682,0.1666666918936718,0.1666666527019621
426,3ba704c97c1bb6f5cba155a612c634efc8ee95c42435325d5557f1788be4e665,Bacterial-Spot(752),5,0.9999999999999832,0.16666668829248912,0.16666667285954526,0.16666670422645372,0.16666663273585872,0.1666665963436298,0.16666670554202345
427,e6dab5d14e6d532d85a23d0d10e49c80258510f735732b7ac414c1b317f3dd3a,Bacterial-Spot(752),5,0.9999999999999741,0.16666669386008212,0.16666667444609015,0.1666667139074194,0.1666666239887065,0.1666665782268397,0.16666671557086213
428,aa3ec2e5a53fce9910bf140d66ba0969db02e68d440201c12a8e2fb98a174505,Bacterial-Spot(752),5,0.9999999999999757,0.1666666929407242,0.16666667419160322,0.16666671229611071,0.16666662544561067,0.1666665812324858,0.1666667138934654
429,8035f352419582e32598ee24429f6cc4ef2857f0d658a2a242d4e77a39b95700,Bacterial-Spot(752),5,0.9999999999999727,0.16666669456045238,0.1666666746767129,0.16666671507537575,0.16666662293824416,0.16666657600272905,0.1666667167464857
430,bd218a5f4d88aaa6cb7c9b7bf0dcdfe8dacb2890c77587ce0ad786d2725333f2,Bacterial-Spot(752),5,0.9999999999999964,0.1666666758359059,0.16666666928679327,0.1666666826047629,0.16666665226851934,0.1666666368352146,0.16666668316880406
431,adbd3a0feff73b0a81d20e117c19da4c68baebceffcf4fbb84e89c5104cb559b,Bacterial-Spot(752),4,0.9999999999999895,0.16666664953422186,0.16666666177218845,0.1666666368891539,0.1666666935682454,0.16666672240251754,0.1666666358336729
432,68e08fdcb7edcc4623038c454592a6d01790b5560cd877a94dcfe3384594ae6e,Bacterial-Spot(752),5,0.9999999999997861,0.1666667457404359,0.16666668931731285,0.16666680397836947,0.16666654261978733,0.1666664095623823,0.16666680878171222
433,f7560f12b20b4f53b8efb663764923fc913b668e924b7ddd9a49215ed1d56174,Bacterial-Spot(752),4,0.9999999999999986,0.16666666208380776,0.16666666536046235,0.16666665869267458,0.16666667387016298,0.1666666815857752,0.16666665840711706
434,6d550f4dbc00c6c549293daf326a42b9dc185afc4061486471226e9c033ef715,Bacterial-Spot(752),4,0.9999999999999942,0.1666666544663792,0.16666666319436702,0.16666664543968898,0.16666668584537764,0.16666670638133713,0.16666664467285006
435,a15461088e9dcf0a6934a49b7eae4230cf71e7b21382ffb570648c72aeb5fbdd,Bacterial-Spot(752),5,0.9999999999999559,0.16666670236856101,0.166666676870378,0.16666672870285443,0.1666666106204626,0.16666655053947504,0.16666673089826903
436,1ddba460009020895ff76dc30bb6c9490c86869732dda796b04443d1efb26fc6,Bacterial-Spot(752),4,0.9999999999999958,0.1666666563402387,0.1666666636734241,0.16666664880405302,0.16666668280113847,0.1666667001643028,0.1666666482168429
437,eba248993253eba71f61604c6667a5cfde124116943293fa932b595070b6d38c,Bacterial-Spot(752),5,0.9999999999998285,0.16666673743654925,0.16666668694601236,0.16666678955079978,0.1666665556556537,0.1666664365701033,0.16666679384088162
438,fa1267a18fe0900f42b88e3945d6378fc239e3f34db588a11d8f0a4efc61062c,Bacterial-Spot(752),5,0.9999999999999655,0.1666666981971837,0.16666667572944482,0.1666667213656328,0.16666661725569135,0.16666656420657308,0.1666667232454743
439,2a63d55db7cc4bd65ebb93c3904635b738b9cc0c7d5a1eb05e09f08ec5f2bda5,Bacterial-Spot(752),5,0.9999999999999901,0.16666668317465375,0.16666667139679925,0.16666669533133893,0.16666664077155066,0.1666666129932059,0.16666669633245157
440,f7afe32848bb4e302295e3b9c65e66d69776f70409db8a6472532632b8b51cb9,Bacterial-Spot(752),5,0.9999999999998302,0.16666673706361607,0.1666666868213632,0.16666678893470702,0.1666665562101131,0.1666664377475625,0.16666679322263814
441,56c0d9c06384ad97ffcabcb4c5f349853794c0e8fb8d72c6ceecc52119b0bd68,Bacterial-Spot(752),4,0.9999999999999986,0.16666666157143809,0.16666666520567228,0.16666665782120518,0.16666667465743515,0.1666666832308147,0.16666665751343462
442,5c077bbbc0311153eb1986d62156b58fef7fca032112596ec0332dc3f83498ce,Bacterial-Spot(752),5,0.9999999999998517,0.16666673248093322,0.1666666855125159,0.16666678096969087,0.16666656340606215,0.16666645265596514,0.16666678497483275
443,0ff796d39307203fb45c1e3e3a496377af98e3a682cce753a4c2030af9948be6,Bacterial-Spot(752),5,0.9999999999999631,0.16666669922783997,0.16666667601461885,0.16666672317452105,0.16666661562067248,0.16666656083393772,0.16666672512840994
444,42595b889b3ecf6eac1655144416df6e8e75f50ae4aeb94b7cdd2f3ba1193ab0,Bacterial-Spot(752),5,0.9999999999999851,0.16666668702935508,0.1666666724868286,0.16666670205179093,0.16666663469902943,0.16666660042982512,0.16666670330317088
445,1eb850e52da9efb4ddc3bd85a06eea476978cb51f6478816cb601bd28a2eb513,Bacterial-Spot(752),5,0.9999999999998486,0.1666667331725289,0.1666666857182907,0.16666678215813444,0.16666656233356633,0.16666645042109346,0.1666667861963862
446,bfd01cdea9da1a5e7471dcfbc1f276c6021453a7af38dd1ebfbeb243fea893d4,Bacterial-Spot(752),5,0.9999999999997882,0.1666667453412828,0.16666668919808453,0.16666680330324646,0.16666654323126473,0.1666664108388707,0.16666680808725073
447,f05e7631e2c3bc3e0b8c64354f9deefefca24f91b3ce252dd544a52bb6550a99,Bacterial-Spot(752),4,0.9999999999999991,0.16666666663004748,0.16666666662518181,0.16666666666210161,0.16666666666809735,0.16666666671932606,0.16666666669524555
448,f7d3625fde674ce92bce15d8bd5110e473c4c0e0d4972e43b857ca37c173bc7b,Bacterial-Spot(752),5,0.9999999999998791,0.16666672601522767,0.1666666836634214,0.1666667697309212,0.1666665735581687,0.1666664736919436,0.16666677334031735
449,34922b85a53e0a991f1e6c4180e31c2b0d08a1030dec8f105b842dda844aec95,Bacterial-Spot(752),5,0.9999999999998503,0.1666667327956827,0.166666685610288,0.1666667815007595,0.1666665629267479,0.16666645165006053,0.16666678551646139
450,398f95c6d6705b6aa28bffa9f22912fb46b8093b4b26ebbe226d9c9dae8f498f,Bacterial-Spot(752),5,0.9999999999997335,0.16666675492769692,0.16666669193662975,0.16666681996349172,0.16666652817961428,0.16666637965416595,0.16666682533840146
451,f8e00f731ada89f416c0400d5b3f3c0e59825a54536bcec2b01d3211d3947b94,Bacterial-Spot(752),5,0.999999999999999,0.16666667008163538,0.1666666676402363,0.16666667261063645,0.16666666129767843,0.16666665554679136,0.16666667282302206
452,c3af3da3007bcac43593545e6d6636fe5148a8817e301254458d0f59cb6d5a51,Bacterial-Spot(752),5,0.9999999999997549,0.1666667513424868,0.16666669092305153,0.1666668137122064,0.16666653382815186,0.16666639134006356,0.1666668188540398
453,a1dc3793716b40eaf19b03efa6fea04a7f92a4992fc463edc0f3da83ac325c6b,Bacterial-Spot(752),5,0.9999999999997893,0.16666674514148727,0.16666668913538435,0.16666680296222883,0.16666654353783247,0.16666641148240977,0.1666668077406573
454,b701304897ebb2a95d6242c4c3dcef8faedc76f4043351edc0454092a0e044ad,Bacterial-Spot(752),5,0.9999999999998987,0.16666672099994664,0.16666668224087533,0.16666676100738115,0.1666665814430353,0.16666649001362419,0.16666676429513738
455,5e1eec054b4d7d8300e24bb6404e0cc48175109dd1f7a50a0bfe381690547550,Bacterial-Spot(752),5,0.9999999999997259,0.16666675619279728,0.16666669229014985,0.16666682217092288,0.166666526183212,0.16666637552965144,0.1666668276332666
456,f630a65bcf0ffdfe5a84b980a714f802b49d1232e0bef20d332daab022d4c6dd,Bacterial-Spot(752),5,0.9999999999998447,0.16666673397304424,0.16666668594512327,0.16666678354631403,0.16666656107774264,0.1666664478212669,0.1666667876365089
457,fc4cc565179c0ecf53cf539647595e5f7c7a3b7a084c7ffc764f4d2fafedc5aa,Bacterial-Spot(752),5,0.9999999999999228,0.16666671404157957,0.16666668024500472,0.16666674891947833,0.1666665923607475,0.16666651264484728,0.16666675178834275
458,42854a44f459cf2d68eb2b8850bb4b6814f64d49347b2fe8025b3c8ff3cc097e,Bacterial-Spot(752),5,0.9999999999999992,0.16666666704973815,0.16666666675078476,0.16666666738606933,0.16666666601578262,0.16666666535946165,0.16666666743816352
459,6b1e87024266b8b07fc32ffa360ef6e58875b057328577df4df984c8e3a89730,Bacterial-Spot(752),5,0.9999999999998633,0.16666672984662242,0.16666668475688326,0.1666667763921036,0.1666665675401793,0.16666646122541068,0.16666678023880074
460,7b7dcfe0136db79f12a5801e6e9e40ad41e81d501ed24c1c2712df2a0193863f,Bacterial-Spot(752),5,0.9999999999996778,0.1666667637707974,0.1666666944735097,0.16666683531007712,0.16666651431536453,0.16666635091225435,0.16666684121799694
461,74afccc41bdebfe29a468cbc5bf6a66695494c910c4e4e9264b50ed12d4255dc,Bacterial-Spot(752),5,0.9999999999998731,0.16666672754339362,0.16666668411471133,0.16666677236652647,0.16666657118012518,0.16666646874253538,0.16666677605270805
462,a606d72f71f281e846f120ff7960cd253821e6232e0e13ec7cfa8aad7c6febb3,Bacterial-Spot(752),5,0.9999999999999646,0.1666666985762234,0.1666666757981969,0.1666667220970627,0.16666661659083443,0.1666665628922277,0.16666672404545488
463,aca105a73cbb866356f14a507ab20cdd7106a6358c571d59f56a1c52dd1a5e47,Bacterial-Spot(752),5,0.999999999999998,0.1666666727037776,0.16666666839832514,0.1666666771453595,0.1666666572004096,0.1666666470426393,0.16666667750948874
464,9ef20b4cd89ad002dd6e4b18d7647921e0eae40ecd1ffd5391014eef3dcb2711,Bacterial-Spot(752),5,0.9999999999999991,0.16666666741379135,0.16666666688526222,0.16666666795788052,0.16666666550121054,0.16666666424396853,0.16666666799788687
465,7050f17ff344ae6911277709b2f282b9fc5c94fb53761affe512254890ab8372,Bacterial-Spot(752),5,0.9999999999998855,0.16666672447175834,0.16666668321009168,0.16666676706965394,0.16666657596082116,0.16666647868942117,0.1666667705982538
466,87f312edcf0ded8d931003712ca655f9042e5e63b97fdea37835d9bf8bc58919,Bacterial-Spot(752),5,0.9999999999996315,0.1666667704861932,0.16666669639109238,0.16666684697838405,0.16666650377270267,0.16666632907017354,0.16666685330145412
467,ecf08618fcab3ad238055d7a523edb5f74d9714247cdbf38a2c9f1be085f5a51,Bacterial-Spot(752),5,0.9999999999998297,0.16666673718145308,0.16666668686470157,0.1666667891219428,0.16666655604200106,0.1666664373838686,0.1666667934060329
468,74983161b93ef471fe1f0d19f79ae3ca24209d3b038a7d2c654b0dfeded00922,Bacterial-Spot(752),5,0.9999999999998094,0.16666674127334752,0.16666668803071477,0.16666679624047878,0.16666654961090926,0.1666664240645695,0.16666680077998008
469,0e44be2e48b2aa834a54d6c952ec86fa474e0f2a4366117ae7a0518cc2a41bab,Bacterial-Spot(752),5,0.9999999999999412,0.16666670789704993,0.1666666784414121,0.16666673833629034,0.16666660191867216,0.16666653252541583,0.1666667408811596
470,55bd77ce93cd17fd48e731f5ee6b87eb72546b4925b20be232c09c1f38494170,Bacterial-Spot(752),5,0.999999999999986,0.16666668647729999,0.16666667233322374,0.16666670107710113,0.16666663557825503,0.16666660224375193,0.16666670229036828
471,2fccecda6722565ead2283684547c9a4f006fb033008c8b94cbd67e63320e9f4,Bacterial-Spot(752),5,0.9999999999996996,0.1666667604463452,0.16666669352252608,0.1666668295292474,0.16666651953662226,0.16666636173108193,0.1666668352341772
472,993bcb42ed3b5eb65f90522654bceb734e3515f1fd5ea2b7b14f4828bb61ae7f,Bacterial-Spot(752),5,0.9999999999998501,0.16666673278039673,0.16666668561156167,0.16666678146109043,0.16666656296251975,0.16666645171484715,0.16666678546958424
473,b3f3a761065940adcc8eac001362b79b915049f24d3bcbe89c8a7cb1724817f5,Bacterial-Spot(752),5,0.9999999999998797,0.16666672592004567,0.166666683649343,0.16666676954339749,0.166666573729382,0.16666647402607515,0.16666677313175665
474,c4dd921fdc3b0442d534fe987936d48bd9e4c521fee5be86c4053fb8d486a1fc,Bacterial-Spot(752),4,0.9999999999999976,0.16666665927424,0.16666666455425602,0.1666666538194128,0.1666666782731897,0.166666690714344,0.1666666533645575
475,4aa261a3aaaefabce76b7db4f196c598939d348e4a2cf04e648f916a5885961c,Bacterial-Spot(752),5,0.999999999999843,0.1666667343550335,0.16666668605021517,0.16666678421736605,0.16666656047103146,0.16666644657060484,0.166666788335749
476,88beaa914780729a04ae728f83af98fd8db7d8d0261cf1c28ec382cb543a27f8,Bacterial-Spot(752),5,0.9999999999997455,0.1666667529407825,0.16666669136867449,0.1666668165064483,0.16666653130175893,0.1666663861227159,0.16666682175961992
477,58158ca95a8475aa885bea9d3ba2b4cbcf7b4aa2e4a38f0b6990b328c1350807,Bacterial-Spot(752),5,0.9999999999998042,0.16666674229113812,0.16666668832088102,0.1666667980023599,0.16666654801726066,0.1666664207624161,0.16666680260594427
478,00a5203687fdbbb1ace72da1c6fe8ca23c7f597d220dc9ae0696acf4144e9cad,Bacterial-Spot(752),5,0.9999999999999715,0.1666666951884679,0.16666667482569703,0.16666671621160517,0.16666662190604037,0.16666657391109352,0.16666671795709595
479,44cc65204b01c18811d97b379ac653474d4cbd128cb337c01b4d6e4a8749d0d5,Bacterial-Spot(752),5,0.9999999999997441,0.16666675318576216,0.16666669144321955,0.16666681692160334,0.16666653092666125,0.1666663853379144,0.1666668221848393
480,8e4944901f6e43f8c6eb47af0caca03583dd590adefd91e38c0d7768c3dbb611,Bacterial-Spot(752),5,0.999999999999987,0.1666666856337631,0.16666667205856608,0.1666666996861248,0.16666663683449046,0.16666660490208338,0.16666670088497212
481,29cf58c87d13cb43c9f28852899a29f98f1ed926baa216690069846433044320,Bacterial-Spot(752),5,0.9999999999999375,0.16666670923801136,0.16666667884130762,0.16666674063033596,0.16666659984658874,0.16666652820471597,0.1666667432390403
482,edfdd3d8223cab2420decadfd39401b0cf5c68c1422435e5c87fcd10aaf04e7a,Bacterial-Spot(752),5,0.999999999999744,0.16666675322116598,0.16666669145612886,0.16666681697642796,0.1666665308770418,0.16666638523048802,0.16666682223874746
483,0af22d56e66d2f5fe6790078728dd6bdb36242da18516f5f9dc3253dba975ede,Bacterial-Spot(752),5,0.9999999999997033,0.16666675980858695,0.16666669334976617,0.166666828410095,0.16666652055018674,0.16666636381694536,0.1666668340644198
484,af1b4140d9b28947a3450ac5238cf95617b57044547803c23af38e5bea8ec868,Bacterial-Spot(752),4,0.9999999999999991,0.16666666428489885,0.16666666599856822,0.16666666249889925,0.16666667043194644,0.16666667444720645,0.16666666233848082
485,68b8858476de38dbfb7308f376e67497808a0f42dc35c8fc5d04f1000bc5f7cb,Bacterial-Spot(752),5,0.9999999999998135,0.16666674048295732,0.16666668781611083,0.1666667948476441,0.16666655087071522,0.16666642665704987,0.1666667993255227
486,c941a229d7ffaeee1702fa7ef7a1fb3a492ccb8b7058e47d91a48f0435f01b5f,Bacterial-Spot(752),5,0.999999999999999,0.1666666699112153,0.16666666759526563,0.16666667230041698,0.16666666157666926,0.16666665611781445,0.1666666724986183
487,489af0793e93665c5fcd466b6d4e942ba5ee424933388fc37c4015415fe658b6,Bacterial-Spot(752),5,0.9999999999996952,0.16666676108232834,0.16666669370148357,0.1666668306404896,0.16666651853260364,0.16666635965545046,0.1666668363876444
488,f8e73bc10f3e50f30ea984f712068acad6443537a2659da0fdd27f9db5c8158e,Bacterial-Spot(752),5,0.9999999999999435,0.16666670710528833,0.16666667823221712,0.16666673692559675,0.1666666031940897,0.166666535140357,0.1666667394024512
489,167eb2da36d05ff0e0e21af6c68230985e24f59440cd20cfdb9edfeb3a0f7116,Bacterial-Spot(752),5,0.9999999999999546,0.1666667028271628,0.16666667703126037,0.16666672944547273,0.16666660995273597,0.16666654910845397,0.16666673163491413
490,faf519dc40b3d181b3b7ec3487c063a5a80a76a825e94f779c474b3a03916cf6,Bacterial-Spot(752),5,0.9999999999999172,0.16666671569569438,0.16666668069978688,0.16666675182942356,0.16666658973054807,0.16666650722421442,0.16666675482033255
491,726a1f108834ef12a1774f02b76060b8c721beb33f89f379c00b4263e5678316,Bacterial-Spot(752),4,0.9999999999999991,0.16666666514989423,0.16666666620749213,0.16666666408467043,0.16666666899821755,0.1666666715393654,0.16666666402036018
492,58f0cd5aa470f4ade092a4a6bd8b536bae50f0ff11f96bfb5de6a8352f73756e,Bacterial-Spot(752),5,0.9999999999999989,0.16666666978176858,0.1666666675465393,0.16666667209712935,0.16666666175913392,0.16666665651466336,0.16666667230076543
493,cb800c348fff24c5dd8f8f9fbe7b24aa24ac0d9e89a42e05728240afaea24d20,Bacterial-Spot(752),5,0.9999999999996265,0.16666677121668136,0.16666669659903732,0.16666684825282468,0.16666650262205082,0.166666326687942,0.16666685462146383
494,bb03a3d6df382e9710b1866a32dfb92763807572e0eaa36d43424527e0fb5721,Bacterial-Spot(752),5,0.999999999999929,0.16666671208023193,0.1666666796747018,0.16666674553193245,0.16666659542079773,0.1666665190012276,0.16666674829110856
495,db335302409b89c7a99b359922a68c3fcece92dd88f5988f6c74342c973947d6,Bacterial-Spot(752),5,0.9999999999999598,0.16666670065882322,0.16666667639696547,0.16666672570932642,0.16666661332774604,0.16666655612540293,0.16666672778173586
496,ab99a8c9376614059f073f1edda04336a756d6f6ada6912e6297a9bc60841200,Bacterial-Spot(752),4,0.9999999999999748,0.16666663990621725,0.1666666590007588,0.16666662019711048,0.16666670864689928,0.16666675367697573,0.16666661857203854
497,df7a618c0c7e69b583dc1216a9dd24d1bf4f8abeac8966375a0029dc179594cf,Bacterial-Spot(752),5,0.9999999999999428,0.1666667073719033,0.16666667832622306,0.16666673735734405,0.1666666028061365,0.16666653430826475,0.16666673983012834
498,ab3e52506d6f1926872c44033ae2ab64f47e97f8a2ea5fa88b39ee2f4622b47f,Bacterial-Spot(752),5,0.9999999999998979,0.16666672120935225,0.16666668229212722,0.16666676138334158,0.16666658110164814,0.1666664893194352,0.16666676469409558
499,e2bcd902601f71c08ab27ca4372f2b15bd2021c4ed2c50a8a053328052210047,Bacterial-Spot(752),5,0.9999999999999719,0.16666669502753814,0.1666666747908385,0.16666671592185306,0.16666662217134648,0.16666657444450786,0.16666671764391605
500,30978bc79f8e31766b07cc06477b2998995573a4750d74afc61599e2aa02ea9b,Bacterial-Spot(752),5,0.9999999999999837,0.1666666881321005,0.16666667280122263,0.1666667039685365,0.16666663296709663,0.16666659684235305,0.1666667052886908
501,9ea98a8b403f3c4df08a3776b65486d265147f1844997d087ed3d2cbb7943444,Bacterial-Spot(752),5,0.9999999999999918,0.16666668148116348,0.16666667092187754,0.16666669237719595,0.16666664344257828,0.1666666185137911,0.16666669326339364
502,ab31c21a058520ff3705e0883d79334692f9ddda483ccc4db3a4ebf48410843b,Bacterial-Spot(752),5,0.9999999999999946,0.16666667837191965,0.1666666699908753,0.16666668705328566,0.16666664824829272,0.16666662853890377,0.16666668779672286
503,57686078d2686b795188eb4c36fb7257b5998776528ee2e1827d3da42e007763,Bacterial-Spot(752),5,0.9999999999999682,0.16666669685677124,0.1666666753055997,0.16666671910511063,0.16666661929230955,0.16666656849059283,0.16666672094961613
504,17c2c2471b5cf58f7f2e17ad08d8998f909ec78b871f4cca3d4de30f70f490ea,Bacterial-Spot(752),4,0.9999999999999958,0.16666665659643887,0.16666666377746728,0.16666664918882582,0.16666668245578284,0.16666669939916157,0.16666664858232358
505,bedfe5b8bc66e28b584dc262f785743443016165bf901fd5075824f98cb94e82,Bacterial-Spot(752),4,0.9999999999999886,0.16666664901633382,0.16666666161227256,0.16666663601446707,0.166666694358014,0.16666672405842398,0.16666663494048858
506,0d3780d84ecae49cb9a5c7ff4dfc091fee7933ba92edbbdd0fb1a8f038075a7e,Bacterial-Spot(752),4,0.9999999999999953,0.16666665571423575,0.16666666353451826,0.1666666476395476,0.16666668385653086,0.16666670228694758,0.16666664696821992
507,a5bdaec1bdfa512ebbea40f3d782d28e602510286e21bb8ff45909d8c6f9f195,Bacterial-Spot(752),5,0.9999999999999252,0.1666667132820219,0.1666666800137095,0.16666674763155015,0.16666659352418625,0.1666665150790006,0.1666667504695317
508,4755c2721a9c683c59bb486d6611f3793b355d46ee874d34923fa1bc2314ec85,Bacterial-Spot(752),4,0.9999999999999913,0.16666665151660845,0.16666666232363822,0.16666664036435297,0.16666669042767732,0.16666671591986998,0.16666663944785307
509,d26b3b7a270f7f9fadc13b37b142a3ecf34b5a4072cf66e8291c6100f9374268,Bacterial-Spot(752),5,0.9999999999998702,0.16666672816856906,0.16666668428325615,0.16666677347158723,0.16666657018075465,0.16666646668802448,0.16666677720780834
510,6bb249b25fe85835e0e1d869f71b8d3523ff084efab1f71263babf26fb2026d2,Bacterial-Spot(752),4,0.9999999999999838,0.16666664529056677,0.16666666055259363,0.16666662952904482,0.16666670021730126,0.1666667361902798,0.16666662822021366
511,c03dbdfb2ba0c0e76ba651f6c55b2e2bd637363edb737e8e0de81ad2e65fd064,Bacterial-Spot(752),5,0.9999999999999333,0.1666667106531372,0.16666667926542608,0.16666674305959564,0.16666659765538774,0.16666652363417145,0.16666674573228185
512,7d8cd180d91a15760c5e97677311bc0827295f0c11ee13c668c6dcee08fd07fe,Bacterial-Spot(752),5,0.9999999999999929,0.1666666802235553,0.16666667054169473,0.16666669022520633,0.16666664538351544,0.16666662256786433,0.16666669105816379
513,12781ee05085370b4829ffb586640af776a74842993cfa29c7a4fe2f1c12a3eb,Bacterial-Spot(752),4,0.9999999999999702,0.16666663754359803,0.16666665830999144,0.16666661611941522,0.1666667123290746,0.1666667613309995,0.16666661436692107
514,d2dd46b2c5897e3eb17aee486f7e0c3ad48b97860284c040ece65d9a7bcfe762,Bacterial-Spot(752),4,0.9999999999999992,0.16666666639337493,0.16666666657590293,0.16666666621582799,0.1666666670728688,0.16666666752856324,0.16666666621346196
515,da265f47215d61ba768bfd773dd3dc7ce5e5b915465e0bd004615448992353f1,Bacterial-Spot(752),5,0.999999999999931,0.1666667113433565,0.16666667945612967,0.16666674427075567,0.16666659656042182,0.16666652137594778,0.16666674699338854
516,1a6051857b1ef14301166791adc633f7a71e6534db4111a577bf185e7ed6d342,Bacterial-Spot(752),4,0.9999999999999863,0.1666666472197286,0.1666666611045234,0.16666663288162029,0.16666669718883143,0.16666672991464385,0.16666663169065243
517,49ed4d1624603d391d1dff4d6c4aec00fb6a418dfeab1fb5cd5b392359f39b71,Bacterial-Spot(752),4,0.9999999999999992,0.1666666656761959,0.16666666639422362,0.16666666492797497,0.166666668239006,0.1666666699078425,0.166666664854757
518,d5c16bd18149ddfbe23d100ec057b170e98b69daf0af7aec2356568ee8d337c3,Bacterial-Spot(752),4,0.9999999999999649,0.16666663488183567,0.16666665757562565,0.16666661144643183,0.16666671655368293,0.16666677004243946,0.1666666094999844
519,3cec1d70d14a945c3f4a6f603c7fad3bc4b92522fc98f9a3af64d5726f032ecf,Bacterial-Spot(752),5,0.9999999999998062,0.16666674192279907,0.16666668822124092,0.1666667973582417,0.16666654860118044,0.16666642196434817,0.16666680193218972
520,3bb2a6b92945987a5c0367948d64b86c32c52ac8b881750aa27d0412c923d3d6,Bacterial-Spot(752),5,0.9999999999999442,0.16666670689541743,0.1666666781728295,0.16666673656143172,0.16666660352352938,0.16666653582218818,0.16666673902460377
521,61b5fb113e63b61176258072fcaa2da6b5f1b5358f419fd05843f94833e54edf,Bacterial-Spot(752),5,0.9999999999999485,0.16666670530174135,0.16666667773719826,0.16666673375532126,0.16666660606063297,0.16666654104728812,0.16666673609781804
522,f5f28f2a8eca16ebdf2ab33b3b136ec688b63e8bc8392dc58c7a1e2bb4d1f6e3,Bacterial-Spot(752),5,0.999999999999928,0.16666671238316408,0.16666667976582236,0.16666674604865545,0.16666659495410885,0.16666651802689533,0.1666667488213538
523,aef260e5a503b1f3f3f07be07b59a30532c843febc80c1c3a39f0677d50c4c02,Bacterial-Spot(752),4,0.9999999999999851,0.16666664617454746,0.16666666079652775,0.1666666310773722,0.16666669881675014,0.1666667333015924,0.16666662983321023
524,7d26478e9412916c9c4772b574da4b0737f9edab5437fcb9a103fce81dfd4e1b,Bacterial-Spot(752),5,0.9999999999999992,0.1666666676396583,0.1666666669183504,0.1666666684097981,0.16666666509005246,0.16666666344255568,0.16666666849958509
525,428d317d23bc0a2c00ef4e458400639f1560e39111f883a7285bccf686f41098,Bacterial-Spot(752),4,0.9999999999999737,0.1666666393337112,0.1666666588427963,0.16666661918835204,0.16666670955799867,0.16666675555528182,0.16666661752185985
526,fb920329f473480a53ba41ec8809d68105f0d857920af4629d14cb72bc608224,Bacterial-Spot(752),4,0.9999999999999576,0.16666663175464227,0.1666666566759519,0.16666660601844346,0.16666672145580697,0.1666667802082925,0.16666660388686286
527,904b7c892bde78b1241cffebb72dff8d2171e6397fca8fc826631a2b16b79122,Bacterial-Spot(752),5,0.9999999999999946,0.16666667837993493,0.16666667001164148,0.16666668702197004,0.16666664827587507,0.1666666285649478,0.16666668774563068
528,98b28e9ce554748d6c3e47de6ebb026f804d1bf29be4cc9321059308fe643d42,Bacterial-Spot(752),5,0.999999999999991,0.16666668225771528,0.16666667112443492,0.1666666937555839,0.16666664219377358,0.16666661595627189,0.16666669471222048
529,736f6d3580ac740bfe1567106ae5370a5d0abc1c59312ca420187d1bfb72edbb,Bacterial-Spot(752),4,0.9999999999999766,0.16666664090573483,0.16666665928460278,0.16666662193414294,0.1666667070766898,0.1666667504259522,0.16666662037287738
530,cfcb2b899e3815bcdf7ba1f0502b632f8bd6169f477e159813cc2ac8288d5e0b,Bacterial-Spot(752),4,0.9999999999999925,0.16666665234537362,0.16666666255021378,0.16666664181893617,0.16666668911149782,0.16666671320841256,0.16666664096556616
531,8a5ae243bd9ba021159b12b0a0aee7e5aac06c7cac93abdf84f99ad252899bb4,Bacterial-Spot(752),5,0.9999999999999821,0.16666668906876334,0.16666667305604538,0.1666667056153518,0.16666663147696859,0.16666659377464832,0.16666670700822261
532,d42dee556a850cd679de185ee84c4995f166eefcd520f9c085ecd821a53ee8f0,Bacterial-Spot(752),4,0.9999999999999991,0.1666666646310449,0.1666666660997917,0.16666666310121092,0.16666666988919956,0.16666667331966548,0.16666666295908744
533,4570385274d1091555e6bb480d4cc1e36d61c9435f94033f03c3ef59dc29aa4d,Bacterial-Spot(752),4,0.9999999999999929,0.16666665302585998,0.1666666627461223,0.16666664300004705,0.16666668804487667,0.16666671099629723,0.16666664218679675
534,c387521185ef2661a3a7a7f843f08a8af0a49382c79fabb68e6b9c8fc286eabe,Bacterial-Spot(752),4,0.999999999999983,0.16666664478671972,0.16666666039568592,0.16666662867511278,0.1666667009869754,0.16666673780522798,0.16666662735027826
535,0ac3951275a91c90c3b2a49d7ab586500651f6f40c1725f3b61d46233d8a5cd7,Bacterial-Spot(752),5,0.999999999999935,0.1666667100328552,0.16666667905441032,0.1666667420454809,0.16666659856849966,0.1666665255802324,0.16666674471852147
536,c42a95b1bc8340facdc04429fcab97ff350bdb3916ddc1faaeea6f635dc22a48,Bacterial-Spot(752),4,0.9999999999999789,0.16666664227629854,0.16666665969042901,0.16666662429090107,0.16666670494919797,0.16666674599551737,0.16666662279765596
537,7ae7fdb7f0c7e29df2b1452986b9f6d3c8af276a080871514e21be6b8c643431,Bacterial-Spot(752),4,0.9999999999999916,0.16666665184658117,0.16666666242799033,0.16666664091855996,0.16666668992786624,0.16666671486807494,0.1666666400109273
538,6ade03c7544c6e92c745cf92b2539dd7aff4373c2d1208311517c0cec7b73be6,Bacterial-Spot(752),4,0.9999999999999665,0.16666663557272623,0.166666657766299,0.16666661265584715,0.16666671545953188,0.16666676778564418,0.16666661075995157
539,744302bc4112fa2822639bd4eb150b826646d2d193ed70efe5cab649aa23b4a1,Bacterial-Spot(752),4,0.999999999999996,0.16666665690715063,0.16666666385563073,0.1666666497443385,0.16666668195192286,0.1666666983715197,0.1666666491694375
540,2d280b9ee5f82d9660ad1c2e0123bdcf2089e3ba1f6a3f73383e5c64c4a2dbb7,Bacterial-Spot(752),4,0.9999999999999756,0.16666664032762207,0.16666665914571205,0.16666662088376555,0.16666670802893224,0.16666675235736128,0.1666666192566068
541,d64d7001f191d74cfe75d8c7cff02310525681dbe79e07f84b7ea413f068c7a8,Bacterial-Spot(752),5,0.9999999999999764,0.16666669263390732,0.16666667408808641,0.16666671179267542,0.16666662589894987,0.16666658219713085,0.16666671338925018
542,632aa478cfd88134c36552f63a3add1d89aa1f92164c9483d9227e1d4a2211d9,Bacterial-Spot(752),4,0.9999999999999833,0.16666664509621396,0.16666666050123702,0.16666662918339367,0.16666670052996352,0.16666673683132052,0.16666662785787145
543,f96c00b744c358e8f40115309b191ce044c9577e1b32c48f31f0d84bd7d790e7,Bacterial-Spot(752),4,0.9999999999999799,0.16666664297033282,0.16666665989029178,0.1666666254930203,0.16666670386307098,0.16666674374245155,0.16666662404083252
544,dfc09eff13a03d9c94ca3b4eae2ea866f9820d26230e97775aeb26912b8f3c2c,Bacterial-Spot(752),4,0.9999999999999628,0.1666666340019586,0.16666665732585653,0.16666660991250584,0.16666671793923665,0.166666772910266,0.16666660791017626
545,4c29035ba71bb708ec9daa2f9456d04a118018603af5e5147e4db2715d312be0,Bacterial-Spot(752),5,0.9999999999999925,0.1666666809314816,0.16666667074916416,0.16666669144311005,0.16666664428312059,0.1666666202791404,0.16666669231398326
546,cab033d63e89a7edcd601d46bccd754b364765ae66d843f15c55bd16600ebd16,Bacterial-Spot(752),5,0.999999999999999,0.16666666924548232,0.1666666673801269,0.1666666711943546,0.1666666625745545,0.16666665822575755,0.1666666713797241
547,15efa7783a9e65faa26f3c614da42448a55f400a3d23f3313dba823574cd82ed,Bacterial-Spot(752),5,0.9999999999999761,0.16666669261812256,0.16666667406627833,0.16666671180525552,0.16666662588769268,0.16666658220263292,0.16666671342001793
548,e7ba98471b843506286463bd7b1b0ad1d622add943735663f6255d1efe4f2350,Bacterial-Spot(752),5,0.999999999999975,0.16666669327950226,0.16666667427306386,0.1666667129108015,0.16666662488818365,0.16666658010169005,0.1666667145467586
549,26fa21be1dad0be70259d0004d4ecb16f766da6632d5fc2e83f10b18e4d9a57c,Bacterial-Spot(752),5,0.9999999999999785,0.16666669134622975,0.16666667374498412,0.16666670950199078,0.16666662796928952,0.16666658644611393,0.166666710991392
550,1b6edd64606c43b0c84e74f437a00b5f489fd6e5e53baebceb0a32f2e0e7a23c,Bacterial-Spot(752),4,0.999999999999999,0.1666666648202565,0.1666666661378006,0.16666666345938091,0.16666666956393722,0.16666667267131682,0.16666666334730798
551,97d10c4454779e3b994a7832894702be43a4ae5e7ec6603dcb474dda855739e5,Bacterial-Spot(752),5,0.9999999999999961,0.1666666762084071,0.16666666941348496,0.16666668320729186,0.16666665172449163,0.16666663567467044,0.16666668377165395
552,b8393e5cd621557766057e0d44e619931a2ddbadc1e4798f85d5c5595bb1ae46,Bacterial-Spot(752),4,0.9999999999999487,0.16666662818343111,0.16666665564709976,0.16666659983133217,0.1666667270454206,0.16666679180343563,0.16666659748928067
553,f16cca6c03dd8540e1c3f11a10509dff3cdddee806a5519679c9d2596b8fc15c,Bacterial-Spot(752),4,0.9999999999999646,0.16666663479288274,0.16666665755649704,0.16666661128040156,0.1666667167043439,0.1666667703445814,0.16666660932129324
554,1399a7541ab82a0e2c0f3cd3141b61ca18136b838ae654ccb7011936d4489231,Bacterial-Spot(752),4,0.9999999999999735,0.16666663916955696,0.16666665879260015,0.16666661891233656,0.16666670980775775,0.16666675607849196,0.16666661723925658
555,a27e643ad6ccca7b881b11c7132ede74f7bf4000f5cd68bb653d5a3fdd2f33e3,Bacterial-Spot(752),4,0.9999999999999923,0.16666665247247098,0.16666666258758622,0.1666666420436027,0.1666666889099298,0.1666667127900426,0.16666664119636762
556,16e42a60081f63f33c3a230cbd2166c598f3cdec81cb2b8175e687039e65c4a8,Bacterial-Spot(752),4,0.9999999999999624,0.16666663374287055,0.16666665723505183,0.16666660949043569,0.16666671831821694,0.16666677372186647,0.16666660749155846
557,a98b2e69cdf62640e97bac5bea3d896f4acd397ebfada9d5367b18be9e47e6e3,Bacterial-Spot(752),4,0.9999999999999857,0.16666664662984026,0.1666666609246117,0.16666663187561923,0.16666669809612406,0.16666673181229494,0.16666663066150986
558,74748ccd5baeae4835b0a7ec447a40b48194e804245645ae31237d52f0688eb8,Bacterial-Spot(752),4,0.999999999999998,0.16666666061530244,0.16666666490892462,0.16666665620266322,0.16666667611721012,0.1666666862929075,0.16666665586299217
559,f81e2f550a3aceedc11c8ded17d0c8599ea13ef49567ab4672186269e7ad0a26,Bacterial-Spot(752),4,0.9999999999999705,0.16666663760337544,0.16666665833689326,0.16666661620425366,0.16666671225319568,0.1666667611580184,0.16666661444426362
560,2810914319d23e56c773a15ea7f66ba0719005c4afc4d9df98fd3a71f72b387c,Bacterial-Spot(752),5,0.9999999999999567,0.16666670198586714,0.16666667678981456,0.16666672799309387,0.16666661126650995,0.16666655183334037,0.16666673013137415
561,420db9e89b7dc2aa233e17022cb18a6a292790ab87ca36a2f6ab29078f9db7fe,Bacterial-Spot(752),4,0.9999999999999992,0.1666666651182057,0.16666666621040777,0.16666666399744662,0.1666666690759096,0.16666667167975524,0.16666666391827514
562,18364be4be9247cd12d8a9ea36b11938b0d8b7063133ccb67ace0d34348290ee,Bacterial-Spot(752),5,0.9999999999999857,0.16666668666834247,0.16666667238302738,0.16666670142615217,0.16666663526430434,0.16666660160214078,0.166666702656033
563,f330f9cdc59cf9cadb467c9d894e98de911dc5840a4203e53ef995d9bb780171,Bacterial-Spot(752),4,0.999999999999986,0.16666664694353936,0.1666666610249758,0.16666663239789456,0.16666669762464176,0.16666673081790018,0.1666666311910484
564,5e3938381f2e5c6787a7428d7514739b2a6d44cd04c5b83ac07ab76b9dcc5029,Bacterial-Spot(752),4,0.99999999999997,0.16666663741268198,0.16666665828744467,0.16666661586304132,0.16666671256184074,0.1666667617894213,0.16666661408556996
565,cf2b665aeb4620ae0e01cee08f76be1149d2cba879b3b69512bc480468665750,Bacterial-Spot(752),4,0.9999999999999991,0.1666666638460847,0.1666666658681136,0.16666666174944597,0.16666667110938235,0.16666667585939002,0.16666666156758347
566,87b2302823c9274f0ee00c400a634c7d146440bba2c016bbea3cc08e7de94e19,Bacterial-Spot(752),5,0.9999999999999576,0.16666670154754604,0.1666666766322806,0.16666672729060344,0.1666666118978451,0.16666655319286588,0.1666667294388589
567,bca4ec5d439951e13fb48939b39287768efd1867189158552d31d4b798b37e94,Bacterial-Spot(752),5,0.9999999999999682,0.16666669680013807,0.16666667526744156,0.1666667190550177,0.16666661933714633,0.16666656861963416,0.16666672092062226
568,7cffa7b701d6f2b4cfaeeeaf8a088b1a1cbfdb2c7911d7526817d290feafc67b,Bacterial-Spot(752),5,0.9999999999999989,0.16666666974926458,0.1666666675238785,0.1666666720710448,0.16666666178268,0.16666665658554614,0.16666667228758597
569,027925e653679b8a770ae110260cef22ffe5a2c8fb83394184c2daba5a8e2ea4,Bacterial-Spot(752),4,0.9999999999999967,0.16666665792949473,0.1666666641381451,0.16666665154301705,0.16666668032694484,0.16666669502069162,0.16666665104170658
570,1f140e210a9686684c8437314400a328c60c359f311e67f22f229d62ff0b23f3,Bacterial-Spot(752),4,0.9999999999999827,0.1666666445859925,0.16666666034158192,0.16666662832386317,0.16666670130544176,0.16666673846047497,0.16666662698264567
571,bef6455441abe2f5e9605695e21440514433685533fc42476f20240fa3bda29e,Bacterial-Spot(752),5,0.9999999999999908,0.1666666824732337,0.16666667117441503,0.1666666941523211,0.16666664183434754,0.16666661523026252,0.16666669513542007
572,3dd97bff11f76699d04f473a68870aab95eda81f976118fa1bc19f3155495068,Bacterial-Spot(752),4,0.9999999999999806,0.16666664317885255,0.16666665993039229,0.16666662589394926,0.16666670349948365,0.1666667430206604,0.16666662447666183
573,172947dd162b6d554158b72fe0d129283a0098467898f07199eccfbf831c5284,Bacterial-Spot(752),5,0.9999999999998805,0.1666667256652668,0.16666668354338443,0.16666676916581774,0.16666657406807783,0.1666664747813091,0.16666677277614408
574,07143bff01f6b652ae3bbf219a96ec8089b2858579ca2371cc84e3dcd3a2d4d6,Bacterial-Spot(752),4,0.9999999999999974,0.16666665925905186,0.16666666453375822,0.16666665381757104,0.16666667827199547,0.1666666907369318,0.16666665338069162
575,c7f572785254930a5cbd8baf1cce8e28b403505ed5e0f58e1ab450471925ef5c,Bacterial-Spot(752),4,0.9999999999999927,0.1666666527576569,0.16666666266628558,0.1666666425404907,0.16666668845987384,0.1666667118613587,0.16666664171433423
576,de93f89c2654618b97a7572f40b55513913bf1f2b85493c7489cb8f8521b02eb,Bacterial-Spot(752),5,0.9999999999999801,0.1666666902768425,0.16666667341239405,0.1666667076984284,0.16666662959710776,0.16666658986269228,0.16666670915253493
577,a567813bb35ceae18791e8bcf7b1b838126b8e239d09e8a0dcbaf02a029bae96,Bacterial-Spot(752),5,0.9999999999999859,0.1666666865665523,0.1666666723416792,0.16666670127042363,0.16666663540345059,0.166666601909692,0.16666670250820215
578,b88433c244c6faf025fe1a84a50b43e7690a9ad19bcc448541af16331b6a111b,Bacterial-Spot(752),4,0.9999999999999934,0.16666665354368443,0.16666666289326068,0.16666664390274355,0.16666668722955455,0.16666670930857114,0.16666664312218568
579,9a99b8813abe62279ab9d6dc5c53abd3c4655766e3e5def0dfc3a916cc2a40f8,Bacterial-Spot(752),4,0.9999999999999991,0.16666666445859254,0.1666666660187434,0.16666666285626022,0.1666666701064034,0.16666667381981304,0.16666666274018752
580,8a2bbd9f4fbabf5d95fc95cb0b4271e11f96d58d57824b52e67889b2779d1d50,Bacterial-Spot(752),4,0.999999999999998,0.1666666602013637,0.16666666478885503,0.1666666554885357,0.1666666767626366,0.16666668763332526,0.16666665512528375
581,4c12d78245ab0bb0af9d3397fb246dddf6777e734286d769fe361f773c217bfd,Bacterial-Spot(752),4,0.9999999999999922,0.16666665216622378,0.16666666250567136,0.16666664149907826,0.1666666894019923,0.16666671380027148,0.16666664062676295
582,d165045070a0d125bc96639098895fb57aaf975aac43c974cbdbcd27b8781b4c,Bacterial-Spot(752),5,0.9999999999998879,0.16666672378201292,0.16666668300677295,0.166666765889687,0.1666665770278729,0.16666648091123926,0.16666676938241493
583,4d9294cb24aba0f479c5e16404bd3b8e91f2f994607a684919566886632fac8a,Bacterial-Spot(752),5,0.9999999999999669,0.16666669747310636,0.16666667547290032,0.16666672020066972,0.16666661830355986,0.16666656645716904,0.16666672209259467
584,358d889a39a212ffc5a0d9bd80f423838ea18ad1b8eed1e42a069d603fdfb698,Bacterial-Spot(752),4,0.9999999999999827,0.16666664456304014,0.16666666032709906,0.16666662829586817,0.1666667013293104,0.166666738522158,0.16666662696252438
585,223a1ff12b361e0832ba7a968eff1dfab13b37b483e3ddc159412e4937120f89,Bacterial-Spot(752),4,0.9999999999999921,0.16666665203348036,0.16666666246474918,0.166666641274793,0.16666668960452102,0.1666667142247951,0.16666664039766127
586,b14fa61b1b8ff6060070761afa8746ee6c6eee310eaf057807164a34d39b052b,Bacterial-Spot(752),4,0.9999999999999812,0.1666666436837902,0.1666666600746064,0.16666662677152771,0.16666670270663914,0.16666674137803433,0.16666662538540222
587,9ee94ce43e334ed684bd1e0a0d411894889cd3622c1aba9579f49983ee9a54c4,Bacterial-Spot(752),5,0.9999999999998702,0.16666672818642103,0.1666666842919026,0.16666677349870254,0.16666657015720976,0.16666646663401155,0.16666677723175255
588,b3f0e77ae41b0ffb692f87fb77506c76c92a0a6c1578141c8b4d7065b6aedee5,Bacterial-Spot(752),5,0.9999999999999295,0.16666671191856952,0.16666667961749282,0.16666674527498293,0.16666659565265887,0.16666651949974878,0.16666674803654694
589,91615734d78dbfb8d89b0e37853f68d02ac52e77670685c5373dd322afbd44d6,Bacterial-Spot(752),4,0.9999999999999948,0.16666665518103796,0.16666666340014796,0.16666664667905767,0.16666668472592175,0.16666670405940692,0.16666664595442773
590,7ab6ec5170eddc437f840a01426ef7a48cdafd30d8d837e369cc006c9d6a36bb,Bacterial-Spot(752),5,0.9999999999999667,0.16666669761284222,0.1666666755238574,0.16666672041731612,0.16666661810757938,0.16666656603276542,0.16666672230563956
591,a67e623101c18ef3fbbcfa57ffd62793edef321684766c0aef90a7a135ae4e73,Bacterial-Spot(752),4,0.9999999999999988,0.1666666627664856,0.16666666551819784,0.16666665995498325,0.1666666727275968,0.16666667927910764,0.16666665975362893
592,5b876d759d94cfaf19df32b7f8152e882fd3429d77f01f95dc5e071bebbe1fd4,Bacterial-Spot(752),4,0.9999999999999961,0.1666666569188899,0.1666666638786821,0.16666664973283205,0.16666668196532425,0.16666669836849055,0.16666664913578114
593,dacb85f28e16730fadef4ad1bb806d5418b64526b6a9733fe5f774c3a4ccc2b9,Bacterial-Spot(752),4,0.999999999999995,0.16666665538015843,0.1666666634519768,0.16666664703550893,0.16666668440362983,0.16666670339989437,0.16666664632883169
594,38614cef8f6d58424a42cb34e806299921dd24be0b99e9827338900a350af3ef,Bacterial-Spot(752),4,0.9999999999999712,0.1666666380492142,0.16666665847814668,0.16666661695362972,0.16666671157761284,0.16666675973620043,0.16666661520519604
595,2c76f3da7d9af3dc6d1231b21185de66c6d44a39e281aa1f431c77eaf808bd85,Bacterial-Spot(752),5,0.9999999999999849,0.1666666871525399,0.16666667253278156,0.16666670224408975,0.1666666345259391,0.16666660005373862,0.16666670349091103
596,4e6d1ceb0fc0e908bb7a88e3885dd107f694e8c9d59f1679c1342e937a67315e,Bacterial-Spot(752),5,0.9999999999999141,0.16666671663811336,0.16666668096396628,0.16666675346936283,0.16666658824678318,0.16666650415705517,0.16666675652471907
597,f5c2c26e7f9ab0497ccde82fc4a909366651b77629873843ce614b4e0db1eaf2,Bacterial-Spot(752),5,0.9999999999999991,0.16666666886501993,0.1666666672993883,0.16666667047734038,0.16666666322415752,0.16666665952650858,0.1666666706075853
598,e64a5c43506eff2d459bfb123b380af8a5a7833b326025ce487471ca2eb7ef9d,Bacterial-Spot(752),4,0.9999999999999871,0.16666664783435806,0.16666666126755217,0.16666663397001985,0.16666669620359056,0.16666672789293513,0.1666666328315443
599,67d821fff48fa549e6c45375063e064ba8f364dbaa39a513fc96b4a6043ba42c,Bacterial-Spot(752),4,0.999999999999999,0.1666666639198504,0.166666665883798,0.16666666188905901,0.16666667098305088,0.1666666756064974,0.16666666171774436
600,ef9713a58dd484af2cc7de4e77a1d9151cc5af3111df0d5e35fc939c83dbc108,Bacterial-Spot(752),5,0.9999999999997519,0.16666675182860008,0.1666666910588556,0.1666668145558403,0.1666665330641004,0.1666663897608951,0.16666681973170855
601,04aac2468caf03559b2121fc6bfd81b19b874f96b9b77f27ac4a417aa1f94085,Bacterial-Spot(752),4,0.9999999999999991,0.16666666641292163,0.16666666658735255,0.16666666623596949,0.1666666670545732,0.1666666674808305,0.1666666662283526
602,5696f94a209a91c72ab9b9c491764818fb8278828f1243d279433a90acd820b5,Bacterial-Spot(752),4,0.9999999999999988,0.16666666316503875,0.16666666563343535,0.16666666064161584,0.16666667210660704,0.16666667798979523,0.16666666046350775
603,625256815721182a3ed9de8e8570c480c75b78891f9329279aa4b0a3e6ea303f,Bacterial-Spot(752),4,0.9999999999999982,0.16666666132121485,0.16666666513432554,0.16666665738459852,0.16666667505155,0.16666668404693383,0.16666665706137718
604,b6c53074ac8abd66a3abb079cb8f829cb457efebf29de93e197ce35ee4f60785,Bacterial-Spot(752),4,0.9999999999999936,0.16666665392862845,0.1666666630131161,0.1666666445534343,0.16666668664265902,0.16666670807688586,0.16666664378527615
605,b8e40f44e77842cea3665a910b80cac50d3b7f2af6d60e7fcbc7cd73ba71304f,Bacterial-Spot(752),5,0.9999999999999778,0.1666666916925833,0.16666667382298267,0.16666671014511875,0.16666662738673874,0.166666585272947,0.16666671167962951
606,494c9b85900f3dfb504f0d8c44b9100f3500e54a2406b5e9b02fcf37600da33a,Bacterial-Spot(752),5,0.9999999999999872,0.16666668555588723,0.16666667206896016,0.16666669948423066,0.16666663701873025,0.16666660523079033,0.16666670064140138
607,f787015586983b46b52b78d1995d25cfdab16a7393c8cf6cbc7256c627c97507,Bacterial-Spot(752),5,0.9999999999998997,0.16666672065712723,0.1666666821073159,0.1666667604688392,0.1666665819240356,0.16666649106577822,0.1666667637769039
608,7cba19ec72495bd043aeb9dd0ecaa9a44cc3396c1ca1c1970cfd9342ac8fc2d7,Bacterial-Spot(752),4,0.9999999999999933,0.16666665345711576,0.16666666287636017,0.16666664373547035,0.16666668738091134,0.16666670960935,0.1666666429407923
609,4a6a26e27c2c54e4b7b956145baac12d3e05478e4b2e4569cda4b65080393c9e,Bacterial-Spot(752),4,0.9999999999999853,0.16666664651792232,0.16666666090025972,0.16666663166408965,0.16666669828732342,0.16666673219581435,0.16666663043459065
610,12b1d20b7823927f3f037eaf36efaf34c208d1573e5a7e58c936d4810d992b38,Bacterial-Spot(752),5,0.9999999999999722,0.1666666948324102,0.16666667474115224,0.16666671557072468,0.1666666224889968,0.16666657509280208,0.16666671727391402
611,ab6301fd3ef35e3e6e39a7aaaab8c951f2b6f277a3b4b3e31ad9d3340569a831,Bacterial-Spot(752),4,0.9999999999999983,0.16666666158756857,0.16666666520765705,0.16666665785046275,0.16666667462989265,0.16666668317746242,0.16666665754695661
612,d92761e57c213d98a94dc18828a462d78d97eff4cb9c71a49b5dcd06d555712f,Bacterial-Spot(752),4,0.9999999999999978,0.16666666001695726,0.16666666475813652,0.16666665512183404,0.16666667709484637,0.16666668828568912,0.16666665472253664
613,6b06fdb7d2a8435aa70b1b403b72a4127eb654b465c8205b14c3608d805ee25a,Bacterial-Spot(752),4,0.9999999999999938,0.16666665387816706,0.16666666298542906,0.1666666444908153,0.1666666866980396,0.16666670821284243,0.16666664373470655
614,bb36d3053c7ca798037d47cf14b31799484358cdedb0531725d0533bcee49eb8,Bacterial-Spot(752),5,0.9999999999998805,0.1666667256858214,0.16666668357431966,0.1666667691556976,0.16666657407984253,0.16666647476573054,0.16666677273858813
615,b078243dc9114cd92ace858e45fb2fe39f27f7f50b07f3e83d750d48503c79e1,Bacterial-Spot(752),5,0.9999999999999831,0.1666666884510958,0.1666666729070178,0.16666670448951476,0.16666663249644417,0.16666659584286259,0.16666670581306478
616,b7cea25b1377c4c636a3de1561260c6826e8b887d261786633087d57dcd04a08,Bacterial-Spot(752),5,0.999999999999973,0.1666666944365742,0.16666667461078913,0.16666671490909551,0.16666662308370223,0.16666657635176227,0.16666671660807675
617,9629f1af7d796bde71a5e0a2a2cb57d7507fdaaf3f9ea79987e1f69425eba3fc,Bacterial-Spot(752),5,0.9999999999999509,0.16666670431177372,0.16666667744609756,0.1666667320473063,0.1666666076022324,0.16666654425408026,0.1666667343385098
618,a9ca39932dcef6d335b4158bfaf5c8bce770c11c9feabce1faf6c07b3e67c50e,Bacterial-Spot(752),4,0.9999999999999913,0.1666666514649548,0.16666666230819369,0.16666664027305164,0.16666669050945807,0.16666671608995035,0.16666663935439152
619,0557e1b082ffdffce2b1934045fcd4a8b4bb13eb0c4e6b625c842f1ee5e139d7,Bacterial-Spot(752),4,0.9999999999999876,0.16666664827726246,0.16666666140559194,0.16666663471917922,0.16666669552808938,0.16666672647506886,0.166666633594808
620,3aa0ba627a6834cf57960982a76573cfbbc9a49ee90f3b0b0607b0707399d287,Bacterial-Spot(752),4,0.9999999999999566,0.1666666312879975,0.16666665654379303,0.1666666052055921,0.1666667221903665,0.16666678172829877,0.16666660304395214
621,1d58607ebee0385a8e9e56131083288628d6014ef97df37fd4ae21739a98d62f,Bacterial-Spot(752),4,0.9999999999999979,0.1666666600603845,0.16666666476483513,0.16666665521388244,0.16666667701250426,0.16666668812506127,0.16666665482333232
622,cdca391542e86c389531dd77baca2bbe1b2b1e87bf012c011197d80b463dd0f1,Bacterial-Spot(752),4,0.9999999999999991,0.1666666647534127,0.16666666615848053,0.1666666632681143,0.16666666974030733,0.16666667297317384,0.16666666310651124
623,c78741cc50058e53dff86f37651dbab4631e9ff71e6eeb0e273ce738825d841d,Bacterial-Spot(752),5,0.9999999999999925,0.16666668093626882,0.16666667077894817,0.16666669140420956,0.16666664432230305,0.1666666203158575,0.16666669224241284
624,496462aff51cade22513994132b7f160eee5392fd75ea4644b9c0cf01b35c0ec,Bacterial-Spot(752),4,0.9999999999999863,0.16666664726171682,0.16666666108552947,0.1666666330099549,0.16666669706936504,0.16666672971622856,0.16666663185720515
625,6d51fed51ed3f24c42e30337ccfe5321cffa321e389ae4cb33283b7953435590,Bacterial-Spot(752),4,0.9999999999999972,0.16666665942421735,0.16666666457996304,0.16666665411114584,0.16666667800776566,0.166666690191719,0.16666665368518901
626,1085ec9deda5e40f6e4cae23263a0d029d3b419f39ee706b3bb2169300a5e4f9,Bacterial-Spot(752),4,0.999999999999984,0.16666664550269888,0.16666666059634047,0.1666666299257243,0.16666669985652285,0.16666673546917846,0.1666666286495351
627,b3e9621764f7f89f0e376bc70b1555408657be79974623d9ea58152e0961bb98,Bacterial-Spot(752),5,0.9999999999999983,0.16666667173523006,0.16666666809364325,0.16666667551531014,0.16666665867062022,0.16666665013349233,0.16666667585170403
628,3f2b6b9185d9859c77d7982ac950423bdfffd1b150c2a347a49076a591510b32,Bacterial-Spot(752),4,0.9999999999999929,0.16666665307721443,0.1666666627646653,0.16666664308203932,0.1666666879711526,0.16666671083741572,0.1666666422675127
629,d9d70b3617728cf3af4e49c2a3d2903de66d42d7eb0b4e07e5251841afcbe346,Bacterial-Spot(752),5,0.99999999999995,0.1666667047404657,0.16666667759908213,0.16666673273631383,0.1666666069828871,0.166666542922238,0.1666667350190133
630,556cc90ddfe61811e06ac06be64428ad0c2af4b8787f140cad2ec58a915a6a5c,Bacterial-Spot(752),4,0.999999999999999,0.16666666384667655,0.1666666658574181,0.16666666176662898,0.16666667109185826,0.1666666758399337,0.1666666615974843
631,f21e90203575c3733c4e373ec6c33bb68f61af69ec04d8333dc37f8e328e80a5,Bacterial-Spot(752),5,0.9999999999999478,0.16666670552364377,0.16666667778519928,0.1666667341614975,0.16666660569030664,0.1666665403034524,0.16666673653590047
632,cec05312f33d77af95532b57d2917ae9b5af58783933e1012f8e157492916652,Bacterial-Spot(752),5,0.9999999999999988,0.16666667099830598,0.1666666679264302,0.16666667414554168,0.1666666599103666,0.16666665263168573,0.16666667438766986
633,0cac017499f30d7adf2e0cc66c7822d8e32850fda8a3f68a9a271ee906158612,Bacterial-Spot(752),5,0.9999999999997202,0.16666675717779228,0.16666669260693737,0.16666682382101827,0.16666652469680537,0.16666637239416587,0.1666668293032809
634,4797e64e12005eb87d467ea0f57deb95f35abae622ad0d2ee952c49f190c1885,Bacterial-Spot(752),5,0.9999999999999275,0.16666671256149307,0.1666666798187005,0.1666667463516809,0.16666659467977835,0.1666665174548882,0.166666749133459
635,ddebaae478e31f2632d21bdf70b0d9fe63425a3be2fd0cdf2f1c2452f02dcc27,Bacterial-Spot(752),4,0.9999999999999869,0.16666664748060103,0.16666666116009635,0.16666663336827126,0.16666669674687298,0.16666672902895208,0.16666663221520633
636,2b67b990f83d629002473fd1de1ceae1a428b11195997852f996f83d86a19d44,Bacterial-Spot(752),5,0.9999999999999097,0.16666671792062795,0.1666666813640478,0.16666675563664698,0.16666658629225733,0.16666650005401326,0.16666675873240674
637,ebd3bf2a9760bafa219a782e31fa4afc7face05d5d8b0a84e5ebfaa63556a8b9,Bacterial-Spot(752),5,0.9999999999999881,0.16666668480277405,0.16666667187980824,0.16666669813204926,0.16666663824401962,0.16666660772863326,0.16666669921271562
638,b6f78a92ff1024f20667400b4330f02418edf3a056e333c16aca3b736408d2e6,Bacterial-Spot(752),5,0.9999999999999853,0.16666668677834878,0.16666667244532396,0.1666667015535117,0.16666663515079191,0.16666660131658417,0.1666667027554395
639,5199bb70e5853c7ba547798d4ecb1b90f6458e998d5d39bb692e6d323d416b3f,Bacterial-Spot(752),4,0.999999999999998,0.16666666062494417,0.16666666497463092,0.16666665610153641,0.16666667621450768,0.166666686393826,0.1666666556905547
640,39ea301bfefa5eba824dbe27fd0cf6ac884ef61ee98913034cbea2155ce9a0b6,Bacterial-Spot(752),4,0.9999999999999718,0.1666666382575399,0.16666665854716226,0.16666661729441998,0.1666667112698349,0.16666675908277873,0.16666661554826412
641,a4f4b0fc217e796f3abb06e64229f40dc64f88af4284d9ef11a2aae5d908119a,Bacterial-Spot(752),5,0.9999999999999231,0.1666667139608052,0.1666666802242981,0.16666674876829904,0.16666659249607424,0.16666651292056922,0.16666675162995412
642,597c7b93a3eaac8078255684fd2fb536885ff59834b61c8c4716da4c9fed4e3d,Bacterial-Spot(752),5,0.9999999999998032,0.166666742512437,0.16666668841541335,0.16666679833451697,0.16666654772154366,0.16666642010058244,0.1666668029155066
643,43cc4d2f5f1377af4b88911d9357f5d2dc107c564eb1fd03c0a8b4a3140a22be,Bacterial-Spot(752),4,0.9999999999999833,0.16666664503393616,0.16666666049594003,0.16666662904922225,0.1666667006517625,0.16666673706335405,0.16666662770578503
644,2d63eed8140134dadbbbbfe16f776259b217f71a85b069c133e2c327a4f71f7c,Bacterial-Spot(752),5,0.9999999999998898,0.1666667233696892,0.16666668290867184,0.16666676513137116,0.16666657771371254,0.16666648229999345,0.16666676857656185
645,e4d39b392cd66d6bd25b0aece5f58c589b4737ea8235371166dd0102146e7c9c,Bacterial-Spot(752),5,0.9999999999998341,0.16666673624919776,0.16666668659305203,0.1666667875044733,0.1666665575011173,0.16666644041438636,0.16666679173777316
646,a741051f5cd7cf597db9b34b5ddd95ccae81f0b884803c0c6114a23cadcbf0ae,Bacterial-Spot(752),4,0.9999999999999971,0.16666665867642194,0.16666666435103017,0.16666665284394008,0.16666667915202782,0.16666669258748326,0.16666665238909661
647,1a6de49a38c0cec3636fd050787d75c31f7d3635650de6b91b6f41146ea3521b,Bacterial-Spot(752),5,0.9999999999997948,0.16666674411677324,0.16666668884911093,0.16666680116102775,0.16666654516382826,0.16666641483967953,0.16666680586958038
648,a41c7f2e49709ef976146ee6a13d0cdef410f7307e3e93d94145e2583b2e446c,Bacterial-Spot(752),4,0.9999999999999972,0.16666665893473076,0.1666666644708651,0.16666665319662255,0.1666666788354347,0.1666666918564481,0.1666666527058988
649,2768b784c2e8d3eec545cf42244d69b5c825b00e0909934b5c66c7cdf4cc0dba,Bacterial-Spot(752),5,0.9999999999999992,0.16666666823846518,0.1666666671414778,0.1666666693455554,0.16666666424786206,0.16666666161326638,0.16666666941337324
650,55f0ef491f6f8ba4a17822bd3889c01137a886a7d2139400778c3369e7303980,Bacterial-Spot(752),5,0.9999999999999395,0.1666667085148163,0.1666666786563526,0.16666673932951218,0.16666660102306302,0.16666653060702424,0.16666674186923155
651,3aae240e7872cee557883ab1c17c9d3fa9074fa7f91b6ff22eacb1272b96891e,Bacterial-Spot(752),5,0.9999999999998661,0.16666672919240394,0.1666666845999428,0.1666667751949386,0.16666656862363496,0.16666646342162084,0.16666677896745885
652,f5bbd7281ab8ed4326e9746685dfc935d61cf21751d442fece537165e4834c02,Bacterial-Spot(752),5,0.99999999999976,0.16666675046893215,0.16666669065933135,0.16666681221505517,0.16666653517813,0.1666663941588925,0.16666681731965885
653,579db28410f1249b25f6ed95566583a82c1d0e1b23cee881ca493e089c641046,Bacterial-Spot(752),5,0.999999999999931,0.16666671135549288,0.16666667945074756,0.16666674429746786,0.16666659653294094,0.1666665213315311,0.16666674703181975
654,ce1f873d98d932ebe1218b8ff5f935d378b4530325f0762e4d571f8b1994d1a2,Bacterial-Spot(752),5,0.9999999999999694,0.16666669625453706,0.1666666751395225,0.16666671804297503,0.16666662025144668,0.16666657046761466,0.16666671984390405
655,077a2e50727cf1f30257225e7901520b42547709998224abfb0c1e935f5f610b,Bacterial-Spot(752),5,0.9999999999998955,0.16666672183309592,0.16666668246378508,0.1666667624694811,0.16666658011741767,0.16666648728930528,0.16666676582691492
656,b5537aa3323969442a3f10c431662c945cb8a71efb21d1cc1d5f6548a4877108,Bacterial-Spot(752),5,0.9999999999996844,0.16666676275967096,0.16666669419386893,0.16666683353035885,0.16666651592290024,0.16666635422736123,0.16666683936583976
657,22232f5d48d9c4a581c67b45e51e43a6277f57dc04df7df27de02090757efd2d,Bacterial-Spot(752),5,0.9999999999999903,0.16666668285742856,0.16666667129941665,0.166666694789708,0.16666664125955963,0.16666661401464963,0.16666669577923746
658,d536a71c32bd2d02e420f2e788e48923a09411af22267fff83e8b03b9816cad7,Bacterial-Spot(752),4,0.9999999999999972,0.166666658863063,0.16666666440822592,0.1666666531594601,0.16666667886697403,0.16666669199047585,0.16666665271180117
659,d142102bd5d9fc2e2819b71d27b7ad1ede303536e26e0dbbc7cda785a3608ef4,Bacterial-Spot(752),5,0.9999999999998129,0.16666674058710346,0.16666668785316438,0.16666679501135323,0.16666655072267758,0.1666664263380711,0.16666679948763022
660,bd4c63971bfec09a18e7c10994ad03061454c5eecefd7a12cf5ab462d4f33e99,Bacterial-Spot(752),5,0.9999999999999879,0.1666666849891326,0.16666667192357143,0.16666669846523793,0.16666663794015985,0.16666660711302525,0.16666669956887298
661,2de85ff8031dcd99ac097191dc5d74cdb63233aa67f60f112549ce16a67ff3e3,Bacterial-Spot(752),5,0.9999999999999988,0.16666667012054634,0.16666666769481447,0.1666666725898855,0.16666666131888627,0.16666665552031068,0.16666667275555674
662,46cd472dc47cf70e1736d020dee7e802c3c8fe2c9470886a4eb1577fd283083f,Bacterial-Spot(752),4,0.9999999999999974,0.16666665925177032,0.16666666454318174,0.16666665378476045,0.166666678303034,0.1666666907830904,0.1666666533341631
663,1c3a298d883c27f68f4019f836698dfafcf3142f34f79e7418ca07a712dca0f7,Bacterial-Spot(752),5,0.9999999999997846,0.16666674604181947,0.1666666894251139,0.16666680447036722,0.16666654217935561,0.16666640861653306,0.16666680926681082
664,9a9412b0993fc8f2a6f71e6b08d53e953fabea8bbae23ae261c8bbe09eefaac4,Bacterial-Spot(752),5,0.9999999999998078,0.1666667416135373,0.16666668812854837,0.16666679682383637,0.16666654908239106,0.16666642296758843,0.16666680138409842
665,8e06280ba57112c67a0327290829a1a4adc1b7fd7b5d160143f5895c49d46a08,Bacterial-Spot(752),5,0.9999999999999699,0.16666669604946702,0.16666667508967112,0.16666671767276386,0.1666666205873063,0.1666665711499268,0.1666667194508649
666,0e223c826d61d6134efbfd0a05798e750c64599cb0c950be105f24d46c44e758,Bacterial-Spot(752),5,0.9999999999999801,0.16666669025634584,0.1666666734235696,0.1666667076258967,0.16666662966307755,0.16666658997145048,0.16666670905965977
667,ddb0adf46a52601bd6ad9498885b59e2e9f6bb9766d0729cd512183d3378cc69,Bacterial-Spot(752),4,0.9999999999999898,0.16666665006988032,0.16666666193560956,0.1666666377995959,0.16666669274643683,0.16666672068314806,0.16666663676532928
668,c642c01615f71b8a86d7fe7d729e0a7cf88cc5b4ba4550483acb11fe08430b51,Bacterial-Spot(752),5,0.9999999999999359,0.16666670977318968,0.1666666790230319,0.16666674150239602,0.16666659906049208,0.16666652652946798,0.16666674411142235
669,69ce38517e09822a95969acb3e53228cdac5202bcd4e976454887eda8e7e6caf,Bacterial-Spot(752),4,0.9999999999999977,0.16666665990155627,0.16666666470292182,0.1666666549666167,0.16666667723381237,0.16666668860976727,0.16666665458532562
670,5dc6d5d015cc3c48b23ebd0aa67fad7a000f0648f9c5546ae89b556d240d8776,Bacterial-Spot(752),4,0.9999999999999688,0.16666663676306898,0.1666666581196636,0.1666666147037218,0.1666667136115748,0.1666667639363203,0.1666666128656504
671,26ae4ca98d418790e461b71e4b43323201cfeb1d73f026dc2875fdee50fd6ff8,Bacterial-Spot(752),5,0.9999999999997776,0.16666674729190845,0.1666666897573689,0.16666680668873243,0.1666665401726784,0.16666640449862677,0.16666681159068505
672,3e9645f815965a6846e6d0049c9a1b5d81d09c0ef4700c84a858f42203fb0b5c,Bacterial-Spot(752),5,0.9999999999998667,0.16666672903193486,0.1666666845406775,0.1666667749481159,0.16666656884693357,0.16666646390679177,0.16666677872554647
673,ca9396260d862347b7d5fa36fc081a54a2008ab7824751b09e5ad8bcc0ddfc95,Bacterial-Spot(752),5,0.9999999999998394,0.16666673516056613,0.1666666862756432,0.16666678562523932,0.1666665591984369,0.16666644394139854,0.16666678979871596
674,f7aa9d05ae3e08aca17379bafe6acf62ddcdc3dab372a4e697fb20cb5d720e97,Bacterial-Spot(752),5,0.9999999999998485,0.16666673317167102,0.16666668571362864,0.16666678215442285,0.16666656233407626,0.16666645042770684,0.16666678619849445
675,04a63f9bdfd31c7c1a696f31c29074f19475d7acbe5884509cfd23a37945755a,Bacterial-Spot(752),5,0.9999999999999759,0.16666669288204705,0.16666667419303471,0.16666671216609527,0.16666662556614148,0.1666665814541098,0.16666671373857164
676,0f2f82c7d1b77a5d211ecb64b7f6fbbf9d99b078d42e55a02cb2f5b00c60c3fe,Bacterial-Spot(752),5,0.9999999999998282,0.16666673755297878,0.16666668698752932,0.16666678973041849,0.16666655549248505,0.16666643621771604,0.16666679401887238
677,e06c0e677df338774e66197e5ca90cf8046fdb36629ff6b94546bb1a6554996e,Bacterial-Spot(752),4,0.999999999999972,0.16666663848000882,0.1666666586195916,0.1666666176631429,0.166666710937242,0.1666667583793629,0.1666666159206517
678,7ec9ca0cbffe87d5f29b845d743abd2f6a7d5d61759cccef1070dbdffeeb379a,Bacterial-Spot(752),5,0.9999999999997806,0.16666674675977702,0.1666666896246134,0.16666680571906475,0.16666654104851303,0.16666640628111537,0.16666681056691643
679,184eace9d6a75fe338f547da224849587a7d395e4bcff910a4023ce13996fb76,Bacterial-Spot(752),4,0.9999999999999992,0.16666666625172724,0.16666666656562473,0.1666666659073436,0.1666666673530863,0.16666666805996982,0.1666666658622482
680,37411a535cdff3b51cb279426956a6e76b94a5e81798366e5dc8c2f6c1eb90f3,Bacterial-Spot(752),4,0.9999999999999898,0.16666665006741269,0.16666666189937807,0.16666663786403751,0.16666669268538994,0.16666672061374768,0.16666663687003405
681,b9aead61f16c83594f72606ad9541d12cc2ff967a720fd974b2dedb733c7164f,Bacterial-Spot(752),5,0.99999999999982,0.1666667392157759,0.16666668746603547,0.16666679261659348,0.16666655288597843,0.16666643081233778,0.16666679700327902
682,7a0eeb16d59f7d8a1a18ec90bdcf2619147f973a521b5cfc6742fbde89bed586,Bacterial-Spot(752),5,0.9999999999998259,0.16666673799823808,0.166666687109382,0.16666679051280014,0.1666665547847826,0.1666664347599577,0.16666679483483943
683,7d04d56cebe6e90be720af5eaece6f9166f1f5ca5a53447ed2570f9f6d0a5dfa,Bacterial-Spot(752),5,0.9999999999997432,0.1666667533477534,0.1666666914978711,0.1666668171851738,0.16666653068877707,0.16666638483141527,0.16666682244900935
684,3ef0371548346bcf72d1a397b95f6292b8e4c9ab3643ee292bc30cdeb0e006f6,Bacterial-Spot(752),5,0.9999999999999348,0.16666671011333847,0.1666666791053787,0.16666674211937949,0.1666665985012375,0.16666652539420984,0.1666667447664559
685,c917c66ade13b97be5f671a81743abb790c68a8bb91306ee8f4bde34a8a42415,Bacterial-Spot(752),5,0.9999999999999072,0.1666667186746804,0.16666668156613396,0.16666675696810895,0.1666665850871959,0.16666649757798688,0.166666760125894
686,0b1edbaac16d942b20883c4a8ec0a7237d808866777bb2525f9f58de087277df,Bacterial-Spot(752),5,0.9999999999997234,0.166666756616796,0.16666669242374163,0.16666682288542128,0.16666652553908934,0.16666637417535501,0.16666682835959684
687,1d6874add9ca7d50cabe453a40f3a61bae2d532c36f7d491d97b62393a43223f,Bacterial-Spot(752),5,0.9999999999998963,0.16666672160199353,0.16666668239443008,0.1666667620698697,0.1666665804771666,0.16666648803932488,0.16666676541721528
688,f886034da6a297518acfe10261f59183964cace7d70ded23c12426a7348e14a7,Bacterial-Spot(752),5,0.9999999999999064,0.1666667188469234,0.16666668163026319,0.1666667572460618,0.16666658483901622,0.16666649704080855,0.16666676039692682
689,4f110afcae8f434ba692bec5fa0ffca8f963a2227b18bdfa9ac18ae00023b119,Bacterial-Spot(752),5,0.9999999999999398,0.16666670849929457,0.16666667866597631,0.16666673927267386,0.1666666010748972,0.16666653069156412,0.16666674179559401
690,94b6c2d6c7a5210de96454ee10f045becba4c01e79e0a6844a7649dc35ae4dc9,Bacterial-Spot(752),5,0.9999999999999465,0.16666670600778302,0.16666667796745446,0.16666673492478828,0.16666660500582306,0.16666653881565668,0.16666673727849443
691,238c0a7c09e4533efc3bdd03df941f818ca7fd3ce35a5f7973605a6a32aabd81,Bacterial-Spot(752),5,0.9999999999999964,0.16666667579052988,0.1666666692388895,0.16666668259098377,0.16666665227759103,0.16666663690982003,0.1666666831921858
692,f64eb10c80cb0f486e3a956edd3ae3b96268077c8b070f41fea0e74115f4c2ca,Bacterial-Spot(752),5,0.9999999999998721,0.16666672776377403,0.16666668417925862,0.16666677273821873,0.16666657084253755,0.16666646803939666,0.16666677643681446
693,9e8276f049ef9a79ecf9b42a7fcf9f55302db60f4803670d6a16487dc9ce722a,Bacterial-Spot(752),5,0.9999999999999324,0.1666667109941891,0.16666667936994872,0.16666674362551365,0.16666659714164112,0.16666652255656658,0.16666674631214085
694,56ea1339f73b34d2895f618dcbd6b8edd8ec23963e902ae8f2392712b891fdaa,Bacterial-Spot(752),5,0.9999999999999512,0.16666670421385077,0.16666667743578395,0.1666667318361767,0.16666660779282685,0.16666654461958744,0.16666673410177427
695,d2899b3504bd3213c9af858426cac7f8a26e6b403ccd310fb9fcb34977a41497,Bacterial-Spot(752),5,0.9999999999997261,0.16666675617922844,0.1666666923211842,0.1666668220801906,0.16666652626804926,0.1666663756493865,0.16666682750196105
696,1e15f837f878103bf6fc6e7de1c732e8302f3046028ea83bd2efa41d0df0a340,Bacterial-Spot(752),5,0.9999999999997984,0.16666674344393975,0.16666668866610596,0.1666667999745803,0.16666654623661353,0.1666664170476082,0.16666680463115224
697,187b454d7fe0bd0b4eaaa082c17e25159e73b05cd74cee51cc93adbb636a223b,Bacterial-Spot(752),5,0.9999999999997495,0.16666675222650296,0.1666666911560633,0.166666815279632,0.16666653240897197,0.16666638843012901,0.16666682049870063
698,28ccb85d11cbb0e85147ecdaf47c5962f044e48669a6dafb3e20a483f09f4272,Bacterial-Spot(752),5,0.9999999999997882,0.16666674535763054,0.16666668922581415,0.16666680327840386,0.1666665432535606,0.16666641084670775,0.16666680803788303
699,b3038840e06909cf126b81528346151471b2bcd07efe3c68ba519613e31cee79,Bacterial-Spot(752),5,0.9999999999998799,0.16666672584141154,0.16666668361040177,0.16666676943293637,0.16666657382654745,0.16666647425306624,0.16666677303563662
700,7053d951a338f99599657a07bc4bc9ee0b8b331f7e5f8487f132f9b5a2f94c18,Bacterial-Spot(752),5,0.999999999999978,0.16666669158826147,0.16666667380818723,0.16666670993409669,0.1666666275784282,0.16666658564582915,0.16666671144519735
701,39da22448db659af2bc67809a6f6e30eca466093d42594f91927a318cb90c6e2,Bacterial-Spot(752),5,0.9999999999998574,0.1666667311713736,0.16666668516332642,0.16666677864478244,0.16666656550827022,0.16666645697130733,0.16666678254094003
702,b505cfa9a940c0a66ea263a1184e426c7e14fa1da01b43b551bd4da4b330621d,Bacterial-Spot(752),4,0.9999999999999918,0.16666665183614723,0.1666666623984123,0.16666664094835093,0.1666666898980049,0.1666667148484759,0.1666666400706088
703,eceb01fd72e390ea87dbf476519dce988c02ecfa34c88b7d5dffe56d85f89fce,Bacterial-Spot(752),5,0.9999999999996865,0.16666676248690934,0.16666669413541169,0.16666683302370192,0.16666651638334198,0.16666635515077055,0.16666683881986458
704,6e4aa8579e814ae36bb765bcd9607b300f0e8355d76cf2e675463fde2e307399,Bacterial-Spot(752),5,0.999999999999917,0.1666667158023301,0.1666666807724123,0.16666675193005479,0.16666658964228703,0.1666665069730631,0.16666675487985264
705,d66c2f30ddd779b1490a3c2aa6ab2fd65d0f81ccc72387aac7b7fdd91895869a,Bacterial-Spot(752),5,0.9999999999997516,0.1666667519001287,0.16666669109087492,0.1666668146642953,0.16666653296853207,0.1666663895452899,0.1666668198308792
706,3c917cff941d667441d17a7a0e855a80cda56af6458926d33ddd1ec0caaba5b6,Bacterial-Spot(752),4,0.9999999999999764,0.1666666406952311,0.16666665926373567,0.16666662149834374,0.16666670747492485,0.166666751188807,0.1666666198789578
707,47bb654e070ec84b9d4af95c404303f31618056482ee0ef4ffa2b2be6e455654,Bacterial-Spot(752),5,0.9999999999998497,0.16666673293459947,0.16666668564745818,0.16666678173814584,0.16666656270999247,0.16666645120386595,0.16666678576593813
708,d44ec4081b22a4a672b722981eeb401e1eb94899a78df20ed0cdaecc14b029a2,Bacterial-Spot(752),4,0.9999999999999986,0.16666666191541155,0.16666666533566382,0.16666665835403355,0.16666667417775377,0.16666668218546915,0.1666666580316682
709,45f109aa3730eb4940b540c6877cec80c2f622cee338e888743e4493b09f7eb7,Bacterial-Spot(752),5,0.9999999999998042,0.1666667423250785,0.1666666883343382,0.1666667980565228,0.16666654796917807,0.16666642065716075,0.16666680265772166
710,b6be1caa300847df0c7253b0bf5c12d9cd198cf2a40e51a57c07e0ffc8e1f729,Bacterial-Spot(752),5,0.999999999999948,0.16666670547985957,0.1666666778077367,0.1666667340271502,0.1666666058166846,0.16666654051028557,0.1666667363582834
711,4f7bfbeed1622976ea5be51227c276c748dbad6497ca06f83237f88958d934f9,Bacterial-Spot(752),5,0.9999999999997935,0.16666674433481704,0.16666668890798184,0.16666680154782104,0.16666654481437887,0.1666664141214061,0.16666680627359512
712,dae55710363e0caa8538e89c55a0eed996497344a2198e8611d16c554574d3dd,Bacterial-Spot(752),5,0.999999999999982,0.16666668924055858,0.16666667315758021,0.16666670582206133,0.16666663129662718,0.16666659331805075,0.16666670716512186
713,572972955d68d2da36df3ec9a2888ac84c682e2398cc72754529a038a715bfc8,Bacterial-Spot(752),4,0.9999999999999903,0.16666665043018689,0.16666666200024124,0.16666663849890045,0.16666669211137872,0.16666671942881794,0.16666663753047478
714,95cbd95fbb63e447743f9658f74a8a312a311099109fb4d39c51740ebfbcd576,Bacterial-Spot(752),4,0.9999999999999974,0.16666665919096602,0.1666666645452875,0.16666665364436184,0.16666667843211286,0.16666669101964254,0.16666665316762935
715,408ee06c8da1f97df80845be20aba82728b63888d23a38b2256b15a982da08aa,Bacterial-Spot(752),5,0.9999999999996654,0.16666676563853303,0.16666669502268794,0.16666683852540048,0.1666665114116579,0.166666344870987,0.16666684453073363
716,742625ccd3c79284966acf8f87d061f6e3bd6f284fb1a3a004b97d7ee6fe3203,Bacterial-Spot(752),5,0.9999999999997315,0.16666675524795158,0.16666669204428503,0.16666682049033563,0.16666652770527132,0.166666378645694,0.1666668258664624
717,2370a56407d243e708407cde7a62d7d5e4bc27570d1b5b8d4296c68900aa790f,Bacterial-Spot(752),5,0.999999999999924,0.1666667137418498,0.166666680154854,0.16666674840299034,0.1666665928259853,0.16666651361545595,0.1666667512588646
718,f8d9bbd06c59024ab08d4dc3d5e10381041c17e38dcbb2e34b21ea8bbc6203ae,Bacterial-Spot(752),5,0.9999999999998016,0.16666674281784635,0.166666688485739,0.1666667989034379,0.1666665472074217,0.1666664190635135,0.16666680352204155
719,1810c193b55c5f8378505d0dde2b2638b39c5d50e86950b78e45fc1f70310d73,Bacterial-Spot(752),5,0.9999999999998904,0.16666672319066916,0.16666668285213293,0.1666667648312785,0.1666665779845126,0.16666648286986815,0.16666676827153862
720,e5b7518493de7e26b35086c269877c5eb6eeb8ba0fe4a8b7303460e22bcb296b,Bacterial-Spot(752),5,0.9999999999996696,0.1666667650071337,0.16666669483882202,0.16666683742826083,0.16666651240105954,0.16666634692557772,0.16666684339914625
721,d4252466b1d62794846c6636e938b421f590bf23aa2966789914d00f23548f4e,Bacterial-Spot(752),5,0.9999999999997304,0.166666755474738,0.16666669211663165,0.16666682086829,0.16666652736406265,0.166666377926354,0.1666668262499237
722,4bd5ad4041e461a24c9bc479cc4026aa0d24233be0d86f1ee17aca82dff100da,Bacterial-Spot(752),5,0.9999999999997496,0.16666675224951538,0.16666669117134517,0.16666681530342922,0.16666653238830414,0.16666638837347633,0.16666682051392986
723,c458e19db7244879c0df3f66798c63e29797c3fbe66dd382c67aa6911fac4692,Bacterial-Spot(752),5,0.9999999999999721,0.16666669493217895,0.1666666747818266,0.1666667157126098,0.16666662235991378,0.1666665748048031,0.1666667174086678
724,cceda8f3494facbe42df5dfc3663e6df2738b2bba1304a79dab778d4d1843d0b,Bacterial-Spot(752),4,0.9999999999999978,0.16666665999746702,0.16666666472605352,0.1666666551410802,0.16666667707574476,0.1666666882890588,0.16666665477059572
725,6d09d9c568275faf3b7f9507860606007d6fb676fa121c3f3dbefe5989466b8a,Bacterial-Spot(752),5,0.9999999999999118,0.16666671729880214,0.1666666811823842,0.1666667545674051,0.1666665872587985,0.16666650206342343,0.16666675762918667
726,97a3c9b11a7025cc5f86ec1a1cc72b099dba4412d5c2309996abc13082ffd32f,Bacterial-Spot(752),5,0.9999999999999796,0.16666669071579981,0.1666666735791933,0.16666670838134467,0.16666662898348703,0.16666658852474434,0.16666670981543086
727,5116f16f64ba8332317884603b8b04f9367a887899d2247ce33ee9c76087ed1d,Bacterial-Spot(752),4,0.9999999999999116,0.16666661596429302,0.1666666521679657,0.1666665785799942,0.16666674624728872,0.16666683156932122,0.16666657547113709
728,8a55ed63a716a122028c4adc5ded3fdde2d03eeb220baa7ae0773b8312e92651,Bacterial-Spot(752),4,0.9999999999999417,0.1666666255869253,0.16666665492852897,0.1666665952832417,0.16666673115834116,0.16666680028888198,0.16666659275408097
729,2122b7fb8af3abe17693f4423ecc9385ee5e5482d3bb8dbec5cf9e197b259fc3,Bacterial-Spot(752),4,0.9999999999999843,0.16666664579393747,0.16666666071587646,0.1666666303699953,0.16666669945997614,0.16666673459043707,0.16666662906977753
730,7ee27c8c70f62941c6172113a89e6a9aef3270266370944a0ff480e81e9266cf,Bacterial-Spot(752),4,0.999999999999955,0.1666666306357084,0.16666665636554936,0.16666660406258726,0.16666672322505866,0.16666678386010583,0.16666660185099047
731,d7d40992f6e72ae366076812c051536229505b7869eee675bbf15085b9564d23,Bacterial-Spot(752),4,0.9999999999999378,0.16666662421936596,0.1666666545345907,0.1666665929072966,0.16666673330332646,0.16666680473747286,0.16666659029794745
732,fb8a6bee757c882b2385bbcffd01c0d089f672d561b49cc6e731eddc6bdf16d7,Bacterial-Spot(752),4,0.9999999999999656,0.16666663515616392,0.16666665765561703,0.16666661191946242,0.16666671612629963,0.16666676915433828,0.1666666099881188
733,e15d11b1b14d2eb897bac19d59583147e4b3a8e40fc89347cb74259cc65f54b5,Bacterial-Spot(752),4,0.9999999999999649,0.16666663493652112,0.16666665758506793,0.16666661155164073,0.16666671645770562,0.16666676985332837,0.1666666096157362
734,27579900fee374d11501d78780ce2bc8f823ff26fb09f031518b29fcddc92e15,Bacterial-Spot(752),4,0.9999999999999467,0.16666662743471747,0.1666666554467183,0.16666659850404758,0.1666667282456224,0.1666667942684217,0.16666659610047257
735,0db1f8c3a66ffa5a9e93b6f452eb6e5ec6757cd1372398d851c416b078895b1a,Bacterial-Spot(752),4,0.999999999999995,0.16666665542879086,0.16666666342658035,0.16666664719227287,0.16666668425798262,0.16666670316080703,0.16666664653356625
736,92bdb563994b57903384dc965ec22229f8f22494cab7933748c5f51c126e4063,Bacterial-Spot(752),4,0.9999999999999447,0.1666666266539738,0.16666665522483845,0.1666665971482938,0.16666672947133082,0.1666667968065508,0.16666659469501235
737,f8c59ea1adbe462e6ce09a113487fd3ea026140ea23a44a90e72152fada50201,Bacterial-Spot(752),4,0.9999999999999584,0.16666663204118803,0.16666665676446696,0.16666660650847934,0.16666672101473484,0.16666677928454185,0.16666660438658892
738,31f4d89539fc05670a15544ddbb3636ee849ac0783aeadaec08e5698bac0d066,Bacterial-Spot(752),4,0.9999999999999168,0.16666661753405485,0.166666652616931,0.16666658130182452,0.16666674378709612,0.16666682647057562,0.1666665782895179
739,43a5ebc22522d228fe927122eba7ab55d0644384651e674f547d947e1cec800d,Bacterial-Spot(752),4,0.9999999999999554,0.16666663075430796,0.16666665639694858,0.16666660427102303,0.16666672303598548,0.16666678347197808,0.16666660206975692
740,3ae874ae861dea16f9dd9f0eb7c85a0395d6bc42501b0e6f2d8179a7a35eb927,Bacterial-Spot(752),4,0.9999999999999507,0.16666662896509565,0.16666665588778404,0.16666660116268556,0.16666672584550277,0.1666667892904021,0.16666659884852975
741,5d031fe48eb22828aa73e1a2be366fa9e99b0fabd7e9bcde48574d94c5fa7e99,Bacterial-Spot(752),4,0.9999999999999453,0.16666662689180683,0.16666665529540947,0.16666659755881666,0.16666672910118202,0.16666679603576054,0.16666659511702436
742,c3e8b77548a0558cc64ce4398d4d96837d5372e48d736a05a701dd1fd59d0ecf,Bacterial-Spot(752),4,0.9999999999999347,0.16666662309460176,0.1666666542160905,0.16666659094699088,0.16666673507455232,0.16666680840264544,0.1666665882651192
743,33ed423f07afc092833f7ced85b10af94a5e408725c931ec0b80c32315a138ef,Bacterial-Spot(752),4,0.9999999999999349,0.166666623296997,0.16666665427289448,0.1666665913022309,0.16666673475388621,0.16666680774010445,0.16666658863388686
744,78600ac51810efac16710ad8e86b56b141867ca32ae7be8129da8c0238bd8fd5,Bacterial-Spot(752),4,0.9999999999999134,0.16666661644211517,0.1666666523015918,0.16666657941124915,0.1666667454949808,0.16666683001459656,0.16666657633546653
745,7993d2224a577f70a5d79510c6b59166b0ffd5cb63fe8180fcac926b08cd3aab,Bacterial-Spot(752),4,0.9999999999999762,0.16666664063898373,0.16666665923120183,0.16666662143082173,0.16666670753421464,0.16666675133796394,0.16666661982681402
746,6393eaa5341bf53b88a4119bd6dd48dee8abb94ceb2945990bb6b7e7ea01542a,Bacterial-Spot(752),5,0.9999999999999964,0.1666666759080343,0.16666666928711268,0.16666668277077978,0.1666666521172356,0.16666663655456965,0.16666668336226795
747,ac2807ef3075b063c0ff4a2bca503a4d9a0663335b86afeaa49d57c404e5e94c,Bacterial-Spot(752),4,0.9999999999999243,0.16666661979052178,0.1666666532622879,0.1666665852214764,0.16666674024586356,0.16666681913242518,0.1666665823474253
748,f748d7b7881eae1a84db26fb98de6f03de8dfaf0a11b48c7dff28e4da663f59c,Bacterial-Spot(752),4,0.9999999999999519,0.1666666294741853,0.1666666560446893,0.16666660202758674,0.16666672506557614,0.16666678765636062,0.16666659973160175
749,678fd9ec474da623ddfa63371990dfce3acbfb6d4c0542bea3693d7826c00166,Bacterial-Spot(752),4,0.9999999999999772,0.1666666413202443,0.16666665942909242,0.16666662261114942,0.166666706468734,0.1666667491255707,0.16666662104520905
750,2f2be8dc936e688d56f923dc6aeba47592f3504de7400440d0f63187fe1b270e,Bacterial-Spot(752),4,0.9999999999999482,0.16666662796421192,0.16666665560591382,0.16666659941148163,0.16666672742703187,0.1666667925600553,0.16666659703130543
751,8f6b7ce96ab0d9bf8955664864d2a6634b4651f0a9851c012e3ae961973bf703,Bacterial-Spot(752),4,0.9999999999999324,0.16666662230372611,0.16666665398261923,0.1666665895849311,0.16666673630399137,0.16666681096167912,0.1666665868630532
752,a3d6a8adfb421d2dff99b02696a6320166c0ab1e6e0b5ac25106c5b0606af01f,Bacterial-Spot(752),4,0.9999999999999977,0.1666666598555935,0.16666666471108543,0.16666665484494717,0.16666667734530255,0.1666666888064128,0.1666666544366585
753,242b4cf63b1f88b65ff1d82010d2e4c677a0f8e4a81f5a51a69f3ea0c2cfa43a,Bacterial-Spot(752),5,0.9999999999999194,0.16666671501991834,0.1666666805133825,0.16666675064302752,0.16666659080312957,0.16666650943584885,0.1666667535846932
754,4e463baa6d67cd5917d6bb1254099237bb92d0e5cc7efffb8a5e9bcb9c234f36,Bacterial-Spot(752),5,0.9999999999998664,0.16666672910287092,0.16666668456168582,0.16666677507255154,0.16666656873516716,0.16666646367443844,0.16666677885328612
755,8f119dcf03c50ac5f270b60a3e43ab2cf512db99ca24744de8319ecf2eed49cf,Bacterial-Spot(752),4,0.9999999999999797,0.16666664273446627,0.1666666598163826,0.16666662509586946,0.16666670422138308,0.16666674449534447,0.16666662363655413
756,e4a1325932311ff5e26a9ceef6d579914e0448e66b899845cbff3b72b8cf4bd3,Bacterial-Spot(752),5,0.9999999999998106,0.16666674105076726,0.16666668795852413,0.16666679586500094,0.1666665499482247,0.16666642477646082,0.1666668004010222
757,00c4577910acf87971c2d124fc2e413a903153ffdd240515de148f562dfec02d,Bacterial-Spot(752),4,0.9999999999999958,0.16666665663287888,0.16666666376572062,0.16666664929191374,0.16666668236016402,0.16666669923620978,0.1666666487131128
758,30956a897a4c51da53553581d21e7733e4d4dd5e443bbee6c0bf1150e5c125b6,Bacterial-Spot(752),4,0.9999999999999678,0.1666666363674312,0.1666666580104497,0.16666661400398958,0.16666671424295237,0.1666667652375941,0.1666666121375829
759,2fa0b242c3d7eac282965e1f5b910a74908e75d8c03d99131948534337aab646,Bacterial-Spot(752),5,0.9999999999999978,0.16666667333780216,0.16666666857440046,0.16666667825573547,0.16666665619654444,0.1666666449707082,0.16666667866480933
760,6226ea65ba8eedc81e304ec6a89c2a01333f7196d4545142a9712e91410447db,Bacterial-Spot(752),4,0.9999999999999917,0.16666665176395587,0.16666666239933278,0.16666664078730092,0.1666666900466358,0.1666667151226306,0.16666663988014405
761,a1dde9edca9ce305e3bd1835ea98f98ada51c483b9fa5e1949487646a758596b,Bacterial-Spot(752),5,0.999999999999999,0.16666667005332025,0.16666666763068275,0.16666667256278236,0.16666666134045385,0.16666665563753474,0.16666667277522612
762,c4c412a6192f829a261779651e4cec9088cab8b5bcf0f029e046f718d8b066bf,Bacterial-Spot(752),4,0.9999999999999979,0.16666666033955949,0.16666666487577872,0.16666665563763863,0.1666666766318915,0.16666668728623407,0.16666665522889765
763,dfc5e896f2898723b5571d80b57197c609337663fec56b0aefe1becbe1276fa2,Bacterial-Spot(752),5,0.9999999999999967,0.1666666753084492,0.16666666917259965,0.1666666816161412,0.1666666531642999,0.16666663863220643,0.16666668210630367
764,0bc450f273f0f71ffafc8165b374ca4037ab4133cc9b91d7486e1b1e10182c91,Bacterial-Spot(752),5,0.9999999999999757,0.16666669298726036,0.16666667420522224,0.16666671237358252,0.1666666253750039,0.1666665810852712,0.1666667139736599
765,82006476b4e567b39945cf5431f7626eba61aad686a3a8be4d37bd2fee6b1a12,Bacterial-Spot(752),5,0.9999999999999514,0.1666667041235635,0.16666667738188612,0.16666673173967625,0.16666660787914694,0.16666654484451995,0.16666673403120724
766,beb788e7e83e1ac0fb9bceb1480688f46ac4b99b36208f42d4780a4c8f559f2c,Bacterial-Spot(752),5,0.9999999999998106,0.16666674107967452,0.16666668798088197,0.16666679588657854,0.16666654992956553,0.16666642471481863,0.16666680040848078
767,6488e89ba8796a321aa5c1a6b7f61bcce62b18342bf21a046afb455f178eeb7c,Bacterial-Spot(752),5,0.999999999999995,0.16666667782669178,0.16666666988193438,0.16666668600875834,0.1666666491942507,0.16666663042253027,0.16666668666583456
768,e0a91bf90afed204a024177ef6db4f0efd8667cb4647ea4ec5250de57e675474,Bacterial-Spot(752),5,0.9999999999999533,0.1666667034008856,0.16666667717046915,0.16666673048927638,0.16666660900748692,0.16666654718962398,0.16666673274225788
769,65077d8464c4841d1f505989c70dc5b94136fda5861a429695faaf26ca725231,Bacterial-Spot(752),4,0.999999999999997,0.1666666584985795,0.16666666429777022,0.16666665253805968,0.16666667942781804,0.16666669316261348,0.16666665207515918
770,c4cb9699d2e080f1a0144f63ab34d9af0bfabe9600e94fef8b2ffabec74cf34d,Bacterial-Spot(752),5,0.9999999999999978,0.1666666731674086,0.16666666853091125,0.16666667794759588,0.16666665647488588,0.1666666455387855,0.16666667834041293
771,ed1a207eadc2f4c0cf31b5379189d55f0fe2c04c0bccd70d0f62ad5a63a9e17c,Bacterial-Spot(752),4,0.9999999999999906,0.16666665077433684,0.16666666213224293,0.16666663903198684,0.16666669163251302,0.16666671838243932,0.16666663804648113
772,3c45dd0628ed49048a08ff26504dc80b00bf388641ec94355583b37ab0fd8034,Bacterial-Spot(752),5,0.9999999999999648,0.16666669841385878,0.1666666757517591,0.1666667218144409,0.16666661684604492,0.16666656342091393,0.16666672375298236
773,de8bef462b3ab7421fad1261c03eede1c51e7f9ddd0b97e5003e8350cd90e673,Bacterial-Spot(752),5,0.9999999999999714,0.166666695274422,0.16666667482972589,0.16666671640257036,0.1666666217323019,0.16666657358438067,0.16666671817659937
774,38c3d534f19b86c323316bdb2d5e18d593ed0d8a90917d270b6046bb8451552c,Bacterial-Spot(752),5,0.9999999999999364,0.1666667096314839,0.16666667897801374,0.1666667412748155,0.16666659926801874,0.16666652696814432,0.1666667438795237
775,fc483e2ad980e6545292f21a12d41efacfb79b739688d4b92e30606a6f5f87c7,Bacterial-Spot(752),4,0.999999999999993,0.16666665315637705,0.16666666281028722,0.16666664317338348,0.16666668789007286,0.16666671063216631,0.16666664233771303
776,c4b313f06e1a324baf8767480541cba74a0bd128ade2277ed4e57b46725248bb,Bacterial-Spot(752),5,0.9999999999998714,0.16666672786271777,0.16666668419022443,0.16666677295329232,0.16666657064909424,0.1666664676677246,0.16666677667694654
777,5dbe9398d3356f5318be33d1d3b60af96400a8f964fc1a39e9585cdf12dd8b3f,Bacterial-Spot(752),5,0.99999999999999,0.16666668317060726,0.1666666713907647,0.1666666953323086,0.16666664076994955,0.16666661299751762,0.16666669633885223
778,65885bee4332c01edfaf0ce250558c2e60650b5bb0552ab338ff2d11f9401fe6,Bacterial-Spot(752),5,0.9999999999998932,0.1666667224118818,0.16666668262062842,0.16666676350057125,0.1666665791872401,0.16666648537698722,0.16666676690269122
779,ecf028d9475696b022f6029e55b34efcc41a5b833aab1a63b2b7d5b3d95acbcc,Bacterial-Spot(752),5,0.9999999999999837,0.16666668817089858,0.16666667283074427,0.16666670399557731,0.16666663294303893,0.16666659676221635,0.16666670529752461
780,b734e1c60cc0ca0a4735cd44d20d0c78a1a02f22ed6308337f9a54dfcea75119,Bacterial-Spot(752),4,0.9999999999999892,0.16666664953313406,0.16666666173457378,0.1666666369591081,0.16666669350198032,0.1666667223251787,0.16666663594602493
781,f1c9527b51f6e728310bf2d42991110e0c644abfcf799df7af6661613f079a2a,Bacterial-Spot(752),5,0.9999999999999785,0.1666666914193153,0.16666667375513547,0.16666670965680072,0.16666662783020594,0.16666658617615612,0.16666671116238652
782,6f0663eb1aed7e0b24f39e79a770b83b23e4f98a9fa0d162ceb8530eaae81d86,Bacterial-Spot(752),4,0.999999999999995,0.16666665568082878,0.16666666352679738,0.16666664757262944,0.16666668391591843,0.16666670240620082,0.16666664689762511
783,881ef4d3a4d78f3e29645d82a021055473568ba06348a48f5fb69f650ce03823,Bacterial-Spot(752),5,0.9999999999999777,0.16666669186868413,0.16666667389226514,0.1666667104159497,0.16666662714391986,0.16666658473952384,0.1666667119396574
784,53a39f7dc2826cf60516d5cf3f20450d769748fcb541f091d780d3588d7db886,Bacterial-Spot(752),5,0.9999999999999983,0.16666667173095906,0.16666666814678238,0.16666667539996918,0.166666658778526,0.16666665026929717,0.16666667567446614
785,85b3e2f13c99cf12c3426fd927f5e8fc260d37d2c38336715946783999c43c4b,Bacterial-Spot(752),5,0.9999999999999629,0.16666669929976274,0.1666666760141951,0.16666672333043894,0.16666661547588452,0.1666665605663751,0.16666672531334348
786,2c43e16ba2878e19a93e465573db974977326dd234eeba6313aaab109d8e64ea,Bacterial-Spot(752),5,0.9999999999998898,0.1666667233789244,0.1666666828954832,0.1666667651773308,0.1666665776707508,0.16666648223635347,0.1666667686411573
787,f3beb82ad7790e000a90dec57f6464263c4792f665a5e87aecd6e47c0c8d3ea8,Bacterial-Spot(752),4,0.9999999999999915,0.16666665164161062,0.16666666237036898,0.16666664055590225,0.16666669025452105,0.16666671554263732,0.16666663963495973
788,7cf5c91cbe326f57714a7016d6a6cf52a497c65fa5cff0c821f6e3d7866e2786,Bacterial-Spot(752),4,0.9999999999999498,0.16666662861013296,0.1666666557810809,0.16666660054759738,0.16666672639884583,0.16666679044409627,0.16666659821824664
789,821c237f3e6313f922ef3a4355ccbd007c6f5cf338c40513c817923cb49b598b,Bacterial-Spot(752),4,0.9999999999999993,0.1666666660583447,0.16666666651060566,0.1666666655750633,0.166666667654288,0.16666666868421992,0.16666666551747839
790,0e0cee4e8bb37b04b5ee68fb2fa28a7d567a726a808619727000802a34e80ff0,Bacterial-Spot(752),4,0.999999999999975,0.1666666399596072,0.16666665903557237,0.16666662025003395,0.1666667086001722,0.16666675354844113,0.1666666186061733
791,3f87452567bb72b48f13dc5bcb6db5de799dd4ee8bf57b38f0cdf2364bdd057a,Bacterial-Spot(752),4,0.9999999999999948,0.16666665508882175,0.16666666332775482,0.16666664661104816,0.16666668478442723,0.16666670425505836,0.16666664593288966
792,f8bfe8a24bdfcfe7a10bc7f34f8065ef60babf6c565822f1e7cbb073361703f4,Bacterial-Spot(752),4,0.9999999999999954,0.16666665605973582,0.1666666636254254,0.16666664824906768,0.1666666833038612,0.16666670115351984,0.16666664760839006
793,f6f14a5687d61eb010f2005455cd2a4c182535621401b48465a06383674f05cc,Bacterial-Spot(752),4,0.999999999999994,0.16666665432399705,0.16666666312359502,0.1666666452417289,0.16666668601980386,0.16666670678983667,0.16666664450103857
794,583a12326a0fcd8cee2b72426043c541de844aaeff2c08d4614eaa7ac29c4539,Bacterial-Spot(752),4,0.9999999999999991,0.16666666453185114,0.16666666606478917,0.16666666293815502,0.16666667003514118,0.1666666736323034,0.16666666279776007
795,8d33eb3bcaecdb4e43c7ec29653ada1a01baa9e66a8867a5bbbb7bcd48f003e0,Bacterial-Spot(752),4,0.9999999999999969,0.16666665819594567,0.16666666423157234,0.16666665196815397,0.16666667994321818,0.1666666941971874,0.1666666514639226
796,57bee4d060253db383ae17a2d340f73f7da06d49b137a3d030de9b26fd2cf10d,Bacterial-Spot(752),4,0.9999999999999906,0.1666666508072803,0.1666666621277372,0.16666663911728974,0.16666669155459496,0.16666671824355003,0.1666666381495477
797,c977c62366935f5ab03cd4a83e70184e9af606afbbbe49e3b2a25e66ad04a146,Bacterial-Spot(752),5,0.9999999999999889,0.16666668423884576,0.1666666716783532,0.16666669721968294,0.16666663906267834,0.16666660948814985,0.1666666983122899
798,cf49e5f08364deb44203efaebba4ee0da8a2230bd46e5fb952bc076fa0e07734,Bacterial-Spot(752),4,0.9999999999999992,0.166666666545024,0.16666666662772694,0.16666666645998396,0.16666666685228887,0.16666666705743433,0.16666666645754197
799,dc95c30a96064d26f94503b1a3a8760c9ddb1b506ef970660bdf7510730a9f4b,Bacterial-Spot(752),4,0.9999999999999889,0.16666664922529673,0.16666666167351352,0.1666666363677198,0.16666669403740714,0.16666672339063293,0.16666663530542986
800,23bc9a164a6ce960f44fbad0ab15439d5a372930666e0d034be7312718ec33ee,Bacterial-Spot(752),5,0.9999999999999957,0.16666667704121815,0.16666666963256568,0.16666668469425586,0.1666666503803436,0.16666663292046052,0.16666668533115625
801,54691ec5013da0c0a2c520ee298f6f19e8beda7e69d2e89dc5d23f31e33aae86,Bacterial-Spot(752),4,0.9999999999999983,0.16666666149872142,0.1666666651983796,0.1666666576720064,0.166666674794059,0.16666668349264666,0.16666665734418687
802,64f6b2c91d92f78173d3acfc3c7577200ecfe23e6086a6dc612b26e61adaa9e1,Bacterial-Spot(752),4,0.9999999999999772,0.16666664126209568,0.16666665938129246,0.16666662257096707,0.1666667065026909,0.16666674924605804,0.1666666210368958
803,4d752bf9e04ad8c0c2fecdbd29c55e9ce831c4a480a92ca01d2d2ac115e5ff9c,Bacterial-Spot(752),4,0.999999999999974,0.16666663948701682,0.16666665887920257,0.16666661946833697,0.16666670930430297,0.16666675504136974,0.16666661781977082
804,6a5d10065fe8debcd0411caa2e8f3d20cc637af58d1c0242e7f41d1a86812ff8,Bacterial-Spot(752),4,0.9999999999999969,0.16666665836829753,0.1666666642878525,0.16666665226048874,0.1666666796811726,0.1666666936437938,0.16666665175839487
805,3d14468bfd9667e1f8060ccb3b2859a5912370fe46ebd5698a0a6babae5f1bfb,Bacterial-Spot(752),5,0.9999999999999807,0.1666666900772722,0.16666667335988206,0.16666670734792133,0.16666662991530498,0.16666659051538504,0.16666670878423437
806,2e352a9c29f0e4ce7aee0a4dc65c859c55efcfbb9fe2737e8d5239ff6d6d2308,Bacterial-Spot(752),4,0.999999999999993,0.16666665324735863,0.16666666281084686,0.16666664338074016,0.16666668770072324,0.16666671028073235,0.16666664257959865
807,7ad75063b747a3156303412efcb1c7128f4eb629c5139540260afd5093f82c08,Bacterial-Spot(752),5,0.9999999999999939,0.16666667920979766,0.16666667023974638,0.16666668848212743,0.16666664695611863,0.16666662584515005,0.1666666892670598
808,7426c207fedb2e8eb8296ea18cc63f68eec660c0712c16ebe133a88f0ad0f220,Bacterial-Spot(752),4,0.9999999999999734,0.16666663909201945,0.16666665877238407,0.16666661877205263,0.16666670993426258,0.16666675633713318,0.16666661709214797
809,4041115d8c3e214c2977b84d8aa9c4c70f6b70ef513392b8748f1884c06c3714,Bacterial-Spot(752),4,0.9999999999999833,0.16666664512169557,0.16666666049984818,0.16666662924030373,0.1666667004768986,0.16666673673472615,0.1666666279265278
810,71206667697e0a595e619f6e93c8ba89ce0007b7a2583c8d006f1855adab95c7,Bacterial-Spot(752),5,0.9999999999997383,0.166666754158924,0.16666669172731438,0.16666681860627372,0.1666665294063366,0.16666638217893467,0.16666682392221657
811,fb5437edf622f49f31ebb0d5f39456cb4d45d4fc99deb59eb1573a3ade60899d,Bacterial-Spot(752),5,0.9999999999999604,0.16666670047901105,0.16666667635954752,0.16666672536636973,0.1666666136378759,0.16666655674509592,0.16666672741209984
812,2810a3848c859c8b6d3a44a9704faf401ff7fe5d763d87248e9313c5fd390ae0,Bacterial-Spot(752),4,0.9999999999999812,0.1666666437342838,0.1666666600983414,0.16666662684051042,0.1666667026448767,0.16666674123501615,0.16666662544697158
813,f320566dd539186fc8ebb0879193d824c76a3a6a3b83222cd62bd3d5f04336b8,Bacterial-Spot(752),4,0.9999999999999838,0.16666664542423834,0.1666666605665293,0.16666662981166364,0.16666669996080744,0.16666673569834947,0.16666662853841163
814,697b71ad27874e2f2eefae90715baed6f07811c7257fff5610519b4915b7954c,Bacterial-Spot(752),5,0.9999999999997722,0.1666667482603829,0.16666669003337617,0.16666680837277648,0.16666653865111006,0.1666664013471608,0.1666668133351936
815,0ae21af2463838949f64b95a1fcad3e35d4df0b3ba860eefe71738e536974357,Bacterial-Spot(752),4,0.999999999999999,0.16666666424340362,0.16666666599650987,0.1666666624171172,0.16666667050874945,0.1666666745918911,0.1666666622423287
816,4ba5488fdfad948b76b780bd79cf73d283c6c9b4917b1cec02dd84d764482888,Bacterial-Spot(752),4,0.9999999999999709,0.1666666377972573,0.16666665840066613,0.1666666165268148,0.16666671196287067,0.16666676054331908,0.166666614769072
817,0bcad2fd7d4ac39ef2edfa0ff8389f881e3ef60dae57837e294031e8194fef1f,Bacterial-Spot(752),4,0.9999999999999726,0.16666663872743714,0.16666665867352956,0.166666618132019,0.1666667105138071,0.16666675752986748,0.1666666164233397
818,0ab3b17cb4383619fdf93af1eec944f31eb770a6b8c68a04d11be3281f2dbf48,Bacterial-Spot(752),4,0.999999999999995,0.16666665545697032,0.16666666344798256,0.16666664721027735,0.1666666842416106,0.16666670310463338,0.16666664653852561
819,cb723b3e7fb1ae76d6f2a6d74edfde1181f36b6ac1cb877d0c5a6e5226168446,Bacterial-Spot(752),5,0.9999999999999855,0.16666668674679966,0.16666667240962377,0.1666667015607866,0.16666663514450028,0.16666660134802166,0.166666702790268
820,cfd95dc67fd1f9684a750bdab14d680a79b064a84943191be278a215a9f4e2f5,Bacterial-Spot(752),5,0.9999999999999889,0.1666666840802294,0.1666666716188262,0.16666669697127226,0.16666663928591519,0.16666660997346452,0.16666669807029247
821,68fb3525d83027327a3c5e8ea4c9cdf6bc37b7bcb12142a1581b2ee85f6cf0d3,Bacterial-Spot(752),5,0.9999999999999992,0.16666666783283024,0.16666666697932053,0.16666666873061173,0.1666666647998325,0.1666666628314029,0.16666666882600203
822,dabad5d378773a3db5969e83bea9312f173fa71abf0ede8e0096d668144a465d,Bacterial-Spot(752),5,0.999999999999934,0.16666671039560316,0.16666667916539005,0.1666667426574989,0.1666665980152179,0.16666652442141164,0.16666674534487838
823,eaee4d40114d65176398b5ff8ecf41c5d8b927b2306906d5bc3218b6ccf66a08,Bacterial-Spot(752),5,0.9999999999999756,0.16666669298618184,0.16666667418339667,0.16666671241526504,0.16666662533605942,0.1666665810395077,0.16666671403958935
824,c11f9b35d0ddd13941dc5d1b347ffe699c91fec484f9e219e8fb09bd0b596fc7,Bacterial-Spot(752),4,0.9999999999999618,0.16666663348968155,0.16666665715581497,0.16666660906707723,0.16666671870090416,0.16666677452633086,0.1666666070601913
825,a0115c0362b395921246341a0f89c0ae054c5cb4c367b579ab938c663f982031,Bacterial-Spot(752),4,0.9999999999999588,0.16666663227769232,0.16666665682037227,0.16666660693828814,0.16666672062465515,0.16666677849443304,0.16666660484455909
826,22c4481fe8a88a59270a1d8cbf95667897db86bc072ce95ed37c35fb2f979bb4,Bacterial-Spot(752),4,0.9999999999999968,0.1666666580453308,0.16666666418089826,0.16666665172334455,0.16666668016428304,0.16666669466776984,0.16666665121837354
827,a56d10c111cde33e00e8fc7e09181d1e65ba118a2e2f731a37b255ecdd3a97d4,Bacterial-Spot(752),5,0.9999999999999385,0.16666670884228738,0.1666666787305821,0.16666673993975653,0.16666660047104476,0.16666652949504218,0.16666674252128696
828,075040caf879d7d6662f7eaef4f0bf38ba73f2f86357687f9ae75c2f3c1e546e,Bacterial-Spot(752),4,0.9999999999999672,0.16666663601986853,0.166666657877986,0.16666661346913947,0.16666671472466932,0.16666676628966134,0.1666666116186753
829,3529c9695c2a3aaa2110cda129343864c4fc23aca054b4cd66d8ab36527cea2b,Bacterial-Spot(752),5,0.9999999999999919,0.16666668138841761,0.16666667086891732,0.16666669225606,0.1666666435473103,0.16666661877182706,0.16666669316746768
830,1896c3318135e9910929ec8e9cb24502f00ac37318c19d5f3ce4c37af346e501,Bacterial-Spot(752),4,0.9999999999999968,0.16666665796227711,0.16666666415778755,0.16666665157534793,0.16666668029747184,0.1666666949423691,0.1666666510647464
831,294e55838b8aec183155f0b52291fcca847d8c9581b7615663789ada6a9c6b9f,Bacterial-Spot(752),4,0.9999999999999918,0.1666666518428159,0.16666666239481095,0.16666664097283498,0.1666666898759646,0.16666671481197332,0.16666664010160037
832,f2dfa6b333a61235e7cea996d4c3240171f5672db69e0e4eefcaaebea9047766,Bacterial-Spot(752),5,0.9999999999999992,0.16666666690524237,0.16666666670113978,0.16666666714249356,0.16666666623320225,0.16666666582205422,0.1666666671958678
833,ad1d6cf279246e618644c89ee0a24da5e8731ee860299121d790fc2501c7df2d,Bacterial-Spot(752),5,0.9999999999998889,0.16666672355302137,0.16666668291724662,0.16666676554087098,0.1666665773416645,0.1666664816004499,0.16666676904674665
834,c7898dc5c504d990009cfeec9118673154b0c92f7e289e73f9d645d0759de5b8,Bacterial-Spot(752),5,0.9999999999999563,0.16666670215332577,0.16666667679620642,0.16666672835931506,0.16666661093118257,0.16666655120455748,0.16666673055541276
835,5310d97a4b13e55f4a31361867e1f839eecfc28f5de8e90dc48e63791a12c245,Bacterial-Spot(752),5,0.9999999999999549,0.16666670268902506,0.1666666769528872,0.16666672928327145,0.1666666100967354,0.1666665494698435,0.1666667315082374
836,e0d1583f9ef973c5289a3312fbb226740e5fa4efdfba5f1f29333c88e49df3b3,Bacterial-Spot(752),5,0.9999999999999758,0.1666666928204706,0.16666667412540076,0.16666671215245707,0.1666666255737024,0.1666665815496072,0.16666671377836204
837,6b54db6afd6729b034b11c7a6849cccf86d998a205157b7ba07e06572930e864,Bacterial-Spot(752),5,0.9999999999999521,0.16666670380389564,0.16666667726489692,0.1666667312375587,0.16666660833158853,0.1666665458237777,0.16666673353828254
838,e8df0e8600b91c48e9b61b121b8b7f2de8bfbcb3efb5700e259b44de69ece7c7,Bacterial-Spot(752),5,0.9999999999999742,0.16666669378428564,0.1666666743903385,0.16666671384200055,0.16666662404515858,0.16666657839867152,0.16666671553954526
839,da399ec753f1b93c5994203b43aceccb3cb5dc850634ece1065220c4081690c1,Bacterial-Spot(752),5,0.9999999999999564,0.16666670208914428,0.16666667678179617,0.16666672824200354,0.16666661103790012,0.16666655141962236,0.16666673042953356
840,e0a785cd055c969cafde8e499a6de8c504934ada95f793dd4eecb7abf29b0226,Bacterial-Spot(752),5,0.9999999999999646,0.16666669858541242,0.16666667576961963,0.16666672217290782,0.1666666165196974,0.1666665627949458,0.1666667241574169
841,34479ee589dafb8a54ecae87f1ba75b80fae4d88ddf4f6486a83f3165278db7d,Bacterial-Spot(752),4,0.9999999999999982,0.16666666128243313,0.16666666509908742,0.1666666573675598,0.1666666750658308,0.16666668411595972,0.16666665706912911
842,5eb356a19082b7d7f02770751883f55889c544f0a213e24cfa4a58ac3b8399b1,Bacterial-Spot(752),5,0.9999999999999978,0.16666667359503706,0.1666666686234354,0.16666667875620436,0.16666665574383538,0.16666664407303636,0.16666667920845138
843,b4af2d4ad2929ce4d288b8c461e93649867cfe54aa253aa8d0dc73cb6c4dd735,Bacterial-Spot(752),5,0.999999999999956,0.16666670226485178,0.16666667683115546,0.16666672854131015,0.16666661076568276,0.16666655085575632,0.1666667307412435
844,5f1a8326e5b3843d308457fb0915a213147fb53ea1a7686c4e93c03727564ff1,Bacterial-Spot(752),5,0.9999999999998985,0.1666667210082631,0.16666668219390524,0.16666676111172885,0.16666658134351983,0.1666664898860307,0.1666667644565523
845,510258165acc276f2d633acd98c95ea4277a13f6d7b24adccbe4e6e29fd86bff,Bacterial-Spot(752),5,0.9999999999999822,0.16666668899387596,0.1666666730489227,0.16666670546032242,0.16666663161877823,0.16666659404598988,0.16666670683211077
846,11d60bf174f169c86258e882441344897dab820a9f7d5ac26fd13cd33aca393a,Bacterial-Spot(752),5,0.9999999999999463,0.16666670609230202,0.16666667791804882,0.1666667352137038,0.16666660473885184,0.16666653838080314,0.16666673765629042
847,694b804b9c453b233e9f7c403bec2c3ffc5cddd81ba9a1d83c92e88e8059f8f6,Bacterial-Spot(752),5,0.9999999999999715,0.1666666951532057,0.16666667479291433,0.16666671619860202,0.16666662191696485,0.1666665739709007,0.16666671796741248
848,39022f4a0e509d345752edded665d5054123b31a029142d58204c05a3f0c830d,Bacterial-Spot(752),5,0.9999999999999963,0.16666667589888806,0.16666666927951962,0.16666668276100371,0.16666665212485615,0.16666663657789302,0.16666668335783955
849,2267adc4581b7363da8a4be8e77ccc98726a725cab2099e787b92e1e81f2d031,Bacterial-Spot(752),4,0.9999999999999989,0.16666666400095945,0.16666666587925358,0.16666666207963562,0.1666666708077343,0.16666667528725418,0.16666666194516278
850,ce69282a501eae6ed2b58b68eba8c6fb9db5b94e7c8b249f3cbb154be18d8d7a,Bacterial-Spot(752),5,0.9999999999999368,0.16666670941094894,0.16666667887291473,0.16666674096553133,0.16666659954238724,0.16666652760309728,0.16666674360512046
851,6a45b2e134fb13f92856fe476a6e79b196c4a3ee90cfbbd99f35f52651d35b6d,Bacterial-Spot(752),5,0.9999999999999839,0.1666666877787525,0.16666667267440902,0.1666667034049175,0.16666663347434038,0.1666665979348477,0.16666670473273298
852,354b845f3362cb059c51fcb3f83ae907b58027920ab534aabf696b58568e4090,Bacterial-Spot(752),5,0.9999999999999101,0.1666667177727437,0.16666668126942483,0.16666675547923526,0.16666658642990917,0.16666650042308717,0.1666667586255999
853,f2991e3379e3f836ac09c7b94e3188bdd7c9a555c72fc6e3f831d043ab9fc2d1,Bacterial-Spot(752),5,0.9999999999999134,0.16666671681019077,0.1666666809931824,0.166666753808957,0.16666658793882935,0.16666650355141122,0.16666675689742916
854,9a082012b896d7231b3cfe4451dbd2c83ea2427181267ddf08bc82da96db6e30,Downy-Mildew(240),5,0.999999999999907,0.16666671867764607,0.16666668152562755,0.16666675706617134,0.16666658499827908,0.16666649746210066,0.16666676027017535
855,9d9e40fc1d45879a33ae9240b16922d8a7dd038fab931bc499bfbf2169dd8fa5,Downy-Mildew(240),4,0.9999999999999893,0.1666666496270049,0.16666666176919892,0.16666663710464366,0.16666669337055431,0.16666672203994545,0.16666663608865273
856,8ec1834ce03e934290b362379d5956cfb23bbb783b0ceaff403e056ed1dc529c,Downy-Mildew(240),4,0.9999999999999977,0.1666666598671067,0.1666666647014279,0.16666665489347451,0.1666666773012148,0.1666666887364525,0.16666665450032345
857,9c67b01bce8b8d1d1e904d55177bce998e8ea2146517d175c5e819d57afcde6a,Downy-Mildew(240),5,0.999999999999989,0.16666668406508017,0.16666667162283613,0.16666669694139433,0.1666666393164618,0.1666666100252051,0.1666666980290225
858,d3cfcc5271f8ce9498953afb3239dea7fcb0b6c8b49e1eeea97c30dc8ac2f865,Downy-Mildew(240),5,0.9999999999998952,0.16666672190809018,0.16666668245324565,0.16666676267395847,0.16666657993297798,0.16666648696028644,0.16666676607144132
859,85cdcddf1c5f0289fd910940c86aa0828273885322da01de41a2e189230e09ea,Downy-Mildew(240),5,0.9999999999998728,0.16666672758158252,0.16666668408534296,0.1666667725125445,0.1666665710453728,0.16666646852839317,0.16666677624676407
860,9567c23f00a9044d005be44822ec5b6bf4e4d4e973aa973de6623310306a0349,Downy-Mildew(240),5,0.9999999999999561,0.16666670219967034,0.1666666768073681,0.1666667284516744,0.16666661084937112,0.16666655103952002,0.166666730652396
861,5b90153bcf63c8c6ea66013f3880934b70d57720f460fa141e110f3ffeeba8eb,Downy-Mildew(240),5,0.9999999999999694,0.16666669622229674,0.1666666751044196,0.16666671805394304,0.16666662024336049,0.1666665704949632,0.16666671988101706
862,37fc1d7283ce4725dbc3293cdee15083dde549f6483be833462e25074cf9191b,Downy-Mildew(240),5,0.9999999999999682,0.16666669674719936,0.16666667525890969,0.16666671895748547,0.16666661942744318,0.16666656879721906,0.1666667208117433
863,21c58031df6699e01e565e27259dee3b7adf6427d8c8afb1ad19666a8455218d,Downy-Mildew(240),4,0.9999999999999968,0.16666665812701903,0.16666666420284718,0.16666665187436225,0.16666668002919804,0.16666669439106252,0.16666665137551087
864,61934ed445e3891d5ca6bf54eba2f464d6a560ea0683de533b328f93c35265c0,Downy-Mildew(240),4,0.9999999999999948,0.16666665517723653,0.16666666336421007,0.16666664674049167,0.16666668466777906,0.1666667039950731,0.1666666460552096
865,cd7aeb09ddb128e78d358940731405284d9010bb2191b39ec35c9d7c892e1d2e,Downy-Mildew(240),5,0.999999999999999,0.1666666685461643,0.16666666716935782,0.1666666700029787,0.16666666365063482,0.16666666047331258,0.16666667015755177
866,ed69001ae5866ad9e57ba250185e08041bc279f4e68fb81e289997f34094c5d8,Downy-Mildew(240),5,0.9999999999999912,0.166666681850704,0.1666666709771706,0.16666669310651627,0.16666664277732035,0.16666661721480827,0.16666669407348048
867,45c5a1d4516013d9273995256d5e173536a4a38146b5a2d1951b14c9915b8e57,Downy-Mildew(240),4,0.9999999999999988,0.16666666244836006,0.16666666543082326,0.1666666593981364,0.16666667323161527,0.16666668031809223,0.16666665917297285
868,2506bf3f999e14ae2cefd35ff0c3dcf308796610a1f00a29634f38dc05356604,Downy-Mildew(240),4,0.9999999999999752,0.1666666401365794,0.16666665904682407,0.16666662063362808,0.16666670825048163,0.16666675288710062,0.16666661904538627
869,6ec2efecf5f92bbf74913ea5849bdfbf4ca3cb75aaf4a29d938388b92f9880fc,Downy-Mildew(240),5,0.9999999999999816,0.1666666895275239,0.1666666731929536,0.16666670641634854,0.16666663075721355,0.16666659227631317,0.16666670782964732
870,6989eba44b8bcd4cd0481df5ea5a5a081d19ce464983b9efb5f11e4ad04b2fc1,Downy-Mildew(240),4,0.9999999999999938,0.16666665390660892,0.16666666299215188,0.16666664454611532,0.1666666866486892,0.16666670811333903,0.16666664379309562
871,4879ccba28e91e3d132fe8f2004c5abeb173bf8456a7b0c17e37ab0ccbafcc98,Downy-Mildew(240),5,0.9999999999999982,0.16666667180192815,0.16666666810388397,0.16666667564877233,0.1666666585494356,0.16666664989671975,0.16666667599926005
872,fd948d91877cb431632dedfe568fc5a2ef9f8835d13af40251b2637f855276cd,Downy-Mildew(240),4,0.999999999999996,0.16666665707014997,0.16666666390002885,0.1666666500366997,0.1666666816887286,0.16666669783047935,0.16666664947391352
873,e877a47848b7599111703b37f203b89585c2b808e4880c51ccd0c9fdb8817b64,Downy-Mildew(240),4,0.9999999999999859,0.16666664675193257,0.16666666095263052,0.1666666321048939,0.16666669788932387,0.16666673139541197,0.16666663090580724
874,19b6e5e6ce4a26ad70175e58a5b26ebbd04f9259e08ff812e775123ea7febf7f,Downy-Mildew(240),4,0.9999999999999906,0.16666665068649747,0.16666666207461028,0.16666663894598485,0.16666669170843795,0.16666671859271653,0.16666663799175283
875,81aef0b8da20c13164daeb8b8ed0ad7268a13cf813a2087bb923511d444e52ed,Downy-Mildew(240),4,0.9999999999999891,0.1666666493029237,0.1666666616783345,0.16666663654201247,0.16666669387988328,0.16666672309306402,0.16666663550378202
876,8ef14891e998321b08c0e3f9d2d0a8760b7ed80a519de8eeefe773e9145b62cf,Downy-Mildew(240),5,0.9999999999997693,0.16666674879625545,0.16666669019426694,0.16666680928706912,0.16666653782528443,0.16666639962336238,0.16666681427376168
877,c279b79bfa02a4b5c7286229bc37d4c803e71d7a33a91a678be753516d3ffe13,Downy-Mildew(240),5,0.999999999999918,0.166666715473507,0.16666668059979878,0.1666667515133736,0.1666665900130364,0.16666650786808235,0.1666667545322018
878,911b42583ec7e911aa7e2a69df2aaa85c18a18ed7f5e8ab2eee5c71934c41e0e,Downy-Mildew(240),5,0.9999999999997876,0.16666674548659285,0.16666668923538083,0.16666680356289723,0.16666654299610212,0.16666641035829508,0.166666808360732
879,43fce8dffd24903c01ea3522900e23c6a9fa71d1a745098cf0f87b096b76180d,Downy-Mildew(240),5,0.9999999999998963,0.16666672162293106,0.16666668242278893,0.16666676208118256,0.16666658047292826,0.16666648799722866,0.16666676540294065
880,72e84b6965fc5c92facf16b7d8d0af159da2e856cbb735f8cf4c62173ebda010,Downy-Mildew(240),5,0.9999999999998764,0.16666672670772006,0.16666668386192715,0.16666677093882923,0.166666572468243,0.16666647143359598,0.16666677458968449
881,7194a620e1bb16336ba2bf7face10b7dfef19398c944715b5945f4d7f2578b5d,Downy-Mildew(240),5,0.9999999999999531,0.16666670344001921,0.16666667719582984,0.16666673053479156,0.1666666089686311,0.16666654708710704,0.16666673277362126
882,bb3aaa5b3d858b26ce8252040bdaf806f09ae5e365570caf4d87628aff0b8dda,Downy-Mildew(240),5,0.9999999999999986,0.16666667169142144,0.1666666681044985,0.1666666753951053,0.16666665878132006,0.16666665032557668,0.16666667570207797
883,3e9854cc015821270301b237685f904d50e20bfad7af3c79900ab64667e9ea55,Downy-Mildew(240),4,0.9999999999999992,0.1666666643263684,0.1666666659919532,0.16666666261455804,0.16666667032778731,0.16666667426224144,0.16666666247709155
884,b3addce0d23776cca7254e55268c1c9e17705a6fc17f6988138242d9b2f0a30c,Downy-Mildew(240),4,0.9999999999999956,0.16666665622294674,0.16666666369466232,0.16666664849507612,0.16666668308483418,0.16666670066420464,0.16666664783827598
885,35da24a4a2d07d47927b89f2dce26398f213860f7895a4ceaaac0e55b6ff754c,Downy-Mildew(240),5,0.9999999999998996,0.1666667206877348,0.16666668213919628,0.16666676048582135,0.16666658191250325,0.16666649100596873,0.16666676376877548
886,8cd24e0a9bcec5fdf8ac17fcd44dc33fd4321bc8f4ebb929c8119e683ae8912d,Downy-Mildew(240),5,0.9999999999998245,0.16666673821931557,0.16666668713882313,0.16666679097431994,0.16666655436792563,0.16666643395218522,0.1666667953474305
887,d5dd519cd41a1b275daa018edf80487335dcd74ec1b9019b50a4441254323ab5,Downy-Mildew(240),5,0.9999999999999926,0.1666666807382225,0.16666667068770097,0.16666669112036944,0.1666666445744308,0.1666666208929481,0.16666669198632822
888,dd21506715e874ccea2bfc6d6ddb2681468f338e9ef17342043da3b6ad2e7e35,Downy-Mildew(240),5,0.999999999999928,0.16666671240664452,0.16666667972835764,0.1666667461729837,0.16666659483781496,0.1666665178566491,0.16666674899755016
889,07687f842dc20363d46900307d4942bcdfcfd3f60378d145053099a13646bcb0,Downy-Mildew(240),5,0.9999999999998229,0.16666673860065712,0.1666666872565157,0.16666679161689896,0.16666655378736484,0.16666643273476,0.16666679600380346
890,84ce78419064dafea4d944e909d1b0f0dc9414dcf1cec0d1c6d7a80e4b1d0713,Downy-Mildew(240),5,0.9999999999999993,0.16666666682738007,0.16666666672083041,0.16666666693065657,0.16666666642898836,0.16666666616100473,0.16666666693113988
891,7b189ace1e30d0837142b5a9581ee001631512797834ec7baecaa22e81165e3d,Downy-Mildew(240),5,0.9999999999998315,0.1666667368095261,0.16666668674542895,0.16666678850456718,0.16666655659960228,0.16666643856060195,0.16666679278027352
892,3e3bd4a82f12aaa81897bae8c950f90ae7fd989a30ba38c7c743b3ff57ff227d,Downy-Mildew(240),5,0.9999999999999705,0.16666669576377283,0.16666667499943552,0.16666671720245363,0.1666666210137508,0.16666657204854973,0.16666671897203744
893,e1e85a1e64dc273a7b6a1490019389665e3e38db121130def46a0541d83b155c,Downy-Mildew(240),4,0.9999999999999991,0.16666666641638261,0.16666666659281335,0.16666666623621823,0.1666666670553855,0.16666666747569395,0.16666666622350645
894,c8728cfd47903cdf151344fa7677bcfa58d34f78774dc43b7fe6a970912de3e4,Downy-Mildew(240),4,0.9999999999999936,0.1666666536924323,0.166666662951939,0.1666666441346846,0.16666668702239754,0.16666670885402735,0.16666664334451908
895,93555196963accb3e3c72e703d5b02e194166855e872922355b9a165e67dfcc0,Downy-Mildew(240),5,0.9999999999999464,0.16666670610874038,0.16666667796595422,0.16666673516077693,0.1666666047906134,0.1666665384188641,0.16666673755505088
896,85b7fc7b77de1217b27a4e7de31778048092f8dc4747f898184b0b30b28c261c,Downy-Mildew(240),4,0.9999999999999978,0.16666665989056825,0.1666666647285559,0.16666665489168828,0.1666666773037676,0.16666668870842272,0.16666665447699724
897,f408ff56da6f1cbc1edd28185e73907d2c8561dfdf3e890aecd69a01dc68a614,Downy-Mildew(240),5,0.9999999999999987,0.16666667118964235,0.16666666796564208,0.16666667451472147,0.16666665957715557,0.16666665196718689,0.16666667478565167
898,9f7647e3115d279cef39d1e9e56817fc4359b3bcbe47276c715480baa84d2f92,Downy-Mildew(240),4,0.9999999999999907,0.16666665078478465,0.166666662113104,0.16666663909453303,0.16666669157459746,0.16666671829828925,0.16666663813469165
899,fb5891e0aaefe6dd26a45b1760cd6ab02038e01b12ce46b1db09336755286319,Downy-Mildew(240),4,0.9999999999999964,0.1666666571479142,0.16666666391586213,0.16666665017972682,0.16666668155799033,0.16666669756914182,0.16666664962936484
900,de05d9341b37327af2d397ddb3356ef50ada356409281f18beab6fb34deba1b0,Downy-Mildew(240),4,0.9999999999999961,0.1666666573075731,0.16666666399235924,0.16666665040061665,0.16666668136160964,0.16666669711315207,0.16666664982468926
901,f04ddb6e4480f8d721c332e466fd57cfc5e8e5f8bc33c9bbe44f188a43e459ab,Downy-Mildew(240),5,0.9999999999999811,0.16666668964111345,0.16666667323243267,0.16666670659139177,0.1666666305976195,0.16666659193308675,0.16666670800435593
902,ac2db1b50f6f4beab52051a87621eb51047f9056c22a3f242e7b4ae4f6e20b66,Downy-Mildew(240),4,0.9999999999999989,0.16666666309590675,0.16666666566347654,0.16666666043187628,0.16666667230162982,0.16666667831476428,0.16666666019234636
903,6f9a6a1707ef06071ee4084b81cbd12d23c3cd125cc9a179c3a5899592262eac,Downy-Mildew(240),5,0.9999999999999521,0.1666667038222151,0.1666666773132571,0.16666673118594055,0.16666660838167807,0.16666654585817436,0.16666673343873478
904,b7cd47d39e2d2b31461e48f4fef13ea34bfe855afa5cf3a4eeb1995bd0f849f6,Downy-Mildew(240),4,0.9999999999999893,0.16666664945812878,0.16666666173882502,0.16666663678012733,0.16666669366597722,0.16666672262381893,0.1666666357331228
905,11f50e62df2512789e8a3e568333517fa526526c2c1fa3106e74f275f944a6ea,Downy-Mildew(240),5,0.999999999999937,0.16666670935611286,0.16666667886872588,0.16666674085339808,0.16666659964584257,0.16666652779978652,0.16666674347613408
906,d86c758e673470eb14eeb6109997ddbab2d91fcdbae403f7eb4f2b14b5d84d5e,Downy-Mildew(240),5,0.9999999999999065,0.16666671877636938,0.16666668159899475,0.16666675714966028,0.16666658492630657,0.16666649724023422,0.16666676030843475
907,327a96f46d0ab1b87b45032ebfcc12461b015169f7dd7a0544565f519bf6e094,Downy-Mildew(240),4,0.9999999999999896,0.1666666498794123,0.1666666618641642,0.16666663750363464,0.1666666930129594,0.1666667212629963,0.16666663647683316
908,780615c1a2b15ec80ba6f8f69ad11501dce79cbb45edd4cd83c6f13c15cf3ef2,Downy-Mildew(240),5,0.9999999999999978,0.16666667354499662,0.16666666865033186,0.16666667858952283,0.1666666558977303,0.1666666443255955,0.166666678991823
909,04c1d2be9ec1f5a6cc362d5bdd126bba9f5ed4e79d6bd5cd0b3d5c08d109ba88,Downy-Mildew(240),4,0.9999999999999672,0.16666663609305846,0.166666657918909,0.16666661355484616,0.16666671464820165,0.16666676609866263,0.16666661168632207
910,c0ba228964effcf1be635732a541806ce6142e4efa2d5af48a38775597abe34d,Downy-Mildew(240),4,0.9999999999999809,0.1666666434310283,0.16666665999575495,0.16666662634308096,0.16666670309272916,0.16666674218828478,0.16666662494912182
911,ffc2862e13b82cf42b1601e457fd300cd7d8c8071038a379dcce3acd4bc36671,Downy-Mildew(240),4,0.9999999999999963,0.1666666573913531,0.16666666400804309,0.16666665056155203,0.1666666812154135,0.16666669682342042,0.16666665000021777
912,b344070749655e5ff2e49755a401eab197522d393bf35b2d0fc32d50e01bd6e8,Downy-Mildew(240),5,0.9999999999999991,0.16666666768011715,0.16666666698419633,0.16666666838090072,0.16666666512184528,0.16666666342196457,0.16666666841097594
913,59a6d70e7a277702fa23179bc1a2902a64d928eab271ce08abd7691ab2044ca0,Downy-Mildew(240),5,0.9999999999999992,0.16666666763569718,0.1666666669554773,0.16666666833152466,0.16666666516444312,0.16666666353552934,0.1666666683773284
914,b1aad0a933b747bc85acd988aa5cc3c38cbeba6e7272204216bdcc6cc83c3b8b,Downy-Mildew(240),5,0.9999999999999719,0.1666666949987824,0.16666667476575173,0.1666667159007668,0.166666622188173,0.1666665745060012,0.1666667176405249
915,0dd4f08e5104367e408df1113e4dc69041683d8707892a8d0c8f06bf82baea09,Downy-Mildew(240),5,0.9999999999999937,0.16666667956562561,0.16666667036387448,0.1666666890666593,0.16666664643204593,0.16666662472458701,0.16666668984720762
916,6ecc21a244c4f2c9d505bb9a27a4ad46dac905185a3f2d36e3a92d2d10650bc8,Downy-Mildew(240),4,0.9999999999999932,0.16666665322329538,0.1666666628209748,0.16666664331233336,0.1666666877653266,0.16666671038821038,0.16666664248985955
917,83c92cd26203382b648d04fe7d0e705d1f38207b0c55b87d97986830cb5de467,Downy-Mildew(240),4,0.9999999999999991,0.16666666424640944,0.16666666596390683,0.16666666247956446,0.16666667044792144,0.16666667451864237,0.16666666234355537
918,75e053945d418e473a32a361bc58b7b38fdbf1c0d69a71dcea341378ff8a1b4a,Downy-Mildew(240),4,0.999999999999986,0.16666664690487967,0.16666666100136637,0.16666663235708307,0.16666669766099007,0.16666673091371909,0.16666663116196173
919,ca68f74f4de5710b07ae813f405b33ae7b06a27d2e5498ea5c62ed36d03a7082,Downy-Mildew(240),4,0.9999999999999972,0.16666665922782298,0.16666666453479181,0.16666665375430564,0.16666667833231866,0.1666666908474006,0.16666665330336036
920,0fb520e7e34b3039ed7efa268f98261f98e4067f965a76f982fa908e438d0b8d,Downy-Mildew(240),4,0.9999999999999917,0.16666665203948602,0.16666666247442277,0.16666664126990827,0.16666668960956968,0.16666671422255705,0.16666664038405601
921,95ceed77ecc09ef77b6a85e36708f5c9771f4bab0578b5f028382ae60a78ebbe,Downy-Mildew(240),4,0.9999999999999812,0.1666666437121662,0.166666660079314,0.16666662682594743,0.16666670265685965,0.16666674128016626,0.1666666254455464
922,b40ae69ec64ee6667d0e34b6718707ad8e45efa18abc0777cdb4a2854ea343d8,Downy-Mildew(240),5,0.999999999999974,0.16666669386280533,0.16666667444618702,0.16666671391480753,0.16666662398228813,0.1666665782148245,0.16666671557908738
923,e9a603b59891a11fd6a7284e784abfaa57d71ef79e7016ba4d40ba464fa062e5,Downy-Mildew(240),4,0.9999999999999858,0.16666664670806744,0.16666666094546717,0.16666663201357917,0.1666666979711679,0.16666673155569092,0.16666663080602745
924,72cfa6851bd474067718fc81809bca79c5496cef36a929a8057fc9f5dc27c747,Downy-Mildew(240),4,0.9999999999999974,0.16666665915868192,0.1666666645150753,0.16666665362684652,0.16666667844581026,0.166666691081434,0.16666665317215193
925,39d903fad601c7480b23ed5c34f7fda24e88a91d540d1a0caf3a87bcefcea655,Downy-Mildew(240),5,0.9999999999999455,0.16666670642626913,0.16666667806931146,0.16666673569025686,0.16666660431375763,0.16666653741085072,0.16666673808955426
926,e5db4d1079289b6256eddfa57595138700a80d0a2cd99fa94b4447c5cc04c2da,Downy-Mildew(240),4,0.999999999999999,0.16666666431000507,0.16666666601091124,0.16666666253738768,0.16666667039872146,0.1666666743706861,0.16666666237228844
927,81c0878fda67d5cc678ade9bb06e18238973c3d7410e9ba5dda2418a2a7bf252,Downy-Mildew(240),4,0.9999999999999967,0.1666666579943711,0.1666666641717378,0.1666666516259929,0.16666668025303866,0.1666666948432662,0.16666665111159343
928,0995ce01f742ef96e5d7336c75d28a7435bae5304fc4b37dfebd6d20a326f5ff,Downy-Mildew(240),5,0.9999999999998238,0.16666673840759388,0.16666668721149056,0.1666667912603405,0.16666655410996145,0.16666643338669906,0.16666679562391454
929,6e47bd7bf4aad587b827f0fae88a09cb249f5f34ab7aeb380aa6392f6e7dedba,Downy-Mildew(240),5,0.999999999999997,0.16666667475520522,0.166666668988949,0.16666668070502494,0.16666665398558742,0.16666664037508885,0.16666668119014447
930,f6de8ccaf4bf10c84e4aaedba5f5e0c8e26f69e7a4596626c63c716751f64743,Downy-Mildew(240),5,0.999999999999936,0.16666670975173534,0.16666667900613252,0.1666667414932249,0.1666665990696091,0.1666665265666761,0.16666674411262206
931,ec815a56d0bf4a00d90ef91c1ba37c71f39c46c4d3e813c243493f967cd786ce,Downy-Mildew(240),4,0.9999999999999961,0.16666665726640031,0.16666666396742427,0.16666665035544187,0.1666666814015853,0.16666669721725472,0.16666664979189347
932,3535569367060161411c5dd07455c29570190f81eec79ca4f595cdd3d315e80a,Downy-Mildew(240),5,0.9999999999999809,0.16666668982016153,0.16666667325631682,0.16666670695698485,0.1666666302655573,0.16666659128906786,0.1666667084119116
933,d0d0918b38a2212b349088deb2ae5cf6583d5ae2edbb86fca4e0b5323f634dfb,Downy-Mildew(240),4,0.9999999999999919,0.16666665204693193,0.16666666247515666,0.16666664128498931,0.1666666895957105,0.16666671419598297,0.16666664040122867
934,b85f2108808de7ca5809ecf3a077aa384468ff4e7c618cf641d589f2e2258ed7,Downy-Mildew(240),5,0.9999999999999991,0.16666666761346138,0.16666666693792295,0.16666666831192853,0.1666666651806616,0.16666666358669122,0.1666666683693344
935,0dc43a1d87afe18b588cfe9b134abf2a2e0d82237e8c651a2db211abcf8fbcf3,Downy-Mildew(240),4,0.9999999999999991,0.16666666504324493,0.16666666620605902,0.16666666383924775,0.16666666922137058,0.16666667195445453,0.16666666373562317
936,a11112cf7db6c9288b433d3ae678beaeb9801d8b6d7d494d26c0ab7583c50e54,Downy-Mildew(240),4,0.9999999999999851,0.16666664629099354,0.16666666083200998,0.16666663127920064,0.1666666986354259,0.16666673292301687,0.16666663003935311
937,cf818ab1285b20568634a22f2c79e477478301b2eb7cf969571f0a6ac1c56624,Downy-Mildew(240),4,0.9999999999999801,0.16666664299013242,0.16666665989115803,0.16666662553784542,0.16666670382244003,0.16666674366623174,0.16666662409219246
938,e6af6dddf1082195834c83ffed4dc3abd5a6c09bf218b830c4ae51b85c5b6478,Downy-Mildew(240),5,0.9999999999999939,0.1666666791167138,0.16666667023843154,0.1666666882743153,0.16666664714655346,0.16666662619943706,0.16666668902454893
939,be8bacd48c29e3c038c7539b8ecc7d6011e78586253f7b8522a1d43d98f7badc,Downy-Mildew(240),5,0.9999999999999991,0.1666666669730125,0.16666666675821773,0.1666666671901218,0.16666666619382794,0.16666666568028912,0.16666666720453086
940,aac706eed49b501493d3dd241dd9f15877e542eecf45fa884642782b5bd3a808,Downy-Mildew(240),4,0.9999999999999986,0.16666666181139575,0.16666666529002902,0.16666665820613277,0.16666667431058277,0.1666666824865738,0.16666665789528592
941,c7d285f19011ce50580ebd2819de8c1692ddcc8f7be884f2b3029aff70ba7b40,Downy-Mildew(240),5,0.9999999999998425,0.16666673446334104,0.16666668608185678,0.16666678441239488,0.1666665602967593,0.1666664462096235,0.16666678853602446
942,0efbd1fb497564f2500ee63f1fc945ebbe55f5ca41fe7185f321a1f951e97bdf,Downy-Mildew(240),5,0.9999999999999059,0.1666667190600216,0.16666668166649432,0.16666675765869082,0.16666658446300886,0.16666649630068603,0.1666667608510984
943,515ce66656b856f68f167fbf188d964cc97fbb5dda59147dcc92fb3668db2e21,Downy-Mildew(240),5,0.9999999999999982,0.1666666716910492,0.16666666807484876,0.16666667544779284,0.16666665873049666,0.1666666502671443,0.16666667578866828
944,f3b6818ad7667825c091d463790510ab1f6937a07b00333a2fd3040f1cbd8912,Downy-Mildew(240),5,0.999999999999833,0.16666673648132793,0.16666668665933476,0.16666678791533415,0.16666655713162074,0.16666643964999517,0.16666679216238725
945,df61348bf8df6092b265655252894c43ce4456af553e87c3687409e10e91479a,Downy-Mildew(240),5,0.9999999999997194,0.16666675725747881,0.1666666925968273,0.16666682401786748,0.16666652451513728,0.16666637206987459,0.16666682954281445
946,627dc0a5a7c7c1dc224a2b18aa973ab3a44f5c348a9d784bf619a7cb27ca5acb,Downy-Mildew(240),5,0.9999999999997278,0.1666667559012467,0.16666669221557498,0.1666668216515066,0.16666652665412135,0.16666637649190455,0.1666668270856457
947,03107b547cd29e052e5dae3794dee125cebdd673052b74cf666f5855c8d5c340,Downy-Mildew(240),5,0.9999999999998027,0.1666667426333952,0.1666666884225568,0.1666667985997588,0.1666665474801782,0.16666641964493115,0.16666680321917987
948,29363d239e0d5ebc5d379c73a83d47fc11c0dcfab3b33a75ccec5c813fd3d912,Downy-Mildew(240),5,0.9999999999998173,0.16666673976396257,0.16666668759412623,0.16666679362035008,0.1666665519759134,0.1666664289721031,0.16666679807354465
949,481c7063196c695f96c9aa06957b6863d774c0be743a4c6e471264984ae73417,Downy-Mildew(240),5,0.9999999999998601,0.1666667305905242,0.16666668498085677,0.1666667776703578,0.16666656638800614,0.16666645882097117,0.1666667815492839
950,8e782576d383c25f3dfec50b8690eb04e86378f206926f97d4328452da4f3cc0,Downy-Mildew(240),5,0.9999999999997824,0.16666674640473297,0.1666666894970862,0.1666668051558064,0.1666665415560698,0.16666640737511926,0.16666681001118538
951,5916abc9b051ddf7a3e5a3f89025353759f6e0433872234a46b3511bea7c52ae,Downy-Mildew(240),5,0.9999999999998411,0.1666667347409805,0.1666666861564679,0.1666667849026495,0.1666665598531683,0.16666644529785382,0.16666678904887997
952,aa0640d148b53ccb5fe59344d278558bba2c95129d666186d952c4d951f3137d,Downy-Mildew(240),4,0.999999999999995,0.16666665560211158,0.16666666348835307,0.16666664746920706,0.16666668400865642,0.16666670262438962,0.16666664680728224
953,2423f0c367c31838686343f945ef9a88c21316f61df90414695d97430068aac1,Downy-Mildew(240),5,0.9999999999997434,0.16666675329348354,0.1666666914752437,0.16666681711259468,0.16666653075562543,0.1666663849824998,0.16666682238055286
954,04bd58a37724c2d62a097862f954cecc614e3eee41cb46c96b2daf5e2704de89,Downy-Mildew(240),4,0.9999999999999966,0.16666665763307598,0.1666666640536701,0.1666666510288692,0.16666668079179436,0.16666669598359257,0.16666665050899787
955,1c1e2357e940bcfe20fcd804f99d92b869b2dbd4209e071ce78cb7baead7634d,Downy-Mildew(240),5,0.999999999999852,0.1666667324088082,0.1666666854978733,0.16666678082923608,0.16666656353261872,0.16666645290802737,0.16666678482343633
956,60a71a4daab0beb6a26c91da8217c7a279b99476d86d65c67741a99453006d5c,Downy-Mildew(240),5,0.9999999999998815,0.16666672543015307,0.16666668349022531,0.16666676872769434,0.16666657446446545,0.1666664755796994,0.16666677230776242
957,8b6c3fd66b5f141f923b9df87296541712f9f543897bb9ce1c3478a475c3ba03,Downy-Mildew(240),5,0.9999999999997731,0.16666674810981236,0.16666668999353024,0.1666668081067847,0.16666653889208954,0.16666640184163514,0.166666813056148
958,a56b209bbda9e858ffe4cd298e061092620baf450244c701554bcfe61c2108de,Downy-Mildew(240),5,0.9999999999999841,0.16666668776503207,0.16666667270653823,0.16666670331298142,0.16666663356064448,0.16666659805603334,0.16666670459877045
959,bbd9c777c7267f0d1c6d8e54a1088060ee8e08e33d88bbe349498a446f2b119a,Downy-Mildew(240),5,0.9999999999999282,0.16666671234517505,0.16666667973367572,0.16666674602075324,0.16666659497692213,0.1666665181078987,0.16666674881557522
960,656404221056e8d0b4c72b1d907ae29f8d436f70ab8b89da286f014400f4f5e0,Downy-Mildew(240),5,0.999999999999922,0.1666667142786457,0.1666666803094323,0.16666674934194653,0.16666659197972944,0.16666651186140424,0.16666675222884172
961,b6bf21e6000cc1f93859a7630aff7ae730c342cccc9a5c446ded0e08da931463,Downy-Mildew(240),5,0.999999999999905,0.16666671924633353,0.16666668170838236,0.16666675800777755,0.16666658414749488,0.1666664956657006,0.16666676122431096
962,23540c63110716fccaf86db118d27a7951a11892b86aa99ac8ae432238997718,Downy-Mildew(240),5,0.9999999999998542,0.16666673184049752,0.1666666853275796,0.166666779863936,0.1666665644056758,0.16666645473072014,0.16666678383159092
963,283295c09dbab14392423c7670124c323809643a4cc6ec21e3d19cbe684186a3,Downy-Mildew(240),5,0.9999999999998554,0.16666673158252646,0.16666668526449926,0.1666667793949047,0.16666656483023182,0.16666645559323007,0.16666678333460758
964,df79c6fd3b688ec4bb3d0f87d374e2bdc5304e11c5d428ba251a8dc2af706b88,Downy-Mildew(240),4,0.9999999999999991,0.1666666653680734,0.16666666629263338,0.16666666441341219,0.16666666870157967,0.16666667088726445,0.16666666433703678
965,0d25ea093a63c0689b20846009300485e1ab91c099f25f4937086138bb0f8193,Downy-Mildew(240),5,0.999999999999995,0.1666666778531892,0.1666666698447175,0.16666668613900382,0.16666664907241904,0.16666663024183812,0.16666668684883237
966,bbc1c1ba7049a59ef3ebdbf84e7d938cb65d7904e681ed651c2a2b713cc93794,Downy-Mildew(240),4,0.9999999999999457,0.16666662706518318,0.16666665531185898,0.16666659791775248,0.1666667287728079,0.16666679540760554,0.16666659552479204
967,68780c69d01b0aa0a45f7496c9fcd0b9046452d3153fb76cede686cd718732d1,Downy-Mildew(240),5,0.9999999999997705,0.16666674858746133,0.16666669013553095,0.16666680891925054,0.16666653815692195,0.16666640030854984,0.1666668138922855
968,1a687982bed5e0760374a7a18d52671e482ab418c99843fcd6906ad6979b2457,Downy-Mildew(240),5,0.9999999999999907,0.16666668253375164,0.166666671217584,0.16666669420807692,0.16666664178620544,0.16666661508897054,0.1666666951654116
969,b94d5f2f0007cfd04541ce0540cb836d3b58c4bdc881fbbb2e00f3eeae3f2dfe,Downy-Mildew(240),5,0.999999999999984,0.1666666878067117,0.16666667270831467,0.16666670340162437,0.16666663347895153,0.16666659790265373,0.16666670470174394
970,5826bbeccc253c13b1873cf6f9911a1834b9978b379ab4333853f69c6790735e,Downy-Mildew(240),5,0.9999999999999093,0.16666671807309522,0.1666666813962042,0.1666667559276735,0.166666586029376,0.16666649952813584,0.16666675904551526
971,40dd6544053d6081c7504e9e826b38a77883e9167501f6cfc3736cd058159d00,Downy-Mildew(240),5,0.9999999999996944,0.16666676123973248,0.166666693742649,0.16666683092375306,0.16666651827692566,0.16666635913219865,0.16666683668474114
972,d93979b25079688800f4551ae1faa44f37186cca28b68f64bde63d15c69f4b16,Downy-Mildew(240),5,0.9999999999997675,0.16666674910776003,0.16666669027537248,0.16666680983891305,0.16666653732499906,0.16666639859880047,0.16666681485415488
973,30a8d42353d8e573326ae4c07b4e60d89912919c4d6490bde5dd305973e0bbee,Downy-Mildew(240),5,0.9999999999998268,0.16666673783231997,0.16666668704889498,0.16666679025352188,0.16666655501886823,0.16666643526645608,0.1666667945799389
974,e2b323b183e32b998790ad4c45037b486fc226ba237e581f045f775a5dd467c6,Downy-Mildew(240),5,0.999999999999849,0.16666673305090254,0.16666668567932053,0.16666678194993373,0.16666656252017606,0.16666645081379197,0.16666678598587517
975,7e839eefd4eabe672b11ae8816f975660e218cf3aa5bea3bcc46d84fb9918e82,Downy-Mildew(240),5,0.9999999999999232,0.1666667139364431,0.16666668020929903,0.1666667487532573,0.16666659251170277,0.16666651296767804,0.16666675162161976
976,b3cccd80ebd6d992aabc70dc4519b907930cef3dff499fab325233113d3a9bec,Downy-Mildew(240),5,0.9999999999998931,0.16666672248621767,0.16666668264828502,0.16666676362268124,0.16666657907866475,0.1666664851424979,0.1666667670216535
977,40da00703b7ca1266572663e30fa758c07a4023a9929333ecb2bbed18f47a9d7,Downy-Mildew(240),4,0.9999999999999415,0.16666662553098374,0.16666665487563936,0.16666659524647445,0.16666673118609535,0.16666680040411067,0.1666665927566964
978,93e84505b9d490ea3581027bbe525aacf0424f44eb947c8456077d821b812ca9,Downy-Mildew(240),5,0.9999999999997444,0.1666667530978522,0.16666669141403864,0.1666668167812754,0.16666653105414614,0.16666638560935226,0.1666668220433354
979,5160070a4765869fadaef4d10ce54f112e32e2cdac535a1c7a80a39bd8285158,Downy-Mildew(240),5,0.9999999999997304,0.16666675546531706,0.1666666920990725,0.1666668208808842,0.16666652735155357,0.1666663779243528,0.16666682627881985
980,2de94faf739b41a3271c75442546be6149680e2309affe05129c2d38e2c6fb5d,Downy-Mildew(240),5,0.9999999999998045,0.16666674225071773,0.16666668831598389,0.16666679792509842,0.1666665480889125,0.16666642090114828,0.16666680251813915
981,af4e37a3f29e52a622c5b60131f8e2a6729ddf63d139d07804c85bf531205541,Downy-Mildew(240),5,0.9999999999997523,0.16666675178617926,0.16666669105117818,0.16666681448045184,0.16666653313414873,0.16666638989996668,0.16666681964807534
982,9711a470b5acd2330df1b54841e34e69857d778c47eddd6b0a3f9d2b0677aac7,Downy-Mildew(240),5,0.999999999999986,0.16666668645227803,0.16666667233032706,0.16666670103511963,0.16666663561875805,0.16666660232227226,0.16666670224124494
983,423c323596e988457e5ed44891b05a08eb1de9e5f4699edec4a454c7ff36ce35,Downy-Mildew(240),5,0.99999999999987,0.1666667281952644,0.16666668428856374,0.16666677351879036,0.1666665701370661,0.16666646660077233,0.16666677725954301
984,37c26e63b8504fa88d41db8a1bc6013b67c9a8b924a2b74d3d71c54ac43bd4fc,Downy-Mildew(240),5,0.9999999999999857,0.16666668665162912,0.16666667240370203,0.1666667013537948,0.1666666353330895,0.16666660170455513,0.16666670255322938
985,6785f8bea293ff18714eb44c7319e21e1684e1eaf34a430e9d9c0dee68d472f7,Downy-Mildew(240),5,0.9999999999998954,0.16666672185272016,0.16666668245478952,0.1666667625360471,0.16666658005709348,0.16666648718839103,0.16666676591095866
986,2b5bd6de7802984d0c52beff4282e606067158094e31ef1f83659281186b866d,Downy-Mildew(240),5,0.9999999999999666,0.16666669768223624,0.16666667556553602,0.1666667205050354,0.16666661803225322,0.16666656584289274,0.16666672237204647
987,b80cbcb4e4aece0b0cd1044d3b7c111e3ee203e1d8f4b6017641cf672e924f14,Downy-Mildew(240),5,0.9999999999997549,0.16666675129873876,0.16666669089258457,0.1666668136680835,0.16666653386594443,0.16666639144675086,0.1666668188278978
988,cc23e1ace07d53fdcceb12059bded907a1a15e2a7652d701d8b5bc3b420a5c5a,Downy-Mildew(240),4,0.9999999999999766,0.16666664088011285,0.16666665926863322,0.16666662190998063,0.16666670709866757,0.16666675048590665,0.16666662035669905
989,2cddd520cb1ddfa6a5b1820470cfbf00e9f860a71f75da8cc9c3779447e19613,Downy-Mildew(240),5,0.9999999999999345,0.16666671030822672,0.16666667917643216,0.16666674244217544,0.16666659821405527,0.1666665247764028,0.1666667450827077
990,d2fec175bf95629ab42d4174264fa77757547748a9220fcf2567d09c94661e34,Downy-Mildew(240),5,0.9999999999999192,0.16666671511816047,0.16666668053590283,0.16666675081844054,0.16666659064282024,0.166666509111766,0.16666675377290982
991,38ed20ed607036c32249fef94befc6d2ad5b970268f93bdc078a9c09074fbd24,Downy-Mildew(240),5,0.9999999999997832,0.16666674629166942,0.16666668946654967,0.16666680495084543,0.16666654174021395,0.1666664077530976,0.16666680979762388
992,c65161d3dda39e43f8c42524bd39ad5df87677b38d7b366cec2238cf5598ffcf,Downy-Mildew(240),5,0.999999999999882,0.16666672533030993,0.1666666834676938,0.16666676853781867,0.16666657463538884,0.1666664759234973,0.16666677210529143
993,338626519f30c9c835b621c8009f98913c800a5dad38276723802d047d76d7ea,Downy-Mildew(240),5,0.9999999999999354,0.16666670988999557,0.16666667902810867,0.1666667417620419,0.1666665988241128,0.1666665260854324,0.16666674441030863
994,9c8ba65d2c65b8906665a181ed906b7f01bd097a1de4c3b49ab35b9c0dc4c78b,Downy-Mildew(240),4,0.9999999999999817,0.16666664386563407,0.16666666014341128,0.16666662705652244,0.16666670245086096,0.16666674082129054,0.1666666256622808
995,81a52fa77590cc2af1c931ff2d6e2578c237e1f363860231b3f78f602d752d40,Downy-Mildew(240),4,0.9999999999999757,0.16666664031972028,0.16666665911337203,0.16666662092686416,0.16666670798726033,0.16666675231927583,0.1666666193335074
996,77dcaaec4dac1c3e1df5d834b7c370c7c80c5aae8411afa1f0136f6db8744a76,Downy-Mildew(240),4,0.999999999999982,0.1666666442060663,0.16666666023136736,0.16666662766590526,0.16666670189952942,0.1666667396938718,0.16666662630325985
997,56d08145471a24760cceab6931ac05141a2ce4e400e9b41d516c674362a7973c,Downy-Mildew(240),5,0.9999999999999449,0.16666670657476024,0.16666667810370117,0.16666673596581588,0.1666666040646026,0.1666665369078573,0.1666667383832628
998,af817257855c57845d69b7fb7921da96fe2b4d1d65e54cbe0f05a7d26a689480,Downy-Mildew(240),5,0.9999999999999919,0.16666668135921064,0.16666667088044038,0.1666666921759058,0.16666664362341618,0.16666661889879245,0.16666669306223467
999,9f2e36c2c4173ef6f0ccdd0be84e832de40906908215ab2c5fcae48987afa0f8,Downy-Mildew(240),4,0.999999999999967,0.16666663585512484,0.16666665785736148,0.16666661312426978,0.16666671503664934,0.16666676689244608,0.16666661123414853
1000,b1c92c1d30bdfc7240658e7cbb4886dbab3308935ed37d1a729969a6accc23b1,Downy-Mildew(240),4,0.9999999999999885,0.16666664896107103,0.16666666160764232,0.16666663589620961,0.16666669446559154,0.16666672426330983,0.1666666348061756
1001,639d5490d8fda38704deeb444672273696b9215a39c6b52d50ff73ac52e70708,Downy-Mildew(240),4,0.9999999999999966,0.1666666578207369,0.16666666416478013,0.16666665124231525,0.16666668060321335,0.16666669550026045,0.16666665066869388
1002,c3cf843c82f0a6c5c8b0ba2de5fdf1f50da62dba7b552e134ca454b994ce1910,Downy-Mildew(240),5,0.999999999999891,0.1666667230124232,0.16666668281742475,0.16666676449908321,0.16666657828798312,0.16666648347388474,0.16666676790920096
1003,20bce13bd9e558e160bb72eb47444947a293f6309967bcfae144864a9be89f29,Downy-Mildew(240),4,0.9999999999999991,0.16666666545004036,0.1666666663652641,0.16666666446354306,0.1666666686608825,0.16666667072419747,0.16666666433607258
1004,37e71e6fb1fc7903e32a7c680433ff6f7a9af1bc02d2d25fc28563d340e2b5ce,Downy-Mildew(240),4,0.9999999999999706,0.16666663762280925,0.16666665836090253,0.16666661620384018,0.16666671225538784,0.16666676113314094,0.16666661442391922
1005,c2dd31782a73b593f1d2cfd24720d1e431f54f771304224f10f9dc2346c611ad,Downy-Mildew(240),4,0.9999999999999963,0.16666665731016228,0.16666666399913477,0.16666665039589115,0.1666666813669461,0.16666669711472998,0.1666666498131358
1006,3acdb4ed775b5e7b12284acb0f8a198809b54dfd58eac95d14be5f15190265bb,Downy-Mildew(240),5,0.9999999999998547,0.16666673179961622,0.16666668534096957,0.16666677973982344,0.16666656451876313,0.16666645492395066,0.16666678367687696
1007,d63ed516e3bc0f9fa0b9df9bae206c5504bfa3db1d11dca9e6781190eed8fc95,Downy-Mildew(240),5,0.9999999999999362,0.16666670972093375,0.166666678985062,0.16666674146021207,0.16666659909771592,0.16666652664412804,0.16666674409194823
1008,c351bffa12233bb49352c2a1bcc8ae255553d0b15e7700df69f5f367c5c7019c,Downy-Mildew(240),4,0.9999999999999983,0.16666666165513994,0.1666666652644911,0.16666665790203766,0.16666667458785275,0.1666666830309619,0.1666666575595165
1009,16c1cfd8d7b39cacd221fe66431f8b62350e044ad13262e6ccb26ea7341425e4,Downy-Mildew(240),5,0.999999999999975,0.16666669331904121,0.1666666742990287,0.1666667129470716,0.16666662485564426,0.16666658001013068,0.16666671456908355
1010,6f8f7ee14cfa7865f1f88be6219e9d5b5f441361f9028017f7c0ad9b7e98b438,Downy-Mildew(240),4,0.9999999999999735,0.16666663917822985,0.16666665879434278,0.16666661892712883,0.16666670979394818,0.16666675605080972,0.16666661725554055
1011,4a1dd21ca21ed116f6617d38a960b65ced638513008d48913a564ab03dab1929,Downy-Mildew(240),5,0.9999999999999208,0.16666671465292668,0.1666666804365135,0.1666667499496886,0.16666659143141907,0.16666651069241867,0.16666675283703344
1012,43042355de5b8e61ac680d99c7652add940cf130a05d3b8b6ea70c70ce9ce22c,Downy-Mildew(240),4,0.9999999999999613,0.16666663324894218,0.16666665712148881,0.1666666085822693,0.1666667191417081,0.16666677538423494,0.1666666065213567
1013,bf3a7bba577710e1ded6941367dd8c6ac0ece0c4845c6d7f991b983be23d3b6a,Downy-Mildew(240),4,0.9999999999999672,0.16666663605007112,0.1666666579213805,0.16666661344866582,0.16666671474464048,0.16666676627429783,0.1666666115609442
1014,7125b45aeffde9fbb61d73e617dceffd4da7420783b434ece37ddea597530bc3,Downy-Mildew(240),5,0.9999999999999991,0.16666666787611772,0.16666666700055477,0.1666666687891747,0.16666666474776284,0.16666666270924532,0.16666666887714462
1015,2e437064a8f085f257ad6ac28d7f242de3bfbe93ebb82aeb0a1ef636be6507c3,Downy-Mildew(240),4,0.9999999999999857,0.16666664667238074,0.16666666095100488,0.1666666319203937,0.16666669805645196,0.1666667317069563,0.16666663069281243
1016,32e5d52aeb545f58583c52eda99138cb30df1b1afe5654106820fb991f820cf9,Downy-Mildew(240),4,0.999999999999987,0.1666666477409182,0.16666666124948737,0.16666663379088822,0.16666669636610973,0.16666672821575002,0.1666666326368463
1017,61062d11e349e741fdddf75ef885dbba83205a76893e4c081dabc459944e22df,Downy-Mildew(240),4,0.9999999999999512,0.16666662916861466,0.1666666559331826,0.16666660153167615,0.16666672550897083,0.1666667886122803,0.1666665992452755
1018,7a2c1826107033369530f1c0b8a6541fdf6dd59855da9db3f339d0c772a0e475,Downy-Mildew(240),4,0.9999999999999807,0.16666664330938188,0.16666665997732774,0.1666666261005612,0.16666670331322161,0.16666674261906184,0.16666662468044582
1019,0063ab3704a1770eb499b76da220cfb3f64da46c0f8e52cac7d9681428eaeba2,Downy-Mildew(240),4,0.9999999999999474,0.16666662763280604,0.16666665550459764,0.1666665988464663,0.16666672793653184,0.16666679362602072,0.16666659645357756
1020,66b9431f9b4427ed77aa1c85f7c138567633ed14bd8046f9e5146be67ccfff4c,Downy-Mildew(240),4,0.9999999999999911,0.16666665131509978,0.166666662283547,0.16666663997828515,0.16666669077740676,0.16666671661598648,0.1666666390296748
1021,7f42b3d86b773e1ae065b3a400346abb09dba2acfaeace13850bfa9d3564fe1c,Downy-Mildew(240),4,0.9999999999999646,0.1666666347260952,0.16666665752422286,0.16666661118582626,0.16666671678780137,0.16666677053815257,0.16666660923790183
1022,9cf6af36699b422e05b2564e1aa5c3f9b10ac71a7d44e7100bb91b3ba3ae7da2,Downy-Mildew(240),4,0.9999999999999798,0.16666664277690454,0.16666665982770018,0.1666666251723335,0.16666670415247853,0.16666674435417486,0.16666662371640834
1023,9f58490614d7cb9eb6a66608e9f4402fc4916b1070840521f5ae4664550bb9ff,Downy-Mildew(240),4,0.9999999999999741,0.16666663948885174,0.16666665888579285,0.16666661946018185,0.1666667093122342,0.1666667550481469,0.16666661780479253
1024,eae3c3d1b609707a134e4ab1b2b2bd667d9ee7a929bd01fbe5824524d1958c0b,Downy-Mildew(240),4,0.9999999999999544,0.16666663042363403,0.16666665630522073,0.16666660368673356,0.1666667235631031,0.16666678455898182,0.16666660146232667
1025,e29e3b624dd8c1e06b7b3d9d9e1a6c447e9524968cf0b8cab7a86342106eeb1b,Downy-Mildew(240),4,0.9999999999999627,0.16666663387822536,0.16666665728478472,0.1666666097056122,0.16666671812502049,0.16666677330396093,0.16666660770239639
1026,d347470d11464fbacd332f4c7d45413b3020d55b8c4f1ef2a84dc245228e6b16,Downy-Mildew(240),4,0.9999999999999765,0.1666666407873271,0.1666666592574799,0.16666662171613655,0.16666670727435237,0.16666675082482663,0.16666662013987743
1027,6b58cfa15190cf3e8c95dc5c5d07bd813c705a69b6ae95cac180c80df0b8597b,Downy-Mildew(240),4,0.9999999999999732,0.16666663902649423,0.16666665875045938,0.16666661866244464,0.1666667100325717,0.16666675654574814,0.16666661698228197
1028,c4041d6084d67693c264553bff93634d9930471d430ae59c5746fb74bfc72e4f,Downy-Mildew(240),5,0.9999999999999678,0.16666669706065074,0.16666667534396412,0.1666667195019973,0.16666661893310686,0.16666656777890893,0.1666667213813721
1029,e1957d0c1b716e723a44eb0f60ca497a09b2738df1677f349b1175adde5966ef,Downy-Mildew(240),4,0.9999999999999605,0.16666663289585643,0.16666665700393848,0.1666666079967414,0.16666671966841937,0.16666677650165035,0.16666660593339408
1030,4591e7df3b0f93b90dd283c51e775ae7463e3547e63cc39b5c31ac3031c50636,Downy-Mildew(240),4,0.9999999999999746,0.1666666397864185,0.16666665896789096,0.1666666199837264,0.1666667088391947,0.1666667540728342,0.16666661834993524
1031,9a18bc39941f2cf4245451ad88440acae3bdffa977cb9aea04a32fae5190f7df,Downy-Mildew(240),4,0.999999999999979,0.16666664233051515,0.16666665969588082,0.16666662440432284,0.16666670484586657,0.16666674579760024,0.1666666229258143
1032,b818689704e68a6b3743f1e3aeec94270e837c3aeccf7c2868a60bb19ee32152,Downy-Mildew(240),4,0.999999999999989,0.1666666492358641,0.16666666166786995,0.16666663640563079,0.1666666940031092,0.16666672333390564,0.1666666353536203
1033,8d6bc9561b7cb46fbd6e550a0740c0c17f46da734a55ac5d9479467d8eafcee5,Downy-Mildew(240),4,0.9999999999999716,0.16666663822140956,0.16666665853493431,0.1666666172379708,0.16666671132128036,0.1666667591928806,0.16666661549152434
1034,ce601e327a9293da71c393ba081443d9139483ac9ca95d328165809e3900e59a,Downy-Mildew(240),4,0.9999999999999988,0.166666662332834,0.16666666540940067,0.16666665916766737,0.16666667343908026,0.16666668072824806,0.16666665892276974
1035,dc9943773f3952798c6d79722ffc4b6c1073356bd9c83d824409eb40aa816c46,Downy-Mildew(240),4,0.9999999999999875,0.16666664812112048,0.16666666135408043,0.1666666344585148,0.16666669576242035,0.1666667269713046,0.1666666333325595
1036,e1e3f5ff3f7c47c5009dda515ddb6d228ddd39a7c2b2e58a85a88c293b1464c1,Downy-Mildew(240),4,0.9999999999999555,0.16666663087179695,0.16666665642673043,0.1666666044792673,0.1666667228468169,0.16666678308556784,0.16666660228982053
1037,56005f1c1a2a23081f2481989388d77d52272c62b98e0cabe83e30f0da4c433e,Downy-Mildew(240),4,0.999999999999988,0.16666664852222512,0.16666666146419076,0.16666663516298277,0.16666669512531682,0.16666672565834226,0.16666663406694224
1038,7416d51b115a76f4d2fb2692bb9bfd7841fb169ce0486ab4b8dd6a47f34b6270,Downy-Mildew(240),4,0.999999999999974,0.16666663939941523,0.1666666588603768,0.16666661930519763,0.1666667094524257,0.16666675533851358,0.16666661764407106
1039,6ca5bcfacf4b7f5e766392a381a5f4d4ac7ca0775f988ab187af2407c0796fbe,Downy-Mildew(240),5,0.999999999999969,0.1666666964456705,0.1666666751670815,0.16666671843727587,0.16666661989533055,0.16666656977465483,0.1666667202799868
1040,154be311b5560dd9933f7a47e4ecc0bfd1d24b2747e0ba2ffea46c0ac0d4448a,Downy-Mildew(240),5,0.9999999999999969,0.166666674965474,0.16666666902323796,0.16666668111428587,0.16666665361238597,0.16666663964242504,0.1666666816421912
1041,571147fc370cf3479c5a31b6184e9408e98b9d34d4dcff3c5ef2818eb7260287,Downy-Mildew(240),4,0.9999999999999964,0.16666665763859614,0.1666666640742602,0.16666665100401612,0.16666668081629624,0.1666666960041815,0.16666665046264967
1042,a6d5befead8acfcc039379e2a51ea80be5b13e7b604e778fbd62e51fff171336,Downy-Mildew(240),5,0.999999999999985,0.16666668707784993,0.1666666725201851,0.16666670210561968,0.16666663465362186,0.16666660030545374,0.16666670333726968
1043,255ecafb743c9fb79506a5b19385c60f195f0fac57ec15941b66b4825a672f4d,Downy-Mildew(240),5,0.9999999999999989,0.16666666992323295,0.16666666758842696,0.16666667234880156,0.1666666615338852,0.1666666560467744,0.16666667255887893
1044,b66b4d3ebc6eaf054649753157abacdd8ab973032d6b82ed3e1836f85bcb503c,Downy-Mildew(240),4,0.9999999999999921,0.16666665218977195,0.16666666250968942,0.16666664154423905,0.16666668936074205,0.1666667137190234,0.1666666406765341
1045,277b76deb2985979633fb6f11fcd8e3c63d3346f07806f83e4bc2d6520640ae1,Downy-Mildew(240),4,0.9999999999999785,0.1666666419050993,0.16666665958248747,0.16666662364867268,0.16666670552908344,0.16666674719989524,0.16666662213476185
1046,f6b38d03017edea3bb0e8c92e8443b8f07f360df783215cc214c3d1633b3a857,Downy-Mildew(240),4,0.9999999999999682,0.16666663653467728,0.1666666580398202,0.16666661433165242,0.16666671394578275,0.16666676465169625,0.16666661249637119
1047,dcaa828dd7935102f4cf00b55fface14773b87acbc7cd5b6453e6704a76e138a,Downy-Mildew(240),4,0.9999999999999991,0.1666666641460105,0.16666666594984564,0.16666666227733118,0.16666667063192742,0.16666667487641004,0.16666666211847522
1048,9eefd9be93a4cbdf71a42e1710549c502dd8a73afb68bb30238c115dc3703420,Downy-Mildew(240),4,0.9999999999999873,0.1666666479258902,0.16666666129001434,0.16666663413525706,0.16666669605378998,0.16666672758836115,0.16666663300668733
1049,72dcfe89acf0f172913eca284e0ea9498ace2b41d1b1c96c00a39ca9034602c9,Downy-Mildew(240),4,0.9999999999999974,0.166666659225639,0.16666666452658482,0.1666666537601135,0.1666666783252957,0.16666669084429767,0.16666665331806932
1050,f97e5043a8f8ea74c4211cea85bcf362dbaec0cbd8da08e758826e03d14f222d,Downy-Mildew(240),5,0.9999999999999444,0.16666670674132944,0.16666667810762306,0.1666667363323253,0.16666660372830033,0.16666653628012867,0.1666667388102932
1051,2bdd6daf060798195e01bb1c24e78a54f2237330637069f5308e149c5a367783,Downy-Mildew(240),5,0.9999999999999808,0.16666669001841491,0.16666667333150978,0.16666670726079613,0.16666662999143872,0.16666659069063838,0.16666670870720213
1052,268b09fa31d86fb86f3beef92789a1af664eac77ad87f887fbe9cb23cd8c58d6,Downy-Mildew(240),5,0.9999999999999117,0.1666667172857324,0.16666668114598635,0.16666675460780514,0.16666658721966723,0.16666650203488773,0.16666675770592115
1053,55696454c7508a8a9d9997dd60de99186b3ac17b26d02338ed938d102c702b0a,Downy-Mildew(240),5,0.9999999999999788,0.16666669114677654,0.1666666736707979,0.16666670919900206,0.16666662824402786,0.1666665870444932,0.1666667106949025
1054,8e23d123ad150b72cba4049b7278db40df2114c042a7e59c2c20be7d93cc3541,Downy-Mildew(240),4,0.9999999999999948,0.16666665506166448,0.16666666332726496,0.16666664654097998,0.1666666848462604,0.16666670437032502,0.1666666458535052
1055,6fa8f7789a232c59037e0110d42e9ec0813bd063697c52ece2efbcd48a8d701d,Downy-Mildew(240),4,0.9999999999999595,0.1666666324845852,0.1666666568816019,0.16666660729523347,0.16666672030266996,0.1666667778242051,0.16666660521170432
1056,146047d3d0880e12af4a2861d0ab41397dcdd9bad167eb172b7da45bcba590c7,Downy-Mildew(240),4,0.9999999999999595,0.16666663249751457,0.1666666568906304,0.16666660731001756,0.16666672029035434,0.16666677779046649,0.16666660522101664
1057,c84bc327d02869d8ca448cddb8315657f98fb5e70d6c9d32a5451bbd151d08f2,Downy-Mildew(240),5,0.9999999999999992,0.16666666775465044,0.16666666696868074,0.16666666857317222,0.16666666494323776,0.16666666310988684,0.16666666865037197
1058,86cb1ccf5544262b59a819ca758b3d8ae9faa6bf5ae8cb0860a8bfc3bc805d14,Downy-Mildew(240),4,0.9999999999999942,0.1666666544149916,0.1666666631395322,0.1666666454240507,0.166666685855366,0.16666670646601778,0.16666664470004172
1059,b7c1a388b10cd3d10096430c69c90a704447f92b9ca9cfe981e6915f35786f77,Downy-Mildew(240),4,0.9999999999999883,0.16666664874630635,0.16666666152062964,0.16666663557038297,0.16666669475740806,0.1666667249087671,0.1666666344965059
1060,70e9da8060af1537ce59d38566cadb7ab3371fec0a905049e8ec255846df663e,Downy-Mildew(240),4,0.9999999999999912,0.16666665124004992,0.16666666224668303,0.16666663987876204,0.1666666908663078,0.16666671682521406,0.1666666389429831
1061,4b8b3d0b4a3e27dcc0a3c1bf99b037eb8df17c96eaf4d9f10d960af10f4e090c,Downy-Mildew(240),5,0.9999999999999415,0.16666670781022308,0.16666667841405883,0.16666673819209352,0.16666660204915307,0.16666653280008403,0.16666674073438756
1062,0c5879c24eb8a0712fdf8eda6eed9d84384ad35adce800f709b41bb856ed0edc,Downy-Mildew(240),4,0.999999999999995,0.1666666556663789,0.1666666634977183,0.16666664759715497,0.16666668389207376,0.16666670239714812,0.16666664694952596
1063,cf4823f405e22f26fd8df5527c08c5b890710cc8e46025cfc73e22eaa600533e,Downy-Mildew(240),4,0.9999999999999869,0.16666664758288183,0.16666666119317505,0.16666663353918346,0.16666669659291958,0.1666667287038559,0.1666666323879843
1064,c2b7e5ff1a7668f7c39c7d621cdde2221d509564996ba0d797fae6ec63336978,Downy-Mildew(240),4,0.9999999999999991,0.16666666457619606,0.16666666606323063,0.16666666304479777,0.1666666699381219,0.1666666734544938,0.16666666292315999
1065,dc57bd5a597b20462d111cb20fc267991e8acf8878eb51ddb5b5c9eb815e7324,Downy-Mildew(240),4,0.9999999999999681,0.16666663643010668,0.16666665801217442,0.16666661414685682,0.16666671411319448,0.1666667649951805,0.16666661230248714
1066,58fc201d1ce49e0dbf0a5007bc744faeb171e5821786ff0ed6ec3a421911b73a,Downy-Mildew(240),4,0.9999999999999727,0.16666663880712837,0.16666665868331587,0.16666661829330295,0.16666671036650288,0.16666675724530838,0.1666666166044415
1067,c14d1cf2a3589954d0816d7341a8d6984bdd81ddf758e3a71a652a023aadfa32,Downy-Mildew(240),4,0.9999999999999986,0.16666666195757038,0.16666666532456637,0.1666666584766633,0.16666667406616215,0.1666666819921894,0.16666665818284845
1068,5e53c1ec9a9ee9372374f163bce599cef3c54b8fd55285ca6fd9e266da537b06,Downy-Mildew(240),4,0.9999999999999934,0.16666665362827937,0.16666666292131124,0.1666666440442391,0.1666666871024752,0.1666667090393917,0.16666664326430344
1069,5761dfd129478637352ff2073e54635ba4db4da0e8b87b967805d924d78398b0,Downy-Mildew(240),4,0.9999999999999979,0.16666666010655098,0.16666666477026532,0.16666665530887984,0.1666666769259806,0.16666668795832762,0.16666665492999566
1070,1cce0a3294ca026de8a7e084ab4133fcc151d140de1e7a72fc57782210c92653,Downy-Mildew(240),4,0.9999999999999992,0.1666666664916841,0.16666666658832108,0.16666666642067224,0.16666666688740422,0.16666666716997455,0.16666666644194372
1071,dac86bbb711d5a4ca2670b2e6879efd9db792f963538ad25d9bcc8c842f704a9,Downy-Mildew(240),4,0.9999999999999992,0.16666666629888066,0.1666666665268881,0.16666666609846623,0.1666666671781237,0.1666666677825935,0.1666666661150478
1072,c14559f878ec55276f6f1c6feb8b4a7e87a907ebc66bcfdec6bfaf00b1c968b0,Downy-Mildew(240),4,0.999999999999996,0.16666665683754767,0.16666666383334816,0.16666664963167954,0.16666668205435037,0.16666669858813932,0.16666664905493497
1073,f0ae6ec69b5ed343e0ea45e3805b1eb425f95e4123d0b65c0e19458fa3e29873,Downy-Mildew(240),5,0.9999999999999007,0.16666672041488362,0.16666668203424792,0.16666676006336495,0.16666658229189726,0.16666649183535073,0.16666676336025557
1074,b5d44e7c2665ece2ec693a3ee79399665a6902269671d604d05b9f96b62bfdc7,Downy-Mildew(240),5,0.9999999999999877,0.16666668498224205,0.16666667191884862,0.16666669846374196,0.1666666379425,0.1666666071230124,0.16666669956965496
1075,053463762eb114c277420c006fb95f0c8df9afedd2bad3daf2b253260ce23c0e,Downy-Mildew(240),4,0.9999999999999915,0.16666665152788188,0.1666666623526211,0.16666664033838133,0.16666669045418664,0.16666671593392815,0.1666666393930009
1076,40f1b20a14dd2e3f3617bdd3025470f394318f00fc5ccee2e7e9034cf54fd2da,Downy-Mildew(240),4,0.9999999999999564,0.16666663120777228,0.16666665652912538,0.16666660505786127,0.16666672232622085,0.16666678199775584,0.16666660288126434
1077,95abd87645705f6371feaaece27013b5a0f95ebe1017be91eaf1060ea3996a63,Downy-Mildew(240),4,0.9999999999999698,0.16666663726500006,0.16666665825694613,0.16666661558821838,0.16666671281207007,0.16666676228977984,0.16666661378798553
1078,9af9c0fdc11e3c654758ad260f0de51bc5701c3c80564b65af2ebb4ab66dcd5f,Downy-Mildew(240),4,0.9999999999999852,0.16666664634123496,0.16666666086689583,0.16666663133064907,0.1666666985914887,0.16666673279944924,0.16666663007028226
1079,fe4cff011f3e074645093aeb35bd9b28f0bb109f7fd3afda246559edd895570b,Downy-Mildew(240),5,0.9999999999999415,0.16666670785765822,0.16666667848467606,0.1666667381628536,0.16666660207983516,0.16666653277171048,0.16666674064326656
1080,fe7c891e43247963487fa68e2a4c903408ffa21c08d2750ca81c386359f100b1,Downy-Mildew(240),4,0.999999999999997,0.16666665869285052,0.1666666644051577,0.1666666527742688,0.16666667921833106,0.16666669264495837,0.1666666522644336
1081,97f4ed7610f9635eeb0b8e0970f72a48d30e8650e2dec935af27f61064272e64,Downy-Mildew(240),5,0.9999999999999988,0.16666667017388798,0.166666667705348,0.16666667269874486,0.16666666122179943,0.16666665532769753,0.16666667287252232
1082,94094cb4e7ec30cf85caed3fc5bb1b1cd5ddbc0d148e829759d0d7357015d3c1,Downy-Mildew(240),5,0.9999999999999343,0.16666671032007221,0.16666667919852432,0.1666667424221519,0.16666659823261756,0.16666652478415622,0.16666674504247778
1083,b444c2140656e33f6a6b3f1144c7b5aba6271f64c56f92271ad9fedd36dbee33,Downy-Mildew(240),4,0.9999999999999638,0.16666663442206442,0.1666666574236775,0.16666661068240146,0.16666671724117588,0.16666677149924303,0.16666660873143763
1084,cddd5cc7b1b31f686a72b7a29953ee9dda284ae72b0378f2b9dc0f4d244c9e67,Downy-Mildew(240),5,0.9999999999999872,0.16666668552562042,0.16666667209843206,0.16666669936585043,0.16666663713053897,0.16666660540238293,0.1666667004771751
1085,2c0d24506c482e15c8e92fa67cee3469fe48421715fa8b85f8449294166193a7,Downy-Mildew(240),4,0.9999999999999556,0.16666663085867528,0.16666665644064366,0.1666666044252287,0.16666672289770604,0.16666678316310488,0.1666666022146414
1086,ee06be071166f894254c6e870bdc36af26645e837104356e6e46468c436f00ca,Downy-Mildew(240),4,0.9999999999999889,0.16666664924633415,0.16666666168621802,0.16666663639635895,0.1666666940132199,0.16666672333048907,0.16666663532738
1087,dd55b36c86ef259fcd4a8395faec9db7bc5e88a9335fd914c398d89900fa0ce3,Downy-Mildew(240),4,0.9999999999999584,0.1666666320685431,0.16666665677578849,0.16666660654833873,0.16666672097880023,0.16666677920429224,0.1666666044242372
1088,f79fda196268c79e9a6a09f556eefe839d5a38ca9ff4e224864a3b3beb13e731,Downy-Mildew(240),4,0.9999999999999661,0.16666663555729577,0.1666666577901565,0.1666666125819631,0.16666671553028403,0.16666676788792156,0.16666661065237903
1089,4d7d9faec909317fb4be9c770c778e47a948d08fdb8f51c490b305678586e11a,Downy-Mildew(240),4,0.9999999999999953,0.1666666559363496,0.1666666636165668,0.1666666479920107,0.16666668354012756,0.16666670160189856,0.16666664731304673
1090,0d41ebfcdf025871c495f4f2b1ab44981c26c17550299db7a5d6260e38ce5b4d,Downy-Mildew(240),4,0.9999999999999982,0.16666666133889713,0.16666666512350448,0.16666665745062048,0.16666667499167315,0.1666666839491262,0.16666665714617865
1091,56d71ff109f7fc2e2e5c9ed0a1cce934bd0bc8a24bc27953da75a66d7a0e359a,Downy-Mildew(240),5,0.9999999999999833,0.16666668825795014,0.1666666728114874,0.16666670423320712,0.16666663272506388,0.1666665963816395,0.1666667055906519
1092,48dfddd929fa6db3c3e0ae8d2d608737d0e46da0aa8d1b55547ee7a40dd8f511,Downy-Mildew(240),4,0.9999999999999929,0.16666665306524586,0.16666666275254544,0.1666666430822289,0.16666668797124565,0.1666667108522104,0.16666664227652375
1093,12d67aa993302a328f4cd8d12e88e42c79de96688e993f0686fb01367a1655b3,Downy-Mildew(240),4,0.9999999999999921,0.16666665207515743,0.16666666246429848,0.16666664137148066,0.16666668951626107,0.16666671406185934,0.16666664051094296
1094,7b696c83106ee8b49c76131cc099568ac685c8df1fcffa012f4bc63d5986ab72,Healthy-Leaf(1399),4,0.9999999999999953,0.16666665583130638,0.16666666354624904,0.1666666478790322,0.1666666836370549,0.166666701866232,0.16666664724012553
1095,fd06463e1fb869145c28afc106fde4dd3cd678da3de385b2b8587c793e9151dd,Healthy-Leaf(1399),5,0.9999999999999353,0.16666670999937866,0.16666667908752267,0.16666674190366595,0.16666659869979872,0.1666665257834752,0.1666667445261587
1096,20e15ca66aa00bd4b001fc8d553f90e1415e84d5c831a945533f18e9035bfba4,Healthy-Leaf(1399),5,0.9999999999998981,0.1666667211214345,0.16666668223178077,0.16666676129539293,0.1666665811775195,0.16666648953279511,0.16666676464107724
1097,81a84d48596ce27e2070da9c98f2ea79e526355ad3905e1aa9812263bcb043bd,Healthy-Leaf(1399),4,0.9999999999999727,0.16666663870516302,0.16666665867156685,0.16666661808422634,0.16666671055717724,0.16666675761269512,0.16666661636917146
1098,01489f046347e459f2baf1698804f857e6feb56052530855568db1d36a4c9d01,Healthy-Leaf(1399),4,0.9999999999999527,0.1666666297091489,0.16666665609746073,0.1666666024574833,0.16666672467459334,0.16666678686857336,0.1666666001927404
1099,7079d52f524fe9bcb691cc89099a25d20d2dccd9698027af407672ba29cc6215,Healthy-Leaf(1399),4,0.9999999999999762,0.16666664071336426,0.1666666592586589,0.16666662155128636,0.16666670742662026,0.1666667511055173,0.16666661994455279
1100,42c89a2cf31e2db934f54c84efbc66ba3f801dc807123062bf4641a3ce4bcf04,Healthy-Leaf(1399),4,0.9999999999999611,0.16666663323513317,0.1666666571028816,0.16666660859188215,0.16666671913304626,0.1666667753906877,0.1666666065463691
1101,d2ad4c466b8b985d6a08c20c41ae5aba2aa9a8823c06cea396355928dc50d39e,Healthy-Leaf(1399),4,0.999999999999956,0.16666663109362964,0.16666665650607387,0.1666666048426166,0.1666667225218205,0.16666678238786853,0.16666660264799102
1102,8e3eaaad938da9ebd423b64161fe42c068780e8e3ee359c8264bc65cc3512f3f,Healthy-Leaf(1399),4,0.9999999999999218,0.166666619016474,0.16666665304500344,0.16666658387141756,0.1666667414664773,0.16666682165552588,0.16666658094510178
1103,51a43a00ace00253531e2d3b22db82371c8a866752b5c6dd54b534501fdddde7,Healthy-Leaf(1399),4,0.9999999999999613,0.16666663323278497,0.16666665711401701,0.16666660856601656,0.16666671915761028,0.16666677542269964,0.16666660650687154
1104,35c3e9d16c9aba6451dfd9f8162dbdf842938457adf52a5c34d1cb0c4accb71c,Healthy-Leaf(1399),4,0.9999999999999378,0.16666662422150105,0.16666665453867327,0.16666659290392574,0.16666673330656373,0.16666680473853823,0.16666659029079797
1105,8567c4e3272fe6575101bc4d54fd164340311d36095c58ec19011a14f1f79c95,Healthy-Leaf(1399),4,0.9999999999999569,0.1666666314709935,0.1666666566050044,0.16666660551221435,0.16666672191538714,0.1666667811452226,0.16666660335117792
1106,1888c55cedb149199f767f63ab0d333f465e34184fdf33c27138a3a430e3385b,Healthy-Leaf(1399),4,0.9999999999999586,0.16666663207839538,0.16666665677484038,0.16666660657357277,0.1666667209558914,0.16666677916302963,0.16666660445427056
1107,7aa577cf8439dbb875a40cc22667125b5faf6bfe78ddc9045d0d43efb3c71c98,Healthy-Leaf(1399),5,0.9999999999999335,0.1666667106249975,0.16666667923337056,0.1666667430505628,0.16666659766008549,0.1666665236816606,0.16666674574932305
1108,b26bc52754dbfbccaf9896b1b75ec73151097f3b95ef66397704362760bb29be,Healthy-Leaf(1399),4,0.9999999999999566,0.1666666313470467,0.16666665656801283,0.16666660530049607,0.1666667221066717,0.16666678154420092,0.16666660313357168
1109,8b508f11b30b3168c6571f74d0439d2dbc1dcece4fa6caf97e1529765bf6aa58,Healthy-Leaf(1399),4,0.9999999999999492,0.16666662838952867,0.16666665572442177,0.16666660015554946,0.16666672675436198,0.16666679117106595,0.16666659780507226
1110,f86d298c5ab6778afbbec5c4619137ccf214fa985413ba341e8af4891e786bbf,Healthy-Leaf(1399),4,0.9999999999999949,0.16666665537658462,0.1666666634578847,0.16666664701131037,0.16666668442498342,0.16666670343236684,0.16666664629687009
1111,db17b2a53e7e390aec2400bf3c27f2bf5f808d2f4250c1c714543905a38a16a5,Healthy-Leaf(1399),5,0.9999999999999075,0.16666671857186863,0.166666681564553,0.1666667567468307,0.16666658529191786,0.16666649795901323,0.1666667598658166
1112,00d9abb12735b0d0b81553468aeda36a5f7b562c772781d1f3668a12d9508227,Healthy-Leaf(1399),4,0.9999999999999943,0.16666665445987233,0.16666666317944057,0.1666666454517925,0.16666668583297112,0.16666670637632283,0.1666666446996007
1113,27ea7fcca555c91ce66a4abc7cb0abaf70c8f548789e86730403905810d53817,Healthy-Leaf(1399),5,0.9999999999999787,0.1666666912583617,0.16666667373314928,0.16666670932264352,0.16666662813215616,0.1666665867620439,0.1666667107916454
1114,23d04b24ca3f620b2900780ccb8d2f6ccc059cabb95904add89e79161b07c24f,Healthy-Leaf(1399),5,0.9999999999999841,0.16666668768261422,0.16666667269038907,0.16666670314905732,0.16666663370785192,0.16666659834822792,0.16666670442185963
1115,2af57f2502f6eed99f3ab7f3e2f1f96ccedc3439b89ebdfdfac6d19691cddb33,Healthy-Leaf(1399),5,0.9999999999997836,0.1666667462032254,0.1666666894443265,0.1666668047966732,0.16666654188100732,0.166666408040565,0.1666668096342026
1116,10d2c586d8e7b34051a213d73440c081a67b42b78f443e9bb708531db815c53e,Healthy-Leaf(1399),5,0.9999999999997202,0.1666667571435231,0.1666666925756855,0.16666682379600886,0.16666652471611468,0.16666637246750915,0.16666682930115867
1117,6635148717e126d6f5462cfdcbff085acbd09df25aaafaf4346a71f7742eb46e,Healthy-Leaf(1399),5,0.9999999999999898,0.16666668336845664,0.16666667147028447,0.16666669563090666,0.16666664050184768,0.16666661240495853,0.16666669662354608
1118,6a92186f2b4df77f52828b2aa0eebeef0615e4274b68a304596d873462677ade,Healthy-Leaf(1399),5,0.9999999999999745,0.16666669360828304,0.16666667434584298,0.16666671352804704,0.16666662432998638,0.1666665789798956,0.16666671520794493
1119,b0ec38f605fa9389a2f7d82282890c06527acfedfd0326843c8f24ae48e03982,Healthy-Leaf(1399),5,0.9999999999999004,0.16666672054316717,0.16666668209210525,0.16666676023814195,0.1666665821340453,0.1666664914731547,0.16666676351938567
1120,42427443b69e74bb4e17408ef71a9349a74ca785828bd96e1f6609d435780543,Healthy-Leaf(1399),4,0.9999999999999959,0.16666665688160004,0.16666666386531584,0.16666664966675745,0.16666668202328966,0.16666669849203913,0.1666666490709978
1121,de44a4887f654e91b6669bb0c4b1fb34fe0e1e3c2e567704c491ae05d374d240,Healthy-Leaf(1399),5,0.9999999999999876,0.16666668530660894,0.1666666720038366,0.16666669904053055,0.1666666374203655,0.16666660605334088,0.16666670017531757
1122,0dae84379ca3cff7eca14817b6f9b8ac468e5569882dc2739aa20624ec129deb,Healthy-Leaf(1399),4,0.9999999999999808,0.16666664345629917,0.1666666600435109,0.16666662631336776,0.1666667031238981,0.16666674218848024,0.16666662487444378
1123,444e7ce9c31892e61533867c8812bcfcc92b44c717b42e5a1ef6f0f72b31c7b7,Healthy-Leaf(1399),5,0.9999999999998735,0.16666672739573168,0.16666668406003585,0.16666677212510633,0.1666665713951773,0.16666646920681757,0.16666677581713124
1124,2eba911c1de63a0e840fd42e803fad086690096f4f8dad3e8ae0c5aed39359f5,Healthy-Leaf(1399),4,0.9999999999999913,0.16666665150112497,0.1666666623425345,0.1666666402912503,0.16666669049535288,0.1666667160223532,0.16666663934738415
1125,d85be618ee8f6f165a657eb0cbafe379a65a8a53d5c23ee1f3181de613ecea55,Healthy-Leaf(1399),5,0.9999999999999861,0.16666668639308352,0.16666667233670474,0.16666670088369862,0.16666663575662943,0.16666660256986301,0.16666670206002066
1126,bf88e37971a9877456f2ed566cc67486e5763c3d0f03a0e24f9b97457114a0a9,Healthy-Leaf(1399),5,0.9999999999999458,0.16666670628314556,0.16666667804914076,0.1666667354014536,0.16666660457635324,0.16666653792146552,0.16666673776844126
1127,041397c88fc026825ca2318314513e7a52f7fb9ffe7f0ec9e703dc60aec37e7e,Healthy-Leaf(1399),4,0.999999999999999,0.16666666366637614,0.16666666581195863,0.1666666614418804,0.1666666713858235,0.16666667643919658,0.16666666125476473
1128,e65378e9135386ab2fbf4237268288a388b95eb8ae31fd12dd51d45afded13e1,Healthy-Leaf(1399),4,0.9999999999999978,0.1666666604651173,0.16666666489283277,0.16666665588531812,0.16666667640503902,0.16666668684541702,0.16666665550627568
1129,189e867d6c6a8761f7c9b338d2706283980fe0d430649506eab8ca7bf8bc63eb,Healthy-Leaf(1399),4,0.9999999999999569,0.16666663139058197,0.16666665656167448,0.1666666054107645,0.16666672200517144,0.16666678136375457,0.1666666032680531
1130,1274e90b8d6e2ca1d57bf4193ebde3fc4f1853abeb5c1b9d7886d7adb459e51d,Healthy-Leaf(1399),5,0.9999999999999029,0.1666667198763431,0.16666668190988937,0.16666675906539621,0.1666665831947216,0.1666664936576908,0.1666667622959589
1131,3fe18875bf5471c52f08fba36ffd6848d8115192936eb2983d33c9cf3b4091b0,Healthy-Leaf(1399),5,0.9999999999999606,0.1666667003373104,0.1666666763033301,0.1666667251490929,0.16666661383258585,0.16666655717357556,0.1666667272041052
1132,1ef5a26f4a5d634b55c05dd894985fe75179ece83d7b82561fd542b5fb2b4074,Healthy-Leaf(1399),5,0.9999999999999893,0.16666668367253185,0.16666667152937106,0.16666669620866537,0.16666663997662137,0.1666666113608275,0.16666669725198283
1133,1dff4e9bb2da4d5e2e67bbbe2366ccf110d4b9d14a009a0b326e2d256edcfbb9,Healthy-Leaf(1399),4,0.9999999999999958,0.16666665632009137,0.16666666370530586,0.1666666486898192,0.16666668290586556,0.16666670031988814,0.16666664805902995
1134,9bc6698f78527ff35ee05733849fa9c3a37d674c79c6f52790f1599f8617b912,Healthy-Leaf(1399),5,0.9999999999999719,0.1666666949973212,0.16666667477914793,0.16666671586164594,0.16666662222235756,0.16666657455311204,0.16666671758641538
1135,f4951ef62fb1993f3f380c94712356ace7e3d8977c406ca9326c2d89ec88fe95,Healthy-Leaf(1399),5,0.9999999999999117,0.16666671737000985,0.1666666811768285,0.16666675473857512,0.16666658710145138,0.16666650177876569,0.16666675783436943
1136,bae6e2d8d69cae2aabd6f9b3572ac9ee9dc0b3f2471fdaaf4d091d99c2a75ee7,Healthy-Leaf(1399),4,0.9999999999999651,0.16666663502362727,0.16666665761513652,0.16666661169336364,0.16666671633017432,0.16666676958077742,0.1666666097569208
1137,eedde74de9e5abeb1f6de496dd8637b239931206cdc794c37d343937b441516e,Healthy-Leaf(1399),4,0.9999999999999901,0.1666666501980656,0.16666666194798083,0.16666663806612864,0.16666669250298788,0.1666667202172285,0.16666663706760854
1138,1fde66460f1dcad613dbce4ce60d8ad38043e0bfcb2f03f4a0315c9abc14b978,Healthy-Leaf(1399),4,0.9999999999999974,0.16666665898126162,0.1666666644898714,0.16666665328139876,0.16666667876274788,0.16666669169883777,0.16666665278588255
1139,e7b126e43fc52f4c7e49c6f84e41a6c3dde354e0fda2878fca469841aead5232,Healthy-Leaf(1399),4,0.9999999999999942,0.1666666543851927,0.1666666631423358,0.1666666453478033,0.1666666859245694,0.16666670659080338,0.16666664460929545
1140,738fc5d2ec7b0234d8936f5b4e2a5d0b0714ce3a2ac6e03375d519f44a41d76c,Healthy-Leaf(1399),4,0.9999999999999829,0.16666664472524295,0.1666666603754338,0.16666662858053705,0.16666670107382436,0.16666673799052367,0.1666666272544382
1141,eddd1ba7358ba59aa2ad27e13e95b912577e5c7ef360bf10eb8b06b305dbdbb5,Healthy-Leaf(1399),5,0.999999999999998,0.16666667262160312,0.16666666839364794,0.16666667697093604,0.1666666573605865,0.16666664734495223,0.16666667730827414
1142,38ebbe2ff0e050eb234a3094b4eafbb92ccda359072f44e288687bc1e89d3cd1,Healthy-Leaf(1399),5,0.9999999999999497,0.1666667048227602,0.16666667759822856,0.1666667329207061,0.16666660681304257,0.16666654260862238,0.16666673523664025
1143,6f30df579b656988d4005173e9e7666fcd8a75552661fbf47ae4d2234a3d2e19,Healthy-Leaf(1399),5,0.9999999999998485,0.16666673313179303,0.16666668569345927,0.16666678211471353,0.1666665623721671,0.16666645052250406,0.16666678616536298
1144,0956fc34b37b927a08298e0e55fbbfb0c9dea462161367b65b730f4fc2f6ee46,Healthy-Leaf(1399),5,0.9999999999999541,0.16666670304374603,0.16666667706078603,0.1666667298919924,0.16666660954844978,0.16666654832403724,0.16666673213098848
1145,e5cf3adfbdd35f40564c20cdf67bc09178c3a507effee86399e5099258d84656,Healthy-Leaf(1399),5,0.9999999999999992,0.16666666767213872,0.1666666669743981,0.1666666683692847,0.16666666512891973,0.16666666344685163,0.1666666684084071
1146,475da27b56b14c8e26ef947e8eb6510917a05d6d98b2479ad988a6c096bc6f31,Healthy-Leaf(1399),5,0.999999999999999,0.16666666886421536,0.16666666730551521,0.16666667046086195,0.16666666323891233,0.16666665954645363,0.1666666705840415
1147,fc86b737af478e70d046c8628faaf701780e90db3687e7751436a8d1ffca94c3,Healthy-Leaf(1399),4,0.999999999999998,0.1666666607214386,0.16666666497635876,0.16666665631645747,0.16666667601765334,0.16666668602703702,0.1666666559410548
1148,44ddde866fdc6ba6052ef08f2d330cd1be3ba857c5cce6813fab97993543b13e,Healthy-Leaf(1399),5,0.9999999999999631,0.16666669922067837,0.166666675986435,0.1666667232008092,0.16666661559209692,0.16666656081508893,0.16666672518489167
1149,cec9ec9914d5beaf2d702ce6c181fd13ac0897e8d14a92c4378e58c0eb1719f0,Healthy-Leaf(1399),5,0.9999999999999554,0.16666670257350263,0.1666666769568597,0.1666667290035424,0.16666661035071942,0.16666654993543625,0.1666667311799396
1150,9fe74e1a076b8b34f689abe3f2b631403908efe4c6a0a6f64a6ae13cf1ba5060,Healthy-Leaf(1399),5,0.9999999999999883,0.16666668462556847,0.16666667182373684,0.16666669782655766,0.16666663851773048,0.16666660830328703,0.1666666989031196
1151,92394434594230eef5a794144306dd43c31a61ca4bff669e0ed302fbb03422a2,Healthy-Leaf(1399),4,0.9999999999999742,0.16666663956130706,0.16666665889899798,0.16666661960622592,0.16666670918099105,0.16666675478906742,0.1666666179634106
1152,96106bcced96d59718e33a82dbe75e5bebad4dfd52cfa76f95ea67bdfc206dd6,Healthy-Leaf(1399),4,0.999999999999998,0.16666666039497594,0.1666666649023091,0.16666665571335468,0.1666666765643733,0.16666668712913865,0.1666666552958484
1153,211bda5efd09d6f0455d93e170258e85d4f7c0acfdc3a4e69091aaa22a837060,Healthy-Leaf(1399),5,0.999999999999873,0.16666672754974363,0.16666668410835758,0.1666667723894308,0.16666657115787772,0.1666664687089251,0.16666677608566524
1154,9b1a26a2c577cc20df337aca509644b1b4d27bf9a77ac08b145728a1e02eb9bf,Healthy-Leaf(1399),5,0.9999999999998461,0.16666673372049007,0.16666668587384895,0.16666678310304134,0.16666656147767617,0.16666644864800453,0.16666678717693892
1155,4dd0764f26580fb693b2d0e1c206421f9869c0aa0a9113dcb4dd98d83a4e90af,Healthy-Leaf(1399),5,0.9999999999999928,0.16666668043246416,0.16666667062961393,0.16666669052675223,0.16666664511176307,0.16666662195835932,0.16666669134104728
1156,ad229896ccd117237bdbeeb461043bd2581f6c112ad2b35b79d9659886cf4ca4,Healthy-Leaf(1399),5,0.9999999999999689,0.16666669654816493,0.16666667523133613,0.16666671853837572,0.16666661980464006,0.16666656952910386,0.16666672034837932
1157,4e10a052d6b954ee62acfc7a0b218b2fddadca0b4d5fa875650dd440ad145aa3,Healthy-Leaf(1399),4,0.9999999999999933,0.16666665353932977,0.16666666292445917,0.16666664383220547,0.1666666872958284,0.16666670939368503,0.16666664301449202
1158,5eccca98615e6ed21839277a4153c831ace2dd2428fe087e272c3358421b9586,Healthy-Leaf(1399),5,0.9999999999997486,0.166666752399759,0.16666669122525438,0.16666681555291674,0.16666653216602167,0.16666638789658128,0.1666668207594669
1159,598e164364c77c21ac792f6225dcdb55adec57ec55e80b3b6e5dd227e978ab3c,Healthy-Leaf(1399),5,0.9999999999999266,0.1666667128266157,0.1666666798753476,0.1666667468485184,0.16666659422919014,0.16666651655193074,0.16666674966839728
1160,c5ecb32f75d009ffc25e8a923c5c4f7df0444a391f73c0e26c914fd598d242a6,Healthy-Leaf(1399),5,0.9999999999999304,0.16666671165439761,0.16666667954020611,0.16666674481342822,0.16666659606813217,0.16666652036255553,0.16666674756128036
1161,2d56bdaf1a2c34c8fa8ea94866fcd86e66b07eba47af2a418e13c24adefc8905,Healthy-Leaf(1399),5,0.9999999999999858,0.16666668652141003,0.166666672354365,0.1666667011411477,0.16666663552198194,0.16666660211394682,0.1666667023471485
1162,1e712e6e0d7a226673ace21ae3d9df5c685f903646ee4502d7c693686c4911fd,Healthy-Leaf(1399),4,0.9999999999999841,0.1666666455639118,0.1666666606056499,0.16666663005599852,0.16666669974002482,0.1666667352421575,0.16666662879225735
1163,f75c683c355c4280d1c0019b6bfc3bc8720dce29e799b3be38379219a5787e90,Healthy-Leaf(1399),5,0.9999999999999439,0.16666670694672805,0.16666667819897224,0.16666673662582018,0.16666660346567747,0.16666653568350062,0.16666673907930146
1164,a3a89998ff5f5a99fc0958ae94210cb8b4773601eb31c8489cec9ff0168ffdf0,Healthy-Leaf(1399),5,0.9999999999997732,0.16666674811485035,0.16666668999026993,0.16666680811322004,0.16666653888326802,0.1666664018292444,0.1666668130691472
1165,afae933db5c49328e8f6764bd2c08e545e97308ead498dda3da35f0e246b4886,Healthy-Leaf(1399),5,0.9999999999997743,0.16666674787291863,0.16666668990385744,0.16666680772720915,0.16666653923087177,0.16666640257727952,0.16666681268786343
1166,430e0ad547cc4f545bddd12a867b5d468126b28a7d4e66beed354fe76236d75c,Healthy-Leaf(1399),4,0.9999999999999915,0.16666665156600619,0.16666666237268202,0.1666666403810531,0.16666669041503848,0.16666671583719278,0.16666663942802745
1167,7e4ff46789eef49f33bd8fd5c390775392b8464a5d8812c00d84eb96010e305c,Healthy-Leaf(1399),5,0.9999999999996813,0.16666676322137122,0.1666666943168847,0.16666683435211993,0.16666651518028344,0.1666663527033413,0.16666684022599937
1168,0479aa9676b0521f7159be8d107f0b96d4bfa827db8961cd8d6bbcdfc7e6aab0,Healthy-Leaf(1399),4,0.999999999999971,0.16666663783813893,0.16666665841200956,0.16666661659685678,0.16666671189919685,0.16666676041163117,0.1666666148421667
1169,574cae2361c80c3b6352b1cec1e6b7b0a65c362ebf263575bdb67f4acc48c007,Healthy-Leaf(1399),4,0.9999999999999982,0.16666666178584108,0.1666666652672457,0.16666665818990006,0.16666667432360813,0.16666668253815936,0.1666666578952455
1170,4a85e4648ebaf3e93bd57ff72cc70ab5e145d23a2475d14ce2ddc982f619cd12,Healthy-Leaf(1399),5,0.9999999999999974,0.16666667411176295,0.16666666882479642,0.16666667955386408,0.16666665502834832,0.16666664250466623,0.1666666799765619
1171,316fe830902888b6d516621e324b8861d6ef0693fa349050a8757b100633eaa7,Healthy-Leaf(1399),5,0.9999999999999992,0.16666666837366156,0.16666666715098785,0.16666666963619936,0.16666666398281824,0.16666666111079384,0.16666666974553918
1172,235d18d62990ec1f463d40bea23add07c342e68386ff0e343a3276075259b65a,Healthy-Leaf(1399),4,0.9999999999999849,0.16666664604659132,0.16666666077211095,0.16666663083141034,0.16666669903990128,0.1666667337444199,0.16666662956556638
1173,696d13c9f095289c732a5fff6c965902546131a837d8d6e803d8b3ffee88224b,Healthy-Leaf(1399),5,0.9999999999999597,0.16666670074440387,0.16666667639369115,0.1666667259161291,0.1666666131396959,0.16666655578106185,0.16666672802501828
1174,951392e7d8044933209c6cd7559e3840ead7feb498418cc71a973b11eeac74c0,Healthy-Leaf(1399),4,0.9999999999999928,0.16666665297844954,0.16666666275642145,0.16666664287648184,0.1666666881595681,0.16666671119625265,0.1666666420328264
1175,2316b5afa8a623aafc8b572fb09feb59a029e58c2714947458074e2ad2080bf4,Healthy-Leaf(1399),4,0.9999999999999737,0.1666666392627254,0.1666666588183378,0.16666661907101293,0.16666670966320923,0.16666675577964138,0.16666661740507324
1176,5b6f5b62a2a473b34d2ef0ca8bf0594905d44d111888d5b442c9ab2193eaa340,Healthy-Leaf(1399),5,0.9999999999999316,0.16666671117419307,0.16666667940111554,0.16666674397586687,0.16666659682312707,0.16666652192891016,0.16666674669678727
1177,220c67b2cba15eca4ee80bd52f4021cdbb1a5468d896f0b96f665476de71a8d4,Healthy-Leaf(1399),4,0.9999999999999831,0.16666664493578084,0.16666666045925593,0.1666666288936535,0.1666667007912308,0.16666673736595644,0.1666666275541226
1178,c144e77a6bf0d09299da715964fcf62ee4ceada82b6c543cb44f38cdc6cc5c44,Healthy-Leaf(1399),4,0.999999999999994,0.1666666542535774,0.1666666631077833,0.16666664511182072,0.1666666861377151,0.16666670702723976,0.16666664436186376
1179,c7080ce2111b00f9803015f31f681f88c329e211a182011c9ced13de0d1960ea,Healthy-Leaf(1399),5,0.9999999999999956,0.1666666771657988,0.16666666966206137,0.1666666849242432,0.1666666501724712,0.16666663249976796,0.16666668557565745
1180,c57e18b84d127b12679c335fd622c1f3cc1d2f9fb374b910b4a2761863c573d8,Healthy-Leaf(1399),4,0.9999999999999779,0.16666664150448865,0.16666665947069575,0.16666662294779233,0.16666670616261925,0.1666667485082615,0.16666662140614266
1181,4f7f9775df9923e6facb1af2e0770c37d0df0ce33b3d1a14d93a46390d12e724,Healthy-Leaf(1399),4,0.9999999999999826,0.1666666445615379,0.16666666034520752,0.16666662825866274,0.16666670136472406,0.1666667385657685,0.1666666269040992
1182,2cca9e5cc88e88d57cad434e8a25d673d7d2d74efe15e8a626e2a1fabe188f39,Healthy-Leaf(1399),5,0.9999999999999926,0.1666666807318749,0.16666667071283076,0.16666669106091467,0.16666664463113878,0.16666662096766047,0.1666666918955804
1183,34f2ac92145ceda939190f69c9066fa6aab3fe09a75da207bbae1c1ed6663350,Healthy-Leaf(1399),5,0.9999999999999953,0.16666667752376393,0.16666666978243572,0.16666668550623878,0.16666664964693884,0.16666663138112572,0.16666668615949704
1184,6d81f073b5427c0f5dd051d27e37bbcdb197f7ca204a3e8e20ebcb88aa677e3f,Healthy-Leaf(1399),4,0.9999999999999692,0.16666663700339934,0.16666665816714854,0.1666666151640582,0.16666671319439338,0.1666667631062233,0.16666661336477714
1185,990ab91823e7b471f195b00ba04416150bf268f4c9934e29260cf9df191ffccc,Healthy-Leaf(1399),4,0.9999999999999991,0.1666666648352625,0.16666666614417602,0.16666666347669795,0.1666666695473661,0.16666667263293766,0.16666666336355979
1186,19bad48d189dfdcc4ed468b668b500b0a52cc57019e2a5f914f4989180152606,Healthy-Leaf(1399),5,0.9999999999999986,0.16666667157830256,0.1666666680641018,0.16666667520773235,0.1666666589484903,0.1666666506839149,0.16666667551745806
1187,31852ff853fda62682797493536314d99b9724f739867a0467535fa3a826c45d,Healthy-Leaf(1399),4,0.9999999999999637,0.16666663436141035,0.16666665742399794,0.16666661054494175,0.1666667173672488,0.16666677173240566,0.16666660856999538
1188,38721298a496e54639c99bbb99523b5b0c03c74dea137e44de7036cb57b48122,Healthy-Leaf(1399),4,0.9999999999999879,0.1666666484342869,0.16666666145073586,0.16666663498930587,0.16666669528355538,0.1666667259676764,0.16666663387443958
1189,fc4fad5822dbc437ec545ad6cff77b53263c736a3850379e4328bb879a59415f,Healthy-Leaf(1399),4,0.999999999999966,0.16666663546401667,0.16666665773793368,0.16666661246270345,0.16666671563446384,0.16666676814392758,0.1666666105569548
1190,d479dd3a3eb0f4d2bd5f91c6ea8f6059266b870177c3fc3405aea5253b77fda2,Healthy-Leaf(1399),4,0.9999999999999482,0.16666662792779363,0.16666665558413923,0.16666659936544212,0.16666672746664712,0.16666679265961498,0.16666659699636302
1191,be45168c6629fae8b2809384d77e2b1852b1e5dc77b008405f0ba2d8bdd23bc2,Healthy-Leaf(1399),5,0.9999999999999746,0.16666669357004718,0.16666667438284966,0.16666671336901623,0.16666662447752736,0.16666657920850805,0.16666671499205157
1192,678d7786a45d5319186ed96a4668d81a7fc219aea3f24f233283ff8e8f5f86f4,Healthy-Leaf(1399),5,0.9999999999999901,0.16666668298965948,0.16666667133306165,0.16666669502937312,0.16666664104312542,0.16666661357318907,0.16666669603159123
1193,e3a95ac9a97bb84b5e222218a462e10c929332d66c34b10cb70a1949ddf7b0c8,Healthy-Leaf(1399),5,0.999999999999941,0.1666667079973795,0.16666667849563543,0.16666673845445554,0.16666660181239037,0.16666653226319042,0.1666667409769487
1194,e99be97efe793f60350b5040330b1ec6c8ec67483fd8643cec47976fa07bd8ee,Healthy-Leaf(1399),4,0.999999999999999,0.1666666639971045,0.16666666589803453,0.16666666203300057,0.1666666708511028,0.16666667534498242,0.1666666618757753
1195,c11ddcc4f34d059a9ab5f11bbe5dfc1917f0c24963903e66ea2a4593b5c34e02,Healthy-Leaf(1399),5,0.9999999999999977,0.1666666734115314,0.16666666856949922,0.16666667844012995,0.16666665602926134,0.16666664466675019,0.1666666788828279
1196,d64cf7cec4e2e562742ed84e464cdf0c07ea2d07c50ce32568f07f4a34d283db,Healthy-Leaf(1399),4,0.9999999999999925,0.16666665240559425,0.16666666258775614,0.1666666418855075,0.16666668905324783,0.16666671305530228,0.16666664101259202
1197,2f69355bf4d91241a54a573a39cdaa0c99fb774f30fef754e3e0ea31be00007b,Healthy-Leaf(1399),5,0.9999999999999967,0.16666667553112235,0.16666666920160478,0.16666668206397378,0.16666665275551718,0.16666663784010044,0.1666666826076815
1198,d968778a3311035eb6832b690cd5f8783400292f32c6bcd10ed3f72896dab4ba,Healthy-Leaf(1399),4,0.999999999999996,0.16666665700675093,0.16666666389768164,0.16666664988906993,0.1666666818217657,0.16666669807972284,0.1666666493050089
1199,d81657024f5fe546043587481c765258187fab36cc3e835a59e94f5c03baa0de,Healthy-Leaf(1399),5,0.9999999999999823,0.16666668902079892,0.1666666730729931,0.16666670547517748,0.16666663160661677,0.1666665939943754,0.1666667068300384
1200,6cec8f339f846ed28f89d9228442454d1f05df3304b807c3e429ed68a17683ef,Healthy-Leaf(1399),4,0.9999999999999876,0.16666664809824375,0.1666666613490748,0.16666663441523183,0.16666669580151336,0.16666672704975927,0.16666663328617706
1201,b9794d389f7b061550f1e1a3eaf1fdb6bf5426f03eaadf48dd278dd8e55e93f1,Healthy-Leaf(1399),5,0.9999999999999928,0.16666668029460174,0.1666666705622136,0.16666669034543397,0.166666645274259,0.1666666223407372,0.16666669118275446
1202,06d2cd691bfa12c94ee4c119280d0bc1f0578393c0fa9bb15996d84e44c22257,Healthy-Leaf(1399),5,0.999999999999969,0.1666666965123875,0.16666667522176887,0.1666667184756115,0.16666661986154988,0.16666656964608986,0.1666667202825924
1203,2ac83f76558f029928f4c848195b03b95a825fe9116d99b1ecfaf84041bb0974,Healthy-Leaf(1399),4,0.9999999999999946,0.1666666546989335,0.16666666323820614,0.16666664588271637,0.16666668544219737,0.1666667055816582,0.16666664515628848
1204,462b1d34f0192f1c332e41cf0933bbb596da4443a77658f497bc6636f225359b,Healthy-Leaf(1399),5,0.9999999999998905,0.1666667231437415,0.1666666828442377,0.16666676474035372,0.1666665780673986,0.1666664830329118,0.16666676817135673
1205,ed4c0d1a19b337f54bca7a5c8cc760baba4e7965ec56782c1dfdaab8649af234,Healthy-Leaf(1399),5,0.9999999999998455,0.16666673387348677,0.16666668590490638,0.1666667833972113,0.1666665612117831,0.16666644811797646,0.1666667874946361
1206,da1bad328b0d83282d9c699774e2fd42dc0255fc4e6cd1b5dfed9dcb1152c293,Healthy-Leaf(1399),5,0.9999999999999125,0.16666671714111775,0.16666668111015046,0.16666675434808187,0.16666658745527002,0.16666650251450035,0.1666667574308796
1207,32cbe9adac9d80d8966f5778877b20f696ccaa71446c17bcb667336fa4b5bc9b,Healthy-Leaf(1399),5,0.9999999999999721,0.16666669484912225,0.1666666747127996,0.16666671566474472,0.16666662240158683,0.16666657496518453,0.16666671740656205
1208,3f382510e8b34e77ee24e6d8828d97f4808ca7c7d819f9b97f82b6102b2c88eb,Healthy-Leaf(1399),5,0.9999999999999991,0.1666666688679466,0.1666666673007759,0.16666667047586278,0.16666666322425783,0.16666665952508508,0.16666667060607188
1209,5e204a236896f4d29427ba9145d8eb19152e8a18fedf3d2a73d45986782deb2a,Healthy-Leaf(1399),4,0.9999999999999747,0.1666666398300108,0.16666665898620736,0.1666666200478911,0.16666670878162862,0.16666675394413366,0.16666661841012845
1210,2f444a6fcb1afd27cc2817775c3e0bc50ae949993852ce0fbb016025932469fa,Healthy-Leaf(1399),5,0.9999999999998452,0.166666733883565,0.1666666859057518,0.16666678342083285,0.16666656119076328,0.16666644807808995,0.16666678752099717
1211,c9431f5bd9e38b072bca1e209554ba436adb33fe34c99f32df0e9bb4f8249bbd,Healthy-Leaf(1399),4,0.9999999999999762,0.16666664062559672,0.16666665921649446,0.1666666214226746,0.16666670753936716,0.16666675136515433,0.16666661983071268
1212,97b080b5b7d7d21c6df695966f05dfd21ee992f87a4afe3b051250069c2958c7,Healthy-Leaf(1399),4,0.9999999999999605,0.16666663296342654,0.16666665704407804,0.166666608078674,0.16666671959716875,0.16666677632124532,0.16666660599540734
1213,4ff3a584f4c90e27c556f58f412f56466c69024b8d9ba4b69cc997e208d571e1,Healthy-Leaf(1399),5,0.9999999999999991,0.16666666929564264,0.1666666674421464,0.16666667118404307,0.16666666258647697,0.1666666581730013,0.16666667131868967
1214,17ae73eb5b646e55504add2203164fec155e1395f867543b2144d64f27a50ed3,Healthy-Leaf(1399),5,0.9999999999999918,0.16666668135433846,0.16666667086492618,0.1666666921829939,0.16666664361318578,0.16666661889852302,0.16666669308603266
1215,ceffa97d438fa7c356ce289910c82c9e65ff32229fa25f7e20fc3cd8b7be982c,Healthy-Leaf(1399),5,0.9999999999998287,0.16666673736601462,0.16666668691101874,0.16666678945765417,0.1666665557387699,0.16666643676629891,0.1666667937602436
1216,c5937201348f4fa2d732c299ef9b48a86ab6a4c1f825042e99f852608bd416d8,Healthy-Leaf(1399),4,0.9999999999999869,0.16666664745935597,0.1666666611693445,0.1666666332988217,0.16666669681020657,0.16666672913496153,0.16666663212730976
1217,d566e2b88351475aba84fee0ddbbe4aaaddadc6bff057010a548cd65010ede7b,Healthy-Leaf(1399),4,0.999999999999998,0.16666666031146535,0.1666666648623225,0.16666665560470673,0.16666667666246338,0.16666668735902665,0.16666665520001542
1218,4c99fcfca21f35af3973cdd4a5759af6c67376ace3fa82e69b4d9d173c7f9e9a,Healthy-Leaf(1399),5,0.9999999999999862,0.16666668614486155,0.16666667222145065,0.16666670053707444,0.16666663606599744,0.1666666032820348,0.1666667017485811
1219,32387fd63dd54a9fc1e8578cf8809cdd941f0400d605deb9cdb09ee92e805f93,Healthy-Leaf(1399),5,0.9999999999999831,0.16666668842454094,0.1666666729031705,0.16666670444447687,0.16666663253933142,0.1666665959270029,0.1666667057614774
1220,c96c4a52846e8952a3a9dce121c2855b2f63fe422094f8bafad14c81163607d3,Healthy-Leaf(1399),5,0.9999999999999798,0.16666669061329079,0.16666667352825576,0.16666670824564558,0.16666662910447816,0.16666658881032467,0.16666670969800507
1221,519a0a4681b5092c44e575aa12ca921dd04857b592507cdb853e009fbbb569ff,Healthy-Leaf(1399),4,0.9999999999999668,0.16666663577570226,0.16666665782327647,0.16666661301065527,0.1666667151389241,0.16666676712304318,0.16666661112839878
1222,000c3c7386e379989b44948ea677aa081b613a71f2892ebaf1224448d4090ea7,Healthy-Leaf(1399),4,0.9999999999999679,0.16666663633206247,0.16666665799121747,0.16666661396150065,0.16666671428093827,0.16666676533106373,0.16666661210321745
1223,16df6cfef1e374d137e6a9e9afd7e34e15ed584760f5d685553a1a147786c772,Healthy-Leaf(1399),4,0.999999999999981,0.16666664355328561,0.16666666006951228,0.16666662648503272,0.16666670296865146,0.16666674186943983,0.16666662505407798
1224,0a71ecffef3603e0dcd4e9cb683869ee3b921ee0b2a8981450f587cd9471c530,Healthy-Leaf(1399),4,0.9999999999999847,0.16666664585385021,0.16666666071992367,0.16666663049373637,0.166666699345865,0.16666673437410942,0.1666666292125154
1225,272feca9454ca665b9fb23603b7c84bd191b26a58885719bbfd8fa6d7bac4541,Healthy-Leaf(1399),4,0.9999999999999772,0.1666666412921711,0.1666666594101982,0.16666662257597853,0.16666670649796506,0.16666674920242042,0.16666662102126661
1226,d712da436aff1f88c7bacfff36d58ca49827996ea7f4e18719df37489487b5f4,Healthy-Leaf(1399),4,0.999999999999994,0.16666665425344873,0.16666666311191156,0.16666664510481813,0.16666668614467048,0.16666670703514339,0.16666664435000778
1227,b3da6a077349c5886793660cade75ed8e86c95dc8e73e903e36b796fd3f74b8b,Healthy-Leaf(1399),5,0.999999999999998,0.16666667294112128,0.16666666849158926,0.16666667751089137,0.1666666568727488,0.1666666463230994,0.16666667786054987
1228,5e6021e56256ebf26cc861a348e528806c5270c5010a014e0097e7a8f5c436e8,Healthy-Leaf(1399),4,0.9999999999999638,0.1666666345064143,0.16666665747506818,0.16666661078271275,0.16666671715424158,0.16666677127615112,0.16666660880541215
1229,884655a8070d18760a8a48f7372837988512735034fce800d6d88bbc5162a479,Healthy-Leaf(1399),5,0.9999999999999377,0.1666667091065291,0.16666667878670682,0.16666674043352983,0.166666600022728,0.16666652859688907,0.16666674305361706
1230,9cbd88a1c7ac813bbd66569f063a6ba85dc9d2730d48957e55395df40ae0e836,Healthy-Leaf(1399),4,0.9999999999999722,0.16666663848348057,0.16666665861918492,0.16666661768000318,0.1666667109237689,0.16666675835488784,0.16666661593867463
1231,164b8e8f4861510455004ffd373b3972818b8d7889143fe82a7f6526b412b495,Healthy-Leaf(1399),5,0.9999999999999992,0.16666666758682744,0.16666666691812781,0.1666666682816284,0.16666666520530152,0.16666666365626814,0.16666666835184676
1232,40109a4b84a577150bcbda8091187104e0eedfe2298375fae01cd9eac1dd24e2,Healthy-Leaf(1399),4,0.9999999999999987,0.16666666227090698,0.16666666540150352,0.1666666590364321,0.1666666735573553,0.16666668095682916,0.166666658776973
1233,5eefc7136dab6716bca59dec259714071ec5122021a0f63a46a874c3295937ab,Healthy-Leaf(1399),5,0.99999999999974,0.1666667538549,0.16666669162593004,0.1666668180942337,0.16666652986504682,0.16666638315104035,0.1666668234088491
1234,0d8b7ac59a1b0e19e533258ee525dd09c1757668389173ad4e1df183f83f2486,Healthy-Leaf(1399),5,0.9999999999999967,0.16666667528603557,0.16666666913105516,0.1666666816430742,0.1666666531366888,0.16666663863114076,0.1666666821720055
1235,5eee1b10563454c3b364fe145441fdac1f3fce8211009d66067c13edff59d3a7,Healthy-Leaf(1399),5,0.9999999999999482,0.16666670531090136,0.16666667770423557,0.16666673383585695,0.166666605984045,0.16666654094521036,0.16666673621975078
1236,acbb4682ba7d64bd963aa45eb487af33fc899c4ad63d0be13120513d230dfb36,Healthy-Leaf(1399),5,0.9999999999999939,0.16666667923875272,0.16666667024478038,0.1666666885444351,0.16666664690090016,0.16666662573670146,0.1666666893344303
1237,ac29c35f41e77e524de5205f2184069677b41d30a9a1402f121574d1f391e424,Healthy-Leaf(1399),4,0.9999999999999549,0.16666663056465397,0.16666665634285419,0.1666666039416711,0.1666667233336431,0.16666678408858557,0.16666660172859216
1238,76a0e8428270923b896277c84b0f33753bdaedc03ca37ed0e25d6cd6b5576658,Healthy-Leaf(1399),4,0.9999999999999978,0.1666666600834221,0.16666666479993836,0.16666665520644747,0.16666667702324595,0.16666668810265428,0.16666665478429182
1239,447b71f4e977092766a039e6acdc66c7b2ca9647cdfac085294151f3b19021ed,Healthy-Leaf(1399),4,0.9999999999999318,0.16666662229424128,0.16666665397532696,0.1666665895810279,0.16666673630803,0.1666668109778364,0.1666665868635374
1240,05fc4ac612baadc8ca9e01bbc168a80eea539c1e073e8c2e9a08b4f51cf660fc,Healthy-Leaf(1399),4,0.9999999999999991,0.16666666391298177,0.16666666585896683,0.16666666191399707,0.16666667095700027,0.16666667558819992,0.16666666176885428
1241,7a296f1a2672a669fac131a5f85169f9cbd198a8d7135be7088fff770d5dd946,Healthy-Leaf(1399),4,0.9999999999999828,0.16666664472375028,0.16666666039951117,0.16666662853136885,0.1666667011203809,0.16666673804777446,0.16666662717721437
1242,90101b8f2040de20d316a1283f96ec84aa030ebf1815d97bca375e149040b81d,Healthy-Leaf(1399),4,0.9999999999999905,0.1666666505189741,0.16666666205271874,0.1666666386103731,0.1666666920150484,0.1666667191870331,0.16666663761585257
1243,dc01c5deb1245eb452bdb7b9e9b1eb3a4b00c26181f3dfa8a638894a4ca60564,Healthy-Leaf(1399),4,0.9999999999999905,0.16666665057367488,0.1666666620649024,0.1666666387097921,0.16666669192442113,0.16666671900448274,0.16666663772272675
1244,9071a62deec818c2e265d9b73620c503fe2eb2412ab19601d30750db562eab32,Healthy-Leaf(1399),4,0.9999999999999953,0.16666665572870995,0.16666666354519777,0.1666666476582918,0.1666666838415455,0.16666670224628505,0.1666666469799699
1245,f3130f17ea036a1bb93ed2f010e1b45f37245fb295fd443ed9675635602ff10b,Healthy-Leaf(1399),4,0.9999999999999877,0.166666648359829,0.16666666143753397,0.16666663485306527,0.1666666954092937,0.16666672621652176,0.1666666337237562
1246,43b29d9383654aa728832b95c51d1cda2547c5e661e41a96c7c5b23342daab6a,Healthy-Leaf(1399),4,0.9999999999999837,0.16666664530845332,0.16666666056279678,0.1666666295514569,0.16666670019772623,0.16666673614170854,0.16666662823785824
1247,b551f93d3f1bd7003539c473fb498a514a2e6a8b4b01b7b85e387200cb856950,Healthy-Leaf(1399),4,0.9999999999999764,0.1666666407902894,0.16666665927760355,0.16666662169240734,0.16666670729925548,0.16666675084668633,0.166666620093758
1248,e2a024940bf76db5d5b64f355aebac4f4fff021ef7f2230ff83a07598d84a586,Healthy-Leaf(1399),4,0.9999999999999777,0.16666664158111094,0.16666665948890788,0.16666662309308253,0.1666667060322083,0.16666674824472583,0.16666662155996448
1249,672bd1a2db9a0be18f97696b473f9fffeb66ac8356154b2f40510533062d7bb0,Healthy-Leaf(1399),4,0.9999999999999668,0.16666663584984298,0.16666665785148302,0.1666666131303574,0.16666671503235048,0.16666676689161808,0.16666661124434792
1250,6ae947c56841680e582297cd392653a2841d820e0430995bce8118ae6b9206f3,Healthy-Leaf(1399),5,0.9999999999999991,0.16666666805178926,0.16666666707005026,0.16666666907032748,0.16666666449832124,0.16666666216338102,0.16666666914613076
1251,b4d153a03b319d4f93dd2e88baaac45bfe0b708c81ade2ff2076a5aa78cba78b,Healthy-Leaf(1399),5,0.9999999999998669,0.16666672895220863,0.16666668447445734,0.16666677488856158,0.16666656889612103,0.16666646407776364,0.16666677871088786
1252,3166429f2ffc72203fef03266183da2674cfbff6b83c3c757e0e075c4e5335f2,Healthy-Leaf(1399),4,0.9999999999999992,0.16666666629608806,0.1666666665592918,0.1666666660332401,0.16666666724059437,0.16666666785919318,0.16666666601159258
1253,028033e8d4f824f481beeb37b9a05fd3dc7265fdaef8b8a02697433592ba8b0a,Healthy-Leaf(1399),5,0.9999999999999991,0.16666666802661695,0.16666666705602853,0.16666666903419863,0.16666666452915055,0.16666666223731236,0.166666669116693
1254,ce21711f255de112de5e020791fe4d3ebb0855a35cd446871a4f2f5832757e4f,Healthy-Leaf(1399),4,0.9999999999999903,0.16666665056468968,0.166666662062471,0.16666663869263426,0.16666669193964287,0.16666671903560126,0.1666666377049609
1255,e2ec3a90f6b648a881a4951276f8e0a811b0aca6cb769d39780cf7422d1f318a,Healthy-Leaf(1399),4,0.9999999999999816,0.1666666438857718,0.1666666601524638,0.16666662708855884,0.16666670242297194,0.16666674075866442,0.1666666256915693
1256,f554c7f90317530c4bd55df62eba696115f1bfe9244f9cac3c01c20928496bc9,Healthy-Leaf(1399),4,0.9999999999999921,0.16666665224981833,0.16666666254579884,0.16666664161834485,0.16666668929677295,0.16666671355699106,0.16666664073227389
1257,d806351e86ffd5203d460b3c921ebf19a36a550fb283e10e47f6523782efd391,Healthy-Leaf(1399),4,0.9999999999999765,0.16666664082661808,0.16666665928097293,0.16666662176927888,0.16666670722928162,0.16666675071301804,0.16666662018083056
1258,662d65514cc4e84d4e78da3b34f97f9283d0b8670bd81a92e9210a4efd0fae49,Healthy-Leaf(1399),4,0.9999999999999656,0.1666666352066365,0.16666665765651148,0.16666661203497518,0.16666671602125577,0.166666768958583,0.16666661012203812
1259,98d9078eca99d548f8034492a96ddcc878dd29d17f9f6d752b2be201efaf57b2,Healthy-Leaf(1399),4,0.9999999999999889,0.1666666493311896,0.16666666169105673,0.1666666365856195,0.16666669384167002,0.1666667230068202,0.16666663554364392
1260,4412d521e0e11f8241b6e3390c46011c30304ac0ea0b1e5b5b2c329c8c1acbe9,Healthy-Leaf(1399),4,0.999999999999966,0.16666663546063684,0.16666665773407144,0.16666661247005266,0.16666671562934066,0.16666676813907938,0.16666661056681914
1261,aa7feab4f8d4056d94bbe6eeb1a81ed6618d1a0e4e00497a278bd79c625f612a,Healthy-Leaf(1399),4,0.9999999999999889,0.16666664927822206,0.16666666169429117,0.16666663645846375,0.1666666939581061,0.1666667232186476,0.16666663539226922
1262,6aba512e435483bef9c5e91f57d74bd235934d3eaf8259931f7e371324c40f5d,Healthy-Leaf(1399),5,0.9999999999998739,0.16666672727810583,0.16666668399863546,0.16666677197910712,0.16666657152590428,0.16666646952314584,0.16666677569510147
1263,7ebde2a32e648ac26939ab2abf9adaad5aaf5950742fa581683c4e6aea6e83b9,Healthy-Leaf(1399),4,0.9999999999999863,0.16666664730110695,0.16666666112327938,0.1666666330356409,0.16666669705021506,0.16666672963524393,0.16666663185451377
1264,80bfde4426ceecc023a8903922ba07ace323c0938200512a559dd08ab16249ff,Healthy-Leaf(1399),4,0.9999999999999859,0.16666664690349828,0.1666666610172028,0.16666663233308612,0.16666669768623335,0.16666673094126,0.16666663111871946
1265,cd4f3e3cebce55bf1c756b0c15f0cd3ba9539f08391b633d9d942707e31a45f6,Healthy-Leaf(1399),5,0.9999999999999767,0.1666666923582073,0.16666667402947857,0.16666671128472282,0.16666662636179233,0.16666658312520716,0.16666671284059187
1266,b91a6dfaa6f002de5d8e7bdd6804e5e68c11787db449d837b0d3a85bda0c2802,Healthy-Leaf(1399),5,0.999999999999966,0.16666669782097177,0.16666667557661638,0.16666672080191647,0.1666666177618772,0.166666565328627,0.16666672270999117
1267,9fa303792a60e1c691e7a79854cff1a8b0bda10b45f120e3d55bd4586f5b8513,Healthy-Leaf(1399),5,0.9999999999999852,0.16666668689160613,0.16666667244630415,0.16666670182097898,0.16666663490891465,0.16666660086739882,0.16666670306479733
1268,080a1095a4c9fd26aecca47dca8bb440440b13c52514e7e45b568225e096253e,Healthy-Leaf(1399),4,0.999999999999967,0.16666663599576675,0.16666665789300025,0.1666666133868121,0.16666671480123055,0.16666676641339143,0.1666666115097989
1269,85b69e315ecced45f1b38bcea58648e2f85ec693211ad3a9b49ffdb1b40caf28,Healthy-Leaf(1399),4,0.9999999999999638,0.16666663447993205,0.16666665745438844,0.16666661076211728,0.16666671717180778,0.16666677133363217,0.16666660879812223
1270,3d907c54dcbb521f5b3884241c5ab3576291d6ddcbf43dbd506f834315f3cade,Healthy-Leaf(1399),5,0.9999999999999956,0.1666666771864774,0.16666666968183266,0.16666668494208575,0.1666666501594377,0.16666663245187943,0.16666668557828712
1271,4d874295ffcc042d4ac349a930a642c93c07060a49756a5409b03d3438f7c154,Healthy-Leaf(1399),5,0.9999999999999581,0.16666670148915957,0.16666667663527193,0.16666672715985217,0.1666666120195591,0.166666553414678,0.16666672928147921
1272,dff027add51a3c50cf5b2811d9d1718b010d33008a8c1ce8c7dd9a11374b7f0e,Healthy-Leaf(1399),4,0.9999999999999988,0.16666666259940935,0.16666666548622455,0.166666659633001,0.16666667301950486,0.16666667985832292,0.16666665940353734
1273,416d641afe4c797ca3ac31d6cd158dcc7b22a840ecdc174b7d53e6feb3c4303e,Healthy-Leaf(1399),5,0.9999999999999902,0.16666668293069725,0.1666666713035424,0.16666669495288067,0.16666664111154225,0.16666661373559105,0.1666666959657465
1274,6ff97d478e1c569628db83b0a982b8ab067e8070284148a118e582dce62cf844,Healthy-Leaf(1399),5,0.9999999999999911,0.16666668214508762,0.16666667108021166,0.1666666935884728,0.16666664234501125,0.166666616289688,0.16666669455152866
1275,55724b9a08860d38a4ce66516d7ac9e6acbc33f795ba6a054886c52b2c8f9ca0,Healthy-Leaf(1399),4,0.9999999999999757,0.16666664044077314,0.16666665915500362,0.1666666211239311,0.16666670780986703,0.16666675194041103,0.166666619530014
1276,d6b0fefba331a55b7f3e7ec7463f7a960c55cbb0972761d13cbb10c012233116,Healthy-Leaf(1399),4,0.9999999999999566,0.16666663135992804,0.1666666565633796,0.16666660533584346,0.16666672207338062,0.16666678148802497,0.16666660317944323
1277,b02907cd6c51a13af0756c83057bf849662f3d9ebf25b3f0533de49234b16368,Healthy-Leaf(1399),5,0.9999999999999968,0.16666667506998858,0.16666666905671262,0.16666668129631143,0.1666666534499289,0.16666663930109654,0.1666666818259618
1278,46052322dd8d9044bc6cb59b946be3d4631cf085d15433f1d1dd23a50f920599,Healthy-Leaf(1399),4,0.9999999999999653,0.16666663508561377,0.16666665762121297,0.16666661182280934,0.1666667162121292,0.16666676935475458,0.16666660990348015
1279,a5906a61b1dd886264de51cd04231b9c13b9bec533f33c72443086a52c202a98,Healthy-Leaf(1399),4,0.9999999999999682,0.16666663647848035,0.16666665802572686,0.1666666142334436,0.16666671403542271,0.16666676483465362,0.16666661239227298
1280,45683b3da12062f38132d4d295e3b5de5bf341ba4a5641a10c38fd952a1dad97,Healthy-Leaf(1399),4,0.9999999999999736,0.16666663924531794,0.16666665883104367,0.1666666190152701,0.16666670971699407,0.16666675586385968,0.16666661732751448
1281,14f6fbf2e1369f08330084f676db42f3c3d73e991934e6681e8d11e29c998ef9,Healthy-Leaf(1399),4,0.9999999999999712,0.1666666379896921,0.16666665845767978,0.1666666168655481,0.16666671165889727,0.16666675991143948,0.16666661511674324
1282,dffcf2dc28da0183cdf37022dff7592022fb08aeb7be16570e464920d47a0207,Healthy-Leaf(1399),4,0.9999999999999977,0.1666666598542943,0.166666664716531,0.16666665483953083,0.1666666773525158,0.16666668881319388,0.16666665442393425
1283,51afdbf48370e33393ad1469d34a21d80e0087983fbb22bd07be0256f2dea747,Healthy-Leaf(1399),4,0.9999999999999976,0.16666665952305332,0.16666666461128612,0.16666665428331837,0.16666667785394346,0.1666666898688902,0.16666665385950857
1284,2a2f98bc95a405d4e76fc4aa48e5a392b4bc3ee4597ebe48b6e3eefb2ae76934,Healthy-Leaf(1399),5,0.9999999999999506,0.1666667044225114,0.166666677451963,0.16666673229312984,0.16666660737887928,0.16666654383334198,0.16666673462017445
1285,363da026625fec548738e2b30018ac41c4c0b16ffdfbc5a56ff1dd57d5a0c891,Healthy-Leaf(1399),5,0.9999999999999967,0.16666667533846546,0.16666666914178005,0.1666666817511744,0.16666665304067124,0.1666666384403973,0.16666668228751153
1286,c466a100111933829183e56f13b1a25a3d2145a3d64907f4f3a7e72ddfd8b4bc,Healthy-Leaf(1399),4,0.999999999999952,0.16666662942420096,0.1666666560118387,0.16666660197157604,0.1666667251135263,0.16666678778482374,0.1666665996940343
1287,3696fccfd5c000f5c2e63ca0c24fe43e879a04003c85fa2eea1cc35159035d44,Healthy-Leaf(1399),4,0.9999999999999475,0.16666662763710616,0.1666666554911441,0.16666659888164773,0.16666672790342063,0.166666793580884,0.16666659650579757
1288,2b95d5c9d845b03c761e3c7fb8127018f169cc74ca66e2a7b5d377a14effe055,Healthy-Leaf(1399),4,0.9999999999999869,0.1666666475458689,0.16666666119821807,0.16666663344883947,0.16666669667675113,0.16666672885304604,0.16666663227727652
1289,11952d520ae8dd28bc2068c7adc38c428094d182439cba01965d003618ea7440,Healthy-Leaf(1399),4,0.9999999999999902,0.16666665027815802,0.1666666619839656,0.1666666381900713,0.16666669239437373,0.16666671997262592,0.1666666371808055
1290,c3413444cc72114d5f7c67bf7c0179024d20c468792ada3404c5984d5f288a62,Healthy-Leaf(1399),4,0.9999999999999774,0.16666664131826547,0.16666665941786327,0.16666662263062754,0.16666670645082848,0.16666674910588897,0.16666662107652622
1291,eb0c55b77c630f5b0646eb527319e96acb916acb76569f45ce1463296afd5ed5,Healthy-Leaf(1399),4,0.9999999999999839,0.16666664551618232,0.1666666606253827,0.16666662990916165,0.16666669987549323,0.16666673546933441,0.16666662860444564
1292,4fb66b5bc95be1ee5cb013ca498aeb902e95e9f677a3f5fa0bb494bb4606922e,Healthy-Leaf(1399),4,0.9999999999999908,0.16666665091337451,0.16666666216015755,0.16666663930388761,0.16666669138760354,0.16666671789518767,0.16666663833978915
1293,12251abc5e3befd5ba581202538d4a425343817e09115ccf02f371bef80c5f52,Healthy-Leaf(1399),4,0.9999999999999905,0.16666665057778743,0.16666666204858355,0.1666666387490731,0.1666666918871556,0.16666671895503948,0.1666666377823608
1294,694e2edd74b2971f7c6fe8ff2d9d261b0a9ff6f23fb1c91a6b7fa50bef62aa6b,Healthy-Leaf(1399),4,0.9999999999999543,0.1666666303560598,0.16666665628549718,0.1666666035790227,0.16666672366241878,0.16666678476675756,0.16666660135024405
1295,7a74b3430caa65e49671c7902da8034f37dece70f43dfb998d0f850bf20c16bc,Healthy-Leaf(1399),5,0.9999999999999978,0.16666667346014302,0.1666666685890315,0.16666667851458325,0.16666665596264668,0.16666664451984461,0.16666667895375087
1296,c4c79e7195c57c3d80dbad5c5c79655efe0065324a984dd305665b7403643fd7,Healthy-Leaf(1399),4,0.9999999999999833,0.1666666449761951,0.16666666045692546,0.16666662900148593,0.16666670069516176,0.1666667371908144,0.16666662767941742
1297,b250dfe7504c86e7bd36e130fd7ac0ce60d8293fbb1c9e889b177206bcc6e1dd,Healthy-Leaf(1399),5,0.999999999999993,0.1666666802323143,0.16666667053302073,0.16666669026959158,0.16666664534425257,0.16666662250556613,0.16666669111525473
1298,06a38a8cace75568ee0b1050b09a7418e7f690f4f08d8b31480f880549a0434b,Healthy-Leaf(1399),4,0.9999999999999819,0.16666664418523514,0.1666666602338208,0.16666662761498488,0.16666670194656572,0.16666673977796256,0.16666662624143092
1299,601b96cf1b9c0425be96d4c1764f4497528ab20e347e79394b4fad9c777b8150,Healthy-Leaf(1399),4,0.999999999999994,0.16666665429346825,0.16666666311988607,0.16666664519280888,0.16666668606758156,0.16666670688274068,0.16666664444351456
1300,753fbab3235715f6e412f773b3a1c83186dea61c4164d3abf410001089ca0ae7,Healthy-Leaf(1399),5,0.999999999999969,0.16666669647000779,0.1666666751948097,0.1666667184419663,0.1666666198933491,0.16666656973747002,0.1666667202623971
1301,836c1b6591140448eaf38812d37a1fe5472ff36522e12fa5f1c7e8b70990ee7a,Healthy-Leaf(1399),4,0.9999999999999859,0.16666664677388107,0.16666666096537555,0.1666666321316506,0.16666669786593657,0.16666673133664747,0.1666666309265088
1302,907cd2a4ce2ac68d28eb32a4e4a388f623d8c4d42b7731fd135fe4d0b1e3bdfe,Healthy-Leaf(1399),5,0.9999999999999943,0.16666667885330633,0.16666667015731126,0.1666666878411935,0.16666664754044128,0.1666666270268773,0.16666668858087036
1303,5635d3fc94b589f5895a7509d04d58ffdf1011d4cb997992a5704c792d2da0ab,Healthy-Leaf(1399),4,0.9999999999999698,0.16666663719191577,0.16666665822945145,0.1666666154726694,0.16666671291563828,0.16666676251474963,0.1666666136755755
1304,b216bc0394e68b4e6485f182641519120c1cfab5c236df69d429443a8244a84e,Healthy-Leaf(1399),4,0.9999999999999747,0.1666666398273594,0.16666665898398703,0.16666662005162608,0.16666670877940312,0.16666675394263705,0.16666661841498734
1305,6785171680a616c99472f5c014ec22a882ed40969a238017affbbea232092ad6,Healthy-Leaf(1399),5,0.9999999999999448,0.16666670661310973,0.16666667808929878,0.16666673607632418,0.16666660396155997,0.16666653673428986,0.16666673852541755
1306,a6ec52314b8d79a3c551498a370539c837ec12379833c52fbb7c849fdb0ec333,Healthy-Leaf(1399),5,0.9999999999999823,0.16666668892561545,0.16666667302341348,0.1666667053654076,0.16666663170682036,0.1666665942398554,0.16666670673888778
1307,49e49c28b83ac5eecfce537c4fb530a3834ed76e558e787d341bf424224b35c1,Healthy-Leaf(1399),4,0.9999999999999681,0.1666666364903396,0.16666665802406377,0.16666661426513008,0.16666671400667826,0.16666676478348738,0.16666661243030093
1308,08eeaa5cc6d1f046e8685cc5adb9e5f08cd08d55cc3b43082738238aee97559a,Healthy-Leaf(1399),4,0.9999999999999981,0.1666666609234412,0.16666666501357225,0.16666665671236683,0.1666666756595157,0.16666668531877582,0.16666665637232816
1309,b128bc26ac020397a9f76dd0d8c0e16320c9cf1cda0dfd67caa13ab38d5362ae,Healthy-Leaf(1399),4,0.9999999999999616,0.16666663336088203,0.1666666571325453,0.166666608817755,0.16666671892738888,0.16666677497394006,0.1666666067874888
1310,627fecc3952ead957b48d22bcc5a59e9066ad86ff17b96c6353b5b03307d0f6b,Healthy-Leaf(1399),4,0.9999999999999523,0.16666662955851114,0.1666666560422269,0.16666660221723645,0.16666672489021367,0.16666678733453894,0.16666659995727284
1311,b58f71001e3bb100d1796788b801d0c79d8831f5ccd643f03a5fa98737d7b1fe,Healthy-Leaf(1399),5,0.9999999999999395,0.16666670851908755,0.16666667863861045,0.16666673938220436,0.1666666009758904,0.16666653054115318,0.16666674194305398
1312,cb419501e4c9258bd883a56103e9b83dfd7c6bf72e9f7143c57f56cdd1dab94b,Healthy-Leaf(1399),5,0.9999999999999987,0.16666667117314257,0.1666666679508047,0.16666667451220446,0.16666665958012084,0.16666665199054323,0.1666666747931843
1313,418534d31daf4b847c149bbcfbdc4b3d7380192bded0605320b0e46702f49add,Healthy-Leaf(1399),4,0.999999999999995,0.166666655428716,0.1666666634320967,0.16666664718804516,0.16666668426377504,0.1666667031648003,0.16666664652256677
1314,6a2f38857187d1cc0e3301e44d2364592ec70f3b7908bfb41243767a7576e944,Healthy-Leaf(1399),5,0.999999999999999,0.16666666991933543,0.16666666758751889,0.16666667234149934,0.16666666154044862,0.16666665606009837,0.16666667255109932
1315,1e544526ada2dd076938732618652c8099356b6c078d4cc80481641d03e7d95f,Healthy-Leaf(1399),4,0.9999999999999963,0.16666665735656383,0.16666666399659874,0.16666665050762597,0.1666666812648683,0.16666669692869243,0.16666664994565067
1316,c2b869ea8ddb43353787c958bac37f61c94cb86a8366dfcbc4241f892ed9db9a,Healthy-Leaf(1399),4,0.9999999999999615,0.1666666334028405,0.1666666571601657,0.16666660886818022,0.16666671888486312,0.16666677486179943,0.16666660682215106
1317,d73bbc38aeb795ab6ef24fe227c4263d7d054287997d307b9175e72379582ff5,Healthy-Leaf(1399),4,0.9999999999999921,0.16666665207788364,0.16666666248965753,0.1666666413313003,0.16666668955512914,0.16666671410327183,0.1666666404427576
1318,c4bec39c0c996fd1372c644724dd4ce753172fe3ea562db1f74196fa1f81a984,Healthy-Leaf(1399),5,0.9999999999999406,0.166666708097086,0.16666667850926184,0.1666667386688066,0.16666660162039848,0.16666653189104277,0.1666667412134043
1319,42a36a6da1a5f7b01c4f32f8e14cf3f6477a5df4b8fc0efbfffcfda430ffcfb1,Healthy-Leaf(1399),5,0.9999999999999623,0.16666669962508077,0.16666667609524324,0.16666672393363288,0.16666661493340204,0.1666665594636447,0.16666672594899634
1320,e9f42a862a4632eefc05b926e8ce7b9154c9920bd67f5246950661ecba2bc2f3,Healthy-Leaf(1399),5,0.9999999999999862,0.1666666861542517,0.16666667223795897,0.16666670053521887,0.16666663607074858,0.16666660327087096,0.16666670173095086
1321,b56a8dbe39a0a77ddfe78ebe176d6f5c73ba2febe2f4eb626927e53322ec3a6c,Healthy-Leaf(1399),4,0.999999999999979,0.1666666423119371,0.16666665970917527,0.16666662434138696,0.16666670490545427,0.16666674589180785,0.16666662284023862
1322,093c5490836e54aa91f600aed5b63d6a59f16fa5e3b8bc33d9e287019c8b974b,Healthy-Leaf(1399),5,0.9999999999999561,0.166666702220021,0.16666667683679076,0.166666728441337,0.16666661086059337,0.16666655102474745,0.16666673061651033
1323,882dfeb53b1ee0acec817b9b59a7ef56199b1dae89d9c4ede2c62f4d9cd6b18d,Healthy-Leaf(1399),4,0.999999999999953,0.16666662988158334,0.1666666561354496,0.16666660278134848,0.16666672438166583,0.16666678628002318,0.16666660053992954
1324,ee1c4e090b640029d9adbdb87c6d4e16a3b272bf6d9ce0760e5381789c8f994b,Healthy-Leaf(1399),5,0.9999999999999983,0.16666667133257634,0.1666666679874404,0.16666667480297598,0.16666665931590138,0.16666665145692883,0.166666675104177
1325,7924410ee1f9a9d647fcf1545b1937d3e6511a209145d196b5c822b0ad57f3c8,Healthy-Leaf(1399),4,0.9999999999999495,0.16666662841080612,0.16666665572076012,0.16666660021355267,0.1666667267017033,0.16666679107784738,0.16666659787533034
1326,d364db421b3374334874024f1c5cc27544dcace58d82279e8dd76ae01dac8754,Healthy-Leaf(1399),4,0.9999999999999795,0.1666666425161759,0.16666665974174974,0.1666666247424118,0.16666670454021576,0.16666674517601465,0.16666662328343207
1327,5d5e31acb48333399cc083845d76c1cd4009d98e912288be8821e27e5e6c7515,Healthy-Leaf(1399),4,0.9999999999999966,0.1666666579968832,0.1666666641836588,0.16666665162107802,0.16666668026122258,0.16666669484396,0.16666665109319723
1328,daffd3a99b687812564082742af377f3ce4a64037a186d15829e9bff05c89f7b,Healthy-Leaf(1399),4,0.9999999999999916,0.16666665151491583,0.16666666231734759,0.16666664037426288,0.16666669041864812,0.16666671591060825,0.16666663946421734
1329,09ff1a4b4304f4e73e559712fc36783e593c3c77217c5330d3905e9d217651a0,Healthy-Leaf(1399),5,0.9999999999999687,0.16666669667022035,0.16666667523666978,0.1666667188169905,0.166666619552705,0.16666656905607022,0.16666672066734414
1330,d774c69e7cfb8d7ed9f1934a22002289cd3535f94626c50bd8472d56b7f882aa,Healthy-Leaf(1399),4,0.9999999999999785,0.166666641962861,0.16666665959284976,0.16666662376749955,0.16666670542273676,0.1666667469904263,0.16666662226362658
1331,c92efeac77bdce7f97797c5863e75ba0873182ec0a1fe3f17b721585c7a9f283,Healthy-Leaf(1399),5,0.99999999999998,0.1666666904701508,0.16666667347221603,0.1666667080295643,0.1666666292992663,0.1666665892386949,0.16666670949010762
1332,7bfb40896b1dd7b854c1004d436e47ebb14587b8d45af541a4a7388c630c406e,Healthy-Leaf(1399),5,0.9999999999999734,0.16666669428287156,0.1666666745590889,0.16666671466437433,0.1666666233058524,0.16666657682559505,0.16666671636221786
1333,18fd601ae6d322c5f4880965c57c148565034e9820794f24f344c9f7bc5fd7a7,Healthy-Leaf(1399),4,0.9999999999999777,0.1666666414636213,0.1666666594600922,0.1666666228779463,0.16666670622654622,0.16666674863947425,0.16666662133231974
1334,0520f3baa71ebb375629b5e2919227b4973d0f006b7e8126f67ef346dac41bb5,Healthy-Leaf(1399),4,0.9999999999999816,0.1666666438726956,0.16666666014049036,0.16666662708305277,0.16666670242759377,0.1666667407816197,0.16666662569454782
1335,0e8d388f4357480a45e836e3d92a982be8d9aef001bb5e83084f4bae5982c1a4,Healthy-Leaf(1399),5,0.9999999999999443,0.16666670680325307,0.1666666781429143,0.1666667364110872,0.16666660365973787,0.16666653611052606,0.16666673887248148
1336,a7ae7738979203547fdc1dbf345fc208cd2294c694a42cf116c27588ea79f136,Healthy-Leaf(1399),4,0.9999999999999691,0.16666663696932774,0.1666666581603451,0.16666661509832456,0.16666671325381088,0.1666667632245321,0.1666666132936596
1337,ccb6ba32597302209806cf43b34ab33f408878e01f118bfc7292e26754d7cf3f,Healthy-Leaf(1399),5,0.9999999999999758,0.16666669290455205,0.16666667418119904,0.16666671224329327,0.1666666254955837,0.1666665813376069,0.16666671383776516
1338,5348cf92b79e8af2d00f11d50dabfe4f610ca36aa7cb125eb3360910858a2f1e,Healthy-Leaf(1399),4,0.9999999999999731,0.16666663902435488,0.16666665876733955,0.16666661863428783,0.1666667100615658,0.16666675657904956,0.16666661693340243
1339,142334358dbf81ed7049fd9a49b059ae9dc0f4f5591ebd5f10709e0649292cea,Healthy-Leaf(1399),5,0.9999999999999544,0.16666670288782903,0.16666667702228416,0.16666672961243678,0.16666660980220735,0.1666665488405131,0.16666673183472955
1340,105896e7bb36f08730a5b34e6cd524158adc1b4e3b93ccb76f848b918cdafc2f,Healthy-Leaf(1399),5,0.9999999999999375,0.16666670920460755,0.16666667882022465,0.16666674059845463,0.1666665998753389,0.1666665282834466,0.1666667432179277
1341,943f6307bf34c85d30019853e63a1093492dd162c0296561453c4e409a0960ac,Healthy-Leaf(1399),4,0.9999999999999744,0.16666663970148657,0.16666665894848828,0.16666661983019676,0.16666670897908892,0.16666675435533673,0.16666661818540277
1342,e495d2b278ee0705d376d268405e63e50cdb738e225caa5d1870474d288ae4c5,Healthy-Leaf(1399),4,0.9999999999999797,0.16666664265438866,0.1666666597820813,0.16666662498398527,0.1666667043227314,0.1666667447244918,0.1666666235323215
1343,28947f311f4d37321902d251d78f2eb9c0ae0f27ac65a662c72298457d5a51a9,Healthy-Leaf(1399),4,0.9999999999999653,0.16666663503458082,0.1666666576125518,0.1666666117261685,0.1666667163007171,0.166666769529273,0.16666660979670875
1344,d7ebd5fc7050fd66c2b5790804e69969f8aa2ab1a0888932e6a3e269e0f1df44,Healthy-Leaf(1399),4,0.9999999999999948,0.16666665516162057,0.16666666336964536,0.1666666466979678,0.1666666847078472,0.1666667040627192,0.16666664600019995
1345,ae2663739c30afa28077162418270724977d656743f94de186b7d77dba1d7262,Healthy-Leaf(1399),4,0.9999999999999972,0.16666665918928233,0.16666666452511852,0.16666665368708053,0.16666667839368787,0.16666669097276568,0.16666665323206512
1346,7d78f420df9754b8e9b54b5615c2d151417ac72f27adbe73a9e640154ba4a6bc,Healthy-Leaf(1399),5,0.9999999999999832,0.16666668823375988,0.1666666728247565,0.1666667041557203,0.1666666327975071,0.1666665964998003,0.16666670548845586
1347,4c7c53c604850023ba69ccaf391453a70dbaa9218ca5d7d203c961ebf7313db5,Healthy-Leaf(1399),4,0.9999999999999712,0.16666663793923028,0.16666665845045445,0.16666661676011865,0.1666667117538495,0.16666676009603104,0.16666661500031604
1348,578143f7da08cc772997648d8c33255abde8e2969ff389b6862891a4fa594c6c,Healthy-Leaf(1399),4,0.9999999999999616,0.16666663346364008,0.16666665715497586,0.16666660901281924,0.16666671875131905,0.16666677462070373,0.16666660699654195
1349,5a5914589c3962b06c9a1dfea64ccea0245d999eb2e2ec1ac38db4cee0596121,Healthy-Leaf(1399),5,0.9999999999999915,0.16666668194618262,0.16666667105403365,0.1666666931818496,0.1666666427144379,0.1666666170056273,0.16666669409786894
1350,8a934cbf7206e3f55b3f8be0ccb7653cf1b67ede2f455cc9b522fb3b5be068f5,Healthy-Leaf(1399),4,0.9999999999999789,0.1666666422645276,0.16666665967170008,0.16666662430534512,0.16666670493611552,0.16666674599381578,0.16666662282849584
1351,386063391d3e4f1be7137aaed1f0fa6429bb20d5d83925415f41bf85fbe0f2c5,Healthy-Leaf(1399),5,0.999999999999999,0.1666666692745848,0.1666666674288108,0.16666667116808914,0.16666666260180127,0.1666666582174761,0.16666667130923793
1352,69f8dca31ffa22be2e4ba157a66229dc6fa1c482eb037ce9475fdffa4eedaca4,Healthy-Leaf(1399),4,0.999999999999964,0.1666666345880292,0.1666666574812049,0.16666661095557075,0.1666667169961833,0.16666677097599805,0.1666666090030138
1353,73a7d9bee607dbe555600cb6b01061f83d5ad24eb71af4550e3d272351e4071c,Healthy-Leaf(1399),4,0.9999999999999861,0.16666664701640915,0.16666666103070985,0.16666663255969671,0.1666666974786527,0.16666673054044923,0.16666663137408222
1354,3f7a13df2bcba95022eed68bdb93888544849e04a29746795da1e8f23d079f9e,Healthy-Leaf(1399),4,0.9999999999999947,0.16666665509375417,0.16666666333635904,0.1666666466016305,0.16666668479255992,0.16666670425980198,0.16666664591589428
1355,5e015c8545c0ce82eb75040322cea825589c44d60dfb1b31e2193700a976a93b,Healthy-Leaf(1399),4,0.9999999999999708,0.1666666376917833,0.16666665836919198,0.16666661634808516,0.16666671212468603,0.16666676088102025,0.1666666145852333
1356,32615c1d5368f616a85ca41320a18d1ee4ca9cff31e9f831c3882101322b1875,Healthy-Leaf(1399),5,0.9999999999999337,0.16666671048943732,0.16666667920108288,0.16666674280286173,0.16666659788446941,0.16666652413621932,0.1666667454859294
1357,aed3e27184778bbdb0733122fd347773f1eb2d22ba77584ca0601eebe6dcd663,Healthy-Leaf(1399),4,0.9999999999999682,0.16666663654948902,0.16666665803977065,0.16666661436756822,0.16666671391342514,0.1666667645918128,0.16666661253793416
1358,0d2bc69faf3cdef47815b72016f6c9cf00d4de4b7ef7ef5cd9a84709008c3562,Healthy-Leaf(1399),4,0.9999999999999639,0.16666663447959912,0.16666665745056294,0.1666666107654691,0.16666671716771406,0.16666677133074126,0.16666660880591352
1359,873acbe4814f9e809ec24489454ea89fb4f9efaeac70c237e4c2a114e0efd08e,Healthy-Leaf(1399),5,0.9999999999999928,0.16666668070335927,0.16666667068410268,0.16666669105669824,0.1666666446345675,0.16666662100867163,0.16666669191260067
1360,28053c1e2f85fc2ec7caf97bf7f43a3b1aab1ad648d6ea952aea645d184ce001,Healthy-Leaf(1399),5,0.9999999999999987,0.16666667111318043,0.16666666793695153,0.16666667440079294,0.16666665968082506,0.16666665219389043,0.1666666746743597
1361,016900944867201a00de11d6148886cdc6438d692e32266169d5bdb3057fbbf9,Healthy-Leaf(1399),4,0.9999999999999681,0.16666663653878272,0.16666665804224623,0.16666661434089275,0.16666671393857369,0.16666676463540694,0.16666661250409762
1362,9bb21b7d91cb9fcf0573e033092c83b710d23c7e99e3541cc5956c276adead76,Healthy-Leaf(1399),5,0.9999999999999916,0.1666666817990433,0.16666667098691648,0.16666669297094452,0.16666664290211955,0.16666661743428557,0.1666666939066906
1363,5d81a5a149e30142928db9ae55a48aaa00c414512d9af667bd5e086be2dfa826,Healthy-Leaf(1399),4,0.9999999999999587,0.1666666321003826,0.16666665675872525,0.1666666066529577,0.16666672088190537,0.16666677904533575,0.16666660456069335
1364,c2566d5bb08d3637ec33f72b82347173434d8357c372beed34a8c308d45da91d,Healthy-Leaf(1399),4,0.9999999999999989,0.16666666294148985,0.1666666655923601,0.16666666021894144,0.16666667249257183,0.1666666787542216,0.16666666000041525
1365,2e97afccc322d9957b41253bf73a89ed44006e0c985180c2cee1d2c5b2a39908,Healthy-Leaf(1399),5,0.9999999999999881,0.16666668478980515,0.16666667183390724,0.16666669818925586,0.16666663818854208,0.16666660768118133,0.1666666993173084
1366,fa62203c98f5f2fed6a0c5ef1dc089a95523d44e420400e020c45bea33623a20,Healthy-Leaf(1399),5,0.9999999999999882,0.16666668465096965,0.16666667180331965,0.1666666979324729,0.16666663842172158,0.16666660815002993,0.16666669904148615
1367,dfcce2e6fb35394aec2b6eee3107b63371571dd46928c654547e60b041f9525a,Healthy-Leaf(1399),4,0.9999999999999972,0.1666666589437895,0.16666666444762324,0.16666665326810037,0.16666667877011895,0.16666669176348928,0.16666665280687873
1368,526e897f3ca88e844959c15764960a6e90e3b831b1c3cd529edb776acb40df7c,Healthy-Leaf(1399),4,0.999999999999988,0.16666664843159026,0.16666666143397987,0.1666666350207404,0.1666666952550843,0.16666672593506243,0.1666666339235429
1369,be1f15920570c6d8cdb0308165f96b929ad4d0bf1dd031efb679b49437567dbd,Healthy-Leaf(1399),5,0.9999999999999671,0.16666669733265155,0.16666667543194574,0.16666671995284904,0.16666661852614106,0.1666665669189442,0.1666667218374684
1370,8c0d5d64e8b8d7a30aa6264c5eca187f2b079a56b1eba62b87ed6aaa787f4711,Healthy-Leaf(1399),5,0.9999999999999505,0.16666670454934795,0.1666666774981844,0.16666673249366776,0.16666660719837806,0.1666665434431509,0.16666673481727098
1371,c1504bda16d5b9f90381cbcb36a25af8404cad6a308307f3def63c0752abcd86,Healthy-Leaf(1399),4,0.9999999999999635,0.16666663427933034,0.16666665740485692,0.1666666103972372,0.16666671750179438,0.16666677200466554,0.16666660841211567
1372,1409aa27b1a1ed55be1e6501dd040b73160896e27417b8e90147386ac6899b8e,Healthy-Leaf(1399),4,0.9999999999999831,0.16666664490041128,0.16666666042667141,0.1666666288800729,0.16666670080272433,0.1666667374264724,0.16666662756364775
1373,21b875bb59b9458cdef208f58b677bfdc5c843c7f7f017bcca9f60db40fc42d3,Healthy-Leaf(1399),4,0.9999999999999991,0.16666666593734805,0.16666666646161676,0.16666666538709474,0.16666666782165956,0.1666666690533972,0.16666666533888352
1374,453e6e4f1f02265d11801e7cb29a7329bb144d3ddd0039e5c3b7a6cb89e5c4fe,Healthy-Leaf(1399),4,0.9999999999999869,0.1666666476782236,0.1666666612180798,0.16666663371129725,0.16666669643769236,0.1666667283861759,0.16666663256853098
1375,6412f6949b06acd56571be057c3939be90d046df3aa518742eb0116b041c19d0,Healthy-Leaf(1399),5,0.999999999999967,0.16666669746021567,0.1666666754750088,0.16666672016569,0.16666661833529706,0.16666656651343906,0.1666667220503495
1376,eff6e414aa2c03081c5111e0cffbdc765f2f96987fa6ae948905abbcc93e42da,Healthy-Leaf(1399),5,0.9999999999999953,0.16666667758027395,0.16666666977521213,0.16666668565808504,0.1666666495098288,0.16666663113584362,0.16666668634075638
1377,4523f17db248d52028b5b4afc2da47c5fccc3ff1a8b0e9f1752429bbf3e70765,Healthy-Leaf(1399),5,0.9999999999999689,0.16666669651600774,0.16666667520141437,0.1666667185348902,0.16666661980894462,0.1666665695731893,0.16666672036555374
1378,23b170af05e9a7d5d7d80b8c223a71066c73b225680012eb32fba8088b06a1cf,Healthy-Leaf(1399),5,0.9999999999999791,0.16666669085853855,0.1666666735800127,0.16666670871611505,0.16666662868001814,0.16666658796156086,0.1666667102037548
1379,94a3cf6cf771e7d1c55be706775cabfc2bafb2af2f7ce7bbbf669985d2f73ae4,Healthy-Leaf(1399),4,0.9999999999999866,0.1666666474191956,0.16666666117479997,0.16666663320783393,0.16666669689640257,0.16666672928809564,0.16666663201367227
1380,3041c981f24f0e93a1834dfe6e822d6dcf279f88a00b3bec8ba580943e3dbb93,Healthy-Leaf(1399),4,0.999999999999949,0.16666662824282819,0.16666665566078992,0.16666659994389144,0.16666672694416523,0.16666679159929076,0.1666665976090345
1381,c4435e7582655eb98e1dd59f22473e1d850cf5f109c5cf2148973b3dadf0898e,Healthy-Leaf(1399),4,0.9999999999999629,0.16666663399873766,0.1666666573221247,0.16666660991458745,0.16666671793764898,0.16666677291179102,0.1666666079151102
1382,36eb4963f1939d9c541d168e326d63ee016ba1a515d6f5a81d7d22e48d26168f,Healthy-Leaf(1399),4,0.9999999999999903,0.16666665053710628,0.16666666203389296,0.1666666386838686,0.16666669194572029,0.16666671908124986,0.16666663771816195
1383,85d1b4c84b0e3285410983410b2680307a170a6ace3201c86fe5ca5757249888,Healthy-Leaf(1399),4,0.9999999999999611,0.1666666332380939,0.16666665709871312,0.16666660860480764,0.1666667191205508,0.1666667753724499,0.16666660656538454
1384,18f368862a0ffec1d7fc6dd1db68bc80ce6210c1d70bc450e416eb553b8b55a8,Healthy-Leaf(1399),5,0.9999999999999928,0.16666668046866592,0.1666666706113793,0.16666669065126638,0.1666666449984412,0.1666666217704648,0.16666669149978242
1385,0460bb3f05d749e54167aba7eda89de42d44552ea84dfab4b20456476dd4a7bb,Healthy-Leaf(1399),4,0.9999999999999583,0.16666663198719073,0.1666666567385037,0.16666660643331038,0.16666672108142713,0.16666677943932626,0.16666660432024183
1386,1fbc51433b6009351df8ae7a3145c51e954e8821b7ddd086a7060124d17f9ef8,Healthy-Leaf(1399),4,0.999999999999991,0.16666665090649063,0.1666666621557662,0.16666663929302047,0.1666666913964281,0.16666671791672966,0.166666638331565
1387,4aaa160972836eeeb75db93ace2aef62b78f5a19c851dd90a87b5ba58e15b8b4,Healthy-Leaf(1399),4,0.9999999999999956,0.16666665629446184,0.16666666368990726,0.1666666486685721,0.16666668292619102,0.1666667003760403,0.16666664804482742
1388,82265e8fd4dc2b3310af53b86426f9e2f7ac38347e1a660c51d221d1ef08a288,Healthy-Leaf(1399),4,0.9999999999999991,0.1666666645974404,0.16666666606212938,0.16666666310121037,0.16666666988790224,0.16666667336267346,0.16666666298864433
1389,6f4155ff233403b6e911ac65553ce8a777ef7e187e6383fc8235481a2ae069f4,Healthy-Leaf(1399),4,0.9999999999999958,0.1666666563452124,0.16666666371932795,0.16666664873021395,0.16666668287221184,0.16666670024057667,0.16666664809245724
1390,5c44361293efe4022a169bc9d60a9e09523ecc6c5ea85c5d5f108b5c54109406,Healthy-Leaf(1399),5,0.999999999999999,0.16666666906694994,0.16666666734831942,0.1666666708459557,0.1666666628906066,0.1666666588495796,0.16666667099858867
1391,3b765f4c0b95dcdc4cdcd4e3961b473fc2811343777e5b732a0759d9d10ab5c8,Healthy-Leaf(1399),5,0.9999999999999986,0.16666667152039263,0.16666666806342198,0.16666667508423041,0.16666665906312939,0.16666665089709445,0.16666667537173113
1392,af8455b6242c57f1ca4cebd9b726071775b0f764eeba51faa277c1ea42916d5d,Healthy-Leaf(1399),4,0.9999999999999908,0.16666665098432643,0.1666666621741616,0.1666666394363267,0.16666669126677075,0.16666671765445645,0.16666663848395813
1393,c1dc9ae50ca985d3db25c063db27136a48602132ecfd6fe6d40478933f8c1b68,Healthy-Leaf(1399),4,0.9999999999999561,0.16666663103186968,0.1666666564642999,0.1666666047794733,0.1666667225763666,0.16666678253930084,0.1666666026086897
1394,f759eaa4dc97f6123f8df916dec261e67ac81b06f81ddbcc472fd496bbb7136b,Healthy-Leaf(1399),5,0.999999999999971,0.16666669541483303,0.16666667489638853,0.16666671660139065,0.1666666215562202,0.16666657317776254,0.16666671835340505
1395,85a25cdf0ee20226068076487bfe6d174b5293cc5803823b8f5c62cde76ac1f7,Healthy-Leaf(1399),4,0.999999999999977,0.16666664114447485,0.16666665936095246,0.16666662233527607,0.1666667067153878,0.16666674966463402,0.1666666207792748
1396,45748bc182ee1f1236f94aeac58e4b6c5731627ea2ef1ec34e1e4977568318ce,Healthy-Leaf(1399),4,0.9999999999999889,0.16666664923272942,0.16666666168337663,0.1666666363763595,0.16666669403267828,0.16666672336995278,0.1666666353049035
1397,406ba671f2a95fd7918a9c5735bc74d7a4103cb7350af4c96154c946b2177415,Healthy-Leaf(1399),4,0.999999999999999,0.1666666649390086,0.1666666661665499,0.16666666368173577,0.16666666936400426,0.16666667226629214,0.1666666635824094
1398,16ed866e2a5a427a5a45a7518a49c1f02ee249afc85497eb0d844298f4aed6e1,Healthy-Leaf(1399),5,0.999999999999995,0.1666666778853992,0.16666666987733517,0.1666666861617051,0.16666664905655587,0.16666663017301844,0.16666668684598626
1399,f59d28d7868f228878ef4716ef62b22a444a0dccca71f09b7fe435d9ea68cb51,Healthy-Leaf(1399),5,0.9999999999999983,0.16666667141619812,0.16666666802030788,0.16666667493206294,0.1666666592002578,0.16666665120308663,0.16666667522808667
1400,2231ea747d2599e12e5101630c6f7d7ca3487c2cd907c5ea2560a2631eef8956,Healthy-Leaf(1399),4,0.9999999999999898,0.1666666500707327,0.16666666191792057,0.1666666378385789,0.16666669271045498,0.16666672063773294,0.16666663682457988
1401,d077fee6fde559ee5909c5f081cc5462c78ea11ce9595a8b351aaa5957603132,Healthy-Leaf(1399),4,0.9999999999999953,0.1666666558988429,0.16666666357383939,0.1666666479842111,0.16666668354360184,0.16666670165976644,0.16666664733973835
1402,b8d2efa7e4b7c195aaceea0ad2f6eac676c27d61ed828a7bb6c9b49e5112b806,Healthy-Leaf(1399),4,0.9999999999999833,0.16666664510513554,0.16666666051526538,0.16666662918091074,0.16666670053407193,0.1666667368220917,0.16666662784252465
1403,5fcf8d55071e12cec311f4845bffed976eca1eda4048d036e323a7f12e6d0616,Healthy-Leaf(1399),4,0.9999999999999942,0.1666666545520002,0.1666666631894517,0.16666664563958178,0.1666666856611358,0.16666670604589787,0.1666666449119326
1404,1a2b52cc189dcffcb5017580c93cb9026482c975eaf9d93ce90bc62a8d7d73f2,Healthy-Leaf(1399),4,0.9999999999999787,0.16666664209060222,0.16666665964075922,0.16666662396402354,0.16666670524532934,0.16666674660399233,0.1666666224552933
1405,d2f672ceacf03cf28dfe300f5e42055d49f09d2190d1fbda2aad55321bae4e8e,Healthy-Leaf(1399),5,0.9999999999999368,0.16666670943907608,0.16666667889970757,0.16666674098435716,0.16666659952830676,0.16666652754468622,0.16666674360386613
1406,5f3c00f728a5b3852a0578a0a6e0c56cb386d5ae03b6f717a4b85f73e73321e2,Healthy-Leaf(1399),4,0.9999999999999966,0.16666665770371186,0.16666666410562267,0.1666666510861157,0.16666668074168103,0.16666669582814073,0.16666665053472807
1407,62d68398663e9f36020547b4792ec776be8696f4767185f8dc3c68b288b51d5e,Healthy-Leaf(1399),5,0.9999999999999636,0.16666669909141074,0.1666666759633629,0.16666672296041102,0.16666661581292752,0.1666665612519679,0.16666672491991996
1408,c20dca7de3f31e9ac40ad4aa9265035004f1d6259e185671ca5b6d7778a355cf,Healthy-Leaf(1399),5,0.9999999999999628,0.16666669935204662,0.16666667602217763,0.1666667234408859,0.16666661537697314,0.16666656037343527,0.16666672543448136
1409,09a1d934c26cca911ae7658fe14c81576917a4982db92acb78b0cdcd9b24617f,Healthy-Leaf(1399),4,0.9999999999999553,0.16666663073150526,0.16666665639195377,0.16666660423077667,0.16666672307301608,0.1666667835465509,0.16666660202619715
1410,00375a6242a41f1c366417ead3f8c153c813822343f70b8600f1a19870f8aa6b,Healthy-Leaf(1399),4,0.9999999999999992,0.1666666655485212,0.16666666635831232,0.1666666647026218,0.16666666844210049,0.1666666703273429,0.16666666462110144
1411,c4bc166e4fd39ed7b6898e752d0611fc0233e0ff27985d8cdc8ca9b1fe86a816,Healthy-Leaf(1399),4,0.999999999999995,0.1666666555035567,0.1666666635003139,0.16666664722759594,0.16666668423181158,0.16666670302330017,0.16666664651342167
1412,80b53a4b6608f623c6a61eb0004a9789ebdce2a0472eee1c99901225a6a6a5e7,Healthy-Leaf(1399),4,0.9999999999999682,0.16666663660065842,0.1666666580621679,0.16666661444091405,0.16666671384766257,0.16666676444297698,0.16666661260561993
1413,13a615a7fb97ee05cb64d8e1d3c47eaa7f3c5758cac0d83ce6b9ccabfdea4fdd,Healthy-Leaf(1399),4,0.999999999999998,0.16666666055211943,0.16666666493768337,0.16666665601032563,0.1666666762965659,0.16666668659040376,0.1666666556129019
1414,274853820134db4c0c89975bc8df8750a4e8f8c96fb0a7f26e39e093e0cc8804,Healthy-Leaf(1399),4,0.9999999999999721,0.16666663847166086,0.16666665861814856,0.16666661765289423,0.166666710947971,0.16666675840099274,0.16666661590833254
1415,c26a50ddf84672fc5fe8e8c626844580c6bc4380f0608ecae8b65a923136f56a,Healthy-Leaf(1399),4,0.9999999999999665,0.16666663565271936,0.1666666578055669,0.16666661276923977,0.16666671535980385,0.1666667675535622,0.16666661085910778
1416,6c2dc1ee21b7922c6faee5a23b9c5ced0b7697b54523c8f046b97a04b6682680,Healthy-Leaf(1399),4,0.9999999999999647,0.16666663478902527,0.16666665754032356,0.16666661129682356,0.16666671668691702,0.16666677033182098,0.16666660935508976
1417,69f49ea101038aeda8f74badaad52a2906f5b326581eae4a218ad6827df8c402,Healthy-Leaf(1399),5,0.9999999999999356,0.16666670990064658,0.166666679051465,0.16666674174209234,0.16666659884396132,0.16666652609397534,0.16666674436785936
1418,c0c0083cc7691f32ed24479715e0b43052fc48f65cea0d465607760f0348e1c6,Healthy-Leaf(1399),4,0.9999999999999986,0.16666666154361803,0.16666666519702977,0.16666665777323927,0.16666667470048765,0.166666683321,0.16666665746462528
1419,4e06f920354bb12233ffec2ac3f3313164179469f09d10e2c1e0e5a469b130c9,Healthy-Leaf(1399),4,0.9999999999999588,0.16666663221391081,0.16666665680965523,0.16666660681846146,0.16666672073478417,0.16666677871135707,0.16666660471183126
1420,916c130743a5d89ccd1fca5190ec648ce32ab28999711df4883afa139fbbc5c2,Healthy-Leaf(1399),4,0.9999999999999498,0.1666666285767583,0.166666655757819,0.1666666005154584,0.16666672642662625,0.16666679052360905,0.16666659819972912
1421,2183f2d3795b8104468ee76dc3a698aa1964ee36363ac9fdad574c321e80e50c,Healthy-Leaf(1399),4,0.999999999999995,0.16666665535371095,0.16666666343180236,0.16666664701468045,0.16666668442160007,0.1666667034575325,0.16666664632067363
1422,3f7627c5205ca3931aa2ba6ce99623dccfb0180567a692841942946ac13acfdd,Healthy-Leaf(1399),4,0.9999999999999858,0.16666664679885693,0.1666666609868229,0.1666666321487904,0.166666697851906,0.16666673128488335,0.16666663092874046
1423,932143d9f480f01665776ffb011c8d1952a1cfa0fe6226e96ec7f654cc1ce867,Healthy-Leaf(1399),4,0.9999999999999702,0.16666663749828034,0.1666666583307753,0.1666666159778567,0.16666671246022693,0.1666667615488424,0.16666661418401835
1424,d2ed80782aeb6c2230192db7c13b63a52c740015466a8105adce5e31625e3dcb,Healthy-Leaf(1399),4,0.9999999999999482,0.16666662797690285,0.16666665558868338,0.16666659947002332,0.16666672737160845,0.16666679247810207,0.1666665971146799
1425,5ec76f3d3628bcd7e3efb203a73370fd8fd36a7071f057d35a03309383ea5313,Healthy-Leaf(1399),4,0.9999999999999727,0.16666663875708537,0.16666665867803332,0.16666661818737574,0.16666671046258152,0.16666675742960022,0.16666661648532372
1426,7426d704bb4f26a7e421bf622e2d8d3d77da5a01a645c18841dd9b82573152f4,Healthy-Leaf(1399),4,0.9999999999999876,0.1666666482445289,0.16666666138590425,0.16666663468365636,0.16666669555966962,0.16666672655733103,0.1666666335689098
1427,a0e9ee141ef417434b60aa52aa4f57873defd6c04fbf976f71ff6cb08ca293da,Healthy-Leaf(1399),5,0.9999999999999972,0.16666667440485244,0.16666666889139317,0.16666668009460148,0.16666665453802534,0.1666666415161647,0.1666666805549629
1428,9f74b8bcbdd1104a2ff9fcb14f04771879247b9e9805f04365b9f0a37000ebbe,Healthy-Leaf(1399),5,0.9999999999999588,0.1666667010598751,0.1666666765220062,0.16666672638580604,0.16666661271734481,0.16666655484394546,0.16666672847102235
1429,26fdaa3e8017da4418c510c9fbf7d7f451f7ac59271832edc0d4cfe6f5daf3eb,Healthy-Leaf(1399),5,0.9999999999997956,0.16666674394790457,0.16666668879873875,0.16666680087753774,0.16666654542111745,0.16666641537706878,0.16666680557763278
1430,44bbb532917a875f6d938fa646666f0ae3d724193d7f733d2210549a0549c98f,Healthy-Leaf(1399),4,0.9999999999999988,0.1666666629172801,0.16666666561275698,0.16666666012383835,0.16666667258063034,0.16666667889277742,0.16666665987271695
1431,57f5c61b570fb878b19aae25ef36e91d39376a545f71ca4024417ab3e27186b4,Healthy-Leaf(1399),5,0.9999999999999343,0.16666671034042785,0.16666667917598732,0.16666674251454067,0.1666665981473668,0.16666652465348306,0.16666674516819427
1432,90921757430cf4c4afaa4d6ac67480189e24342e17f9088ccc1eb69f036ce70f,Healthy-Leaf(1399),5,0.9999999999999983,0.16666667166627727,0.16666666809365913,0.1666666753557149,0.16666665881599146,0.16666665040283027,0.166666675665527
1433,2e100b87dba9af8b367280dc285b30dd143b5c26024ec207a04132eeb002fcf4,Healthy-Leaf(1399),4,0.9999999999999852,0.16666664653521304,0.16666666092175664,0.16666663166967197,0.1666666982853267,0.16666673216623648,0.1666666304217951
1434,4d23275432216cff64559cf4ac48da72b185912df5a6a3105f329d056906f6dd,Healthy-Leaf(1399),4,0.9999999999999946,0.16666665483382972,0.16666666328638155,0.166666646103079,0.1666666852449391,0.16666670515812118,0.16666664537364936
1435,a8755a5ad13ddacb5ee7436f1fd7c9d6a84b61927f160cdcdcde8f0f10572af7,Healthy-Leaf(1399),4,0.999999999999962,0.16666663365689927,0.1666666572232124,0.16666660932401126,0.1666667184713339,0.16666677401978033,0.1666666073047629
1436,e537a7af3eb42d364a7310108dfa2030905713ffa57ec3086be17151b9e5e969,Healthy-Leaf(1399),4,0.9999999999999751,0.16666664001358927,0.166666659052941,0.16666662034748453,0.1666667085139851,0.16666675336785927,0.16666661870414087
1437,7b0a5590a675d382a44ba7903ccce13042893578186724602af135ca4616e9a5,Healthy-Leaf(1399),5,0.9999999999999629,0.1666666993236302,0.16666667602155208,0.16666672338447558,0.16666661543026962,0.16666656047284995,0.1666667253672226
1438,44763205a4c5398e75fa02fbc715eae287368fb9a4b648158224cf390c53a915,Healthy-Leaf(1399),4,0.9999999999999799,0.1666666429437939,0.1666666598734214,0.16666662546510308,0.16666670388759314,0.16666674380829186,0.1666666240217965
1439,283541fe693417e3e3375ca546242e425e0bb28359ada45fa340b68d0a7ed09b,Healthy-Leaf(1399),4,0.9999999999999611,0.16666663318425398,0.1666666570959574,0.1666666084869371,0.1666667192280523,0.16666677557503526,0.1666666064297639
1440,13cd4c4dbcf3e9cee8d049d32c80b309a20b7d1dce15f9bfc18d5184a57c484b,Healthy-Leaf(1399),4,0.9999999999999961,0.16666665728817265,0.16666666398579555,0.16666665036898398,0.1666666813901428,0.16666669717386637,0.16666664979303875
1441,6b8944a330e7f4cd4442ff040c64350d1876b72338b857c1b4ece4681b4e519c,Healthy-Leaf(1399),4,0.9999999999999796,0.16666664252741478,0.16666665976612735,0.1666666247246713,0.1666667045587753,0.16666674518102792,0.16666662324198336
1442,b7dc230390e7af21007b5e4487371ad70ff8f103a5067dc861198befff28b862,Healthy-Leaf(1399),5,0.9999999999999474,0.1666667057317075,0.16666667786549189,0.16666673448714864,0.16666660539876257,0.1666665396665841,0.16666673685030528
1443,ad136fe0216df4bc465d6591bec356bf483e2b6580d778f948cabab60d1f91e5,Healthy-Leaf(1399),5,0.999999999999998,0.16666667294211696,0.16666666845667094,0.1666666775779659,0.16666665680867593,0.16666664624667343,0.16666667796789683
1444,239220055ff863c5447425639ee5303a70e00af713d5d8aa03148cbdfae723d6,Healthy-Leaf(1399),5,0.9999999999999641,0.16666669877386972,0.16666667585912381,0.1666667224255283,0.166666616292969,0.16666656226696183,0.16666672438154734
1445,a62e6ac29bb5bddc497cb2a0844068aa00436da4575bd57822d7b6b95fe65bef,Healthy-Leaf(1399),4,0.9999999999999105,0.16666661566402244,0.16666665206302816,0.1666665780849079,0.16666674669069065,0.16666683251720024,0.16666657498015064
1446,13c8a1443b42a222b94bff78f2df5c5f36a5499d3436fdf777c2090e7149f401,Healthy-Leaf(1399),4,0.9999999999999885,0.16666664889608213,0.16666666157439267,0.16666663580824692,0.16666669454311542,0.1666667244469334,0.1666666347312295
1447,be82f6b6ce481a2474b7cd02d4da19d22e9e933cdaf09194f5b843f720180454,Healthy-Leaf(1399),5,0.9999999999999928,0.16666668035013651,0.16666667056709353,0.16666669046279287,0.1666666451672682,0.16666662213664593,0.16666669131606296
1448,a891dd9c28e0b6de5bc0755564fea4880302d0cc4736901915d44e8174fce460,Healthy-Leaf(1399),4,0.9999999999999964,0.166666657502823,0.1666666640283079,0.16666665077665177,0.16666668101995397,0.16666669643676496,0.16666665023549831
1449,a8d75bee0a9059502a0fd377cd5c08a31390c4f5810822d0130baae463f1e291,Healthy-Leaf(1399),5,0.9999999999998622,0.16666673006154356,0.16666668480107805,0.1666667768070709,0.1666665671657953,0.1666664604784937,0.16666678068601842
1450,c5100bc6fc72bb390f38fa077c7a26c39321af68fb2d7cff5df0db1ea62a3dde,Healthy-Leaf(1399),4,0.9999999999999812,0.166666643669039,0.16666666007787445,0.16666662673079308,0.16666670274389986,0.16666674144308766,0.1666666253353059
1451,c1390cffaa57bae8f07cbf62fc440c80d1d187bbd29db9e5eb0ce2f49f8f2fcf,Healthy-Leaf(1399),4,0.9999999999999978,0.16666666011721917,0.16666666479207773,0.16666665528881872,0.16666667694509474,0.1666666879673468,0.1666666548894429
1452,b9963c4ce5b7d841bd7d7c16ed76b4674c9c2e72c99a21e312d7908c69235de2,Healthy-Leaf(1399),4,0.9999999999999891,0.16666664933248743,0.1666666616985814,0.1666666365676819,0.16666669385699,0.1666667230261652,0.1666666355180941
1453,194b1712e818971315a58f2e7e009b67eab6ea70da956cbc2e78d817e124510a,Healthy-Leaf(1399),4,0.9999999999999767,0.16666664095412348,0.1666666593105682,0.1666666220001699,0.16666670701924957,0.1666667502882491,0.16666662042763988
1454,0b71cfea5a7cae7a5da67fd04434287971a9ba1a2c741a57d34fbccfe20b5608,Healthy-Leaf(1399),4,0.9999999999999842,0.16666664568960804,0.16666666066187777,0.16666663023051986,0.16666669958292607,0.16666673488330006,0.16666662895176812
1455,bc00c2adf9964cc2fb360cf41bd089c738092da57ae7b6e829ac09bde7233bec,Healthy-Leaf(1399),5,0.9999999999999987,0.16666667077502767,0.16666666783681885,0.1666666738142923,0.16666666020913304,0.16666665329326333,0.16666667407146474
1456,4a6a87be290827912f7d85153c9b73530e653cf62890e46b69076d55e26be140,Healthy-Leaf(1399),4,0.9999999999999981,0.16666666108864173,0.16666666508277322,0.1666666569551849,0.16666667544150354,0.16666668483150118,0.16666665660039548
1457,aaaef9c9b75b46072c8e35c6e41289e800741e46dfc7ea8ee8871c97c58498e9,Healthy-Leaf(1399),5,0.9999999999999987,0.16666667106336042,0.1666666679275385,0.1666666743000074,0.16666665977116607,0.16666665237252096,0.16666667456540674
1458,363e551c71d44b96cb88678c7dca93dc0e804c040e56c984c49d0a8a0831627d,Healthy-Leaf(1399),4,0.9999999999999992,0.1666666660308252,0.16666666645985953,0.1666666656161278,0.16666666761510773,0.16666666867290988,0.16666666560516982
1459,1b1a55861d7a00ebea072a1e34737bf459256ddda9468913af8d18e17b317fc8,Healthy-Leaf(1399),5,0.9999999999999949,0.16666667812419855,0.16666666993415674,0.16666668659201425,0.16666664866530695,0.16666662937987717,0.1666666873044464
1460,760bcb7d9c4aece818456d2488ad0d6a826b5349589146adf6b6639db1ee5d8f,Healthy-Leaf(1399),5,0.999999999999996,0.1666666764505471,0.16666666944848335,0.16666668369830054,0.16666665127909852,0.16666663480740032,0.1666666843161702
1461,3075da7b13d7582dd12c1c26f23f5d8bbb646dcb8244b329c5c839ab5adb8a13,Healthy-Leaf(1399),5,0.9999999999999836,0.16666668816862945,0.16666667280217418,0.16666670405509737,0.16666663288920242,0.1666665966969704,0.16666670538792605
1462,c51ae25063a5ae3609c5788d2fa0b142ae0639fa92d433381e00f5b5b9988b24,Healthy-Leaf(1399),4,0.9999999999999795,0.1666666426531004,0.16666665979326026,0.16666662495218218,0.16666670435073616,0.16666674476284052,0.16666662348788033
1463,22285ac9dbcb963580937babfc3be0075b737c792487172ca1d2a92b720a6fcd,Healthy-Leaf(1399),5,0.9999999999999982,0.1666666720706345,0.16666666819307227,0.16666667609660343,0.1666666581469487,0.16666664904364484,0.16666667644909622
1464,b6f816a5482e8c9af03832a25a945b8832e19152a801ece2cf8a72757746cf2a,Healthy-Leaf(1399),5,0.9999999999999759,0.16666669282263177,0.16666667413657318,0.16666671213128098,0.16666662559260928,0.16666658157127862,0.16666671374562625
1465,6af4573442546e15f02f6a6dc45f1b8432b45515f61873278b1715b7fda6863b,Healthy-Leaf(1399),5,0.9999999999999853,0.16666668677105237,0.1666666724043742,0.16666670162452799,0.16666663508545848,0.16666660124510724,0.1666667028694798
1466,592e093016cdae195af7da8295c3099297c962dc4627b8cdd50d26282fa29393,Healthy-Leaf(1399),5,0.9999999999999256,0.16666671306384148,0.1666666799310298,0.16666674729489372,0.16666659382742266,0.16666651574048025,0.166666750142332
1467,01900f25ad9ac34d1051b16e7f7a54ee1387569ce8a3d4b3daf6b12064641798,Healthy-Leaf(1399),5,0.9999999999999732,0.16666669431630093,0.16666667454682643,0.1666667147644897,0.16666662321363598,0.1666665766695059,0.1666667164892411
1468,9004ec645eba53c083112aa75f1e8262aaa91ace7c72b188c922ebfa3d57e807,Healthy-Leaf(1399),5,0.9999999999999507,0.16666670436139328,0.16666667743789532,0.16666673218379455,0.1666666074787245,0.16666654403524497,0.1666667345029474
1469,1eafe0d8f1a4a328fe2278aa6d121793218fd61316c1d71eba200aa14aa9b602,Healthy-Leaf(1399),5,0.9999999999999246,0.1666667134347746,0.1666666800451245,0.1666667479200297,0.1666665932624215,0.1666665145562684,0.16666675078138135
1470,399cd83deacdf6301773d0edb8ba4e5e997216763a8c3bee161eda04a42afcfc,Healthy-Leaf(1399),5,0.9999999999999887,0.16666668423762648,0.16666667167025606,0.16666669723453095,0.1666666390490985,0.16666660947276357,0.16666669833572437
1471,81ab2330f99a9b234f6bcf8d1b35e3fec9f9ad773aacfefed4d2693a899c4e2f,Healthy-Leaf(1399),5,0.9999999999999427,0.16666670741564757,0.1666666783036436,0.1666667375028506,0.16666660267223976,0.16666653408748516,0.16666674001813336
1472,d80333574ab436cbf0cde4d2038cee3fd6ac52e167eafe76d2daccda07fbc34a,Healthy-Leaf(1399),5,0.9999999999999502,0.16666670454540164,0.16666667747818528,0.16666673252656916,0.16666660716789367,0.16666654341085038,0.16666673487109987
1473,b7ade6c03016d9611ddcc9395d1a782cd8c18f4e109b9ce12eb5bf13c1021c13,Healthy-Leaf(1399),5,0.9999999999999964,0.16666667582304223,0.16666666930955254,0.16666668253357797,0.16666665233547692,0.166666636931764,0.16666668306658639
1474,246d8f99841b799147dd557550d1b31c9597fd7ed80a626a3ac3fda1647f8ea7,Healthy-Leaf(1399),5,0.9999999999999489,0.16666670501220682,0.16666667761950246,0.16666673332253,0.16666660644944145,0.1666665419095428,0.1666667356867764
1475,025ea225cfa086f752b9e1970cb61a0e046eb5bb011c6a3626262a6ddd2e1082,Healthy-Leaf(1399),4,0.9999999999999943,0.1666666544953734,0.16666666315867643,0.1666666455757059,0.16666668571910412,0.16666670619048463,0.16666664486065552
1476,5f9cdde3ff1188db9df309d3a1297adecd116ea84229bae770e2844ca2488dac,Healthy-Leaf(1399),5,0.9999999999999799,0.16666669038945803,0.16666667343441266,0.1666667079236047,0.16666662939513346,0.16666658946192697,0.16666670939546413
1477,8d449fe54b29f50c31949640a920585f5ad8f09da864593a64a6a650e8fbcd13,Healthy-Leaf(1399),5,0.999999999999968,0.16666669688192123,0.16666667527769813,0.16666671921977955,0.16666661918661882,0.16666656832845336,0.16666672110552888
1478,fb8f7e18bec29a68677b1129f44946bb0d5719f4bc9913c1b45021f204d3cf47,Healthy-Leaf(1399),5,0.9999999999999689,0.1666666965122106,0.1666666751836225,0.16666671856073262,0.1666666197842919,0.16666656954900577,0.16666672041013658
1479,76af0fd4c1caed5e0d7b269c078b3384b7963869fe76793fe0ab9605c2467016,Healthy-Leaf(1399),5,0.9999999999999689,0.16666669651952878,0.16666667518608227,0.1666667185680403,0.16666661977663924,0.16666656953189418,0.1666667204178152
1480,aaecf0ef1125c8b516ad96087e13facc08c55868ba6cbfb967bcc12edfed7b46,Healthy-Leaf(1399),5,0.9999999999998639,0.16666672964668489,0.16666668467247758,0.1666667761042634,0.1666665677996088,0.1666664618077954,0.1666667799691699
1481,d1a0a36bd4dc9ff8ef898671979b817fe2df52e22aced8c5f86502380a54d158,Healthy-Leaf(1399),5,0.9999999999999964,0.16666667589770343,0.16666666929379229,0.16666668273043003,0.1666666521535913,0.16666663661387834,0.16666668331060466
1482,54eda21ba2592a62067494510bb97f1b7ec3e8ad920f38c70104171e1d038f01,Healthy-Leaf(1399),5,0.9999999999999646,0.16666669854576038,0.1666666757702821,0.16666672208549102,0.16666661660072876,0.16666656294415547,0.1666667240535824
1483,cb1e30e7c9dd48d52f1426450fa1e95a1e49547551a7d7bfe061b268b82ede0e,Healthy-Leaf(1399),5,0.9999999999999883,0.1666666845359876,0.16666667176596267,0.16666669774281906,0.16666663859302952,0.1666666085124845,0.1666666988497166
1484,a8cf1b41967aac3af047b3844a77b78f903e14c6d5f6df77c3d1c647e9cd827e,Healthy-Leaf(1399),4,0.9999999999999787,0.1666666422415158,0.16666665967442695,0.16666662423971643,0.16666670499439323,0.1666667460985408,0.16666662275140656
1485,0e4841bfb32b847f0ad28942b10f0d197e8581b33986f87e2429232dacfecaf2,Healthy-Leaf(1399),5,0.9999999999999951,0.16666667746409156,0.16666666973712335,0.16666668546587532,0.1666666496831391,0.16666663150286365,0.166666686146907
1486,5bc1cb054552b775fdd5387a1dff9b151a7d2f81f86eb4277eb62d38c32e9bcc,Healthy-Leaf(1399),5,0.9999999999999991,0.1666666689045972,0.16666666728598514,0.16666667059480172,0.16666666311626133,0.16666665934281402,0.1666666707555407
1487,cabd369666ced552103bc768be486f6a951fbb8aea2927c0279a658e4c3593af,Healthy-Leaf(1399),5,0.9999999999999979,0.16666667303313398,0.16666666845912864,0.16666667778015007,0.1666666566237842,0.16666664590118427,0.1666666782026189
1488,455459943d49245094fdff47a5511f384de3b2316d4b643b63cd5449ab061a3c,Healthy-Leaf(1399),4,0.9999999999999951,0.16666665574989295,0.16666666352317652,0.16666664773997095,0.1666666837633549,0.1666667021280002,0.16666664709560453
1489,441376d2d1ff5e9d355201246fc5e23b8ac4285824664c6467ecf2082469427d,Healthy-Leaf(1399),5,0.9999999999999986,0.1666666713944223,0.16666666799000063,0.16666667493758897,0.1666666591925997,0.16666665122547347,0.16666667525991494
1490,4c81fd2fc8639c933a7c56df1e73c5309c95fbbb85b70f44d4f5f20c0d527f71,Healthy-Leaf(1399),4,0.9999999999999948,0.16666665520673565,0.16666666336709302,0.1666666468010045,0.1666666846123174,0.16666670388890437,0.166666646123945
1491,71f23ebdddc8d16ee06d430968c6e6e4ac3ba2038f04b4bfb6b91d09e1b6420f,Healthy-Leaf(1399),4,0.9999999999999927,0.16666665289638782,0.16666666270900302,0.16666664278065485,0.1666666882442935,0.1666667114105369,0.16666664195912387
1492,89bafc8d3d6e78331352c86c988640bd07bbd759a04fbdc78bc0aa51acdfaaab,Healthy-Leaf(1399),4,0.9999999999999905,0.1666666506046122,0.16666666205317757,0.16666663880237542,0.1666666918389219,0.16666671886022835,0.1666666378406846
1493,c74695f5e254dd454815ffca882da4d34ec8c9104c69f41b8bce5d12cd3be359,Healthy-Leaf(1399),4,0.9999999999999367,0.16666662384876949,0.1666666543992081,0.16666659231702036,0.16666673383350894,0.16666680588280589,0.16666658971868717
1494,e7ebc626f0303bc80fd122052ab150e349e323d217238cf3291ccd3c51bd29a7,Healthy-Leaf(1399),5,0.9999999999999992,0.16666666801272642,0.16666666702651967,0.16666666905919114,0.16666666450445605,0.16666666222724816,0.16666666916985867
1495,c0a5304e55344081bc63f5b0d532c0f3ab94543c76f61874e7d6224881a8ee92,Healthy-Leaf(1399),4,0.9999999999999944,0.16666665476917975,0.16666666328081528,0.16666664595937833,0.1666666853743533,0.1666667054044355,0.16666664521183788
1496,48f5c849bba8d0d3515a8357c96475b37f306a3226f29647e8ca8f3453a0127d,Healthy-Leaf(1399),5,0.9999999999999725,0.1666666946934483,0.1666666746699109,0.16666671539156971,0.16666662264862706,0.16666657547447447,0.1666667171219695
1497,6357ce275dd2f9d421cb0d10a23667626f63ca47577b6ff4c466162924c96494,Healthy-Leaf(1399),5,0.9999999999999624,0.166666699528145,0.166666676058274,0.16666672378003236,0.16666661507072378,0.16666655976264236,0.16666672580018257
1498,be283796a9d0930512eca90e2c2231b91fb89db6e82dee15374225e589d4826c,Healthy-Leaf(1399),4,0.9999999999999938,0.16666665395394972,0.1666666630078893,0.1666666446257519,0.16666668657731468,0.16666670796204205,0.16666664387305238
1499,f73a6204c310be7e1830f822e29f8fca819c6aa36ba45ece57303c0344de5a79,Healthy-Leaf(1399),5,0.9999999999999966,0.16666667566978757,0.16666666922501328,0.16666668234787008,0.16666665250040177,0.16666663733925086,0.16666668291767647
1500,b475b34592903db018a1670e9fbfd5606a12b7180b6a86b7202fd5bc717cf5d1,Healthy-Leaf(1399),4,0.9999999999999887,0.16666664905650386,0.16666666160745064,0.16666663612155896,0.16666669426129596,0.16666672388497902,0.16666663506821164
1501,afc6d6bf3f4c7bf83ee1f7bba0dcc17fe0c1a3eeacd34bfbdf2b6574fe35941e,Healthy-Leaf(1399),4,0.9999999999999954,0.16666665613302095,0.16666666362535543,0.16666664842468204,0.16666668314529048,0.1666667008597692,0.166666647811882
1502,f4b7fd3164926b6a94868d9545350fdd4dfc8b1bbdd248ff01d4545b67336cd8,Healthy-Leaf(1399),4,0.9999999999999762,0.16666664056178565,0.16666665918101708,0.1666666213524717,0.16666670760309046,0.16666675152601346,0.16666661977562158
1503,15a0b06ba0b5934bd1d8365c7c99570cb322deaf4f451722df664cc45ca127e2,Healthy-Leaf(1399),4,0.9999999999999879,0.16666664836200873,0.16666666140296837,0.16666663492085748,0.16666669534430306,0.1666667261378329,0.1666666338320294
1504,78a0d107f18164d7f3d1c4f9d7b4cffe4a92b38fd7731604e84c95838b8215d9,Healthy-Leaf(1399),4,0.9999999999999757,0.1666666403818153,0.16666665913753298,0.16666662102525662,0.16666670789955065,0.16666675212763077,0.16666661942821365
1505,1e404fc49350114fd426a0b6dde537100ed492ecb5c670992bf68784fc521ecd,Healthy-Leaf(1399),4,0.9999999999999817,0.16666664396828576,0.16666666014509846,0.16666662728946238,0.16666670223846988,0.16666674042572024,0.16666662593296316
1506,881201fbab7e933d7c97f0c28ba6b8a5badae968607456a44a1f7a3f13c45f55,Healthy-Leaf(1399),5,0.9999999999999698,0.16666669601924688,0.16666667506706742,0.16666671764829705,0.1666666206085531,0.16666657121646453,0.16666671944037104
1507,9925550bf7ce4c3f68befce66fa1780ee4dd20c9d7739da5612470480b369e1b,Healthy-Leaf(1399),5,0.9999999999999583,0.16666670133022457,0.16666667656344,0.1666667269303611,0.16666661222376083,0.16666655387964086,0.16666672907257252
1508,375093a36809ad531f1bfb2861b94ff02226d82df1d284bedc0dfe37763ca892,Healthy-Leaf(1399),4,0.9999999999999761,0.16666664058515784,0.16666665919284895,0.16666662138021704,0.1666667075777608,0.16666675146487464,0.1666666197991407
1509,fb74664830f941e4f1c9d730ae8199d794c48a2c54e1ad240a4639f5a05ba27e,Healthy-Leaf(1399),5,0.9999999999998979,0.1666667211809833,0.16666668225683406,0.16666676138982484,0.1666665810943323,0.1666664893485085,0.16666676472951705
1510,c7a75a1ce738ca743b53a8a2b6fa444da54b0f5b2a3aea10a6ac601055a6e7b7,Healthy-Leaf(1399),5,0.9999999999999787,0.1666666912296232,0.1666666736746253,0.16666670938239012,0.16666662807700422,0.16666658673045892,0.16666671090589824
1511,bdd28741bdbc237aa4cade71f32c0e85f2cde0ea4b0128d580688fb39bffb276,Healthy-Leaf(1399),5,0.9999999999999791,0.1666666909437723,0.1666666735977717,0.16666670887759535,0.16666662853373412,0.1666665876692283,0.1666667103778983
1512,b6380dcadec02c69ab5edac1c670d3d29af35fac5c2cd27a629c041a082e9ce7,Healthy-Leaf(1399),5,0.9999999999999521,0.16666670384500504,0.16666667727651138,0.16666673131228307,0.16666660826478283,0.16666654568594222,0.16666673361547554
1513,b198eacad99d21f35e6ce90d233020cd857f2d620363fc4fc972163872cba812,Healthy-Leaf(1399),5,0.9999999999999318,0.16666671111147685,0.16666667936784393,0.1666667439111364,0.1666665968837265,0.16666652208130103,0.16666674664451528
1514,c541b3e6e6225d936cd1d93a7ebd96e6051a67b47d575135f600cecaeee520e0,Healthy-Leaf(1399),5,0.9999999999999648,0.16666669847097926,0.1666666757438865,0.16666672196204294,0.16666661671110922,0.1666665631804934,0.16666672393148874
1515,837d49d21a45321ce1143e239b016682f7d2a4711fc6acc382796c5b7b59ddfe,Healthy-Leaf(1399),5,0.9999999999999711,0.16666669544320548,0.16666667487704007,0.16666671670424843,0.16666662146120106,0.1666665730251289,0.16666671848917614
1516,aac7122aa96cc3abfcf15efcfef5675132fcb2b78ba03dabb78f6498799f759d,Healthy-Leaf(1399),5,0.9999999999999439,0.1666667069533819,0.16666667818063874,0.16666673667578916,0.1666666034187516,0.16666653561870212,0.16666673915273658
1517,da2dbdc9713226ab74f706cf3f000f1dbb2f9bf1115ee5cfeedc97e63b394a63,Healthy-Leaf(1399),5,0.9999999999999983,0.1666666717073945,0.16666666810774286,0.16666667541963623,0.16666665875773476,0.16666665027793506,0.16666667572955662
1518,8c03b7d2d8541c2ea348423ca28466e718ce2b9d0baf1c10d07f13cb27b6541d,Healthy-Leaf(1399),5,0.9999999999999883,0.16666668458412312,0.16666667175376843,0.16666669786789484,0.1666666384759429,0.16666660831030397,0.16666669900796674
1519,494419d66a164e07a9beea27d421ae8137b188c1e26dd02310fdf3ca2c74c4c9,Healthy-Leaf(1399),5,0.999999999999993,0.16666668006886545,0.16666667046017417,0.16666669002819012,0.16666664555844954,0.16666662299014476,0.16666669089417596
1520,b67ee083ad00a3ac61bacff6ff4f4d384d5ffbe95451b61fcb8a31d6cb47efd6,Healthy-Leaf(1399),5,0.99999999999998,0.1666666903910805,0.16666667343507402,0.16666670791691415,0.16666662939910679,0.16666658946847376,0.1666667093893507
1521,de789f9c5ef613a44b7a8c488b1d3746567ef2160a31a32d23dfaa5336002903,Healthy-Leaf(1399),5,0.9999999999998984,0.16666672103809574,0.16666668220066025,0.16666676116707382,0.16666658129341708,0.16666648978499587,0.1666667645157573
1522,72d67c5b1efc2e7e2e918aea107ba2c1ef1f53983aede075774f17d52c1ee443,Healthy-Leaf(1399),5,0.9999999999999837,0.16666668806062065,0.1666666727687054,0.16666670387016416,0.16666663305556295,0.1666665970454461,0.1666667051995008
1523,668c77b5306219ec502468de6f1659165e67a4142be23ba9b0693375d325a0b5,Healthy-Leaf(1399),5,0.9999999999999513,0.16666670418229343,0.16666667740757737,0.166666731824763,0.16666660780305656,0.16666654467255734,0.16666673410975238
1524,ee107d3005043f040924979ee97b121afdca2a6e56e0a10cf3ab11ce12de2538,Healthy-Leaf(1399),5,0.9999999999998441,0.16666673414044264,0.16666668598241144,0.16666678386080688,0.1666665607935276,0.1666664472497093,0.1666667879731021
1525,c0e0b0d6ff3ed19a678828b3de4e90754a337eda1dd56a98810ff04646333559,Healthy-Leaf(1399),5,0.999999999999997,0.16666667478031713,0.16666666898439997,0.16666668076565838,0.1666666539285619,0.16666664027497566,0.16666668126608694
1526,9c43526fa3284a2c3bd4da9a1501c4c181b9be6c3f367672443d372ed37e60ea,Healthy-Leaf(1399),5,0.9999999999999207,0.16666671466647812,0.1666666804126713,0.1666667500273216,0.16666659135918313,0.16666651058736345,0.1666667529469824
1527,4844a3e4dd7cb4c9c61cc36a6e581398361f5fa1f2dc14268089103e64dc23b4,Healthy-Leaf(1399),5,0.9999999999999261,0.1666667130330578,0.16666667994593343,0.16666674718225358,0.16666659392802252,0.16666651590890608,0.16666675000182657
1528,a9e2481309e253df8997f83199cb34f9027675645f8be3c996c37819ffcdb15c,Healthy-Leaf(1399),5,0.9999999999999328,0.16666671078277506,0.16666667931749457,0.1666667432474552,0.16666659748492868,0.16666652325567075,0.16666674591167557
1529,5c7264dbf382b39339f1a9a30703f5bbd016dade8a6d2c44306f72d6ef95e47b,Healthy-Leaf(1399),5,0.9999999999996958,0.16666676103331993,0.16666669368871523,0.16666683055701204,0.1666665186090604,0.166666359812466,0.1666668362994265
1530,16621c0a3de19401c850b4cfd06061d4b735b78259897dd1f6cf6cb673b6cae6,Healthy-Leaf(1399),5,0.9999999999997965,0.16666674380204607,0.16666668876378746,0.1666668006102379,0.1666665456629761,0.1666664158671501,0.16666680529380234
1531,a677086f167bb155ca100d530b7c00c898ab7244bea409ff83721ace4cd0dc0e,Healthy-Leaf(1399),5,0.9999999999997747,0.16666674780683355,0.16666668990386152,0.1666668075831217,0.16666653936422923,0.16666640282434245,0.1666668125176116
1532,0fbc76318da8fdc5db4deb75c76ab53aff03608c55dab9f390599705c775aab7,Healthy-Leaf(1399),5,0.9999999999997699,0.16666674869734113,0.16666669014938815,0.16666680914101398,0.1666665379544696,0.16666639991676965,0.16666681414101753
1533,bd3a01564a88ab5da229edf9adc185a5ab53a2b248537b01f785fb17dee31baf,Healthy-Leaf(1399),5,0.9999999999998661,0.16666672918407027,0.16666668456000014,0.16666677525726867,0.16666656856528758,0.16666646336169322,0.16666677907168018
1534,95857c0561561d3384d94665da7f1a04d6d414506a32c71caf09304fdfdae0d2,Healthy-Leaf(1399),5,0.9999999999998777,0.166666726378409,0.16666668375241017,0.1666667703958355,0.16666657295745882,0.1666664724718762,0.1666667740440103
1535,6a7965a4f7cf22f89c0d859c934785ce8240884b020a728b44d7eaf1f07bab27,Healthy-Leaf(1399),5,0.9999999999998019,0.1666667427340777,0.166666688462986,0.16666679875221208,0.16666654734338648,0.1666664193427672,0.16666680336457057
1536,f0e9179e511616f24c6c26f88035a1904f7670cecf7f4b68837358310fdc640d,Healthy-Leaf(1399),5,0.9999999999996558,0.16666676703241898,0.16666669540717957,0.1666668409720275,0.16666650919961917,0.16666634030976069,0.1666668470789942
1537,e17904391631061b33cbf026a75e89c014253416d91d55951b4aa194a0cc2a9d,Healthy-Leaf(1399),5,0.9999999999999057,0.16666671903669103,0.1666666816606708,0.16666675762167726,0.1666665844977119,0.16666649637195077,0.16666676081129814
1538,2c3e73890397fdbfd4c93d61900fb41d3a6ff0f2b19daf5bdbd97fa6e3d8be09,Healthy-Leaf(1399),5,0.9999999999997531,0.16666675160751085,0.16666669098222592,0.16666681420044918,0.16666653338475268,0.16666639044727063,0.1666668193777907
1539,a7626348e86cad424227013b2e7caef03c782e0893bf10a9f5f41564eee9e6eb,Healthy-Leaf(1399),4,0.9999999999999764,0.16666664070355294,0.16666665924399857,0.166666621554597,0.16666670742211284,0.1666667511147932,0.1666666199609455
1540,a165aeef578ae331afbeca15f53a94835a940c4e5dc5050d0a44c78762052fd7,Healthy-Leaf(1399),4,0.9999999999999477,0.16666662783062117,0.16666665558557917,0.16666659914486126,0.16666672766934712,0.1666667930333865,0.1666665967362048
1541,d99ea67cf326589fa0928d9d48a845d350e0cf7dce3ce8658d3b71826141e2b8,Healthy-Leaf(1399),4,0.9999999999999766,0.16666664086862315,0.16666665930154917,0.16666662182269495,0.16666670718101928,0.16666675059881828,0.16666662022729517
1542,2684222b78f7b3fa9a34da60a321127803b327966d272ed730d207f842f9be81,Healthy-Leaf(1399),4,0.9999999999999791,0.1666666424176576,0.16666665973726125,0.16666662452376785,0.1666667047392646,0.16666674555009336,0.16666662303195537
1543,122e1507837844b4c6bb93d75ce5eec71a58e998038d22aca31080cdbe295639,Healthy-Leaf(1399),4,0.9999999999999929,0.16666665301518174,0.16666666280047807,0.1666666428797417,0.16666668816028052,0.16666671114450043,0.1666666419998176
1544,b331114a1251f475212eb6c10e5d4d96c0f8a6b1facc5b267da85beb94fa4589,Healthy-Leaf(1399),4,0.999999999999975,0.1666666401073018,0.16666665907973507,0.16666662050708422,0.16666670836904918,0.16666675306709944,0.16666661886973014
1545,d8c5365ef8619f43ff640d3074b98ad168d31a8ed229e37af7a02dafc67083d0,Healthy-Leaf(1399),5,0.9999999999999883,0.1666666846354393,0.16666667182391587,0.16666669785423951,0.1666666384937472,0.16666660825865587,0.1666666989340022
1546,0cfe3218f9a9c024bcfd3948de85ee8b73f209a814b310f775eb296e44cc164c,Healthy-Leaf(1399),4,0.9999999999999512,0.16666662917176286,0.16666665595709534,0.16666660150039214,0.16666672554085044,0.16666678864248716,0.1666665991874121
1547,5a9c3c544b6121b04abaa256b89cc3720485c01efc0c466e3c74cc44332b8824,Healthy-Leaf(1399),4,0.9999999999999937,0.1666666539527331,0.1666666630552904,0.16666664453542615,0.1666666866636697,0.16666670806489167,0.1666666437279889
1548,97bd934d49c771c281d0439f0eddc11128e4f1b9603c8691db5ff8884a4856ea,Healthy-Leaf(1399),4,0.999999999999953,0.16666662981725694,0.16666665614098106,0.16666660262405317,0.16666672452584672,0.16666678654049027,0.16666660035137182
1549,7304f03f28f2bba5724655a63aad5a9ba60f7a5e0fd2474429d6924719604955,Healthy-Leaf(1399),5,0.9999999999999968,0.166666675118864,0.16666666910550934,0.16666668131345844,0.16666665343711778,0.1666666392185365,0.16666668180651387
1550,b7e52ad156eeae9ec49170b7f3fc3589b79e5209d575923e329b2e463c9ffeba,Healthy-Leaf(1399),5,0.9999999999999628,0.16666669933323897,0.1666666760183195,0.16666672340454078,0.1666666154097553,0.16666656043888203,0.16666672539526334
1551,e93f1de324c95bc51524cc96e4af0394e0fc8c64fa950ef8c34b116988c12c42,Healthy-Leaf(1399),4,0.9999999999999897,0.1666666499366429,0.1666666619042618,0.16666663756158318,0.16666669296351905,0.16666672112299616,0.16666663651099703
1552,f676004b36a4f94ac646b304b66f5ac5701ad4a46b39dddffbf9d1425d86e08a,Healthy-Leaf(1399),4,0.9999999999999832,0.1666666449872447,0.16666666048435597,0.16666662897253956,0.16666670072297377,0.16666673720929043,0.16666662762359552
1553,8ef0b127d1fe1275214c0c45bd8c5c2e06b4249b703af9b078ddc4f6a4d60be3,Healthy-Leaf(1399),4,0.9999999999999254,0.166666620180036,0.16666665338765135,0.1666665858718379,0.16666673965958603,0.16666681789515428,0.16666658300573442
1554,1349f743f9208f1a22ab150e338dbe7d0b8df1894ece65253f5f4e9132e05618,Healthy-Leaf(1399),4,0.99999999999997,0.1666666373378651,0.16666665829033225,0.16666661569087574,0.16666671272041958,0.1666667620796856,0.16666661388082174
1555,79766595cac76a4c483c4007e48c5dfec223b68423c70b8a193a54767b714030,Healthy-Leaf(1399),4,0.9999999999999534,0.1666666299516299,0.16666665618268078,0.16666660285111873,0.16666672432095503,0.16666678611066602,0.1666666005829496
1556,b6e977527495358820dd6c5db9a5053af529c7ac210a62a35ba88452c10110c8,Healthy-Leaf(1399),4,0.9999999999999247,0.1666666199499112,0.16666665331627062,0.1666665854853236,0.16666674000890644,0.1666668186283403,0.16666658261124792
1557,9deb26c8138139d20619389e7b8a0b27847f2d45366ed273a7c14e51fc297448,Healthy-Leaf(1399),5,0.9999999999999982,0.16666667203084437,0.1666666682277492,0.1666666759394855,0.16666665829284008,0.16666664927198324,0.16666667623709758
1558,09d22f03ed15bd95bee7ce817f58bc7339592e1a825cb65a754b930fb52a6184,Healthy-Leaf(1399),4,0.9999999999999725,0.1666666386685694,0.16666665868717537,0.16666661797516086,0.16666671065893857,0.16666675778231532,0.16666661622784057
1559,fe5834dfe7df714a0503b0ab7c4de8db953aad7f4e27b82dde6558d9d02f81be,Healthy-Leaf(1399),4,0.9999999999999912,0.16666665124260993,0.1666666622878306,0.1666666398094064,0.1666666909332136,0.16666671689944518,0.1666666388274944
1560,4284d26e618d08482b84175ee16ba5067e0232d128afd9d7bd072d7853ca1564,Healthy-Leaf(1399),4,0.999999999999957,0.16666663147082073,0.1666666566098615,0.16666660550231135,0.1666667219247109,0.16666678115657635,0.16666660333571914
1561,89416f4974e14e68383b18a6b1441d2068bd97ecaff9013730cd07d46527fd43,Healthy-Leaf(1399),5,0.9999999999999224,0.16666671416373385,0.16666668026862355,0.16666674915500237,0.16666659214737445,0.1666665122211785,0.1666667520440873
1562,527c622920f6f9effc424d8c7efe8199776dfff86356803d1cb59c1b203a7b69,Healthy-Leaf(1399),5,0.9999999999999979,0.1666666731445912,0.1666666685324234,0.16666667789747644,0.16666665652197166,0.16666664562415556,0.16666667827938172
1563,c2dcc4adcbeda19baec1c836c2b15f992a0672f7f17f6698c899405120322bc7,Healthy-Leaf(1399),4,0.9999999999999336,0.16666662276089694,0.1666666541261762,0.16666659035757342,0.16666673560773385,0.16666680949869464,0.16666658764892486
1564,cac3f80a19e3e53c4da2a1496412d23ddd02b1577bd2884a07947bd3439cc962,Healthy-Leaf(1399),4,0.9999999999999597,0.166666632640142,0.16666665695118651,0.16666660752062856,0.16666672010190367,0.16666677736830598,0.1666666054178333
1565,a54f98377aedb683836d193b773defdb05ce3914b280aeda12f21bfb07607b9a,Healthy-Leaf(1399),4,0.9999999999999669,0.1666666359152908,0.1666666578762245,0.1666666132336834,0.16666671493978225,0.16666676669031721,0.1666666113447017
1566,aa8f6cba607abdb29d8285b8df91e223f4896dd3174102513db62cf05be6dc1b,Healthy-Leaf(1399),4,0.9999999999999574,0.16666663161073506,0.16666665666137576,0.16666660572211853,0.16666672172680588,0.16666678072786822,0.1666666035510966
1567,457860ae7a45439e487b388a66cf62b0584cfadc8875a3768d741d5137299f35,Healthy-Leaf(1399),4,0.9999999999999969,0.1666666584321736,0.1666666643281681,0.16666665233192884,0.16666667961909346,0.1666666934802092,0.16666665180842666
1568,9997e8acf60bd0385538bf16c713e62cdea020bdca0e42115940dddb8139ebd0,Healthy-Leaf(1399),4,0.9999999999999455,0.16666662690420775,0.1666666553059595,0.16666659756417054,0.16666672909630076,0.16666679601398413,0.16666659511537735
1569,ceaeb9671f138dd042d7e0ba50f501ec6011540b03faf36c719be23190541266,Healthy-Leaf(1399),4,0.9999999999999651,0.16666663511897492,0.16666665765644736,0.16666661183253517,0.16666671620574772,0.16666676930036076,0.16666660988593401
1570,d2622473304d87ecd3ad43d8781cdb26aa1eea5c2fc2dea5ecabdee2044a60a1,Healthy-Leaf(1399),4,0.9999999999999934,0.16666665346961157,0.16666666290672294,0.16666664371422843,0.16666668740427928,0.1666667096160096,0.16666664288914826
1571,fde88282c863a97decbbc341c76d68a0245a68cee49a13a0463f86b3ca1e5ab4,Healthy-Leaf(1399),4,0.9999999999999968,0.1666666580355569,0.16666666422572052,0.1666666516198902,0.1666666802628436,0.16666669479625507,0.16666665105973374
1572,c82dc85af2b3c71e0c25eecef9e33556a9f973b325c62b453898be51b06ceca2,Healthy-Leaf(1399),5,0.9999999999999761,0.1666666927497057,0.16666667414839842,0.1666667119471856,0.16666662576290742,0.16666658187237196,0.16666671351943094
1573,409790d9be9aac778e05266cea90ef2237823a97dee0fe010ffdccdca13811b0,Healthy-Leaf(1399),4,0.999999999999972,0.16666663842714416,0.16666665861433483,0.16666661756011752,0.16666671103291264,0.1666667585629386,0.16666661580255218
1574,4da3c4952222c156b50c04f4368b95b9d191c115521e83adf16d9e9952475682,Healthy-Leaf(1399),4,0.9999999999999448,0.16666662671720725,0.16666665524801605,0.1666665972470545,0.16666672938223767,0.1666667966135432,0.1666665947919413
1575,d2e3491776b2bd8a34115308c03801bdcb551eaca06baa0bae1734f34c7d00fa,Healthy-Leaf(1399),4,0.9999999999999796,0.16666664271194667,0.16666665982659015,0.1666666250277252,0.16666670428498376,0.16666674460096081,0.1666666235477935
1576,cd8977c53d78b16818cb4a31e4738e149a2cab281958edc2ee1de782d4f04c86,Healthy-Leaf(1399),5,0.9999999999999992,0.16666666831190913,0.16666666715970146,0.16666666947995962,0.16666666412652567,0.1666666613665792,0.16666666955532497
1577,eddaf2d7536756a13d0429256fc27dc24110032862cb32c5b5f9cfaa73da4a5c,Healthy-Leaf(1399),4,0.9999999999999898,0.16666665017615714,0.1666666619818,0.1666666379578254,0.16666669260571124,0.16666672036669386,0.16666663691181222
1578,cce8bd05fcbdbe96abb598845fd5410ffca08e10209442aacdde208e5f29082d,Healthy-Leaf(1399),5,0.9999999999999976,0.1666666738595332,0.16666666877523784,0.16666667907097266,0.1666666554661523,0.1666666433754724,0.16666667945263153
1579,9f2674aa3e885c7201bde8715124cc2a41b517268a1852d98d60913a531ba0bb,Healthy-Leaf(1399),5,0.9999999999999937,0.1666666795967025,0.1666666703989767,0.16666668906938298,0.16666664643155227,0.16666662468129145,0.16666668982209407
1580,8eab91cee32bca578e5671f1fdf54062d62c2b12de1f4bc136af9ba7641744d0,Healthy-Leaf(1399),4,0.9999999999999342,0.1666666229776913,0.16666665418365872,0.16666659073943269,0.16666673526157702,0.16666680878816564,0.1666665880494747
1581,5a36eb5187a44c0b29b44e74227f80058ba9dd5900176c4c00ab0bbb1cfad181,Healthy-Leaf(1399),4,0.9999999999999847,0.16666664602291514,0.16666666079827253,0.16666663073555638,0.1666666991311833,0.16666673388199557,0.16666662943007712
1582,d7980bb9c87e2b26067a1eda646aaa6ce82e9ed5d82443f74f7622cfdc6b54a3,Healthy-Leaf(1399),5,0.9999999999999991,0.16666666817604592,0.1666666671403082,0.1666666692104365,0.16666666437253674,0.16666666184566478,0.16666666925500795
1583,c5b0bc92456c0c9f7c8a3d6ee2bdf28a4ff2d868d062b86f46462d1feebdc03c,Healthy-Leaf(1399),4,0.9999999999999934,0.16666665342833334,0.16666666288025123,0.16666664367000938,0.1666666874428679,0.1666667097193844,0.1666666428591539
1584,68bcba5047bc57e94a6c7a5b5a7d04a5ad9c2921bc5cdb209cddca65daa1940e,Healthy-Leaf(1399),4,0.9999999999999634,0.16666663419316663,0.16666665739502387,0.16666661022266788,0.16666671766155147,0.16666677231250002,0.16666660821509013
1585,74c66e41fe6bd129edff9605ea11b8e4b22887fc90cf659239106aefcebbebfe,Healthy-Leaf(1399),5,0.9999999999999857,0.16666668670992874,0.16666667244287145,0.16666670141262596,0.16666663528197184,0.1666666015626333,0.16666670258996868
1586,beaaec046e31b010e944920da5af818fa1f34e9fe579846b0e51360ad9d49d17,Healthy-Leaf(1399),4,0.9999999999999992,0.16666666468256217,0.1666666661238362,0.1666666631781239,0.1666666698216831,0.16666667316564976,0.16666666302814484
1587,43cbcf3898a5c03b1ec204f0ce65d7756b069b755fe1d6c779ce1d930d7207bc,Healthy-Leaf(1399),4,0.9999999999999775,0.16666664130410652,0.16666665943025674,0.16666662257347317,0.1666667065035973,0.16666674918872806,0.16666662099983828
1588,a7932ac1d856e7ba64d67eb4fbfdb3796ffb0cb96f38e001a2d5a71903330ba0,Healthy-Leaf(1399),5,0.9999999999999983,0.16666667201427085,0.1666666682407774,0.16666667587172326,0.1666666583544172,0.16666664937036055,0.16666667614845082
1589,4284ebd874f260d4cdefd05d20e92e63dd8fd674bf219dd4a9c33f86b3e3f1b3,Healthy-Leaf(1399),5,0.999999999999913,0.1666667169832549,0.1666666811066068,0.16666675398994366,0.1666665877813468,0.16666650312284415,0.1666667570160037
1590,25abd2cfb8fd585fda959f705c4a58544768338a6f15f19da8cfdc401413dfc0,Healthy-Leaf(1399),5,0.9999999999999175,0.1666667156905373,0.16666668073417262,0.1666667517488994,0.16666658980564344,0.1666665073218674,0.16666675469887984
1591,93a710095f189bdc21e51cb6afba84bfffa03660feb78bbcfe0ac4e0b99a5d8b,Healthy-Leaf(1399),4,0.9999999999999885,0.16666664892482458,0.16666666160923366,0.16666663581483937,0.16666669454115113,0.16666672440132113,0.16666663470863025
1592,8d523b00a6f07e9edf724dafbadd87b12e3ab67472baf990bfda020560bad293,Healthy-Leaf(1399),4,0.9999999999999988,0.16666666250482465,0.1666666655021973,0.1666666593883753,0.16666667324460965,0.16666668025606046,0.16666665910393258
1593,b2ee05c4c5ea5890bcdfcdaf0920fbb48064103e8a3e213d4893901c36024a30,Healthy-Leaf(1399),5,0.9999999999999314,0.16666671133180022,0.16666667949758127,0.16666674416108893,0.16666659666238154,0.16666652151479977,0.16666674683234836
1594,823bccc4a7d10757cb738ef5f5451269726e799e6f5d6cc89de5dda85860c4e1,Healthy-Leaf(1399),4,0.9999999999999772,0.16666664121102287,0.16666665937398106,0.16666662246317407,0.1666667065995135,0.16666674943428522,0.16666662091802323
1595,70b73ff0b61cf7de0f5885a01c9f6cd01f7680982f87ffdbc558697bcb1efe71,Healthy-Leaf(1399),4,0.999999999999981,0.16666664360853944,0.16666666009946254,0.16666662655625003,0.16666670290601282,0.16666674171738002,0.16666662511235517
1596,29bd0e53767ffafa8c0d76533236683d61451d7f591fcac9d917950089826b61,Healthy-Leaf(1399),5,0.9999999999999168,0.16666671589156326,0.1666666807858529,0.16666675211150672,0.16666658947806884,0.16666650665278024,0.16666675508022805
1597,bd18231b687535ee633bab0ec822040336af7740e101a424124873ccb9cd6072,Healthy-Leaf(1399),4,0.9999999999999967,0.16666665840168815,0.16666666434067254,0.1666666522402328,0.16666667970414947,0.16666669362273404,0.1666666516905228
1598,cbc230d5331dfb4a591ed33e91223e720688e72d31694326a6b2b87968a4d208,Healthy-Leaf(1399),5,0.9999999999999898,0.16666668330019266,0.1666666714694584,0.16666669548271526,0.16666664063871853,0.16666661265954885,0.16666669644936635
1599,b5f15e919aede28ac0f09e991e43c87db285a85b516e09270f06fe4394fcb33e,Healthy-Leaf(1399),4,0.9999999999999801,0.1666666430184766,0.16666665992290894,0.16666662554370984,0.16666670381957302,0.1666667436226081,0.16666662407272348
1600,4a9a563f8df272f06b7707a073c6c2df3d8c89d9d885afd90b1b4d13273b2cf4,Healthy-Leaf(1399),5,0.9999999999999721,0.16666669493867714,0.16666667479390113,0.16666671570545233,0.1666666223675182,0.16666657480423352,0.16666671739021774
1601,a4f08cd24641df040f75a7dc5515b7c0a3360246f9940fc8441d15ea4a52c839,Healthy-Leaf(1399),4,0.9999999999999983,0.16666666151912563,0.16666666522992454,0.16666665766443994,0.166666674804473,0.16666668347394142,0.16666665730809557
1602,7a2afd9583e93e84630ae8209ef0053c7e9ec6b55fad02ae05a19e44442c18ad,Healthy-Leaf(1399),4,0.999999999999998,0.16666666070836128,0.16666666501029534,0.1666666562270086,0.16666667610287422,0.1666666861439854,0.16666665580747514
1603,c7be10b59cc23c0950bdd9bfffad28b26aba6abb347e091539a10464c38dab15,Healthy-Leaf(1399),5,0.9999999999999968,0.16666667492613543,0.16666666905409788,0.1666666809733326,0.16666665374512454,0.1666666398511043,0.1666666814502051
1604,2477458991171182830cb44e60a6c4dfd6f88c8a6394d15c72e76fc7de81ffcf,Healthy-Leaf(1399),5,0.999999999999994,0.16666667903046264,0.16666667024882384,0.16666668806159846,0.16666664734266276,0.16666662655016456,0.16666668876628773
1605,e98837244dc2ea21a677ff27dbb3f8f7ad1ccb40fbb943d6b0fff82fcffbad28,Healthy-Leaf(1399),5,0.9999999999998838,0.1666667248997542,0.1666666833391582,0.1666667678053711,0.16666657529783996,0.166666477305681,0.16666677135219557
1606,ef93f66d1c1bd965acfe2d6c452ca68ec2f0153cee4e8a7e02c3c64d6f41bb7e,Healthy-Leaf(1399),5,0.9999999999999659,0.16666669787756597,0.1666666755915349,0.16666672089346393,0.16666661767694274,0.1666665651534033,0.16666672280708913
1607,275002c06be8c8ea7c1356aef3c91c6f8bdbb85dfe12c4e33fc4841ecb3ebed6,Healthy-Leaf(1399),5,0.9999999999999979,0.16666667292464019,0.1666666684967962,0.1666666774669845,0.16666665691407423,0.16666664639348724,0.1666666778040175
1608,b9049361a62be24fded417440010072ee0bc1b4ae9d5a7b1610aa626268e6562,Healthy-Leaf(1399),5,0.9999999999999278,0.1666667124902522,0.16666667980565486,0.1666667462140639,0.16666659480476728,0.16666651770217797,0.1666667489830838
1609,8ec66675d0321c111f514563eee75e76a8cef828b5bea12028d4d77c0592e84d,Healthy-Leaf(1399),5,0.999999999999793,0.16666674446228025,0.16666668897678633,0.16666680171357984,0.16666654466881073,0.1666664137686858,0.16666680640985712
1610,24313d550ca8706f57da3458c53baba729321690d58efed8773a1dfea7c2f2fc,Healthy-Leaf(1399),5,0.9999999999998701,0.1666667282403318,0.1666666843218805,0.16666677355599316,0.166666570104723,0.16666646650065764,0.166666777276414
1611,bbdad77b37d37c3bd1a4db7e00b97eee191fb882e899213681bb6f292daaa689,Healthy-Leaf(1399),4,0.9999999999999929,0.1666666532773822,0.16666666287993775,0.16666664332507825,0.1666666877579532,0.16666671030341446,0.16666664245623414
1612,33f3c32d120ffcc388fe01c4197ce303864d5085a00ba193697353d198d0b1e8,Healthy-Leaf(1399),4,0.9999999999999698,0.16666663737740017,0.16666665830698424,0.16666661575088698,0.1666667126670171,0.1666667619606725,0.16666661393703883
1613,f43c45c6a0f7116efda724facc4a9b3f8ff45bcc3f0e22853baa7312053ad866,Healthy-Leaf(1399),5,0.9999999999999887,0.16666668432214476,0.16666667175145616,0.16666669727289768,0.16666663901941545,0.16666660931984928,0.1666666983142366
1614,df7d9cd4c3278ae8182aa90f95771f907e152e899cb6d7cfbc13a2a1e6b8600d,Healthy-Leaf(1399),5,0.999999999999967,0.16666669737973308,0.1666666754910241,0.16666671994767993,0.166666618534754,0.16666656686362671,0.16666672178318212
1615,e6d787aa3bb141d99075c57708ccdd84b7e9e1a291285e1f4e118558e30764a3,Healthy-Leaf(1399),4,0.9999999999999939,0.16666665409297662,0.1666666630946797,0.16666664477111082,0.1666666864485411,0.16666670761887836,0.1666666439738135
1616,04ad7378fd69514d2ea4037ae1465977c8ed15d6f7712d47d2a942c8bc6c6935,Healthy-Leaf(1399),4,0.9999999999999624,0.1666666338244046,0.16666665729830277,0.16666660956111196,0.1666667182590095,0.16666677353583367,0.1666666075213374
1617,f27a593b7c8b4a1e0a2d2be292d8642806c5e12a58aa0b96521b5022a5479937,Healthy-Leaf(1399),5,0.9999999999998161,0.16666673998351308,0.16666668767609782,0.1666667939738474,0.16666655166020933,0.16666642828834738,0.16666679841798504
1618,833b6b211a346182bc3860659900c789ca5ade84c34cd9de50220072acc85fdc,Healthy-Leaf(1399),5,0.9999999999999499,0.16666670466026415,0.16666667757512418,0.1666667325997784,0.16666660710634154,0.1666665431798545,0.16666673487863726
1619,ed23c7269bf64489b535c89cdd9bcdac8ffcfee59fcc31d797784ce9a0198b82,Healthy-Leaf(1399),4,0.9999999999999943,0.16666665471514344,0.16666666326271257,0.16666664587950197,0.16666668544832344,0.16666670556339327,0.1666666451309253
1620,e044ccd19e91a9e107fe734e09d07801b21223aa1f07fd3bba87ce24f93f14f7,Healthy-Leaf(1399),4,0.999999999999982,0.16666664423393743,0.1666666602749024,0.16666662764604356,0.16666670192043698,0.1666667396800355,0.16666662624464404
1621,0d136844edf45bfaec186191539f2192e75e035795a67177f1aeef147b2ebd5d,Healthy-Leaf(1399),4,0.9999999999999759,0.16666664050418112,0.1666666592090399,0.16666662116562886,0.16666670777528758,0.1666667518111714,0.16666661953469117
1622,c0ece39350a44942f06188301d27ca292def69211d2ad630fa3ee8661a40c786,Healthy-Leaf(1399),4,0.999999999999994,0.16666665427154898,0.16666666314773615,0.1666666450843903,0.16666668616726457,0.16666670703383962,0.1666666442952205
1623,bf6d541b0d1291128c3915c1ad6689af92b95cb4f40cf0771cef7f6c41019b72,Healthy-Leaf(1399),4,0.9999999999999898,0.16666665007530687,0.16666666193134522,0.16666663782490332,0.1666666927241765,0.16666672064706198,0.16666663679720614
1624,7f57443ab0d9ba80ffd5bc535cf5f18327046bf4e32ed4c268d393401b406f1c,Healthy-Leaf(1399),5,0.9999999999999706,0.16666669568628462,0.16666667500860421,0.16666671700904565,0.16666662119138664,0.16666657236656038,0.16666671873811847
1625,a8f25b87d55ce18aede36603871b6db9cb05ae1cbb73768b1da83d2e59b7ac5c,Healthy-Leaf(1399),4,0.9999999999999604,0.16666663292366743,0.1666666570390067,0.1666666079992671,0.16666671966981528,0.16666677646202738,0.16666660590621615
1626,88f6469edeb20227c887fc445699553d44e94ab041e9aa79edeec5eec2623e1f,Healthy-Leaf(1399),4,0.9999999999999967,0.16666665795639313,0.16666666419574586,0.16666665149953586,0.16666668037167284,0.16666669503404496,0.16666665094260733
1627,556d9d4ce58f8bf0c4cf5d003a26de7435739d52153801d021e49b76a1786283,Healthy-Leaf(1399),4,0.9999999999999981,0.16666666091157167,0.1666666650476761,0.16666665662313448,0.16666667574402033,0.16666668543422164,0.16666665623937574
1628,6b076c038abf2a1630cf71ea575156d18d5ae6eb3d92c2a5116cdd1a1ffee0c0,Healthy-Leaf(1399),5,0.9999999999999964,0.16666667576333322,0.1666666692550649,0.16666668249969704,0.1666666523625107,0.16666663704759335,0.1666666830718008
1629,afde4c08233a8d7bd7ba6a05c90292817add9c7868bbe1d72b81bba8b6bae9d5,Healthy-Leaf(1399),4,0.9999999999999976,0.166666659438452,0.1666666646146069,0.16666665408441306,0.16666667803611637,0.16666669020247446,0.16666665362393718
1630,5dcadcb37662fa2d1112e8f3992eeb5c91213d7a987645ff66722fbdc650526e,Healthy-Leaf(1399),4,0.9999999999999745,0.16666663977193852,0.16666665900375296,0.16666661988888085,0.1666667089298474,0.16666675419745777,0.16666661820812245
1631,b3d354b258cc82bbe353b801850fa38228f2bcb582203e33fd67db88902a66b0,Healthy-Leaf(1399),4,0.9999999999999833,0.16666664503439407,0.16666666049704285,0.1666666290503448,0.16666670065131461,0.1666667370612613,0.1666666277056424
1632,1f5963bd48239b7073e0edb6767070b2e747b27feed7dc1582af5fbc63645616,Healthy-Leaf(1399),4,0.9999999999999988,0.166666663037883,0.16666666565950689,0.1666666603010774,0.16666667241950803,0.16666667853796308,0.16666666004406175
1633,b9a628e787eabba99ab1d69c450d50001ec1edeae68f327bd84a4c982dbb6945,Healthy-Leaf(1399),4,0.9999999999999765,0.1666666407965061,0.1666666592812489,0.16666662169261467,0.16666670729761374,0.1666667508392418,0.16666662009277475
1634,c0e929925274ea84658730873e293d056951d74a8d426fd27d1e006d265bbb6e,Healthy-Leaf(1399),4,0.9999999999999898,0.1666666500196118,0.16666666193386792,0.1666666376879685,0.16666669284833066,0.16666672087396006,0.16666663663626105
1635,a721ca31d18ddeaa0b9a6e1b86001056507b400faa3986905d55c99f45d4b409,Healthy-Leaf(1399),2,0.9999999999999992,0.16666666679280734,0.16666666673658861,0.16666666681782993,0.16666666653223394,0.1666666663332454,0.1666666667872948
1636,4c7300ec31d58a4007e7cc6b218beea881029b42f278e9403af25c12bf49bd62,Healthy-Leaf(1399),4,0.9999999999999715,0.16666663821346753,0.1666666585488445,0.1666666171969403,0.16666671136057698,0.16666675924887187,0.16666661543129876
1637,10fddea2f9be969dd0e3b9e65c173bf88d444b0ecbee1ed339db2976a74ad377,Healthy-Leaf(1399),4,0.9999999999999897,0.16666664999091269,0.16666666193565405,0.1666666376240557,0.16666669290810415,0.16666672098245297,0.16666663655882047
1638,9fb5dbf22b4890f5ac50e7c24a7e0ac7dff9617c14fd898add940ad129c7ef8e,Healthy-Leaf(1399),5,0.999999999999999,0.16666667036403446,0.1666666677731257,0.16666667299923724,0.16666666095050164,0.16666665474334896,0.1666666731697521
1639,9926a72c6097b3f56576f32fec512e095c9d862e537609f1bf863294c6fa6cc0,Healthy-Leaf(1399),5,0.99999999999986,0.16666673058248926,0.16666668496531237,0.16666677767211366,0.1666665663830825,0.16666645883059572,0.16666678156640655
1640,1ae80e95ff919970e263606d36e30cbbbf4b5da9ded5062ae0e0d455dd0e0322,Healthy-Leaf(1399),4,0.9999999999999992,0.16666666533148441,0.16666666631586255,0.166666664290354,0.1666666688167538,0.1666666710725462,0.16666666417299908
1641,1f04fffd93142da22049a00cbbeacbf53d9b500ff9ee1523c4ede5b209c3050e,Healthy-Leaf(1399),5,0.9999999999999591,0.1666667010378146,0.16666667654538997,0.16666672629546903,0.16666661280256692,0.16666655497360897,0.16666672834515042
1642,28ec3be91424e4bd0e5459d04ca5d5bd0e24f26392d2331e3a6bbee252e053ad,Healthy-Leaf(1399),5,0.9999999999999521,0.16666670387755825,0.16666667735772514,0.16666673122618703,0.16666660834747507,0.16666654574121903,0.16666673344983546
1643,1c5a4a748717abd20b389ee94b179b221b092dde4b1726254d65676676764381,Healthy-Leaf(1399),5,0.9999999999999925,0.16666668106217364,0.16666667082527625,0.16666669160459896,0.16666664414245347,0.16666661992683546,0.16666669243866228
1644,598d5b995e288cd385508366291a6b4df3cbbdfe3d2a1762f776af00d0a34b0a,Healthy-Leaf(1399),5,0.9999999999999902,0.16666668302688178,0.16666667138123178,0.16666669502540368,0.16666664105060536,0.16666661352898318,0.1666666959868943
1645,5619584205fa98910e811f90d30dc954665c7ef0795b7611ca4d7190d8516f01,Healthy-Leaf(1399),5,0.9999999999999992,0.1666666677233505,0.16666666700190227,0.16666666844708292,0.16666666506280742,0.16666666329121038,0.16666666847364656
1646,0e8dbcd41986fa6bf0e9695f4694e205cf46a881935d300ba07923c2da3bf56e,Healthy-Leaf(1399),4,0.999999999999967,0.16666663592629494,0.16666665789868298,0.166666613215678,0.16666671495764548,0.16666676669629307,0.16666661130540555
1647,96ac766dda18328ef239ed01b483ad94b1d443acca2e6f674a82766dd481d4ec,Healthy-Leaf(1399),4,0.9999999999999921,0.16666665236688724,0.16666666260179375,0.16666664177442717,0.1666666891566959,0.16666671322997098,0.16666664087022479
1648,d5f12e11fe05c79e7e92c620044a3851c546f4612221e10f3126d479627c1615,Healthy-Leaf(1399),5,0.999999999999996,0.166666676621004,0.1666666695561675,0.166666683879978,0.1666666511195851,0.16666663438196563,0.1666666844412997
1649,15e88749961af803aa141f15bca213468f26830c9adc9bfc0f2a94428f9c3285,Healthy-Leaf(1399),4,0.9999999999999928,0.16666665287769206,0.1666666627363172,0.16666664269000886,0.1666666883299505,0.16666671153623927,0.1666666418297922
1650,c14ae350a87588543f73a812e945417da45448a85c1cbc694127d97146624258,Healthy-Leaf(1399),5,0.9999999999998977,0.16666672121461815,0.16666668228815829,0.1666667613947661,0.16666658108894955,0.1666664893008223,0.16666676471268557
1651,9c98b8ab85b83ff61d505c5a5cdf5bc92f9d18a532e6a9d8b865fbd68564415c,Healthy-Leaf(1399),5,0.9999999999999596,0.16666670075800505,0.16666667645688427,0.16666672582421127,0.16666661322727336,0.16666655586712445,0.16666672786650166
1652,f5c274c969d405f131a3b3ce24f15a9612aa976e7870c97daf60e8cc53aa1dab,Healthy-Leaf(1399),4,0.9999999999999817,0.16666664397695208,0.16666666020029744,0.166666627208097,0.166666702317456,0.1666667405055031,0.1666666257916943
1653,ac828175420e149564ade8be6eccb62d16143c9941c94db9a6cc61227838a874,Healthy-Leaf(1399),4,0.9999999999999641,0.16666663456546277,0.1666666574978203,0.1666666108688535,0.16666671707571307,0.1666667711032333,0.16666660888891707
1654,9d9c08137aa268019570213bb18a7f0dba7d5c5ea83c5b8477dd3654a004b6f0,Healthy-Leaf(1399),4,0.9999999999999671,0.16666663593934658,0.16666665789333168,0.16666661325385249,0.16666671492195853,0.16666676663665494,0.16666661135485578
1655,ea2b57932a118fb990a807030121c8fbdcd5ec567df43fdfe838a0a573f3126e,Healthy-Leaf(1399),4,0.9999999999999765,0.1666666408485189,0.16666665929938693,0.16666662178176836,0.16666670721849647,0.16666675067084677,0.16666662018098244
1656,73ae1b1d482d53af5e675f5297d8e5f54712d348cbe636bf396cfdc953b7c098,Healthy-Leaf(1399),5,0.9999999999999851,0.16666668709223115,0.16666667256294762,0.16666670205338402,0.16666663470333276,0.16666660034595873,0.16666670324214575
1657,ef5a647a70b036b0469a59f0b35b3f3cc990bf88be538564fbbe205abbff02d5,Healthy-Leaf(1399),4,0.9999999999999883,0.16666664883849155,0.16666666159359966,0.16666663564618248,0.16666669469397774,0.16666672470324737,0.16666663452450114
1658,371c1112714d71cc0dd0960a9e5384455cc22dbed8a2dfd256a4cc13e633764f,Healthy-Leaf(1399),5,0.999999999999899,0.166666720911643,0.1666666822323597,0.16666676081256449,0.16666658161828665,0.16666649034852357,0.16666676407662265
1659,b510c1b10a2c09896fef07d4302e97fc635959ec23c17b95c44407cf3e4a9421,Healthy-Leaf(1399),4,0.9999999999999883,0.16666664886564866,0.16666666159125254,0.16666663570488544,0.16666669463828024,0.16666672460293733,0.1666666345969957
1660,a17890c8cea997f1c35fdc429a5037962f3170d9f91abf78d39aac4006a7ed7c,Healthy-Leaf(1399),5,0.9999999999999741,0.16666669394606004,0.16666667451104253,0.16666671398201666,0.1666666239252994,0.1666665780309919,0.16666671560458948
1661,4bf28b68277e7e6fc1d47feccd601dff5e2ed5b8444cab13725e1e0c8becd1f4,Healthy-Leaf(1399),5,0.9999999999999085,0.1666667182729037,0.16666668144204644,0.16666675629691802,0.1666665856949428,0.16666649885336945,0.16666675943981954
1662,33dbb5c3fa1aebbced02f7eaae4153ed8aa116367d1191bf6b1286be3884dd41,Healthy-Leaf(1399),5,0.9999999999999988,0.16666667077504058,0.16666666786824808,0.16666667375578928,0.16666666026500224,0.1666666533588901,0.16666667397702972
1663,a0a9f925a2854d2dcd227f06c3e47332911ad3ab12daae3e7ba42e9bb5b146ba,Healthy-Leaf(1399),4,0.9999999999999831,0.166666644928853,0.1666666604659677,0.16666662886799288,0.16666670081582463,0.16666673740347276,0.16666662751788894
1664,69c8033ced784efd14a512e1a8e4266ff59c4c645ac59c0ce8523f0f209f4c4f,Healthy-Leaf(1399),4,0.9999999999999967,0.16666665799072278,0.1666666642020041,0.16666665155997157,0.16666668031537854,0.16666669492225888,0.1666666510096641
1665,f23fb366115bcf73ff582b7301a48ce9313ee5a0a1972daf9e6cfe841ef6150e,Healthy-Leaf(1399),4,0.9999999999999735,0.1666666391077252,0.16666665880487994,0.16666661874915567,0.16666670995808747,0.16666675634211398,0.16666661703803784
1666,cfad373b61f0c1d1de09b189736cdb1df9c5571188299c55089f101bddfc8c3c,Healthy-Leaf(1399),5,0.9999999999999943,0.16666667877065744,0.16666667015043177,0.16666668765251907,0.16666664770930043,0.16666662734809157,0.1666666883689996
1667,3e7667e72632ef9859a1f9434d01368004cbdbfc5d08fade603ab7be18ed528d,Healthy-Leaf(1399),5,0.999999999999907,0.16666671877627762,0.16666668161856618,0.1666667571120042,0.16666658496197173,0.16666649728272512,0.16666676024845517
1668,85049d2fdd2f69fd5937f545d52115ac354666dd5dbe84fcd6d9b962a6862555,Healthy-Leaf(1399),5,0.999999999999999,0.1666666685600754,0.16666666722933238,0.16666666991343904,0.1666666637347385,0.16666666055688453,0.16666667000553004
1669,79075f051c984107b5f62fc1a24f56ff6e5cd9c8c72b82dc5af26dd195447d44,Healthy-Leaf(1399),4,0.999999999999998,0.166666660302275,0.16666666486029338,0.16666665558446508,0.16666667668005938,0.16666668739418017,0.16666665517872695
1670,946cf7da43150cda4e025533b28388748b5c4fc4787153ac1bcf2f1a1692b922,Healthy-Leaf(1399),4,0.9999999999999917,0.16666665176360074,0.16666666241111394,0.1666666407611263,0.16666669007061802,0.1666667151529587,0.16666663984058236
1671,6f264278c0bb68bacf169392b63c5db60d7b8698977f551b6b71d5f0fb17abff,Healthy-Leaf(1399),5,0.9999999999999879,0.16666668508624274,0.16666667198670074,0.16666669857375246,0.16666663784684133,0.166666606864002,0.16666669964246075
1672,00c4f884eb6cc5f77fa5c3bbb690ee78f7d8037f1a01b509d2fc4ffc4ddadc6e,Healthy-Leaf(1399),5,0.9999999999999293,0.16666671200765013,0.16666667964823254,0.1666667454183158,0.1666665955233221,0.16666651922300962,0.1666667481794697
1673,facdec94256f8b84e961258efeec54709e068ca943a28681c3f41e3c3bee9b4b,Healthy-Leaf(1399),5,0.9999999999999791,0.16666669099580686,0.16666667365835885,0.16666670886994597,0.1666666285420597,0.16666658761165837,0.16666671032217023
1674,a067298f6fd02ff35ab38ae86ac2807fb835fc7ece1be08aaf93523a7bc81b47,Healthy-Leaf(1399),5,0.9999999999998753,0.16666672698904322,0.1666666839511715,0.16666677141596695,0.16666657203913327,0.16666647053100253,0.16666677507368252
1675,2393a37af45dba2167d74d96eb9fa0a40ccb1108709debcd45fa848a030218d2,Healthy-Leaf(1399),5,0.9999999999999849,0.1666666873112436,0.16666667263428844,0.16666670241815013,0.16666663437475313,0.16666659965120276,0.1666667036103619
1676,05737221e327cbcbd5cc823e63324d4e2ae91a7dff78668b45935599853adca3,Healthy-Leaf(1399),5,0.9999999999999956,0.16666667709405875,0.16666666969450913,0.16666668470171483,0.16666665037877496,0.1666666328428523,0.16666668528809
1677,68fe8ab76bb127d7e5abdfb80deb04f0bc91b92acd62a8ad0f889350d12b4767,Healthy-Leaf(1399),5,0.9999999999999992,0.16666666810080072,0.16666666711304587,0.16666666908879724,0.1666666644814947,0.1666666620804216,0.16666666913543998
1678,9e8ad2c59fe01d670d8e74489d3fc6dbd90d520408f71feaab76502bafd29ddb,Healthy-Leaf(1399),4,0.9999999999999882,0.16666664869054937,0.1666666615636146,0.16666663536129808,0.1666666949514208,0.1666667252162547,0.16666663421686234
1679,0ca9bafcd165d5177ab23ab18ba0b3cb875a48412702a4a1c80c0ee03ad88f49,Healthy-Leaf(1399),4,0.9999999999999919,0.1666666520584772,0.16666666251926582,0.16666664123235372,0.16666668964797313,0.16666671423948404,0.166666640302446
1680,39085c485025d734d0b33b794a0a240b2ff8316af491e2650bb79d388b916f70,Healthy-Leaf(1399),5,0.9999999999998709,0.16666672806179594,0.16666668428084458,0.16666677323021098,0.1666665704007147,0.16666646709841834,0.16666677692801543
1681,cb0846e8a6ca584e0d0fd78bf3ad5715e65de6f8ce17ee1bb696ded64e7c7420,Healthy-Leaf(1399),4,0.9999999999999902,0.16666665027602393,0.16666666199826558,0.16666663815389834,0.16666669242740947,0.1666667200166203,0.16666663712778246
1682,ebf75750607957c2a14d37e1a7e6343f7456e4a1b985dbbfe5de28036f7ce363,Healthy-Leaf(1399),5,0.9999999999999961,0.1666666763185743,0.16666666945431208,0.16666668338735366,0.16666665156410385,0.16666663532827927,0.16666668394737694
1683,4067052f80f78862dd6db0366151eae82db01eee9e13f378ae8b2ade73dfac3f,Healthy-Leaf(1399),5,0.9999999999998783,0.1666667262198858,0.16666668370843732,0.1666667701160953,0.1666665732099033,0.16666647299253753,0.16666677375314076
1684,79a9290dbb41cfe74eb70d2d106ad2bec1bceecfe4be9d233ff0660db2027d5b,Healthy-Leaf(1399),4,0.999999999999995,0.16666665527553676,0.16666666339807054,0.16666664689296165,0.166666684528832,0.16666670369689315,0.16666664620770613
1685,64d987df36c88d051477456f901be3dfaadce7a7887efce7df8b1b9a39efc11e,Healthy-Leaf(1399),4,0.9999999999999704,0.16666663751798286,0.1666666583140591,0.16666661605184108,0.16666671239078948,0.16666676144044154,0.16666661428488588
1686,39113786c2f04f82a874ae297cb35734ccba9ab8bbad69be799fa824d5c8dc85,Healthy-Leaf(1399),4,0.9999999999999892,0.1666666494363118,0.16666666171997616,0.16666663676539847,0.16666669367799922,0.16666672266879615,0.16666663573151816
1687,85c6178f67b2380ba3540b801bccd54e66039f2f8bac8e885497857c1f9fa040,Healthy-Leaf(1399),5,0.9999999999999958,0.1666666770257781,0.1666666696203469,0.166666684677346,0.16666665039379752,0.1666666329601641,0.16666668532256743
1688,0c74ffff324eef449993bd4b17863d4e16787b08c6a159d76c954a48b66dc2bd,Healthy-Leaf(1399),5,0.9999999999999982,0.16666667195082308,0.16666666816596384,0.16666667586758252,0.16666665835282973,0.16666664945762946,0.16666667620517137
1689,574d3d3a99ac4444c67d90b3472e9b05359d977947ff66a9ef9882d029053285,Healthy-Leaf(1399),4,0.9999999999999936,0.16666665372049136,0.1666666629502236,0.16666664419759902,0.16666668696368897,0.1666667087473983,0.16666664342059867
1690,f55626d736b8c832ae3950286f2e33883633bd05bedd3cc33586879bf30ea585,Healthy-Leaf(1399),5,0.999999999999997,0.16666667495470533,0.16666666902876445,0.16666668107960464,0.16666665364455693,0.1666666396954066,0.1666666815969621
1691,0354503b0b15eb8d947aed200327e83c208ae7e51cc1ce3a1f8d15c21fc61b51,Healthy-Leaf(1399),4,0.9999999999999946,0.16666665482040932,0.166666663264479,0.1666666461072705,0.16666668523799874,0.16666670517169055,0.16666664539815187
1692,6719aac13fe4aa27d787fceb018a183a64b154c111f6d032018b757876716458,Healthy-Leaf(1399),4,0.999999999999998,0.16666666070904068,0.16666666495771942,0.1666666563203492,0.1666666760120414,0.16666668603920026,0.16666665596164906
1693,1d182a507005cba3e4823a2f19f2c0321b705136fa189751cb4204a2b5e31595,Healthy-Leaf(1399),4,0.999999999999983,0.16666664475782278,0.16666666038465244,0.16666662862802487,0.1666667010287689,0.16666673789599004,0.166666627304741
1694,6765965dd26cc40ee7355c7094144031d2874c909fb6d11803a07098480f1907,Healthy-Leaf(1399),5,0.9999999999999876,0.16666668513149235,0.1666666719610091,0.16666669872531428,0.16666663770644344,0.16666660663485366,0.16666669984088703
1695,d4c60ac827b4001a08f480ebf3cb9a7628b9506818d0248ab0c2bc104fcc8614,Healthy-Leaf(1399),5,0.9999999999998914,0.16666672291456225,0.16666668276040839,0.1666667643776499,0.16666657839363622,0.1666664837383337,0.16666676781540957
1696,594f2641f14a25116f0bc5160c0a00c8e5de0d18c0779c1215215ce8054b1631,Healthy-Leaf(1399),5,0.9999999999999726,0.16666669465504455,0.16666667467252083,0.1666667152875635,0.16666662274113153,0.16666657564275675,0.1666667170009829
1697,af3bddd377c9864b5ed4ac84f3e37a6e867ec130230e97ce41e44494cb569bb9,Healthy-Leaf(1399),4,0.9999999999999978,0.16666666014003548,0.16666666478436096,0.1666666553522748,0.16666667688575784,0.16666668786676941,0.1666666549708017
1698,0a2556b4cc7ac4ea40fcb0f5e3c9c652a2d0dcc1af263b4ebd3a7b68b6a6293a,Healthy-Leaf(1399),4,0.9999999999999993,0.1666666658051128,0.166666666421064,0.1666666651656618,0.1666666680221791,0.16666666947375322,0.16666666511222908
1699,2e6d053712c801e4e4ee6eea1800b8b8dfb2e3208d88625baa97d731b3299d98,Healthy-Leaf(1399),5,0.9999999999999991,0.16666666870729488,0.1666666672434424,0.16666667021959347,0.1666666634550572,0.16666666002175026,0.16666667035286176
1700,016d2b76be6836f6f3a7a6812ae1714d890547f375903c7022214ee6c6b0bfb9,Healthy-Leaf(1399),4,0.9999999999999697,0.1666666371413494,0.1666666582118552,0.16666661538768374,0.16666671299144184,0.166666762676348,0.1666666135913219
1701,eb2da52c20c7da7bc3fd1aecce9ab3312be4d7ec8b7ec6368c78850eab84839b,Healthy-Leaf(1399),5,0.9999999999999911,0.1666666821823671,0.16666667111533523,0.16666669359904823,0.16666664233582493,0.16666661623041495,0.16666669453700958
1702,849b71b64fce830624e6c04ff46ae8e3f420bfe164a73563777cddf738ede441,Healthy-Leaf(1399),5,0.9999999999999819,0.16666668912775384,0.16666667310236352,0.16666670566544822,0.166666631435093,0.16666659364126446,0.16666670702807693
1703,d218a8a3906962dbf28744f9c6961bf9a8e0a498bb0b20e1bb417e215207c1e8,Healthy-Leaf(1399),4,0.999999999999997,0.16666665867760716,0.16666666437906966,0.1666666527929791,0.16666667920042624,0.16666669264324444,0.16666665230667319
1704,2d967b8b75604e628c4416abc0ee81f21deb625cba6f78da24dea770f43dca35,Healthy-Leaf(1399),5,0.9999999999999964,0.16666667586727624,0.16666666929696258,0.16666668264981552,0.16666665222626795,0.16666663674468535,0.16666668321499237
1705,262d18ed982fbf7a0b497c5f6f9e66d2bea3e00c482dc7df5c87937fe2a82c93,Healthy-Leaf(1399),4,0.9999999999999333,0.16666662268151491,0.16666665409400322,0.16666659023337932,0.1666667357181235,0.1666668097419913,0.16666658753098784
1706,f962fb8180e5173dc6439b56e27cb78b945e8300ba79c61fe7cdbe831259efdf,Healthy-Leaf(1399),4,0.9999999999999847,0.16666664594398278,0.1666666607255449,0.16666663068645537,0.16666669916946675,0.1666667340406572,0.16666662943389293
1707,51aa2a66bd9da1802a5dc1b30ceacce70c64300eb04a63de1c376a380f08cc97,Healthy-Leaf(1399),4,0.9999999999999905,0.16666665058275687,0.1666666620504094,0.16666663875069299,0.1666666918842891,0.1666667189475967,0.16666663778425506
1708,1ddb40f69d747569fbe4ff13628e8bd9ea4ff49df9a928e0db394f48e1cadb78,Healthy-Leaf(1399),5,0.9999999999999718,0.16666669508683357,0.1666666747953716,0.16666671604423502,0.16666662205870308,0.1666665742304329,0.16666671778442388
1709,718b9f3930293df9b366f9ce17b9510e02559c5b15dab5f19832ee7dcc9ec86f,Healthy-Leaf(1399),4,0.9999999999999769,0.1666666410607623,0.1666666593371953,0.16666662218791914,0.1666667068481711,0.16666674993922062,0.16666662062673152
1710,65bbb5cb5a3500b5b67eb6a303dcc3d0add8773408d6113eebd195e56d8af5e4,Healthy-Leaf(1399),5,0.9999999999999913,0.16666668201589152,0.16666667105349267,0.16666669333735248,0.16666664257110644,0.16666661674083935,0.16666669428131753
1711,643ad163c35fd1c9f62cff3f63b7e1e80e1c8be8308608da8bffb1fdcccc27e9,Healthy-Leaf(1399),4,0.9999999999999821,0.16666664440661327,0.16666666029298044,0.166666628002005,0.16666670159528063,0.16666673905599128,0.16666662664712942
1712,3aaa5ed61fb709cdf2f08fbc2390863cd891695b70b7fad00d8dbb007ea5e4df,Healthy-Leaf(1399),4,0.9999999999999853,0.16666664649161256,0.16666666088858723,0.16666663162757867,0.1666666983202434,0.16666673227088544,0.16666663040109278
1713,6b25102b03b2abaa53401457f204ba9f5f9d771395000b692d5402518c678510,Healthy-Leaf(1399),5,0.9999999999999944,0.16666667868659343,0.16666667008983446,0.16666668757592507,0.16666664777531026,0.1666666275433547,0.16666668832898213
1714,d3ae11ba7886bcf241f4454d94d1fee079c6201b825150ef1afce73746e7396b,Healthy-Leaf(1399),4,0.999999999999994,0.16666665431326408,0.16666666311483475,0.1666666452393111,0.16666668602275606,0.1666667068057637,0.1666666445040703
1715,08d4247e51a1be0a578bf75dd6a380c538415d1e0d909ab3f5d9c52494714464,Healthy-Leaf(1399),4,0.9999999999999815,0.1666666437411066,0.16666666009015763,0.16666662687425826,0.16666670261413113,0.16666674118779978,0.16666662549254654
1716,623c769391f0fbcc048506bc047d045f9c18bfa8fc98c12f5fe0f4ac12153863,Healthy-Leaf(1399),5,0.9999999999997418,0.166666753552946,0.1666666915446202,0.16666681756912177,0.16666653034197332,0.16666638413260396,0.16666682285873477
1717,5393834c3915b7deac22cb6a67ce7206cebbc755a9367ca79b5641dae3e254b4,Healthy-Leaf(1399),4,0.9999999999999769,0.16666664102832923,0.16666665932143063,0.16666662215052816,0.16666670688290458,0.1666667500225823,0.16666662059422507
1718,3ce32c8454409095290107d01d7bafcc1201d872a4ceb5b1c05891d6a2e3c7a5,Healthy-Leaf(1399),4,0.99999999999997,0.16666663743496157,0.1666666583220605,0.16666661585089187,0.16666671257595136,0.16666676177376408,0.16666661404237074
1719,94554ef311d4156e9bdbe901129fc85ced50d261327108f88d698dbb4b6c90ab,Healthy-Leaf(1399),4,0.9999999999999868,0.16666664745964596,0.1666666611997247,0.1666666332466205,0.1666666968611164,0.1666667291927339,0.1666666320401586
1720,fd1d7cbc8e71a6a9612e75efd2b5109f4a67ffea46328fa90132543dc46dca82,Healthy-Leaf(1399),5,0.9999999999996843,0.1666667627856495,0.16666669419730376,0.16666683358983805,0.16666651587036144,0.166666354125907,0.16666683943094024
1721,ec8b13c81141e8f0b17166b7f15eaf98886fd6eaaefa5289495f533eb3c543e3,Healthy-Leaf(1399),5,0.9999999999999319,0.16666671108994374,0.1666666793911488,0.16666674380634164,0.16666659697836406,0.16666652222850686,0.16666674650569482
1722,5b63356b4c383ae0bd28cb269be39ba62548c4cac403b02679247b68bd02e58d,Healthy-Leaf(1399),4,0.9999999999999992,0.1666666664887576,0.16666666662647597,0.1666666663330552,0.1666666669680404,0.16666666727331428,0.16666666631035654
1723,f43751785f5c9ced3ba891a1da26587ab15a438794d7234b67496def73192f07,Healthy-Leaf(1399),5,0.9999999999997529,0.1666667516841959,0.1666666910261685,0.16666681428535768,0.1666665333084615,0.16666639025301594,0.16666681944280046
1724,ef2ff3397120e0d705b334d87974c08fb6265b0a685064a2f45822638c55a4c0,Healthy-Leaf(1399),5,0.9999999999999629,0.16666669933076902,0.16666667602238364,0.1666667233843074,0.16666661542687042,0.16666656046565187,0.1666667253700177
1725,63cfc5783f3ea85e07730910bf511905d0c7ab4142581bca5495d6561f777328,Healthy-Leaf(1399),4,0.9999999999999757,0.16666664041115248,0.1666666591753792,0.16666662101700996,0.16666670790884006,0.16666675209919457,0.16666661938842364
1726,fbabb866737564a8215c2307cd86ccfa0fe58079d3f64e5b74ba585bd07f6b98,Healthy-Leaf(1399),5,0.9999999999999972,0.16666667428876536,0.16666666886518242,0.16666667986575007,0.16666665474220363,0.16666664192593378,0.16666668031216478
1727,4521824d92949b9bde8f0c320ed66e5139a7e12ed1d2ce99f5a707d292a247ba,Healthy-Leaf(1399),5,0.9999999999999413,0.16666670797047134,0.1666666784971737,0.16666673839047805,0.16666660187107435,0.16666653237001366,0.16666674090078892
1728,4ce95156e4c36dae95784809782529864a1759f5e9f9d9376a8f78b73e2a975d,Healthy-Leaf(1399),5,0.9999999999999306,0.16666671157926777,0.16666667952340605,0.16666674468010859,0.16666659619040383,0.1666665206093083,0.16666674741750537
1729,2c463a263f07237fc98c26855387621e90c49ba5d8c44c92942e34129723fa36,Healthy-Leaf(1399),5,0.9999999999999688,0.16666669655432223,0.16666667523677262,0.1666667185418067,0.16666661980179379,0.166666569517308,0.16666672034799668
1730,ae4f8a97787b4fe69d9344fc02d6288f583163a1a7a86eed7d6346c1f4c5a810,Healthy-Leaf(1399),5,0.9999999999996818,0.16666676319266238,0.1666666943113738,0.16666683429257348,0.16666651523326798,0.16666635280813094,0.16666684016199151
1731,1ff714978cbce2bf93e2409e7525025fe4171d67831659da6ad0e0a254292212,Healthy-Leaf(1399),5,0.9999999999999222,0.16666671423443016,0.16666668028960435,0.16666674926749334,0.16666659204375808,0.16666651200399105,0.16666675216072305
1732,330057a2937eb742d3c19ee7f404a7abf4e3bfc777a439844b533dde63707b14,Healthy-Leaf(1399),5,0.999999999999941,0.16666670802034042,0.16666667853077288,0.16666673845088323,0.16666660182061607,0.16666653223603226,0.16666674094135508
1733,a4b984aa67d48be2ebef6ab3cc34d14342d95d60060e188c1d6fef8f114d6be8,Healthy-Leaf(1399),5,0.9999999999997273,0.16666675599732497,0.16666669227083425,0.1666668217633788,0.16666652655497202,0.16666637624156025,0.1666668271719297
1734,3a69579f15e953675a7c1eab0c9c917901fa710a8b245e55431f961871205ec2,Healthy-Leaf(1399),5,0.9999999999998778,0.16666672642112254,0.1666666838044722,0.16666677039545158,0.16666657296155618,0.16666647241661955,0.16666677400077803
1735,832865bb93a216f0c27af99bbf38dce27712848f653cceb0e1d8d5dacae7b14a,Healthy-Leaf(1399),5,0.9999999999999479,0.16666670545512757,0.16666667778713645,0.16666673400162124,0.16666660583664278,0.16666654057221886,0.166666736347253
1736,88f8a166fa2b11527e7dbcee06140a2a18994dfc309c621c5fb70bc4c80761d1,Healthy-Leaf(1399),5,0.9999999999998687,0.16666672856614786,0.166666684416866,0.16666677412184394,0.16666656959443188,0.1666664654407346,0.16666677785997566
1737,6831db1b62a1cabb0f0045e5c47a8328a346d2805b09da0dc650cb59fd884ace,Healthy-Leaf(1399),5,0.9999999999999992,0.16666666738510688,0.16666666688735876,0.16666666787871665,0.16666666557136997,0.1666666643714542,0.16666666790599358
1738,62f36a47ab40473c51fe145807e2bb83258b74fc91aa096e4836f6afaf85dee7,Healthy-Leaf(1399),5,0.9999999999999146,0.1666667165453542,0.166666680976623,0.16666675323022787,0.16666658846543947,0.16666650454686235,0.1666667562354931
1739,1a9c5c028e26a79c3c3619f5ee3c41f0a67846d857462f850c352d128f8b3e1f,Healthy-Leaf(1399),4,0.9999999999999836,0.16666664514073362,0.16666666050641352,0.1666666292741252,0.16666670044709003,0.16666673667164544,0.16666662795999218
1740,9db288ab16ff21919cb6737d2580dd26d17509ef30fbdd53583e522db3407354,Healthy-Leaf(1399),5,0.9999999999998755,0.16666672687817968,0.16666668391789444,0.1666667712118717,0.1666665722200403,0.1666664709063333,0.16666677486568046
1741,07787fe1980cf0c634511cb5cd0aee3ed8d1bf464060581cced173662585764f,Healthy-Leaf(1399),5,0.9999999999999157,0.1666667161523191,0.1666666808539575,0.1666667525763157,0.16666658905751044,0.1666665057913944,0.16666675556850286
1742,0837de0ef87f4b05951f103d4ebcd3f2d1825bd622eae9b43969d141ce382a02,Healthy-Leaf(1399),5,0.999999999999951,0.16666670432333736,0.16666667744719188,0.1666667320633457,0.16666660758562865,0.1666665442221078,0.16666673435838864
1743,463900ef3ca29b627c20ebd90839ca60c47c87d89980112b521662018d2512e7,Healthy-Leaf(1399),5,0.9999999999999992,0.1666666683400952,0.166666667155466,0.16666666954932502,0.16666666406209893,0.1666666612523361,0.16666666964067883
1744,b24e94bd9e0856596655220082d81271842ae2115b924c001efba4819813dd84,Healthy-Leaf(1399),5,0.9999999999999383,0.1666667089449382,0.1666666787707493,0.1666667400910596,0.166666600333789,0.16666652919243305,0.16666674266703085
1745,41e6f2c11fd11d86afee65e249615c98417b57e906be9d953d926ddb8edd3d2c,Healthy-Leaf(1399),5,0.999999999999996,0.16666667670028837,0.1666666695616595,0.16666668404604232,0.16666665096703454,0.16666663409283278,0.16666668463214251
1746,aec7b8f30d539200887e59492c25ff8660bc93e880be35eb4d3ee349a89f68b4,Healthy-Leaf(1399),5,0.9999999999998578,0.1666667311405732,0.16666668514621716,0.16666677860478363,0.16666656554316012,0.16666645705657063,0.16666678250869532
1747,f1292e52e1f0b66f99612d852fad1e7dc15d6720da55fc084787a95ababe9b0a,Healthy-Leaf(1399),5,0.9999999999997174,0.16666675757474433,0.16666669270146148,0.1666668245469024,0.1666665240393895,0.16666637106237409,0.16666683007512817
1748,1ba4984d98e45b03df17459385f31dc1cf20021b9e3bf5fad554937081b8692b,Healthy-Leaf(1399),5,0.9999999999997742,0.1666667479200595,0.1666666899309204,0.1666668077859689,0.16666653917957255,0.1666664024497063,0.1666668127337724
1749,b2ef68277c2c9f52e405db27f62033ebff64828cc77473211e741c2dcd885bf8,Healthy-Leaf(1399),5,0.9999999999998546,0.16666673181632985,0.16666668533804202,0.16666677978352618,0.1666665644786044,0.1666664548531408,0.16666678373035665
1750,99bc570d68ddd81e00850070e50a286f96526ca8938c3ed3e12fbf970adbd978,Healthy-Leaf(1399),4,0.9999999999999862,0.1666666470804038,0.16666666107294145,0.16666663262221523,0.16666669742354479,0.16666673038744953,0.16666663141344515
1751,f982662fcd08f1071a26a77c0d9b84143cde2e64821dfd2c4baf52465485a620,Healthy-Leaf(1399),5,0.9999999999999034,0.16666671969392874,0.1666666818736731,0.1666667587159124,0.16666658351132815,0.1666664942878898,0.16666676191726776
1752,fcb47a8f588b3c5a9029e21afa68a94c8fd64fd3a542d0a94b21df8a543c40f6,Healthy-Leaf(1399),4,0.999999999999993,0.16666665325571137,0.1666666628398151,0.166666643343412,0.16666668773646695,0.1666667103120115,0.16666664251258304
1753,a3eb97493e41cd45d7df233450efec3e0987525c45a983e75b75a79978a9add5,Healthy-Leaf(1399),4,0.9999999999999992,0.16666666421878595,0.16666666599310873,0.16666666237242775,0.16666667055058315,0.16666667467351728,0.16666666219157722
1754,78ced8fbe3c4b3706a1c59b6b09bb5c208c89124788403bdb98f30cf00d5bd1f,Healthy-Leaf(1399),4,0.9999999999999801,0.16666664302359188,0.16666665991613971,0.16666662556848785,0.16666670379653822,0.16666674358803038,0.1666666241072118
1755,efce95b32b4318c9998f8066b2e4b242daa7758ebc8edb1eff68bbd6bc5db46a,Healthy-Leaf(1399),5,0.9999999999999992,0.16666666775995911,0.16666666698440877,0.16666666854962983,0.16666666496444177,0.16666666313012246,0.16666666861143808
1756,a10143ac9db6fef54626cbe5cd7542f35ed605df7fc8b1044ce228a6e37e684e,Healthy-Leaf(1399),5,0.9999999999999425,0.16666670745751697,0.16666667835622254,0.1666667374934352,0.16666660268315792,0.16666653404428936,0.16666673996537804
1757,a930debb8e5f82d149d5d731114b87bf92a05ffce0050efcd0ef84c097464697,Healthy-Leaf(1399),5,0.9999999999999039,0.16666671955148457,0.1666666817970039,0.16666675853734822,0.16666658366964446,0.166666494673612,0.16666676177090683
1758,7a59f5dc94e5c9bf753f5aebe3884ccaa5b885e227aeb515f91c6ea7e043c884,Healthy-Leaf(1399),4,0.9999999999999896,0.16666664983003707,0.16666666188801477,0.16666663734262835,0.1666666931610612,0.16666672150844808,0.1666666362698106
1759,921ab81dd0abadfa667af165a89706270231d986a661f19541e20ddd110eb375,Healthy-Leaf(1399),5,0.9999999999997605,0.16666675036680234,0.16666669065086703,0.16666681200321531,0.16666653537250262,0.16666639452903975,0.16666681707757294
1760,d98ff391796841e3bfc27d605ab3c91a1ec1267e7cfcbb5acde29efbf19ab606,Healthy-Leaf(1399),2,0.9999999999999992,0.16666666680917694,0.1666666667280886,0.1666666668714814,0.16666666648266745,0.1666666662516116,0.16666666685697382
1761,c2a9c089551e30561615bbe885ac5187e80d84502581e05f428c6b0d889c5c45,Healthy-Leaf(1399),4,0.9999999999999951,0.16666665572568803,0.1666666635458613,0.16666664764305247,0.1666666838538342,0.1666667022682404,0.16666664696332364
1762,b3911cd15a275863462682be42ef4af784a85ffc00f0f257fddb3454a0c74ee2,Healthy-Leaf(1399),5,0.9999999999998265,0.1666667378821949,0.16666668707615773,0.16666679030933548,0.1666665549681684,0.16666643513965254,0.16666679462449094
1763,021f7d60a352812cd742048d41683be8c74a3bdb8ca7259233be89c01ceee4f3,Healthy-Leaf(1399),4,0.9999999999999992,0.16666666543781633,0.16666666632516675,0.16666666450667933,0.1666666686175285,0.16666667069219157,0.16666666442061767
1764,1073b891bc45792b19cd17d602e115411894d2d848ea2dcdccfbf047ae2bd82d,Healthy-Leaf(1399),5,0.9999999999999988,0.16666667084401326,0.16666666788830697,0.1666666738705648,0.1666666601603453,0.16666665314071535,0.1666666740960543
1765,2837fcda85013a4df4f823d3bb1c5bbb6ae27f5386d0abfed1bc0ce256adfdf4,Healthy-Leaf(1399),5,0.9999999999999493,0.16666670498384245,0.16666667765655588,0.1666667331769973,0.16666660658249025,0.16666654211128917,0.16666673548882502
1766,9d7f257ffb99aecce1fc75973694332f383e23f58530a1efea133328eabdd3f5,Healthy-Leaf(1399),5,0.9999999999999188,0.16666671526103555,0.1666666806097764,0.1666667510050927,0.16666659047735946,0.16666650871609717,0.16666675393063865
1767,c1aaed6d0d257af05743f009b535fbd184345dfc64b375c745dd01430e140b6b,Healthy-Leaf(1399),4,0.999999999999977,0.1666666411880013,0.16666665939154862,0.16666662237315208,0.1666667066820198,0.1666667495658675,0.1666666207994107
1768,3bbd4062ad8219ca80ecc8f8c4cfc8876984938d0c36d8902efb670b46e3e59a,Healthy-Leaf(1399),5,0.9999999999999986,0.1666666710699756,0.16666666794096782,0.1666666742880897,0.16666665978257883,0.1666666523775605,0.16666667454082754
1769,1cfb1121447349f96e5c76d8e5db3a2372e598b52ecedf8f3c305b3b3721fb56,Healthy-Leaf(1399),5,0.9999999999999475,0.1666667056899048,0.16666667784481629,0.16666673442763588,0.1666666054509691,0.16666653978822182,0.16666673679845212
1770,b1ce18ca06d7f34ef3251e40037f113b93194a1ab5be214153a1d5ce59c3e092,Healthy-Leaf(1399),5,0.9999999999999185,0.16666671531205138,0.16666668058920966,0.16666675115542248,0.16666659033727763,0.16666650848150702,0.16666675412453183
1771,4566513ceb7f8739243c9161986c77a138e5e71ba307d11a4ebc42b6adc9bc7b,Healthy-Leaf(1399),5,0.999999999999854,0.1666667319449276,0.1666666853659707,0.1666667800184262,0.16666656426437776,0.16666645442269898,0.16666678398359883
1772,72ec7a852a81a488a9b2c5a68463edaeff1ac74607d809ce857bda052bb5f123,Healthy-Leaf(1399),5,0.9999999999999644,0.16666669870094267,0.16666667585741454,0.16666672227125945,0.166666616436049,0.16666656253405493,0.16666672420027934
1773,4f7a4683df281a9492a652d6a4e2bf474ed28c405568816a2048561c90b9e4fe,Healthy-Leaf(1399),4,0.9999999999999913,0.1666666513059789,0.16666666229559698,0.16666663993974778,0.16666669081468036,0.16666671667052013,0.16666663897347583
1774,2b0b472e94ed88ad653e9e08b99a1ee2c67dc24544c649ddc20d1018c0caed69,Healthy-Leaf(1399),5,0.9999999999999565,0.16666670211424006,0.16666667683705913,0.16666672818691292,0.16666661109021774,0.16666655144984727,0.16666673032172286
1775,7b65182ae57ec3eb0535fd7d3c130e9c7448cc95abeb468b92b75abd6f91b8f0,Healthy-Leaf(1399),5,0.9999999999997055,0.1666667595182868,0.16666669327110276,0.1666668278928921,0.16666652101675314,0.16666636477614047,0.1666668335248246
1776,7f1207288d9ac4a461df546ceb905b104faff6d9c773b1374fba5f32cc3af95a,Healthy-Leaf(1399),5,0.9999999999999966,0.16666667565933707,0.16666666927951396,0.16666668220944675,0.16666665262799454,0.1666666375097575,0.16666668271395021
1777,b20c015a4850e64e94afd4bbd08237d2cd125a9b2985eabd5b99aecaecd9604f,Healthy-Leaf(1399),5,0.9999999999999288,0.1666667121047728,0.16666667967812226,0.1666667455716866,0.16666659538231154,0.16666651892588155,0.16666674833722525
1778,c677bc6acf391a5f353b191c38aa0cf65bdc3e1078d2dd4c7dd9ddbe6c61efeb,Healthy-Leaf(1399),4,0.9999999999999988,0.16666666278749523,0.16666666558512244,0.16666665987095572,0.1666666728077691,0.1666666793468318,0.1666666596018257
1779,2517c8716316db4006a43b9ad83411efdd8cfb7cce73840f86fd7ddeb598d0ea,Healthy-Leaf(1399),5,0.999999999999747,0.1666667526918542,0.16666669130433687,0.16666681605809783,0.16666653170674556,0.1666663869504979,0.16666682128846766
1780,53015cd09ebb7d006706ec29b3f8b911c5eb90a5cb5183e130c97ecf4d78c664,Healthy-Leaf(1399),5,0.9999999999999055,0.16666671908043681,0.16666668168672844,0.16666675766609282,0.166666584457422,0.1666664962658923,0.16666676084342766
1781,4b0a8255a62e54696bd1599a273f626b507363a9184bb13fea5de3c3ecba72c6,Healthy-Leaf(1399),5,0.9999999999998723,0.16666672765514537,0.1666666841159873,0.1666667726062517,0.16666657095792597,0.16666646832940768,0.16666677633528187
1782,4edc59e1c3e5099714c3a3db8e618fbaca89a2020a71964274debc0d406690a6,Healthy-Leaf(1399),5,0.9999999999996528,0.16666676749161433,0.1666666955668388,0.1666668417174764,0.166666508528994,0.16666633887489185,0.16666684782018468
1783,92d3c3cdbd2263b0e89073da358473bc2d915522f0a542c6f4f67b53c7a5fd63,Healthy-Leaf(1399),5,0.9999999999999981,0.16666667264294263,0.16666666839399485,0.16666667701951074,0.16666665731632763,0.16666664726256297,0.1666666773646612
1784,3bdbe8847f67fd3a853ba6e912c7b89dc19062d2681b8cdc1d8b4b0699822cbc,Healthy-Leaf(1399),5,0.9999999999998198,0.16666673924303588,0.1666666874757633,0.1666667926586739,0.1666665528477447,0.16666643072984624,0.16666679704493592
1785,ca634482dea06452df12cf9e6b39c6658e952d1cae491dbb8fcc576396421c11,Healthy-Leaf(1399),5,0.9999999999999097,0.16666671788778542,0.16666668133923096,0.16666675560436187,0.16666658631904205,0.16666650013350728,0.16666675871607242
1786,5b9623fb44b17f1818bb66f7b35b8bc2d84ec60f08ca4fe357068a1e46a082c9,Healthy-Leaf(1399),5,0.9999999999999737,0.166666694080324,0.16666667451792905,0.16666671426837085,0.16666662366224838,0.16666657753556172,0.1666667159355661
1787,bf1d4326014eabc4ef58a2ae5cfe29a74f274356d07a463b88ce76de67ae2bee,Healthy-Leaf(1399),5,0.9999999999996679,0.16666676526330138,0.1666666949092202,0.16666683788232903,0.16666651199140547,0.16666634608185762,0.16666684387188624
1788,4178ef85504b1a1b4513080af0a6d78ef952b6ecb1a3e40dff6a2726f3df8872,Healthy-Leaf(1399),4,0.9999999999999978,0.1666666601557268,0.16666666481599396,0.16666665532599245,0.1666666769114469,0.16666668787612765,0.16666665491471216
1789,642c5cc886e2c8aeddbb42e74a6ee8b24e5321f6178432faedf8cf810d920713,Healthy-Leaf(1399),5,0.9999999999998189,0.16666673941645063,0.16666668752144032,0.16666679297392764,0.16666655256411012,0.1666664301492495,0.16666679737482176
1790,05f1787464016a10794189cad16b7a82143b1a311b65fc384dbf00322597a1b6,Healthy-Leaf(1399),5,0.9999999999997091,0.16666675892038316,0.16666669308920884,0.1666668268721013,0.16666652193736284,0.1666663667009292,0.16666683248001465
1791,605863e10a6c7efd0acb9384edbcd4b4e81c5a71c7ff63b6e0be1b03a3f29f60,Healthy-Leaf(1399),5,0.9999999999999983,0.16666667122923187,0.1666666680211639,0.16666667449842562,0.16666665959551075,0.16666665193416574,0.16666667472150215
1792,33b1a8c66ef6bd7e86c473baf526d420a2ec83128f0fb48e9299ebdd6dab8b50,Healthy-Leaf(1399),5,0.9999999999998017,0.16666674280772498,0.1666666884872709,0.16666679886209643,0.16666654724164648,0.16666641912501523,0.16666680347624602
1793,13bc37d7e0a5bedaae8f5167620670a6bc23d1dd7a2d69ee099b9819b8da25e1,Healthy-Leaf(1399),5,0.9999999999999992,0.16666666860587176,0.16666666723333234,0.16666667001076643,0.16666666364614233,0.1666666603878413,0.1666666701160459
1794,08ce5d6c1d19c858a5f40a0cecb0a6d946ab86b150e08841ebdc26ba01b9ab56,Healthy-Leaf(1399),5,0.999999999999962,0.1666666996627538,0.16666667613808733,0.16666672393199247,0.1666666149363115,0.16666655941728448,0.16666672591357037
1795,d85c26eb498d9b89ba240a339df0c5ce0c8abba97988f267b01568d5f9dbd39c,Healthy-Leaf(1399),5,0.9999999999998852,0.16666672448801992,0.1666666832425867,0.16666676705685884,0.16666657597753579,0.16666647868121903,0.1666667705537797
1796,aa8cf2354ebb0decc92d3cc8ad9de7eeeab9920f7414c9efd6f7579072dd645e,Healthy-Leaf(1399),5,0.9999999999999495,0.16666670495404887,0.16666667766617824,0.1666667330946942,0.166666606659345,0.16666654224204708,0.16666673538368665
1797,bd3f6868bb4b1522392c762cedf2970b67c647b6c267297dcf3231d52cdc481f,Healthy-Leaf(1399),5,0.999999999999975,0.1666666932927654,0.1666666742928935,0.16666671289779728,0.16666662490006387,0.16666658009975546,0.16666671451672443
1798,53b08cea937323c1f6f8d6be1a93ea28a88b4f8594d91f5eede9cf068faebb7d,Healthy-Leaf(1399),5,0.9999999999997823,0.1666667464746177,0.16666668954343553,0.16666680522802715,0.16666654149333265,0.16666640720302967,0.16666681005755732
1799,8771e950963d91622ffa0d059f1a69989c1a1c977cbd817b4bac620bcf3905ce,Healthy-Leaf(1399),5,0.9999999999999978,0.16666667300315963,0.16666666848956072,0.1666666776476,0.16666665674549655,0.1666666460899287,0.16666667802425436
1800,e4ade5586b1bb63ee02880d95d2c7e975ef6d27c7da702ac9ca7aa4e1bb0989c,Healthy-Leaf(1399),4,0.9999999999999779,0.16666664175310633,0.1666666595652699,0.16666662333450272,0.1666667058151746,0.16666674775056875,0.16666662178137764
1801,58ddf98c0aa36813cd5c51377ace527e1d5d61747fcdcc3807f07e85cc3315aa,Healthy-Leaf(1399),5,0.9999999999998838,0.16666672489145648,0.16666668336368592,0.166666767736947,0.16666657536137486,0.16666647739364698,0.16666677125288876
1802,da68598de23cca9e396168bbdb14170a69f3d22bb945eb64550a2b4625072143,Healthy-Leaf(1399),5,0.9999999999997197,0.16666675724837204,0.16666669263040457,0.16666682393350768,0.1666665245945728,0.16666637217650476,0.16666682941663818
1803,0eb4f76f8e9cbd1ede51e9dfd1edb302de89fc430821c68d14ebacb9e257c4c3,Healthy-Leaf(1399),5,0.9999999999997569,0.1666667510192559,0.16666669084623056,0.16666681311251133,0.16666653436936732,0.16666639243522777,0.16666681821740703
1804,e1fd1c44a8c2d669604d76073a2e1a3bb624d985fe57e7439286613cd92daffa,Healthy-Leaf(1399),5,0.9999999999998631,0.16666672985469333,0.1666666847843104,0.1666667763603776,0.16666656757150347,0.1666664612503003,0.16666678017881487
1805,477cb2045de5ae255ed37b3adceb43c8cd38fb7729462f9440aa35daea9d9e0d,Healthy-Leaf(1399),5,0.9999999999999989,0.1666666699213541,0.16666666761304863,0.16666667229430435,0.16666666158453566,0.16666665611098425,0.166666672475773
1806,8fdab2304425392d1d6cb004f2f180b0ab3b4335bbb1fb9071c96fa58a87eb9f,Healthy-Leaf(1399),5,0.9999999999999738,0.16666669399516826,0.1666666745126608,0.16666671408459152,0.16666662383008865,0.16666657785265354,0.16666671572483718
1807,c1e2412388a40814e1b7d2684c6faf918030b21f4e1adfdc13d60f7000e0b2ba,Healthy-Leaf(1399),5,0.9999999999999903,0.16666668287293532,0.16666667133733196,0.16666669475480542,0.16666664129442138,0.16666661403357344,0.16666669570693254
1808,6c0ebb2a7bb4d56c60d00eb5714c2e2177459644c1581965dcc229fd358fa6a2,Healthy-Leaf(1399),5,0.9999999999998535,0.16666673209222485,0.1666666854350866,0.16666678022494433,0.16666656408061659,0.1666664539988722,0.16666678416825548
1809,96288d88cd4b9110fa2f8be2032b4f0b434859be696b56b278a1c61b5abf1f06,Healthy-Leaf(1399),5,0.9999999999999296,0.1666667119058081,0.16666667965191306,0.1666667451754734,0.16666659574475426,0.16666651962878934,0.16666674789326172
1810,9965f222ccbf473876c4f36a0b01b407ead8f3c79444bc35de45e2fe95fad989,Healthy-Leaf(1399),4,0.9999999999999525,0.16666662971003662,0.16666665611426,0.16666660242282663,0.16666672470627864,0.16666678690691855,0.1666666001396795
1811,b23649cdef2aeeef2877b34a18881f5ed52ff96d60db3580b1ee4ad7e994c403,Healthy-Leaf(1399),5,0.9999999999999799,0.166666690495304,0.16666667351516062,0.16666670800306693,0.1666666293258443,0.16666658923606534,0.16666670942455875
1812,159d14a97011017508eba6f13ad02034050c4351798ef06737529b7844fb5e91,Healthy-Leaf(1399),5,0.9999999999996795,0.16666676352416615,0.1666666944115124,0.1666668348655962,0.16666651471771338,0.16666635173235642,0.16666684074865543
1813,b56d0f1def970c88ec52ad7a11fd3e56466217f36a70141ad7fff9ed1f007b7c,Healthy-Leaf(1399),4,0.9999999999999685,0.16666663669157342,0.16666665811316983,0.16666661455343001,0.16666671374870487,0.16666676419804705,0.1666666126950747
1814,53ece64609e54790dfa7ec55486145e0f51c10b79ed7f40058c9dae426b70c92,Healthy-Leaf(1399),5,0.9999999999998739,0.16666672734139873,0.16666668404535093,0.1666667720265724,0.16666657148366482,0.1666664693885555,0.16666677571445757
1815,cb12e869212791bf7b48594dc82f2acff4c9239c06043457bb49c5f30c344f16,Healthy-Leaf(1399),5,0.999999999999883,0.16666672508605496,0.16666668340111654,0.1666667681113132,0.1666665750219255,0.16666647671979642,0.16666677165979346
1816,e889b3fbe604b9d73bdca7d701ce4853b6bf9695bf9f7eac38a34404ef93af79,Healthy-Leaf(1399),4,0.9999999999999782,0.1666666417822892,0.16666665954694895,0.1666666234371704,0.1666667057203676,0.16666674759710184,0.166666621916122
1817,80e89e2cda1296df9b10014eb85878bec66a7b25b2fe67a3c1829860635413fb,Healthy-Leaf(1399),5,0.9999999999996981,0.1666667606745737,0.16666669360801717,0.16666682989419623,0.1666665192102798,0.16666636102339516,0.166666835589538
1818,35e742ac223ffc7f5c1d62464f82f467df34fc6a50a8e83321cea0b12fdeef19,Healthy-Leaf(1399),5,0.9999999999997347,0.1666667547708063,0.16666669190514266,0.16666681965235167,0.1666665284588511,0.16666638020943778,0.16666682500341057
1819,0b14df8c28d96886acf749df2e86983260132e32a393502f2ca09f8babd8fb9a,Healthy-Leaf(1399),5,0.9999999999999979,0.16666667282547182,0.16666666845449518,0.16666667731250095,0.16666665705041633,0.16666664669708647,0.1666666776600292
1820,33a4c8a462f99d7677136946beeef59a719cc6b0192e2382e0728e88cda69840,Healthy-Leaf(1399),5,0.9999999999998145,0.1666667403048266,0.16666668775223345,0.16666679454996916,0.16666655113555945,0.16666642722471406,0.16666679903269735
1821,870d3a776d06edaa742ac83fe10b7fdfdd8c8de7bee2b3062261bf85934d8b03,Healthy-Leaf(1399),5,0.9999999999999463,0.16666670620011514,0.16666667801059687,0.1666667352896757,0.16666660467700942,0.166666538154568,0.16666673766803497
1822,65bfef2f3461ba5f5f788dab410f1565830721fa5f3053bdbe11838043b5feb6,Healthy-Leaf(1399),5,0.9999999999997389,0.16666675406075118,0.166666691700176,0.1666668184254523,0.16666652956780767,0.1666663825109035,0.16666682373490932
1823,ac05045d30110bdff0cd24c39f680e2f61711f36a1d4e8e224f276e84750c259,Healthy-Leaf(1399),5,0.9999999999999948,0.16666667811267052,0.16666666994103957,0.16666668654565314,0.16666664870647557,0.16666662944784805,0.1666666872463132
1824,d4a72b2eecf859fbd58cfad1b8b3543c4d2a626a1ab57d421a69cee2aed7850b,Healthy-Leaf(1399),5,0.99999999999982,0.16666673917692867,0.1666666874606524,0.16666679253579378,0.1666665529589179,0.1666664309539623,0.16666679691374497
1825,166234ad21e6f81d3b884b96cb5a4f2eaf5ade9ed06ef3c40f4e99f82a43903c,Healthy-Leaf(1399),5,0.9999999999999416,0.1666667078650353,0.16666667851045064,0.16666673813074315,0.16666660211093945,0.16666653279816956,0.16666674058466185
1826,b7a76ea484df07e6d1bcb8715d994274dd57bf8f1c6f7de229765cfd06ed2654,Healthy-Leaf(1399),5,0.9999999999998377,0.16666673551282019,0.1666666863938123,0.16666678620528586,0.16666655867623087,0.16666644283145385,0.16666679038039692
1827,6655b3c602d6544c0d4bd3eac9e2631d37218e3530065ee5ea7de441fe8990d6,Healthy-Leaf(1399),5,0.9999999999999987,0.16666667100522134,0.16666666792480528,0.16666667417472283,0.16666665988604423,0.166666652588686,0.16666667442052024
1828,01ba17298e086e6366b7301fd93de2534f41644561c0101c135262b1336f9390,Healthy-Leaf(1399),4,0.9999999999999953,0.16666665589880014,0.1666666635761172,0.16666664797647257,0.16666668355002903,0.16666670166894557,0.16666664732963543
1829,0ca14508117185f1d4555db24ba2779bf72d6e3700f19025500775f0cbe08af6,Healthy-Leaf(1399),5,0.9999999999998134,0.16666674055042058,0.1666666878725915,0.16666679488744365,0.16666655083649246,0.1666664265253767,0.16666679932767522
1830,ae0b9cef4be1d03bf5746998256e6e77773a2d29f36bb75b5a2a114acd74f60d,Healthy-Leaf(1399),5,0.9999999999998068,0.16666674183643063,0.16666668820670888,0.16666679718435895,0.1666665487581121,0.16666642227261497,0.16666680174177456
1831,14085cf887479110ae841f4401be5ff46c296fd3d47373ded47c542d5a067889,Healthy-Leaf(1399),4,0.9999999999999768,0.1666666410299628,0.1666666593618569,0.16666662207562477,0.16666670695368407,0.16666675010484722,0.1666666204740244
1832,cf13c7473b7e3f0c07f393b4c1056770ca32c0378fcc81a91552be28fdabe5c1,Healthy-Leaf(1399),5,0.9999999999998784,0.16666672621229656,0.16666668371317014,0.16666677008284272,0.16666657323893952,0.16666647304064916,0.16666677371210198
1833,515364bbc62ea0f3886e654b4444d7a333dbc3f171ad964992139a79a8fc11ae,Healthy-Leaf(1399),4,0.9999999999999933,0.16666665335782335,0.16666666290456109,0.16666664346152874,0.16666668763478565,0.16666671004549727,0.16666664259580397
1834,41edc3890c12eefce04b03d954debc59b0986bfb79f61106e26874574ead91cf,Healthy-Leaf(1399),5,0.9999999999997928,0.16666674451455948,0.16666668895679618,0.1666668018649552,0.16666654452763563,0.16666641353134276,0.16666680660471078
1835,07825d0e1bf2f0d7408b0e975a04063589eb0bb96c66a46a6b75f881118c247c,Healthy-Leaf(1399),5,0.9999999999997281,0.16666675583914445,0.16666669221796526,0.16666682150040832,0.1666665267912538,0.16666637674306076,0.16666682690816742
1836,17007a7bb6df204f3d026c0749fdb672254a7d5587800ec67ca847200dd3a929,Healthy-Leaf(1399),5,0.9999999999998306,0.1666667370403148,0.16666668684919173,0.1666667888322884,0.16666655630650964,0.16666643789246222,0.1666667930792332
1837,4414b6493d52befc60a57b9707e08b30eaa9c22010787e6d61bfebc895744339,Healthy-Leaf(1399),5,0.9999999999996927,0.16666676152409712,0.16666669383888402,0.16666683138961114,0.16666651785739497,0.16666635823897297,0.16666683715103986
1838,d65e3fc50eecd73649ce1628d4b6d5af7e497dc3b562c7bdb69f5903aa96ecd9,Healthy-Leaf(1399),5,0.9999999999998315,0.16666673688132727,0.16666668680914198,0.16666678853983224,0.16666655656983775,0.16666643842853923,0.16666679277132157
1839,ae9a1d1cf0bd7e3463df06729b4f93e0013d160f44ff3bd3ad966d38b87cf96e,Healthy-Leaf(1399),5,0.9999999999999906,0.1666666826837408,0.16666667125289675,0.16666669447831986,0.1666666415403133,0.16666661459083895,0.1666666954538904
1840,09125c1bc08d46c2ff8f2f4d1ff0756587b84cfd54932ded41baafb9f6f63ccd,Healthy-Leaf(1399),5,0.9999999999998509,0.1666667326957353,0.16666668559740613,0.16666678129170379,0.16666656311568973,0.16666645201566488,0.1666667852838002
1841,ef6b4a76c8a1e773f614906fde3724818c3173e3c05c743bc41dd6dcb4e9f1ed,Healthy-Leaf(1399),5,0.9999999999999427,0.16666670742540407,0.16666667836128368,0.16666673741417334,0.16666660275684794,0.1666665341746747,0.1666667398676162
1842,365465031ce61f16a88e6f5dafe9938779d51e6ee924781e36303cceb2f5cc05,Healthy-Leaf(1399),5,0.9999999999999432,0.16666670729920177,0.16666667831820858,0.1666667371966626,0.16666660295006808,0.1666665345846523,0.16666673965120668
1843,932c1e740443251e3f3e281e393688e89f9cf9c192076acaf32daa51f4bd8b02,Healthy-Leaf(1399),5,0.9999999999999961,0.1666666763018888,0.1666666694335475,0.16666668337924015,0.16666665156782398,0.16666663536030438,0.16666668395719522
1844,75fb484a64a754a4bd7f411a1f7048e68fca3da567ed649a5ffe0c5b02f19f9e,Healthy-Leaf(1399),4,0.9999999999999731,0.16666663899403217,0.16666665877358508,0.1666666185494633,0.16666671013863532,0.16666675671430303,0.1666666168299811
1845,9c1a411582503a04a63597350e93f9c4914edc5c8bbd0189dacef2295e1750c1,Healthy-Leaf(1399),5,0.9999999999999687,0.1666666966374645,0.16666667525315718,0.16666671870022373,0.16666661965798665,0.16666656923121959,0.16666672051994838
1846,0005ea5c86f398fd30cdb534062ea308258eadce00f0df100da130bd45f388c5,Healthy-Leaf(1399),5,0.9999999999999912,0.16666668209251922,0.1666666710983111,0.16666669343336232,0.16666664248783847,0.1666666165325787,0.1666666943553902
1847,9b0fb5a3779a6cb876e781fae544cc931c43e8dc017d8f78ddcbab574b79c94d,Healthy-Leaf(1399),5,0.9999999999999928,0.16666668055125788,0.166666670677093,0.16666669071896553,0.1666666449419193,0.16666662158655754,0.16666669152420666
1848,5299134b2c679ed39e030e72666c711999bdc6dcc56a0eb114d9f3b0775fe36e,Healthy-Leaf(1399),5,0.999999999999984,0.1666666878698913,0.16666667277299915,0.16666670343012832,0.16666663345897315,0.1666665977875877,0.1666667046804204
1849,371a293b198166a0ef97c514db16e75e3ee2e2036f6e64ca57a93a8cca4d9906,Healthy-Leaf(1399),5,0.9999999999997103,0.16666675875253925,0.16666669305326187,0.16666682656191975,0.16666652221963996,0.16666636726715361,0.16666683214548558
1850,381186f18970a393ec7b561c642ca3f4daecd2119b2deea2ede7b1ed6c5f4a3f,Healthy-Leaf(1399),4,0.9999999999999852,0.16666664639372122,0.16666666086270696,0.16666663145265234,0.16666669847826424,0.1666667325948567,0.16666663021779848
1851,9a3becd0cf1db40b1f46320511529e4292beba44b3f67de1d1c6da9796475b40,Healthy-Leaf(1399),5,0.9999999999999777,0.16666669183248348,0.16666667387888107,0.16666671035429295,0.16666662719829745,0.1666665848565036,0.16666671187954157
1852,6abc68ec91418e53d9b9fc5b5f543cb5de301b39ca7ddfcd01273c9aac9ca9d4,Healthy-Leaf(1399),5,0.9999999999997846,0.16666674603289028,0.16666668941431406,0.16666680446053425,0.166666542185226,0.16666640864040616,0.1666668092666292
1853,c5023bbfaa33eefa069f46e603b7d460adb574cc5182408ce9534ae60facd792,Healthy-Leaf(1399),5,0.9999999999998699,0.1666667283028178,0.1666666843299317,0.1666667736785582,0.16666656999207025,0.16666646628222345,0.16666677741439856
1854,2ef629c542c5831f82570c1b5407a70f4145946cabbb14a985fb98521fcd91cb,Healthy-Leaf(1399),5,0.9999999999999913,0.16666668206287216,0.1666666711015968,0.16666669335168044,0.16666664256088073,0.16666661666386728,0.16666669425910266
1855,ba4b610c32a9630d17fb52b9987dab5a683241c49bf1be1e55a15226ea2bb471,Healthy-Leaf(1399),4,0.9999999999999983,0.16666666151111917,0.1666666652367722,0.16666665762862812,0.16666667483658015,0.16666668352518232,0.16666665726171812
1856,a552745ab1d57ca78a3943a2389253168bd7b979bede8bb6b43832267cef1758,Healthy-Leaf(1399),4,0.9999999999999776,0.16666664143543786,0.1666666594622743,0.1666666228064975,0.16666670629128552,0.1666667487568346,0.16666662124767023
1857,0cbb276bb0a0a0f34af04ce4501612bda4393ead8f2a1a59420f9fc147ca75cc,Healthy-Leaf(1399),5,0.9999999999998956,0.1666667217972465,0.1666666824615787,0.16666676239436834,0.16666658018655042,0.16666648742002146,0.16666676574023453
1858,d183c6c387e2131a6ec75a250c9212c5b9a9407f5379f9163608fa8528981e2e,Healthy-Leaf(1399),5,0.9999999999998923,0.16666672273911007,0.16666668274969412,0.16666676399410715,0.166666578742733,0.16666648439794124,0.16666676737641445
1859,61919545aa2e9bb1f7092dec5bac592c5329af02fe0c3dc4c873d867a6b0730e,Healthy-Leaf(1399),5,0.9999999999998429,0.16666673442481053,0.16666668609719396,0.16666678429124965,0.16666656040757263,0.16666644639634054,0.16666678838283266
1860,8b72d0933de223848d0a781c39316dc219f73b913cf42fd861f36537fe4f892e,Healthy-Leaf(1399),5,0.9999999999999903,0.16666668280951202,0.1666666713176503,0.16666669464370176,0.16666664139376483,0.16666661424134738,0.1666666955940236
1861,6d9b7ae75ae91b64e770a491ccbad93550c8127d3f2e1419eb8af8433f73983f,Healthy-Leaf(1399),4,0.999999999999987,0.16666664773728557,0.16666666125299243,0.16666663377632138,0.16666669637975512,0.1666667282367983,0.16666663261684714
1862,84842e99bdb0e1e820c9518fd0a6f08398887a8edb0245c9aabc011f8752c544,Healthy-Leaf(1399),5,0.999999999999819,0.16666673935635629,0.1666666875112875,0.16666679285032893,0.16666655267502778,0.16666643036706938,0.16666679723993005
1863,619fe2e65b6eb3ea102153992e7bd307ea6b915ec0e7e23504869d92312a45fb,Healthy-Leaf(1399),5,0.9999999999999868,0.1666666858919555,0.16666667218566927,0.16666670002486636,0.16666663653115815,0.1666666041868936,0.16666670117945717
1864,8c77ccdcb46b01cc68c6cfa9713150dd1f5a0a04217c4f6511bfe58d74600439,Healthy-Leaf(1399),5,0.9999999999998482,0.16666673326544176,0.16666668576220892,0.16666678228174947,0.16666656222230058,0.16666645016196488,0.16666678630633444
1865,107d0a8d8831e78ac0fb7290a4904143869e6ec09d77c696e48c68096fb4f12a,Healthy-Leaf(1399),5,0.9999999999998471,0.1666667335032937,0.16666668581511843,0.1666667827193871,0.16666656182459616,0.16666644936151148,0.16666678677609328
1866,4373f667020e8713b7cf785263b3b733b034d5ee0bee0604f0b3d7ba78a369e4,Healthy-Leaf(1399),5,0.9999999999999976,0.16666667405023386,0.1666666688027862,0.16666667943977562,0.16666665512744377,0.1666666427147935,0.16666667986496708
1867,1f4bfd31a8474bc8c795f1cdf95d2abd4eace463ea9930b39635d1cc62092879,Healthy-Leaf(1399),5,0.9999999999999244,0.16666671352021117,0.16666668009537824,0.16666674801297746,0.16666659317923507,0.16666651434160001,0.16666675085059812
1868,5310c818f6c58dd7b1c6f9994a2e1ab5bb68dfe347f7d8dd2da5bd7587fd36ed,Healthy-Leaf(1399),5,0.999999999999829,0.16666673731978304,0.1666666869106046,0.16666678934491516,0.16666655583986945,0.16666643695417263,0.16666679363065515
1869,9bf4a7a51d6600a4c384a4955b415544b2d845e2fecaec7f07fceee91ecd2045,Healthy-Leaf(1399),5,0.9999999999999938,0.1666666793999101,0.1666666703241685,0.16666668875395238,0.16666664671286374,0.16666662529270748,0.16666668951639785
1870,ff8c6dde05b1ae6c62bdae2878460e1a4ec1b65c9159644511a8efac211de0b8,Healthy-Leaf(1399),5,0.9999999999999678,0.16666669708439216,0.1666666753799902,0.16666671947894435,0.16666661895447016,0.16666656777508518,0.16666672132711796
1871,9d9cf6a0bda8d1442955953f10ddccabbaa5b2802a0d31c8207172d801dbe700,Healthy-Leaf(1399),5,0.9999999999999982,0.16666667232276935,0.16666666829191001,0.16666667647328354,0.1666666578065566,0.16666664829393313,0.1666666768115474
1872,2f14bbc7ac5d3dfddd4707665181f509af5e7cce15fd384c7d061574cc1cf9b2,Healthy-Leaf(1399),5,0.9999999999999877,0.16666668511964836,0.16666667195821802,0.16666669869576395,0.16666663773136636,0.16666660668446923,0.16666669981053409
1873,70a24de8d2899200f6c6a3eb137215d43edd9bbaf9a4bcb4aef8cafc4de90f87,Healthy-Leaf(1399),5,0.9999999999997764,0.1666667475323349,0.16666668983903424,0.16666680707226222,0.16666653982510815,0.1666664037562789,0.16666681197498157
1874,e6ae1554ae1b2b025d66dc647a67fa06a7f1f92d3d57522547a4ab50b7d4b54f,Healthy-Leaf(1399),5,0.9999999999997701,0.1666667486652437,0.1666666901723329,0.16666680903261835,0.16666653805716194,0.16666640007922065,0.16666681399342245
1875,dc014b52db8ba9cb6a170dc21877264e0bd50f5c1907aefa010b305b07c54a93,Healthy-Leaf(1399),5,0.9999999999999907,0.16666668245473673,0.16666667121694878,0.16666669403653078,0.16666664194482714,0.166666615383535,0.1666666949634215
1876,eeb115e09cbd207d6784f8f532d907471c5d3765d9ddb40fc3838a5937315c00,Healthy-Leaf(1399),5,0.9999999999999238,0.16666671371908073,0.16666668015216307,0.1666667483552814,0.1666665928692043,0.16666651369882654,0.16666675120544402
1877,9c469b66b1d640d8c5122eb0d9c7822a0bf50d7e9740ad285aa990463d244a68,Healthy-Leaf(1399),4,0.9999999999999903,0.16666665038636663,0.16666666200626776,0.16666663838565654,0.16666669221489128,0.1666667196132697,0.1666666373935481
1878,271de686e9c8b58e10bd8416f0efc4e5f1a86d8bc8e229857cf1eb3511076a4d,Healthy-Leaf(1399),5,0.9999999999999649,0.16666669834846531,0.16666667573172456,0.16666672169527108,0.16666661695170992,0.1666665636409057,0.1666667236319234
1879,f288f0b8e9b002cde88bb9397bef10e8d967fb82b00f4c3df81a19256fbdf817,Healthy-Leaf(1399),5,0.9999999999998722,0.16666672768884813,0.1666666841498426,0.16666677261969426,0.16666657094810156,0.1666664682704242,0.16666677632308927
1880,86769485e07c5277a62b5bcb9ce2d4174cb1005a7493f1f3baca4fc19603632d,Healthy-Leaf(1399),5,0.9999999999999803,0.166666690291015,0.16666667343695604,0.16666670767952677,0.16666662961493514,0.16666658986611213,0.1666667091114549
1881,3d780e4c836ac7a2750a6496adb663a0c5d35da2f27027545b5932b954c6c527,Healthy-Leaf(1399),5,0.9999999999998921,0.16666672276365224,0.16666668272338406,0.1666667641010248,0.1666665786434213,0.16666648424579797,0.1666667675227196
1882,ad68fb12d81c2829690abdf309285098459334d51cd74e67edde643c6c320918,Healthy-Leaf(1399),5,0.999999999999996,0.16666667646268102,0.16666666950513445,0.16666668361786358,0.16666665135633546,0.16666663488211145,0.1666666841758741
1883,8a0596f15a0f3047094974b550788f955a0c40b1b70c0880324bb3ac6ed4938d,Healthy-Leaf(1399),4,0.9999999999999933,0.1666666534058869,0.16666666287317236,0.16666664362440978,0.16666668748218114,0.16666670980080436,0.16666664281354557
1884,db9ce67e158a40b25b033b4f5288b8927a420ade1536c29c78ba24a97c095c7e,Healthy-Leaf(1399),5,0.9999999999999992,0.1666666683031845,0.16666666713675266,0.1666666694985048,0.16666666410678904,0.16666666135772323,0.1666666695970457
1885,9b051074f77d6a444feadb30b0d61bae25f2b15680b81d0e2a641a9f30c20347,Healthy-Leaf(1399),5,0.9999999999999747,0.16666669352848862,0.1666666743591432,0.16666671331002833,0.16666662452761946,0.1666665793300615,0.16666671494465887
1886,f98508bfd2e94ecceee8e3f9eb78ef4e69287183be4526bed50f9c5ec9a8eb4d,Healthy-Leaf(1399),5,0.9999999999999631,0.16666669927658695,0.16666667602223598,0.1666667232632095,0.16666661553810688,0.16666656067197103,0.1666667252278897
1887,2363408be0f3b300d7a7a9be3b06317115107e9302abaecc2478d8a0eb6b1034,Healthy-Leaf(1399),4,0.9999999999999987,0.16666666261662255,0.16666666553639686,0.16666665957518134,0.1666666730752869,0.1666666799012113,0.16666665929530097
1888,9895564bb6dc6f23fc7073b90ee3858671a4ef5c21755ee8a015bbe653b366de,Healthy-Leaf(1399),4,0.9999999999999831,0.1666666449304846,0.1666666604693973,0.16666662886388603,0.16666670081948928,0.16666673740614044,0.16666662751060243
1889,587dfdb83150b57026f1a28f341dd20066ce81c88258abb497e8f0922e9e9c19,Healthy-Leaf(1399),5,0.9999999999998231,0.1666667385545913,0.16666668726266431,0.16666679148930155,0.16666655390181317,0.16666643293945332,0.1666667958521764
1890,c72a4823255b8c19018d221863c2b81312b9e542bd09c661af7b2ac65fd22e65,Healthy-Leaf(1399),5,0.9999999999998077,0.1666667416383998,0.16666668813457367,0.16666679686436178,0.166666549044607,0.16666642289030242,0.16666680142775525
1891,3708060e8016d55cf31a2e977d07d93fefbe1689c1ea8912b3c09079839da439,Healthy-Leaf(1399),4,0.9999999999999911,0.16666665108995363,0.1666666622179015,0.1666666395926418,0.16666669112640461,0.16666671734169344,0.16666663863140505
1892,80ccc40540b83f8e07fd1df7cf29c3802963243c02dadc0b8aaf7396a2488d4c,Healthy-Leaf(1399),5,0.9999999999998892,0.16666672354381415,0.16666668298431306,0.16666676538899955,0.16666657748419167,0.16666648178358473,0.1666667688150969
1893,6fcc60630acb220aa896106e973b8255d27b3ca20120bfcec183ca778f0b8b94,Healthy-Leaf(1399),5,0.9999999999999979,0.1666666731253373,0.16666666855021223,0.16666667781679134,0.16666665659623472,0.1666666457402674,0.16666667817115702
1894,5c5784278c96fda47dbd998aa557c021e85bfe2635514667cb3ea149c5634b41,Healthy-Leaf(1399),4,0.9999999999999968,0.16666665839644634,0.16666666431086793,0.166666652277031,0.16666667966663298,0.16666669358912606,0.16666665175989567
1895,017df46043b902977441887c39fbd3d57ae9ab42e5c4a12d4762d3a5190c4a8a,Healthy-Leaf(1399),4,0.9999999999999573,0.16666663158488532,0.16666665664785646,0.16666660568699107,0.16666672175759104,0.16666678080114422,0.16666660352153193
1896,6d7f9e2e10a915347a2ec3cac7d0161abf60cff90bd6b73e2a0ed6e23b696148,Healthy-Leaf(1399),5,0.9999999999996365,0.1666667698338017,0.1666666962192321,0.16666684582390187,0.1666665048185627,0.1666663312148173,0.16666685208968426
1897,fb19eca33aeb3cde2f47b6069fadcb9eef3ab15f8c8286a89b8b42a87cb4db1f,Healthy-Leaf(1399),4,0.9999999999999981,0.16666666099145624,0.16666666506771882,0.16666665676253214,0.16666667561676082,0.16666668517430816,0.16666665638722383
1898,6e6435d63565ba965d3fc8842feaedf1b961ae8099c84d7436b2a8698c51824e,Healthy-Leaf(1399),5,0.9999999999997197,0.16666675723113755,0.16666669260983513,0.16666682393649515,0.16666652459124037,0.16666637219511876,0.16666682943617298
1899,ca38714412c23779b19face4172e7717842f66f49f469c770a17a53b5939c916,Healthy-Leaf(1399),5,0.9999999999999977,0.16666667333213994,0.166666668572296,0.16666667824088105,0.16666665620855073,0.16666664499551345,0.16666667865061882
1900,c42e422248a09176d7049ebe5a7157b2c2dd1ca7fa3283082d213f4a39d995d1,Healthy-Leaf(1399),5,0.9999999999998754,0.16666672692721032,0.16666668394224504,0.16666677128018095,0.16666657215986128,0.1666664707655049,0.16666677492499757
1901,e3888785d88ae0fca1707a592bf43e85eb49de0f11b72f81e55b4104085deb75,Healthy-Leaf(1399),4,0.9999999999999948,0.16666665529509694,0.16666666343024095,0.16666664688118757,0.1666666845428985,0.1666667036840907,0.16666664616648535
1902,be5919123f20f152fd44e91c0c13c30f3a2117d8f405896005606636fd628cab,Healthy-Leaf(1399),4,0.9999999999999682,0.1666666365330754,0.16666665806704997,0.16666661428017196,0.16666671399562305,0.16666676471114716,0.1666666124129325
1903,281fe8f3f8191513f3a6b5910d86c7cd6950a2116da7b210b11867b977d6d533,Healthy-Leaf(1399),5,0.9999999999997838,0.16666674614950677,0.16666668942618673,0.16666680470125808,0.16666654196525102,0.16666640821859105,0.1666668095392064
1904,e0f59453fee3c013931adf8acf9c8a24bf1c1e468049edbf9a314bb395a3ce6c,Healthy-Leaf(1399),4,0.9999999999999858,0.1666666467433295,0.166666660979817,0.16666663202566476,0.16666669796168365,0.16666673149662825,0.1666666307928769
1905,165e435df82f6161b45271aa27d43095e9cc3fb6aee85d924a12081b21aff0c5,Healthy-Leaf(1399),5,0.9999999999999751,0.16666669329137732,0.16666667428554732,0.1666667129088761,0.16666662488949172,0.16666658008911614,0.16666671453559148
1906,d9f64d8f06fc53bafa67497fda8bec67acce85bd5f261979e175352beee31539,Healthy-Leaf(1399),5,0.999999999999994,0.16666667904735444,0.16666667021494874,0.16666668815856853,0.1666666472502771,0.16666662642001545,0.16666668890883582
1907,7b820bc6df3ca235a74863496e02047322c4facf95934970d9cabe840ea20be3,Healthy-Leaf(1399),5,0.999999999999667,0.16666676539045716,0.1666666949541177,0.1666668380863522,0.16666651180767023,0.1666663456873772,0.1666668440740255
1908,ff898f6df43e3a9b9a84234d360a247ab9677ded4c948eee38ac70c1803a41f5,Healthy-Leaf(1399),5,0.9999999999998315,0.16666673681437733,0.16666668678410163,0.16666678843580107,0.16666655666353733,0.16666643863238675,0.1666667926697958
1909,a581508578e4b6c40a70342fd0241684b09e26013096e7c011ed3b0bd38d06bc,Healthy-Leaf(1399),4,0.9999999999999845,0.16666664586574823,0.16666666075852168,0.16666663044687707,0.16666669939113862,0.16666673441137933,0.16666662912633515
1910,093993f5c2a57197cceff13738be35ba0fc9fb74a9b894ded62ec2d976859cc4,Healthy-Leaf(1399),5,0.9999999999998482,0.16666673323830308,0.1666666857282859,0.1666667822798971,0.16666656222065573,0.16666645019989942,0.1666667863329587
1911,3c12b227818f1a8c68a317a0c10abdc3c397019b03c6c12809fbf02a261e3b28,Healthy-Leaf(1399),5,0.9999999999998824,0.16666672524825057,0.1666666834565726,0.16666676838286856,0.1666665747789926,0.16666647620289518,0.16666677193042054
1912,7787f44d326d61c511b37987dda7c6db3f718db1e0b79890e7d1f3654cc471e6,Healthy-Leaf(1399),5,0.9999999999997495,0.16666675227711159,0.16666669120668004,0.16666681529813931,0.16666653239526222,0.16666638834363046,0.1666668204791763
1913,3c7553a4aab2c747488ff770b4a1b3aaf514d9054f9b3157d1d0144dbb48a8bf,Healthy-Leaf(1399),4,0.9999999999999982,0.16666666139299097,0.1666666651716354,0.16666665748347478,0.16666667496507612,0.16666668384180353,0.16666665714501913
1914,a00c8ec541ed38175031faac3d1162d5ab72a08ac6fdf423006f0e841451ac88,Healthy-Leaf(1399),5,0.9999999999996341,0.16666677019221887,0.16666669632827694,0.1666668464342496,0.1666665042677565,0.1666663300629716,0.1666668527145265
1915,be98ed94edb6eb540921a64de5c54adb2bc997cd7b8321d44bc542ff5e3e2c22,Healthy-Leaf(1399),5,0.999999999999756,0.16666675115780163,0.16666669085838667,0.16666681340407324,0.16666653410324722,0.16666639192760294,0.1666668185488884
1916,8e91d26ac1ae245a26cc5359979489da6b655aa5589551da0e2f000cbbc33bf3,Healthy-Leaf(1399),5,0.999999999999962,0.1666666997005972,0.16666667612190417,0.16666672403960178,0.16666661483452208,0.1666665592483795,0.16666672605499525
1917,b222489091c80e5840892da5275efb421bab694bdac73403dd0e9b675da42bca,Healthy-Leaf(1399),5,0.9999999999997232,0.1666667566514122,0.1666666924438305,0.16666682292216922,0.16666652550586214,0.16666637408957222,0.1666668283871537
1918,e9a943e834a94c28ca6f369229eff7e6f962554c359f2201a8a21b478904232c,Healthy-Leaf(1399),5,0.9999999999998723,0.16666672768307625,0.16666668413978214,0.16666677262750845,0.16666657094072385,0.16666646826894926,0.16666677633996002
1919,6df4e2ee1afa41d1466fff35e4fe39f99c744eda2763ef74849b19641ec7fe76,Healthy-Leaf(1399),5,0.9999999999999531,0.16666670345098009,0.16666667722337028,0.16666673051206474,0.16666660899236382,0.16666654709783496,0.16666673272338606
1920,1fbdef158239698a2e723eb80d5756d497bcc8b83583da663c71e2942f39e5de,Healthy-Leaf(1399),5,0.9999999999998003,0.16666674308605778,0.16666668857529732,0.16666679934056908,0.16666654681262935,0.1666664182241415,0.166666803961305
1921,01d5c5a424c1b05b640a18d97b675d8f0b2dc868007d9b09d9fb7892a015e752,Healthy-Leaf(1399),5,0.9999999999999256,0.16666671315395676,0.16666667997214063,0.1666667474079509,0.16666659372331638,0.16666651549811007,0.16666675024452526
1922,84dc596593e96078689ce5b81a50b9f49ac82e69952ae6c35da61cf630615f6e,Healthy-Leaf(1399),5,0.9999999999998154,0.16666674014927177,0.16666668770361834,0.16666679428838244,0.1666665513717035,0.16666642772083035,0.16666679876619367
1923,5739eb0b0f95d3b365f91a6ab0368943b9092346e13bfebfca60fc095c7f4a86,Healthy-Leaf(1399),5,0.999999999999957,0.16666670189123922,0.16666667675932897,0.1666667278219506,0.16666661141776287,0.1666665521504057,0.1666667299593127
1924,1f1bce6512e336d1f8c6e88dfa3a5f958d70fe6e0ef1504a5326e0a7ff08f2cd,Healthy-Leaf(1399),5,0.9999999999998633,0.16666672980266825,0.16666668475123766,0.16666677629909,0.1666665676240073,0.16666646138751462,0.16666678013548217
1925,a037db83c0ca591a1596e9d1414355fab77740fdc878c0856fe7ee78d07d0279,Healthy-Leaf(1399),5,0.9999999999999194,0.16666671505742162,0.16666668052574737,0.16666675069789866,0.1666665907520293,0.16666650932641214,0.1666667536404909
1926,f97b4dac60942c173dc2c5c3f97fcdd4747e22698d6cda83e37df4204754a9b3,Healthy-Leaf(1399),5,0.9999999999997682,0.16666674900082132,0.1666666902471352,0.16666680964713035,0.16666653749809918,0.1666663989535775,0.16666681465323643
1927,e2eb738bd5aa6a5c73d6ba5e5c667da73cccc0456efc7047b636b0dd32d5f850,Healthy-Leaf(1399),5,0.999999999999994,0.16666667907838262,0.16666667021765297,0.1666666882236899,0.1666666471908026,0.16666662630652554,0.16666668898294645
1928,bb8c2a2e5f0c78e24864fa325e7f8ec8c51f3fa5fa03f31665fe6a23c2f25d8c,Healthy-Leaf(1399),5,0.9999999999999232,0.16666671392448226,0.1666666802189659,0.16666674869328624,0.1666665925637481,0.16666651305236777,0.1666667515471497
1929,ebf4882fe70f217f87a8eb7904dfef9e7d32bd17641524f88bfc302a7d5dba2c,Healthy-Leaf(1399),5,0.9999999999999826,0.16666668886886568,0.166666673028965,0.16666670521590693,0.16666663184161565,0.16666659448281843,0.16666670656182833
1930,eb186aa1498d26db4e52ab479d7c2ae5fec8d2c4c245bbe8e639de28a28ad1c5,Healthy-Leaf(1399),5,0.9999999999999543,0.16666670295123673,0.1666666770939915,0.1666667296207858,0.16666660979938305,0.16666654874871373,0.16666673178588914
1931,b0d7334b985a2de9ee64465125eca0bd45d14543c953750922f880ec398558f7,Healthy-Leaf(1399),5,0.9999999999998976,0.166666721308104,0.1666666823195861,0.16666676154683946,0.16666658095165346,0.16666648900855013,0.16666676486526696
1932,38f7f8959db76a5c10311bf02deddef7c16a7fc8ee72d89c3fcfa5720d984c9b,Healthy-Leaf(1399),5,0.9999999999997949,0.16666674409846557,0.16666668884380606,0.16666680113110038,0.16666654519124122,0.16666641489694392,0.16666680583844282
1933,f52147bba792e04633b37238f2ab9abc78cbe2aeaaa92cdc77522bb66e7dcc15,Healthy-Leaf(1399),5,0.9999999999998536,0.166666732080313,0.16666668540805052,0.1666667802459332,0.16666656405882643,0.16666645399120966,0.16666678421566714
1934,c749487578f6b6a9fefc06443cc3baea63dfa97ec1548ee2e676228c02377f0e,Healthy-Leaf(1399),5,0.9999999999997085,0.16666675905205697,0.16666669312798654,0.16666682709874805,0.16666652173270283,0.16666636627507297,0.16666683271343274
1935,8bbbd70f6bacd9367d4403e07bf5079db092c389b3c753e58bf1aeaa0610ff98,Healthy-Leaf(1399),5,0.9999999999997253,0.16666675627353594,0.16666669233009584,0.1666668222767586,0.16666652608851126,0.1666663753060785,0.16666682772501987
1936,9177e7179319334d813d9bc667e4decc6dffb5926f6709b442bcfc2907f70cce,Healthy-Leaf(1399),5,0.9999999999999604,0.1666667005004724,0.16666667638512006,0.16666672536944407,0.1666666136374372,0.16666655671339972,0.16666672739412655
1937,f243d5aeff61ed0830d5927651e07a9fae64b98a4a96b36fab378317a68db796,Healthy-Leaf(1399),5,0.9999999999998446,0.1666667339955484,0.16666668595255707,0.16666678358300485,0.16666656104455294,0.16666644775083075,0.1666667876735059
1938,c23c4e5bf3d9797891fd61fbe75e4379fb876876bd9679cdbf1f3768acb355b3,Healthy-Leaf(1399),4,0.999999999999957,0.16666663147579708,0.16666665660159152,0.16666660552869833,0.16666672189986056,0.16666678112056382,0.1666666033734888
1939,75abf0d7a98a65ef434b7ef52b1bd240ed8e2a3cf58fe92a907a0558ccacb541,Healthy-Leaf(1399),5,0.9999999999999944,0.16666667859778675,0.16666667008699537,0.16666668737698062,0.16666664795661945,0.16666662788258899,0.16666668809902876
1940,7aec850607ec517530fbf1eb7186a17e932aab23ef749357d612340cfdcc68fd,Healthy-Leaf(1399),5,0.999999999999727,0.1666667560435496,0.1666666922657747,0.1666668218748835,0.1666665264518038,0.16666637605663448,0.16666682730735397
1941,c6f1b9d6df9ad514a8882dc2a91d8a5f79b52d2e62e4bcbbc5b6dcb8586a1f14,Healthy-Leaf(1399),5,0.999999999999826,0.1666667379452717,0.16666668707038174,0.16666679047035438,0.16666655482201165,0.1666664348759483,0.16666679481603225
1942,858e001176d0e8a37dc3abd323eb680612d5a02009a030d57fc850db54416879,Healthy-Leaf(1399),5,0.9999999999997656,0.16666674944965143,0.16666669038306134,0.16666681041840553,0.16666653680331858,0.16666639750262816,0.16666681544293502
1943,fbec80c283c4fcdad297ea9567120a5836210bc1cea267834fcc4547f3be483c,Healthy-Leaf(1399),5,0.9999999999998223,0.16666673873035534,0.1666666873230811,0.1666667917868098,0.16666655363656943,0.16666643237514328,0.16666679614804097
1944,f2f0167f52c20bb5134e90ebbe9495f4e47cda3232ab051351dbde8a799e7ad1,Healthy-Leaf(1399),5,0.9999999999998817,0.1666667253988154,0.16666668348981817,0.16666676865059663,0.1666665745333771,0.16666647570790002,0.1666667722194926
1945,0819116a8f927a1268ca73765c600bb1686aa2ca6c1b31353fb9c2c622b687ba,Healthy-Leaf(1399),4,0.9999999999999644,0.16666663476192434,0.16666665756268423,0.1666666112001413,0.16666671677865985,0.16666677047475592,0.16666660922183424
1946,4ecf4295d7962794a5624736661d1198f23fd2de0b04a5694ef707b45ab83b99,Healthy-Leaf(1399),5,0.9999999999998986,0.16666672104095892,0.1666666822604078,0.16666676105286962,0.16666658140008894,0.16666648991061483,0.16666676433505995
1947,71f518d3633d968dfb077767212f17bf8a22526efd14af686f4c83ff17b44908,Healthy-Leaf(1399),5,0.9999999999999467,0.16666670595571967,0.16666667793652049,0.16666673486307515,0.166666605059776,0.16666653895284794,0.16666673723206082
1948,230fc31cc567ac20ef44a21b6ccb48fb23d14231e4c64e4187774d6437e05cef,Healthy-Leaf(1399),5,0.9999999999998009,0.16666674297164738,0.16666668853602995,0.16666679915222468,0.1666665469817228,0.16666641858481604,0.16666680377355927
1949,ce2d76ac01e13cb7b6dd08eaa0d1d7a35b66d0054feec6394185e5c21a80efe3,Healthy-Leaf(1399),5,0.9999999999996716,0.16666676471327915,0.1666666947635475,0.16666683690836626,0.16666651287318474,0.166666347890936,0.16666684285068642
1950,e8d31f9da300793cd87dee79059b52bcb6e1cf611edcbb23ca7330d824b3a5c9,Healthy-Leaf(1399),4,0.9999999999999807,0.16666664337296813,0.16666666000025623,0.16666662620295497,0.16666670322135618,0.1666667424212026,0.16666662478126187
1951,a11833cb420564e3c2e436d82e0b3ca9b456507e06c3f23d53e2a04dab08084b,Healthy-Leaf(1399),5,0.9999999999999883,0.16666668467812853,0.16666667184579406,0.16666669790204852,0.16666663844957372,0.166666608150429,0.1666666989740261
1952,c33dec47e0d2f51c07e13c808f4edf1ef7ec677bb9f639825ad2474944ac4a62,Healthy-Leaf(1399),5,0.9999999999998751,0.16666672707285307,0.1666666839711871,0.16666677155478463,0.16666657191007078,0.16666647026789586,0.16666677522320852
1953,61b64bf8f2b579988311a8379b9f0bc84451f889c0eda099fe4b746a43a17e87,Healthy-Leaf(1399),5,0.9999999999998229,0.16666673861696446,0.1666666872784352,0.1666667916008458,0.16666655380069242,0.16666643273309095,0.16666679596997128
1954,e411763047d2bfe437ee7fdb966021f3a734db09ac35867e47ae5bee6838262b,Healthy-Leaf(1399),5,0.9999999999998083,0.16666674154152922,0.16666668811715893,0.16666679667824671,0.1666665492140543,0.16666642322518588,0.16666680122382502
1955,d9f0f183667611caff2a569ab731ba91d36f33f768814f1fc8dabd7709ab0fd9,Healthy-Leaf(1399),5,0.9999999999997918,0.16666674470527754,0.16666668902833984,0.16666680216592808,0.16666654425765615,0.16666641294495996,0.16666680689783853
1956,dc914690389d208c9c9c9a5c337470088b5eb3fc4253e32da469f93c4c5d56a4,Healthy-Leaf(1399),5,0.9999999999997371,0.16666675435920025,0.16666669180256768,0.16666681892166355,0.1666665291233438,0.1666663815640143,0.1666668242292104
1957,ad0c658193f4366e949dc6d953817f7ddeb721c072de989cb6daa1a7dddc6a1d,Healthy-Leaf(1399),5,0.9999999999998915,0.1666667229212361,0.16666668280648864,0.1666667643009337,0.16666657846582092,0.1666664838164213,0.16666676768909935
1958,2639f5a0b4dedbb419d0b1fcef3818e91eac4153d03a80dee7540fdb343be62e,Healthy-Leaf(1399),5,0.9999999999998416,0.16666673467644316,0.16666668616438718,0.1666667847339241,0.16666656000641283,0.1666664455722068,0.16666678884662597
1959,5faa46e70ed5b7e2fbaebd36df9ac9a10131348106551c42849933136797d35e,Healthy-Leaf(1399),5,0.9999999999999497,0.16666670482324278,0.16666667760777576,0.1666667328974197,0.16666660683345152,0.16666654263500102,0.16666673520310918
1960,0e24d65b32c7f5c3b0d799803f48eeb9922b942f0e14187d60909a0e46f2bfe0,Healthy-Leaf(1399),4,0.9999999999999839,0.16666664549876364,0.1666666606445914,0.1666666298342837,0.16666669994560093,0.1666667355759227,0.1666666285008377
1961,92307e0f2f7179a2777e2ff91cb338d64b3d41a45727416b334403fd60a6a770,Healthy-Leaf(1399),5,0.9999999999999437,0.16666670702933736,0.16666667821588596,0.1666667367793126,0.16666660332577446,0.16666653540398932,0.16666673924570025
1962,48481e91832536d7dbf435e3969a17ba1dd4f881033e4360dbab274dd82c1ef1,Healthy-Leaf(1399),5,0.9999999999996889,0.16666676206348463,0.16666669398846007,0.16666683233201324,0.16666651700477483,0.16666635647916594,0.16666683813210126
1963,598e25eb2bd01c36beb94fb8c23ee3556424ef3998075541682760b06a5e2f62,Healthy-Leaf(1399),5,0.9999999999999598,0.16666670072605322,0.16666667645051922,0.1666667257545945,0.16666661328838916,0.1666665559879838,0.16666672779246014
1964,d83bf0bb9c50228db2a34894c5423640c7dea1ec0280ff380b928c785dad21d3,Healthy-Leaf(1399),5,0.9999999999998787,0.1666667261572013,0.16666668370426002,0.16666676997874516,0.16666657333465415,0.16666647322866712,0.16666677359647228
1965,1a6261881807d99b14faa5322cd18b9af8755b417d667f72fbd58d5585ac35c5,Healthy-Leaf(1399),5,0.9999999999996773,0.16666676385324203,0.16666669451191288,0.16666683542209174,0.16666651421476378,0.1666663506795846,0.16666684131840498
1966,258b0f1ba686033535aac4924c5c87cddfa1c60e00ec97b3cf9177a97d651e3d,Healthy-Leaf(1399),5,0.9999999999997634,0.16666674982576987,0.1666666904885689,0.16666681107313783,0.16666653621105523,0.16666639627817292,0.16666681612329529
1967,9d783fa42f1a2a18f293d448166f7597dcea570ca0620e734a232dbaba520809,Healthy-Leaf(1399),5,0.9999999999996813,0.1666667632457943,0.1666666943343192,0.16666683437576063,0.16666651516008438,0.16666635264490567,0.16666684023913578
1968,87f0b2da07f30689f653189d4faaf3c37325325243df6381a7df1fa7a5657f75,Healthy-Leaf(1399),5,0.9999999999999207,0.16666671469876074,0.16666668043248414,0.16666675005951737,0.1666665913301613,0.16666651050968426,0.16666675296939212
1969,ba557ccf8cc05a508b48af4e3fd54f5dbc563fa35dfb7eaea80a76cb42fac938,Healthy-Leaf(1399),5,0.9999999999997146,0.16666675802606346,0.1666666928424451,0.16666682530720706,0.1666665233532866,0.16666636962139908,0.1666668308495987
1970,dc3aeb183b61fea4fc34a5dffd9c1f9f55acc097a7d32af0e3bddec031c2c66f,Healthy-Leaf(1399),5,0.999999999999919,0.16666671518948953,0.16666668056505662,0.1666667509242692,0.16666659054762473,0.1666665089003354,0.1666667538732245
1971,5116595d0d620f4e7c7e5868d94f74b8aec2acf8fc32500e053da521703685f4,Healthy-Leaf(1399),5,0.999999999999918,0.16666671550276244,0.16666668067047646,0.16666675144184073,0.16666659008219342,0.16666650791105628,0.16666675439167064
1972,ef12eac5d4d79fe7062716450a86a414584402393d9fa993fefeeb1e2adf38e5,Healthy-Leaf(1399),4,0.9999999999999958,0.1666666565993915,0.16666666377749131,0.16666664918862878,0.16666668245430155,0.16666669939640952,0.16666664858377728
1973,78ae7a003223b31a8b5c7b50a4a52acc2b70e2c4ecd6289587f044473ec85df0,Healthy-Leaf(1399),5,0.9999999999998588,0.16666673083496672,0.16666668505488672,0.16666677807499258,0.16666656602000354,0.16666645804996424,0.1666667819651861
1974,ee13cb11def5e766ace8e012eea033f345ac6a280945a749eb2ff12c5384c395,Healthy-Leaf(1399),5,0.9999999999998233,0.1666667385249496,0.16666668725372308,0.16666679144056634,0.16666655394624813,0.16666643303247183,0.16666679580204097
1975,c7bd6ac7f2eb90a2098ae7d464cf7f2a53e29906538e4b913d5489f647d54148,Healthy-Leaf(1399),5,0.9999999999996323,0.166666770414233,0.1666666963977453,0.16666684680233718,0.16666650393430454,0.16666632936146372,0.1666668530899162
1976,e5dcc141322ea284e4e1ba00e013c69abe84b6091c171c0f91d5cd3763f96518,Healthy-Leaf(1399),5,0.9999999999999009,0.16666672042914835,0.1666666821171392,0.16666675993443758,0.1666665824143955,0.16666649196217237,0.16666676314270698
1977,221c9c8fe7e2f92c1db4140db8cd4bc6db50902ec73d7fd7a191d487b990a4c5,Healthy-Leaf(1399),5,0.999999999999904,0.16666671952087805,0.16666668180321553,0.1666667584466013,0.16666658375083476,0.1666664948165611,0.1666667616619092
1978,a1fa61214478930bcebdd7c4c4ee358cc3bade47e764cffae4f18e384079f034,Healthy-Leaf(1399),5,0.99999999999989,0.16666672329032356,0.16666668289152434,0.16666676497990243,0.16666657785032413,0.1666664825737956,0.16666676841412997
1979,edac2a83b15e358045f8d85d2c33cab8f2b9fe165b56cdd1c1178bca0c2508a1,Healthy-Leaf(1399),5,0.999999999999818,0.16666673957287112,0.1666666875668476,0.16666679323297912,0.1666665523275144,0.16666642965622822,0.16666679764355952
1980,9e2d8f4e0c04479c1b3e19c8eea87fb11c6ec7788a771a3009fb40bd25552864,Healthy-Leaf(1399),5,0.9999999999999235,0.16666671380933124,0.16666668020232217,0.1666667484678558,0.1666665927701317,0.16666651345469904,0.16666675129566
1981,5331bd54ab0ef9a0e087bc2188e352df497a9f8c44b8019bcb1eeea7e4d18636,Healthy-Leaf(1399),5,0.9999999999998612,0.16666673027972984,0.16666668488389383,0.16666677713940908,0.1666665668655087,0.16666645982241357,0.16666678100904495
1982,736c5514da50de3b43deb10d55d2393b4a297acf0adebdf110d45bf108e0a696,Healthy-Leaf(1399),5,0.999999999999771,0.1666667485459127,0.16666669014070465,0.16666680881149942,0.16666653825504316,0.16666640048402773,0.1666668137628123
1983,ff993daf20f17a3e398651f75b6b16a47e8ffd77edf874b935a9ec419c39cab2,Healthy-Leaf(1399),5,0.9999999999999991,0.1666666687685246,0.16666666726649668,0.16666667031461713,0.16666666336951344,0.16666665983547346,0.1666666704453747
1984,d2a8fb328ca891e74f052138210f5a747d256b4290626f15a5e97ad72ef36cfd,Healthy-Leaf(1399),5,0.9999999999996951,0.16666676112897258,0.16666669372684137,0.16666683070036314,0.16666651847994424,0.16666635952734837,0.1666668364365303
1985,dae9064d5aeea36769cae9a07b926a727a271ec4284165622bc6a0d8a9a99e91,Healthy-Leaf(1399),5,0.9999999999997184,0.16666675744209308,0.16666669266913287,0.1666668243007632,0.16666652426108117,0.16666637151208852,0.1666668298148412
1986,90a8dce76f39a039e50475010156e4e5e51bc95f8115729904928ac1086615b0,Healthy-Leaf(1399),5,0.9999999999997673,0.1666667491468472,0.16666669027929104,0.16666680992148583,0.16666653724995822,0.1666663984550767,0.16666681494734106
1987,bff4c74809d3a86a5e8c0eb1ee4a0d27ec21dd2ae516f151e83939533d50201c,Healthy-Leaf(1399),5,0.9999999999997173,0.16666675762674635,0.16666669272425141,0.1666668246159482,0.16666652397627138,0.1666663709179704,0.16666683013881226
1988,e0696a488f8df84b08140a2f273c4945e64ce44e4c71c3e585283d07e20972c2,Healthy-Leaf(1399),5,0.9999999999995808,0.16666677744626462,0.1666666983954839,0.16666685904792342,0.1666664928708858,0.16666630645815483,0.16666686578128742
1989,c4135958461919e4d9a359dabcad5b4a5ffc34d8ee9e948334a017594fbb2304,Healthy-Leaf(1399),5,0.9999999999998888,0.16666672363080975,0.1666666829774662,0.1666667655902768,0.16666657729724602,0.16666648144554025,0.16666676905866099
1990,799dfc95b62a849f4cc0a92a37365deeaccf2a8fbd57e9ab03c562f765f3dc80,Healthy-Leaf(1399),4,0.9999999999999883,0.16666664883145196,0.16666666160085974,0.16666663561452918,0.16666669472300336,0.1666667247481321,0.16666663448202368
1991,0298d5d6247e97ef1aa20d9901513bb1e2d09efd81e4e35b4073d45c66ae415d,Healthy-Leaf(1399),5,0.999999999999995,0.16666667794048398,0.166666669928419,0.16666668618525995,0.16666664903720754,0.1666666300756066,0.1666666868330229
1992,1a278a4add55b4304979f8efb63d9b5e1664d5727ab63a6661bbb4ce6fea695b,Healthy-Leaf(1399),5,0.9999999999998561,0.16666673146003136,0.16666668524340267,0.16666677914904343,0.16666656505205718,0.16666645602957378,0.16666678306589156
1993,ad5a87981a09d7c2cbc66737800d708a597df758b4721fc2e3dc9733ec30effa,Healthy-Leaf(1399),5,0.9999999999997801,0.16666674683943494,0.16666668962984013,0.16666680588866215,0.16666654089328103,0.16666640598719454,0.16666681076158718
1994,4775c93216531ea9d91616fe2ac897fdff89e1879bcfb2a3b4c53c34f8ec5e27,Healthy-Leaf(1399),4,0.9999999999999926,0.16666665263930103,0.16666666264578198,0.16666664230766448,0.1666666886709617,0.16666671227710353,0.1666666414591872
1995,c623aac057be8741ff3717a80abca3131fa9ad46e7602ef8aaa436d8188e644a,Healthy-Leaf(1399),5,0.999999999999709,0.1666667589565182,0.1666666931167502,0.1666668269118918,0.1666665219051805,0.16666636660797168,0.1666668325016877
1996,313781b081263e11df7db7222be2fc45971810cae743227df5cd30da87765b64,Healthy-Leaf(1399),5,0.9999999999999855,0.16666668682048166,0.1666666724687875,0.1666667016043133,0.1666666351057219,0.16666660120488827,0.16666670279580742
1997,7cc0354b39076ff1ce2217881a60fbe55742d938b3e55bd14390324acb681c88,Healthy-Leaf(1399),4,0.9999999999999827,0.16666664461775352,0.16666666037960393,0.16666662831890466,0.1666667013112855,0.16666673842538188,0.16666662694707057
1998,ab686f420a440ff44112438044266127d60bcf95c8e527d1cc17ff5523afd590,Healthy-Leaf(1399),5,0.9999999999997328,0.16666675506955128,0.16666669200846543,0.16666682014729317,0.16666652801555534,0.1666663792636359,0.1666668254954989
1999,7c45fdbcd57b2a0ce8a8c2709973ad5df8d29ba54c3b26fff84c9f0b99d49e18,Healthy-Leaf(1399),5,0.9999999999997091,0.1666667589518115,0.1666666931074001,0.16666682690895493,0.16666652190482356,0.16666636661866854,0.16666683250834152
2000,07a5aa6c29d41e4ce6cb3bce6a17c71a49cf115f698bc75fa8c4d8dee5a3e042,Healthy-Leaf(1399),5,0.9999999999998755,0.16666672690423884,0.16666668394433556,0.1666667712309031,0.16666657220677483,0.16666647084986635,0.16666677486388132
2001,8b737cf061aac28a1053b9e92e78eeb65a26c506e57e90908ad503ac487d9f61,Healthy-Leaf(1399),5,0.9999999999999978,0.16666667344783428,0.16666666864801907,0.16666667837532798,0.16666665609415754,0.1666666446922442,0.1666666787424169
2002,49f21b2ded8856e52c2292bf46072a4368f3962ff10b427359b7a5d7370c1945,Healthy-Leaf(1399),5,0.9999999999997548,0.16666675136261708,0.1666666909493886,0.16666681370171973,0.16666653383798172,0.16666639132644823,0.16666681882184456
2003,ca92e78824554e2f6315ebb0609f222b978ff24f08c2261192e90587912b56e5,Healthy-Leaf(1399),5,0.999999999999745,0.16666675304363562,0.16666669140696264,0.1666668166729077,0.1666665311532181,0.16666638580133583,0.16666682192194018
2004,0a0bf2907697460a9d984f28d958cbe8cc1f14cdf8ef8d2da9ea9beb203c4984,Healthy-Leaf(1399),4,0.9999999999999912,0.1666666512643038,0.16666666228411073,0.1666666398638557,0.16666669088268568,0.16666671681029083,0.16666663889475333
2005,82b53f5a60aefee6b746d70ac97216b655ee53d6f7ab70e21d8bd26019872cc3,Healthy-Leaf(1399),4,0.9999999999999797,0.16666664270018064,0.16666665980982368,0.1666666250284616,0.16666670428216435,0.16666674461592113,0.16666662356344863
2006,d88733a2b0f3b19fe8a0009b0e36a230cb52b56955f342b470b0ddd5148ab435,Healthy-Leaf(1399),5,0.9999999999999236,0.16666671375605988,0.16666668018569047,0.1666667483828373,0.16666659284792096,0.1666665136189043,0.166666751208587
2007,56b10fd3f187997bc2cfc516e13307cc72889b3547cf00cae2f85c73f28f8aa7,Healthy-Leaf(1399),5,0.999999999999748,0.16666675252140598,0.1666666912650598,0.16666681575036432,0.16666653198706297,0.16666638751710727,0.16666682095899965
2008,e8edee0c9ae047f4b4d700c1231a7baa19daef48a513f1b443f2ee211d35951f,Healthy-Leaf(1399),5,0.9999999999999785,0.16666669144918897,0.16666667379819156,0.1666667096383249,0.166666627848832,0.16666658615863755,0.16666671110682504
2009,53db99287d4c1d91874760b2ecff0d913013feae5a7b36251a69c8cef14e7f9f,Healthy-Leaf(1399),5,0.9999999999999983,0.1666666719153401,0.16666666819117829,0.16666667573876795,0.16666665847230114,0.1666666496485344,0.16666667603387814
2010,f4165833b3664985f9836b4f376bf83272dd74275289560a63d85e63e0f28f9a,Healthy-Leaf(1399),5,0.999999999999758,0.16666675079868368,0.1666666907724194,0.1666668127585325,0.1666665346902444,0.16666639311864734,0.16666681786147272
2011,6bf609d95f4fa6275059755e1aec3a0b34c7283c11ddd7423fe1846e21418a2a,Healthy-Leaf(1399),5,0.9999999999999124,0.1666667172089729,0.16666668115298064,0.1666667544102585,0.16666658739856044,0.16666650235783106,0.16666675747139642
2012,e0dd090e42860d7a77a3fd530b292f52253c255e0e3232d8e90ece98ea0ff3e5,Healthy-Leaf(1399),5,0.9999999999999943,0.16666667862196521,0.16666667010040445,0.1666666874029267,0.16666664793285066,0.1666666278225746,0.16666668811927846
2013,a94d7dab85aca632c1b62d1470c51941e29f9792e9c88b8bc3c97ea0d7944bf2,Healthy-Leaf(1399),5,0.9999999999999656,0.16666669809546475,0.16666667568668675,0.16666672121193232,0.16666661739263317,0.16666656451195108,0.16666672310133201
2014,8d11d525ae54284ab844d57a3cd19f0521842999a7df9dd4d0b0345020eb8e26,Healthy-Leaf(1399),5,0.999999999999882,0.16666672535008895,0.1666666834931382,0.1666667685467762,0.16666657463183251,0.16666647588618788,0.16666677209197622
2015,8e1fe12f29cc340db69a8a3ee4dedef9fa914a536f54d4a56f95ab7501cbef24,Healthy-Leaf(1399),5,0.9999999999999898,0.16666668343096142,0.16666667150023695,0.1666666957281274,0.16666664041771892,0.16666661221305176,0.16666669670990364
2016,e770813eb9fba12bde6891c27b2894279f57849898092fd0c45435ee1baeae03,Healthy-Leaf(1399),5,0.9999999999999974,0.1666666742187274,0.16666666882083084,0.16666667979267197,0.16666665480662932,0.16666664209885204,0.16666668026228842
2017,f7f7bfff3f3bd845d216f0b609143e3469db0516303b0a9475a15d32b8868ba3,Healthy-Leaf(1399),5,0.9999999999997226,0.16666675675518372,0.1666666924701311,0.16666682311158085,0.1666665253350473,0.16666637374152435,0.16666682858653262
2018,e0071ac434756bb19837703502a5498b928fb58cb5afc5eeb28fc0ccb18e4c92,Healthy-Leaf(1399),5,0.9999999999998749,0.16666672709648617,0.16666668398977855,0.16666677157486043,0.16666657189332798,0.16666647021438508,0.16666677523116172
2019,c58f01de641f43df51231d62415752eb8007658c8693169ac5975baabd956fc9,Healthy-Leaf(1399),5,0.999999999999949,0.1666667050183605,0.16666667766445975,0.16666673323285147,0.1666666065300516,0.16666654200463388,0.16666673554964273
2020,f54cb1d7907bf5483843cdccb7153e1a37ef3dd794eebe862a8142b231f973e5,Healthy-Leaf(1399),5,0.9999999999999876,0.16666668518501823,0.16666667200700727,0.16666669875442555,0.16666663768154885,0.16666660653325702,0.166666699838743
2021,085f3ca7b4251eccd24d72e9e2a45b8d2b38ba286d9ecc2f16daf0bda60fc34c,Healthy-Leaf(1399),5,0.9999999999998785,0.16666672617754358,0.16666668371954582,0.16666676999011254,0.16666657332385254,0.16666647319017466,0.16666677359877086
2022,e4affe46a7c29c30e407c257555b665b24a9e4099a15ad82c0796befe9f89086,Healthy-Leaf(1399),5,0.9999999999999853,0.16666668694553977,0.16666667249341457,0.16666670183980442,0.166666634891336,0.16666660077799103,0.16666670305191428
2023,6976630c28ea0bd2f7dd11f43ad4c40fb4aef6baea9b37788f155d9f3fbcf371,Healthy-Leaf(1399),4,0.9999999999999988,0.16666666307119668,0.1666666656639051,0.16666666037918332,0.16666667235091137,0.1666666784055653,0.16666666012923817
2024,9082c7aaa1e57eefc6acdc72ec021fd6d4a69038bd7f3cc4abe2fabbdf8a321b,Healthy-Leaf(1399),5,0.9999999999999543,0.16666670307133005,0.16666667711531005,0.1666667298404025,0.16666660959665577,0.16666654834753233,0.16666673202876936
2025,f50ca187d1065306553feced37fc75bd5543335207f70d70081e158ec7e7bd00,Healthy-Leaf(1399),5,0.9999999999999102,0.16666671776531009,0.16666668130103435,0.16666675540054782,0.16666658650355526,0.1666665005214503,0.16666675850810214
2026,23c21b7e34b9e522c69deefe704e0312d6d05942bf835e6e80fe36db43296b19,Healthy-Leaf(1399),5,0.9999999999999861,0.16666668625576103,0.16666667231763924,0.1666667006090037,0.16666663600709034,0.1666666030568253,0.1666667017536803
2027,865ac6c3689fbb7e970ec79b339deebd8138c7ba70e846a20d561c15ab776508,Healthy-Leaf(1399),5,0.9999999999999954,0.16666667740032345,0.1666666697422893,0.16666668530134693,0.166666649831696,0.16666663177185384,0.1666666859524905
2028,c5cfdfa3ce1cc2be80e9626e06b351cbf32519cb5ca694c95a5f382e94972ecc,Healthy-Leaf(1399),5,0.999999999999763,0.16666674994629918,0.1666666905230782,0.16666681128297578,0.16666653602158507,0.16666639588565918,0.1666668163404027
2029,dfd324c56ec130f3fc0e891df91285bdf75d94c40c5ec128221958862f29e65c,Healthy-Leaf(1399),4,0.9999999999999754,0.16666664020906105,0.16666665913244966,0.16666662064152038,0.16666670825026142,0.16666675278339285,0.16666661898331453
2030,4c0a0caf1fbf9f0d0a87e02392ac548e698757d55648c91290b704c2355c1159,Healthy-Leaf(1399),5,0.999999999999943,0.16666670730244035,0.1666666783309969,0.1666667371892178,0.16666660296004843,0.1666665345875318,0.16666673962976478
2031,175a9d6cfaa9ef526fdde585e62af9ae3a585b59fbc3b02c62a20faf932e3e8b,Healthy-Leaf(1399),4,0.9999999999999638,0.1666666344420506,0.16666665746239498,0.16666661065693877,0.1666667172676593,0.16666677150157616,0.16666660866938016
2032,ba07ea0fde43857a349c6a6df87b3adc93410eb96231375dce4447cec18b9432,Healthy-Leaf(1399),5,0.9999999999999039,0.16666671956653237,0.16666668183925923,0.1666667584998432,0.16666658370881748,0.16666649469514108,0.16666676169040665
2033,63b26a3fbff62b4952718877a1b38fff7fcfd1edccf793b24b3318ecee8fca7d,Healthy-Leaf(1399),4,0.9999999999999865,0.16666664733985456,0.16666666116904663,0.16666663303737408,0.1666666970517748,0.16666672958288622,0.16666663181906374
2034,3f1c6abcd81299cf7cb5922b9ae569874d40ad0ea6dafcceed1f28d21572756e,Healthy-Leaf(1399),5,0.9999999999999738,0.1666666940251784,0.16666667453391007,0.1666667141192384,0.16666662380141803,0.1666665777738543,0.16666671574640088
2035,2fd4343594f7f05fbb2aff9936aca1a814ed7bdef35a1a158d4a968ee25a6397,Healthy-Leaf(1399),5,0.9999999999999317,0.1666667112228436,0.1666666794663991,0.16666674397347547,0.166666596832267,0.16666652186703346,0.16666674663798134
2036,4af410b10885a01186e7c1954590838add409fe57bfda1a6f3d9488e3de6816d,Healthy-Leaf(1399),5,0.9999999999996343,0.16666677013761336,0.16666669631177697,0.1666668463401924,0.16666650435244773,0.1666663302397633,0.16666685261820638
2037,76b2429653a62bd27abc41a6ef65c98d98c7b407222f198b971ba8da3b631b97,Healthy-Leaf(1399),5,0.9999999999998732,0.1666667274753455,0.16666668409566318,0.16666677223537596,0.16666657129583867,0.16666646897990103,0.16666677591787565
2038,7b7e5dd68e01e6996f1e9523a54bdcb1061bbfc41ba33f1af606ad760493f792,Healthy-Leaf(1399),4,0.9999999999999982,0.16666666161739657,0.1666666652178267,0.16666665789731266,0.1666666745872747,0.16666668308628624,0.16666665759390303
2039,db4b0bb23def5f696120e6588f425ebf773158f5f06084452914ad547baf11b5,Healthy-Leaf(1399),5,0.9999999999998518,0.16666673243487568,0.1666666855104883,0.1666667808631239,0.16666656350207595,0.16666645283625975,0.16666678485317635
2040,0b040940e4323c31e0bec4d2d640a51079ec00f7138a785cc3398a3979558568,Healthy-Leaf(1399),5,0.9999999999997963,0.16666674384819555,0.1666666887952255,0.1666668006602682,0.16666654562039596,0.16666641575038857,0.1666668053255262
2041,eca8c4796af2ceb92f1a3ab7f499946a0f0accb59a613fdbe98ebfc9e076e3da,Healthy-Leaf(1399),5,0.9999999999999463,0.16666670621270735,0.16666667801845794,0.16666673529245035,0.16666660467235586,0.16666653813641252,0.16666673766761594
2042,9a9a224f7324e7035662da1cf9c981a8522f5db4fb6d47e09d3e38dab6fbdafd,Healthy-Leaf(1399),5,0.9999999999998244,0.1666667382884582,0.16666668718615954,0.1666667910295493,0.16666655431756067,0.16666643380184898,0.16666679537642326
2043,883062d100585b9d0931a54c8004aa6c4250936905bee37372eeb1b23a28d16f,Healthy-Leaf(1399),5,0.9999999999998691,0.16666672843283384,0.1666666843634384,0.16666677391609927,0.16666656977820207,0.16666646584573958,0.16666677766368676
2044,22199bc48b38f812b4f0e34bfd2a8bddd0ceac11932642833da5a8054d200be7,Healthy-Leaf(1399),5,0.9999999999997078,0.16666675914530646,0.1666666931653283,0.16666682724473383,0.16666652160274845,0.16666636598919377,0.16666683285268916
2045,a5cc3bc9810807f34b2b79172d3360a6d8171107c12381e4c2245885b8ca09b2,Healthy-Leaf(1399),4,0.9999999999999908,0.16666665082989612,0.1666666621505983,0.16666663912400234,0.16666669154961752,0.16666671820684448,0.16666663813904128
2046,5fdb402c3f8c390dcae9e1c88b1b79e11300ec69196e3fe25c261bbb5e5e16a8,Healthy-Leaf(1399),5,0.9999999999999005,0.16666672052080223,0.16666668211066565,0.16666676015155746,0.16666658221437486,0.16666649159962285,0.16666676340297695
2047,675a616705bdfb8a971d34bfafc7078c19cc091dcc5562a6a401cd9ba5b48380,Healthy-Leaf(1399),5,0.9999999999997584,0.16666675070056272,0.16666669074029514,0.1666668125889385,0.16666653484151567,0.16666639343768416,0.1666668176910038
2048,0dcdb294e7f0d87d9effeebbb0a7bdd8c1ce01be2878612bd1d22472b8f9e226,Healthy-Leaf(1399),5,0.9999999999999023,0.16666672001716698,0.16666668197032938,0.16666675927021526,0.16666658301108345,0.16666649324468613,0.16666676248651874
2049,9fe3859a4611736a5d5b70df61506e980e2d3997206e8020baaf66381c96996d,Healthy-Leaf(1399),5,0.9999999999999979,0.16666667293533302,0.1666666684753556,0.1666666775293601,0.16666665685495555,0.1666666463098105,0.16666667789518527
2050,3c817e8a43c19d08b8b5e78bc2050ba30accb0b4e523292c90d30d19bf7cfca2,Healthy-Leaf(1399),4,0.9999999999999991,0.16666666364803193,0.1666666658013296,0.1666666614239793,0.16666667140236235,0.16666667648278002,0.1666666612415168
2051,0c20a4ba677a2985a03d132cd06c0670fecb7d6f121129e7784e86356eab9c16,Healthy-Leaf(1399),5,0.99999999999993,0.1666667117547764,0.1666666795956649,0.16666674493629946,0.1666665959593389,0.16666652009405714,0.1666667476598633
2052,0eb59282f0a49bc7d5c18a8c339384ddf44370ff5ef81b2005d039a35557eb58,Healthy-Leaf(1399),5,0.9999999999997837,0.16666674621557687,0.16666668948685495,0.1666668047473349,0.16666654192973873,0.16666640807964414,0.1666668095408504
2053,bd0a31295237377dc6a517244a27f2b635dac0840b4bc49c925fafac59507fb8,Healthy-Leaf(1399),5,0.9999999999999915,0.16666668181547592,0.16666667103541521,0.16666669291030872,0.16666664295936715,0.1666666174818472,0.16666669379758578
2054,b90055b5c7debf92a0fb0962e5dc37b1273feb5652f4274d0490f2f8f97568b4,Healthy-Leaf(1399),5,0.999999999999968,0.16666669701709538,0.1666666753843205,0.1666667193315044,0.16666661909303587,0.16666656802646918,0.16666672114757464
2055,030a71b5eb93323a34eab654f99ff8cf53ab2f3854fc259674e2cf4d3d7aa82a,Healthy-Leaf(1399),4,0.9999999999999868,0.16666664756025465,0.1666666612312116,0.16666663342168395,0.16666669670445625,0.16666672886449665,0.1666666322178968
2056,4910b825c33e9a1de755071a8b8858a0af688c411932f74d5c1fd6cc13373bb4,Healthy-Leaf(1399),5,0.9999999999999482,0.1666667053683982,0.16666667780107142,0.16666673378156238,0.16666660603982342,0.1666665409317629,0.16666673607738167
2057,7f3a7c77f2767577f3560e7ea4689bb0dea4a334a0a1584c20ea5184942645b9,Healthy-Leaf(1399),5,0.9999999999998905,0.16666672316541437,0.1666666828516555,0.16666676477124928,0.16666657803856263,0.16666648297061462,0.16666676820250356
2058,a17d47e418efbd38f6f1021d35fddf8ed675e2bb311b39503fe71de633e1241a,Healthy-Leaf(1399),4,0.9999999999999774,0.16666664130294293,0.1666666594454517,0.166666622543691,0.1666667065322771,0.16666674922347235,0.16666662095216475
2059,8d0c6ad43e4f1b36daa8e3b06d1863e95b26e58297a1d625cee5c797f85b56f0,Healthy-Leaf(1399),5,0.9999999999999172,0.16666671573865627,0.16666668075013127,0.1666667518283978,0.1666665897340343,0.16666650716995174,0.16666675477882856
2060,39803edf8f2b7199c7220335b82ce65bd59244ad1b22b8bff77e37532ddc197f,Healthy-Leaf(1399),5,0.9999999999998144,0.1666667403485681,0.16666668779648564,0.1666667945719073,0.16666655111995923,0.1666664271424533,0.16666679902062645
2061,5f897c2e55544439318881167f21cb3970d4862f9992500f833e59a9d9894285,Healthy-Leaf(1399),4,0.9999999999999961,0.16666665736346417,0.1666666639992321,0.16666665051295698,0.1666666812588564,0.16666669691446412,0.1666666499510261
2062,373653c18e375253c99010333fb4852f5e3aeb6f159cf582eef86155912b6688,Healthy-Leaf(1399),5,0.9999999999999992,0.16666666771328836,0.1666666669881465,0.16666666843721026,0.1666666650677651,0.16666666331701854,0.16666666847657122
2063,647b321689e440c3d0b39e21283aa9e3fbea8873aee8e18b82e98da05d49b809,Healthy-Leaf(1399),4,0.9999999999999934,0.16666665354811894,0.16666666292001242,0.16666664386633823,0.16666668726567738,0.16666670934314365,0.16666664305670947
2064,bbbee24866d905d4cd3c22720e00ca9a5a427e0ccf106586370568ace2c9fa02,Healthy-Leaf(1399),5,0.9999999999998116,0.1666667409015291,0.16666668796547,0.1666667955140623,0.1666665502702493,0.1666664253645032,0.16666679998418618
2065,7fe9294efd6a6ef0a42a6504705621051b2e8237288d84965487d20595864515,Healthy-Leaf(1399),5,0.9999999999999989,0.16666666965616653,0.16666666754675816,0.1666666718077084,0.16666666202319635,0.1666666570034899,0.1666666719626806
2066,79070d87676ec0fa226c04210a22ed6de78f9107f50e85ace2e602a4830b70f4,Healthy-Leaf(1399),5,0.9999999999999438,0.1666667069642779,0.1666666782305955,0.16666673660430245,0.16666660348713205,0.16666653568501705,0.1666667390286751
2067,dffde58d3110016f7a484655a6c4f963cae25e8770ee5dc9f5bb610aa46b42a5,Healthy-Leaf(1399),5,0.9999999999999754,0.16666669318112737,0.166666674313231,0.16666671261484373,0.16666662516265976,0.16666658056156544,0.16666671416657267
2068,0c4743195a79422fdbebd001525b91939807a2f4bf60237a6076a514cedbd12b,Healthy-Leaf(1399),4,0.9999999999999992,0.16666666546731557,0.16666666635917776,0.166666664523985,0.16666666860750373,0.16666667063262205,0.16666666440939598
2069,cb1fdd44fbf43012f72bffaa8f763b01a630cc52f482f4ba3d362203c278ba27,Healthy-Leaf(1399),5,0.9999999999997048,0.1666667595949615,0.16666669327821992,0.16666682805657995,0.1666665208680972,0.1666663644922621,0.1666668337098793
2070,3e3d902caacc84063878706f1890612a128cd41f441b81559307cff708612aa5,Healthy-Leaf(1399),5,0.9999999999999533,0.16666670341027479,0.1666666772000175,0.16666673045525335,0.16666660904073,0.16666654721562893,0.16666673267809554
2071,2de924ec3bf4ad0c71406fde03e73d1d5140e3d398ef0b0c7d2c64bff1fc6b54,Healthy-Leaf(1399),5,0.9999999999999509,0.1666667043232538,0.16666667746250172,0.166666732044495,0.16666660760640123,0.16666654424209854,0.16666673432124973
2072,f848a23282403c31569eaa8d7aed9dd5bb458e56c357e27e31aabddc57c9b0c0,Healthy-Leaf(1399),5,0.9999999999999546,0.16666670280936,0.16666667701156979,0.16666672944557376,0.16666660995209026,0.1666665491311179,0.16666673165028842
2073,ac0385326ec63ccb7b88cc7a7c7998a8e060de6f06743572e7911e48f1efb8d4,Healthy-Leaf(1399),5,0.9999999999999961,0.16666667629956994,0.16666666946509356,0.1666666833295256,0.1666666516191714,0.16666663541719,0.16666668386944947
2074,6890368c6788ff30500d7081c75e55f9ab3bc11edb9109af94cd29cf113a5a76,Healthy-Leaf(1399),5,0.9999999999996353,0.1666667699936344,0.16666669626809583,0.1666668460908747,0.16666650457655852,0.16666633070760598,0.1666668523632306
2075,dac6cf1ea3fc51f0f2c60399531e8f5bf9bf88500e6f1424ded6e00d71b083c3,Healthy-Leaf(1399),5,0.9999999999998292,0.16666673728959447,0.1666666868882125,0.16666678932624668,0.1666665558572941,0.16666643701339298,0.16666679362525924
2076,82b7c22712239fe95ef6d751c12e1bd57ac67b1e66f23f88f5953d6607447ccf,Healthy-Leaf(1399),5,0.9999999999998781,0.1666667263280972,0.16666668377897675,0.1666667702369741,0.16666657310603997,0.1666664727150121,0.16666677383489995
2077,0d9ea995046c06858295310e28746192e19d2287f8e39e6d18c0bcde7f18e020,Healthy-Leaf(1399),5,0.9999999999999624,0.16666669954652427,0.16666667611471384,0.16666672371691926,0.16666661513276043,0.16666655980939046,0.16666672567969174
2078,aee95124302c76df73a0ad960d90945b6762c6d893a89c519aefc2e6379c6b38,Healthy-Leaf(1399),5,0.9999999999998187,0.1666667394827592,0.16666668755254452,0.1666667930641119,0.16666655248326706,0.1666664299619403,0.16666679745537705
2079,b1f38e661e97ac37dc3b5e3141dca57d5c247db9bfe3bf0a2ded1e04211a9746,Healthy-Leaf(1399),5,0.9999999999997705,0.16666674857173905,0.16666669014510732,0.1666668088620057,0.16666653820913752,0.16666640039371788,0.16666681381829265
2080,47f433ecf815af52b82f381645bb2ea1deea76f7f98072779cd35b1caa6c74b2,Healthy-Leaf(1399),4,0.9999999999999849,0.16666664616078822,0.16666666082137377,0.1666666310063978,0.16666669888513408,0.16666673339835267,0.16666662972795335
2081,427b24dad469905040ef0563e45425ca009bfa50da18aa975c47385b41433b67,Healthy-Leaf(1399),5,0.9999999999998617,0.1666667301628306,0.1666666848596398,0.16666677692616336,0.1666665670606625,0.16666646021306952,0.16666678077763417
2082,36e778b813091579af2521c5f02e5c714207a4aa8f36d73d1c344fb8d6fbb9f9,Healthy-Leaf(1399),4,0.9999999999999988,0.16666666240292505,0.1666666654714485,0.1666666592108042,0.16666667340407768,0.1666666805884561,0.16666665892228857
2083,8d30bbd2391a86ab84b65212cec3e87133aa0495d8094e8744d9a63353d87819,Healthy-Leaf(1399),4,0.9999999999999926,0.16666665284171225,0.1666666626938101,0.16666664268094158,0.16666668833351742,0.1666667115941628,0.1666666418558559
2084,4236dfeb38a219114c4777a80b455099e5a53b0f42ba8e7fd2a07a71bf10f3cd,Healthy-Leaf(1399),5,0.9999999999997988,0.1666667433488703,0.16666668862120806,0.1666667998428435,0.1666665463540144,0.1666664173192645,0.16666680451379925
2085,2427fa86d0fa08c5a83f9f24ac6d5743e1bd178c02dc914ea0be6c964e7cc6a8,Healthy-Leaf(1399),5,0.999999999999825,0.1666667381675669,0.16666668713618488,0.16666679084718805,0.16666655448059725,0.1666664341641329,0.16666679520433003
2086,a5433cc53278c78d8d43b1ac413d85a8c26dff2926d80f3b3c0f14f4b71c27ba,Healthy-Leaf(1399),5,0.9999999999998649,0.1666667294475043,0.16666668464878082,0.16666677568467606,0.16666656817923628,0.1666664625395306,0.16666677950027198
2087,7e602d5ab4ddf0303e0c0b28e9fe690a51e27962ce46eaf03e141d9d367ee6ef,Healthy-Leaf(1399),5,0.9999999999999447,0.16666670669919845,0.1666666781378194,0.16666673616775932,0.16666660387811918,0.1666665365212478,0.16666673859585593
2088,faa3e0963ce017fd4ec911247ae85816fc03b3c87644b9def5c3a1a4e0c1508a,Healthy-Leaf(1399),5,0.9999999999998249,0.16666673819604427,0.1666666871611277,0.16666679086694564,0.1666665544647437,0.16666643410458845,0.16666679520655026
2089,969e3cf413e9cab01699a2aa585c44b2bd4aa421eec80e307fed0fd77fc8d463,Healthy-Leaf(1399),5,0.9999999999999231,0.16666671396490174,0.1666666802308022,0.16666674877475846,0.16666659249286567,0.16666651290682116,0.16666675162985078
2090,0ba5c8f0a593edf3e6fcbb6d98e3b4948c6a44b4fcc37bbedf6c076dabebe821,Healthy-Leaf(1399),5,0.9999999999999698,0.16666669610511095,0.16666667511852407,0.1666667177455295,0.16666662052286504,0.1666665709957305,0.16666671951224
2091,786011c07aae2f0c1d8aaa3f47809348aa55798265d2e2c60f46bcffd0a1801e,Healthy-Leaf(1399),5,0.9999999999999182,0.16666671543777534,0.16666668067917434,0.16666675128703345,0.16666659022676059,0.16666650816817422,0.166666754201082
2092,c5e247b003a247c45b7df8c0a8e536affc51675ac68011ad30dc27a02e7adae0,Healthy-Leaf(1399),5,0.9999999999996763,0.1666667639925494,0.16666669454516297,0.16666683567988583,0.16666651398203233,0.16666635020837306,0.16666684159199646
2093,faa91bde1c38ff5408f5593ceb3629596e1262922e2c454063f4837290ec6b84,Healthy-Leaf(1399),5,0.9999999999999661,0.16666669787182398,0.1666666756241241,0.16666672081164882,0.16666661775231142,0.1666665652536275,0.16666672268646435
2094,83cbf3294557b7574cda7615d94e62f453c6bd99f8583e404f98bb5639b8775b,Healthy-Leaf(1399),4,0.999999999999987,0.16666664771234913,0.16666666122157756,0.16666663378044408,0.16666669637418563,0.16666672826440682,0.1666666326470368
2095,3db39e863b393e231931bb8695cf2b1da7d165327b6e54af86db501492147d6e,Healthy-Leaf(1399),5,0.9999999999999135,0.16666671683113665,0.16666668107001814,0.166666753713372,0.16666658803201476,0.1666665036312914,0.16666675672216694
2096,dc8bb60b7e8635fb7e081e9fbf3af5291ab70b6aca93f759595d64dee2cecd3e,Healthy-Leaf(1399),5,0.9999999999998764,0.16666672670040839,0.16666668386505454,0.16666677091008306,0.16666657249326322,0.16666647147614758,0.1666667745550432
2097,4c70181408ffed0aff87e2b41c8363dc742ef78cf072386ff6d7ebc1e90c63ac,Healthy-Leaf(1399),5,0.9999999999998734,0.1666667273940239,0.16666668407760263,0.16666677209384217,0.16666657142637406,0.16666646924348,0.1666667757646772
2098,f54c2d4028cf2ecd5b45a5385c30cc9bbeb58face19ff1ef3c988d21860c9dec,Healthy-Leaf(1399),5,0.9999999999998948,0.16666672203230246,0.1666666825319266,0.16666676279515963,0.16666657982435443,0.16666648666426723,0.16666676615198958
2099,ba7edd727035ad63f84166300fb9619980d03e4e62da27974892188b72029355,Healthy-Leaf(1399),4,0.9999999999999958,0.16666665683602508,0.16666666389381524,0.16666664950859444,0.16666668216981834,0.16666669872902104,0.16666664886272578
2100,3aa4554828aad421548f79c5576b780e793b8507c066a169b17eccdc89426d39,Healthy-Leaf(1399),5,0.9999999999997368,0.16666675446036433,0.16666669183077823,0.16666681909793377,0.16666652896383613,0.16666638123448022,0.16666682441260736
2101,78bd6818258dc8f697dbd0ae99893119a100a3c339ad4f67130d6761afcb11e3,Healthy-Leaf(1399),5,0.9999999999998975,0.16666672133487465,0.16666668235011517,0.16666676155224747,0.1666665809493229,0.166666488967342,0.1666667648460978
2102,f7ce94d995d92753d741b9497e1117e33f1db0edd14934eaafa5aed7bf9652d2,Healthy-Leaf(1399),5,0.9999999999999588,0.1666667010901513,0.16666667655396397,0.16666672639328634,0.1666666127124296,0.1666665547962889,0.16666672845387998
2103,0fc54e10018c638da4b3b4c6600153a57ddc6f4f59bd9dfe2a5ef19818070bbf,Healthy-Leaf(1399),5,0.9999999999997448,0.16666675309233606,0.16666669144053287,0.16666681671109834,0.166666531118341,0.16666638569626774,0.16666682194142393
2104,7997e55e0231389b9ef37cdce02fade93788da832fadf4f0f1633a81b2c533bd,Healthy-Leaf(1399),5,0.9999999999999616,0.16666669994734495,0.16666667620592596,0.1666667244402102,0.16666661447319567,0.16666655847776263,0.16666672645556063
2105,97dd18f9e5d4270bd99632f1284850a0f9c4859089aaca21ada857cfb02155eb,Healthy-Leaf(1399),4,0.999999999999999,0.16666666378736616,0.16666666581522768,0.16666666171852396,0.1666666711347093,0.16666667597019885,0.16666666157397417
2106,b7e74aeb917f9a76cb455f32199d919072c04e7c8e3bf7d5b9ea9c71f42d39fb,Healthy-Leaf(1399),4,0.9999999999999848,0.16666664604674605,0.1666666607890239,0.16666663080178376,0.1666666990686469,0.1666667337772502,0.1666666295165493
2107,f6d2754f6ce9795576994c32485623fadbdc2a8c6f6ea28671e5a7f2bfbdf8c1,Healthy-Leaf(1399),5,0.9999999999999128,0.1666667170609975,0.16666668110719107,0.16666675416469715,0.1666665876212216,0.1666665028256163,0.1666667572202765
2108,ec89f9acc4aafa78f407117ecdfc818c8667584347932e51c8d7c466ff5c4716,Healthy-Leaf(1399),5,0.9999999999997853,0.16666674595244102,0.1666666894041038,0.16666680430176764,0.16666654233101882,0.16666640892272477,0.16666680908794404
2109,c918c96a125b410dcc4257c3cfca7817b95c237cc62d4d49903c833680d4fe77,Healthy-Leaf(1399),5,0.999999999999994,0.16666667928360876,0.16666667030012988,0.16666668853556232,0.1666666469112504,0.1666666256891905,0.16666668928025816
2110,31201200a072bb3f759c162115f4a769d22c949fc441acfdad4c327286ff9171,Healthy-Leaf(1399),4,0.9999999999999782,0.16666664184243332,0.16666665957026036,0.16666662353217665,0.16666670563556663,0.16666674741186724,0.16666662200769577
2111,4eb883e9b0c193cc31548128370f168f45f3b2fa5c1495fe2aeedd9a24c15270,Healthy-Leaf(1399),5,0.9999999999997765,0.16666674748846325,0.16666668981472746,0.1666668070212689,0.16666653987080907,0.1666664038702408,0.16666681193449054
2112,977f3b35883105065184f688dc970c438b6c27689118ae824dfd68f4db30a696,Healthy-Leaf(1399),5,0.9999999999998697,0.16666672831706508,0.16666668432458834,0.1666667737207475,0.16666656995301438,0.16666646621638126,0.16666677746820355
2113,3d58eda0ecbd8a40216e70d72763850dc31fc7da948ae7c3cd600dae05d64a52,Healthy-Leaf(1399),5,0.9999999999999261,0.1666667130259323,0.16666667995279671,0.16666674715850716,0.1666665939515304,0.1666665159440844,0.16666674996714909
2114,2890de45d26cec6e195a97ec81dcbacf1003d93667ea86672ad73be019b9866c,Healthy-Leaf(1399),4,0.999999999999999,0.16666666458105464,0.16666666610787015,0.16666666297372446,0.16666667000674326,0.16666667352772715,0.16666666280288023
2115,1dc4a3b7fad0767ef17290f5c1fc98f5bb09725d6551e6fcc1a222d9d66e3d46,Healthy-Leaf(1399),5,0.9999999999998881,0.1666667237497613,0.16666668301171078,0.16666676579760453,0.16666657711018942,0.16666648105784287,0.16666676927289112
2116,9119d13d0a1c087a7e3ee36055264b3299d2f321a8c242dcd9b81fc3daf13d65,Healthy-Leaf(1399),4,0.9999999999999926,0.16666665244321163,0.16666666258132773,0.16666664198645825,0.16666668896121353,0.16666671289258472,0.16666664113520424
2117,fae6fc1e04d59f9f8ca451ecd879607275272493f7855dc8de911325fbb78981,Healthy-Leaf(1399),5,0.9999999999996803,0.16666676340370823,0.16666669437160686,0.1666668346636947,0.1666665148989379,0.16666635211624653,0.16666684054580566
2118,9f5c2fdbe56d456c6a0872114ca83cc4be7c232e1626f21e1b358455b3830195,Healthy-Leaf(1399),5,0.9999999999997911,0.16666674482847543,0.16666668906857107,0.16666680237222178,0.16666654407213538,0.1666664125527511,0.16666680710584525
2119,b0852e4e894c46936d217eab3afc8168953927b4f039c93c98a8427a99776fbd,Healthy-Leaf(1399),5,0.9999999999997644,0.16666674967191902,0.1666666904352544,0.1666668108218451,0.16666653643685947,0.1666663967608327,0.16666681587328935
2120,ff22abb221c47437aa30dc81b7b86736d4362541c0d64858279fa1fddd2f8862,Healthy-Leaf(1399),5,0.9999999999999276,0.1666667124870218,0.16666667979084965,0.1666667462324028,0.166666594786406,0.16666651768607768,0.16666674901724204
2121,609605ebe86978f0208abb0f95cd3f6f57aaf4ce82d4fbd94f878c82c92d6293,Healthy-Leaf(1399),4,0.9999999999999992,0.16666666646906453,0.16666666663353918,0.16666666628487617,0.16666666701501368,0.16666666735181968,0.16666666624568685
2122,9414a95336355d4d5c1abb9b03e0c491df4dd47a88c0e17fc32deec2a847eee1,Healthy-Leaf(1399),5,0.9999999999997935,0.1666667443416808,0.1666666889193594,0.16666680155007257,0.16666654481506993,0.16666641410892882,0.16666680626488845
2123,177e3f03df7c66e54e710a65220e99272c3350f403a13e91de9e69c990d2c267,Healthy-Leaf(1399),5,0.99999999999984,0.1666667350081607,0.16666668624523048,0.1666667853442755,0.16666655945548053,0.16666644445413548,0.1666667894927172
2124,221d691822ec634b1e26b64ea605e5faa2e2100f8c03ca03579ce9a2bfce5595,Healthy-Leaf(1399),4,0.9999999999999992,0.16666666603697297,0.16666666649304598,0.16666666556666124,0.16666666766245766,0.16666666872061642,0.1666666655202457
2125,26a719d9ddb615cfc8c8aca34725a41960cc80fd98641e4d4af0836393f89ca2,Healthy-Leaf(1399),4,0.999999999999991,0.16666665091455882,0.1666666621748777,0.16666663927798966,0.16666669141213514,0.16666671792281565,0.1666666382976231
2126,70392ea3308d7b63294cab2653c699503350c4e48cffcc1f69aafeccfebcded2,Healthy-Leaf(1399),5,0.9999999999998067,0.16666674182357288,0.16666668819051011,0.166666797183316,0.16666654875738407,0.16666642229077674,0.16666680175444026
2127,decdd3072f5e0582e9c3f25bdd624ae3efe77facf58dec45b0a695453783a266,Healthy-Leaf(1399),4,0.9999999999999843,0.16666664574717693,0.16666666066155736,0.16666663036107401,0.1666666994631798,0.16666673466193221,0.16666662910507982
2128,e1137ecdb14447db8a9b5ea56c87640f63333dd71e52f11cda34d0d2d3d5155a,Healthy-Leaf(1399),5,0.9999999999999978,0.1666666736064043,0.16666666868803834,0.16666667865745138,0.166666655838023,0.1666666441694568,0.16666667904062624
2129,5cba37ecb104818083de531720cb39e878dd73fb4902332e69bb8684e026d529,Healthy-Leaf(1399),5,0.9999999999996629,0.1666667659762821,0.16666669510924043,0.16666683912988176,0.16666651086434542,0.1666663437528116,0.16666684516743874
2130,d419df48f1736ed6cac7d9868121179d07feda36542a1c32afe8cda3713a3b2c,Healthy-Leaf(1399),5,0.9999999999998133,0.16666674054012492,0.1666666878353324,0.16666679492980419,0.16666655079404366,0.16666642649186597,0.1666667994088289
2131,b464b9e06256b9bfef45e170a136659802dbe1c478f43dad8c51d7a007759025,Healthy-Leaf(1399),5,0.9999999999997943,0.16666674422686467,0.1666666888935651,0.1666668013293916,0.16666654501325678,0.16666641450711905,0.16666680602980277
2132,2ed33899764d4bc0a4fce3bdbdd338d80bb8c4ac168f4f470a094d4a349172de,Healthy-Leaf(1399),5,0.9999999999998135,0.16666674050093372,0.16666668782760855,0.16666679485740352,0.16666655086029694,0.16666642662383863,0.16666679932991868
2133,6c006666c50dc0b2a12b19039e6c8b90437f4223f8c85c8f11f5fbb4ea020afc,Healthy-Leaf(1399),5,0.9999999999997252,0.16666675630546157,0.16666669233592585,0.1666668223454727,0.166666526027756,0.16666637518646069,0.16666682779892317
2134,995a5b8711d8aca0e4cb8c50f971573eb05286eed9594d0498a0210fd6b2e7bc,Healthy-Leaf(1399),4,0.999999999999949,0.16666662829968593,0.1666666557134743,0.16666659996932487,0.166666726923427,0.1666667914973782,0.16666659759670976
2135,503a9a1dfc964cf97144f11d4a8634f88220fa9f8189b3e05cecdce59a6d4631,Healthy-Leaf(1399),5,0.9999999999999222,0.16666671429594215,0.16666668033190007,0.16666674932961756,0.16666659199031353,0.16666651185389209,0.16666675219833477
2136,78db5a8bb9e1e944579396e5cf076c892a111a320ded439f2210dcdf70f51557,Healthy-Leaf(1399),5,0.999999999999787,0.16666674557491287,0.16666668927422476,0.16666680368228784,0.16666654288753213,0.16666641011037475,0.16666680847066767
2137,81e1baae7f2710e7b30568e7f22b4f1f4543da9e1e29dd7fcafa624624510c4d,Healthy-Leaf(1399),5,0.9999999999998395,0.16666673512980199,0.16666668628396972,0.16666678553860398,0.16666655927808866,0.16666644407874484,0.16666678969079077
2138,3ba1ea411b6cca8dea717ba3f9993ddfc027e0c011e29f2a8bc37bb1c7c93f3d,Healthy-Leaf(1399),4,0.9999999999999859,0.16666664677792048,0.16666666095327887,0.16666663215872254,0.16666669783912147,0.1666667313016609,0.16666663096929585
2139,0000b2c815a6c24eb628c0a5440a61d904ff00656cff6197d4844d36b3ec6da6,Healthy-Leaf(1399),5,0.999999999999636,0.1666667698902063,0.16666669623486938,0.16666684591904649,0.16666650473168074,0.1666663310350672,0.16666685218912988
2140,7c6951d9ae25d55927a934c76f550885bcf09ad469b98cbdcb8f640e886a1496,Healthy-Leaf(1399),5,0.9999999999998677,0.16666672883007752,0.1666666844992819,0.16666677456445506,0.1666665691945586,0.16666646460057602,0.16666677831105087
2141,f034fdb018f04128e82489281bb6f7994d0f3ac6797164144d5d80d696ba68c6,Healthy-Leaf(1399),5,0.9999999999999689,0.16666669649116733,0.1666666752315702,0.16666671840857472,0.16666661992349496,0.16666656974900856,0.1666667201961843
2142,c3cbea7432b85e36cade2e608545b431a88ccfb49a2c8ac2bb49e62828f2ba1f,Healthy-Leaf(1399),5,0.9999999999999433,0.16666670719969964,0.1666666782918553,0.16666673701997783,0.16666660310996267,0.16666653491243402,0.16666673946607058
2143,9c11b5c9aa41a3fda5955713b6849459ab3654b4d95f8ae29226f7dbf5e9bbc9,Healthy-Leaf(1399),5,0.9999999999999957,0.16666667710289104,0.16666666969329838,0.1666666847208578,0.1666666503604045,0.16666663281021787,0.16666668531233036
2144,3b563917b06e9c670833f1b0c4468a8bdfcae89845a2569c34dfa3c7143fbc69,Healthy-Leaf(1399),4,0.9999999999999956,0.16666665623302354,0.16666666369603994,0.16666664850929522,0.16666668307041368,0.166666700635935,0.1666666478552927
2145,4dafba7261b0771e957ea31d3c1bd8eaaa4a8f20159eb5a99979004c9fe49b1e,Healthy-Leaf(1399),5,0.9999999999999238,0.16666671374537376,0.16666668018336564,0.16666674836679982,0.16666659286338803,0.1666665136502853,0.16666675119078753
2146,1cfe246ed80f50d2791da158477f20c049a53afef3bc95d36ec0797a042797d3,Healthy-Leaf(1399),5,0.9999999999998413,0.16666673474681526,0.16666668617667615,0.16666678487182487,0.1666665598813024,0.16666644532565547,0.16666678899772577
2147,4a6055810884e5ecd04c3be8ce22dd946726bd3ec8a8a40c3f7a0fee4f6e8584,Healthy-Leaf(1399),5,0.9999999999999979,0.16666667296161242,0.16666666849408154,0.16666667755161862,0.1666666568353357,0.16666664625088784,0.16666667790646383
2148,c4d5071fce225c6117a9bdc457a564b563d55b90e060643abd9f510a0dbfb89d,Healthy-Leaf(1399),4,0.9999999999999993,0.166666666113856,0.16666666651989395,0.16666666568852995,0.16666666755222076,0.16666666848400674,0.16666666564149268
2149,a0abca87a372f8f630e9fa64a5a0a4995e411fbe53dc6d9ae000d1307aa1979e,Healthy-Leaf(1399),5,0.9999999999999883,0.16666668462363196,0.166666671786948,0.16666669789375277,0.1666666384542176,0.16666660823010845,0.1666666990113412
2150,cca39c393fb8ce67938e5e3f7f46d5338261fdc27e33f6c5aa63576ce346b393,Healthy-Leaf(1399),5,0.999999999999998,0.1666666727631816,0.16666666843052866,0.1666666772243495,0.16666665713143888,0.1666666468760715,0.16666667757442993
2151,07c09b895a33b15f5ab4da3425246fab7cf77c3a4c5bb47acaec5256d63d1c0d,Healthy-Leaf(1399),4,0.9999999999999861,0.1666666469693115,0.16666666105912892,0.16666663239528748,0.16666669763016412,0.16666673078690722,0.16666663115920088
2152,3ea8815b7835c9512643ca0039cb7f619b78024a9b95daf5c67cc2d9fbb00a0a,Healthy-Leaf(1399),5,0.9999999999999876,0.16666668526266987,0.16666667202792912,0.16666669889192637,0.166666637557242,0.1666666062777979,0.16666669998243477
2153,030d1fd30c5d846fd59adb4f5e8e4d8c6d2d70232378565ececd530343d8fe55,Healthy-Leaf(1399),5,0.9999999999999908,0.1666666823972514,0.1666666711986245,0.16666669393108224,0.16666664203781514,0.16666661557788665,0.16666669485734006
2154,652a61e0f0baf47b37e1ec14307ab661343da81700eb95265ef4dab6fe41c199,Healthy-Leaf(1399),5,0.9999999999999578,0.1666667016097527,0.16666667670324622,0.16666672729227353,0.16666661189976534,0.16666655311084028,0.16666672938412197
2155,f92d683a72470f7865eaf1b820ad6abae11aa2d32fb67f6a3d544d38406e1b5d,Healthy-Leaf(1399),5,0.9999999999998584,0.16666673093634912,0.1666666851030977,0.16666677821911086,0.16666656589250894,0.16666645775569017,0.1666667820932432
2156,2a3731963d9c9c775752ad60020b6fd997446394ee34b6d65fc361c668dccbf1,Healthy-Leaf(1399),5,0.9999999999998032,0.1666667424905447,0.16666668840941576,0.16666679830111825,0.16666654775290313,0.1666664201659899,0.16666680288002825
2157,3cfc7418908991f65a09b69250ee7d211c8ad8a6fac0fb0c8a21fda2dbac1a88,Healthy-Leaf(1399),5,0.9999999999999902,0.16666668303564006,0.166666671367975,0.16666669506108517,0.16666664101480824,0.16666661347864364,0.166666696041848
2158,47febf4fd308c92058679b3df71de4b93c284231c646bf8ee1d6b6d737f3d38b,Healthy-Leaf(1399),5,0.9999999999997132,0.1666667582559396,0.16666669290577593,0.1666668257120212,0.16666652298755555,0.16666636886753503,0.1666668312711728
2159,d7c76544df46b4a7b74b25d9337f85e1e5dc84a06ac7366ba9ed0b5a1cf9aa67,Healthy-Leaf(1399),5,0.9999999999999554,0.16666670255536875,0.166666676951235,0.16666672898253038,0.16666661037185848,0.16666654998146185,0.16666673115754552
2160,2113d7c73632ebbfddd5aa0e294d9fc11b0a5bfda1b8d051d0be13e532f32566,Healthy-Leaf(1399),5,0.9999999999998795,0.1666667259546532,0.16666668365369738,0.16666676961931984,0.16666657366150509,0.1666664738951224,0.16666677321570209
2161,4da1756c149eb50b8bb05352db6a45f457ba4115a27a2b5581cf9f9fd76568cf,Healthy-Leaf(1399),5,0.9999999999999961,0.16666667633498672,0.16666666941392358,0.166666683500268,0.16666665145784304,0.16666663518020755,0.16666668411277108
2162,cc355e1b0eca044d298ebe4b4336a33adfe472d322782b0e8f6f60958975dc4f,Healthy-Leaf(1399),5,0.9999999999999545,0.16666670286722404,0.1666666770654841,0.1666667294782829,0.16666660992654697,0.16666654901876327,0.1666667316436987
2163,3cd2e0095298550aca8b6d9a17e765e530d5a08763643634f4706a6700effee2,Healthy-Leaf(1399),5,0.9999999999998991,0.16666672088729806,0.16666668220414788,0.16666676080760212,0.16666658162019776,0.16666649038616188,0.16666676409459238
2164,7eef658dddc807d62cd5ce69488e97748dd493eb2dbda29c5263251ff8c99a96,Healthy-Leaf(1399),5,0.9999999999998944,0.16666672215940553,0.1666666825738448,0.16666676300585642,0.16666657963460516,0.16666648626220013,0.166666766364088
2165,23a610bb0e1934f1ae72d749f047b40260d5d63065e3aa4ab990796dfd4c3104,Healthy-Leaf(1399),5,0.9999999999999815,0.16666668960097591,0.1666666732585542,0.16666670644701626,0.16666663073062582,0.16666659214787521,0.16666670781495266
2166,e3e89e7801824c0a4b948bb23a4a7846881517da3dfe8cae1d6ec08f23e169d4,Healthy-Leaf(1399),4,0.999999999999994,0.16666665428156213,0.16666666315095255,0.16666664509468673,0.16666668615651264,0.1666667070100382,0.1666666443062478
2167,9d1a6d8338c8ad3b7106edb75bc5a11bcd4e815cd0acad29b61d488288add31e,Healthy-Leaf(1399),5,0.9999999999999086,0.16666671829798124,0.1666666814946534,0.16666675625300884,0.16666658573833823,0.16666649887024357,0.16666675934577477
2168,80a9804d9e26778554deb49d985c477b4e47bbb55720e49397c16aa7b83f941a,Healthy-Leaf(1399),5,0.9999999999999903,0.16666668295909784,0.16666667135250168,0.16666669492403421,0.16666664114104948,0.16666661373116493,0.1666666958921519
2169,1ad0aac9a022200e8306e34329ae3bdf2e9992c8cf75ec00f655e397a242f92f,Healthy-Leaf(1399),5,0.9999999999997123,0.16666675837405193,0.16666669292836303,0.16666682593335908,0.16666652278543584,0.16666636846585975,0.1666668315129303
2170,d1c9c10a6ea5692e621d88de0de8d59b58a7ee4d0af743497e3a6662fea06bd2,Healthy-Leaf(1399),5,0.9999999999999193,0.16666671512924383,0.16666668058246462,0.16666675076747595,0.1666665906954773,0.16666650915311537,0.16666675367222283
2171,9435ffc33ede7e708f9ce176a69eb33360b8d2d91480c117a0683b5a23295be2,Healthy-Leaf(1399),5,0.999999999999989,0.16666668413618815,0.16666667169234833,0.1666666969575553,0.16666663930296813,0.16666660991640217,0.16666669799453793
2172,3b5f66a589cd2ad499d6f7b85100804f0cf21b7a5d6d9d79d339caeefb21c428,Healthy-Leaf(1399),5,0.9999999999998942,0.16666672216647255,0.16666668253253203,0.16666676310694065,0.1666665795409723,0.16666648613855925,0.16666676651452322
2173,c85b2a9269df2b73937d99d89ede99dbd57af8b8b299871d593c87d222d129d3,Healthy-Leaf(1399),4,0.9999999999999648,0.16666663493363026,0.16666665761501762,0.16666661148944384,0.16666671651691103,0.16666676992682444,0.1666666095181728
2174,3049779f3ea3b2e5558c63aa140d0676f472294debfde756dcc1fb6180b2336b,Healthy-Leaf(1399),5,0.9999999999998639,0.1666667296994447,0.16666668474275928,0.1666667760782608,0.16666656782500008,0.16666646177006103,0.16666677988447406
2175,6ccd4d696fdf79b96d4a09c5e200314c63c4b8a2202a057d1381bbcfcaffa985,Healthy-Leaf(1399),5,0.9999999999998535,0.16666673209364444,0.16666668542844223,0.16666678024520834,0.16666656406269248,0.16666645397373764,0.16666678419627495
2176,25601b2b3b8dfca1379d3a4c72b10b625748056b74e22b9cc52ea6e1b1af8301,Healthy-Leaf(1399),5,0.9999999999999836,0.16666668815436556,0.1666666728283753,0.16666670396537048,0.1666666329712131,0.16666659681732157,0.16666670526335398
2177,731d8063bbc8c70c6ec7f1c14dd063e0cd5502b3dfa242e4c58b74ef5170b0ad,Healthy-Leaf(1399),5,0.9999999999999318,0.16666671117424972,0.166666679411028,0.16666674395889655,0.16666659683972032,0.166666521947702,0.1666667466684033
2178,8d34678c8957770d8505f135e0b6fec6b981e05e5e2a9266bcc93db2d6567fed,Healthy-Leaf(1399),5,0.9999999999997288,0.16666675576533607,0.16666669219820401,0.16666682137152555,0.16666652690825198,0.16666637698357897,0.16666682677310343
2179,c30c4c5533d1db836c7434f6711a31ba850017aa1e42b383868165e702d0dc5e,Healthy-Leaf(1399),5,0.999999999999942,0.1666667077074588,0.16666667844816221,0.16666673788619216,0.16666660232952385,0.1666665332783755,0.16666674035028747
2180,4e96e9b4ff435c61503189664610afdd3157a64a634cefe3c75a916021969921,Healthy-Leaf(1399),5,0.9999999999996603,0.16666676637417427,0.16666669523274788,0.1666668398042474,0.1666665102563295,0.16666634247747114,0.16666684585502983
2181,a6c962a2d9c940592e4c6345167592e46a4d3fc51bce0c16f29623e81007af60,Healthy-Leaf(1399),5,0.9999999999999787,0.16666669120808206,0.16666667368619167,0.1666667093011258,0.1666666281496388,0.16666658685107508,0.1666667108038866
2182,b4323598e59f905c64076d74e26d6c4c0dd360ad3a32aee877c96caaad1b628d,Healthy-Leaf(1399),5,0.9999999999999639,0.1666666988909967,0.166666675934506,0.166666722551447,0.16666661618333647,0.16666656197299093,0.1666667244667229
2183,4f26146a428cc09ff7fdd73959dfd714946a89898f38364dc6f5eb280fd35413,Healthy-Leaf(1399),4,0.9999999999999616,0.16666663342053212,0.16666665713250092,0.16666660895303348,0.1666667188034881,0.16666677474444144,0.16666660694600405
2184,e0012ef1dc24ed5d4ea4fae0a7645cf4426d07cbc52a588e72ac9ce2d958578d,Healthy-Leaf(1399),5,0.9999999999997776,0.16666674728524555,0.1666666897523887,0.16666680667724434,0.16666654018146024,0.1666664045209288,0.16666681158273236
2185,5c0f72060a66b9fe6b3a10f1449a1e9ba89128b683698869506b11b86e6964c7,Healthy-Leaf(1399),5,0.9999999999998629,0.1666667299444627,0.16666668479974567,0.16666677653210427,0.16666656741460012,0.16666646094111645,0.16666678036797075
2186,7538df118aca1015f1b9856b702fb7486a0d342e35ecd9d7534f2164b78914b7,Healthy-Leaf(1399),5,0.9999999999998834,0.16666672502197483,0.16666668341166072,0.16666676794998556,0.1666665751713129,0.16666647698382206,0.16666677146124403
2187,d3936d2d22f7b7cb72350ee12acf59fd0b2ccb0759326cd5e819fa24b614ee3e,Healthy-Leaf(1399),5,0.9999999999999943,0.1666666786955843,0.1666666701497299,0.1666666874864535,0.16666664786204927,0.16666662763177267,0.16666668817441038
2188,98b066a762714b4b9982e3b597a997ce63dcfa89a50ea7e3266fd9b917e9eb57,Healthy-Leaf(1399),5,0.9999999999999226,0.16666671410020595,0.16666668025441372,0.1666667490338926,0.16666659225638156,0.16666651244025826,0.16666675191484784
2189,e449a7832be7597c276b4c1fd23fb654e41497205c81bbe7ef3e18f17cd20482,Healthy-Leaf(1399),5,0.9999999999998275,0.1666667376872807,0.1666666870277916,0.16666678996631998,0.16666655528093327,0.16666643577725032,0.1666667942604241
2190,579e6bc07cef07dfc1da8fb872ad3c28e3ee686c19a4036dd45b1ad7c30925d3,Healthy-Leaf(1399),5,0.999999999999811,0.16666674098208362,0.16666668795337528,0.16666679571614249,0.16666655008350623,0.16666642503331655,0.16666680023157596
2191,642d25818d40c7709dc14b69cc0ea801ec3326428fe203a58c8f076255fcc1af,Healthy-Leaf(1399),5,0.9999999999997448,0.16666675308135695,0.16666669143603743,0.166666816702316,0.1666665311279709,0.1666663857193627,0.16666682193295598
2192,6282a948025bc4bd680e886b44788f54fc678d103ca1b764f8cfbc5e0bcf20a3,Healthy-Leaf(1399),5,0.9999999999998559,0.16666673150657052,0.16666668522230627,0.16666677929069806,0.16666656491999776,0.16666645581047393,0.16666678324995346
2193,164bc1abc7250cfef0462eb0966ae01ec8cea809c92b41f199737bec73c189c7,Healthy-Leaf(1399),5,0.999999999999955,0.16666670267371458,0.16666667699139764,0.16666672916597572,0.16666661020435372,0.16666654962274063,0.1666667313418177
2194,7602131c0f5fca231fd2151d164a7080155bde97627eb6f02d66c9018f8ff56e,Healthy-Leaf(1399),5,0.9999999999999978,0.16666667303109223,0.16666666844966496,0.16666667779062608,0.16666665661289531,0.1666666458923797,0.1666666782233417
2195,8e560f89fa1ec9c91000465eebcf28ce690a0856579793e444fb4639e398190c,Healthy-Leaf(1399),5,0.9999999999999516,0.1666667041343749,0.16666667741935645,0.16666673169326968,0.16666660792410729,0.16666654488262192,0.16666673394626982
2196,15e4b1384d9a017d282e50bb6694c1306029ae1043a64fc5eebf24245f7bc692,Healthy-Leaf(1399),5,0.9999999999998309,0.16666673689083655,0.1666666867866895,0.16666678860163436,0.16666655651116707,0.1666664383471175,0.16666679286255506
2197,f0d697c81fcc5a54a98dc366ec07c4ba692818f240d7c4cda5ef80aa5d8bc757,Healthy-Leaf(1399),5,0.9999999999998661,0.16666672917490521,0.16666668458138056,0.1666667751965264,0.16666656862242887,0.16666646344180497,0.16666677898295398
2198,b7b7504e1143c4b95c3ee86d203bc9a688419a5731538080e9f03b8795d5679f,Healthy-Leaf(1399),5,0.9999999999999607,0.1666667002762694,0.1666666762719806,0.16666672507459293,0.1666666138998594,0.16666655733600225,0.16666672714129552
2199,99202f66e2100081d65c9c85f75f95bf7e3a45821784995a469d6fe4de57f593,Healthy-Leaf(1399),5,0.9999999999998063,0.16666674190630643,0.16666668822067882,0.16666679731629946,0.16666654863817826,0.16666642203359608,0.16666680188494107
2200,890902e6dc721a3bd36836b4c0e3a5508b042e461756b2ef1f847c7ef6107e25,Healthy-Leaf(1399),5,0.9999999999999662,0.16666669778176735,0.1666666755808592,0.1666667206900611,0.16666661786096634,0.1666665655072016,0.1666667225791444
2201,f7f27cf053fa84d5978e485a4aa00848beb78496a7287786ee6ab18bb9348789,Healthy-Leaf(1399),5,0.9999999999999708,0.16666669562585215,0.16666667497114693,0.16666671693669197,0.16666662125365592,0.16666657252717337,0.16666671868547975
2202,7a75eec4f8edab5204c5eac14e74d58886b796a941b5a5a535e44a453dad45f7,Healthy-Leaf(1399),5,0.9999999999998561,0.16666673145778335,0.16666668523897687,0.16666677915106662,0.16666656504959568,0.16666645603040894,0.1666667830721686
2203,1f5a9189355771bac586ef5c46b51a2bc753a7f72da9bc617154c619062b142b,Healthy-Leaf(1399),5,0.9999999999999757,0.16666669295196626,0.16666667421947903,0.16666671226038976,0.1666666254781159,0.166666581259003,0.1666667138310461
2204,7d556c45f200bf70575a77e131d49418297139b60ca82966eca4a3ca5ae8baaa,Healthy-Leaf(1399),5,0.9999999999997424,0.16666675345758517,0.1666666915179337,0.16666681739662695,0.16666653049654867,0.16666638445111015,0.16666682268019542
2205,c9af053235b541472f6cf275208f2b43c72d7382eaf7b5452093fc7ddd71bb4c,Healthy-Leaf(1399),4,0.9999999999999918,0.16666665179189882,0.16666666238052916,0.1666666408805735,0.16666668995859504,0.16666671498221347,0.1666666400061901
2206,1a41bb8f4128757274a0741da431e2f0568531364074be3eaf43bc18e13fae0f,Healthy-Leaf(1399),5,0.9999999999997267,0.16666675608769987,0.1666666922842487,0.16666682194452348,0.16666652639033988,0.16666637592046166,0.16666682737272634
2207,94ba9383250fefcff0d2f09bf8c6c2106eb18e0b35d94a2b9e6c88c4d9f6a1c0,Healthy-Leaf(1399),5,0.9999999999998423,0.1666667345332595,0.166666686125281,0.16666678448574068,0.16666656023173287,0.1666664460367125,0.16666678858727346
2208,aa18d3e17d743455e9111055385b3d2a9bd14b3fa309305369bd0ad4e4656dd9,Healthy-Leaf(1399),4,0.9999999999999921,0.1666666519412854,0.16666666247071438,0.16666664105113727,0.16666668980893742,0.16666671459627427,0.16666664013165128
2209,445807fb856018b1625e30e68589bdf3081fd2beb28ea205f6e7a04532de871a,Healthy-Leaf(1399),4,0.9999999999999755,0.1666666402365574,0.16666665911463,0.16666662073180954,0.16666670816498866,0.16666675264696193,0.1666666191050525
2210,5f586258c0f584e1529ef57da6346fbd7413843b537bbc29a7d7097c325bb3bb,Healthy-Leaf(1399),5,0.9999999999998926,0.16666672258421225,0.16666668268790066,0.16666676376133333,0.16666657895221623,0.1666664848604833,0.1666667671538543
2211,0d51d6a7441ddfad1d86306a1fd5330301202ae84f213a86fc0287ccb2ca2cfd,Healthy-Leaf(1399),5,0.9999999999999541,0.16666670304083897,0.16666667709396188,0.16666672980883593,0.1666666096234761,0.1666665484229423,0.1666667320099448
2212,e99cba5160c4f00994dc54470e1d49c75f83258b1eaef9ba8463cb63b19e49d9,Healthy-Leaf(1399),5,0.9999999999999732,0.16666669438183665,0.16666667463975735,0.16666671472573955,0.1666666232524766,0.16666657662940892,0.16666671637078095
2213,3414cbf3f4db39e470c24a0471f16258cba1b8b5de868889c2e79fc3a8588f7d,Healthy-Leaf(1399),5,0.9999999999998156,0.166666740025696,0.16666668769780416,0.16666679402378567,0.16666655161476462,0.16666642817806288,0.16666679845988652
2214,1f93e7b90e9d4c27e8a0bdc5e28da8b035c7472fb8b37061501261b952baac08,Healthy-Leaf(1399),4,0.9999999999999966,0.16666665769530992,0.1666666641233605,0.16666665103702005,0.16666668078867258,0.16666669589377864,0.16666665046185827
2215,432dff3e73209f33e81e433bcc6a003559e2dcccb2b348ea072642d0cf1e6891,Healthy-Leaf(1399),5,0.9999999999996825,0.16666676304909098,0.1666666942691503,0.16666683404841715,0.16666651545443942,0.16666635326880475,0.16666683991009734
2216,a09586daee0258713196c26c0386fb6c0b89b54474d92d8c83b0a2a26cb59bc8,Healthy-Leaf(1399),4,0.9999999999999893,0.1666666495885861,0.16666666175701866,0.16666663704461637,0.16666669342570536,0.166666722156782,0.16666663602729148
2217,b82bf4d85d8132f2eb4916368632a37b7149237d60142aedf5e67ff81e963b5b,Healthy-Leaf(1399),5,0.9999999999997654,0.16666674948469518,0.16666669038914605,0.16666681048362297,0.16666653674333295,0.16666639738417732,0.16666681551502546
2218,2d45aed1ebbb93458c6347beaeed78a5de3036386021b6e3e2a6f8cbc51b008c,Healthy-Leaf(1399),5,0.9999999999999497,0.16666670483283133,0.16666667760297654,0.16666673293029635,0.16666660680350567,0.1666665425853924,0.1666667352449978
2219,dd89441f041d1d0d7c607c24af176fdf26f25c91836d996e495040799abbd9f6,Healthy-Leaf(1399),5,0.999999999999811,0.16666674096899775,0.166666687939682,0.16666679571259677,0.1666665500859005,0.166666425054295,0.16666680023852795
2220,d12409f393b1a934b6c226a371d5341d090093d365210c3e5584a57a4934faae,Healthy-Leaf(1399),5,0.9999999999997861,0.16666674574058607,0.16666668931258255,0.1666668039848641,0.16666654261282574,0.16666640955527814,0.1666668087938634
2221,c51c84a60fa2aa3124a1e4d0621ee72fd969812f8f4e38a22aaa2486cc0dfbee,Healthy-Leaf(1399),5,0.9999999999996869,0.16666676237636627,0.16666669408190418,0.166666832868389,0.16666651652061695,0.16666635546963507,0.16666683868308863
2222,fcc49174c718fa213b86af58bdc92e1ac886a9bc9d351699a81468ccca6195f5,Healthy-Leaf(1399),5,0.9999999999996552,0.16666676713091927,0.16666669543781593,0.1666668411364143,0.16666650905086275,0.1666663399971853,0.16666684724680245
2223,ee9ecd48425bcff40a33606559ff217f7d7df4abcf9ef4d58bad7cd8eadd7cc9,Healthy-Leaf(1399),5,0.9999999999999986,0.16666667176351763,0.16666666814317482,0.16666667548092207,0.16666665870419822,0.16666665013602952,0.16666667577215777
2224,3f52be1ddf3339bad9bad650f5e1189d5b812d7a9849d26637c079a7f3aa5e9e,Healthy-Leaf(1399),5,0.9999999999999577,0.16666670154852178,0.16666667667095506,0.16666672721274464,0.16666661197001667,0.16666655327998137,0.16666672931778045
2225,2310c7f2712b22704d61a1cbd33e3a08c65b19a50717a88792e827603797fa75,Healthy-Leaf(1399),5,0.9999999999996917,0.16666676166301114,0.1666666938757273,0.1666668316376019,0.1666665176333817,0.16666635777954783,0.1666668374107301
2226,b7a7b38937bddafd04e3786a8e496bf4d85fc1865b1379d15421f36dc0853f5d,Healthy-Leaf(1399),5,0.999999999999779,0.1666667470526514,0.1666666896885168,0.16666680626530012,0.16666654055321167,0.16666640528660345,0.1666668111537165
2227,6eb2eef0fa6e27303310294afd2cde6acfcd706400a7fbdb5bad93d09bcfc1e5,Healthy-Leaf(1399),4,0.9999999999999992,0.16666666599411273,0.16666666645969141,0.1666666655242118,0.1666666676971084,0.166666668825009,0.1666666654998667
2228,c69758889752f0840210f3a3eadf56424454c42b06738b7bc702db74f731f4e0,Healthy-Leaf(1399),5,0.9999999999998554,0.1666667316325817,0.16666668527573875,0.16666677947854436,0.16666656475227484,0.1666664554353394,0.166666783425521
2229,5ae56e9427c3a43542306d72e1c07cecc7025039f6156282f3f873094aac0709,Healthy-Leaf(1399),5,0.9999999999997923,0.16666674458372496,0.16666668900030537,0.16666680195005718,0.16666654445514487,0.16666641334456023,0.16666680666620748
2230,85287998f387710218d1f7c38ae761220c76047f061a0ade5210be94506f63fc,Healthy-Leaf(1399),4,0.999999999999984,0.16666664564553818,0.16666666068223182,0.16666663008959498,0.16666669971274126,0.16666673509917268,0.1666666287707211
2231,e1349bc0d184e6fdcec95fa2025616b536cd5c875c16aab7c7756b5bec3aa51e,Healthy-Leaf(1399),5,0.9999999999998752,0.16666672698904555,0.16666668394914028,0.16666677141012026,0.16666657204199342,0.1666664705388448,0.16666677507085564
2232,518bdc76183ec1c9b4ef3198303bb1cc4a5a1d6307ab44f59c68ada977617b09,Healthy-Leaf(1399),5,0.9999999999997469,0.166666752690714,0.16666669129957676,0.16666681606380615,0.16666653170103843,0.16666638694566946,0.16666682129919522
2233,4287352b5e2f247851d243021476ff602040c241908174ad1589d6214bf9f35b,Healthy-Leaf(1399),5,0.9999999999999789,0.16666669105766588,0.1666666736816239,0.16666670896506025,0.16666662845624775,0.1666665874244827,0.1666667104149196
2234,49343e5df35e7241dabc5f9ee935a61a6f2936ef74ef0750fa29193c8b131e2d,Healthy-Leaf(1399),5,0.9999999999998087,0.16666674143049617,0.16666668809113572,0.1666667964824519,0.16666654939328027,0.1666664235885455,0.16666680101409045
2235,70ef0ecb98a7c96c1efc5af585b75d1090a5467a07caa9716723f40cfb0f2081,Healthy-Leaf(1399),5,0.9999999999998213,0.16666673895292256,0.16666668739325302,0.16666679215167415,0.16666655330535166,0.16666643167696268,0.1666667965198359
2236,27f46558eaba2358d20c95aa844f3057616c846b65c732d92f4f7ec1bb9c079c,Healthy-Leaf(1399),5,0.999999999999624,0.16666677158162307,0.16666669671208534,0.16666684886883737,0.16666650206592815,0.16666632552145436,0.16666685525007166
2237,dc796aca34c3fa1dadb39b626a49b95c7d810c72cee5392110340154fc55d0b2,Healthy-Leaf(1399),5,0.9999999999999648,0.166666698464206,0.16666667577413982,0.16666672187747167,0.16666661678765413,0.1666665632858482,0.1666667238106802
2238,8782bdfc745ce6e1c96149167fcb889fc1792a02123b2710b6438518c0b601d7,Healthy-Leaf(1399),4,0.999999999999957,0.16666663145677252,0.16666665660529803,0.16666660547605494,0.16666672194772744,0.1666667812046883,0.16666660330945873
2239,68261bdf0aa61d140a6e57139abc7c065ad1175b576b5e115ba3a1aca8e5e46d,Healthy-Leaf(1399),5,0.9999999999997229,0.16666675669846467,0.1666666924474259,0.1666668230247232,0.16666652541280194,0.16666637391294686,0.16666682850363743
2240,7d0f7174ec883c03fa2f33e661a613006f0cf2f5baba3507deca4aa9075601b1,Healthy-Leaf(1399),5,0.9999999999998678,0.1666667287464449,0.16666668443242988,0.16666677449601255,0.1666665692515022,0.16666646478685454,0.16666677828675586
2241,88d0861f216ea4e2c669ee81f403788fbf66e69269c3e247863a7182d8a48829,Healthy-Leaf(1399),5,0.999999999999759,0.16666675063678046,0.16666669072705484,0.16666681246778356,0.16666653495121833,0.1666663936568562,0.16666681756030663
2242,9b25ed08ef52c843b0d1aa35dd2795ca082a77962e1917bba5904a6c5b3cd2c4,Healthy-Leaf(1399),5,0.9999999999997982,0.16666674349072644,0.16666668868815465,0.1666668000469327,0.1666665461737399,0.1666664169044992,0.16666680469594713
2243,e12f03ede2d3598cfed75c666d83e43aa4025d4da9cf56691018578238b75351,Healthy-Leaf(1399),5,0.9999999999999757,0.16666669296423342,0.16666667422326473,0.16666671228745544,0.16666662545512026,0.16666658121192776,0.1666667138579984
2244,54836aa4c969d45e0d7f676b2e899c57150638868a223d95f71a92ad5988619a,Healthy-Leaf(1399),5,0.9999999999999443,0.16666670684714968,0.16666667817878933,0.16666673643477056,0.16666660363850366,0.16666653602787954,0.1666667388729073
2245,821ec7658a269e6018b58601a7a049d7b2090b34f38e211894053da17e31711b,Healthy-Leaf(1399),5,0.9999999999999514,0.16666670412723794,0.16666667740723703,0.16666673169280935,0.16666660792198254,0.16666654489332844,0.1666667339574046
2246,54fa8faf74f3a9d2b65855267118657509fb967dabb811b1fff0c7fc88660daa,Healthy-Leaf(1399),5,0.9999999999997002,0.16666676033156624,0.16666669351000818,0.1666668292961505,0.16666651975008853,0.16666636214168074,0.16666683497050588
2247,c11bc3ae73e6b3f55a794bc5465ab2bd3b2d9cddc4268e5994c328058ba271db,Healthy-Leaf(1399),5,0.9999999999998691,0.16666672844829902,0.16666668438035584,0.16666677392228543,0.16666656977442193,0.16666646581827396,0.16666677765636373
2248,6ebd270fb963abe16f405cf609ad95ca060056675a0646f6323dc66e7fcf5908,Healthy-Leaf(1399),5,0.9999999999996845,0.16666676275506556,0.1666666941896179,0.16666683353230613,0.16666651592189127,0.1666663542306102,0.16666683937050886
2249,008542f0da32432533c13d2088a13425562b65a8982747c340b3be3ba4e97872,Healthy-Leaf(1399),4,0.9999999999999992,0.16666666557403484,0.16666666638720712,0.16666666471376487,0.16666666843575156,0.16666667028064308,0.16666666460859855
2250,a6fe5ebd763f21839f9c1624b7942aa29fd974bfdca8187d48dbd37a3753d832,Healthy-Leaf(1399),5,0.9999999999998594,0.1666667307125577,0.1666666850205555,0.166666777865371,0.16666656621041692,0.16666645844417458,0.16666678174692434
2251,e492fac1fc37b2bb6ea096c8c2479501544990a6ec7d6551ba261698e085546f,Healthy-Leaf(1399),5,0.999999999999962,0.16666669971451611,0.16666667613373107,0.1666667240468077,0.16666661482822442,0.16666655922245352,0.1666667260542672
2252,0359033b166cec5f7331f15f44cc602294461e72ba93ef2e271fce006580249d,Healthy-Leaf(1399),5,0.9999999999998419,0.16666673465564175,0.1666666861450714,0.16666678471885876,0.16666656001784733,0.1666664456167032,0.16666678884587754
2253,f78aceba5cea4053eeb54f8f6e72158812b29140306707652f373b90fc5c36f7,Healthy-Leaf(1399),5,0.9999999999999832,0.16666668841798835,0.16666667292427012,0.16666670438780953,0.16666663259218206,0.16666659599938322,0.16666670567836675
2254,08a445ea724fad00b9c327f3685d2e41d7718f35a582d19a4aa7bdff46a852a6,Healthy-Leaf(1399),5,0.9999999999998347,0.1666667361562646,0.1666666865781345,0.1666667873230125,0.16666655766658528,0.16666644073876996,0.1666667915372332
2255,43b1e5d8f7864051e5b84735e0cd80b5d11a75c56bfc117483eac4521e92a494,Healthy-Leaf(1399),5,0.9999999999997544,0.16666675145942217,0.16666669095885195,0.16666681390179544,0.16666653365497308,0.16666639097614674,0.16666681904881078
2256,9c5b31c0f0f8c23d9cd3d4af91cee1114fd40a73781ce31e88b605cb337806c4,Healthy-Leaf(1399),5,0.9999999999999514,0.1666667041273353,0.1666666773762672,0.16666673175352967,0.1666666078647845,0.16666654482475843,0.16666673405332494
2257,22b52e7e01aa1031558264a4e228301e8c98774826345ae557ecbca26f237f3e,Healthy-Leaf(1399),5,0.9999999999999819,0.1666666893169948,0.16666667317452455,0.16666670596145455,0.16666663116962285,0.16666659306242107,0.16666670731498223
2258,983eeca3ac10bb3736c88e41745a66210f843ac36c421cbe96aa9856de0265cb,Healthy-Leaf(1399),5,0.9999999999999972,0.16666667429968585,0.16666666887762968,0.1666666798715836,0.16666665473879871,0.1666666419046338,0.16666668030766835
2259,8f24c33309b2b0f95dd9d694f4b470ef1342578b0712f875f9dfef4093f67791,Healthy-Leaf(1399),4,0.9999999999999986,0.166666661457831,0.16666666517528902,0.16666665761568378,0.1666666748423161,0.16666668361000742,0.16666665729887273
2260,060121d182b76790e6a50d9dbe54fc47808fb1625a0608ab88ef2535c9acc4c3,Healthy-Leaf(1399),4,0.999999999999974,0.16666663941422405,0.1666666588734753,0.16666661931666207,0.16666670944343476,0.16666675530606373,0.1666666176461402
2261,09fbe0cd30e93b4073f957d17caa914479cd77a1fe3c2c072541d92408425363,Healthy-Leaf(1399),5,0.9999999999999479,0.16666670553550555,0.16666667781238753,0.16666673413683092,0.16666660571465394,0.1666665403158112,0.1666667364848109
2262,d19e62d4b362d2c965487462c3ac500f0753fab1083da05ee029e9199245f1fb,Healthy-Leaf(1399),5,0.9999999999998889,0.16666672353993983,0.16666668295819073,0.16666676542107667,0.16666657745099775,0.16666648175369717,0.16666676887609774
2263,ff4267103ad0fee11f768d18f62c7f04d3de65aad290dcdbbae6449bbc44ce92,Healthy-Leaf(1399),5,0.9999999999998742,0.16666672722908754,0.1666666840113161,0.1666667718356735,0.16666657165609788,0.1666664697490272,0.16666677551879772
2264,804eaba2b1e14e915c447fcf5c247f57c95e0280364b3721cc7540988cfc55d8,Healthy-Leaf(1399),5,0.9999999999997206,0.16666675708348236,0.1666666925754821,0.1666668236634188,0.166666524838262,0.16666637269419096,0.16666682914516368
2265,77d83e22da2e10ea208ff94fd3a47ea6daa0039dab8d0e8c8e3f2df4b1acd924,Healthy-Leaf(1399),5,0.9999999999998281,0.16666673751366196,0.16666668695327377,0.16666678970555987,0.16666655551286275,0.16666643629680675,0.16666679401783488
2266,8fe78ef6b53bba58241bfd9a37fe6a83a3cbdccc80c251c56707d56ac43f67d4,Healthy-Leaf(1399),4,0.9999999999999921,0.16666665208230252,0.16666666252411688,0.1666666412749362,0.16666668960876216,0.16666671416093953,0.16666664034894266
2267,f17b000ea8dbede4cbe3b7bb9dcecef81cb7c2ce9d9e5a0720da0aa59df727b7,Healthy-Leaf(1399),5,0.9999999999999847,0.16666668746821858,0.16666667262602816,0.16666670278466839,0.16666663403730905,0.16666659903616224,0.16666670404761352
2268,5b6bf5101a1caf53a0ebce249a54ae21668259e610a8287c4223c878bc77cb65,Healthy-Leaf(1399),5,0.9999999999999986,0.16666667136234944,0.16666666800639424,0.16666667482749456,0.16666665929295976,0.16666665139168313,0.16666667511911892
2269,a624217e9e977d974b550941cd13d612039e99b77bffe8ed00fa8299106b2894,Healthy-Leaf(1399),5,0.9999999999999317,0.166666711181032,0.1666666794337378,0.16666674393513714,0.16666659686390986,0.16666652196512768,0.16666674662105552
2270,a712abbe7aaf2bd65667862ad761684cb0c1f1889c7bbd0e0a113dd3dd7c4abc,Healthy-Leaf(1399),5,0.9999999999999992,0.16666666846635644,0.16666666717456946,0.1666666698080063,0.1666666638285186,0.16666666079663106,0.1666666699259181
2271,bbfa4eddc8beb15cb1f493c83f5598dd804dd38ab0a80e0b94f80deecb9c4019,Healthy-Leaf(1399),5,0.9999999999997491,0.16666675235133574,0.16666669120814864,0.1666668154703192,0.1666665322392837,0.1666663880529563,0.16666682067795643
2272,af82d0f3685469737f590c25ee7ded19c2dc97a523c0a9bd8efd795a10301b76,Healthy-Leaf(1399),4,0.9999999999999992,0.1666666648718717,0.16666666617049436,0.16666666352237142,0.16666666951027967,0.16666667253256973,0.16666666339241307
2273,64085986df87c6117bab68d409a65397cf3e0d9ed87cd68e3e4de56a132193c0,Healthy-Leaf(1399),5,0.9999999999999509,0.16666670432321473,0.166666677476997,0.16666673201420515,0.1666666076344648,0.16666654427645644,0.1666667342746618
2274,cb866676d6836532beebd260460241cbb4aadd2547833fabf1108e80e430a734,Healthy-Leaf(1399),5,0.9999999999998167,0.16666673984245617,0.16666668761266498,0.16666679376242488,0.1666665518468136,0.16666642871061405,0.1666667982250264
2275,8cdf14fa4b412d2666c3e31262b09fb00dd5429395f1d9bf1d0aa6814b442bc2,Healthy-Leaf(1399),5,0.9999999999997597,0.16666675047197624,0.16666669066362685,0.16666681221211885,0.16666653518068755,0.16666639415846543,0.1666668173131251
2276,8608d0accc5507dd24329296107887953f4cc1190abc6e41f4f4e23c4a264155,Healthy-Leaf(1399),4,0.9999999999999978,0.16666666038602784,0.16666666491674187,0.1666666556640403,0.1666666766100803,0.1666666871963441,0.16666665522676555
2277,44913cc3fe90e743d06a3ee5b63192a4eaea7960598448d7c7c8960b509518ca,Healthy-Leaf(1399),5,0.9999999999996203,0.16666677211532158,0.16666669687718758,0.16666684977170762,0.16666650125120785,0.1666663238131044,0.166666856171471
2278,d95b23fff67149e208af1b900be526e0debb75d3ffb8af14eee3f7e92f0c2e33,Healthy-Leaf(1399),5,0.9999999999999765,0.1666666925687073,0.16666667413854105,0.1666667115458967,0.16666662612744956,0.16666658255954503,0.16666671305986036
2279,e896b619e16559a8a51fa5415ddf6964390e9940307637e377c502d1fc76dff8,Healthy-Leaf(1399),5,0.9999999999998582,0.1666667309990499,0.16666668509988686,0.16666677836759752,0.16666656575636984,0.1666664575074021,0.1666667822696937
2280,c90a079b40938ccf5fb72c504aa21b36a83f33b92993e4a02b9d050afdfd755f,Healthy-Leaf(1399),5,0.9999999999999805,0.166666690226979,0.16666667344483488,0.1666667075305407,0.16666662975462496,0.16666659011522278,0.16666670892779767
2281,786d022f6252cb7fd4a3b0e01435e881e27947208bd1274d7a99e19ad5221f3e,Healthy-Leaf(1399),5,0.9999999999999845,0.16666668751915031,0.16666667265401314,0.16666670284765364,0.16666663398159456,0.16666659889914098,0.16666670409844733
2282,9a578c7ae00a5eb93d96cdd1aa7e7161966095e3cf8abb7cb55efdfb5549c94c,Healthy-Leaf(1399),5,0.9999999999999318,0.16666671117589743,0.16666667944073282,0.16666674391434844,0.1666665968844195,0.16666652199462936,0.16666674658997246
2283,8b6e6c9006ec6250ace8dc5975a81531a278a49f22987ce17ce3057eeded14b5,Healthy-Leaf(1399),4,0.9999999999999628,0.16666663398668152,0.16666665732358882,0.1666666098849267,0.16666671796499763,0.16666677296080598,0.16666660787899934
2284,83bfa2c37b65330cb6e8b225efbdae773199f12596d8657d7a73fca9fd0dff5b,Healthy-Leaf(1399),5,0.9999999999997844,0.16666674608822907,0.16666668941975948,0.16666680457477365,0.16666654208072323,0.16666640844033392,0.16666680939618073
2285,4b7e9310236bd11083e079ebfcbccf912781991c1dfa4f6d4f7db2bf24c69344,Healthy-Leaf(1399),5,0.9999999999999606,0.16666670032694422,0.16666667631454044,0.16666672510736683,0.16666661387228654,0.166666557233522,0.16666672714534
2286,6fd961c4cdef2f2085cdb28e9f2522b2462186f1d5c69903379abfd6061e7f69,Healthy-Leaf(1399),5,0.9999999999999879,0.16666668495046943,0.16666667190541296,0.16666669840944062,0.16666663798944054,0.16666660722633142,0.16666669951890506
2287,d72c603bb7c75114ead62703962135f357483637c2d062a3c0c92279d1b857ef,Healthy-Leaf(1399),5,0.9999999999999638,0.1666666989330718,0.1666666759404595,0.16666672263946763,0.16666661610409178,0.16666656181888398,0.16666672456402531
2288,21817d06138b23c587054856be1a65935e2a9382847a981379499866b463b782,Healthy-Leaf(1399),5,0.9999999999999689,0.1666666965411482,0.16666667524373546,0.16666671850744005,0.16666661983582545,0.16666656957197273,0.16666672029987809
2289,a52de3ce37915472915e1f7ed79bfc199be9d54016bc91dbc32f5db746c56214,Healthy-Leaf(1399),5,0.999999999999999,0.1666666697441932,0.16666666759189078,0.16666667192641912,0.16666666191855925,0.16666665675521303,0.16666667206372462
2290,b147e4b26a7f76f25f60928e4d6bd36cbcc52e1b59441938f0bf14bc8a353db8,Healthy-Leaf(1399),5,0.9999999999999911,0.1666666822583025,0.1666666711376644,0.1666666937293448,0.16666664221804547,0.16666661598536622,0.16666669467127654
2291,ffc6911f4411a33afd37da10678b533fdb8d75a8da7d16aa912ae4d1763929e0,Healthy-Leaf(1399),5,0.9999999999997722,0.16666674826754882,0.16666669003066703,0.16666680839127873,0.1666665386332863,0.16666640131742802,0.1666668133597911
2292,46d80764830330f4a88f68b782e758f758581ab0d675fb4538700668b572e062,Healthy-Leaf(1399),4,0.9999999999999991,0.1666666648892957,0.16666666617294132,0.16666666354891854,0.1666666694841136,0.16666667248115694,0.16666666342357372
2293,b91c841eab5350b0f5d5c1e55d7cfe32757e75751c1f386d696cc59afb695e2c,Healthy-Leaf(1399),5,0.9999999999999444,0.16666670683703266,0.16666667819942554,0.16666673637395177,0.16666660369586286,0.1666665361091934,0.1666667387845338
2294,6c9cac0bfeb3ebc9aa660dca10a81bb541087575808e6516ec3cf2e5f50cbbfa,Healthy-Leaf(1399),4,0.9999999999999744,0.16666663964925793,0.16666665896038807,0.1666666196907934,0.16666670910790962,0.16666675457966143,0.16666661801198956
2295,3b6f2dafecc25e3b69e39c7e5202ebbc8ca25de136537603fbcda3f47ba86e7e,Healthy-Leaf(1399),5,0.9999999999998995,0.16666672081199235,0.1666666821893576,0.1666667606680739,0.16666658174777513,0.16666649064038586,0.16666676394241522
2296,d8f64e19eef9a1ac16dd17a882bc302b7bf832264d7579db29048f706dd1251c,Healthy-Leaf(1399),5,0.9999999999999672,0.16666669737369239,0.16666667548131983,0.16666671995549215,0.16666661852771122,0.1666665668622773,0.16666672179950717
2297,34977dc2807b856c370e12c8af57f893be68e947dbcb0a9ac38af57ff94be6f5,Healthy-Leaf(1399),5,0.9999999999999811,0.16666668976387997,0.16666667330701876,0.166666706724258,0.16666663047980246,0.16666659162486014,0.1666667081001807
2298,ad08d168f386cf9d7a73563707005c727fcfbab1d11fd9c02819c3e189af36fe,Healthy-Leaf(1399),5,0.999999999999856,0.16666673149459724,0.16666668523537764,0.16666677923958656,0.16666656496785096,0.16666645588336415,0.16666678317922348
2299,a7de9afdf2f0a83953d954752041df8b237858714720a9a743f34f04907a7280,Healthy-Leaf(1399),4,0.9999999999999993,0.16666666593178575,0.16666666645796427,0.16666666538421354,0.16666666782472264,0.16666666906356362,0.16666666533775013
2300,b479f2d49b461915cd312e2ba9183c9c78d61e5e57703006f4eafc29576f6cce,Healthy-Leaf(1399),5,0.999999999999966,0.16666669791157382,0.16666667562054807,0.16666672091439874,0.16666661765938717,0.16666656508581545,0.16666672280827685
2301,5cd3cde88154c9e8b29fe21a7243a412652ab17f4c32faa643c6ec886b6ca9f1,Healthy-Leaf(1399),5,0.9999999999999534,0.1666667033528254,0.16666667719401967,0.16666673033361024,0.16666660915108603,0.16666654742725628,0.16666673254120246
2302,81ad78a011225546f09ed53bf83ad0d1f9c9de69bed9e2278295e0349336824a,Healthy-Leaf(1399),4,0.9999999999999877,0.16666664831442335,0.16666666143586317,0.16666663474702195,0.16666669550480642,0.16666672639540794,0.16666663360247713
2303,675bc2f1f2db28eee099629492fb3a2fabbb091d36354e12dd142ba9b09cf1cc,Healthy-Leaf(1399),5,0.9999999999999081,0.1666667183956566,0.1666666815005371,0.16666675646362325,0.1666665855458997,0.16666649850669532,0.16666675958758798
2304,41813dd5f024231e5c86e668d21095956faa06c49d109845793570ea258cde7c,Healthy-Leaf(1399),4,0.9999999999999991,0.166666664886996,0.16666666617584958,0.16666666353943096,0.16666666949331066,0.16666667249458017,0.16666666340983277
2305,6046ba944055eecb2e5d939ee706e5e75aec4fd25e11c4210bba71c18a480591,Healthy-Leaf(1399),4,0.9999999999999618,0.1666666334749891,0.16666665717697016,0.16666660899432767,0.1666667187690713,0.16666677462710283,0.16666660695753902
2306,bea5e30db93353ee7e4b68b390dd49157cbd6c6a8056dc56fd66fdedf1d77be8,Healthy-Leaf(1399),5,0.9999999999999961,0.16666667610809302,0.16666666937894375,0.16666668304658594,0.16666665186972443,0.16666663598535666,0.1666666836112961
2307,f720ed88a7df3ee6a6f558365d0d08cd20ef5191d9a7ce66e43018ab556e8596,Healthy-Leaf(1399),5,0.9999999999999176,0.16666671559823995,0.1666666806584315,0.16666675168639922,0.16666658985871283,0.16666650751153703,0.1666667546866796
2308,d0b0be837b3db700c1c8f2272018b9e8ef41655442e25b87108be41441789988,Healthy-Leaf(1399),5,0.9999999999999839,0.16666668779180585,0.1666666727142315,0.1666667033492217,0.16666663352555208,0.16666659798174696,0.16666670463744182
2309,f87604ff7d729cadd84981901b76660ee5f72395afdc460e3071aa5f6d613bd3,Healthy-Leaf(1399),5,0.9999999999998762,0.16666672674869537,0.1666666838766025,0.1666667709972031,0.16666657241409769,0.16666647131563597,0.16666677464776541
2310,d5d13df63a1fac7907a9c1ee8c823a9c8b0bd8ab1460e393a5f375dcdeddf73c,Healthy-Leaf(1399),5,0.9999999999997622,0.16666675005925094,0.16666669057319924,0.16666681144700565,0.16666653587535726,0.16666639555422005,0.16666681649096696
2311,d35be333c94b045d1be53d4984e4f9975ce71927df511a042b0e2d697780b6e2,Healthy-Leaf(1399),4,0.99999999999999,0.16666665014217852,0.1666666619548331,0.1666666379244534,0.16666669263272055,0.1666667204492379,0.16666663689657651
2312,e5b1d395f4a43074165db37dd8ddedad31db33f80b8c3b57b7d77ab8892ea3ad,Healthy-Leaf(1399),5,0.9999999999997594,0.16666675053338376,0.16666669069676787,0.16666681229110664,0.16666653511114388,0.1666663939895839,0.16666681737801395
2313,0a17606e50a37fb174deef63926a39de42c2bdb3228d0d78c2890a1ae32dc75d,Healthy-Leaf(1399),5,0.9999999999997675,0.16666674912362764,0.16666669027802783,0.16666680986809942,0.1666665372980115,0.16666639854561047,0.16666681488662313
2314,5d3ed9bf54ccf6178e614a39388fcc839f9112c0ce77aad7d6a9e67d35b7be0d,Healthy-Leaf(1399),5,0.9999999999999993,0.16666666729203178,0.16666666686770676,0.16666666771074284,0.16666666572534258,0.16666666468035196,0.1666666677238241
2315,42e991d4205a4b8310c5d7d3081562f8b4db8513fce9587a012b22f645eba836,Healthy-Leaf(1399),5,0.9999999999997549,0.16666675137798906,0.1666666909303343,0.16666681377186426,0.16666653377228022,0.16666639122779398,0.16666681891973822
2316,711a46b76aef47b0fa91d2afb8ee7fe5a88735c4529afb883f8e05b24d002b4a,Healthy-Leaf(1399),4,0.9999999999999828,0.1666666447193035,0.16666666038324526,0.16666662854973605,0.16666670110191592,0.16666673803322457,0.16666662721257464
2317,90416555e1f6845977d35f7b728c62452b047ccc22e0628027a26991f79b89e9,Healthy-Leaf(1399),5,0.9999999999999373,0.16666670931511446,0.16666667890776649,0.16666674068698875,0.16666659980092838,0.1666665280399634,0.16666674324923852
2318,2954736cd1242ffe18206fb39416befaab3b8c1406661f1762f361948a476294,Healthy-Leaf(1399),5,0.9999999999999902,0.16666668290832137,0.16666667132182877,0.16666669485771626,0.16666664119752994,0.1666666138727951,0.1666666958418085
2319,72a5b2e6fd632194c0cce3896b6cdb02d00f2d529c71aa2292525fbcfe85bc95,Healthy-Leaf(1399),4,0.999999999999966,0.16666663542866683,0.16666665772656367,0.16666661240478134,0.16666671568692393,0.16666676825483595,0.16666661049822815
2320,2c3562ca4939bab1d1f7e14a807ea57d9dd7556b90b4a867f0b84d31fffa67c3,Healthy-Leaf(1399),4,0.9999999999999315,0.1666666220523089,0.16666665391635352,0.16666658913993038,0.1666667367071018,0.16666681178824774,0.16666658639605772
2321,7e6ea43d95fb52710abd60c41efa42b134ff2eb63ab66030b4eef8d95127a5fe,Healthy-Leaf(1399),4,0.9999999999999821,0.1666666443246839,0.16666666029804142,0.16666662781927125,0.16666670176602916,0.16666673936613402,0.16666662642584015
2322,610955cb885b8be9fa965ccc20b460f9820eac4aa41d8f4a14cc7f6a8d5717af,Healthy-Leaf(1399),4,0.9999999999999328,0.16666662251936756,0.166666654046423,0.16666658995886174,0.16666673596712925,0.16666681026068408,0.16666658724753441
2323,c095285efbac38191cd43405cb07bc15c3c88fd7646214fb14c59c1a8533c5bd,Healthy-Leaf(1399),4,0.9999999999999332,0.16666662264719373,0.16666665408240663,0.16666659018016403,0.1666667357667303,0.1666668098460492,0.16666658747745605
2324,e7ae3a71299006a2641cb2ab923e01d493b0091a6cd2b492e32e06b026f26f17,Healthy-Leaf(1399),4,0.99999999999992,0.16666661848796716,0.1666666528948088,0.16666658295231485,0.16666674229711337,0.16666682337534072,0.166666579992455
2325,f32fc2ad2c8b7c4b17abf31889f990ff139048c95ff55006cde048b5d8f5639b,Healthy-Leaf(1399),4,0.9999999999999285,0.16666662110526445,0.1666666536465033,0.1666665874934336,0.16666673819482947,0.16666681486964469,0.16666658469032455
2326,00032718d49e1d8029d818735de431db609f4070091bd65353a3517185f0ad43,Healthy-Leaf(1399),4,0.9999999999999958,0.16666665665720942,0.16666666381793602,0.1666666492576247,0.16666668239728133,0.16666669924194982,0.16666664862799874
2327,87f5ea6735c18823595d4fb9531871c39afc95073c9e23045fe597a05e83f2da,Healthy-Leaf(1399),4,0.9999999999999954,0.1666666558596277,0.16666666357708462,0.16666664789453717,0.16666668362722478,0.16666670181085672,0.16666664723066904
2328,1f40e5cd15c191cc9b589342c6d6a88c810c33dd84693ea99e4a3fa552f1111c,Healthy-Leaf(1399),4,0.9999999999999583,0.16666663203603527,0.16666665676702994,0.166666606494092,0.16666672102861674,0.16666677930710133,0.16666660436712463
2329,4a6258b81c980dad4bf6633195c5bd56d0ab32e85edf744776605eecb6902115,Healthy-Leaf(1399),4,0.999999999999937,0.1666666239724485,0.16666665446179862,0.1666665924814469,0.16666673368762602,0.16666680553715346,0.16666658985952637
2330,9d82b7fc9a16ccfc218569466e2bd712c121f656b1d1cc904b5b05927731ca6b,Healthy-Leaf(1399),4,0.9999999999999801,0.16666664307354787,0.16666665992182453,0.1666666256781179,0.16666670369821165,0.16666674339912343,0.16666662422917458
2331,b2c62ac89740230e4401b3ac96f8608b5257fb1b899acb08a4fb1da070612c1e,Healthy-Leaf(1399),4,0.9999999999999657,0.16666663521974073,0.16666665768174754,0.16666661201818492,0.16666671603859354,0.16666676896029858,0.16666661008143485
2332,23e032c31e058f8cc1c80b5721a04b899093107681021c733d8d139e76d336ab,Healthy-Leaf(1399),4,0.9999999999999628,0.16666663393880748,0.16666665730695618,0.16666660981026554,0.16666671803288552,0.1666667731065128,0.16666660780457251
2333,ac11ade6e5492a233fe06a99d658f4e85bf9b6575f66e8ffd70537ad946369e5,Healthy-Leaf(1399),4,0.9999999999999135,0.16666661649841052,0.16666665232506722,0.16666657949605568,0.16666674541924445,0.16666682984599143,0.1666665764152308
2334,7b3d69bc4b188a5fc2fb064d515ad30c6e821e0c5997f82201bca2de13c13759,Healthy-Leaf(1399),4,0.9999999999999456,0.16666662698529294,0.16666665532315972,0.16666659771787729,0.1666667289572486,0.1666667957356542,0.16666659528076727
2335,776ff633a16681cded0a040d0207c2ea0b45e2998b71a53b3479635e9d96a19b,Healthy-Leaf(1399),4,0.9999999999999754,0.16666664027362182,0.16666665912004036,0.16666662081166,0.16666670809366763,0.1666667525083694,0.1666666191926407
2336,7b283edf12f8767957c09bf08537e77bbfd094d4b94831726bd06cd53fc44cb9,Healthy-Leaf(1399),4,0.9999999999999735,0.16666663912846705,0.16666665879408465,0.16666661881919195,0.166666709893848,0.16666675623617833,0.16666661712823008
2337,6b455ba22ad6777ad8f9c017f5e9dd5787cc95c78fc0aeaadca2c0bf6d0a2070,Healthy-Leaf(1399),4,0.999999999999954,0.16666663026061498,0.16666665625463822,0.1666666034176969,0.1666667238073382,0.166666785072407,0.16666660118730472
2338,31bbfdf33a09081bd6a64d5d263cd00fa22a4445d00ff92ccbef96cb326ef72e,Healthy-Leaf(1399),4,0.9999999999999886,0.16666664897138078,0.1666666616033578,0.16666663592927425,0.16666669443541346,0.1666667242125452,0.1666666348480285
2339,b54c17d2dda1ac2594953334d2de53a19ae96dd7f3239f3cee89c84e35ac1c4f,Healthy-Leaf(1399),4,0.9999999999999712,0.16666663792512937,0.16666665844929018,0.1666666167284992,0.16666671178226442,0.1666667601501622,0.16666661496465476
2340,61cecae92496d8733362d50b23cb9915e643899680afcbce7a5ecfde72d78f46,Healthy-Leaf(1399),4,0.9999999999999368,0.16666662392850462,0.16666665445339526,0.16666659239790363,0.16666673376363686,0.16666680568807513,0.1666665897684845
2341,a334d8991c22a44748d47230705f4f6a4d20ca507385de879fcf84ba0b91cba9,Healthy-Leaf(1399),4,0.9999999999999769,0.16666664113693405,0.1666666593712226,0.16666662230095441,0.1666667067480196,0.16666674971274048,0.1666666207301288
2342,19b94de8c708532119fbd557d37ebdc96b56c521f78713fb21d8156cab20e217,Healthy-Leaf(1399),4,0.9999999999999477,0.1666666277784882,0.16666665555678595,0.166666599082996,0.16666672772454605,0.16666679317041586,0.166666596686768
2343,87a64dd5d772059b10990e13eb00a29cb0f13c685ab3682c7a299448dbf0d806,Healthy-Leaf(1399),4,0.9999999999999466,0.16666662733044627,0.1666666554273465,0.1666665983084718,0.16666672842448954,0.166666794623078,0.16666659588616786
2344,0f25d39f9a74c13f75105b1d3d0d24e6e065d9317739d8de48f48c9b4b95b61a,Healthy-Leaf(1399),4,0.9999999999999457,0.16666662706389007,0.16666665534182717,0.1666665978593261,0.1666667288285794,0.16666679547482344,0.1666665954315537
2345,98646528044d64da30b23e8231147cf95af67e0f8ed5ce3315e458187243b6ed,Healthy-Leaf(1399),4,0.9999999999999992,0.16666666606996736,0.16666666650497167,0.16666666561990048,0.16666666761471458,0.1666666686177985,0.1666666655726473
2346,d42e9b9281b0e752baf231fe391967be3848e4684b37f6403607e16e76a8b66c,Healthy-Leaf(1399),4,0.9999999999999658,0.16666663542805782,0.16666665773155298,0.16666661239661873,0.16666671569537092,0.16666676826448185,0.16666661048391776
2347,f4e2654b9b2965d379bd7ff65dfec80fcac0144e8daaaa2ab36f933a954be681,Healthy-Leaf(1399),4,0.9999999999999896,0.16666664981629584,0.16666666185024037,0.16666663738741647,0.16666669311860063,0.16666672147549072,0.166666636351956
2348,3b8fc004753e474f4b666d80cd16494289a2d0f870331d141018ffffead04555,Healthy-Leaf(1399),4,0.9999999999999539,0.16666663018120187,0.16666665623304985,0.1666666032753353,0.166666723935515,0.16666678533594984,0.16666660103894818
2349,3bc5aae9bcec15a41bc4984fd8224256e39e52c60131cf2fc2f6f97c1186bd26,Healthy-Leaf(1399),5,0.9999999999999403,0.1666667082270751,0.16666667853605904,0.1666667389114142,0.16666660139962858,0.16666653144979088,0.16666674147603205
2350,bcd4c160008931373bc49769b92d986ace7015a27ea8038174a14cc1ed43e832,Healthy-Leaf(1399),4,0.9999999999999669,0.16666663583856298,0.16666665785359303,0.16666661310156697,0.16666671505906258,0.166666766938494,0.1666666112087204
2351,18bf5221b54473cfd989c4e8d768debc225af7e2dfc3a99ebac732e7e6a8ba89,Healthy-Leaf(1399),4,0.9999999999999324,0.16666662239773863,0.16666665400602587,0.1666665897551047,0.16666673615001315,0.16666681064815844,0.16666658704295922
2352,560534bdcf803430ee5dd425aba493a655b54bf4f2bb734dab055c278c5bb745,Healthy-Leaf(1399),5,0.9999999999999943,0.16666667892221956,0.16666667019265421,0.16666668792885353,0.16666664746207072,0.16666662683909905,0.16666668865510298
2353,ef353741a9650ecbe12763806345e679aa1da0d282cd469acc1d0c26ea4295d2,Healthy-Leaf(1399),4,0.9999999999999588,0.1666666321820446,0.16666665681088128,0.16666660674638495,0.16666672080145895,0.16666677883343956,0.1666666046257906
2354,602bc976c313fddb2bf35499db688e43d0faf635b7adefd2552cbede97f11c31,Healthy-Leaf(1399),4,0.9999999999999827,0.16666664459685993,0.16666666037208053,0.166666628293266,0.16666670133607026,0.1666667384804058,0.16666662692131756
2355,dc4cd084f0ffb66de418f1f0e5906e8460ba11023a0df5359dcf0861038e077d,Healthy-Leaf(1399),4,0.9999999999999556,0.16666663091300016,0.16666665644071477,0.1666666045498502,0.1666667227839632,0.16666678295232779,0.16666660236014394
2356,8b0eb38652c5bdaab06127f62be621eed9bb09e8b28c941bff31469faae8411e,Healthy-Leaf(1399),4,0.9999999999999876,0.16666664818530083,0.16666666138849626,0.16666663454790867,0.16666669568498982,0.16666672678637362,0.1666666334069308
2357,e4e601225fe573900d37964c715f2f8ac3abfdabe784b8fc9e5d7e16aee132d2,Healthy-Leaf(1399),4,0.9999999999999645,0.16666663473578736,0.16666665753576163,0.16666661119112242,0.1666667167849549,0.16666677051894224,0.1666666092334315
2358,d9789c2946d5abc88203c30dddab03159f48a50d0ce267f4a48b2d1163677da3,Healthy-Leaf(1399),4,0.9999999999999284,0.16666662108614103,0.16666665364004796,0.16666658746029397,0.16666673822427164,0.16666681493197955,0.1666665846572658
2359,da319f094ad00c532b716006f7474728607a5ebfddc309d484277357488d2c17,Healthy-Leaf(1399),4,0.9999999999999541,0.16666663029086035,0.16666665626511445,0.16666660346420167,0.16666672376488015,0.16666678498119197,0.16666660123375135
2360,32d2761ea21c5e9658c931ed46a50d3711bc68a5edf62ef4f2ddb1ce185bd9fc,Healthy-Leaf(1399),5,0.999999999999928,0.16666671236215816,0.1666666797299318,0.16666674607466853,0.16666659492930158,0.16666651802420837,0.16666674887973154
2361,eb2d10d6599ed81fab5fd3bba57897eb804b34f846f669f756d55220b0e2c191,Healthy-Leaf(1399),4,0.9999999999999125,0.16666661626291604,0.16666665226225866,0.16666657907937663,0.16666674579633495,0.16666683062024942,0.16666657597886425
2362,9793048c1462372cc23ef39cadac48f60d0cb863b0a3f447f7d97205584eaf24,Healthy-Leaf(1399),4,0.999999999999968,0.16666663637477294,0.16666665800727573,0.16666661403627883,0.16666671421550333,0.16666676519058402,0.1666666121755852
2363,7fd383893ee63acf06d21dd302d768cc6fce5e12f0609cb4e2cf12032c5ec3c1,Healthy-Leaf(1399),4,0.9999999999999566,0.16666663137547047,0.16666665658024118,0.166666605341467,0.16666672206987992,0.1666667814612759,0.16666660317166543
2364,29c81459bf86b0348dcee60569b13314de6b51443335c168eb16566257088536,Healthy-Leaf(1399),4,0.999999999999942,0.16666662570871427,0.166666654960393,0.16666659549704527,0.16666673096412843,0.16666679989074526,0.16666659297897388
2365,83a30a4d078a81af483eba7074b86fc1c1343de48218eedee5d65f96787cdc1c,Healthy-Leaf(1399),4,0.999999999999999,0.16666666374894412,0.1666666658505675,0.16666666157263765,0.1666666712726298,0.16666667618299102,0.16666666137222988
2366,06bfbfb8efef0a9f6cb00a3a6bebf27076e2dbb31ca82e04d8852736590db1d7,Healthy-Leaf(1399),4,0.9999999999999444,0.16666662656735992,0.16666665519981402,0.1666665969980782,0.1666667296069713,0.16666679708799279,0.16666659453978375
2367,54af7a84d6953959eb07bcb061646a1c5fa01f24aa337382e1d2eb6a42a2b6ee,Healthy-Leaf(1399),4,0.9999999999999564,0.16666663119596206,0.1666666565240749,0.1666666050380247,0.16666672234342236,0.1666667820357338,0.1666666028627823
2368,878acfa01ee0eb21cc16614a8cfc7280fefc638dba1360146d4c0bc683884263,Healthy-Leaf(1399),4,0.9999999999999373,0.16666662406982324,0.16666665448219675,0.16666659266561704,0.16666673352079092,0.16666680520347543,0.1666665900580966
2369,ff4ef8e1e89dbf9618141bdba6fede3a5a871f868cf3f085aec92638831c8395,Healthy-Leaf(1399),4,0.9999999999998958,0.1666666115753593,0.16666665090859167,0.16666657095832746,0.16666675313147175,0.16666684584059638,0.16666656758565349
2370,a770e05174ebddfdf476d11e07ea81cf184437bfa5f798ccb37a86b021815188,Healthy-Leaf(1399),4,0.9999999999999375,0.16666662416337902,0.16666665451668214,0.16666659281192894,0.16666673338892435,0.16666680491764416,0.1666665902014413
2371,85f9d96022d14d7f76c0641efe34d1d629a7e322dc07127d5b05de60393813fe,Healthy-Leaf(1399),4,0.9999999999999989,0.16666666333092853,0.16666666568710678,0.16666666091937057,0.16666667185655312,0.1666666774618259,0.16666666074421513
2372,b10a74cf56a0f7ea0975c1aa752670796eca9c7c7ac5fb45ddf511c8bb44de6b,Healthy-Leaf(1399),4,0.9999999999999328,0.1666666225299316,0.1666666540503706,0.1666665899749792,0.16666673595254133,0.1666668102289228,0.1666665872632544
2373,3d4fe61c2c202359cf1610833c6b207f656144c2f89e5615390e514c1781c9c5,Healthy-Leaf(1399),4,0.9999999999999422,0.1666666257941065,0.1666666549892686,0.16666659563788044,0.16666673083750863,0.1666667996213285,0.16666659311990734
2374,d018f558838b81001b0c971cfc8f775bc8578d377301eded836f0344286e5963,Healthy-Leaf(1399),4,0.9999999999999183,0.1666666179813285,0.16666665274803547,0.1666665820752902,0.16666674308918014,0.16666682501960056,0.16666657908656524
2375,088228836f12e539e021b99117bd3989d35a8247e8d9d482d5e060e9a745e8e4,Healthy-Leaf(1399),4,0.9999999999999986,0.16666666179296702,0.16666666529846264,0.1666666581578515,0.1666666743576338,0.16666668256358103,0.166666657829504
2376,13263d3a433c169f7cfdd59cf839447cc57ea242b68be1f1c3c902552218c8c7,Healthy-Leaf(1399),4,0.9999999999999463,0.16666662727021292,0.1666666554143475,0.16666659819539864,0.16666672852692335,0.16666679482850333,0.16666659576461426
2377,1cc4e59da8c8c5114640e7f9a64a45c263242739670db8583ce3bca402d58d2a,Healthy-Leaf(1399),4,0.9999999999999298,0.16666662155598777,0.16666665377519202,0.16666658827479322,0.16666673748843333,0.16666681340589104,0.16666658549970267
2378,6f9b604b5843c4128615c3bd6989df2d58054e50941a16e2c642690c8e7641d2,Healthy-Leaf(1399),4,0.9999999999999126,0.16666661628074753,0.16666665225700625,0.1666665791287257,0.16666674575053386,0.166666830541795,0.16666657604119162
2379,039786d35c415b620e05a20cb1f9675d98e1013dcdfc2115c96c83c43c1802ba,Healthy-Leaf(1399),4,0.999999999999931,0.16666662193961448,0.166666653875607,0.16666658895916123,0.16666673686938221,0.16666681213808787,0.16666658621814734
2380,5600826529e9656d90b7cd70f773fc393586bd12d297d1e8f63c2e775f1867a1,Healthy-Leaf(1399),4,0.9999999999999613,0.16666663331526807,0.16666665713306375,0.1666666087142168,0.16666671902245084,0.16666677514944167,0.16666660666555877
2381,de936e7a92d30fd60f50f59cfa2cf1020a2a943861ed4856a6249fa6bb447512,Healthy-Leaf(1399),4,0.9999999999999808,0.16666664344317286,0.16666666002649655,0.16666662631749468,0.16666670311939855,0.166666742200703,0.1666666248927343
2382,4e2adf91cc4a9ad445c2d7828863728e494350de2b7036190ea2cc1f1d65c50e,Healthy-Leaf(1399),4,0.9999999999999906,0.16666665066793804,0.16666666208433192,0.1666666388835474,0.16666669176580648,0.16666671868719965,0.16666663791117658
2383,1aa3c167c190898f5b7c8ca1ac6db603b403b45d6a12648020bc7f453fb718c5,Healthy-Leaf(1399),5,0.9999999999999795,0.16666669067215692,0.16666667350405442,0.16666670843526138,0.1666666289317382,0.16666658851947624,0.16666670993731283
2384,41f8b364a989414a39f109e18aae1c9662e189bc49caae182ce883b26295575a,Healthy-Leaf(1399),4,0.9999999999999312,0.16666662196008095,0.16666665388661617,0.16666658898462464,0.16666673684676983,0.16666681208289136,0.166666586239017
2385,ecfb06cf2fbac81d492ccede61519d3b80b9bb70cc0f4c8b1e0d99011f3960ca,Healthy-Leaf(1399),4,0.9999999999999665,0.16666663558677955,0.16666665779179923,0.16666661265248367,0.16666671546746603,0.1666667677694924,0.16666661073197928
2386,91549392d45fc37b81c3b03087ba3ab1b10faa0c6605765946c8f1e7e42a1e54,Healthy-Leaf(1399),4,0.9999999999999581,0.16666663197620207,0.16666665675809783,0.16666660637672048,0.16666672113585798,0.16666677951651607,0.16666660423660543
2387,a0ed0cc18a4c822f99d26f09b92d21db6fc259e944e88e0511c88427616d5fbb,Healthy-Leaf(1399),4,0.9999999999999731,0.16666663893377903,0.16666665873852485,0.16666661847888015,0.16666671020088006,0.1666667568719389,0.166666616775997
2388,ad3bfcc433bd724ad4151d2c8f9290ef12d9d961525bd3f72552033dcb12e70b,Healthy-Leaf(1399),4,0.9999999999999658,0.16666663534189935,0.16666665770931882,0.1666666122436879,0.16666671583404755,0.1666667685481939,0.1666666103228525
2389,9b66fb98e1a71ed1c724a880a62d7627b2f5108f0fc1a45a5e30c78e4f98146d,Healthy-Leaf(1399),4,0.9999999999999202,0.16666661849408348,0.16666665290112692,0.16666658295284648,0.1666667422966967,0.16666682336698602,0.16666657998826037
2390,a4008efdabc9b8e0de9c2a9f7415ea7ec87edfbc04a690b9dabd8f73234918bd,Healthy-Leaf(1399),4,0.9999999999999581,0.16666663193208076,0.16666665673906042,0.16666660631083544,0.1666667211944793,0.16666677964811424,0.16666660417542978
2391,8d19f412b73a5e8e03f383cd83f889d4edcacacd708764644b42bcc7deb63f8f,Healthy-Leaf(1399),4,0.9999999999999597,0.1666666325735451,0.1666666569181448,0.16666660743344625,0.1666667201798735,0.1666667775526516,0.1666666053423387
2392,3c9b257646171dcce0c1b880c8a2e0bd15d018fd3c2340a1d257fb78d040500a,Healthy-Leaf(1399),4,0.9999999999999407,0.16666662529035875,0.1666666548390325,0.16666659477117132,0.16666673161922368,0.1666668012506286,0.16666659222958494
2393,2fc3e5ed3b31bc001270791dddbd3fd88d56095aa23ff3813d20ae760be1cfe7,Healthy-Leaf(1399),4,0.9999999999999529,0.16666662983449904,0.16666665613625675,0.16666660267035657,0.16666672448269862,0.16666678646631106,0.16666660040987788
2394,ba20f1fb0f680cbbb4a8f93980b5da44b9fcf6c4b25e776b4e61a78d2598d640,Healthy-Leaf(1399),4,0.9999999999999986,0.16666666161135163,0.16666666520293483,0.16666665791394958,0.1666666745715828,0.1666666830751551,0.16666665762502608
2395,e497744500fef72445bd97d2b561dde17aecf4f6224d611b6e1dcb60577754ba,Healthy-Leaf(1399),4,0.999999999999964,0.16666663457042014,0.1666666574931188,0.1666666108939753,0.16666671705358102,0.1666667710680225,0.16666660892088234
2396,66e83e82fead32cd459a31c52f54fd76dbe98ee588d40efdeefa1bc1603723fd,Healthy-Leaf(1399),4,0.9999999999999731,0.16666663901134204,0.16666665875872008,0.16666661861740764,0.16666671007555567,0.1666667566154403,0.16666661692153426
2397,ab865a18405bede62c07b8fe2b6c01340f5dc272adc3da40ad5eb90b73fe4397,Healthy-Leaf(1399),4,0.9999999999999786,0.16666664200477413,0.16666665962188953,0.1666666238091056,0.16666670538692382,0.16666674688904026,0.16666662228826667
2398,7df73e56f22f2c737baf97df83b69816b68a18d77a42ad92bcd620ae7ed9be8e,Healthy-Leaf(1399),4,0.9999999999999786,0.16666664199983677,0.16666665961883464,0.16666662380278785,0.16666670539228992,0.16666674690268526,0.16666662228356563
2399,25e3f9c166e391e106153cf0461498f757e6373e8763247da22a9174d7da5abf,Healthy-Leaf(1399),4,0.9999999999999317,0.16666662217112638,0.16666665394385527,0.16666658935933204,0.16666673650846092,0.1666668113871713,0.16666658663005418
2400,0d4592640c9033c0f36e9984f345eaf44648bae61726a551ee48fba9efb0cb39,Healthy-Leaf(1399),4,0.9999999999999447,0.16666662671241383,0.16666665524522895,0.16666659724397104,0.16666672938548824,0.16666679662289482,0.16666659479000312
2401,df451804d93b06fed26a25655b2d09f6cef8d11fdbb3fc529ff2194f59ae4b4d,Healthy-Leaf(1399),4,0.9999999999999721,0.1666666383625266,0.166666658574369,0.16666661748896794,0.16666671109536285,0.16666675872687164,0.16666661575190211
2402,d193ebb924bedde59e412fa77c3c8492073e8ed70c472f5a4844ddedc8b12b43,Healthy-Leaf(1399),4,0.9999999999999978,0.16666666006222725,0.1666666648009276,0.16666665515774307,0.16666667706822705,0.16666668818474437,0.16666665472613068
2403,bce822525e8b80b380fcfce04d7141132893f50f5071fd76bb263c3b778b5f11,Healthy-Leaf(1399),4,0.9999999999999656,0.16666663525579858,0.16666665768413103,0.16666661209581324,0.16666671596774219,0.16666676882622422,0.1666666101702907
2404,34bd6b2628c3aaf5aaaf76af913cccce080fb35f98b3ab88b02d2d01e4e44096,Healthy-Leaf(1399),4,0.9999999999999584,0.1666666320527852,0.1666666567735143,0.16666660651742424,0.16666672100708452,0.16666677925945925,0.16666660438973255
2405,ca5ef1569a06ed7aaad6f8f0e4e9d3d29db571740ab480fe5dd28506d66fb65d,Healthy-Leaf(1399),5,0.9999999999999232,0.16666671387188706,0.16666668016432332,0.166666748694188,0.16666659256336167,0.1666665131176079,0.16666675158863212
2406,e71bc3425c2b3042d300be0f8522130d206b67ae6c2ff6aac32cac36444eb861,Healthy-Leaf(1399),4,0.9999999999999393,0.16666662468367963,0.16666665466382596,0.1666665937220752,0.16666673256723036,0.16666680321806093,0.16666659114512794
2407,534ff041783842e3405f51ae1d588106483322cd04751b8c3f6436c17ac8e1c5,Healthy-Leaf(1399),4,0.9999999999999365,0.16666662379236286,0.16666665441449297,0.16666659216246302,0.1666667339766074,0.1666668061294859,0.16666658952458785
2408,839a9ccac196ae811d6f346442c78c3f2819b3de31af349981a26c01d01b41fb,Healthy-Leaf(1399),4,0.999999999999955,0.16666663067378362,0.16666665637787267,0.16666660412710083,0.16666672316715697,0.16666678373797272,0.16666660191611304
2409,d6138ebf39cf6bc196c4921405d5a179dd1721d01aedbd8f8a500b6d1de8f687,Healthy-Leaf(1399),5,0.9999999999999977,0.1666666734976519,0.16666666863599763,0.1666666785137349,0.1666666559672549,0.16666664447167062,0.16666667891369003
2410,c525975f232e95a8bfda017fd6ae202d4d87f084f007a15df4b79469b541bb55,Healthy-Leaf(1399),4,0.9999999999999674,0.16666663609222507,0.16666665793419372,0.1666666135314251,0.16666671467243624,0.16666676612515566,0.16666661164456434
2411,9c90ebccac5f7da120cdd2bd6c9c1e3e347900aa50bcb69d4fe0ae7a5da0da79,Healthy-Leaf(1399),4,0.999999999999975,0.16666663996781628,0.1666666590400404,0.1666666202701859,0.16666670858443083,0.16666675351388807,0.16666661862363855
2412,71587a09c23a1c9525b8a8a41a9496b5dac70233e7f3a8792a950eeaec1cb8c1,Healthy-Leaf(1399),4,0.999999999999939,0.16666662458669546,0.16666665462741548,0.16666659356795227,0.16666673270522542,0.1666668035176078,0.16666659099510364
2413,b1b5493ab1cc5d7e67a1582088cf633e7e5cfa8f180c4a7a4425944030db9e23,Healthy-Leaf(1399),4,0.9999999999999623,0.16666663371797663,0.16666665724971055,0.16666660941620454,0.16666671838958014,0.16666677383637696,0.1666666073901513
2414,49626725dd8861abf169743db65d8ab85947e411c7331bc6bdaf8e60277eb36b,Healthy-Leaf(1399),4,0.9999999999999558,0.16666663096230636,0.16666665645278236,0.16666660464105823,0.16666672270176636,0.16666678278551278,0.16666660245657386
2415,5ab504d5868ab9ebc687d7201072cf759577cb67a89c2e8a52926a6d49f359bb,Healthy-Leaf(1399),4,0.9999999999999398,0.16666662494085138,0.16666665473912354,0.16666659416478977,0.16666673216725922,0.16666680238629075,0.16666659160168515
2416,0043630a48c1daf822c9d6dd36b059bb5cc67b9837eae907d9197f5a76210146,Healthy-Leaf(1399),5,0.9999999999999876,0.16666668502072193,0.16666667188591217,0.16666669861476444,0.16666663780234323,0.16666660690314344,0.16666669977311482
2417,c89fd1cffef3fbcc163e0b7075fe8d6ef0fb072b7f01e3f1c1d3751064cfd591,Healthy-Leaf(1399),4,0.9999999999999433,0.16666662612428795,0.16666665507631911,0.16666659622397265,0.16666673030701065,0.1666667985336872,0.16666659373472237
2418,cc4fefe0e4960fd7cfa8b9b782a1545b51141cec84cdd78bfee7276a666ba34f,Healthy-Leaf(1399),4,0.999999999999942,0.16666662569064608,0.16666665495316266,0.1666665954671496,0.16666673099039644,0.16666679994815697,0.1666665929504883
2419,16b0de4fc9243dc7ccccfbce8062d6a527aafca72ec5c2180ac1ddbb25ed553d,Healthy-Leaf(1399),4,0.9999999999999458,0.1666666271179114,0.16666665536771888,0.1666665979368426,0.1666667287602866,0.166666795316998,0.16666659550024238
2420,829df637eaa9da428e8688ac89e2dd6b0fcc055133139dbb9393fdd271a14ad8,Healthy-Leaf(1399),4,0.9999999999999449,0.1666666267569749,0.1666666552506499,0.16666659733320785,0.16666672930373772,0.1666667964649558,0.16666659489047392
2421,b9ff575956978d822f0e28068314053504ea5b24deb4e820a4471e8616c70d0b,Healthy-Leaf(1399),4,0.9999999999999463,0.16666662722426903,0.16666665538905312,0.16666659814010912,0.16666672857613202,0.16666679495017692,0.1666665957202597
2422,21a40f53d0b60cdafb1b7ae928a38623d0656a6801936f46c70b9eab59fd7cce,Healthy-Leaf(1399),4,0.9999999999999433,0.16666662613941938,0.1666666550874183,0.16666659623267271,0.16666673029865747,0.16666679850482108,0.1666665937370111
2423,d1e6495e0efd637548859c612377c44be411302df6326b0e3c87e4a3ee9d198e,Healthy-Leaf(1399),4,0.9999999999999787,0.16666664202764797,0.16666665962111213,0.16666662385872594,0.16666670534051792,0.16666674680408433,0.16666662234791185
2424,0984b8bbe4f764118bb2b0da448a6103634c31d7a7e563259fa5c7d8351bb9b8,Healthy-Leaf(1399),4,0.9999999999999943,0.16666665446269924,0.16666666318802967,0.16666664544466853,0.1666666858407111,0.16666670638036243,0.16666664468352915
2425,a8ad62d012816d025dbab8caa5e8e54814a2e5bbead94cfb53d28630a97548cf,Healthy-Leaf(1399),4,0.9999999999999096,0.16666661547024458,0.1666666520425462,0.1666665776922044,0.16666674705089407,0.16666683320916584,0.16666657453494477
2426,312e3cdca5bb3efdb55c35c3b5edd461ff9af0075ae3271aee02e0c99197a4fe,Healthy-Leaf(1399),4,0.9999999999999113,0.16666661588737508,0.1666666521551623,0.1666665784252422,0.16666674638705256,0.16666683184372144,0.16666657530144643
2427,292fcd164b5a56a0794da3e5bc8a95f997a52eda9e86f5b870760b7359ddb0e6,Healthy-Leaf(1399),4,0.9999999999999789,0.1666666421507065,0.16666665962472388,0.1666666241328447,0.16666670509019932,0.16666674633591408,0.16666662266561164
2428,71cffadedd6da4538f5d80d0570a39f8346d3e1977f423ba2b7c1f14d2c22842,Healthy-Leaf(1399),4,0.9999999999999388,0.16666662456204945,0.16666665462490893,0.16666659351414573,0.1666667327537009,0.1666668036103941,0.16666659093480082
2429,cf33d127d90ee78ccb39acbbaf94e4d157549c46264f427cfa95d7c4e01d07e4,Healthy-Leaf(1399),4,0.9999999999999284,0.16666662108086078,0.16666665363826474,0.1666665874491265,0.16666673823375777,0.16666681495169922,0.16666658464629092
2430,d24766a442faeb6f574e1cbacf8a07cccf1b6585844ced63f10f6f8ce270823c,Healthy-Leaf(1399),4,0.9999999999999236,0.16666661959841061,0.1666666532174965,0.1666665848707012,0.16666674056417458,0.16666681977607292,0.16666658197314416
2431,dcea550d1a7ebe4924002f7715802b404fef21fffdf6aebfa5f7a02258614415,Healthy-Leaf(1399),4,0.9999999999999556,0.16666663093059367,0.16666665645974738,0.16666660456096924,0.16666672277679992,0.16666678291601722,0.16666660235587244
2432,aaebdcc17921e7c0cf47deb17fc8249ba54d429aac82a860f1ac4ad1626fcb2a,Healthy-Leaf(1399),4,0.9999999999999859,0.16666664697263947,0.16666666104199804,0.1666666324407547,0.16666669758873096,0.1666667307307758,0.16666663122510086
2433,3eecdb314aa7df3a5b30b835974eb8104d118c70442bafc716004492449bed09,Healthy-Leaf(1399),4,0.9999999999999463,0.16666662724423656,0.16666665540293793,0.16666659815543491,0.16666672856212536,0.1666667949074718,0.16666659572779344
2434,b425a8141bda9486f2dd5624e43c96ddb41c8c74cf77efb4fe141347d2a3cff3,Healthy-Leaf(1399),4,0.9999999999999125,0.16666661623230158,0.1666666522470947,0.1666665790359071,0.1666667458344724,0.16666683070921717,0.16666657594100712
2435,f8095c3aacd5c763ae76b4d6132aefef4b2535d64ee079ed7a2f42cf64d39ccd,Healthy-Leaf(1399),4,0.9999999999999709,0.16666663772149065,0.16666665840929984,0.16666661634252714,0.16666671213314524,0.16666676084829507,0.166666614545242
2436,b534de460cadd8167a4f42f2402d2fe5c8a6b342d245648dabea185e0e39d7bc,Healthy-Leaf(1399),4,0.9999999999999656,0.1666666351430124,0.16666665765344063,0.16666661189453788,0.166666716149176,0.16666676919933032,0.1666666099605029
2437,b3440e515081f5d0b796e8c7f2017d5ac7b1ace0216e605df7300318b47494ca,Healthy-Leaf(1399),4,0.9999999999999911,0.1666666511406797,0.16666666224531515,0.1666666396661489,0.1666666910633931,0.16666671719187207,0.16666663869259116
2438,72bdbf8990854f57e06b3415beebf5337788273dc85a6f463d85d930060c255e,Healthy-Leaf(1399),5,0.9999999999999115,0.16666671738049138,0.16666668115987024,0.16666675480284654,0.16666658704351625,0.16666650169185673,0.16666675792141894
2439,9ef8bdabf4a00da5be0c09e3a8e5b0e9793e3251efa70bd036e908e0057a7a01,Healthy-Leaf(1399),4,0.9999999999999405,0.1666666251835428,0.166666654809207,0.16666659458578903,0.16666673178713734,0.16666680159759872,0.16666659203672507
2440,dbb72d0cf9566ef63a108a1dba9d2909b338ddac5f578beceda40d0a73f36e70,Healthy-Leaf(1399),4,0.9999999999999759,0.16666664046502375,0.1666666591849566,0.16666662112472283,0.1666667078117092,0.1666667519077262,0.16666661950586148
2441,6697a1ae38ac1957f5737178c08bfda2bce5618b6786a7ff0f929b23db2fdd63,Healthy-Leaf(1399),5,0.9999999999999164,0.16666671600513022,0.16666668079564562,0.16666675236380138,0.16666658925089084,0.16666650622005125,0.16666675536448072
2442,af0fbadf04c9a56b55139c13c945c17823f5c50d3b7165d57e88ae0761236835,Healthy-Leaf(1399),4,0.9999999999999752,0.16666664015581356,0.16666665910490588,0.16666662057851103,0.16666670830751062,0.16666675292262206,0.16666661893063683
2443,b3dbe630901df3556ef9452bab5428af2cb07431e8e10b879b66784262d6ff7a,Healthy-Leaf(1399),4,0.999999999999972,0.1666666384765481,0.16666665861091517,0.16666661768273855,0.16666671092139154,0.16666675836047892,0.1666666159479276
2444,1814789c3f201a6ba0bef7f38b05b0113c96a4e8ab2e43938bd44ad38f41d4f0,Healthy-Leaf(1399),4,0.9999999999999047,0.1666666140251611,0.1666666516189552,0.16666657519688743,0.16666674930332945,0.16666683789251044,0.16666657196315646
2445,1b5f48732cb69abdf94e5ad6be63c20dde54b8327ebfa1e760159d9a4cc38299,Healthy-Leaf(1399),4,0.9999999999999855,0.16666664651557808,0.16666666090353482,0.16666663166030854,0.16666669829288322,0.16666673220212724,0.1666666304255682
2446,0ff8174d717c172d2bebe3c07b4b421aaf709ff259d2b7d5b39360b38b47468c,Healthy-Leaf(1399),4,0.999999999999932,0.1666666223281529,0.1666666539827572,0.16666658964070402,0.16666673625308603,0.16666681086717966,0.16666658692812
2447,20cce75c745caf3907c55b5802f62cc7aa3f41b33c3095ba0b73a456dee1d8e9,Healthy-Leaf(1399),4,0.9999999999999459,0.16666662717837033,0.16666665537910735,0.16666659805200837,0.16666672865545934,0.16666679510915983,0.1666665956258947
2448,8204eae201e7bb5828451cce5a2de76a02d27fa45902880eb7a202d282e2dd0a,Healthy-Leaf(1399),5,0.9999999999999987,0.16666667080415107,0.1666666678652924,0.16666667383513853,0.1666666601940148,0.16666665323094892,0.16666667407045424
2449,9f8446e79cf9f3439726591497f892aca8fba2a6119665e6e561eaeb767fa11b,Healthy-Leaf(1399),5,0.9999999999999353,0.1666667099499386,0.1666666790242118,0.16666674190945877,0.1666665986898494,0.1666665258413879,0.16666674458515351
2450,09d6b03d717c02ab4a59b16048eb63ae2a11268028831c266100515049f3bf57,Healthy-Leaf(1399),4,0.9999999999999102,0.16666661554484,0.16666665205927084,0.16666657782861444,0.16666674692681507,0.16666683295914728,0.16666657468131246
2451,1c9c8b502f2dd7cf94169ea6f6b327fb986fb856c836af4f0d5267d078d5f821,Healthy-Leaf(1399),4,0.9999999999999374,0.1666666240473902,0.1666666544865825,0.16666659260442215,0.16666673357662853,0.16666680530162428,0.16666658998335232
2452,83ce71e52e2655fab4d7f23fcca3fa77301601e9e3c67995aeedd55b9e06b389,Healthy-Leaf(1399),4,0.9999999999999505,0.16666662874273044,0.16666665582835696,0.16666660076492573,0.16666672620439732,0.16666679002693482,0.1666665984326547
2453,c1e27a4d5a9dc01a60bdbb5fba56073db2d7829a465fa69cc86dc72bbea0402d,Healthy-Leaf(1399),4,0.9999999999999079,0.1666666148564716,0.16666665185168195,0.16666657664883874,0.16666674799072645,0.16666683518038097,0.16666657347190025
2454,cea763871fd5f91b9cbebf191633ec2677cd334f45de63f04c16fe339a9347ae,Healthy-Leaf(1399),4,0.9999999999999712,0.16666663798062703,0.16666665847955045,0.16666661680014888,0.16666671171940275,0.16666675999714511,0.1666666150231258
2455,69bbccf5fbd773c28c5a487e69a5cd71685439772ea1d9e183addab33a0dc6e6,Healthy-Leaf(1399),4,0.9999999999999183,0.16666661798608337,0.1666666527599367,0.16666658206775675,0.1666667430978821,0.166666825021363,0.16666657906697807
2456,538b95c5b45de2ed7d3dc5d2898598f1310810298598be4aa1cc6bdbcfe6c5fc,Healthy-Leaf(1399),4,0.9999999999999457,0.16666662705255544,0.16666665534385633,0.1666665978283768,0.16666672885672615,0.16666679552448052,0.16666659539400475
2457,242c6be303f74bb034b2e940c64b1d40f356a702a54bd294be53ca47b9b9fd4d,Healthy-Leaf(1399),4,0.9999999999999314,0.1666666220746446,0.16666665393000907,0.16666658916546098,0.16666673668479895,0.16666681173044237,0.16666658641464396
2458,60c1eaad60ae65b4de7a8ceadf010917bf9de78efdab2ffed30a7d8191e2dadc,Healthy-Leaf(1399),4,0.999999999999937,0.16666662395055137,0.16666665445464893,0.1666665924452414,0.1666667337202916,0.16666680560629202,0.16666658982297464
2459,9956144a59d77254dae9f4e462d8c3a9349e69c9384bc8e4c40cf4d5b1172f4f,Healthy-Leaf(1399),4,0.9999999999999509,0.16666662901276272,0.16666665590123492,0.1666666012432619,0.16666672577208597,0.1666667891382457,0.16666659893240887
2460,b2f7771aa1092d6c151fb67886cf9ad9cb8434e4cdc50af25e10ea7711659c96,Healthy-Leaf(1399),5,0.9999999999999954,0.1666666771866494,0.16666666965289317,0.1666666849940294,0.1666666501091827,0.16666663239367557,0.16666668566356974
2461,1091cb93498b0714f949579759a806162d60167f5c123912dbb20660ff64f08c,Healthy-Leaf(1399),4,0.9999999999999676,0.16666663620309224,0.16666665795155355,0.16666661374828068,0.1666667144745734,0.16666676573770575,0.16666661188479434
2462,10abccfa304cfad2375f90f226a4fbf14841d2e5c85ddb22a248e1e551c82312,Healthy-Leaf(1399),4,0.999999999999995,0.16666665561759778,0.16666666352987775,0.16666664743297938,0.16666668404633286,0.16666670264403033,0.16666664672918197
2463,5450778660f56f7fa58ec237a7196983176ec75e02d8bd98007e76769d986685,Healthy-Leaf(1399),4,0.9999999999999598,0.16666663274770432,0.16666665696989047,0.16666660772963207,0.166666719911834,0.1666667769937539,0.16666660564718513
2464,1904049b40455853c9a0769ec2b362f133b6e9545608bb7216259493ad56f89f,Healthy-Leaf(1399),4,0.9999999999999581,0.16666663189793762,0.16666665672451486,0.16666660626099328,0.1666667212391802,0.16666677974846392,0.16666660412891016
2465,d1b47784fb7fbc5ccb3bd4b55f371e18eef25821b0bea4b23bc09e6dad8ca3fa,Healthy-Leaf(1399),4,0.9999999999999829,0.16666664485250732,0.16666666043641715,0.1666666287552662,0.16666670091818786,0.16666673762875528,0.16666662740886617
2466,cb44f5057fdb41477c8c2830a4f4352fbd910999d036a3f6ff6b31997773edd7,Healthy-Leaf(1399),4,0.9999999999999264,0.16666662042169245,0.16666665344023865,0.1666665863262799,0.16666673924831216,0.16666681706991338,0.16666658349356356
2467,e0d7fa14f4a25cf9172b09107dc77ca9c65fac4a861d12c3b585017180378a84,Healthy-Leaf(1399),4,0.9999999999999534,0.1666666299707487,0.16666665617541668,0.16666660290555152,0.16666672426997162,0.1666667860250084,0.1666666006533031
2468,07b93d15806832e3400867a8830d1e07fd19a08f0ecf1da6017e337507be589c,Healthy-Leaf(1399),4,0.9999999999999651,0.16666663507007062,0.16666665763196994,0.16666661176865943,0.16666671626277085,0.16666676943565317,0.16666660983087603
2469,e05a32943bf8209510d824db64aecf7c6276d0ae4d8785c63270172691e41212,Healthy-Leaf(1399),4,0.9999999999999636,0.16666663437949858,0.16666665743464795,0.16666661056886506,0.16666671734677405,0.1666667716816721,0.1666666085885422
2470,ea7e875f1ec10935e2ab0afa0e386a5577318a823f4e0bb58426b97da6a67d0a,Healthy-Leaf(1399),4,0.9999999999999648,0.1666666348810166,0.16666665759088772,0.16666661141822414,0.1666667165811206,0.16666677007489006,0.16666660945386083
2471,07cc6b50e1e9ab3aca3004c9cfff49120becba5443d74e516410a63099ba6252,Healthy-Leaf(1399),5,0.9999999999999087,0.16666671814012746,0.16666668137176616,0.16666675612883058,0.166666585844225,0.16666649921469026,0.16666675930036054
2472,f19a7428e30b0e9bc368e4c448fb4c9e41ae95dbbb6c4422bd77db5f7712f255,Healthy-Leaf(1399),4,0.9999999999999892,0.16666664936133127,0.1666666617275446,0.1666666365881755,0.1666666938425295,0.16666672296439342,0.1666666355160258
2473,efe876f8e6b0985938f1460b3aeef3cd74de31a1be06183456e4f6c2383b11f8,Healthy-Leaf(1399),4,0.9999999999999653,0.16666663510855043,0.16666665766575797,0.16666661179841813,0.16666671623932142,0.1666667693513618,0.16666660983659026
2474,a142f5bbd72b0d2dfd877d0e49682c76009515da030f2a69b624cfc0ac19490a,Healthy-Leaf(1399),4,0.9999999999999712,0.16666663800315018,0.16666665847635137,0.16666661685647655,0.1666667116674045,0.16666675990472285,0.16666661509189465
2475,f39c63424dc9ec63a58efd1e5b94bd11e4fa704f46b25ff3c63335524c54b527,Healthy-Leaf(1399),4,0.9999999999999788,0.1666666421408411,0.16666665965318844,0.1666666240557226,0.16666670516247634,0.16666674643556914,0.16666662255220246
2476,ba97d0a25c667e8761c3c07016c5f17cc95a97afdd1392bbc698263fe15136f4,Healthy-Leaf(1399),4,0.9999999999999709,0.1666666377562781,0.16666665839974035,0.16666661644026062,0.16666671204319017,0.16666676069323422,0.1666666146672966
2477,44b65d21becddeea4732f83886f723db60f7cbd814940ffbdde2935b322f6d68,Healthy-Leaf(1399),4,0.9999999999999553,0.1666666307445817,0.1666666563993727,0.1666666042470535,0.16666672305874586,0.16666678351121705,0.16666660203902922
2478,1a4cb0c010fdc6619557673d0525c4bb9594aaff430e4e4d48348fab65b5a7a0,Healthy-Leaf(1399),4,0.9999999999999427,0.1666666259612276,0.16666665502371605,0.16666659595031957,0.16666673055331935,0.16666679905338613,0.16666659345803128
2479,0bfd38c6a91c26a1276b50dbd6b8b1546eeaf5903472006bf98aaa7c996b820f,Healthy-Leaf(1399),4,0.9999999999999513,0.1666666292087649,0.1666666559555465,0.16666660158790336,0.16666672546075645,0.16666678849602967,0.16666659929099897
2480,18faff93987bc0f0d279d280dd114aabdfe5b43320dda53c946c5bc8316d95e8,Healthy-Leaf(1399),5,0.9999999999999514,0.16666670413241655,0.16666667741622807,0.16666673170272397,0.16666660791716953,0.16666654487356297,0.166666733957899
2481,9c5ea6a2ff63aeacfe0f26c7c3626787ab107813b606ff617919aa917247b08e,Healthy-Leaf(1399),4,0.9999999999999801,0.16666664297410624,0.1666666598807703,0.16666662552666994,0.16666670383331797,0.16666674369889017,0.16666662408624527
2482,28fd43c967f8a8e71e7ce9b5102bbe9e29597cbd221b88cf62deb9de4506fde0,Healthy-Leaf(1399),5,0.9999999999999406,0.16666670805813635,0.16666667847645694,0.16666673863792178,0.16666660164539135,0.1666665319768952,0.1666667412051983
2483,54e2d120838093a2859bd0cc41957d86b866dadbe12e8ea33612ee9b170c46a5,Healthy-Leaf(1399),4,0.9999999999999426,0.16666662596586632,0.16666665503498362,0.1666665959400044,0.16666673056363213,0.16666679905888707,0.1666665934366264
2484,8264f0d3ed4b2da6758a9a7ad5b9e83fad298870dcb66cf1a2e2ceb0710acf53,Healthy-Leaf(1399),4,0.9999999999999326,0.16666662242389146,0.16666665401673314,0.16666658979593899,0.1666667361137561,0.16666681056808208,0.16666658708159837
2485,6ed9a8b73b5a6a1e65587719023db55f168143a1093aae77f8f43fca8155cd90,Healthy-Leaf(1399),4,0.9999999999999164,0.16666661730320345,0.16666665255711852,0.16666658089045752,0.16666674415962113,0.1666668272327799,0.16666657785681951
2486,cfcb8092ff209ac526bf41222e181d9ebde4a5511cdfdf784702061cf0a9508e,Healthy-Leaf(1399),4,0.9999999999999615,0.16666663334909765,0.16666665714235032,0.1666666087741194,0.16666671896839294,0.16666677503804372,0.16666660672799602
2487,fdeeb5b37e1b08811ebf5822def11a9fdf77488ec2724cbf8fbb7b4fa9d54dbb,Healthy-Leaf(1399),4,0.9999999999999384,0.16666662441077443,0.16666665460065583,0.16666659321837762,0.1666667330232955,0.16666680413903412,0.1666665906078626
2488,d2f5d335209b8f005d285beee3135c9587b8c3184c67a1a4372a3615daa5cf40,Healthy-Leaf(1399),4,0.9999999999999727,0.1666666388084654,0.1666666587103737,0.1666666182514863,0.16666671040811468,0.16666675728974684,0.16666661653181314
2489,9cc0cb12c9cc87ee30ee6e5a142d616a21348923608c278d9aed76f4ee3e17dd,Healthy-Leaf(1399),4,0.9999999999999368,0.16666662386392297,0.16666665443258866,0.16666659229454675,0.16666673385782507,0.16666680588760116,0.16666658966351544
2490,14048a3a57e9339f90e7478fec931d5f132f1cc2b5b32f2aebaf7350e8373015,Healthy-Leaf(1399),4,0.999999999999946,0.166666627258425,0.16666665539811573,0.16666659819891,0.16666672852250988,0.16666679483995334,0.1666665957820861
2491,eb85a1252b778646424c1688e77025bfcdac499528b4292cc958c37c57dc6731,Healthy-Leaf(1399),4,0.9999999999999972,0.1666666590221036,0.16666666448387066,0.16666665338524558,0.16666667866720103,0.16666669152916896,0.16666665291241012
2492,91c1b5f89b1e47cc5b1f7db61456a30c707451f2972b932aa4d05434b4f1aefe,Healthy-Leaf(1399),4,0.9999999999999456,0.16666662701617305,0.16666665532277503,0.16666659778577922,0.16666672889434203,0.16666679561960762,0.16666659536132306
2493,1fa4612d1ed63a10bba3a7e0788e12c1536bf9d0555116ce9fc3247a5e97c17c,Pest-Damage(513),4,0.9999999999999983,0.16666666170122474,0.16666666523739207,0.16666665805144268,0.1666666744476699,0.1666666828040799,0.16666665775819078
2494,2c2ffea3c4c633b589057958bc8ade9e091c8b9098137aa8dd0cc0404e2c2283,Pest-Damage(513),5,0.999999999999969,0.16666669642748966,0.16666667518078873,0.1666667183683394,0.16666661995894755,0.16666656987595355,0.1666667201884811
2495,4b0c7252b848d06f427ae9f74f6dbef1e0850e4aeac5bc5da529bc3009b9ef35,Pest-Damage(513),4,0.9999999999999715,0.16666663815313512,0.16666665850043408,0.16666661714503642,0.16666671140328276,0.16666675938641512,0.16666661541169653
2496,b379fc08a627800111b81f5bc2b9ef0a12386b84bb465a38ca8b34d434b48365,Pest-Damage(513),4,0.999999999999983,0.1666666448135925,0.16666666041002187,0.16666662870853752,0.16666670095720867,0.1666667377328503,0.16666662737778912
2497,3de77227c29477a8fd59fcb0e01c34d45cea58d9b963ea13199919b90c2ab199,Pest-Damage(513),4,0.9999999999999656,0.16666663514859636,0.16666665764984345,0.1666666119102328,0.16666671613365855,0.16666676917488424,0.16666660998278474
2498,973f4a172d5942ce6ba0d3e2c1247760d0b4568e40ed6e69ea8efb24bdd50cc5,Pest-Damage(513),5,0.9999999999999964,0.16666667578667319,0.16666666928676988,0.16666668248384042,0.16666665237701306,0.16666663703616053,0.16666668302954285
2499,4242dacc64b380758393f1b8d5422d8d93b919171cf494e1840ee56bd2679514,Pest-Damage(513),4,0.9999999999999705,0.16666663764470754,0.16666665834494712,0.16666661628609028,0.16666671217959564,0.16666676101191621,0.1666666145327431
2500,246ec55e3d371aede5f70a5c6cbde6ebeb700859d2ee7248d5d988f8431ff55e,Pest-Damage(513),4,0.9999999999999991,0.16666666481120118,0.16666666612943376,0.1666666634468708,0.1666666695729392,0.16666667269811067,0.1666666633414444
2501,67f41f2c49b13a1d0a597f0bb1952275b3920fba842b0763249f87f2746808e9,Pest-Damage(513),4,0.9999999999999718,0.16666663816491262,0.16666665850375237,0.16666661716887862,0.16666671138249847,0.1666667593438944,0.16666661543606356
2502,2f0aec0482b2cc8c70745b7e9486573fe37906f1b05b1d28bb2ee5b2ebf1ab80,Pest-Damage(513),4,0.9999999999999953,0.16666665574636946,0.16666666352745207,0.166666647720278,0.1666666837808025,0.16666670215514567,0.1666666470699523
2503,087c7c22e59169a512f6d8e8e0e7a3a5ceddfcb2704acc15f18c4f6b3cac22e3,Pest-Damage(513),4,0.9999999999999678,0.16666663624064873,0.16666665795208724,0.16666661382595457,0.16666671440191957,0.16666676560242438,0.1666666119769655
2504,023619aa04e8cc75895992c7ee40674c5ef80e1c158ae6bfbd789d50e1e96e0f,Pest-Damage(513),4,0.9999999999999942,0.16666665446877818,0.16666666315701423,0.1666666455147045,0.16666668577394705,0.166666706294038,0.16666664479151796
2505,d1f75f976ecdeccef46686e5ec59396fb5c4a44b2125c6264990b0016396d07b,Pest-Damage(513),5,0.9999999999997015,0.16666676012848858,0.16666669342714083,0.16666682899007307,0.16666652002435403,0.16666636274968588,0.16666683468025767
2506,1f2525fd63985cbd1aff85633805b6f306d4963b62c3ea64d0cb11e3d0d67074,Pest-Damage(513),4,0.9999999999999848,0.1666666459722266,0.16666666073980052,0.16666663072793148,0.16666669913351548,0.16666673395678006,0.16666662946974597
2507,02090df45c8ad7420cbcacd8a288497683fe3ef3e6249a5eb025a4e7d99187d1,Pest-Damage(513),5,0.9999999999999855,0.16666668675167023,0.16666667240907537,0.16666670156922198,0.16666663513583738,0.16666660133270536,0.1666667028014898
2508,a90bca853cf119dcb0ea0d898ce8d3111ae21e4f2f4229c81de98c4f36eac66c,Pest-Damage(513),4,0.9999999999999871,0.16666664777254714,0.16666666123833263,0.16666663388551903,0.16666669627915326,0.16666672806806365,0.16666663275638427
2509,7bc0902dfcb59a6849937a81ab6af21ebce5b3050671b0e42ea84c166a315e18,Pest-Damage(513),5,0.999999999999999,0.16666666861578366,0.16666666720316298,0.1666666700898888,0.16666666357157145,0.16666666028615568,0.16666667023343731
2510,f73e68a1fb9d99d991c960779b1975e6762f5082ea078fbf2cd7ba58827d962c,Pest-Damage(513),5,0.999999999999997,0.1666666748860821,0.16666666901634186,0.16666668095101064,0.16666665376235512,0.16666663992859398,0.1666666814556163
2511,8e056edafba3a24be7120eee7aa81e3cee97cdefeb9b917fdba413484fc4c54c,Pest-Damage(513),5,0.9999999999999509,0.16666670429770294,0.16666667742542016,0.16666673205814944,0.16666660759181723,0.1666665442597183,0.16666673436719193
2512,469d425a0493fc5d5a279a69a26f3132a6bbd6db24928fee472d3eda48364d88,Pest-Damage(513),4,0.9999999999999342,0.16666662296415968,0.16666665414605555,0.16666659077564644,0.1666667352249094,0.16666680876555012,0.16666658812367893
2513,32267b7a6171c8ed32d3107863ce45da72c1426d37d031318e2b7e3ab5eec84d,Pest-Damage(513),4,0.9999999999999591,0.16666663233601506,0.16666665683663925,0.16666660704092384,0.16666672053203063,0.16666677830316293,0.16666660495122837
2514,de6968dad2bc2a81eb459f6ba3721be4fad29153d91fe8067be8a0cf1d3723cb,Pest-Damage(513),4,0.999999999999974,0.1666666394659034,0.1666666588696732,0.16666661943924324,0.16666670933049418,0.16666675510140117,0.1666666177932848
2515,9cc3a70178c8a01c0d6b31986e428409256793b0d603418577b46622d5e24cdd,Pest-Damage(513),5,0.9999999999999843,0.16666668764779227,0.16666667266404503,0.16666670312462797,0.16666663372962506,0.16666659842031703,0.1666667044135926
2516,ba4a17df8d4886865995c9a6bb3ac9b172b788da702681e7684e9170db063132,Pest-Damage(513),5,0.9999999999997288,0.16666675572622364,0.1666666921642065,0.16666682134929423,0.1666665269268697,0.16666637705918064,0.1666668267742252
2517,4a18a2fc07b1a8140d1edd9a4cbfef815189adee61e97e27efcef608b3c55299,Pest-Damage(513),4,0.9999999999999993,0.1666666663578162,0.16666666657021417,0.16666666614265835,0.166666667138708,0.1666666676573578,0.16666666613324543
2518,37831692a76c35440ec99be59c8090d278667c83ce4c250f396f76635ffa845f,Pest-Damage(513),4,0.9999999999999816,0.16666664380730412,0.16666666012169937,0.1666666269640455,0.16666670253380308,0.16666674100112264,0.16666662557202527
2519,4b4c5b7288af8b25f1019c178dab7986220ff72d3ecabf1444d046c8a6f839b8,Pest-Damage(513),4,0.9999999999999812,0.1666666436595009,0.16666666006945066,0.166666626726876,0.16666670274735246,0.1666667414596827,0.1666666253371374
2520,1826a059bac9e56d08f55ebd50d4d2d2c813c26364c6b8bccefc1f3fbaa22982,Pest-Damage(513),4,0.9999999999999816,0.16666664384886973,0.1666666601237334,0.16666662705452182,0.16666670245111395,0.16666674084541358,0.16666662567634757
2521,28c8ff3362efc93040a6614e05dc4ccb2fdcf3a58851f490c561b3830f490943,Pest-Damage(513),4,0.9999999999999951,0.16666665569057093,0.1666666635251235,0.16666664760055527,0.16666668389088116,0.16666670236183265,0.16666664693103658
2522,d39685cfa5c7f079d9e03734b748be66b47b74daf2989c0d982e28a7dcae2596,Pest-Damage(513),4,0.9999999999999727,0.16666663871374413,0.16666665866130484,0.16666661812238903,0.16666671052137558,0.16666675755874827,0.1666666164224383
2523,32dfdb111d20e93f307ed609d1012077880f8ac8cc1949890ec331ee818f7d8d,Pest-Damage(513),4,0.9999999999999863,0.16666664722989988,0.16666666109648476,0.1666666329179525,0.16666669715455923,0.1666667298608399,0.16666663174026355
2524,fa322f123a2c9f669089d5ec64e04c8804a4ec6c9a788e6214d858cc83f0a8eb,Pest-Damage(513),5,0.9999999999999967,0.16666667544792554,0.16666666918068532,0.1666666819217007,0.16666665288609014,0.16666663810716562,0.1666666824564327
2525,39e214c4558494bed4f50c3fc6dd446cbc8afc0c40fd82c42ad3e7b3c342de06,Pest-Damage(513),4,0.9999999999999861,0.16666664709008044,0.1666666610556637,0.16666663267809537,0.16666669737151601,0.1666667303119619,0.16666663149268265
2526,4469e775b69cd54439f706dfd5e0e1272a8c1f57c1d4d5184431deeee5373e96,Pest-Damage(513),4,0.999999999999972,0.16666663834438117,0.16666665855296323,0.16666661748421405,0.16666671109731984,0.16666675875628112,0.1666666157648405
2527,848cb3f8993d4d2e3592b287b0b7d2cd6e9f59348d6955ba968d304fa1fcc375,Pest-Damage(513),5,0.9999999999998844,0.16666672474767985,0.16666668331866102,0.16666676749954976,0.16666657557664893,0.16666647784674093,0.16666677101071956
2528,178de2cde5a36070300074fb051ad501ff258889de258c2011113dadf012e1a5,Pest-Damage(513),4,0.9999999999999882,0.16666664856610153,0.16666666148596995,0.16666663522939965,0.16666669506788998,0.16666672552575026,0.16666663412488872
2529,a97295a8322deb61ac9839c404ca79618094388add9257bca2a6987b6527d86b,Pest-Damage(513),4,0.9999999999999926,0.16666665259934407,0.16666666263854207,0.16666664223557456,0.1666666887376666,0.16666671240943787,0.16666664137943482
2530,6df9256c954570acbcde09e7cf325981fb75cfc2f555a451e00da7cc572bb626,Pest-Damage(513),4,0.999999999999964,0.16666663454630976,0.16666665746330017,0.16666661089277357,0.16666671705201272,0.16666677110101896,0.16666660894458482
2531,a992ac69716f2126337960cff8cb135b0f76847388d423dacf786dc12478efb1,Pest-Damage(513),5,0.9999999999999946,0.166666678449522,0.16666667002710525,0.16666668715934577,0.16666664815324822,0.16666662831907544,0.16666668789170336
2532,1436102da5a4ce1badcab2cfd34cea91e26fbe17e9e6eca885221d85a4961a4a,Pest-Damage(513),4,0.9999999999999872,0.16666664785036897,0.16666666128844393,0.1666666339687555,0.16666669620661256,0.1666667278732985,0.1666666328125206
2533,448c0cec0069c1edc71b3b97055b99ab4c71907c92b024d065b3f85405606f33,Pest-Damage(513),5,0.9999999999999748,0.16666669345859852,0.16666667434504379,0.16666671319096696,0.16666662463883192,0.16666657955295366,0.16666671481360515
2534,8fc97e714c3ef9803e8513c9ef4b9e1e60b01d43eb7ec9bf9fdead7a3972998f,Pest-Damage(513),4,0.9999999999999908,0.1666666508050845,0.16666666212334322,0.16666663912529123,0.16666669154811425,0.16666671823679813,0.1666666381613688
2535,004f52ea1ad42601a0eaf436335f3369e7759162074c3ad318f41edf6060f3cf,Pest-Damage(513),4,0.9999999999999798,0.16666664279608315,0.16666665983640677,0.16666662520078232,0.1666667041273503,0.16666674429709596,0.16666662374228167
2536,e091210c105f06c72bcd0d1e69f9d0edc6478a2c536e11b39b41cbfa5db34229,Pest-Damage(513),4,0.9999999999999774,0.16666664136008277,0.16666665943102218,0.16666662269618182,0.166666706390607,0.16666674897845854,0.1666666211436477
2537,0dc42cfe7403cf3bc94185bba6eaa5e93db86ddecf579a3b27b5b6c869c48a42,Pest-Damage(513),5,0.9999999999999353,0.1666667099618215,0.16666667905545712,0.1666667418811718,0.16666659871873865,0.16666652585730554,0.1666667445255053
2538,f1836c177b157fcc84c8ca5c3f83294b043462ad7a2da7dc19eface23c2c3931,Pest-Damage(513),5,0.9999999999998687,0.16666672859905216,0.16666668440353832,0.1666667742175592,0.1666665695048779,0.16666646529106371,0.16666677798390866
2539,b9ce8d7d37dbf246f9e551e638bd82db405c333b4e9e4224d7829f49ee7e8bc0,Pest-Damage(513),4,0.9999999999999857,0.1666666465871436,0.1666666609248856,0.1666666317821593,0.16666669818267327,0.1666667319722992,0.16666663055083905
2540,eddd75e61828473223bae5d9dfa90ba7e40671e854d4b295236c2bc6f30726ba,Pest-Damage(513),5,0.9999999999999972,0.16666667442661826,0.16666666888618178,0.16666668015006364,0.16666665448597917,0.16666664142599905,0.16666668062515808
2541,6a983718d9adc8f403f466d50cb8014002789b4025fd459a2703ed54428caced,Pest-Damage(513),4,0.9999999999999583,0.1666666319637087,0.16666665672594952,0.16666660640507058,0.1666667211067598,0.1666667795014172,0.1666666042970942
2542,6787cc5a28541f204656a4e37d79c23fc822b0e3c8e8bee3d191e0eec5e7a966,Pest-Damage(513),5,0.99999999999999,0.16666668308251,0.16666667134367588,0.16666669522313596,0.16666664086718896,0.16666661323438473,0.1666666962491045
2543,169e1ed1aa5443b8793e38f2069f1c432fabdb5af203545210c770f6f81c05d4,Pest-Damage(513),4,0.9999999999999538,0.16666663009042665,0.16666665619275048,0.16666660314395412,0.16666672405275493,0.16666678560167003,0.16666660091844376
2544,73bb398ab78b01025c1ea27277ee7cef92e8b12cc0ba1553ad8ff1eba258c91d,Pest-Damage(513),4,0.9999999999999983,0.16666666180191952,0.16666666527759436,0.1666666582135552,0.16666667430424278,0.1666666824899143,0.1666666579127739
2545,d5455f7e8cbe2a4fb6bc763fc95caf614169fc2352da13b4c8176fb021320938,Pest-Damage(513),4,0.9999999999999992,0.16666666533745825,0.16666666627491472,0.16666666438750363,0.16666666872656535,0.1666666709548067,0.16666666431875146
2546,759ba4bdb98abf9a9cda82424f82a2f4ade825ee8a6dae39712932733d1d130b,Pest-Damage(513),4,0.9999999999999359,0.16666662355750614,0.16666665432211325,0.16666659179937848,0.1666667343017306,0.16666680684317073,0.16666658917610075
2547,e7a7204cdc54d3e7d44f6d86388f74d796ee9906df299a3cc7762a60345f9e77,Pest-Damage(513),4,0.9999999999999682,0.1666666364825101,0.1666666580256739,0.16666661424264112,0.16666671402696875,0.16666676481912712,0.16666661240307903
2548,774a6f10be84c298313d73f4de64049f804e9d8d50a7228b6e5046e25893b953,Pest-Damage(513),4,0.9999999999999882,0.16666664858531863,0.166666661479977,0.16666663528066752,0.16666669501967057,0.16666672544356928,0.16666663419079708
2549,a751c6225acb69bae5c1645e68acc2be7b31eee629ad7b9ae7d39dfc343b9308,Pest-Damage(513),4,0.9999999999999969,0.16666665825857985,0.16666666425937107,0.16666665206475428,0.16666667985832004,0.16666669400641954,0.16666665155255522
2550,023776a5fea013f4a41f333d64d6f4b77d362d80f43320997c4930a2efe88fc2,Pest-Damage(513),4,0.9999999999999942,0.16666665447227946,0.16666666318351725,0.1666666454757904,0.16666668581212438,0.16666670633279418,0.16666664472349435
2551,a456b38460f422836d22ed5341e1917bc53caccb250ba3ce92643224caf41096,Pest-Damage(513),4,0.9999999999999762,0.1666666406440788,0.16666665921165022,0.166666621477163,0.16666670748996656,0.1666667512794916,0.16666661989764983
2552,82ee576e7fb90c0703fba27e8571d30f815e0ddd1212fcb3657352e992b60633,Pest-Damage(513),4,0.9999999999999806,0.1666666432555411,0.16666665996115781,0.16666662601185633,0.1666667033940703,0.16666674278829788,0.16666662458907672
2553,7a9e0ba572e6ff5f53d709186b88e9783d6b891f1bc315f46a87987ee145b7bd,Pest-Damage(513),4,0.9999999999999689,0.16666663680263852,0.16666665811534243,0.1666666148024481,0.166666713521081,0.1666667637738597,0.1666666129846302
2554,b8d132f6e4d86e87db9e00e3e6a98ece919afeb6322d3bf5261f365fcdaef5af,Pest-Damage(513),4,0.9999999999999531,0.1666666298625589,0.16666665612738413,0.16666660274896705,0.16666672440969058,0.16666678634172655,0.16666660050967277
2555,e2cf868693255d0720ca4f9c1898d99fc9db0381915fcacbddaf0ca7cde0c04f,Pest-Damage(513),5,0.9999999999999979,0.16666667277386066,0.166666668398037,0.166666677309362,0.16666665705127878,0.1666666467667392,0.16666667770072238
2556,78ba0e08e359dab9ddda8421dcd55435b18177aadc6e2bf9c40f0bcbdc6a93eb,Pest-Damage(513),4,0.999999999999975,0.16666663995535844,0.16666665901022207,0.1666666202905302,0.16666670856193994,0.16666675350817547,0.16666661867377397
2557,3ce6e4d36c3194e9e7ded9837d96a4e00b967fb532680969ffb91db023f843b5,Pest-Damage(513),4,0.9999999999999961,0.1666666570711528,0.16666666390886833,0.16666665002708378,0.16666668169929597,0.1666666978393335,0.16666664945426554
2558,eab6ba02962732635869d8a724815b7b37e6a6b4261ace720d9026d6e03f8b2e,Pest-Damage(513),5,0.999999999999969,0.16666669647816243,0.16666667519229425,0.16666671847240844,0.1666666198670386,0.16666656969179186,0.16666672029830445
2559,df7b8076acd503466ed7825c529a04cad7ebd812ca17e3e10dda77883e6336f7,Pest-Damage(513),4,0.9999999999999848,0.16666664595752204,0.16666666072836175,0.16666663071699306,0.16666669914295895,0.16666673398804885,0.16666662946611527
2560,09f790d038de08cd204dd13399f6fb534a855c6b5668835bc948add2e7ad826f,Pest-Damage(513),5,0.9999999999999027,0.16666671988831933,0.16666668191663722,0.1666667590723578,0.16666658318699754,0.16666649363522812,0.16666676230046
2561,f8f40037aaeb74b57dd3dc14bc40be9de35b681bd6c7a0c130077e377690abd5,Pest-Damage(513),4,0.9999999999999715,0.16666663813853075,0.16666665849386092,0.16666661713341802,0.16666671141568448,0.16666675941727258,0.1666666154012332
2562,b660e584a11c5230a4459e0192279df41aa427bb55683b35d700486712613eff,Pest-Damage(513),4,0.9999999999999868,0.1666666474961364,0.1666666611842101,0.16666663336456367,0.16666669675348292,0.16666672901209276,0.16666663218951433
2563,61f7ea02291aef0a2a955bce075f45916cfad8828e95e376695fa5992f55d083,Pest-Damage(513),4,0.999999999999968,0.16666663643429586,0.16666665800445635,0.16666661417163103,0.16666671409017825,0.16666676496174085,0.16666661233769767
2564,e685937b3881d3bc84a2911b004fbd6076113cfe0fd7611022f4cb16b0f74e79,Pest-Damage(513),5,0.9999999999999992,0.16666666883722425,0.16666666726767754,0.16666667047754016,0.16666666322265108,0.16666665956195897,0.166666670632948
2565,8e707b39cc0202f180a2376db6bda1cdebc4a64abcfd063cf3588e2dd29a8d25,Pest-Damage(513),4,0.9999999999999747,0.1666666398541338,0.16666665899369315,0.16666662009228037,0.16666670874239276,0.16666675386247237,0.16666661845502748
2566,25ca3bcf73fe5997144488d2e0e857de8be336b22708238d3e28f185260b6634,Pest-Damage(513),4,0.9999999999999706,0.16666663771501047,0.1666666583897954,0.16666661636353955,0.1666667121123309,0.16666676083324278,0.16666661458608098
2567,ec803f8f5c160ce5deb533725d2c585266906f57cd221e7967befb3c19262b27,Pest-Damage(513),4,0.9999999999999915,0.16666665163739233,0.16666666235188024,0.16666664058904612,0.16666669022478922,0.16666671550996348,0.16666663968692855
2568,8efffac7dd623e18f4e56463057004b191d64be760f9f206db20edb4cb4b7ffa,Pest-Damage(513),4,0.9999999999999868,0.16666664753274488,0.16666666118295304,0.16666663344816693,0.1666666966764211,0.16666672887075704,0.166666632288957
2569,b0033f8988f2dd15bb8acf420a966e29a0f170584d9e82392ce532dfae2c1c71,Pest-Damage(513),4,0.9999999999999843,0.16666664574043852,0.16666666066224958,0.16666663034776358,0.16666669947621052,0.1666667346852018,0.1666666290881361
2570,c6ff4d05301336591060970cc30cdaad1dc417e390e49a11a3905cf21b61e725,Pest-Damage(513),4,0.9999999999999881,0.16666664863453812,0.16666666151273976,0.16666663533398565,0.1666666949739126,0.16666672531924834,0.16666663422557554
2571,5d07a70b69e3b13d9438e218a92e6095edd4c085f9a8e0ec1042bf8b1644ec22,Pest-Damage(513),4,0.9999999999999938,0.1666666538950526,0.16666666300571498,0.16666664449050467,0.16666668669960666,0.16666670819130608,0.166666643717815
2572,58506751ebc9529f1c5cb122100f65986d801341303ac9ab0307639e7bd6be78,Pest-Damage(513),4,0.9999999999999837,0.16666664524269548,0.16666666054513954,0.16666662943816077,0.16666670030089586,0.16666673635413506,0.1666666281189734
2573,93e8a6b217a0e8a2a9714397d43a13d0027f7adda295c8a87276291f97635947,Pest-Damage(513),4,0.9999999999999674,0.16666663616220556,0.16666665794307012,0.16666661367069563,0.16666671454484622,0.16666676587808746,0.16666661180109504
2574,9c644ded6443fef1c47e643b78668e73897c4e8e09ba0c4e3fa9262ad99b9358,Pest-Damage(513),4,0.9999999999999721,0.16666663843013738,0.16666665858971888,0.16666661761525706,0.1666667109812251,0.16666675849684656,0.166666615886815
2575,2147e00f1d305c1c4fd01fc1e3c9c4709de5f349fbdc690253cc6207fc8a555f,Pest-Damage(513),4,0.9999999999999991,0.1666666647308182,0.16666666612442968,0.16666666329115973,0.16666666971934477,0.16666667297535911,0.1666666631588885
2576,a58c529ffb4485fe205197701306a6a631e5e6fe885a7e3ca682231473972174,Pest-Damage(513),4,0.9999999999999786,0.16666664203831524,0.1666666596059076,0.1666666239075404,0.1666667052938271,0.16666674673582452,0.16666662241858513
2577,d54d8618786e972b07bbdf7b6cc35715a1aa047db528a52c9f6c478aa6a46a0a,Pest-Damage(513),4,0.9999999999999808,0.1666666433454628,0.1666666599893107,0.16666662615992422,0.16666670325971233,0.16666674250543534,0.16666662474015456
2578,22260f9e619e30defe88ae890042cd83e18cee859dbbe32b578159d80eaeee57,Pest-Damage(513),5,0.9999999999999991,0.16666666922310053,0.1666666673854409,0.16666667112473188,0.1666666626365113,0.16666665833418076,0.16666667129603455
2579,e9c5db8772b81f7d01ea2305058d389ffbfc0228f86872b7cc94622143b157a4,Pest-Damage(513),4,0.9999999999999873,0.16666664805785938,0.16666666133079466,0.16666663435736967,0.16666669585306992,0.1666667271673671,0.16666663323353917
2580,8ac8a2c9af7d3a4fdee450a6d548a0668f2ad4af22d7cfa8f0e143dde504729b,Pest-Damage(513),4,0.9999999999999829,0.16666664478715593,0.1666666603969118,0.16666662867217563,0.16666670098934303,0.16666673780818714,0.1666666273462265
2581,b1652b1bfbc944a32f93d54d14dadc8f770cc2a990b6301aa42c94166a9f365c,Pest-Damage(513),5,0.9999999999999182,0.16666671541076167,0.16666668061445422,0.16666675133824702,0.1666665901731381,0.16666650814702627,0.16666675431637273
2582,0a0a19724a8886debf8a2adc9f9f5431c6e9d7395ccdb6daa3965ea0dfbe8998,Pest-Damage(513),5,0.9999999999999742,0.16666669370534679,0.16666667439739086,0.16666671364684144,0.16666662422367876,0.16666657872083537,0.1666667153059068
2583,ff935a3a0294b25bb046b3f53933511aaae9f467975711630c3353387bd8959f,Pest-Damage(513),4,0.9999999999999969,0.16666665846744044,0.16666666430830165,0.16666665244270637,0.1666666795146879,0.16666669331078238,0.1666666519560813
2584,cf6cbb1a07e640291a6937c970091cdb1396932fa4dd593286469ff9fb507159,Pest-Damage(513),4,0.9999999999999849,0.16666664605435522,0.1666666607608309,0.16666663087205313,0.16666669900233896,0.16666673368848525,0.16666662962193654
2585,2e3cb2acaad0aa725127801ee7a42c823c7d7ac58a02e57e2f7a81e08cebd723,Pest-Damage(513),4,0.9999999999999971,0.16666665900266994,0.16666666446095602,0.16666665337353168,0.166666678673748,0.16666669156894579,0.16666665292014857
2586,563f1380ec2e7cf8504bce391accf3b56bd8b09ccb2212e40f8b719eb28be9a9,Pest-Damage(513),5,0.9999999999999926,0.16666668084018693,0.16666667070856467,0.16666669131186296,0.1666666444003631,0.16666662054536843,0.16666669219365396
2587,ef35138214147d7577902ba3586fff033ad0b6952f31a88c4db8196b04e07af0,Pest-Damage(513),5,0.9999999999999815,0.16666668952998795,0.1666666732022819,0.16666670639085265,0.16666663077793598,0.16666659230344305,0.16666670779549844
2588,13f45c7d775e0cc544df0fc4506894e973382d7a3502ed3d7e9ec7dacb37013f,Pest-Damage(513),4,0.999999999999996,0.16666665710417222,0.16666666391735677,0.1666666500751572,0.16666668165323545,0.16666669774377263,0.16666664950630566
2589,765923b9abeb3574da738754a9dc8fd1bd33bb13e4ba22177402387209d6a5d5,Pest-Damage(513),4,0.9999999999999943,0.1666666545113814,0.16666666316614764,0.16666664559209693,0.16666668570320034,0.16666670615198412,0.1666666448751896
2590,2fe7755b462ffeb6406afadca882329f491a2673cf16aad1d34a3612aeae068f,Pest-Damage(513),5,0.999999999999753,0.16666675163324934,0.1666666909917817,0.16666681423918311,0.16666653334952125,0.16666639037052977,0.16666681941573483
2591,b3a3d1f0f21a17627ce44e232ecf359dbedee7edfb6b41611a7b07ea1b0cf1a3,Pest-Damage(513),5,0.9999999999998805,0.16666672566529045,0.16666668355781744,0.16666676913301853,0.1666665740977232,0.16666647481881985,0.1666667727273305
2592,bb84c7a66f254bb8f254753b0a6ddfac92c133427f4d19f157c55b28ae53196c,Pest-Damage(513),4,0.9999999999999906,0.16666665070341544,0.16666666208749104,0.16666663895807007,0.1666666916977621,0.16666671855740317,0.16666663799585807
2593,ebfdeba2f62fb6ef4462c649160ae64a602bd761d70336c0790a8a7b9bc8ce45,Pest-Damage(513),5,0.999999999999993,0.16666668016013025,0.166666670520756,0.1666666901170003,0.1666666454802628,0.16666662277230573,0.1666666909495449
2594,f206f68ea8e77ef6d5cf3a4032ccc3dec2dd5e8a2698572d1f358021c3bbf282,Pest-Damage(513),5,0.9999999999999881,0.16666668470578044,0.1666666718256089,0.166666698004755,0.16666663835462436,0.16666660799887173,0.16666669911035964
2595,f2af0ac48653e4a43c2ff8bcdca7a450d780adb088c2dea88e529054a08e4218,Pest-Damage(513),5,0.9999999999999282,0.1666667123265278,0.16666667973928356,0.16666674596396705,0.16666659502834702,0.16666651819641962,0.16666674874545498
2596,43471b7f45431e96d37239fa5e47e930f3789b140287831774354bf9a95a6633,Pest-Damage(513),4,0.9999999999999927,0.16666665283565824,0.16666666270793312,0.1666666426397943,0.1666666883719715,0.16666671164835503,0.16666664179628773
2597,7b2d2bec0ca602834df041005320e15c03c4d454799e0511cf9dab42c4242d19,Pest-Damage(513),4,0.999999999999996,0.16666665699594013,0.16666666389743004,0.1666666498678896,0.16666668184185846,0.16666669811717338,0.1666666492797083
2598,3a2ad3e4fbc00193c0dadb7c115ece7e9720dd37577d69e2630a63f157b8d405,Pest-Damage(513),5,0.9999999999999982,0.16666667180613576,0.16666666812664838,0.16666667560949167,0.16666665858552918,0.16666664993614302,0.16666667593605203
2599,f473b68e8c6e87557b7813f655c642fae3f3f397cc4582fadb8355adb15822d1,Pest-Damage(513),4,0.9999999999999898,0.16666664984832377,0.16666666184855522,0.16666663745894153,0.16666669305194284,0.16666672135407784,0.16666663643815874
2600,b238f393d107b045ef7361ba8f2462ea81cc3f1ac5e164699bf4f46c12911650,Pest-Damage(513),5,0.9999999999999902,0.1666666829540855,0.16666667133853844,0.16666669493639863,0.16666664112817445,0.16666661372409405,0.16666669591870903
2601,bc818d4e5e4055a4fc7056878b57ad7267acf3504d19a0cc7fc27d5c03f4c187,Pest-Damage(513),5,0.9999999999999838,0.16666668794248546,0.16666667275421085,0.16666670362569444,0.16666663327754208,0.16666659747404183,0.1666667049260254
2602,864b08bfcac6b9c13a973e2837f4171d8b67ef72bc9aa83c3b874a3de774ffe1,Pest-Damage(513),5,0.9999999999999902,0.1666666829162713,0.16666667132685437,0.1666666948676204,0.16666664118913818,0.1666666138511672,0.16666669584894847
2603,b7209014b8351e3a1123b7c5e88edca270be6ef0d86ea6a4d56d2f3512ec2dbd,Pest-Damage(513),4,0.9999999999999987,0.16666666221833126,0.16666666538189193,0.1666666589602157,0.16666667362728424,0.16666668111007063,0.1666666587022062
2604,f371de17e1fabab58b7d32046526f77342460f8455b751eb91ff446122f8888b,Pest-Damage(513),4,0.9999999999999948,0.1666666552137897,0.16666666339559444,0.16666664675771845,0.1666666846525439,0.1666667039290778,0.16666664605127576
2605,4155d93bac5435b7c7aa6509a22c9570795a41567e993d5b89df2d453f91fe7b,Pest-Damage(513),5,0.9999999999999891,0.16666668389714107,0.16666667159203694,0.1666666966046494,0.16666663961938588,0.16666661062350982,0.16666669766327685
2606,9de3c2c87673fbe25b3aa43ff8507f7cb27aba1969d2d73cf0787328e74d5eb6,Pest-Damage(513),5,0.999999999999878,0.1666667263404785,0.16666668375984225,0.16666677029197696,0.16666657305213498,0.166666472638347,0.1666667739172203
2607,783ad00ed27e9b4e5836c73361c936bd83736f1adde8fd6d7d0480773fa88f1c,Pest-Damage(513),4,0.9999999999999807,0.1666666432917528,0.1666666599825212,0.16666662605122268,0.16666670335887684,0.1666667426972997,0.16666662461832693
2608,0278bb932df2ea1c489d9df1d909ab074a45777e3c9954e3ff3e7d699695dd39,Pest-Damage(513),4,0.9999999999999915,0.16666665152143476,0.1666666623290808,0.166666640359444,0.16666669043121307,0.16666671591973853,0.16666663943908883
2609,76f8c8fd3a04742cec74f2794c3cc15f86647e2f7a4d1e3d564dee94c94e9d13,Pest-Damage(513),5,0.9999999999999977,0.16666667347929667,0.16666666860175555,0.16666667852362788,0.16666665595272293,0.1666666444860635,0.16666667895653353
2610,10a54b9832f0357740027d7e64f7f8c0ba935231aa2e46e13ff45030ab13e808,Pest-Damage(513),4,0.9999999999999668,0.1666666357950259,0.16666665783859191,0.16666661302742267,0.1666667151250538,0.16666676707883624,0.16666661113506953
2611,4083091f4cdefc987b4817651c2ec99d750f67476f0f3beb7643ce8009f330ee,Pest-Damage(513),5,0.9999999999999989,0.1666666708720519,0.16666666786350565,0.16666667398018217,0.16666666005808076,0.1666666529813178,0.1666666742448618
2612,fab28d4b566a28686f9e2b5cc35641fc67c7984c3096bc82bf36ec90861d420e,Pest-Damage(513),5,0.9999999999999971,0.16666667470731547,0.1666666689836475,0.16666668059983744,0.1666666540799574,0.16666664055632893,0.1666666810729133
2613,379f76115c38dec083d4b1e728f1052b5a6bdfe218de82ca75985d533de34924,Pest-Damage(513),5,0.9999999999999529,0.16666670362104516,0.16666667724990625,0.16666673084574227,0.16666660868809663,0.1666665465022372,0.16666673309297259
2614,1232b68517402b5c81aa5dec6e839e810b6d98d71fd2c30828326cef92248d17,Pest-Damage(513),4,0.9999999999999987,0.16666666228848184,0.16666666541426783,0.16666665905694342,0.16666667354058318,0.16666668091036546,0.16666665878935824
2615,8d3f6ae8fe994caf4dbad54e1cdc616a83e9417655b66466dd326173e8df1b1b,Pest-Damage(513),4,0.9999999999999821,0.16666664420331803,0.16666666023365484,0.16666662765400278,0.16666670191024854,0.1666667397110084,0.16666662628776735
2616,20606ef7544c0e09463943f68c64e43d306284fb2e720a648ba3d20ee0124a82,Pest-Damage(513),5,0.9999999999999507,0.16666670444738538,0.16666667747995334,0.16666673228897413,0.16666660738269976,0.16666654380664866,0.16666673459433864
2617,f2f8188087f36042393719845f37600ab82c7e6edba0b0674c5f68e21ae09620,Pest-Damage(513),5,0.9999999999999902,0.1666666829898288,0.16666667134627586,0.1666666949999034,0.16666664106983298,0.166666613606667,0.16666669598749195
2618,8862662d28941d87fd17576ffa64c24003711bac957e1b86a789413ead2e5dbf,Pest-Damage(513),4,0.9999999999999887,0.16666664910337603,0.1666666616375497,0.16666663616255242,0.16666669422370475,0.1666667237791569,0.16666663509366014
2619,92ce988eecaac870fa98f2a38613ab47d351bc54873102122ede3e596f747fa4,Pest-Damage(513),5,0.9999999999999991,0.16666666707158595,0.16666666677647757,0.1666666673809726,0.16666666602069213,0.1666666653375893,0.16666666741268235
2620,e7f6886953474f98b3acedbd942e96a0b3eceee41920f0191bab2741b15916c1,Pest-Damage(513),4,0.9999999999999765,0.16666664079606644,0.16666665927586094,0.1666666217042759,0.1666667072871843,0.16666675082641363,0.1666666201101988
2621,88ed307a7ecb62b3b65c574dd65c1be278a327ffe772746d1096ed538411c856,Pest-Damage(513),5,0.9999999999998463,0.16666673367984802,0.16666668586631916,0.16666678303175195,0.16666656154408407,0.1666664487800682,0.16666678709792865
2622,0914aa94f623c7d47951e373694f875bfd3bc4ded898ae94c4b465e0247dce4f,Pest-Damage(513),4,0.9999999999999988,0.16666666265798982,0.16666666551580822,0.1666666597077331,0.1666666729525038,0.16666667969853868,0.16666665946742637
2623,9bb35b1fbe07b1f1a70b9d922d08adb54cb1f6552e2c395c0fe4399716d39ed3,Pest-Damage(513),4,0.9999999999999996,0.16666666579352063,0.16666666640937763,0.16666666516149586,0.1666666680252219,0.1666666694935116,0.1666666651168725
2624,98cc0419adb92ae9d12d174f5177f4abbab4985b9e885c29c78a2c81f8710aba,Pest-Damage(513),4,0.9999999999999918,0.16666665193230346,0.16666666245398062,0.16666664106540346,0.16666668979548122,0.16666671459155055,0.16666664016128072
2625,f565dbecbd4025715d90a6eea289ecc307a5ac69190dbebf5508a6b8c3724413,Pest-Damage(513),4,0.9999999999999986,0.16666666167732705,0.16666666522586704,0.16666665802235645,0.16666667447434824,0.1666666828673919,0.1666666577327093
2626,d01735cdd73ce5bfa022cdce0f8c01122f39f4f819a65719dab2900be78c22be,Pest-Damage(513),5,0.999999999999996,0.1666666765083373,0.16666666946719663,0.1666666837923614,0.1666666511938111,0.16666663462686485,0.1666666844114287
2627,774cbcd98968da2f8e63fbe649ae8f7e370da433552bbc69bd2a0322b2cae1ba,Pest-Damage(513),4,0.9999999999999976,0.16666665962159372,0.1666666646400945,0.16666665444619755,0.16666667770518853,0.1666666895587342,0.16666665402819153
2628,34dd3eb63aaf0b88d1d19191435f4600627285f911002f2b3c6051247d0f0a2b,Pest-Damage(513),4,0.9999999999999967,0.1666666580730539,0.16666666419386725,0.16666665176540343,0.16666668012751695,0.16666669458405714,0.1666666512561014
2629,b00a5da73f0dd8e475073596d0d7ee7a248a0348237b5e9ea6fe641492115bb7,Pest-Damage(513),4,0.9999999999999873,0.16666664799449776,0.16666666131118726,0.16666663425163836,0.1666666959488236,0.16666672736833218,0.1666666331255208
2630,22b050c5c35bfbd7b42ca8d5a1ce04ccbe0eac1c814f96d48a0e57f108d88047,Pest-Damage(513),4,0.9999999999999969,0.16666665813024845,0.16666666420060547,0.16666665187805907,0.1666666800237592,0.16666669438369547,0.16666665138363232
2631,c447d91021d25365e74770e210144c9f418fcacdcb3f78bb0ac405f51dbd9c82,Pest-Damage(513),4,0.9999999999999868,0.16666664755682295,0.16666666118606263,0.16666663349237285,0.1666666966350311,0.16666672879045655,0.1666666323392538
2632,03214ab8cf1ebb5d8cfe2af1588ea84f5461f39969985b728509598ca7e1a2a2,Pest-Damage(513),4,0.9999999999999988,0.16666666247901193,0.16666666546285688,0.16666665940103478,0.16666667322963297,0.1666666802757553,0.1666666591517081
2633,6b16332c474e2b0e7a504111a43dc16e86c713923f718edb1bb9ead4d1fe04e9,Pest-Damage(513),4,0.9999999999999927,0.16666665290405466,0.1666666627196973,0.16666664277582482,0.16666668824894312,0.16666671140626715,0.16666664194521286
2634,ae08efc7f5479b9113eb2c39e3179ba97b855310187aae66c6b817cde810eaa4,Pest-Damage(513),4,0.9999999999999726,0.16666663868654955,0.16666665865515162,0.1666666180696352,0.16666671056862822,0.16666675765367353,0.16666661636636196
2635,c33977e317920b2a75b1e7af5bde7d535d768c0e57f82149a1fabc361488a05a,Pest-Damage(513),4,0.9999999999999917,0.16666665178262327,0.1666666623908728,0.16666664084030997,0.16666668999622813,0.16666671503948796,0.16666663995047787
2636,2941081127c54da6b7f829a65f38030996c96283f44ae0ddff031c662676cd0d,Pest-Damage(513),5,0.9999999999999243,0.16666671357830093,0.16666668008633387,0.16666674816494262,0.16666659304021839,0.1666665140950017,0.1666667510352026
2637,e5883bc2d89ee53d645aae8e01fcbb8ba07f42a0633376bb07ff0c68802fed8c,Pest-Damage(513),4,0.9999999999999928,0.16666665277527654,0.16666666267819044,0.1666666425600603,0.16666668844325036,0.16666671181625184,0.16666664172697065
2638,8409bb56feac2f14c3012761767778b69f20674487d5ea229def927f024c2f9e,Pest-Damage(513),4,0.9999999999999992,0.16666666632990573,0.16666666656478554,0.1666666660860246,0.16666666718934706,0.16666666775767533,0.16666666607226177
2639,85054634effc366d0716c0cc6430e56f9023b0ace45b66666a37717c3b790d79,Pest-Damage(513),4,0.9999999999999882,0.16666664868422712,0.16666666151055326,0.1666666354471195,0.16666669486924957,0.1666667251281088,0.1666666343607416
2640,59466489f44ea7373c3eb5ebc60aae4151ecc7ae10b8ef1378b2d5d5bcc9cd2f,Pest-Damage(513),5,0.9999999999998994,0.16666672083075307,0.16666668217658592,0.1666667607367643,0.1666665816845237,0.1666664905385663,0.16666676403280667
2641,28c181a48ead6e759d96a30e2ec198458895861fa88d749cf3447db496c35b2e,Pest-Damage(513),4,0.999999999999998,0.1666666604486393,0.1666666648750868,0.1666666558877754,0.16666667640313335,0.16666668686327485,0.16666665552209037
2642,64d3c9b23fde9895e910ef481f73532bf63c70042a69202c8312412fe85ba1f5,Pest-Damage(513),5,0.9999999999999752,0.1666666932560835,0.1666666742651669,0.16666671287611806,0.16666662492026482,0.16666658017066982,0.16666671451169693
2643,0dfb6ec48d500a88385a09e88335522dc1c69c3a887af70c416cb84d91c77d87,Pest-Damage(513),4,0.9999999999999815,0.16666664377162385,0.1666666601034257,0.1666666269165036,0.16666670257584365,0.1666667411010333,0.16666662553156986
2644,5902773724053cfe90eced571d492babd98df0e3a9f6588ea8ea673d059bca7a,Pest-Damage(513),4,0.9999999999999976,0.16666665930615793,0.16666666454337878,0.1666666539099815,0.1666666781889278,0.16666669057144123,0.1666666534801127
2645,b72ee4d0637ad2f5c3009d4c98f16956d3047a46ab6970787e30e1c99b41d1de,Pest-Damage(513),4,0.999999999999999,0.16666666396061114,0.1666666658966652,0.16666666195362292,0.16666667092390716,0.16666667548146544,0.16666666178372816
2646,327c2760561a6ae6ef1db5dae8af182ea29c2225d1fe40905a5dc1e90ab92f90,Pest-Damage(513),4,0.9999999999999882,0.1666666487294383,0.1666666615216213,0.16666663552943156,0.16666669479477095,0.16666672497682292,0.16666663444791502
2647,d5d93b19fe65765015c9a0bd8438478d1d93439182136d4476c0a3ac2c20010f,Pest-Damage(513),5,0.9999999999999982,0.16666667241517547,0.166666668295968,0.1666666766794118,0.1666666576190887,0.16666664794172265,0.16666667704863336
2648,55f18e3945647e8240efe04be0cc35cc5e05c8ebe13061a39ee20629296c52bb,Pest-Damage(513),4,0.9999999999999576,0.16666663171275745,0.16666665666251376,0.16666660594951313,0.16666672151818793,0.16666678034008275,0.16666660381694506
2649,3147b6a1888455300465cec3a27cb4d0e2bf0f65aebdd7bc09c7d79add06407d,Pest-Damage(513),5,0.9999999999999063,0.1666667188775682,0.1666666816093299,0.1666667573590972,0.16666658473504342,0.166666496873564,0.16666676054539736
2650,a90ea7a74679d87823b45a2b389b316601778d28668f98d73e34aa8697d62869,Pest-Damage(513),4,0.9999999999999918,0.16666665190174856,0.16666666244251624,0.16666664101733208,0.16666668983864213,0.16666671468529098,0.16666664011447002
2651,2cbbcfb2b3a102f1f67c55f5dbe08cf6d435fc143c4f6b36afd888371be57b5a,Pest-Damage(513),4,0.999999999999965,0.16666663498560555,0.16666665759473404,0.1666666116450786,0.16666671637288627,0.1666667696845134,0.16666660971718208
2652,550b2de83171a9069b82f0d1adde8c89ffc37e6bbe68a12cef247cc97198bd8a,Pest-Damage(513),5,0.9999999999999925,0.16666668080644018,0.1666666707169448,0.16666669122590502,0.16666664448120264,0.1666666206849576,0.1666666920845497
2653,224e2872b41eb4d8efbeeb9ad05ea4d43e2388e5550ed3ff27b03b7c7becf054,Pest-Damage(513),4,0.9999999999999553,0.16666663068279922,0.1666666563656868,0.16666660416493786,0.16666672313033498,0.1666667836844146,0.1666666019718265
2654,7129f1d8489c06dee6a0f62709c864b9f9b645619e42b279e08b7bd712dcb7f6,Pest-Damage(513),5,0.9999999999999992,0.16666666666172944,0.16666666664416105,0.16666666669705799,0.16666666663711469,0.16666666663900717,0.16666666672092964
2655,71683d5da00accc440aa129d5c05da789c142d295923c2ab5bc577d0d044d2d7,Pest-Damage(513),4,0.9999999999999948,0.16666665511235795,0.16666666334765304,0.16666664661520217,0.16666668477911348,0.16666670422133428,0.16666664592433908
2656,d2d07ae0dcec45211d7c3e4268eb71bbf8058879ac018542891662ee6f6f2a19,Pest-Damage(513),4,0.9999999999999828,0.16666664463190653,0.1666666603501772,0.16666662840873667,0.16666670122755697,0.16666673830584666,0.16666662707577606
2657,f2af5141f08cb7536df09769ec37601557a8564b3ca155a6c68785312bad66e0,Pest-Damage(513),4,0.9999999999999769,0.1666666410362451,0.16666665932099428,0.16666662216302502,0.16666670686991006,0.16666674999905004,0.16666662061077556
2658,34d0831b0433a47730016d35cbbb63620dffab36707de9be8c5eb2162ab2d4ae,Pest-Damage(513),5,0.9999999999999062,0.1666667188891486,0.16666668160780762,0.16666675739038272,0.16666658470680024,0.16666649682309168,0.16666676058276914
2659,95aa01a5a88005f3a523d39486abceb2da1f34019fa2b0f0184d5e5b72db90c4,Pest-Damage(513),5,0.9999999999999991,0.1666666674964109,0.16666666689897894,0.1666666681203441,0.16666666535356553,0.16666666395398888,0.16666666817671175
2660,34f3ad9d091f79d93b32c201f1ca8e14830f20eb80719725dc6aa802a29e843f,Pest-Damage(513),5,0.999999999999966,0.16666669792394218,0.16666667561643977,0.16666672095921295,0.16666661762024945,0.1666665650182987,0.16666672286185688
2661,eb68b6a6c9c356277ffd1e370a6ca0eef174bea1231acb5f10df3f62d1c099c7,Pest-Damage(513),5,0.9999999999999274,0.16666671254129095,0.16666667978165756,0.16666674637925907,0.16666659465287093,0.1666665174497188,0.16666674919520258
2662,1964d3a2e113cd2a2bfcdf8bb495da14103c3ff5cb848d51b92009243a4b5249,Pest-Damage(513),4,0.9999999999999591,0.16666663237234794,0.16666665684881887,0.16666660709954326,0.16666672047894443,0.16666677819027315,0.16666660501007227
2663,b9ebe6a6811ab1206d9150f9d8caafdbbb7d602dd2d296368ed36cf2a4b28b55,Pest-Damage(513),5,0.9999999999999987,0.1666666709364509,0.16666666790528306,0.16666667405562782,0.16666665999380884,0.16666665281179588,0.16666667429703355
2664,6af742a595703592c4cfa1117b2a39465e489f15682ad666bb77f63f1cc4ef3d,Pest-Damage(513),4,0.9999999999999857,0.16666664666514955,0.16666666093750093,0.1666666319304004,0.16666669804658837,0.1666667317050215,0.16666663071533935
2665,7c4271355e67467f2027cce315097b67c727dcfbf8501e4c82308cbaf672f84a,Pest-Damage(513),5,0.9999999999999948,0.1666666782616839,0.16666666997822743,0.1666666868233849,0.16666664845705256,0.1666666289409541,0.1666666875386971
2666,a473f02f960ee514700e1c6076cdb76a7cca6f53eb79d7beb636748230e82f33,Pest-Damage(513),5,0.9999999999999607,0.16666670028391675,0.16666667626974357,0.1666667250993304,0.1666666138778216,0.16666655729786659,0.16666672717132106
2667,46abedd96804a048ef40ad49734bd516e649d96effee435463c91ee27f3eb083,Pest-Damage(513),4,0.9999999999999861,0.16666664700439301,0.1666666610351466,0.16666663252005706,0.16666669751426316,0.1666667306011883,0.1666666313249518
2668,399c4e71d1487df5557843c24a9c2a114209731ffacf78dedc2ba1395a4c6817,Pest-Damage(513),4,0.9999999999999926,0.16666665253544824,0.16666666262382335,0.16666664211764554,0.1666666888444761,0.1666667126250179,0.16666664125358888
2669,72785c31f1c2cdfa881defe0cbce2b74f4d09af2ec92b49385768179177e80f3,Pest-Damage(513),4,0.9999999999999992,0.16666666625231355,0.1666666665255735,0.16666666598452842,0.16666666727975976,0.16666666797245833,0.1666666659853665
2670,a79774c2f51904b62cdd68d4aea6fbc91f59b5fa956394cd55867e3c21e7bbc8,Pest-Damage(513),4,0.9999999999999529,0.1666666297857445,0.16666665610573797,0.16666660261233734,0.16666672453256012,0.16666678659545547,0.1666666003681646
2671,7a95b5696aa4eca64d7502cd337e1b931fbdf0432af2b57b95a157312624accf,Pest-Damage(513),4,0.999999999999997,0.16666665852570386,0.16666666433132327,0.16666665253184776,0.16666667943470512,0.16666669313488944,0.1666666520415306
2672,09372430c4484b8cc46a5bf9fb1beb03cdc031d24d24e3c295e4a80d730f9459,Pest-Damage(513),4,0.9999999999999785,0.1666666419728136,0.16666665959917576,0.1666666237729706,0.16666670541690373,0.1666667469720126,0.16666662226612378
2673,c5dfa39af205fa89a2c6c00f07199522bf4e4ceefc3ae9a6cfb5c3d813455efb,Pest-Damage(513),4,0.9999999999999554,0.16666663075149543,0.16666665637958233,0.16666660429429658,0.166666723012767,0.16666678344983163,0.16666660211202705
2674,32b4aaf74829ffa75387f75c3f2fa274df162f8cf7bec1bf65215f0b4393173d,Pest-Damage(513),4,0.9999999999999818,0.16666664402473338,0.16666666017412396,0.16666662735975232,0.1666667021753278,0.16666674027382505,0.1666666259922374
2675,e030540f2c816d3fbb209949fecd97bdfd78ebd1f6cc0f2c9158d513b2783c8c,Pest-Damage(513),5,0.9999999999999939,0.16666667924287717,0.16666667025451212,0.1666666885343549,0.16666664691050082,0.16666662574287736,0.1666666893148777
2676,58f4cfcd2a19a29426b16d01396a29fb735dd447653ce355c8a6ce2ceab79f6b,Pest-Damage(513),4,0.9999999999999919,0.16666665195769195,0.16666666246145903,0.1666666411068975,0.1666666897575008,0.1666667145122004,0.16666664020425043
2677,102d3eefeb8f905f4d37e67eb7f72603ca1e6c63bef493cd353e4c98533b757e,Pest-Damage(513),5,0.9999999999999843,0.16666668756671146,0.16666667265158072,0.1666667029658854,0.16666663387453687,0.16666659870384565,0.16666670423743982
2678,0cfbc5ec19eaab2bf0055b6ce09791bd6fe6e49f04b3517cda1820185a650586,Pest-Damage(513),4,0.9999999999999708,0.1666666376478244,0.16666665835330408,0.16666661627401544,0.16666671219038903,0.16666676102191508,0.16666661451255202
2679,594404e35f31fbeffd0eda11647a0db50467b71b1c47eb27995114bdf5082124,Pest-Damage(513),4,0.999999999999975,0.16666663996606582,0.16666665900978503,0.16666662031458845,0.16666670853961504,0.1666667534673922,0.1666666187025535
2680,6a564ead81dc9e5fd559ce6d7a7731d094bcaecf9925045d5457c43431f868b3,Pest-Damage(513),4,0.9999999999999946,0.1666666550768969,0.1666666633389662,0.16666664655383984,0.1666666848353684,0.1666667043360415,0.16666664585888707
2681,5c14ffd6ce4941ff4c6b5ec0c6e9efe194963a3298008dd5c3ee83367c4dbf0a,Pest-Damage(513),4,0.999999999999968,0.16666663631228285,0.16666665797570107,0.16666661394618915,0.16666671429395574,0.16666676537399377,0.16666661209787745
2682,7b7fd1a4069851204e8cfe8ea82b24216e21b2cd5e4122d27333e6a24305342d,Pest-Damage(513),5,0.9999999999999053,0.1666667191652429,0.16666668169249677,0.166666757856517,0.16666658428559183,0.1666664959406656,0.16666676105948586
2683,dccf006affaceaa65ea4e58cba861779fcdcb4c538d2e6393b814ca9678bc8dd,Pest-Damage(513),4,0.9999999999999836,0.16666664511976717,0.1666666604889156,0.1666666292583526,0.16666670046005272,0.16666673671677487,0.16666662795613701
2684,e3db9073657628fe353e806328651677e1cbf196f754d0afcec20a8adf1949f7,Pest-Damage(513),5,0.9999999999999986,0.16666667130223373,0.16666666799263335,0.16666667471784585,0.16666665939261738,0.16666665159287433,0.16666667500179533
2685,bbee5f9ad625b6db561f087a43c6f53c47954837aa08b45d8d20fcdba095cdce,Pest-Damage(513),4,0.9999999999999695,0.16666663717424635,0.16666665821615884,0.16666661545590195,0.16666671292967034,0.1666667625567707,0.1666666136672518
2686,c28a95d2ef4f3592c34cc3a6a88fb9a1683c96be015cf520da3872a602ca6a1e,Pest-Damage(513),4,0.9999999999999929,0.16666665295357017,0.16666666272849612,0.16666664287043836,0.16666668816263278,0.16666671123573837,0.1666666420491243
2687,2c8e1c2cadc74411f5563cb9f0086dc3d9ed9a1321fba3c9222bc15d1b3fe499,Pest-Damage(513),4,0.9999999999999433,0.16666662614234695,0.16666665506682946,0.16666659627939645,0.16666673025477763,0.16666679844838414,0.16666659380826535
2688,3b69066c74056a9fe3a5c891f8e784698ce45710f8a81fd2d4ec49fb9a6a8008,Pest-Damage(513),5,0.9999999999999979,0.16666667294103638,0.1666666684451263,0.16666667759813106,0.16666665678962128,0.16666664622531627,0.16666667800076873
2689,78e3df749a7d4591dca3990997380bf3199799b76da5cace9d3460c7a317e3dc,Pest-Damage(513),5,0.9999999999999678,0.16666669704992151,0.16666667535656224,0.1666667194557071,0.16666661897677942,0.16666656784462727,0.16666672131640248
2690,b35e507a1d7bfd8376c3f3684aff2d5fbfc487bb6061d0d371a00e15fca7e729,Pest-Damage(513),5,0.9999999999999847,0.1666666873755744,0.16666667259468645,0.16666670264242706,0.1666666341675794,0.16666659931519082,0.1666667039045419
2691,ba935dbda653a6418b794d7ecd4c6caab13ac20cfb967270429464c0ac0e22d0,Pest-Damage(513),4,0.9999999999999445,0.16666662658284925,0.16666665519380577,0.16666659704361123,0.16666672956464662,0.16666679701680034,0.16666659459828678
2692,3f5a91b98814fce1c3eaecbf22b9ec3dc959f979921176e03dcad101a443d91f,Pest-Damage(513),4,0.9999999999999767,0.16666664099325534,0.1666666593187297,0.16666662207221794,0.1666667069534826,0.16666675015664384,0.16666662050567044
2693,c07593fcfb06e761269d39b711b51e6c6995b1c72f73d6d1b95b2296719cea6f,Pest-Damage(513),4,0.9999999999999885,0.1666666488893887,0.1666666615745341,0.16666663579637073,0.1666666945548596,0.16666672446855768,0.1666666347162892
2694,9d243d77c3f893eb7d2756ff2a0c5631904a6c02c04dd4eec3c24aed65ba6b0d,Pest-Damage(513),4,0.9999999999999678,0.16666663633539938,0.16666665798405922,0.16666661398486468,0.16666671425957755,0.16666676530026586,0.16666661213583328
2695,d4c96f64f3c429c51abcfedcec29f11c956a6e6e0cc63e0f293ce7d7ec497c0f,Pest-Damage(513),4,0.9999999999999961,0.16666665704863382,0.16666666390500715,0.16666664997911879,0.1666666817419402,0.16666669792302227,0.16666664940227777
2696,7ee80d68debd5459c5c6f9b6548b9de00a0fb55c2541633a975955a1cc4f4116,Pest-Damage(513),4,0.999999999999999,0.1666666649783848,0.16666666618627426,0.16666666373163333,0.1666666693190941,0.166666672159365,0.16666666362524846
2697,93b562879da2e985455c8568f418aed06fd07213272006575e156c9f198c6d9a,Pest-Damage(513),4,0.999999999999991,0.16666665089318347,0.16666666214904968,0.16666663927676478,0.16666669141114562,0.16666671795218238,0.1666666383176741
2698,9485eb804ca4fd8f8d85c7311c4b211ce7eb3946c5e086c7e5a965fc2151ec11,Pest-Damage(513),4,0.9999999999999508,0.16666662899920753,0.16666665588801696,0.16666660123541055,0.16666672577789093,0.166666789164914,0.16666659893456004
2699,a300b680520a9110d58b26eaa3c1ae1990cd4031451aa86f6d9627c925f05033,Pest-Damage(513),4,0.9999999999999719,0.16666663833721448,0.16666665855750498,0.16666661746011247,0.16666671111987175,0.16666675879257314,0.1666666157327231
2700,927e185bd175f42dec4e556b89036bd34a48848519f7fd690e14b23d0c5234ab,Pest-Damage(513),4,0.9999999999999889,0.16666664909150194,0.16666666164185504,0.16666663612778182,0.16666669425590658,0.16666672383358377,0.16666663504937096
2701,9e3b81f1d5ef0a196954d028fc68c53291c7033749374f8e55b7fc960a14a6ee,Pest-Damage(513),4,0.999999999999977,0.16666664113113117,0.16666665936113684,0.1666666223043458,0.1666667067436369,0.16666674971674672,0.1666666207430025
2702,0cec735ae21e9c2a6574958d664683e16876541b798c19f438e7cf4a251e2280,Pest-Damage(513),5,0.9999999999999983,0.1666666718780114,0.16666666816759498,0.16666667570185886,0.16666665850529563,0.16666664973813874,0.16666667600910043
2703,36e7bdb55d017f7779d257595b761f4aff1e3be24dd83aa70c8f9710405aa460,Pest-Damage(513),4,0.9999999999999613,0.1666666332505776,0.16666665710569714,0.16666660861614868,0.1666667191096994,0.16666677534402588,0.16666660657385124
2704,5996dc64ed731c2b44df33012ccfc4c1895090076e6485fdfdd0dc35fedb1475,Pest-Damage(513),5,0.9999999999999906,0.166666682656887,0.16666667125421228,0.1666666944187677,0.1666666415958436,0.16666661469221725,0.16666669538207227
2705,783a7dd3930b95e8ecb446aa36f2ba312f5ea30f421bc846697580bec88a2e07,Pest-Damage(513),4,0.9999999999999677,0.16666663614139168,0.1666666579264468,0.16666661365226496,0.16666671455997267,0.1666667659261897,0.16666661179373418
2706,c0b26f00287c173e6ca3d68ce691c4486ece736bbb7cf0353b692eeb0c5ab859,Pest-Damage(513),4,0.9999999999999521,0.1666666295344924,0.1666666560472202,0.1666666021548039,0.16666672494807186,0.16666678743570745,0.1666665998797041
2707,fd72fea390a2d301d015ecaf524543be7782066172c4026cbc39f071a665c466,Pest-Damage(513),4,0.9999999999999679,0.1666666364029294,0.16666665799999794,0.16666661410819794,0.16666671414777331,0.16666676507392006,0.1666666122671813
2708,deaf990ac693f98a777ab938e314ceaded3bd4c7b1bdf807bc3749ca59125051,Pest-Damage(513),4,0.9999999999999769,0.16666664115921884,0.1666666593655898,0.16666662236099933,0.16666670669239472,0.1666667496164376,0.16666662080535985
2709,5f4c12ee1731ce2719e1366911737af6d6ef330ebba73c66c876b028d65d9512,Pest-Damage(513),5,0.9999999999999898,0.16666668334438825,0.16666667142344557,0.16666669566518352,0.16666664046739252,0.1666666123977241,0.166666696701866
2710,28eee6cd910fcd7dde9a50ee45d62a0e52678159f8cf165397446625ef4467e6,Pest-Damage(513),4,0.9999999999999493,0.1666666283664932,0.1666666557194027,0.16666660011158702,0.16666672679401554,0.16666679125049874,0.1666665977580028
2711,1b20722b1647da916ab7ac6b07e3674defd7f9373626a19fe13b578ef94a08ed,Pest-Damage(513),4,0.9999999999999853,0.16666664655324984,0.16666666090709273,0.16666663173517948,0.16666669822360286,0.16666673206958413,0.1666666305112909
2712,06513b563bea71b2e60a7cdd0e80ea3b55f006b8171463cd689a249b5f12f0c2,Pest-Damage(513),5,0.999999999999949,0.16666670501509734,0.16666667763185147,0.16666673329820927,0.16666660647070655,0.16666654193408725,0.16666673565004808
2713,0c7e99e6bc68f2cd7390b1c00cfb72bdf8de2a01f7a96b9c22da273ce75396a9,Pest-Damage(513),4,0.999999999999993,0.16666665314002135,0.1666666628144847,0.16666664313969728,0.166666687923968,0.1666667106898328,0.16666664229199588
2714,93b588aef8570a14afdfc7c6b4ef2667fdf8f25574813cc9d0fe1b18764a8cdf,Pest-Damage(513),5,0.9999999999999903,0.16666668281743685,0.1666666712913823,0.16666669471881917,0.16666664132505465,0.16666661414567965,0.16666669570162732
2715,4f42fe743dc4985ddc33c8c609f320ca52897e3aebbb151eaecc252b18502ae0,Pest-Damage(513),5,0.9999999999998207,0.1666667389941869,0.16666668737586351,0.16666679227991427,0.16666655318719023,0.1666664314790892,0.16666679668375578
2716,3a9d02be406fa008c42dfe399731f94e3bb042f76754b8903df9f7b1dc928657,Pest-Damage(513),4,0.999999999999997,0.16666665853709242,0.16666666434464358,0.16666665253446258,0.1666666794336769,0.16666669311689866,0.16666665203322584
2717,f729be1ae7c610038d47bbfdb4e0960a79ceea37c36b019296db2f69d19cffef,Pest-Damage(513),5,0.9999999999999876,0.16666668527511375,0.16666667200171467,0.16666669897268363,0.16666663748226543,0.16666660617050444,0.16666670009771814
2718,6f0dbdbf42c4e5222e1b1218fdf9a2263e30b99d8ad3b787c6542776b2aae653,Pest-Damage(513),5,0.9999999999999934,0.16666667980364405,0.16666667043986133,0.16666668946046662,0.16666664607589843,0.16666662397316517,0.1666666902469644
2719,e50e0b6e25b1dec590a430e127fba7d18039b499781e2b5f953bd879dfa93ec5,Pest-Damage(513),4,0.9999999999999569,0.1666666314889193,0.16666665660851926,0.16666660554441312,0.16666672188570422,0.16666678108595287,0.16666660338649117
2720,d72c503caab0e10565b28bb64e22b3265a6e48b9c571bbd509889a1086ff6500,Pest-Damage(513),4,0.9999999999999969,0.1666666584739039,0.16666666432239885,0.1666666524317972,0.16666667952588282,0.16666669331450087,0.1666666519315163
2721,d7382064a7011959cf9387fe59e0f37f2b7726ff19b02d0e491577ad0a93a92d,Pest-Damage(513),4,0.999999999999999,0.1666666639546836,0.166666665884752,0.16666666196427418,0.1666666709137554,0.16666667547697187,0.16666666180556278
2722,ff5bd2791de5b93e97d502e65688cc940261f1ffe34a32a03b4fd8ebdd99b7b6,Pest-Damage(513),5,0.9999999999999752,0.16666669317997154,0.16666667425314718,0.16666671272305666,0.16666662505888546,0.16666658044186694,0.1666667143430723
2723,8317b51c43c338816fd2d70007e8bf673255cec6f016c3b1dd61742fa517ebfa,Pest-Damage(513),4,0.999999999999989,0.16666664927914257,0.16666666168784292,0.1666666364692895,0.16666669394694236,0.16666672320571305,0.16666663541106957
2724,bcba90e723d8785cc7523d74b46611b86142596928a7bc28379cd04339d69668,Pest-Damage(513),5,0.9999999999999987,0.16666667079681236,0.16666666784789758,0.16666667383816086,0.16666666018690898,0.16666665323867816,0.1666666740915421
2725,99ad89f9b9cdbdfd03272ba0d8576c0dbd129aa1f9cb2a39a337ca6bbc6d257e,Pest-Damage(513),4,0.9999999999999981,0.1666666606576225,0.166666664938979,0.16666665624102805,0.16666667608390395,0.1666666861948668,0.16666665588359975
2726,0b88a03e68e41e6c7e5ea299407c4b9260798fb7dc9f2344988ce75d86f452e1,Pest-Damage(513),5,0.9999999999999992,0.1666666675161694,0.1666666669019973,0.1666666681539158,0.16666666532170074,0.16666666389124918,0.16666666821496756
2727,61ffed984058daa8dd6713c8bd305bbe70d2dae6e489ed3db672652a5aa51f75,Pest-Damage(513),5,0.9999999999999296,0.16666671190941093,0.16666667963250978,0.16666674522028793,0.16666659570242243,0.16666651957376535,0.16666674796160352
2728,ec22e4933574b786b81966aea1f93d25593991e07350dd9d107be87377315659,Pest-Damage(513),4,0.9999999999999917,0.1666666518148223,0.16666666241710076,0.16666664086269337,0.16666668997723205,0.16666671497264327,0.16666663995550826
2729,1b0b6b389e184a744defb4afdea335989bab78d987814f9bfa5c0c060b871a5f,Pest-Damage(513),5,0.9999999999999581,0.1666667014393451,0.16666667663000156,0.16666672704665217,0.1666666121204154,0.16666655360786892,0.16666672915571693
2730,640eb79cbd747b70576df62a65c1661149de261b58b3b6a48e6c20fd85826814,Pest-Damage(513),5,0.9999999999999274,0.1666667126126021,0.1666666798222025,0.166666746466446,0.1666665945762565,0.16666651725884193,0.16666674926365085
2731,915a1e721c2961f36e9dfe3a054c699a2f5f3928b97bb09b8d599d948feb8883,Pest-Damage(513),4,0.9999999999999853,0.1666666464542324,0.16666666087551832,0.16666663156754946,0.16666669837436665,0.16666673238688315,0.1666666303414501
2732,da46b4c8aa763fd11341ffa6ce682e21fd59c65e09d6a97c39df1b192fdf7f1c,Pest-Damage(513),4,0.9999999999999619,0.1666666336157011,0.166666657214141,0.16666660924359675,0.16666671854338003,0.16666677416415746,0.16666660721902365
2733,69d866adbc2438c7a312dd5b90e7d1a5e0a8c754678010370a474ee910e0410e,Pest-Damage(513),4,0.9999999999999942,0.16666665434828012,0.1666666631436844,0.16666664526382807,0.16666668600214143,0.16666670673277126,0.16666664450929478
2734,1a4f41cbf61297197d6965df2513c1a92eeb598255700f2af0fb535d83faa8e6,Pest-Damage(513),5,0.9999999999999145,0.1666667165234555,0.1666666809375567,0.16666675326620423,0.16666658843275542,0.16666650453340742,0.16666675630662084
2735,85f0758b698418adc3b7a934935567e34459688bef2eec7a1773105ff538ae5f,Pest-Damage(513),4,0.9999999999999793,0.16666664240767423,0.16666665973376166,0.16666662450755243,0.1666667047538491,0.16666674558129912,0.16666662301586355
2736,c4648218e93e15810f1efc56d79a2d2ea35e8eaa93e83e32788a2d9b1be9d12f,Pest-Damage(513),4,0.9999999999999987,0.1666666623073165,0.16666666542168498,0.16666665908661146,0.16666667351415457,0.16666668085242323,0.16666665881780934
2737,f21dce3105f672be3652db5f491a3e3f68b1c086b1891cdb7a79183bc9d40745,Pest-Damage(513),4,0.99999999999997,0.16666663736416445,0.16666665828472088,0.16666661575856143,0.16666671265744915,0.1666667619697779,0.16666661396532612
2738,3f0982a44d1e41e29539de68361616165186d6871f0747aa89f851db6531a07f,Pest-Damage(513),4,0.9999999999999982,0.16666666108583278,0.16666666506109915,0.16666665698388308,0.16666667541234506,0.1666666848036315,0.16666665665320854
2739,b312ddde4033de4c9b7cf0dcb71a361e08fb590f599aefd0bb75a3d10e6f6f64,Pest-Damage(513),5,0.9999999999999992,0.166666668244555,0.16666666713217904,0.16666666937852564,0.16666666421742304,0.16666666156815227,0.16666666945916506
2740,ca1e5a288b301db2e66cdeaa5a91fe323c92a4b2b414d35031dcef49a2d4df10,Pest-Damage(513),4,0.9999999999999938,0.16666665401903416,0.1666666630453729,0.16666664469969295,0.16666668651141606,0.16666670779478998,0.1666666439296941
2741,5f7debcea9dbf7ccf3ff487e94133e30f91031b25d6a2d23cb0ca0cd3ac763ad,Pest-Damage(513),4,0.999999999999991,0.16666665108910064,0.1666666622165027,0.166666639591955,0.16666669112660398,0.1666667173437374,0.16666663863210035
2742,37fdc2dc0747ec957a30a3f192010fbb2c11ed20020e313a42ec181d0dde444e,Pest-Damage(513),5,0.9999999999999976,0.16666667387954723,0.1666666687358365,0.16666667918495012,0.16666665535774028,0.16666664322215166,0.1666666796197742
2743,2d3c988c2c7cc34589939118eb147e3eb18e4e4f496d567ea33d339076de5f83,Pest-Damage(513),4,0.9999999999999734,0.16666663906895526,0.16666665878150255,0.16666661870505786,0.16666670999681907,0.16666675644209075,0.16666661700557467
2744,7971973c02a0e4fc705a3fe84814b885ad97b5537565b713e37d1bdf275f02ad,Pest-Damage(513),4,0.9999999999999525,0.16666662963459927,0.16666665608200112,0.16666660231857117,0.16666672480100786,0.16666678712137342,0.16666660004244713
2745,f782ef4cf456cb99a7c283d563571e75787152e8548fac3e023eaf03c3495a26,Pest-Damage(513),4,0.9999999999999284,0.16666662110670422,0.16666665364587963,0.16666658750204041,0.1666667381879273,0.16666681485755463,0.16666658469989376
2746,1c9db63c95f94122e4cd645decbb944c60b115a488cd400ea7c506fc261d6ce8,Pest-Damage(513),4,0.9999999999999704,0.16666663756175623,0.16666665834399488,0.16666661609822384,0.16666671235119002,0.1666667613310286,0.16666661431380647
2747,103166643f4b65be7718e9f71eb13ddb1cbc663a5f52eea6917f2da67b2abd6f,Pest-Damage(513),4,0.9999999999999378,0.16666662427725024,0.1666666545470135,0.16666659301361947,0.1666667332064267,0.16666680454300287,0.1666665904126872
2748,38518d60043d3fda53b27c6088004b7e35efa6ebfe71b4cb03a869aa3595ab72,Pest-Damage(513),4,0.9999999999999271,0.16666662063057583,0.16666665350249657,0.16666658668067014,0.16666673892751288,0.16666681640056205,0.16666658385818264
2749,0a5b6c427d0506d72364c9057e6ecc9c5fc0822b4ef5faf9efbb352f754d3f06,Pest-Damage(513),4,0.9999999999999859,0.16666664681722573,0.16666666099475036,0.16666663216906674,0.1666666978323171,0.16666673123902778,0.16666663094761228
2750,0ea60a9a11eb76831b042e8771d1335ad49d40be17b6d0ef6f6b5af544f0a9e4,Pest-Damage(513),4,0.9999999999999217,0.1666666190175331,0.1666666530618943,0.166666583844176,0.1666667414931061,0.16666682168446215,0.1666665808988283
2751,0891dced5ccd6d26eddf705483ac0c460f2cb3be53b8528820ad4a63cfdc8f80,Pest-Damage(513),4,0.9999999999999275,0.1666666208062069,0.16666665355743,0.16666658698102652,0.16666673865753898,0.1666668158341959,0.1666665841636017
2752,d95dcba5da14fda5a7d5f693be30b22896f52b5fae37044dfba22db7da0f330d,Pest-Damage(513),4,0.999999999999968,0.1666666364428957,0.1666666580356785,0.16666661413081496,0.16666671412930714,0.1666667649966233,0.16666661226468035
2753,d0964ec3928292c9ec439beaaa7ad382fce06ea54d507735dcb8ea200ef9775e,Pest-Damage(513),4,0.999999999999958,0.16666663188136108,0.16666665671757894,0.16666660623329607,0.16666672126329804,0.16666677980153344,0.1666666041029324
2754,ca39bd5fb573a4232eb2f8a22e8d0fe28e9a8996a757d59e305a161a6a14b917,Pest-Damage(513),4,0.9999999999999687,0.16666663669427065,0.16666665809095324,0.16666661459943186,0.166666713704551,0.16666676414320364,0.16666661276758968
2755,7b231802bcea970f918cfeec035e8842be4bdc94e96f6a750f32617429c1bc83,Pest-Damage(513),4,0.9999999999999889,0.166666649187215,0.16666666166728214,0.1666666363029504,0.16666669409867213,0.16666672351167075,0.16666663523220968
2756,bdc724db0587dbc6a97886abfe42b01b0e93b3d6759ff4c3e35c61cf58f21da9,Pest-Damage(513),4,0.9999999999999611,0.16666663319249952,0.166666657094787,0.16666660850702217,0.16666671920937182,0.16666677554187367,0.16666660645444592
2757,ce1a31cafe3f987e0f06a5decbaecb4745b40b1f5d1c1142330f50843c59a1e5,Pest-Damage(513),4,0.9999999999999646,0.1666666347730266,0.16666665755328414,0.16666661124529267,0.16666671673722358,0.1666667704093219,0.16666660928185123
2758,e89525382c97f1ff7f4dd597778fa9a38053c79b388f0764d7e6f1062d24478a,Pest-Damage(513),4,0.9999999999999644,0.16666663463661147,0.16666665750845389,0.16666661101323516,0.16666671694493398,0.16666677084826817,0.16666660904849742
2759,f9626225cf7f947a75c235e9479e06536642bbd8b5a3f2000dee7b6d9703ba5d,Pest-Damage(513),4,0.9999999999999537,0.1666666300708051,0.16666665620022367,0.16666660308702755,0.1666667241057788,0.16666678569095755,0.16666660084520735
2760,4696a0d51474bf2a08807a526c43d15b7f3a593d11048c249c2ac19b9d88712c,Pest-Damage(513),4,0.9999999999999983,0.16666666173158087,0.1666666652439564,0.1666666581121653,0.16666667439355248,0.16666668269582088,0.16666665782292403
2761,ea816322894660d519afc491c4f7f61d0c3c177a03c4160275fab9d88c437ac3,Pest-Damage(513),4,0.9999999999999591,0.16666663225415287,0.16666665682652357,0.1666666068762301,0.16666672068259045,0.16666677859441795,0.16666660476608516
2762,6f43a4093b5323bb58e368e8eafc5894c9c78d82b68f04d79585827550ef42ca,Pest-Damage(513),4,0.9999999999999489,0.16666662827159492,0.16666665568957065,0.16666659995378721,0.16666672693677617,0.1666667915509978,0.1666665975972732
2763,2a930e4c226a6573ef54593cbfaed935cbc0ad2c9c22095d580e7a7298dd3712,Pest-Damage(513),4,0.9999999999999795,0.16666664246752988,0.1666666597527113,0.16666662461275833,0.16666670466001923,0.1666667453847132,0.166666623122268
2764,7d76f09dbb038b67d42da03dd4d7473d9d297791761c41f47cfaf8e45fdc82df,Pest-Damage(513),4,0.9999999999999738,0.16666663935204773,0.1666666588640263,0.1666666191961267,0.16666670955381477,0.16666675552194515,0.16666661751203943
2765,fa216b8a3ecdfed5b16d0c2fcfdf38ec0ac75e19dad8b827e5c5f7615ca7c586,Pest-Damage(513),4,0.9999999999999827,0.16666664459290173,0.1666666603604555,0.16666662831104817,0.16666670132017233,0.16666673846498964,0.16666662695043266
2766,f648361d8141900938e3881d02b097f1c25f7462f7daf08e2a88cb95316f2977,Pest-Damage(513),4,0.9999999999999436,0.16666662629210874,0.16666665512818143,0.1666665965114593,0.16666673004838262,0.16666679799201145,0.16666659402785652
2767,aef3640a008b1f54e55a48630e1175ccb4cb3955541d734ae47f360d6af696af,Pest-Damage(513),4,0.999999999999933,0.16666662262951176,0.16666665407510256,0.1666665901515663,0.1666667357918664,0.16666680990145408,0.16666658745049892
2768,0780e87ecb433352770f943b373454a196c3b4781de158f632ae63b01125f33a,Pest-Damage(513),4,0.9999999999999639,0.16666663452187067,0.16666665747979917,0.16666661080962422,0.16666671713007464,0.16666677122579762,0.16666660883283363
2769,a6c98ad124809a1663146a6dd8edc95e2b1714cf011ffc93ea8d23dbc8551c72,Pest-Damage(513),4,0.999999999999991,0.1666666510081235,0.16666666219200685,0.16666663945980542,0.16666669124723657,0.16666671759678753,0.16666663849604024
2770,7bd9d6e565298e12462e45dd026ddbcf791bf485f01bf31e85eb6dcab3ed2538,Pest-Damage(513),4,0.999999999999965,0.16666663493921863,0.1666666575891667,0.16666661155205867,0.16666671645809358,0.16666676984911016,0.16666660961235244
2771,a00c55fcd06db7246b697a540b077199af5521a6020e2e88ffe70f7aea814ec8,Pest-Damage(513),5,0.9999999999999342,0.16666671028349977,0.16666667914745165,0.1666667424382807,0.16666659821504182,0.16666652481323385,0.1666667451024921
2772,eef13c79aeac7fce2a17358a49b7e22df37df4b84a6c60fa46ed3cdedfdd93ad,Pest-Damage(513),4,0.9999999999999324,0.1666666223325594,0.16666665398252348,0.16666658965091616,0.16666673624365672,0.1666668108500225,0.16666658694032166
2773,6bd755a2937cac5717dc468b0be0b8fe3cf365eec445a214f8c06c028cf142f1,Pest-Damage(513),4,0.9999999999999453,0.16666662691658338,0.166666655292759,0.1666665976163589,0.16666672904742208,0.16666679593938566,0.16666659518749083
2774,76d6d7817bcc0521dc01dc9b234b241e80f739aa47ec158ea733a338aaeedc32,Pest-Damage(513),4,0.9999999999999539,0.16666663018356054,0.16666665623152058,0.16666660328628877,0.16666672392604243,0.16666678532024676,0.16666660105234088
2775,3c1305f78b03229ba30cf48a2f51a5a5fa1b4a3aa6fa049f3f8ece62a450d295,Pest-Damage(513),4,0.999999999999923,0.16666661937082697,0.16666665314791976,0.1666665844834739,0.16666674091353156,0.1666668205071338,0.16666658157711398
2776,b37ece74811dd90b5954f3f5d7301b877d8633f889eebd3741177459bb251024,Pest-Damage(513),4,0.9999999999999701,0.16666663748307214,0.1666666583287696,0.16666661594983048,0.16666671248638804,0.16666676159980962,0.16666661415213008
2777,6d098fc34975f8c51a625264c975c7e6ded399dfdb56652ba30f087672c41c89,Pest-Damage(513),4,0.9999999999999127,0.16666661628234994,0.1666666522576773,0.16666657912991226,0.1666667457492073,0.16666683053852188,0.16666657604233132
2778,3a6118ec1eeacf5edb52a576ab0c0370e729f50b22606d8717a698cdeadd8f13,Pest-Damage(513),4,0.999999999999999,0.16666666376440809,0.16666666586339796,0.16666666158069526,0.16666667126545223,0.16666667615415695,0.16666666137188946
2779,c5c730d3803255e486302fcf91ce79a830a584640b603d081e4e16a1d18b72c7,Pest-Damage(513),4,0.9999999999999769,0.16666664106940868,0.1666666593440951,0.16666662219854184,0.16666670683986956,0.16666674991560707,0.1666666206324778
2780,4c1aa897805b1f23073d9276e29d053bf36cd83a3ee94857722052387c7763d2,Pest-Damage(513),4,0.9999999999999762,0.16666664072205026,0.16666665924878285,0.16666662158786438,0.16666670739202882,0.1666667510533855,0.16666661999588808
2781,b7875b6f06c6494a659ffa9e13ddc35c24376f8d498c9183781a3d74395ea6e7,Pest-Damage(513),4,0.9999999999999737,0.1666666392567176,0.1666666588314735,0.16666661903796604,0.16666670969564407,0.16666675582393284,0.16666661735426613
2782,a876626138b05b1470b00854bb7839be985d7d74677d58f461f0c6095499cb70,Pest-Damage(513),4,0.9999999999999897,0.1666666501219926,0.16666666193001478,0.16666663792953512,0.16666669262735684,0.16666672046930753,0.16666663692179307
2783,7b92ccbba2a5665cff640b5f69aec58539f8cad10e6e89a2791befd67415699b,Pest-Damage(513),4,0.9999999999999634,0.16666663415965005,0.16666665736649874,0.1666666101971144,0.16666671768219973,0.16666677238522162,0.16666660820931553
2784,5f7d123bff6f066910ce293e4ed5840082e1d7a15acc1c6609aa97f6949de1e1,Pest-Damage(513),4,0.9999999999999682,0.16666663651530159,0.16666665804535494,0.16666661427882973,0.16666671399489397,0.16666676473605005,0.16666661242956962
2785,5d644d6c78f110f831e225f2bca85475a9d70861ffa9265a7e788e97b85c7e32,Pest-Damage(513),4,0.9999999999999662,0.16666663559340525,0.16666665780533602,0.16666661263570745,0.16666671548221423,0.16666676778055903,0.16666661070277805
2786,21ba894999480640467b55662a3c9b64e084132aa6de1c72c93241b37154b86c,Pest-Damage(513),5,0.9999999999999767,0.16666669239312168,0.1666666740610784,0.1666667112968291,0.16666662635104149,0.16666658306715193,0.16666671283077739
2787,e1c2faab27aaa2b4361c4415a38ae43613e1dea8e889630e35734cb0be7d7378,Pest-Damage(513),4,0.9999999999999933,0.16666665333446956,0.16666666287435794,0.16666664346420632,0.16666668762995004,0.16666671007303807,0.16666664262397818
2788,23373288cb7776a27666d27a8942bdf0998da94a326353fe44c4d47653c02544,Pest-Damage(513),4,0.9999999999999812,0.16666664376657175,0.16666666014322867,0.16666662683523598,0.16666670265424868,0.16666674119817404,0.1666666254025408
2789,a10c9254e8e70823ac83f4b1e47b3ab033e4511154b371567cf16eb1bffd6eab,Pest-Damage(513),4,0.999999999999983,0.16666664483986343,0.1666666604311351,0.16666662873154067,0.16666670093834515,0.1666667376724847,0.16666662738663096
2790,31928b24f8c22ce17c2c3c0795a9016c3a439161ef48b055f9d1a686f8f17a87,Pest-Damage(513),4,0.999999999999994,0.1666666542240883,0.16666666312269338,0.16666664502038722,0.16666668622329522,0.1666667071678967,0.16666664424163924
2791,696eab1890ee9c96d5a9d8390b76e2def9ff1da022e8a84f2c7bccc531c7ba16,Pest-Damage(513),4,0.999999999999972,0.1666666384168848,0.16666665859427102,0.166666617571563,0.1666667110203136,0.1666667585638336,0.166666615833134
2792,fead00ff8fe5b387c39fa1263a31a75894048ba79310c01c0359cafc4ea19209,Pest-Damage(513),4,0.9999999999999992,0.16666666585004788,0.16666666645561673,0.16666666520429252,0.1666666679895816,0.16666666937175761,0.16666666512870365
2793,d0caff754b4531b072b242bd15d6086a0667c13b4ec67f2fac602dde86bdffa3,Pest-Damage(513),4,0.9999999999999837,0.166666645293133,0.16666666055090984,0.16666662953396194,0.16666670021170157,0.1666667361819024,0.16666662822839115
2794,47716b31030fc817cf032aab3bd4746412ad78389b75c902bfcb873458a1cee6,Pest-Damage(513),5,0.9999999999999933,0.1666666797482943,0.1666666704467502,0.16666668932225998,0.166666646202982,0.16666662420037004,0.1666666900793435
2795,2e67b5d06bfe7edb856c7a913877021e627ce722ba40828017cebba81d177fa2,Pest-Damage(513),4,0.9999999999999796,0.16666664261804795,0.1666666597981536,0.16666662486662884,0.16666670443015758,0.16666674490418312,0.16666662338282895
2796,86475f5a746dc8300778533745c43e918670235e01f18216d302d014004d04c2,Pest-Damage(513),4,0.9999999999999882,0.1666666486265985,0.1666666615365217,0.16666663526939093,0.1666666950342345,0.16666672540239513,0.1666666341308593
2797,574f2ecc937df35d53e979d30d1f736de34479d8f28d0c747332f037bfce126b,Pest-Damage(513),4,0.999999999999967,0.16666663588505198,0.16666665788234017,0.1666666131501776,0.16666671501584357,0.16666676682383616,0.16666661124275062
2798,ee40e2d6d2d7eb35e31eb6f2845d408bc1b76424bbaa974b1d003b9e6a906c84,Pest-Damage(513),4,0.9999999999999798,0.16666664277723062,0.16666665985614723,0.1666666251176221,0.1666667042040764,0.16666674441539572,0.16666662362952794
2799,41997d8e5c28b62d270d749657cc3dd5a4241d40f5f69c59c5e45e42b0b9d264,Pest-Damage(513),4,0.9999999999999982,0.16666666091197258,0.16666666505168826,0.16666665661047722,0.16666667575442315,0.1666666854486832,0.1666666562227556
2800,ba4da1da1d570ea938144f4c4de6b76ad8ca83f6e9ff5e265ce3554cff0a2ba2,Pest-Damage(513),4,0.9999999999999732,0.1666666390542124,0.16666665877115897,0.1666666186898532,0.16666671000974484,0.16666675647848112,0.1666666169965495
2801,2c26c666e3405e1acf87625270d56a76d8ecce2586a2786d8995be9888cde0c2,Pest-Damage(513),4,0.9999999999999726,0.16666663870844117,0.1666666586794375,0.16666661807332608,0.16666671056684756,0.1666667576210988,0.16666661635084878
2802,f30d25ab14f27ef3a89a05b0e049f15846212c302079d2d0e8921accc4acf669,Pest-Damage(513),4,0.9999999999999875,0.16666664812108697,0.16666666138587855,0.16666663439955623,0.1666666958188083,0.1666667270374634,0.1666666332372066
2803,90159844e9eabdfd63a543edf87bb2688b52aa58932a7d4e6aedfdf7c52667d0,Pest-Damage(513),4,0.9999999999999992,0.166666665118101,0.16666666625187995,0.16666666391886492,0.16666666915063874,0.16666667176819036,0.16666666379232495
2804,71494b8150a656ee79912660ee3d0cfc18bac4864db7d946131da72b3dfbaf38,Pest-Damage(513),4,0.9999999999999953,0.16666665578876896,0.16666666355164192,0.16666664777313503,0.16666668373457985,0.1666667020404175,0.1666666471114568
2805,26f1312fc6eb4faa9928f818bfb0d12ecacb7114dd60cc028281afbd86ff8e31,Pest-Damage(513),5,0.9999999999998335,0.16666673644758556,0.16666668667909904,0.16666678780339975,0.16666655723590793,0.16666643981933052,0.1666667920146773
2806,c54f2b6520afbd2662c2e60640fa0042899e8818488691ff4901537450e2e04f,Pest-Damage(513),5,0.9999999999999892,0.166666683854005,0.16666667163638058,0.1666666964260455,0.1666666397866299,0.1666666108798258,0.16666669741711324
2807,0153a7cdcd3358e86b253bbb4fae4b542a484512f5dc5c156cde812c53d70f44,Pest-Damage(513),4,0.999999999999967,0.16666663591837064,0.16666665789615423,0.16666661320169807,0.1666667149700969,0.16666676672239616,0.16666661129128404
2808,903b1172019f5cecbde3a546ff7ef14fe835e8a550505642d0da79ab46196b42,Pest-Damage(513),5,0.99999999999999,0.16666668325601322,0.1666666714350228,0.16666669544377452,0.16666664067115106,0.16666661276120612,0.16666669643283227
2809,d253149dab4056c68969fbe4ee810ed82a4f3faf1ae18bcbf3ef185ded7391ec,Pest-Damage(513),4,0.9999999999999912,0.16666665131064548,0.1666666623093271,0.16666663991953048,0.16666669083293886,0.16666671668777375,0.1666666389397843
2810,c37040461bf9e9616a62a69ebd9314938b0a287460081591e3c819c690275514,Pest-Damage(513),4,0.9999999999999712,0.1666666380811159,0.1666666584995861,0.16666661698732715,0.1666667115486266,0.16666675965667113,0.16666661522667298
2811,fab1b6e04f11dfb346dec72a5c2903904c51deae52ccaec9025df87407c8d3f8,Pest-Damage(513),5,0.9999999999999912,0.16666668210271945,0.16666667111306213,0.16666669342810062,0.16666664249353616,0.1666666165252588,0.1666666943373229
2812,e5c9d7d21b8afe48b05deb7a3fe5768a33e9b1819117bcee92fa0bd0c958ed1d,Pest-Damage(513),4,0.9999999999999986,0.16666666202455804,0.16666666536673375,0.16666665854865767,0.16666667400299878,0.1666666818242718,0.16666665823277999
2813,6b19d191ae1f74b22980cd86de46d6c5e97802d43971c1dac2276dfa44b7e3cd,Pest-Damage(513),4,0.9999999999999714,0.16666663801766987,0.16666665847112183,0.1666666168954902,0.1666667116304064,0.16666675984251778,0.16666661514279402
2814,0d22439a6e0c99df86c1d40491a1ae02af92a669f01244c319648c66245edc64,Pest-Damage(513),5,0.9999999999998912,0.16666672294687696,0.16666668280936467,0.16666676436367325,0.1666665784109872,0.16666648371139337,0.16666676775770445
2815,faf79162b93de8415fd3e17d00e567633446adddd8730a33bee6465d0fef0104,Pest-Damage(513),4,0.9999999999999972,0.16666665917685242,0.1666666645259742,0.16666665365052874,0.16666667842560154,0.16666669103077578,0.16666665319026744
2816,31e04cb190f3fe58012c4b673878691185da1e0a1ff64f5a750cb0edf0bed2ee,Pest-Damage(513),4,0.999999999999993,0.16666665326238936,0.16666666283569773,0.16666664337687528,0.1666666877081024,0.16666671026442986,0.16666664255250538
2817,629a1a2ed227c608817c8eac90efdaafcf9bf2859c3744a36696b0a745475a53,Pest-Damage(513),4,0.9999999999999653,0.16666663505524432,0.16666665765254027,0.16666661169632346,0.16666671633044128,0.16666676953612408,0.16666660972932665
2818,e5e530b794d58f4a8e34c0201f882ee86adda5c74c89e33a698cd3497c858af0,Pest-Damage(513),4,0.9999999999999731,0.16666663904370463,0.16666665879174608,0.1666666186247234,0.16666671007018743,0.16666675656558344,0.16666661690405504
2819,6c741df604495a24b291981597681bfd8e5f4816b804e8c99fa1580b91c5e689,Pest-Damage(513),5,0.9999999999999644,0.16666669873029394,0.16666667588823647,0.1666667222758232,0.16666661643301933,0.1666665624912373,0.16666672418138975
2820,b7143963fd11d8f47e89591465ed89169156e3deca5c74e27933616ed0479afd,Pest-Damage(513),4,0.9999999999999807,0.16666664339560502,0.16666666003172395,0.16666662620012343,0.16666670322732652,0.16666674239430426,0.16666662475091676
2821,fa96557144ad5fc10744a730e8bd4f41a5314465de41355dbb44826707d3a8d0,Pest-Damage(513),5,0.9999999999999936,0.16666667959595258,0.16666667039027466,0.16666668908317442,0.16666664641810758,0.16666662466693283,0.16666668984555785
2822,dcac62af5b91699c74769828c7c9d240c27e19ffe993cef41e3b26a7e819c2e0,Pest-Damage(513),4,0.9999999999999811,0.16666664376468118,0.16666666012985826,0.16666662685459174,0.16666670263522612,0.16666674117912622,0.16666662543651647
2823,e3e6ea03b599ca0541567e5836ce8275cd3fa57d02003bf588073b0706707caf,Pest-Damage(513),5,0.9999999999999876,0.1666666852090686,0.16666667200341465,0.16666669881388996,0.16666663762638356,0.16666660643547343,0.16666669991176974
2824,f50f74bdf86397419ddcf09bf6725f7bfe02e89fe2ae67882f33ea75917342d2,Pest-Damage(513),4,0.9999999999999953,0.16666665565909566,0.16666666355117976,0.1666666474827429,0.1666666840011785,0.16666670253476723,0.16666664677103588
2825,11eefd5448f727e507773d25540b701d2e89d6fffc6f377202f9c6f896034e53,Pest-Damage(513),5,0.9999999999999958,0.16666667669701704,0.16666666958111737,0.16666668400427753,0.16666665100718223,0.16666663414365918,0.16666668456674663
2826,7948875a2be461bc829de341a86b6e950729277dfab55c51efcbdcebd37a6ac7,Pest-Damage(513),5,0.9999999999998019,0.166666742732587,0.16666668844909907,0.16666679876944052,0.16666654732531405,0.16666641932606746,0.16666680339749193
2827,d6dfc575bb1b6b87334a3949b8ae10ce7912a06130783bc6615322a2e3c4803b,Pest-Damage(513),5,0.9999999999999957,0.1666666769849591,0.16666666964815854,0.16666668452957717,0.16666665053034962,0.16666663317951733,0.16666668512743818
2828,d5f2ba0a06c8965b9fc1958eb74e650d496ca023725e3c32356260ed0b4540c4,Pest-Damage(513),4,0.9999999999999851,0.1666666463184173,0.16666666087377177,0.16666663126569048,0.16666669865137196,0.1666667329021309,0.16666662998861762
2829,37b32c9532e3ae43ff2f5823178a577dd79237e7f3d80da8702195ca2a0837eb,Pest-Damage(513),4,0.9999999999999455,0.16666662699750473,0.16666665531976937,0.16666659774765027,0.16666672892871823,0.1666667956868457,0.16666659531951167
2830,4809ab420e404d5075816a26df89ae0d0e3e560dee0bbb9bc9bc7665156e9a56,Pest-Damage(513),4,0.999999999999954,0.166666630219113,0.16666665624257593,0.16666660334227884,0.16666672387459114,0.1666667852116159,0.1666666011098253
2831,748a6e6fe764388feb6133163978efab52879f4142b34d4c467db4f9c56f8eb0,Pest-Damage(513),4,0.9999999999999917,0.16666665169466433,0.16666666238660288,0.16666664065078335,0.1666666901699588,0.16666671536650804,0.1666666397314826
2832,8253cbf4ac88d9f510400eb17d983cd6173df217f62dcc4453f9aa9da0e68886,Pest-Damage(513),4,0.9999999999999947,0.16666665490889365,0.16666666330387847,0.16666664623914365,0.16666668512122707,0.16666670490786697,0.16666664551899024
2833,6ccdbb0eb27f1ed22bdf4244f478b770ea0e2ae0c741d7a2c0b6973b7cd64ba2,Pest-Damage(513),4,0.9999999999999951,0.1666666557082132,0.16666666355260693,0.1666666475939616,0.1666666839000263,0.1666667023456753,0.16666664689951663
2834,67e52754ef6471ebdf3542f430b84fbb1565c1de3dee2a6c984dc382e85bf1ac,Pest-Damage(513),4,0.9999999999999918,0.16666665189917962,0.16666666246687656,0.16666664096689876,0.16666668988678712,0.16666671474511716,0.16666664003514073
2835,803e94f4f0cc2cfadabb6527cc356f779a6465db51518015cdd36797dda0a2a7,Pest-Damage(513),4,0.9999999999999762,0.16666664077002855,0.16666665928148464,0.16666662163550783,0.16666670735073819,0.1666667509373976,0.16666662002484314
2836,05cbf997c638fe593f300b05860efdc88b74d054eb18034464d5a8e7356c7c2e,Pest-Damage(513),4,0.9999999999999287,0.16666662119762765,0.1666666536701877,0.1666665876556956,0.16666673804722482,0.16666681456765448,0.16666658486160976
2837,f3e38b102624476e87b892723a95117864d7c981de590bccb11dc0d201b6e499,Pest-Damage(513),4,0.9999999999999197,0.16666661839674188,0.1666666528777928,0.16666658277292168,0.16666674245913496,0.166666823695987,0.1666665797974217
2838,aba4c497084b496dc8ce45e40330a5a7b11c620b51d33f061b8c11167b6153d7,Pest-Damage(513),5,0.9999999999997934,0.1666667443766028,0.16666668891300093,0.16666680164162065,0.16666654473088072,0.16666641396065202,0.16666680637724285
2839,19e0c664eb0faef4cf4f229926c8cf0cf25131f9a007d412b491d8b65e2e7f1c,Pest-Damage(513),4,0.9999999999999759,0.1666666404544791,0.1666666591711101,0.1666666211226188,0.16666670781166007,0.16666675192435326,0.16666661951577877
2840,1bff6511a09d9fd81682d4ead7d38d752a026fe022c4cebed63d035bfe740a5a,Pest-Damage(513),5,0.9999999999999803,0.1666666902839356,0.16666667344451225,0.16666670765848549,0.16666662963697879,0.16666658989771765,0.16666670907837014
2841,5dac626b7bb984a497e4d8855703c949256d18b3fc24b0357dc7b07779bea042,Pest-Damage(513),4,0.9999999999999725,0.1666666386614502,0.16666665865604616,0.16666661801585655,0.16666671061911487,0.16666675774605905,0.16666661630147322
2842,d797a860ba57c8de49a11d2aa51070abc6872f3e1a1bae2aa4cdea461c7e4857,Pest-Damage(513),4,0.9999999999999367,0.16666662379504243,0.16666665440950137,0.1666665921752414,0.1666667339639019,0.1666668061120096,0.16666658954430333
2843,39d49cc68c0e202c17c734700944450d253e2cb1c0557874c4376703c1fe11a8,Pest-Damage(513),4,0.9999999999999352,0.1666666233448058,0.1666666542925295,0.1666665913726336,0.16666673469050539,0.16666680759899483,0.16666658870053075
2844,bd3feec0c8505cb5f35f3257a31df3222d6f0dc9af8368e3bb1b1ad34c322696,Pest-Damage(513),4,0.9999999999999586,0.1666666321732905,0.16666665680612971,0.16666660672963524,0.1666667208150584,0.16666677886440176,0.16666660461148433
2845,a6b00cf41067a14eefc732fc4e01fdd2fc57f58a3f33d7c3d35f9a8ebca78478,Pest-Damage(513),4,0.999999999999973,0.16666663892529007,0.1666666587530613,0.16666661843033106,0.16666671024587357,0.16666675693770516,0.1666666167077388
2846,684ba22804dc18407b37317073269cc5035dc90dc60b7068a635a2e010eb5fb7,Pest-Damage(513),4,0.9999999999999991,0.16666666442324699,0.1666666660627394,0.16666666269929017,0.16666667025461515,0.1666666740413127,0.16666666251879567
2847,df094e9030be51e83a8f0903a3c95bd241dcd68aa40722a77b497987504bc144,Pest-Damage(513),5,0.9999999999999719,0.16666669499489786,0.16666667473672597,0.1666667159476003,0.1666666221435354,0.16666657445831584,0.16666671771892463
2848,2c86a7b4850e60b2a6bfb4c03a83dc486cca056a9feac661d541f919fb7b25b7,Pest-Damage(513),5,0.9999999999999094,0.16666671794650356,0.166666681325689,0.16666675578020745,0.16666658616124544,0.16666649985750193,0.16666675892885258
2849,1f4db849a6072511c93f90674e6482a23206340d03752c328e003d4e16d88c50,Pest-Damage(513),4,0.9999999999999805,0.1666666431110761,0.1666666599244262,0.16666662574796967,0.1666667036319232,0.16666674327315628,0.16666662431144846
2850,c0981521b2f08c77f568d31530d105af780e0826f3fde47ebc3bcc30488e93a1,Pest-Damage(513),5,0.999999999999862,0.16666673008536945,0.16666668480359245,0.16666677685831777,0.16666656711949032,0.1666664603897857,0.16666678074344435
2851,b2f9850cfcf34d1c1e8bac76f4f40795b8c2f043c74271ef529d0c106f7e8548,Pest-Damage(513),5,0.9999999999999333,0.1666667106097757,0.16666667922676992,0.16666674303483509,0.16666659767559436,0.1666665237182879,0.16666674573473708
2852,8640a86c150a3ecbdf09deb32b8056218f115397c51ef2036771a4f72b9be889,Pest-Damage(513),4,0.9999999999999991,0.1666666645050206,0.16666666602715247,0.166666662957552,0.16666667001707414,0.1666666736442298,0.16666666284897094
2853,35b197ec21916299098074dbf1aa27018e7f01acb5160fc0a6f3354f4b839cc4,Pest-Damage(513),5,0.9999999999998789,0.16666672606858796,0.16666668365014442,0.16666676988266294,0.16666657341967164,0.1666664734514268,0.1666667735275063
2854,a01805a017233bd24741dec934997ea3a2e19b4dc1595bd97fdb6f95885237cb,Pest-Damage(513),4,0.9999999999999793,0.1666666424868879,0.16666665972752068,0.1666666247029455,0.16666670457541768,0.1666667452584391,0.16666662324878914
2855,ae2b44ae234fe7d2d0ce3ff2073a2510c25904cfb2a8a378567bcac8a325af6d,Pest-Damage(513),4,0.9999999999999992,0.16666666628739127,0.16666666652967688,0.16666666606422417,0.16666666720895912,0.16666666783638073,0.1666666660733678
2856,da047185aa42cfd800f45af7320e3741040880fc38a41edc3b8335ba2d112f17,Pest-Damage(513),5,0.9999999999999175,0.16666671560614868,0.16666668065065818,0.16666675172498668,0.16666658982430657,0.16666650745714076,0.16666675473675924
2857,10b5784ce6b96330ad8dac7ca9d71db80af14341c77958f3189eaf1b6e841476,Pest-Damage(513),4,0.9999999999999978,0.16666666000484262,0.16666666474678282,0.16666665512390996,0.16666667709413088,0.16666668829810982,0.16666665473222386
2858,a04fcec3a1a49e8af9b166739a92a96760b26c221be3a48871ebfd56f4bbc6a4,Pest-Damage(513),5,0.9999999999999755,0.16666669301208625,0.1666666741798127,0.16666671248590662,0.16666662527235782,0.16666658092585498,0.16666671412398162
2859,d100fa71411cc6a3447fe12ddfe3917638f56e1c38e2df0beba718883acf3d8a,Pest-Damage(513),5,0.9999999999999977,0.1666666734888926,0.1666666685834185,0.16666667858743414,0.1666666558948526,0.1666666444009723,0.1666666790444298
2860,9bdde16418b69201f3c8d7e4b195fc0c0d7e242e9d87c14f0530fd35203d02bb,Pest-Damage(513),4,0.9999999999999826,0.16666664451516694,0.1666666603270619,0.16666662819006323,0.16666670142684814,0.16666673870291526,0.16666662683794453
2861,7d392a6ecf7f588e1dcbc95083e8e4a94f04e5cca7e8b7fc175cff0715d41453,Pest-Damage(513),4,0.9999999999999989,0.16666666263691504,0.1666666654910921,0.16666665971063532,0.16666667294915757,0.16666667972215346,0.1666666594900465
2862,5fbcdd30afd9b4fdbf32777107bb5fb80545c0728e8a670890f7bbf540d4ec4e,Pest-Damage(513),4,0.9999999999999704,0.16666663754772493,0.16666665831804853,0.16666661611401287,0.16666671233465605,0.16666676133168862,0.1666666143538689
2863,274aa004b27fedd10d42afc3e4b6900c7363c000aae651936ed5a333a1512b76,Pest-Damage(513),4,0.9999999999999809,0.1666666435781197,0.16666666003766928,0.16666662659981654,0.16666670286096033,0.16666674170849363,0.1666666252149404
2864,547973610812412256a7f5d65b26e2c8048ce40c61759b67c6d51fea8796ae3c,Pest-Damage(513),4,0.9999999999999915,0.16666665155734636,0.16666666231681054,0.16666664047159885,0.1666666903294772,0.16666671574618586,0.16666663957858124
2865,3512e2088bacf4212d3525496ba4809ce6b7b23d69336d54f1ad3c17841e50b4,Pest-Damage(513),4,0.9999999999999921,0.16666665217520168,0.16666666249503428,0.1666666415441574,0.16666668936110196,0.16666671373739772,0.16666664068710693
2866,c962f8535eec375513ae426b356746681e2b15848cc3c279f9d2dae930b79e40,Pest-Damage(513),4,0.9999999999999862,0.16666664706506068,0.16666666104199493,0.16666663264479112,0.16666669740051665,0.16666673038219146,0.1666666314654452
2867,95305c99b0f23a5cb0dfdfe42c02529c98d43ce71b3d87e0cc530a310d680e0d,Pest-Damage(513),5,0.9999999999999887,0.1666666842764287,0.16666667168980207,0.16666669728995173,0.16666663900071146,0.16666660935949354,0.1666666983836125
2868,cb188490958b219556ea29d42373d27e6a44b22f4cb77a6ca2ac420af544190e,Pest-Damage(513),5,0.9999999999999976,0.1666666738658181,0.16666666874736671,0.16666667913072863,0.16666665540784045,0.16666664330108572,0.1666666795471603
2869,530c2c6f002633cb7497d742c8245525d04ec92275a2cd082465368ae481dc20,Pest-Damage(513),5,0.9999999999999565,0.16666670210784298,0.16666667683705938,0.16666672818165496,0.16666661109729183,0.16666655146284884,0.166666730313302
2870,ffc0cd863ac853bd9f03b1e794982aa1c65c0881e01f31e6225e0c6ec63ee6bd,Pest-Damage(513),5,0.9999999999999883,0.16666668456252345,0.1666666717802667,0.16666669777445509,0.16666663856465125,0.16666660844266157,0.16666669887544192
2871,bbb6744dc960507f273f7c8697b5b6062c3447259bb4905023b20cacd3fd905d,Pest-Damage(513),5,0.9999999999998465,0.16666673361972364,0.16666668586431038,0.16666678289908213,0.16666656166540197,0.16666644900727598,0.1666667869442058
2872,ea6c5bf0ae1a8afb279f07c96cacdd09ecc00d109cb6d589192ae433a6bd2345,Pest-Damage(513),5,0.999999999999884,0.16666672484128997,0.1666666833230561,0.16666676770926722,0.16666657538624854,0.1666664774888076,0.16666677125133056
2873,2c903a5572d72361c5ba4f23b21809d38dd8dd22b76559d31484b6e717331095,Pest-Damage(513),4,0.9999999999999936,0.16666665368036218,0.1666666629583826,0.16666664409270524,0.16666668706067736,0.16666670891719534,0.16666664329067726
2874,7a44eff34b0f69617aa42622567c03ac30fc24ed1a67ef297c72e03bdf577784,Pest-Damage(513),5,0.9999999999999755,0.16666669306682202,0.16666667422309805,0.16666671252826923,0.16666662523645948,0.16666658080716695,0.16666671413818424
2875,b2fb91c7c4af635ce7b9e2544e753e511e0dc22f16d48b9f4a4f00b70730c624,Pest-Damage(513),5,0.9999999999999964,0.1666666757463104,0.16666666926050047,0.16666668244668306,0.1666666524104065,0.1666666371298351,0.16666668300626447
2876,82245271936c73d543c7c6b2f13c7701502e1d3cb6de075faf208be3d576304b,Pest-Damage(513),5,0.9999999999999983,0.166666671267998,0.16666666798521773,0.16666667465829318,0.16666665944765757,0.16666665170375702,0.1666666749370765
2877,c2996e63bdfce6a38794bbe7baea646782fff3dceb20508289ce837ff545ccf9,Pest-Damage(513),5,0.999999999999993,0.16666668021631081,0.1666666705459572,0.1666666901982867,0.16666664540785697,0.1666666226078411,0.16666669102374704
2878,f92c3bf4e076f89462333543e4e81302f0c0e861be569f9740209735ee8eadb8,Pest-Damage(513),5,0.9999999999999991,0.16666666846677858,0.16666666717868242,0.1666666697991761,0.16666666383641032,0.16666666080624412,0.1666666699127084
2879,361a6490b3b5fe784da9ed8a794e2968b7ae06c4132fe5f9e78d266190702690,Pest-Damage(513),5,0.9999999999999873,0.16666668551224026,0.16666667205569116,0.1666666994060296,0.16666663708840407,0.16666660537592615,0.1666667005617088
2880,c5f5715edda2f6d810e8a11a536a5b20bd4779e5b119ceeedc4fcdce1c5c48e9,Pest-Damage(513),5,0.999999999999951,0.16666670423443766,0.16666667742635458,0.16666673191210532,0.16666660772542863,0.16666654450612908,0.16666673419554479
2881,2a68ef667ba4be5f7d50855b6c418233af216f3f35360bcf7d074a0459cffab9,Pest-Damage(513),5,0.99999999999999,0.16666668314995356,0.1666666713712312,0.1666666953242503,0.16666664077645812,0.16666661303323202,0.16666669634487474
2882,b168165a9be004b76afe3ffdf8d2b34836ece5dfba2f7a16c2efccfa088b551d,Pest-Damage(513),5,0.9999999999999554,0.16666670261432914,0.16666667699571178,0.1666667290336886,0.16666661032834806,0.16666654984721507,0.16666673118070738
2883,d775cbf77b7750ff7d021ee4b44c647fec2e98ed624dc3b9c91121f48a959691,Pest-Damage(513),5,0.9999999999999857,0.1666666866834041,0.16666667241655198,0.1666667013951176,0.16666663529453146,0.16666660161768843,0.16666670259270633
2884,9158ed9ed87961271b386c29c34329650e915ce42f7550759531aaae88372115,Pest-Damage(513),5,0.999999999999776,0.16666674761399733,0.16666668985129662,0.16666680724641417,0.16666653966938452,0.16666640345301115,0.16666681216589613
2885,20e2bfd30723b409e5a90dbb0064d18b355e4b383c657da631d6183684e1debc,Pest-Damage(513),5,0.9999999999998777,0.16666672638622984,0.16666668376867275,0.16666677037610517,0.16666657297498408,0.16666647248471828,0.16666677400928995
2886,ed430421feca12467fc1d181b86cfe893349c15a4c62af6d861cd379dc5a524d,Pest-Damage(513),5,0.9999999999999668,0.16666669751625404,0.16666667551601516,0.1666667202183238,0.16666661829058205,0.1666665663811454,0.1666667220776795
2887,ad250252f3be84b1ebf7bbc01f3fbae44560e6e3992037af371cf9939f2c4131,Pest-Damage(513),5,0.9999999999999936,0.16666667953646375,0.16666667036102079,0.16666668900403334,0.16666664648874466,0.16666662483309166,0.16666668977664587
2888,d360159fe1f1efb35790f0b907f6aaa21b420e7b953c581ef6780ddf0773fe11,Pest-Damage(513),4,0.999999999999999,0.1666666630559176,0.1666666656355696,0.1666666603967024,0.16666667233265156,0.1666666784058899,0.16666666017326906
2889,22764b3b874f722f1fd2d7b4dec132b76d4dddb4eb1bb2c976378c5107c2218a,Pest-Damage(513),4,0.9999999999999787,0.16666664202625148,0.16666665961237476,0.16666662386925915,0.1666667053296136,0.1666667467944058,0.16666662236809512
2890,7ebea0acf723a17d65167493a28dcd624bc95cc4878bf0b8ceabc714b6880ecc,Pest-Damage(513),5,0.9999999999999261,0.1666667130631592,0.16666667995688442,0.16666674723447375,0.1666665938820614,0.16666651581051894,0.16666675005290224
2891,86b2d360a90ffb33fd3ceb584f42c389518b460363da19e979f2647612149f05,Pest-Damage(513),5,0.9999999999999873,0.16666668526076978,0.16666667199493096,0.16666669895692132,0.1666666374971935,0.16666660620639764,0.1666667000837868
2892,6b49e33c07666b604f0b4075074a6a5e789f827004923bd1f7923b90b6a90834,Pest-Damage(513),4,0.9999999999999982,0.16666666116532056,0.1666666650884155,0.16666665711622325,0.16666667529385967,0.1666666845512439,0.1666666567849371
2893,be59768d1aa8428bccebda220635a11773267f86e46b9757928d7c5b66928630,Pest-Damage(513),5,0.9999999999998014,0.16666674287222558,0.1666666885003048,0.16666679898815992,0.16666654712811305,0.16666641889910086,0.16666680361209577
2894,c3aa69a63da4814dbe9a5b635100beb1832a16da3f47630e3559bb659b3b4c32,Pest-Damage(513),5,0.9999999999998408,0.16666673484696107,0.16666668619353758,0.1666667850714344,0.16666655970071814,0.16666644497070782,0.16666678921664088
2895,d2060ece3505e1cbe922e91a0e4f7f94d7265d46ab4b8fb793a0a45ba8f2c105,Pest-Damage(513),5,0.9999999999999817,0.16666668932791637,0.1666666731483734,0.1666667060347659,0.16666663110052177,0.16666659296600128,0.1666667074224213
2896,407e33c898f82f7fad13b07292352e241d38bc589e11d329209de743952121f5,Pest-Damage(513),4,0.999999999999997,0.16666665870881098,0.16666666438470182,0.1666666528521846,0.166666679146342,0.16666669253636843,0.16666665237159217
2897,e864633fdfd2470f2b3e102f3aa916888374469fab8e2cdcaef7d92a6338253f,Pest-Damage(513),4,0.9999999999999988,0.16666666333873353,0.16666666572037023,0.1666666608755074,0.16666667189925288,0.1666666775008292,0.1666666606653067
2898,55312c02b4345ba6ae3fa641272aa33cc1849b036b298df3e41bea2127ae20c6,Pest-Damage(513),5,0.9999999999999805,0.16666669011653473,0.16666667339016533,0.16666670737313574,0.1666666298926343,0.16666659043690066,0.16666670879062911
2899,51f3326167df06ae230973f14a6db434e13e626278804b0069e0153cb2f02937,Pest-Damage(513),4,0.9999999999999784,0.1666666419340887,0.16666665959726998,0.1666666236878069,0.1666667054945587,0.1666667471180843,0.16666662216819136
2900,afcc5fe2e87aef2ef2cbaaf4296151f3b7b56b1253c76cd0bb1e469d1d7f7e17,Pest-Damage(513),4,0.999999999999997,0.16666665859019938,0.166666664347436,0.16666665265070515,0.16666667932766568,0.16666669291720057,0.1666666521667932
2901,e1871969003134aa70208676f0ed4bb8ddbfd7c23a386d2782f6851bc02a39a5,Pest-Damage(513),5,0.9999999999997613,0.16666675019750646,0.16666669058798006,0.1666668117355719,0.16666653561279277,0.16666639505006542,0.16666681681608342
2902,2aec2ed83ceee2ca43690cb65da68fd50981e286228e5f1647887bdbc11b77de,Pest-Damage(513),4,0.9999999999999989,0.16666666270034336,0.16666666554047568,0.1666666597569017,0.1666666729090622,0.16666667958831166,0.16666665950490536
2903,12753a6511ed524e3e5e9b095b3db5558882df0d55697167785d7c848a0e963a,Pest-Damage(513),5,0.9999999999999549,0.16666670273685577,0.16666667699174834,0.16666672931086304,0.16666661007226874,0.16666654937762249,0.1666667315106417
2904,44a1c3eca01620ec36a009a76228335d52fee7212a3935c67568994349bdb268,Pest-Damage(513),5,0.99999999999994,0.16666670830179853,0.1666666786052657,0.1666667389375622,0.16666660137725747,0.16666653132492262,0.16666674145319338
2905,4e6626b7c2bb121a8738dedb390ec96308d93d6d3b2e3126822d2307bd833ef6,Pest-Damage(513),5,0.9999999999999883,0.1666666845728048,0.16666667180410813,0.1666666977509949,0.16666663858731262,0.16666660845589165,0.1666666988288878
2906,47c9c398132bec3370a0b75234c1311bd9f6bc775a2225007db6fb2a57b46792,Pest-Damage(513),5,0.9999999999998882,0.1666667237231002,0.1666666830167467,0.16666676574394299,0.1666665771636434,0.1666664811506856,0.16666676920188114
2907,20c0e04a71f86f5f2858e69ee900f7cc4b77a6662da8eaaf0fcb95a929a63599,Pest-Damage(513),5,0.9999999999999469,0.16666670581583132,0.1666666778652604,0.1666667346744321,0.16666660522628857,0.16666653934737166,0.16666673707081592
2908,317a18c27a98e3c3d6da664955fe20c6cc9d3eceacfd398469d2c2071ae868d7,Pest-Damage(513),5,0.999999999999781,0.1666667466866396,0.16666668958387354,0.166666805634211,0.16666654112448206,0.16666640647101005,0.16666681049978377
2909,45ebc2fb994f27c323b8a42cbe20572c8a1120e80da8911f6c9ef23a03c99411,Pest-Damage(513),5,0.9999999999998669,0.16666672898679835,0.1666666845111585,0.16666677490338858,0.16666656888638604,0.16666646401548507,0.16666677869678345
2910,d3d8c7ad0417d71ada0f3115ebec645d8009968bc14dad8957de25a741dc99ca,Pest-Damage(513),5,0.9999999999999674,0.16666669726603514,0.16666667542533858,0.1666667198143641,0.16666661865255714,0.16666656716110528,0.16666672168059984
2911,c44aab23c7cb8af11f94d0659556630caa1f8e2509e2443480b9d08943004736,Pest-Damage(513),5,0.9999999999997868,0.16666674562733305,0.16666668928577577,0.16666680378335982,0.16666654279671972,0.16666640992822462,0.16666680857858698
2912,b97f243cf7be815a9f77a49be19f8ab0b2563fe5b44879a684288559e4b11631,Pest-Damage(513),5,0.9999999999999837,0.16666668808469104,0.16666667281743117,0.16666670382690216,0.16666663309704868,0.1666665970635008,0.1666667051104262
2913,95e3cc54868605287bd8524c3e7dc4dc3f70da95452f0b527efd3befa0724229,Pest-Damage(513),5,0.9999999999997199,0.16666675716943805,0.16666669258483982,0.16666682384083706,0.1666665246764638,0.16666637238314022,0.166666829345281
2914,329e2dc60dda01a2202213f4803702dde02d818e5713e1c3c59a5b6282b5f3ef,Pest-Damage(513),5,0.9999999999998688,0.1666667285701427,0.16666668438616758,0.16666677418527734,0.1666665695334142,0.1666664653647815,0.16666677796021676
2915,644716260fefd2e06a07a1954a1012a7a97d558d3e6515600fbb37b36ffcce63,Pest-Damage(513),5,0.9999999999999843,0.16666668766177345,0.16666667269101682,0.16666670309779036,0.16666663375415997,0.1666665984332492,0.16666670436201012
2916,f3d75417a4fb93b62c91df1b3554414ba1dcd83c6ff06c60f8bbb8e11ee4a945,Pest-Damage(513),5,0.9999999999999881,0.1666666847318302,0.16666667184306996,0.16666669803159254,0.16666663833138146,0.16666660793484858,0.1666666991272772
2917,45d608874bcce5822f4da0e35e9641217d0d7dbf634c2d8f429733f9f63e96cd,Pest-Damage(513),5,0.999999999999953,0.16666670348851254,0.16666667720276665,0.16666673063183424,0.16666660888027118,0.1666665469150431,0.16666673288157233
2918,8cc25930cd12371f647c26dac7d749cf82e339427d28de1a3523116cd98b2ccf,Pest-Damage(513),5,0.9999999999999172,0.16666671576574435,0.16666668072226837,0.166666751948341,0.16666658962375538,0.16666650699929011,0.16666675494060082
2919,3c19be11afb2b9bc85ac84a67e4c00b3ea35792f40e677ec515b4875ca956fd1,Pest-Damage(513),5,0.9999999999998164,0.166666739935766,0.16666668766670717,0.1666667938820392,0.16666655174334322,0.1666664284537256,0.1666667983184189
2920,6ed6741e54b6c443cba0e510a288484b252665ec3fd429238e40be04f4955bcc,Pest-Damage(513),5,0.9999999999997985,0.16666674342766416,0.16666668864249432,0.16666679998500622,0.16666654622613591,0.1666664170567523,0.16666680466194705
2921,0df9ca29ceefebd6840d9a5967a8064e2bd29ca3bc2c658b35bb35f6efced7aa,Pest-Damage(513),5,0.9999999999997653,0.16666674952582333,0.1666666904016997,0.16666681055960914,0.16666653667616713,0.16666639724452206,0.16666681559217864
2922,1e12c46467eab12b7d82517337cfac7204b5bd1459389568f5cf91b6a1d1a3a9,Pest-Damage(513),5,0.9999999999996858,0.16666676256396776,0.1666666941249261,0.16666683321925682,0.16666651620379605,0.16666635483085432,0.16666683905719892
2923,b2f864c161ff918f61c2a5854cf62ae5d42399e7ff1f7e48c4805b528d24dec9,Pest-Damage(513),5,0.9999999999998691,0.1666667284299797,0.1666666843487615,0.16666677393285945,0.16666656976081434,0.1666664658311202,0.16666677769646474
2924,8c7ce1afa32578ac2ddbc9d47bcee8550908f92cafe51c0288b245fb69f63dc1,Pest-Damage(513),5,0.9999999999999337,0.1666667105153784,0.16666667922285336,0.1666667428151601,0.16666659787335666,0.16666652408940089,0.1666667454838506
2925,9da5d35f602cf975fd2a47b4fe5c04905252f93dfc990d62f58dc28d6409cb2d,Pest-Damage(513),4,0.9999999999999991,0.16666666406554373,0.16666666594997226,0.16666666209742684,0.16666667079739053,0.16666667518270012,0.1666666619069667
2926,1943ae43afe6b1b7aed16f093f63d3495908dba54e54bbc6b5073d091b271373,Pest-Damage(513),5,0.9999999999999905,0.16666668273477042,0.1666666712678841,0.16666669456808111,0.16666664145968124,0.16666661442339448,0.16666669554618865
2927,b3e3b4096128c5262d0131c934bf836b0144aff262c85fd2b3016e7739340785,Pest-Damage(513),5,0.9999999999999822,0.16666668903846363,0.16666667306661467,0.16666670552859847,0.16666663155758743,0.1666665939112817,0.16666670689745414
2928,d74ea030dfb267d4afb3edd4cb183852d13b03ccae3d16df850ba8dcb4b4507a,Pest-Damage(513),5,0.9999999999998362,0.1666667357855015,0.1666666864519279,0.1666667867196958,0.16666655821041523,0.16666644189856097,0.16666679093389852
2929,82c5308943b59de3cf82ae4d31d9d4eb57ab091f0ac7a88893317451f7281756,Pest-Damage(513),5,0.9999999999998513,0.1666667325363286,0.16666668553362352,0.16666678105226268,0.16666656333108867,0.16666645249160555,0.16666678505509094
2930,73471afee278c36b1cd8c330c56f30ac83da987811d81fee81f57bfbfe0b10f7,Pest-Damage(513),5,0.9999999999999427,0.1666667073899209,0.16666667833623883,0.16666673736756935,0.16666660279460585,0.1666665342748165,0.16666673983684854
2931,2d48c51908ec8a152a62b12bb7cc144ec157c257c172a890ace2d0a3081701b5,Pest-Damage(513),5,0.9999999999999033,0.16666671970430025,0.1666666818775295,0.16666675874015158,0.16666658349135668,0.16666649424614224,0.16666676194051977
2932,8cbba9234e85a90e125b2ac41ce193278661167ff7b54bf92ea20990d3c289b8,Pest-Damage(513),5,0.999999999999874,0.16666672728110188,0.16666668401568077,0.16666677194895943,0.16666657155351633,0.16666646955371714,0.16666677564702434
2933,3712c18fbf04cdf132d8b8531fb611ccd78819999d6d80dc70c5a320fb60f061,Pest-Damage(513),5,0.9999999999996666,0.16666676545789588,0.16666669495821346,0.1666668382377924,0.16666651167079372,0.16666634542879968,0.16666684424650482
2934,86ee314ad28c6434db6b901ba61861ef45429311f978d1bea33ccb2e44163ef5,Pest-Damage(513),5,0.9999999999999157,0.16666671617992407,0.16666668085952183,0.16666675263257882,0.16666658900734474,0.16666650569188202,0.16666675562874858
2935,26bba05ebf9b4c4847f8c0bf6d302f23fc9f7aa13ff1af07aec0b524bde56a5f,Pest-Damage(513),5,0.999999999999993,0.16666668010017202,0.1666666705206673,0.16666668998434792,0.166666645602505,0.16666662299886936,0.16666669079343838
2936,382777ffc70b4c1d63690289580a093895ebdabaca3d3392764289635db94113,Pest-Damage(513),5,0.9999999999997828,0.16666674633072573,0.16666668948273933,0.16666680501069545,0.16666654168695347,0.1666664076348268,0.16666680985405943
2937,23e0695eaff5765be929b37428991bc1087f94f39895c87a47c384380b52e576,Pest-Damage(513),5,0.9999999999997654,0.1666667494848938,0.16666669038644039,0.1666668104968434,0.1666665367329202,0.16666639736806096,0.16666681553084123
2938,362a9847b5e1ca2f2cebd14d18843076bf6b4a18603080f8c414ad25215c94df,Pest-Damage(513),5,0.9999999999999759,0.16666669275127416,0.16666667410745706,0.16666671203001937,0.16666662568475601,0.16666658177703533,0.16666671364945804
2939,9eb2d64c7e8f52355a6038ad4fe3ff74b78407ec6eea9ea9a7e55ac350c4379b,Pest-Damage(513),5,0.9999999999998405,0.16666673493862724,0.1666666862380257,0.16666678519505626,0.16666655959041754,0.166666444712757,0.16666678932511625
2940,62213577a4e5c9e9f219e709a6cf1577eb896af8894a2004476e7218744aa69f,Pest-Damage(513),5,0.9999999999999535,0.16666670334228884,0.1666666771866758,0.16666673032758525,0.16666660915708548,0.16666654744722922,0.16666673253913555
2941,5243f1b8f7a4848ff0668171de2777ea92a784a527b2c2be98402fdf8ba867cb,Pest-Damage(513),5,0.9999999999997821,0.1666667464868352,0.16666668952671604,0.1666668052876136,0.16666654143772022,0.16666640712019307,0.16666681014092194
2942,e3bde12dc2b533662f1ce97168a405be1027d7cb5ac315d68e3df2e7e14a0676,Pest-Damage(513),5,0.9999999999998513,0.16666673253814812,0.16666668552538796,0.1666667810772521,0.16666656330893911,0.16666645246050424,0.16666678508976848
2943,cad367d5856512bcc798b5e1c6bfa5eb08946e62b392902283c404dc45ffce30,Pest-Damage(513),5,0.9999999999997851,0.16666674592171488,0.1666666893711881,0.16666680428704098,0.1666665423405529,0.1666664089801277,0.16666680909937537
2944,9cf4e20f8dba0d564595c7f74dec975f7de319ffd62eeaa96b8287d34013154d,Pest-Damage(513),5,0.9999999999998933,0.16666672242964228,0.1666666826408609,0.16666676349862844,0.16666657918940359,0.16666648535663517,0.1666667668848296
2945,7e3e7d17d6183fc905a5b06f51f49ecddd13b33c00fb3008fae8e00ccbce641b,Pest-Damage(513),5,0.9999999999997732,0.16666674812835064,0.16666669000202908,0.16666680812849594,0.1666665388717378,0.16666640179370035,0.16666681307568623
2946,9cf83367b7bc4184177fd73382ffba2c11ed877d799f6e6f461cd977458747cf,Pest-Damage(513),5,0.9999999999998733,0.1666667274217435,0.1666666840678629,0.16666677217117964,0.16666657135394838,0.16666646912109048,0.16666677586417503
2947,432adcad0a385972194fee4c4067b0e9e45d7fc9553a9f93b0386ddb14a4083b,Pest-Damage(513),5,0.9999999999999398,0.1666667084404924,0.1666666786455388,0.16666673919058098,0.1666666011517857,0.16666653085861574,0.16666674171298637
2948,aa24efb7181fe2abb3e3d35b6c5e586d4fb7c5f70a22f72aeb6e09a05d7f4d8c,Pest-Damage(513),5,0.9999999999998913,0.16666672299744054,0.16666668280883204,0.16666676447888873,0.16666657830531806,0.16666648351634877,0.1666667678931719
2949,7e9e12722f311aa24ae293d4c496ccb6d5856f7c7107d19debfd8d905ad5bf7e,Pest-Damage(513),4,0.9999999999999989,0.16666666298307423,0.1666666655860312,0.16666666032041125,0.16666667239806915,0.1666666785868285,0.16666666012558579
2950,3d39869ee8762190c8e0e8493de6d70e5314c420d5b25aba2a9c3b1f1fea87be,Pest-Damage(513),5,0.9999999999998842,0.16666672476336755,0.1666666833175143,0.16666676753551476,0.1666665755431793,0.1666664777862374,0.1666667710541867
2951,441fd165a3ec09a789c91364e27eb3ce6820ac7121e0c69fb870491f703957e6,Pest-Damage(513),4,0.9999999999999957,0.1666666562624849,0.16666666371164784,0.1666666485508534,0.16666668303443902,0.16666670055043156,0.16666664789014327
2952,0b8b4aed93a86a3483614b5867c63a1cd7b3decc37f0fe272434d0ee240a6954,Pest-Damage(513),5,0.999999999999736,0.1666667545170616,0.16666669182728386,0.16666681923141194,0.1666665288409349,0.16666638101115666,0.16666682457215104
2953,9bbdeca088ef1d3fa21fcfb3d2332e6cf200d9471a304e008cbe9175caf6d484,Pest-Damage(513),5,0.9999999999999534,0.16666670335577918,0.166666677193242,0.1666667303455449,0.1666666091410442,0.16666654740949755,0.16666673255489212
2954,4d892e52a94c86b02573f4d3edee03d511fb601e72fb3e4c960941ca36ac8243,Pest-Damage(513),4,0.9999999999999992,0.16666666545884848,0.16666666629334212,0.16666666462346333,0.16666666851060347,0.16666667053259923,0.16666666458114326
2955,b58d78729c968d15d920bdbe8d65e7387bdc9ae2e5f2d5ff1d0164daf53cc4ff,Pest-Damage(513),4,0.9999999999999893,0.16666664949712656,0.1666666617417862,0.16666663686387612,0.1666666935896813,0.16666672247896774,0.16666663582856206
2956,936aa932fa62aa6af8051fb3cabba59386625dee577e86bf61814855c6d418a7,Pest-Damage(513),5,0.999999999999997,0.1666666747469232,0.16666666894736037,0.16666668076526228,0.16666665392773455,0.16666664031814343,0.1666666812945761
2957,9429c4e683bc7b8361cc9d620225cf4f0f18f8d301d5877b13777fc64a71cee4,Pest-Damage(513),5,0.9999999999999903,0.16666668276558477,0.16666667125128645,0.16666669467559173,0.16666664136161896,0.1666666142618292,0.16666669568408882
2958,b6342538683eedc54bcc406cf4570fa985aeb598ae7676d3c3bb37c6db8d0c6e,Pest-Damage(513),5,0.9999999999999961,0.16666667603486154,0.16666666931568594,0.16666668300863563,0.16666665190234095,0.16666663612202806,0.1666666836164478
2959,188074dd81c27e4523ac33a5881fa177cecf288853353f609cc7f06651f8193b,Pest-Damage(513),4,0.999999999999998,0.16666666088748508,0.1666666649830375,0.1666666566890174,0.16666667567898516,0.16666668539165494,0.1666666563698198
2960,6c1f61fa0899148b33400e18dd1a949f83c0461d4c004e2172d956900939985f,Pest-Damage(513),4,0.9999999999999898,0.16666664998189823,0.1666666618743155,0.16666663772123091,0.16666669281540575,0.16666672088482293,0.16666663672232676
2961,b3bba84959fec2c525d87835a32d2a7add10ae471bca94024cceac511b30f1be,Pest-Damage(513),5,0.9999999999999974,0.1666666742913176,0.16666666882850634,0.16666667994640627,0.166666654667222,0.16666664183138508,0.16666668043516278
2962,5b4d9568b5c256e1eb9aa6e56a2d73f8cda3c9c405ecaffc197ed8ff836de766,Pest-Damage(513),5,0.99999999999991,0.16666671784308998,0.1666666813259645,0.1666667555348933,0.1666665863834279,0.166666500268818,0.16666675864380634
2963,11afc769ec89a9b57dc7aab88728d6c3f85e0c20dec18b0b97b0a03adb418e51,Pest-Damage(513),4,0.9999999999999857,0.1666666466272287,0.16666666091937563,0.16666663188151284,0.16666669809083573,0.16666673180886432,0.1666666306721827
2964,c459a0bd9c076cf4c4c465969216795dc5fc094c452c7ea9d5047db408deb491,Pest-Damage(513),5,0.9999999999998773,0.16666672647316638,0.16666668376968902,0.1666667705840591,0.16666657278767003,0.1666664721365616,0.16666677424885387
2965,e632b4ff9a325f1d9ba0303598e186100454d253a3282c367ea370fcf8b66e8e,Pest-Damage(513),4,0.9999999999999837,0.16666664529792882,0.16666666056467613,0.16666662952270572,0.16666670022385033,0.16666673618787364,0.16666662820296532
2966,4155be0394b7dc363e1d588097f068117e0d73ce715274cf477634d1c3276a4b,Pest-Damage(513),4,0.999999999999983,0.16666664478805018,0.16666666040224895,0.16666662866716275,0.16666670099502545,0.16666673781230512,0.16666662733520762
2967,8ebd74c2b6bb39e765ec16a37b87a93dbe0a39836ba8c97e2235559d9566b7b0,Pest-Damage(513),5,0.9999999999999918,0.16666668133342094,0.1666666708552864,0.16666669215762767,0.16666664363668918,0.16666661895377166,0.16666669306320422
2968,eeec7b41d7af5fad0e0697cc35d26be64c646e9b37c0984948d270ba3919ea6e,Pest-Damage(513),4,0.9999999999999917,0.16666665174740133,0.16666666239531017,0.16666664075153925,0.166666690077688,0.16666671518510937,0.16666663984295202
2969,1eff4394db34803f05fa4ed5bc4b2d27623d720af558d1276dbb145a3c5f228f,Pest-Damage(513),4,0.999999999999956,0.16666663104631804,0.16666665646345036,0.1666666048059814,0.16666672255013532,0.16666678249173836,0.1666666026423765
2970,665f75893292c6c9478c43b35a852dea2492cf30257a7344d7d3496eb13d5531,Pest-Damage(513),4,0.9999999999999915,0.16666665146632767,0.166666662306226,0.16666664028012865,0.16666669050289337,0.16666671608020978,0.16666663936421455
2971,31781bb7b3f89ca37184602f6f4613f6e1350e1c7f8d9ceda90897fa8ca6fbb5,Pest-Damage(513),5,0.9999999999999989,0.16666666999233462,0.1666666676280691,0.16666667242062128,0.1666666614683414,0.16666665587759025,0.16666667261304344
2972,c666aaefbbad9cdfc1fc07c28c14c8fbfcb2f580e67b82b48ba0fdfb5e812287,Pest-Damage(513),4,0.999999999999999,0.16666666439668998,0.16666666601912536,0.1666666627172954,0.16666667023420167,0.1666666740561418,0.16666666257654572
2973,d447f007c725e54a56a6496d0d3c2550e479f82e88741c4f300ea59916ac27bd,Pest-Damage(513),5,0.9999999999999105,0.16666671765544147,0.16666668126305537,0.16666675522858418,0.1666665866598372,0.16666650085670223,0.16666675833637948
2974,c49c270fd73be89a6cc1f99b15bf1a15b07c862984b8afae25172e5823443698,Pest-Damage(513),4,0.999999999999968,0.1666666363828629,0.16666665800009714,0.1666666140586349,0.16666671419223175,0.16666676515616669,0.16666661221000664
2975,633ee21d27f2d1fecf04ed8a8b3b872302907e2b3c134e0e3edbf5c6ddb93809,Pest-Damage(513),4,0.9999999999999979,0.16666666038991387,0.16666666486055715,0.16666665577944317,0.16666667650071887,0.16666668706167578,0.1666666554076912
2976,0888fbb604a025a790fb03c83e8dde01db00ed32fb3ca1c9b109e6f903514632,Pest-Damage(513),5,0.9999999999999989,0.1666666701691938,0.16666666766886282,0.16666667274509156,0.16666666117402343,0.16666665528321387,0.16666667295961465
2977,797250d1af41ffe4cb3da223b330f258f105a35228aee5f50330ce91f97e949c,Pest-Damage(513),4,0.9999999999999545,0.1666666304436109,0.16666665630397742,0.16666660373919098,0.16666672351612957,0.16666678447353248,0.1666666015235585
2978,bd68d760c7cdf940ffbcf0188cae663d9dc7126d4243cde9c179e8e73b0d3955,Pest-Damage(513),4,0.9999999999999788,0.16666664223882624,0.16666665966124833,0.1666666242583768,0.1666667049763845,0.16666674608110088,0.16666662278406308
2979,a3f2f3146cdbd03d230fb8b12716e85b628192ca9df58dd7310e78da3101f43f,Pest-Damage(513),5,0.9999999999999963,0.16666667610476799,0.16666666938549016,0.16666668302320434,0.1666666518907462,0.16666663601635814,0.16666668357943323
2980,1840a677605524b7412a7eb349d84770d6e291d73ef2c70b465606b2ece4d873,Pest-Damage(513),4,0.9999999999999988,0.16666666306013708,0.16666666563121083,0.16666666040651487,0.1666666723214217,0.16666667839043237,0.1666666601902832
2981,1a9a626d3087d655e38159ab2db99bf13ea663c87f1fbbcdf2727f4a23e550da,Pest-Damage(513),4,0.9999999999999901,0.16666665035220649,0.16666666199164656,0.1666666383352144,0.16666669225996178,0.1666667197144206,0.1666666373465501
2982,de1f9f0f3cca16a3885a2a2e2dac4e322e474544cea242077d8567ee26481779,Pest-Damage(513),4,0.9999999999999615,0.1666666333895396,0.16666665715000667,0.16666660885280227,0.1666667188971923,0.16666677489697168,0.16666660681348752
2983,d97bc20b63cbe355b504133f82874b3706bca164f762f2529d906227dd547b13,Pest-Damage(513),4,0.9999999999999976,0.1666666594260994,0.1666666645934162,0.16666665408662798,0.16666667803029253,0.16666669021725902,0.16666665364630495
2984,ebe8fcd7e1c54ad885cdc26461bc70e606b94528a4494057ec51cfabc025dd10,Pest-Damage(513),5,0.9999999999999093,0.1666667180324277,0.1666666813726709,0.16666675587670524,0.16666658607368726,0.16666649963868876,0.1666667590058202
2985,907e8569dc80b8a654d5eacd56d3b4adf881f61803b991e6634864f98af8c2a5,Pest-Damage(513),4,0.9999999999999961,0.16666665710380693,0.16666666392229043,0.16666665006519998,0.16666668166273582,0.16666669775541,0.1666666494905569
2986,22aa1412d5bbab50dc3ddc7dffdffcd042c2a2fae6cb41c236a902dc5c7a8222,Pest-Damage(513),4,0.9999999999999871,0.16666664770196457,0.16666666123512644,0.16666663373003224,0.1666666964209478,0.1666667283347333,0.1666666325771957
2987,37c48f2ae61136d061fdb7209290784250a7c902211380447b4202ed0e3351a3,Pest-Damage(513),4,0.9999999999999855,0.166666646555853,0.16666666091439522,0.16666663172250815,0.166666698234555,0.16666673208100513,0.16666663049168348
2988,65618c09c1375e401afc0c999b6fab8a64862dae324d3be9006097825d875516,Pest-Damage(513),4,0.9999999999999915,0.1666666515048388,0.16666666232922667,0.16666664032261444,0.16666669046518542,0.16666671598261446,0.16666663939552018
2989,7897177c91204444583d131ee0b56fe1f22fd98949cb43f0445bf37dd5c84cf2,Pest-Damage(513),4,0.9999999999999767,0.16666664085143013,0.16666665926967864,0.16666662183774575,0.1666667071636174,0.16666675060502437,0.1666666202725039
2990,dc7e1b5022abd7faf6f3d7baa69f406c258b63d9b7bf76777cf5a0c50cbc0173,Pest-Damage(513),4,0.999999999999966,0.16666663548623986,0.1666666577470379,0.1666666124983294,0.166666715603022,0.16666676807474717,0.1666666105906236
2991,91127c61224e25f24856b93469f8f7f469f4515f5ceef2cce4ac93419d9e51c6,Pest-Damage(513),4,0.9999999999999829,0.16666664479899237,0.1666666604217944,0.16666662865854126,0.16666670100507294,0.16666673780732744,0.1666666273082716
2992,e1144d4c1e058dfcf46bf95d4c59a852ab8153840daa798fd839835de58ba4d6,Pest-Damage(513),4,0.9999999999999601,0.16666663281938157,0.16666665697322697,0.16666660788488583,0.16666671976964686,0.16666677672629535,0.16666660582656342
2993,37231c6382a89b1da99cb976083ff98b97755507e737abb74872fd135a0c8b0c,Pest-Damage(513),4,0.9999999999999827,0.16666664461497735,0.16666666033849992,0.16666662839464766,0.1666667012402179,0.1666667383434007,0.16666662706825644
2994,fac744dfbd28db19c2a0ca565337fe2b36575a497cc1cddf67866140d1fd4258,Pest-Damage(513),4,0.9999999999999942,0.16666665434937503,0.166666663129564,0.16666664529063158,0.16666668597606835,0.1666667067015653,0.16666664455279587
2995,85ed2395d9351608614dcdacbdd98a828f865fcfe847d98cb8de41e6aa8b5a61,Pest-Damage(513),4,0.9999999999999979,0.1666666602324577,0.1666666648384202,0.1666666554642025,0.1666666767879665,0.16666668762038095,0.16666665505657213
2996,32dfa2ccb9ac442f566643eb1f22fada50b1cc8373ff09ef45246544ac46f8fe,Pest-Damage(513),4,0.9999999999999674,0.16666663616724825,0.1666666579367346,0.16666661368424635,0.16666671452963808,0.16666676585752244,0.16666661182461032
2997,791edd337adf6601ddbb588f3a5293226e54dd771515f9ef62c7335104dddfee,Pest-Damage(513),5,0.9999999999999988,0.16666667040208227,0.16666666776082517,0.16666667311030509,0.16666666084831375,0.16666665456898663,0.1666666733094871
2998,a0385df84ccb64b09339b11995e47b24ba9e13fba82bc959e5cfc01b32df032d,Pest-Damage(513),5,0.9999999999999026,0.16666671990309326,0.16666668191202277,0.16666675911885104,0.1666665831451389,0.16666649356328217,0.16666676235761188
2999,d05aa6cde992f89ab881080d287c6ae8695e07147405d5f12df61cd53a061a40,Pest-Damage(513),4,0.9999999999999922,0.16666665225684804,0.16666666254634216,0.16666664162662073,0.16666668928762124,0.16666671353940998,0.16666664074315782
3000,1a409a8199ef6f54d57a43909e818889936b1a1eb6db39f152f7ac68dc84a5cf,Pest-Damage(513),4,0.9999999999999863,0.16666664727066652,0.16666666110008357,0.16666663300341286,0.1666666970764763,0.16666672971189073,0.16666663183747005
3001,20bf3f402fa3dcc94e2748a74fae144700d9d37ad15aed1c974bb5ef4acbc651,Pest-Damage(513),4,0.9999999999999805,0.16666664312336651,0.16666665993043261,0.16666662576528693,0.16666670361664568,0.1666667432376747,0.16666662432659354
3002,4b3c75261abd822b843482be592251bacf9a1354af4deb3161cf535a22a78e7c,Pest-Damage(513),4,0.9999999999999704,0.16666663754585193,0.16666665833433536,0.1666666160760235,0.16666671236983369,0.16666676137714015,0.16666661429681526
3003,76415694b7b25941227c10cd7b31dbb25128be69162dae8329a0237b607c050e,Pest-Damage(513),4,0.9999999999999817,0.16666664384554844,0.16666666014417644,0.16666662700760332,0.16666670249524487,0.1666667409025859,0.1666666256048411
3004,441502aab7dd3acdfef209ee708fd86e295541e70bc136df2e8736dead7c14b3,Pest-Damage(513),4,0.9999999999999991,0.16666666486295323,0.16666666613695807,0.1666666635610361,0.1666666694715526,0.1666666725012657,0.16666666346623432
3005,f42e276f6a5a89ae6cadd4e9cdab6923bdb8ac79fe4183e6562c29b25a5e5e5e,Pest-Damage(513),4,0.9999999999999893,0.1666666496671671,0.16666666179833828,0.16666663714287142,0.16666669333801634,0.16666672194456825,0.16666663610903854
