timestamp_utc,class,filename,status,elapsed_sec,augmented_files_written,error
2026-07-30T12:02:42.092744+00:00,Anthracnose(102),Anthracnose (1).jpg,processed,1.9445,12,
2026-07-30T12:02:43.174242+00:00,Anthracnose(102),Anthracnose (10).jpg,processed,1.0654,12,
2026-07-30T12:02:44.291534+00:00,Anthracnose(102),Anthracnose (100).jpg,processed,1.1005,12,
2026-07-30T12:04:43.322819+00:00,Anthracnose(102),Anthracnose (1).jpg,skipped,0.0000,0,
2026-07-30T12:04:43.323652+00:00,Anthracnose(102),Anthracnose (10).jpg,skipped,0.0000,0,
2026-07-30T12:04:43.323945+00:00,Anthracnose(102),Anthracnose (100).jpg,skipped,0.0000,0,
2026-07-30T12:04:45.197141+00:00,Anthracnose(102),Anthracnose (101).jpg,processed,1.8549,12,
2026-07-30T12:04:46.618019+00:00,Anthracnose(102),Anthracnose (102).jpg,processed,1.4060,12,
2026-07-30T12:04:47.792810+00:00,Anthracnose(102),Anthracnose (11).jpg,processed,1.1602,12,
2026-07-30T12:04:49.049894+00:00,Anthracnose(102),Anthracnose (12).jpg,processed,1.2420,12,
2026-07-30T12:04:50.187306+00:00,Anthracnose(102),Anthracnose (13).jpg,processed,1.1168,12,
2026-07-30T12:04:50.608615+00:00,Anthracnose(102),Anthracnose (14).jpg,processed,0.4133,12,
2026-07-30T12:04:51.161952+00:00,Anthracnose(102),Anthracnose (15).jpg,processed,0.5447,12,
2026-07-30T12:04:51.767033+00:00,Anthracnose(102),Anthracnose (16).jpg,processed,0.5974,12,
2026-07-30T12:04:52.266623+00:00,Anthracnose(102),Anthracnose (17).jpg,processed,0.4920,12,
2026-07-30T12:04:52.735459+00:00,Anthracnose(102),Anthracnose (18).jpg,processed,0.4597,12,
2026-07-30T12:04:53.404505+00:00,Anthracnose(102),Anthracnose (19).jpg,processed,0.6550,12,
2026-07-30T12:04:54.463349+00:00,Anthracnose(102),Anthracnose (2).jpg,processed,1.0462,12,
2026-07-30T12:04:55.761335+00:00,Anthracnose(102),Anthracnose (20).jpg,processed,1.2803,12,
2026-07-30T12:04:57.304745+00:00,Anthracnose(102),Anthracnose (21).jpg,processed,1.5008,12,
2026-07-30T12:04:59.334930+00:00,Anthracnose(102),Anthracnose (22).JPG,processed,2.0129,12,
2026-07-30T12:05:00.880812+00:00,Anthracnose(102),Anthracnose (23).JPG,processed,1.5290,12,
2026-07-30T12:05:02.478700+00:00,Anthracnose(102),Anthracnose (24).JPG,processed,1.5812,12,
2026-07-30T12:05:04.996026+00:00,Anthracnose(102),Anthracnose (25).JPG,processed,2.4857,12,
2026-07-30T12:05:07.278272+00:00,Anthracnose(102),Anthracnose (26).JPG,processed,2.2569,12,
2026-07-30T12:05:08.134044+00:00,Anthracnose(102),Anthracnose (27).jpg,processed,0.8446,12,
2026-07-30T12:05:09.695898+00:00,Anthracnose(102),Anthracnose (28).jpg,processed,1.5396,12,
2026-07-30T12:05:10.534261+00:00,Anthracnose(102),Anthracnose (29).jpg,processed,0.8276,12,
2026-07-30T12:05:11.471863+00:00,Anthracnose(102),Anthracnose (3).jpg,processed,0.9252,12,
2026-07-30T12:05:12.314252+00:00,Anthracnose(102),Anthracnose (30).jpg,processed,0.8296,12,
2026-07-30T12:05:13.003492+00:00,Anthracnose(102),Anthracnose (31).jpg,processed,0.6800,12,
2026-07-30T12:05:13.740005+00:00,Anthracnose(102),Anthracnose (32).jpg,processed,0.7270,12,
2026-07-30T12:05:14.489001+00:00,Anthracnose(102),Anthracnose (33).jpg,processed,0.7391,12,
2026-07-30T12:05:15.334206+00:00,Anthracnose(102),Anthracnose (34).jpg,processed,0.8353,12,
2026-07-30T12:05:16.039357+00:00,Anthracnose(102),Anthracnose (35).jpg,processed,0.6943,12,
2026-07-30T12:05:16.810348+00:00,Anthracnose(102),Anthracnose (36).jpg,processed,0.7612,12,
2026-07-30T12:05:17.695500+00:00,Anthracnose(102),Anthracnose (37).jpg,processed,0.8727,12,
2026-07-30T12:05:18.586971+00:00,Anthracnose(102),Anthracnose (38).jpg,processed,0.8790,12,
2026-07-30T12:05:19.316276+00:00,Anthracnose(102),Anthracnose (39).jpg,processed,0.7203,12,
2026-07-30T12:05:20.117681+00:00,Anthracnose(102),Anthracnose (4).jpg,processed,0.7904,12,
2026-07-30T12:05:20.840090+00:00,Anthracnose(102),Anthracnose (40).jpg,processed,0.7129,12,
2026-07-30T12:05:21.711963+00:00,Anthracnose(102),Anthracnose (41).jpg,processed,0.8601,12,
2026-07-30T12:05:22.588398+00:00,Anthracnose(102),Anthracnose (42).jpg,processed,0.8615,12,
2026-07-30T12:05:23.499555+00:00,Anthracnose(102),Anthracnose (43).jpg,processed,0.8976,12,
2026-07-30T12:05:24.315481+00:00,Anthracnose(102),Anthracnose (44).jpg,processed,0.8054,12,
2026-07-30T12:05:25.190582+00:00,Anthracnose(102),Anthracnose (45).jpg,processed,0.8653,12,
2026-07-30T12:05:26.391240+00:00,Anthracnose(102),Anthracnose (46).JPG,processed,1.1889,12,
2026-07-30T12:05:27.668955+00:00,Anthracnose(102),Anthracnose (47).JPG,processed,1.2624,12,
2026-07-30T12:05:28.425295+00:00,Anthracnose(102),Anthracnose (48).JPG,processed,0.7468,12,
2026-07-30T12:05:29.437829+00:00,Anthracnose(102),Anthracnose (49).jpg,processed,0.9704,12,
2026-07-30T12:05:30.373628+00:00,Anthracnose(102),Anthracnose (5).jpg,processed,0.9245,12,
2026-07-30T12:05:31.235075+00:00,Anthracnose(102),Anthracnose (50).jpg,processed,0.8504,12,
2026-07-30T12:05:32.041043+00:00,Anthracnose(102),Anthracnose (51).jpg,processed,0.7939,12,
2026-07-30T12:05:32.844113+00:00,Anthracnose(102),Anthracnose (52).jpg,processed,0.7916,12,
2026-07-30T12:05:33.699937+00:00,Anthracnose(102),Anthracnose (53).jpg,processed,0.8413,12,
2026-07-30T12:05:34.559469+00:00,Anthracnose(102),Anthracnose (54).jpg,processed,0.8497,12,
2026-07-30T12:05:35.398802+00:00,Anthracnose(102),Anthracnose (55).jpg,processed,0.8164,12,
2026-07-30T12:05:36.319807+00:00,Anthracnose(102),Anthracnose (56).jpg,processed,0.9090,12,
2026-07-30T12:05:37.275486+00:00,Anthracnose(102),Anthracnose (57).jpg,processed,0.9420,12,
2026-07-30T12:05:38.285074+00:00,Anthracnose(102),Anthracnose (58).jpg,processed,0.9952,12,
2026-07-30T12:05:39.175587+00:00,Anthracnose(102),Anthracnose (59).jpg,processed,0.8805,12,
2026-07-30T12:05:40.038314+00:00,Anthracnose(102),Anthracnose (6).jpg,processed,0.8502,12,
2026-07-30T12:05:40.856412+00:00,Anthracnose(102),Anthracnose (60).jpg,processed,0.8041,12,
2026-07-30T12:05:41.678128+00:00,Anthracnose(102),Anthracnose (61).jpg,processed,0.8078,12,
2026-07-30T12:05:42.529982+00:00,Anthracnose(102),Anthracnose (62).jpg,processed,0.8415,12,
2026-07-30T12:05:43.322661+00:00,Anthracnose(102),Anthracnose (63).jpg,processed,0.7844,12,
2026-07-30T12:05:44.109741+00:00,Anthracnose(102),Anthracnose (64).jpg,processed,0.7764,12,
2026-07-30T12:05:45.232171+00:00,Anthracnose(102),Anthracnose (65).jpg,processed,1.1093,12,
2026-07-30T12:05:46.512711+00:00,Anthracnose(102),Anthracnose (66).jpg,processed,1.2671,12,
2026-07-30T12:05:47.668441+00:00,Anthracnose(102),Anthracnose (67).jpg,processed,1.1397,12,
2026-07-30T12:05:49.386900+00:00,Anthracnose(102),Anthracnose (68).jpg,processed,1.6960,12,
2026-07-30T12:05:50.763977+00:00,Anthracnose(102),Anthracnose (69).jpg,processed,1.3557,12,
2026-07-30T12:05:52.076199+00:00,Anthracnose(102),Anthracnose (7).jpg,processed,1.2993,12,
2026-07-30T12:05:52.870951+00:00,Anthracnose(102),Anthracnose (70).jpg,processed,0.7835,12,
2026-07-30T12:05:53.644360+00:00,Anthracnose(102),Anthracnose (71).jpg,processed,0.7569,12,
2026-07-30T12:05:54.440469+00:00,Anthracnose(102),Anthracnose (72).jpg,processed,0.7854,12,
2026-07-30T12:05:55.252228+00:00,Anthracnose(102),Anthracnose (73).jpg,processed,0.8017,12,
2026-07-30T12:05:56.041358+00:00,Anthracnose(102),Anthracnose (74).jpg,processed,0.7778,12,
2026-07-30T12:05:56.666900+00:00,Anthracnose(102),Anthracnose (75).jpg,processed,0.6155,12,
2026-07-30T12:05:57.267393+00:00,Anthracnose(102),Anthracnose (76).jpg,processed,0.5886,12,
2026-07-30T12:05:57.857392+00:00,Anthracnose(102),Anthracnose (77).jpg,processed,0.5792,12,
2026-07-30T12:05:58.442102+00:00,Anthracnose(102),Anthracnose (78).jpg,processed,0.5751,12,
2026-07-30T12:05:58.965732+00:00,Anthracnose(102),Anthracnose (79).jpg,processed,0.5133,12,
2026-07-30T12:05:59.738085+00:00,Anthracnose(102),Anthracnose (8).jpg,processed,0.7624,12,
2026-07-30T12:06:00.253722+00:00,Anthracnose(102),Anthracnose (80).jpg,processed,0.5084,12,
2026-07-30T12:06:00.730587+00:00,Anthracnose(102),Anthracnose (81).jpg,processed,0.4692,12,
2026-07-30T12:06:01.240607+00:00,Anthracnose(102),Anthracnose (82).jpg,processed,0.5021,12,
2026-07-30T12:06:01.721281+00:00,Anthracnose(102),Anthracnose (83).jpg,processed,0.4735,12,
2026-07-30T12:06:02.181728+00:00,Anthracnose(102),Anthracnose (84).jpg,processed,0.4534,12,
2026-07-30T12:06:02.854629+00:00,Anthracnose(102),Anthracnose (85).jpg,processed,0.6629,12,
2026-07-30T12:06:03.405052+00:00,Anthracnose(102),Anthracnose (86).jpg,processed,0.5411,12,
2026-07-30T12:06:04.168525+00:00,Anthracnose(102),Anthracnose (87).jpg,processed,0.7553,12,
2026-07-30T12:06:04.752524+00:00,Anthracnose(102),Anthracnose (88).jpg,processed,0.5713,12,
2026-07-30T12:06:05.445501+00:00,Anthracnose(102),Anthracnose (89).jpg,processed,0.6807,12,
2026-07-30T12:06:06.025363+00:00,Anthracnose(102),Anthracnose (9).jpg,processed,0.5690,12,
2026-07-30T12:06:06.637855+00:00,Anthracnose(102),Anthracnose (90).jpg,processed,0.6032,12,
2026-07-30T12:06:07.176374+00:00,Anthracnose(102),Anthracnose (91).jpg,processed,0.5285,12,
2026-07-30T12:06:07.729446+00:00,Anthracnose(102),Anthracnose (92).jpg,processed,0.5451,12,
2026-07-30T12:06:08.255777+00:00,Anthracnose(102),Anthracnose (93).jpg,processed,0.5167,12,
2026-07-30T12:06:08.810081+00:00,Anthracnose(102),Anthracnose (94).jpg,processed,0.5467,12,
2026-07-30T12:06:09.352090+00:00,Anthracnose(102),Anthracnose (95).jpg,processed,0.5327,12,
2026-07-30T12:06:09.926577+00:00,Anthracnose(102),Anthracnose (96).jpg,processed,0.5643,12,
2026-07-30T12:06:10.516740+00:00,Anthracnose(102),Anthracnose (97).jpg,processed,0.5811,12,
2026-07-30T12:06:11.095177+00:00,Anthracnose(102),Anthracnose (98).jpg,processed,0.5673,12,
2026-07-30T12:06:11.694604+00:00,Anthracnose(102),Anthracnose (99).jpg,processed,0.5890,12,
2026-07-30T12:06:11.993683+00:00,Bacterial-Spot(752),Bacterial-Spot (1).jpg,processed,0.2949,12,
2026-07-30T12:06:12.255135+00:00,Bacterial-Spot(752),Bacterial-Spot (10).jpg,processed,0.2576,12,
2026-07-30T12:06:12.514155+00:00,Bacterial-Spot(752),Bacterial-Spot (100).jpg,processed,0.2544,12,
2026-07-30T12:06:12.749797+00:00,Bacterial-Spot(752),Bacterial-Spot (101).jpg,processed,0.2312,12,
2026-07-30T12:06:12.984596+00:00,Bacterial-Spot(752),Bacterial-Spot (102).jpg,processed,0.2307,12,
2026-07-30T12:06:13.217282+00:00,Bacterial-Spot(752),Bacterial-Spot (103).jpg,processed,0.2284,12,
2026-07-30T12:06:13.442833+00:00,Bacterial-Spot(752),Bacterial-Spot (104).jpg,processed,0.2208,12,
2026-07-30T12:06:13.669219+00:00,Bacterial-Spot(752),Bacterial-Spot (105).jpg,processed,0.2221,12,
2026-07-30T12:06:13.896871+00:00,Bacterial-Spot(752),Bacterial-Spot (106).jpg,processed,0.2230,12,
2026-07-30T12:06:14.147066+00:00,Bacterial-Spot(752),Bacterial-Spot (107).jpg,processed,0.2459,12,
2026-07-30T12:06:14.400791+00:00,Bacterial-Spot(752),Bacterial-Spot (108).jpg,processed,0.2486,12,
2026-07-30T12:06:14.641339+00:00,Bacterial-Spot(752),Bacterial-Spot (109).jpg,processed,0.2349,12,
2026-07-30T12:06:15.053346+00:00,Bacterial-Spot(752),Bacterial-Spot (11).jpg,processed,0.4053,12,
2026-07-30T12:06:15.356352+00:00,Bacterial-Spot(752),Bacterial-Spot (110).jpg,processed,0.2980,12,
2026-07-30T12:06:15.604895+00:00,Bacterial-Spot(752),Bacterial-Spot (111).jpg,processed,0.2438,12,
2026-07-30T12:06:15.845796+00:00,Bacterial-Spot(752),Bacterial-Spot (112).jpg,processed,0.2363,12,
2026-07-30T12:06:16.099968+00:00,Bacterial-Spot(752),Bacterial-Spot (113).jpg,processed,0.2500,12,
2026-07-30T12:06:16.336099+00:00,Bacterial-Spot(752),Bacterial-Spot (114).jpg,processed,0.2317,12,
2026-07-30T12:06:16.580364+00:00,Bacterial-Spot(752),Bacterial-Spot (115).jpg,processed,0.2400,12,
2026-07-30T12:06:16.830241+00:00,Bacterial-Spot(752),Bacterial-Spot (116).jpg,processed,0.2458,12,
2026-07-30T12:06:17.072243+00:00,Bacterial-Spot(752),Bacterial-Spot (117).jpg,processed,0.2372,12,
2026-07-30T12:06:17.317410+00:00,Bacterial-Spot(752),Bacterial-Spot (118).jpg,processed,0.2403,12,
2026-07-30T12:06:17.550055+00:00,Bacterial-Spot(752),Bacterial-Spot (119).jpg,processed,0.2284,12,
2026-07-30T12:06:17.837319+00:00,Bacterial-Spot(752),Bacterial-Spot (12).jpg,processed,0.2826,12,
2026-07-30T12:06:18.256697+00:00,Bacterial-Spot(752),Bacterial-Spot (120).jpg,processed,0.4153,12,
2026-07-30T12:06:18.535445+00:00,Bacterial-Spot(752),Bacterial-Spot (121).jpg,processed,0.2737,12,
2026-07-30T12:06:18.791831+00:00,Bacterial-Spot(752),Bacterial-Spot (122).jpg,processed,0.2515,12,
2026-07-30T12:06:19.068975+00:00,Bacterial-Spot(752),Bacterial-Spot (123).jpg,processed,0.2719,12,
2026-07-30T12:06:19.355539+00:00,Bacterial-Spot(752),Bacterial-Spot (124).jpg,processed,0.2784,12,
2026-07-30T12:06:19.690708+00:00,Bacterial-Spot(752),Bacterial-Spot (125).jpg,processed,0.3299,12,
2026-07-30T12:06:20.003040+00:00,Bacterial-Spot(752),Bacterial-Spot (126).jpg,processed,0.3063,12,
2026-07-30T12:06:20.292690+00:00,Bacterial-Spot(752),Bacterial-Spot (127).jpg,processed,0.2835,12,
2026-07-30T12:06:20.584536+00:00,Bacterial-Spot(752),Bacterial-Spot (128).jpg,processed,0.2869,12,
2026-07-30T12:06:20.876969+00:00,Bacterial-Spot(752),Bacterial-Spot (129).jpg,processed,0.2801,12,
2026-07-30T12:06:21.179723+00:00,Bacterial-Spot(752),Bacterial-Spot (13).jpg,processed,0.2981,12,
2026-07-30T12:06:21.463197+00:00,Bacterial-Spot(752),Bacterial-Spot (130).jpg,processed,0.2791,12,
2026-07-30T12:06:21.730518+00:00,Bacterial-Spot(752),Bacterial-Spot (131).jpg,processed,0.2627,12,
2026-07-30T12:06:21.978712+00:00,Bacterial-Spot(752),Bacterial-Spot (132).jpg,processed,0.2439,12,
2026-07-30T12:06:22.329954+00:00,Bacterial-Spot(752),Bacterial-Spot (133).jpg,processed,0.3451,12,
2026-07-30T12:06:22.620917+00:00,Bacterial-Spot(752),Bacterial-Spot (134).jpg,processed,0.2850,12,
2026-07-30T12:06:22.925938+00:00,Bacterial-Spot(752),Bacterial-Spot (135).jpg,processed,0.3004,12,
2026-07-30T12:06:23.180698+00:00,Bacterial-Spot(752),Bacterial-Spot (136).jpg,processed,0.2503,12,
2026-07-30T12:06:23.439076+00:00,Bacterial-Spot(752),Bacterial-Spot (137).jpg,processed,0.2494,12,
2026-07-30T12:06:23.718700+00:00,Bacterial-Spot(752),Bacterial-Spot (138).jpg,processed,0.2736,12,
2026-07-30T12:06:24.004091+00:00,Bacterial-Spot(752),Bacterial-Spot (139).jpg,processed,0.2799,12,
2026-07-30T12:06:24.382075+00:00,Bacterial-Spot(752),Bacterial-Spot (14).jpg,processed,0.3740,12,
2026-07-30T12:06:24.662899+00:00,Bacterial-Spot(752),Bacterial-Spot (140).jpg,processed,0.2761,12,
2026-07-30T12:06:24.923919+00:00,Bacterial-Spot(752),Bacterial-Spot (141).jpg,processed,0.2565,12,
2026-07-30T12:06:25.184068+00:00,Bacterial-Spot(752),Bacterial-Spot (142).jpg,processed,0.2551,12,
2026-07-30T12:06:25.526482+00:00,Bacterial-Spot(752),Bacterial-Spot (143).jpg,processed,0.3366,12,
2026-07-30T12:06:25.768386+00:00,Bacterial-Spot(752),Bacterial-Spot (144).jpg,processed,0.2373,12,
2026-07-30T12:06:26.014100+00:00,Bacterial-Spot(752),Bacterial-Spot (145).jpg,processed,0.2410,12,
2026-07-30T12:06:26.287402+00:00,Bacterial-Spot(752),Bacterial-Spot (146).jpg,processed,0.2688,12,
2026-07-30T12:06:26.545878+00:00,Bacterial-Spot(752),Bacterial-Spot (147).jpg,processed,0.2527,12,
2026-07-30T12:06:26.813038+00:00,Bacterial-Spot(752),Bacterial-Spot (148).jpg,processed,0.2621,12,
2026-07-30T12:06:27.055065+00:00,Bacterial-Spot(752),Bacterial-Spot (149).jpg,processed,0.2378,12,
2026-07-30T12:06:27.368808+00:00,Bacterial-Spot(752),Bacterial-Spot (15).jpg,processed,0.3088,12,
2026-07-30T12:06:27.630809+00:00,Bacterial-Spot(752),Bacterial-Spot (150).jpg,processed,0.2573,12,
2026-07-30T12:06:27.928918+00:00,Bacterial-Spot(752),Bacterial-Spot (151).jpg,processed,0.2936,12,
2026-07-30T12:06:28.171835+00:00,Bacterial-Spot(752),Bacterial-Spot (152).jpg,processed,0.2389,12,
2026-07-30T12:06:28.412201+00:00,Bacterial-Spot(752),Bacterial-Spot (153).jpg,processed,0.2355,12,
2026-07-30T12:06:28.671300+00:00,Bacterial-Spot(752),Bacterial-Spot (154).jpg,processed,0.2545,12,
2026-07-30T12:06:28.910050+00:00,Bacterial-Spot(752),Bacterial-Spot (155).jpg,processed,0.2319,12,
2026-07-30T12:06:29.212050+00:00,Bacterial-Spot(752),Bacterial-Spot (156).jpg,processed,0.2968,12,
2026-07-30T12:06:29.479941+00:00,Bacterial-Spot(752),Bacterial-Spot (157).jpg,processed,0.2638,12,
2026-07-30T12:06:29.759492+00:00,Bacterial-Spot(752),Bacterial-Spot (158).jpg,processed,0.2752,12,
2026-07-30T12:06:30.021918+00:00,Bacterial-Spot(752),Bacterial-Spot (159).jpg,processed,0.2578,12,
2026-07-30T12:06:30.333090+00:00,Bacterial-Spot(752),Bacterial-Spot (16).jpg,processed,0.3066,12,
2026-07-30T12:06:30.618850+00:00,Bacterial-Spot(752),Bacterial-Spot (160).jpg,processed,0.2809,12,
2026-07-30T12:06:30.909172+00:00,Bacterial-Spot(752),Bacterial-Spot (161).jpg,processed,0.2860,12,
2026-07-30T12:06:31.169663+00:00,Bacterial-Spot(752),Bacterial-Spot (162).jpg,processed,0.2552,12,
2026-07-30T12:06:31.424675+00:00,Bacterial-Spot(752),Bacterial-Spot (163).jpg,processed,0.2506,12,
2026-07-30T12:06:31.751016+00:00,Bacterial-Spot(752),Bacterial-Spot (164).jpg,processed,0.3218,12,
2026-07-30T12:06:31.998456+00:00,Bacterial-Spot(752),Bacterial-Spot (165).jpg,processed,0.2428,12,
2026-07-30T12:06:32.252708+00:00,Bacterial-Spot(752),Bacterial-Spot (166).jpg,processed,0.2486,12,
2026-07-30T12:06:32.528839+00:00,Bacterial-Spot(752),Bacterial-Spot (167).jpg,processed,0.2718,12,
2026-07-30T12:06:32.810989+00:00,Bacterial-Spot(752),Bacterial-Spot (168).jpg,processed,0.2778,12,
2026-07-30T12:06:33.079655+00:00,Bacterial-Spot(752),Bacterial-Spot (169).jpg,processed,0.2646,12,
2026-07-30T12:06:33.348211+00:00,Bacterial-Spot(752),Bacterial-Spot (17).jpg,processed,0.2640,12,
2026-07-30T12:06:33.610693+00:00,Bacterial-Spot(752),Bacterial-Spot (170).jpg,processed,0.2574,12,
2026-07-30T12:06:33.878132+00:00,Bacterial-Spot(752),Bacterial-Spot (171).jpg,processed,0.2617,12,
2026-07-30T12:06:34.131909+00:00,Bacterial-Spot(752),Bacterial-Spot (172).jpg,processed,0.2488,12,
2026-07-30T12:06:34.447203+00:00,Bacterial-Spot(752),Bacterial-Spot (173).jpg,processed,0.3102,12,
2026-07-30T12:06:34.702355+00:00,Bacterial-Spot(752),Bacterial-Spot (174).jpg,processed,0.2480,12,
2026-07-30T12:06:34.980657+00:00,Bacterial-Spot(752),Bacterial-Spot (175).jpg,processed,0.2732,12,
2026-07-30T12:06:35.246606+00:00,Bacterial-Spot(752),Bacterial-Spot (176).jpg,processed,0.2555,12,
2026-07-30T12:06:35.520368+00:00,Bacterial-Spot(752),Bacterial-Spot (177).jpg,processed,0.2683,12,
2026-07-30T12:06:35.758465+00:00,Bacterial-Spot(752),Bacterial-Spot (178).jpg,processed,0.2336,12,
2026-07-30T12:06:36.041725+00:00,Bacterial-Spot(752),Bacterial-Spot (179).jpg,processed,0.2793,12,
2026-07-30T12:06:36.308711+00:00,Bacterial-Spot(752),Bacterial-Spot (18).jpg,processed,0.2624,12,
2026-07-30T12:06:36.558622+00:00,Bacterial-Spot(752),Bacterial-Spot (180).jpg,processed,0.2450,12,
2026-07-30T12:06:36.822318+00:00,Bacterial-Spot(752),Bacterial-Spot (181).jpg,processed,0.2579,12,
2026-07-30T12:06:37.133852+00:00,Bacterial-Spot(752),Bacterial-Spot (182).jpg,processed,0.3039,12,
2026-07-30T12:06:37.460608+00:00,Bacterial-Spot(752),Bacterial-Spot (183).jpg,processed,0.3220,12,
2026-07-30T12:06:37.763795+00:00,Bacterial-Spot(752),Bacterial-Spot (184).jpg,processed,0.2990,12,
2026-07-30T12:06:38.023490+00:00,Bacterial-Spot(752),Bacterial-Spot (185).jpg,processed,0.2542,12,
2026-07-30T12:06:38.258203+00:00,Bacterial-Spot(752),Bacterial-Spot (186).jpg,processed,0.2290,12,
2026-07-30T12:06:38.523246+00:00,Bacterial-Spot(752),Bacterial-Spot (187).jpg,processed,0.2595,12,
2026-07-30T12:06:38.760137+00:00,Bacterial-Spot(752),Bacterial-Spot (188).jpg,processed,0.2326,12,
2026-07-30T12:06:39.017643+00:00,Bacterial-Spot(752),Bacterial-Spot (189).jpg,processed,0.2528,12,
2026-07-30T12:06:39.319703+00:00,Bacterial-Spot(752),Bacterial-Spot (19).jpg,processed,0.2981,12,
2026-07-30T12:06:39.547791+00:00,Bacterial-Spot(752),Bacterial-Spot (190).jpg,processed,0.2240,12,
2026-07-30T12:06:39.777972+00:00,Bacterial-Spot(752),Bacterial-Spot (191).jpg,processed,0.2256,12,
2026-07-30T12:06:40.035650+00:00,Bacterial-Spot(752),Bacterial-Spot (192).jpg,processed,0.2533,12,
2026-07-30T12:06:40.271639+00:00,Bacterial-Spot(752),Bacterial-Spot (193).jpg,processed,0.2311,12,
2026-07-30T12:06:40.510413+00:00,Bacterial-Spot(752),Bacterial-Spot (194).jpg,processed,0.2337,12,
2026-07-30T12:06:40.770673+00:00,Bacterial-Spot(752),Bacterial-Spot (195).jpg,processed,0.2557,12,
2026-07-30T12:06:41.003095+00:00,Bacterial-Spot(752),Bacterial-Spot (196).jpg,processed,0.2282,12,
2026-07-30T12:06:41.287466+00:00,Bacterial-Spot(752),Bacterial-Spot (197).jpg,processed,0.2799,12,
2026-07-30T12:06:41.544498+00:00,Bacterial-Spot(752),Bacterial-Spot (198).jpg,processed,0.2523,12,
2026-07-30T12:06:41.808751+00:00,Bacterial-Spot(752),Bacterial-Spot (199).jpg,processed,0.2598,12,
2026-07-30T12:06:42.087698+00:00,Bacterial-Spot(752),Bacterial-Spot (2).jpg,processed,0.2746,12,
2026-07-30T12:06:42.339918+00:00,Bacterial-Spot(752),Bacterial-Spot (20).jpg,processed,0.2476,12,
2026-07-30T12:06:42.624491+00:00,Bacterial-Spot(752),Bacterial-Spot (200).jpg,processed,0.2798,12,
2026-07-30T12:06:42.880822+00:00,Bacterial-Spot(752),Bacterial-Spot (201).jpg,processed,0.2508,12,
2026-07-30T12:06:43.136680+00:00,Bacterial-Spot(752),Bacterial-Spot (202).jpg,processed,0.2505,12,
2026-07-30T12:06:43.421047+00:00,Bacterial-Spot(752),Bacterial-Spot (203).jpg,processed,0.2791,12,
2026-07-30T12:06:43.683742+00:00,Bacterial-Spot(752),Bacterial-Spot (204).jpg,processed,0.2581,12,
2026-07-30T12:06:43.964609+00:00,Bacterial-Spot(752),Bacterial-Spot (205).jpg,processed,0.2768,12,
2026-07-30T12:06:44.220934+00:00,Bacterial-Spot(752),Bacterial-Spot (206).jpg,processed,0.2526,12,
2026-07-30T12:06:44.508534+00:00,Bacterial-Spot(752),Bacterial-Spot (207).jpg,processed,0.2825,12,
2026-07-30T12:06:44.797515+00:00,Bacterial-Spot(752),Bacterial-Spot (208).jpg,processed,0.2838,12,
2026-07-30T12:06:45.053059+00:00,Bacterial-Spot(752),Bacterial-Spot (209).jpg,processed,0.2506,12,
2026-07-30T12:06:45.339299+00:00,Bacterial-Spot(752),Bacterial-Spot (21).jpg,processed,0.2810,12,
2026-07-30T12:06:45.594637+00:00,Bacterial-Spot(752),Bacterial-Spot (210).jpg,processed,0.2493,12,
2026-07-30T12:06:46.022888+00:00,Bacterial-Spot(752),Bacterial-Spot (211).jpg,processed,0.4237,12,
2026-07-30T12:06:46.303685+00:00,Bacterial-Spot(752),Bacterial-Spot (212).jpg,processed,0.2754,12,
2026-07-30T12:06:46.566317+00:00,Bacterial-Spot(752),Bacterial-Spot (213).jpg,processed,0.2579,12,
2026-07-30T12:06:46.847911+00:00,Bacterial-Spot(752),Bacterial-Spot (214).jpg,processed,0.2771,12,
2026-07-30T12:06:47.103650+00:00,Bacterial-Spot(752),Bacterial-Spot (215).jpg,processed,0.2517,12,
2026-07-30T12:06:47.386425+00:00,Bacterial-Spot(752),Bacterial-Spot (216).jpg,processed,0.2778,12,
2026-07-30T12:06:47.711796+00:00,Bacterial-Spot(752),Bacterial-Spot (217).jpg,processed,0.3193,12,
2026-07-30T12:06:48.027970+00:00,Bacterial-Spot(752),Bacterial-Spot (218).jpg,processed,0.3073,12,
2026-07-30T12:06:48.427104+00:00,Bacterial-Spot(752),Bacterial-Spot (219).jpg,processed,0.3944,12,
2026-07-30T12:06:48.812246+00:00,Bacterial-Spot(752),Bacterial-Spot (22).jpg,processed,0.3805,12,
2026-07-30T12:06:49.133278+00:00,Bacterial-Spot(752),Bacterial-Spot (220).jpg,processed,0.3165,12,
2026-07-30T12:06:49.478043+00:00,Bacterial-Spot(752),Bacterial-Spot (221).jpg,processed,0.3398,12,
2026-07-30T12:06:49.855089+00:00,Bacterial-Spot(752),Bacterial-Spot (222).jpg,processed,0.3723,12,
2026-07-30T12:06:50.146541+00:00,Bacterial-Spot(752),Bacterial-Spot (223).jpg,processed,0.2870,12,
2026-07-30T12:06:50.412237+00:00,Bacterial-Spot(752),Bacterial-Spot (224).jpg,processed,0.2614,12,
2026-07-30T12:06:50.677704+00:00,Bacterial-Spot(752),Bacterial-Spot (225).jpg,processed,0.2605,12,
2026-07-30T12:06:50.968685+00:00,Bacterial-Spot(752),Bacterial-Spot (226).jpg,processed,0.2862,12,
2026-07-30T12:06:51.230576+00:00,Bacterial-Spot(752),Bacterial-Spot (227).jpg,processed,0.2578,12,
2026-07-30T12:06:51.519870+00:00,Bacterial-Spot(752),Bacterial-Spot (228).jpg,processed,0.2834,12,
2026-07-30T12:06:51.779655+00:00,Bacterial-Spot(752),Bacterial-Spot (229).jpg,processed,0.2551,12,
2026-07-30T12:06:52.054571+00:00,Bacterial-Spot(752),Bacterial-Spot (23).jpg,processed,0.2705,12,
2026-07-30T12:06:52.344508+00:00,Bacterial-Spot(752),Bacterial-Spot (230).jpg,processed,0.2852,12,
2026-07-30T12:06:52.649328+00:00,Bacterial-Spot(752),Bacterial-Spot (231).jpg,processed,0.2976,12,
2026-07-30T12:06:52.961610+00:00,Bacterial-Spot(752),Bacterial-Spot (232).jpg,processed,0.3078,12,
2026-07-30T12:06:53.265990+00:00,Bacterial-Spot(752),Bacterial-Spot (233).jpg,processed,0.2973,12,
2026-07-30T12:06:53.591917+00:00,Bacterial-Spot(752),Bacterial-Spot (234).jpg,processed,0.3205,12,
2026-07-30T12:06:53.881960+00:00,Bacterial-Spot(752),Bacterial-Spot (235).jpg,processed,0.2847,12,
2026-07-30T12:06:54.166857+00:00,Bacterial-Spot(752),Bacterial-Spot (236).jpg,processed,0.2804,12,
2026-07-30T12:06:54.469729+00:00,Bacterial-Spot(752),Bacterial-Spot (237).jpg,processed,0.2981,12,
2026-07-30T12:06:54.882858+00:00,Bacterial-Spot(752),Bacterial-Spot (238).jpg,processed,0.4067,12,
2026-07-30T12:06:55.291655+00:00,Bacterial-Spot(752),Bacterial-Spot (239).jpg,processed,0.4032,12,
2026-07-30T12:06:55.566280+00:00,Bacterial-Spot(752),Bacterial-Spot (24).jpg,processed,0.2697,12,
2026-07-30T12:06:55.875046+00:00,Bacterial-Spot(752),Bacterial-Spot (240).jpg,processed,0.3040,12,
2026-07-30T12:06:56.171766+00:00,Bacterial-Spot(752),Bacterial-Spot (241).jpg,processed,0.2919,12,
2026-07-30T12:06:56.474561+00:00,Bacterial-Spot(752),Bacterial-Spot (242).jpg,processed,0.2988,12,
2026-07-30T12:06:56.751830+00:00,Bacterial-Spot(752),Bacterial-Spot (243).jpg,processed,0.2724,12,
2026-07-30T12:06:57.049275+00:00,Bacterial-Spot(752),Bacterial-Spot (244).jpg,processed,0.2920,12,
2026-07-30T12:06:57.312881+00:00,Bacterial-Spot(752),Bacterial-Spot (245).jpg,processed,0.2589,12,
2026-07-30T12:06:57.596941+00:00,Bacterial-Spot(752),Bacterial-Spot (246).jpg,processed,0.2783,12,
2026-07-30T12:06:57.869628+00:00,Bacterial-Spot(752),Bacterial-Spot (247).jpg,processed,0.2680,12,
2026-07-30T12:06:58.146216+00:00,Bacterial-Spot(752),Bacterial-Spot (248).jpg,processed,0.2728,12,
2026-07-30T12:06:58.440699+00:00,Bacterial-Spot(752),Bacterial-Spot (249).jpg,processed,0.2897,12,
2026-07-30T12:06:58.718184+00:00,Bacterial-Spot(752),Bacterial-Spot (25).jpg,processed,0.2695,12,
2026-07-30T12:06:59.027600+00:00,Bacterial-Spot(752),Bacterial-Spot (250).jpg,processed,0.2965,12,
2026-07-30T12:06:59.312374+00:00,Bacterial-Spot(752),Bacterial-Spot (251).jpg,processed,0.2799,12,
2026-07-30T12:06:59.614008+00:00,Bacterial-Spot(752),Bacterial-Spot (252).jpg,processed,0.2969,12,
2026-07-30T12:06:59.879872+00:00,Bacterial-Spot(752),Bacterial-Spot (253).jpg,processed,0.2611,12,
2026-07-30T12:07:00.180922+00:00,Bacterial-Spot(752),Bacterial-Spot (254).jpg,processed,0.2966,12,
2026-07-30T12:07:00.439513+00:00,Bacterial-Spot(752),Bacterial-Spot (255).jpg,processed,0.2527,12,
2026-07-30T12:07:00.728383+00:00,Bacterial-Spot(752),Bacterial-Spot (256).jpg,processed,0.2806,12,
2026-07-30T12:07:01.011162+00:00,Bacterial-Spot(752),Bacterial-Spot (257).jpg,processed,0.2730,12,
2026-07-30T12:07:01.284476+00:00,Bacterial-Spot(752),Bacterial-Spot (258).jpg,processed,0.2688,12,
2026-07-30T12:07:01.572542+00:00,Bacterial-Spot(752),Bacterial-Spot (259).jpg,processed,0.2833,12,
2026-07-30T12:07:01.833787+00:00,Bacterial-Spot(752),Bacterial-Spot (26).jpg,processed,0.2577,12,
2026-07-30T12:07:02.127022+00:00,Bacterial-Spot(752),Bacterial-Spot (260).jpg,processed,0.2886,12,
2026-07-30T12:07:02.392838+00:00,Bacterial-Spot(752),Bacterial-Spot (261).jpg,processed,0.2607,12,
2026-07-30T12:07:02.791824+00:00,Bacterial-Spot(752),Bacterial-Spot (262).jpg,processed,0.3927,12,
2026-07-30T12:07:03.098012+00:00,Bacterial-Spot(752),Bacterial-Spot (263).jpg,processed,0.3009,12,
2026-07-30T12:07:03.401827+00:00,Bacterial-Spot(752),Bacterial-Spot (264).jpg,processed,0.2990,12,
2026-07-30T12:07:03.672049+00:00,Bacterial-Spot(752),Bacterial-Spot (265).jpg,processed,0.2655,12,
2026-07-30T12:07:03.938578+00:00,Bacterial-Spot(752),Bacterial-Spot (266).jpg,processed,0.2606,12,
2026-07-30T12:07:04.212976+00:00,Bacterial-Spot(752),Bacterial-Spot (267).jpg,processed,0.2699,12,
2026-07-30T12:07:04.463940+00:00,Bacterial-Spot(752),Bacterial-Spot (268).jpg,processed,0.2453,12,
2026-07-30T12:07:04.786182+00:00,Bacterial-Spot(752),Bacterial-Spot (269).jpg,processed,0.3173,12,
2026-07-30T12:07:05.036282+00:00,Bacterial-Spot(752),Bacterial-Spot (27).jpg,processed,0.2457,12,
2026-07-30T12:07:05.322849+00:00,Bacterial-Spot(752),Bacterial-Spot (270).jpg,processed,0.2824,12,
2026-07-30T12:07:05.580997+00:00,Bacterial-Spot(752),Bacterial-Spot (271).jpg,processed,0.2531,12,
2026-07-30T12:07:05.860964+00:00,Bacterial-Spot(752),Bacterial-Spot (272).jpg,processed,0.2750,12,
2026-07-30T12:07:06.107797+00:00,Bacterial-Spot(752),Bacterial-Spot (273).jpg,processed,0.2405,12,
2026-07-30T12:07:06.390345+00:00,Bacterial-Spot(752),Bacterial-Spot (274).jpg,processed,0.2780,12,
2026-07-30T12:07:06.632267+00:00,Bacterial-Spot(752),Bacterial-Spot (275).jpg,processed,0.2373,12,
2026-07-30T12:07:06.900453+00:00,Bacterial-Spot(752),Bacterial-Spot (276).jpg,processed,0.2642,12,
2026-07-30T12:07:07.147706+00:00,Bacterial-Spot(752),Bacterial-Spot (277).jpg,processed,0.2410,12,
2026-07-30T12:07:07.390435+00:00,Bacterial-Spot(752),Bacterial-Spot (278).jpg,processed,0.2367,12,
2026-07-30T12:07:07.662154+00:00,Bacterial-Spot(752),Bacterial-Spot (279).jpg,processed,0.2669,12,
2026-07-30T12:07:07.916895+00:00,Bacterial-Spot(752),Bacterial-Spot (28).jpg,processed,0.2508,12,
2026-07-30T12:07:08.191430+00:00,Bacterial-Spot(752),Bacterial-Spot (280).jpg,processed,0.2698,12,
2026-07-30T12:07:08.436885+00:00,Bacterial-Spot(752),Bacterial-Spot (281).jpg,processed,0.2404,12,
2026-07-30T12:07:08.711994+00:00,Bacterial-Spot(752),Bacterial-Spot (282).jpg,processed,0.2695,12,
2026-07-30T12:07:08.962280+00:00,Bacterial-Spot(752),Bacterial-Spot (283).jpg,processed,0.2458,12,
2026-07-30T12:07:09.208256+00:00,Bacterial-Spot(752),Bacterial-Spot (284).jpg,processed,0.2416,12,
2026-07-30T12:07:09.478864+00:00,Bacterial-Spot(752),Bacterial-Spot (285).jpg,processed,0.2664,12,
2026-07-30T12:07:09.726892+00:00,Bacterial-Spot(752),Bacterial-Spot (286).jpg,processed,0.2433,12,
2026-07-30T12:07:10.003691+00:00,Bacterial-Spot(752),Bacterial-Spot (287).jpg,processed,0.2731,12,
2026-07-30T12:07:10.249768+00:00,Bacterial-Spot(752),Bacterial-Spot (288).jpg,processed,0.2413,12,
2026-07-30T12:07:10.512135+00:00,Bacterial-Spot(752),Bacterial-Spot (289).jpg,processed,0.2575,12,
2026-07-30T12:07:10.765262+00:00,Bacterial-Spot(752),Bacterial-Spot (29).jpg,processed,0.2487,12,
2026-07-30T12:07:11.007807+00:00,Bacterial-Spot(752),Bacterial-Spot (290).jpg,processed,0.2378,12,
2026-07-30T12:07:11.287978+00:00,Bacterial-Spot(752),Bacterial-Spot (291).jpg,processed,0.2753,12,
2026-07-30T12:07:11.538289+00:00,Bacterial-Spot(752),Bacterial-Spot (292).jpg,processed,0.2455,12,
2026-07-30T12:07:11.814004+00:00,Bacterial-Spot(752),Bacterial-Spot (293).jpg,processed,0.2708,12,
2026-07-30T12:07:12.067599+00:00,Bacterial-Spot(752),Bacterial-Spot (294).jpg,processed,0.2489,12,
2026-07-30T12:07:12.339479+00:00,Bacterial-Spot(752),Bacterial-Spot (295).jpg,processed,0.2663,12,
2026-07-30T12:07:12.592489+00:00,Bacterial-Spot(752),Bacterial-Spot (296).jpg,processed,0.2477,12,
2026-07-30T12:07:12.846419+00:00,Bacterial-Spot(752),Bacterial-Spot (297).jpg,processed,0.2485,12,
2026-07-30T12:07:13.119218+00:00,Bacterial-Spot(752),Bacterial-Spot (298).jpg,processed,0.2684,12,
2026-07-30T12:07:13.368384+00:00,Bacterial-Spot(752),Bacterial-Spot (299).jpg,processed,0.2449,12,
2026-07-30T12:07:13.634758+00:00,Bacterial-Spot(752),Bacterial-Spot (3).jpg,processed,0.2625,12,
2026-07-30T12:07:13.882586+00:00,Bacterial-Spot(752),Bacterial-Spot (30).jpg,processed,0.2438,12,
2026-07-30T12:07:14.132155+00:00,Bacterial-Spot(752),Bacterial-Spot (300).jpg,processed,0.2451,12,
2026-07-30T12:07:14.398748+00:00,Bacterial-Spot(752),Bacterial-Spot (301).jpg,processed,0.2623,12,
2026-07-30T12:07:14.647981+00:00,Bacterial-Spot(752),Bacterial-Spot (302).jpg,processed,0.2451,12,
2026-07-30T12:07:14.956633+00:00,Bacterial-Spot(752),Bacterial-Spot (303).jpg,processed,0.3025,12,
2026-07-30T12:07:15.198467+00:00,Bacterial-Spot(752),Bacterial-Spot (304).jpg,processed,0.2369,12,
2026-07-30T12:07:15.472882+00:00,Bacterial-Spot(752),Bacterial-Spot (305).jpg,processed,0.2698,12,
2026-07-30T12:07:15.724599+00:00,Bacterial-Spot(752),Bacterial-Spot (306).jpg,processed,0.2471,12,
2026-07-30T12:07:15.970620+00:00,Bacterial-Spot(752),Bacterial-Spot (307).jpg,processed,0.2415,12,
2026-07-30T12:07:16.245199+00:00,Bacterial-Spot(752),Bacterial-Spot (308).jpg,processed,0.2693,12,
2026-07-30T12:07:16.502024+00:00,Bacterial-Spot(752),Bacterial-Spot (309).jpg,processed,0.2524,12,
2026-07-30T12:07:16.770611+00:00,Bacterial-Spot(752),Bacterial-Spot (31).jpg,processed,0.2646,12,
2026-07-30T12:07:17.024322+00:00,Bacterial-Spot(752),Bacterial-Spot (310).jpg,processed,0.2490,12,
2026-07-30T12:07:17.279769+00:00,Bacterial-Spot(752),Bacterial-Spot (311).jpg,processed,0.2503,12,
2026-07-30T12:07:17.559134+00:00,Bacterial-Spot(752),Bacterial-Spot (312).jpg,processed,0.2746,12,
2026-07-30T12:07:17.806499+00:00,Bacterial-Spot(752),Bacterial-Spot (313).jpg,processed,0.2426,12,
2026-07-30T12:07:18.076948+00:00,Bacterial-Spot(752),Bacterial-Spot (314).jpg,processed,0.2653,12,
2026-07-30T12:07:18.350321+00:00,Bacterial-Spot(752),Bacterial-Spot (315).jpg,processed,0.2688,12,
2026-07-30T12:07:18.609289+00:00,Bacterial-Spot(752),Bacterial-Spot (316).jpg,processed,0.2549,12,
2026-07-30T12:07:18.871727+00:00,Bacterial-Spot(752),Bacterial-Spot (317).jpg,processed,0.2578,12,
2026-07-30T12:07:19.114614+00:00,Bacterial-Spot(752),Bacterial-Spot (318).jpg,processed,0.2385,12,
2026-07-30T12:07:19.389435+00:00,Bacterial-Spot(752),Bacterial-Spot (319).jpg,processed,0.2704,12,
2026-07-30T12:07:19.663199+00:00,Bacterial-Spot(752),Bacterial-Spot (32).jpg,processed,0.2698,12,
2026-07-30T12:07:19.922273+00:00,Bacterial-Spot(752),Bacterial-Spot (320).jpg,processed,0.2501,12,
2026-07-30T12:07:20.193446+00:00,Bacterial-Spot(752),Bacterial-Spot (321).jpg,processed,0.2671,12,
2026-07-30T12:07:20.430949+00:00,Bacterial-Spot(752),Bacterial-Spot (322).jpg,processed,0.2325,12,
2026-07-30T12:07:20.700840+00:00,Bacterial-Spot(752),Bacterial-Spot (323).jpg,processed,0.2642,12,
2026-07-30T12:07:20.938609+00:00,Bacterial-Spot(752),Bacterial-Spot (324).jpg,processed,0.2325,12,
2026-07-30T12:07:21.182753+00:00,Bacterial-Spot(752),Bacterial-Spot (325).jpg,processed,0.2390,12,
2026-07-30T12:07:21.453224+00:00,Bacterial-Spot(752),Bacterial-Spot (326).jpg,processed,0.2661,12,
2026-07-30T12:07:21.698242+00:00,Bacterial-Spot(752),Bacterial-Spot (327).jpg,processed,0.2392,12,
2026-07-30T12:07:21.937543+00:00,Bacterial-Spot(752),Bacterial-Spot (328).jpg,processed,0.2343,12,
2026-07-30T12:07:22.209633+00:00,Bacterial-Spot(752),Bacterial-Spot (329).jpg,processed,0.2682,12,
2026-07-30T12:07:22.451120+00:00,Bacterial-Spot(752),Bacterial-Spot (33).jpg,processed,0.2372,12,
2026-07-30T12:07:22.706728+00:00,Bacterial-Spot(752),Bacterial-Spot (330).jpg,processed,0.2513,12,
2026-07-30T12:07:22.996301+00:00,Bacterial-Spot(752),Bacterial-Spot (331).jpg,processed,0.2851,12,
2026-07-30T12:07:23.253751+00:00,Bacterial-Spot(752),Bacterial-Spot (332).jpg,processed,0.2531,12,
2026-07-30T12:07:23.529661+00:00,Bacterial-Spot(752),Bacterial-Spot (333).jpg,processed,0.2708,12,
2026-07-30T12:07:23.778924+00:00,Bacterial-Spot(752),Bacterial-Spot (334).jpg,processed,0.2447,12,
2026-07-30T12:07:24.044910+00:00,Bacterial-Spot(752),Bacterial-Spot (335).jpg,processed,0.2609,12,
2026-07-30T12:07:24.366823+00:00,Bacterial-Spot(752),Bacterial-Spot (336).jpg,processed,0.3173,12,
2026-07-30T12:07:24.632012+00:00,Bacterial-Spot(752),Bacterial-Spot (337).jpg,processed,0.2608,12,
2026-07-30T12:07:24.937071+00:00,Bacterial-Spot(752),Bacterial-Spot (338).jpg,processed,0.2999,12,
2026-07-30T12:07:25.199016+00:00,Bacterial-Spot(752),Bacterial-Spot (339).jpg,processed,0.2552,12,
2026-07-30T12:07:25.468801+00:00,Bacterial-Spot(752),Bacterial-Spot (34).jpg,processed,0.2656,12,
2026-07-30T12:07:25.719092+00:00,Bacterial-Spot(752),Bacterial-Spot (340).jpg,processed,0.2446,12,
2026-07-30T12:07:25.993060+00:00,Bacterial-Spot(752),Bacterial-Spot (341).jpg,processed,0.2694,12,
2026-07-30T12:07:26.239811+00:00,Bacterial-Spot(752),Bacterial-Spot (342).jpg,processed,0.2421,12,
2026-07-30T12:07:26.520798+00:00,Bacterial-Spot(752),Bacterial-Spot (343).jpg,processed,0.2760,12,
2026-07-30T12:07:26.766137+00:00,Bacterial-Spot(752),Bacterial-Spot (344).jpg,processed,0.2408,12,
2026-07-30T12:07:27.016826+00:00,Bacterial-Spot(752),Bacterial-Spot (345).jpg,processed,0.2459,12,
2026-07-30T12:07:27.312299+00:00,Bacterial-Spot(752),Bacterial-Spot (346).jpg,processed,0.2903,12,
2026-07-30T12:07:27.566629+00:00,Bacterial-Spot(752),Bacterial-Spot (347).jpg,processed,0.2501,12,
2026-07-30T12:07:27.844781+00:00,Bacterial-Spot(752),Bacterial-Spot (348).jpg,processed,0.2727,12,
2026-07-30T12:07:28.100933+00:00,Bacterial-Spot(752),Bacterial-Spot (349).jpg,processed,0.2517,12,
2026-07-30T12:07:28.373790+00:00,Bacterial-Spot(752),Bacterial-Spot (35).jpg,processed,0.2689,12,
2026-07-30T12:07:28.630725+00:00,Bacterial-Spot(752),Bacterial-Spot (350).jpg,processed,0.2518,12,
2026-07-30T12:07:28.909528+00:00,Bacterial-Spot(752),Bacterial-Spot (351).jpg,processed,0.2743,12,
2026-07-30T12:07:29.169951+00:00,Bacterial-Spot(752),Bacterial-Spot (352).jpg,processed,0.2557,12,
2026-07-30T12:07:29.445397+00:00,Bacterial-Spot(752),Bacterial-Spot (353).jpg,processed,0.2708,12,
2026-07-30T12:07:29.707065+00:00,Bacterial-Spot(752),Bacterial-Spot (354).jpg,processed,0.2573,12,
2026-07-30T12:07:29.971624+00:00,Bacterial-Spot(752),Bacterial-Spot (355).jpg,processed,0.2596,12,
2026-07-30T12:07:30.261371+00:00,Bacterial-Spot(752),Bacterial-Spot (356).jpg,processed,0.2852,12,
2026-07-30T12:07:30.529352+00:00,Bacterial-Spot(752),Bacterial-Spot (357).jpg,processed,0.2635,12,
2026-07-30T12:07:30.827316+00:00,Bacterial-Spot(752),Bacterial-Spot (358).jpg,processed,0.2922,12,
2026-07-30T12:07:31.130611+00:00,Bacterial-Spot(752),Bacterial-Spot (359).jpg,processed,0.2992,12,
2026-07-30T12:07:31.382981+00:00,Bacterial-Spot(752),Bacterial-Spot (36).jpg,processed,0.2467,12,
2026-07-30T12:07:31.660614+00:00,Bacterial-Spot(752),Bacterial-Spot (360).jpg,processed,0.2730,12,
2026-07-30T12:07:31.911012+00:00,Bacterial-Spot(752),Bacterial-Spot (361).jpg,processed,0.2450,12,
2026-07-30T12:07:32.183964+00:00,Bacterial-Spot(752),Bacterial-Spot (362).jpg,processed,0.2683,12,
2026-07-30T12:07:32.433678+00:00,Bacterial-Spot(752),Bacterial-Spot (363).jpg,processed,0.2449,12,
2026-07-30T12:07:32.713663+00:00,Bacterial-Spot(752),Bacterial-Spot (364).jpg,processed,0.2750,12,
2026-07-30T12:07:32.964623+00:00,Bacterial-Spot(752),Bacterial-Spot (365).jpg,processed,0.2463,12,
2026-07-30T12:07:33.219738+00:00,Bacterial-Spot(752),Bacterial-Spot (366).jpg,processed,0.2503,12,
2026-07-30T12:07:33.488403+00:00,Bacterial-Spot(752),Bacterial-Spot (367).jpg,processed,0.2634,12,
2026-07-30T12:07:33.745015+00:00,Bacterial-Spot(752),Bacterial-Spot (368).jpg,processed,0.2518,12,
2026-07-30T12:07:34.160075+00:00,Bacterial-Spot(752),Bacterial-Spot (369).jpg,processed,0.4100,12,
2026-07-30T12:07:34.393350+00:00,Bacterial-Spot(752),Bacterial-Spot (37).jpg,processed,0.2292,12,
2026-07-30T12:07:34.652362+00:00,Bacterial-Spot(752),Bacterial-Spot (370).jpg,processed,0.2545,12,
2026-07-30T12:07:34.925712+00:00,Bacterial-Spot(752),Bacterial-Spot (371).jpg,processed,0.2680,12,
2026-07-30T12:07:35.214209+00:00,Bacterial-Spot(752),Bacterial-Spot (372).jpg,processed,0.2812,12,
2026-07-30T12:07:35.483146+00:00,Bacterial-Spot(752),Bacterial-Spot (373).jpg,processed,0.2644,12,
2026-07-30T12:07:35.739817+00:00,Bacterial-Spot(752),Bacterial-Spot (374).jpg,processed,0.2516,12,
2026-07-30T12:07:35.995875+00:00,Bacterial-Spot(752),Bacterial-Spot (375).jpg,processed,0.2510,12,
2026-07-30T12:07:36.280599+00:00,Bacterial-Spot(752),Bacterial-Spot (376).jpg,processed,0.2801,12,
2026-07-30T12:07:36.535883+00:00,Bacterial-Spot(752),Bacterial-Spot (377).jpg,processed,0.2503,12,
2026-07-30T12:07:36.809962+00:00,Bacterial-Spot(752),Bacterial-Spot (378).jpg,processed,0.2690,12,
2026-07-30T12:07:37.065800+00:00,Bacterial-Spot(752),Bacterial-Spot (379).jpg,processed,0.2519,12,
2026-07-30T12:07:37.310339+00:00,Bacterial-Spot(752),Bacterial-Spot (38).jpg,processed,0.2403,12,
2026-07-30T12:07:37.569138+00:00,Bacterial-Spot(752),Bacterial-Spot (380).jpg,processed,0.2540,12,
2026-07-30T12:07:37.828243+00:00,Bacterial-Spot(752),Bacterial-Spot (381).jpg,processed,0.2545,12,
2026-07-30T12:07:38.109464+00:00,Bacterial-Spot(752),Bacterial-Spot (382).jpg,processed,0.2764,12,
2026-07-30T12:07:38.365450+00:00,Bacterial-Spot(752),Bacterial-Spot (383).jpg,processed,0.2507,12,
2026-07-30T12:07:38.629758+00:00,Bacterial-Spot(752),Bacterial-Spot (384).jpg,processed,0.2593,12,
2026-07-30T12:07:38.872078+00:00,Bacterial-Spot(752),Bacterial-Spot (385).jpg,processed,0.2376,12,
2026-07-30T12:07:39.137049+00:00,Bacterial-Spot(752),Bacterial-Spot (386).jpg,processed,0.2607,12,
2026-07-30T12:07:39.381096+00:00,Bacterial-Spot(752),Bacterial-Spot (387).jpg,processed,0.2402,12,
2026-07-30T12:07:39.654684+00:00,Bacterial-Spot(752),Bacterial-Spot (388).jpg,processed,0.2698,12,
2026-07-30T12:07:39.908896+00:00,Bacterial-Spot(752),Bacterial-Spot (389).jpg,processed,0.2495,12,
2026-07-30T12:07:40.149394+00:00,Bacterial-Spot(752),Bacterial-Spot (39).jpg,processed,0.2353,12,
2026-07-30T12:07:40.402147+00:00,Bacterial-Spot(752),Bacterial-Spot (390).jpg,processed,0.2483,12,
2026-07-30T12:07:40.646043+00:00,Bacterial-Spot(752),Bacterial-Spot (391).jpg,processed,0.2391,12,
2026-07-30T12:07:40.918178+00:00,Bacterial-Spot(752),Bacterial-Spot (392).jpg,processed,0.2684,12,
2026-07-30T12:07:41.166070+00:00,Bacterial-Spot(752),Bacterial-Spot (393).jpg,processed,0.2437,12,
2026-07-30T12:07:41.434229+00:00,Bacterial-Spot(752),Bacterial-Spot (394).jpg,processed,0.2623,12,
2026-07-30T12:07:41.679440+00:00,Bacterial-Spot(752),Bacterial-Spot (395).jpg,processed,0.2413,12,
2026-07-30T12:07:41.926109+00:00,Bacterial-Spot(752),Bacterial-Spot (396).jpg,processed,0.2422,12,
2026-07-30T12:07:42.193481+00:00,Bacterial-Spot(752),Bacterial-Spot (397).jpg,processed,0.2628,12,
2026-07-30T12:07:42.440785+00:00,Bacterial-Spot(752),Bacterial-Spot (398).jpg,processed,0.2417,12,
2026-07-30T12:07:42.712830+00:00,Bacterial-Spot(752),Bacterial-Spot (399).jpg,processed,0.2669,12,
2026-07-30T12:07:42.949747+00:00,Bacterial-Spot(752),Bacterial-Spot (4).jpg,processed,0.2330,12,
2026-07-30T12:07:43.165916+00:00,Bacterial-Spot(752),Bacterial-Spot (40).jpg,processed,0.2122,12,
2026-07-30T12:07:43.435865+00:00,Bacterial-Spot(752),Bacterial-Spot (400).jpg,processed,0.2650,12,
2026-07-30T12:07:43.676347+00:00,Bacterial-Spot(752),Bacterial-Spot (401).jpg,processed,0.2365,12,
2026-07-30T12:07:43.942080+00:00,Bacterial-Spot(752),Bacterial-Spot (402).jpg,processed,0.2609,12,
2026-07-30T12:07:44.205963+00:00,Bacterial-Spot(752),Bacterial-Spot (403).jpg,processed,0.2587,12,
2026-07-30T12:07:44.474677+00:00,Bacterial-Spot(752),Bacterial-Spot (404).jpg,processed,0.2634,12,
2026-07-30T12:07:44.786132+00:00,Bacterial-Spot(752),Bacterial-Spot (405).jpg,processed,0.3043,12,
2026-07-30T12:07:45.084020+00:00,Bacterial-Spot(752),Bacterial-Spot (406).jpg,processed,0.2920,12,
2026-07-30T12:07:45.553956+00:00,Bacterial-Spot(752),Bacterial-Spot (407).jpg,processed,0.4652,12,
2026-07-30T12:07:45.925665+00:00,Bacterial-Spot(752),Bacterial-Spot (408).jpg,processed,0.3649,12,
2026-07-30T12:07:46.199447+00:00,Bacterial-Spot(752),Bacterial-Spot (409).jpg,processed,0.2684,12,
2026-07-30T12:07:46.430520+00:00,Bacterial-Spot(752),Bacterial-Spot (41).jpg,processed,0.2269,12,
2026-07-30T12:07:46.730425+00:00,Bacterial-Spot(752),Bacterial-Spot (410).jpg,processed,0.2946,12,
2026-07-30T12:07:47.017181+00:00,Bacterial-Spot(752),Bacterial-Spot (411).jpg,processed,0.2816,12,
2026-07-30T12:07:47.301069+00:00,Bacterial-Spot(752),Bacterial-Spot (412).jpg,processed,0.2798,12,
2026-07-30T12:07:47.580290+00:00,Bacterial-Spot(752),Bacterial-Spot (413).jpg,processed,0.2739,12,
2026-07-30T12:07:47.929545+00:00,Bacterial-Spot(752),Bacterial-Spot (414).jpg,processed,0.3410,12,
2026-07-30T12:07:48.224608+00:00,Bacterial-Spot(752),Bacterial-Spot (415).jpg,processed,0.2894,12,
2026-07-30T12:07:48.643011+00:00,Bacterial-Spot(752),Bacterial-Spot (416).jpg,processed,0.4142,12,
2026-07-30T12:07:48.941083+00:00,Bacterial-Spot(752),Bacterial-Spot (417).jpg,processed,0.2836,12,
2026-07-30T12:07:49.253353+00:00,Bacterial-Spot(752),Bacterial-Spot (418).jpg,processed,0.3057,12,
2026-07-30T12:07:49.582241+00:00,Bacterial-Spot(752),Bacterial-Spot (419).jpg,processed,0.3217,12,
2026-07-30T12:07:49.865664+00:00,Bacterial-Spot(752),Bacterial-Spot (42).jpg,processed,0.2783,12,
2026-07-30T12:07:50.162849+00:00,Bacterial-Spot(752),Bacterial-Spot (420).jpg,processed,0.2913,12,
2026-07-30T12:07:50.479258+00:00,Bacterial-Spot(752),Bacterial-Spot (421).jpg,processed,0.3113,12,
2026-07-30T12:07:50.796601+00:00,Bacterial-Spot(752),Bacterial-Spot (422).jpg,processed,0.3121,12,
2026-07-30T12:07:51.109373+00:00,Bacterial-Spot(752),Bacterial-Spot (423).jpg,processed,0.3082,12,
2026-07-30T12:07:51.419517+00:00,Bacterial-Spot(752),Bacterial-Spot (424).jpg,processed,0.3045,12,
2026-07-30T12:07:51.714115+00:00,Bacterial-Spot(752),Bacterial-Spot (425).jpg,processed,0.2888,12,
2026-07-30T12:07:52.022096+00:00,Bacterial-Spot(752),Bacterial-Spot (426).jpg,processed,0.3018,12,
2026-07-30T12:07:52.329117+00:00,Bacterial-Spot(752),Bacterial-Spot (427).jpg,processed,0.3027,12,
2026-07-30T12:07:52.648524+00:00,Bacterial-Spot(752),Bacterial-Spot (428).jpg,processed,0.3127,12,
2026-07-30T12:07:52.956799+00:00,Bacterial-Spot(752),Bacterial-Spot (429).jpg,processed,0.3026,12,
2026-07-30T12:07:53.242297+00:00,Bacterial-Spot(752),Bacterial-Spot (43).jpg,processed,0.2797,12,
2026-07-30T12:07:53.560915+00:00,Bacterial-Spot(752),Bacterial-Spot (430).jpg,processed,0.3108,12,
2026-07-30T12:07:53.879497+00:00,Bacterial-Spot(752),Bacterial-Spot (431).jpg,processed,0.3135,12,
2026-07-30T12:07:54.198506+00:00,Bacterial-Spot(752),Bacterial-Spot (432).jpg,processed,0.3144,12,
2026-07-30T12:07:54.516858+00:00,Bacterial-Spot(752),Bacterial-Spot (433).jpg,processed,0.3129,12,
2026-07-30T12:07:54.827407+00:00,Bacterial-Spot(752),Bacterial-Spot (434).jpg,processed,0.3057,12,
2026-07-30T12:07:55.165752+00:00,Bacterial-Spot(752),Bacterial-Spot (435).jpg,processed,0.3332,12,
2026-07-30T12:07:55.513690+00:00,Bacterial-Spot(752),Bacterial-Spot (436).jpg,processed,0.3423,12,
2026-07-30T12:07:55.845033+00:00,Bacterial-Spot(752),Bacterial-Spot (437).jpg,processed,0.3256,12,
2026-07-30T12:07:56.161049+00:00,Bacterial-Spot(752),Bacterial-Spot (438).jpg,processed,0.3108,12,
2026-07-30T12:07:56.478311+00:00,Bacterial-Spot(752),Bacterial-Spot (439).jpg,processed,0.3102,12,
2026-07-30T12:07:56.768921+00:00,Bacterial-Spot(752),Bacterial-Spot (44).jpg,processed,0.2857,12,
2026-07-30T12:07:57.108567+00:00,Bacterial-Spot(752),Bacterial-Spot (440).jpg,processed,0.3304,12,
2026-07-30T12:07:57.458054+00:00,Bacterial-Spot(752),Bacterial-Spot (441).jpg,processed,0.3452,12,
2026-07-30T12:07:57.795642+00:00,Bacterial-Spot(752),Bacterial-Spot (442).jpg,processed,0.3295,12,
2026-07-30T12:07:58.131604+00:00,Bacterial-Spot(752),Bacterial-Spot (443).jpg,processed,0.3305,12,
2026-07-30T12:07:58.467416+00:00,Bacterial-Spot(752),Bacterial-Spot (444).jpg,processed,0.3314,12,
2026-07-30T12:07:58.808993+00:00,Bacterial-Spot(752),Bacterial-Spot (445).jpg,processed,0.3351,12,
2026-07-30T12:07:59.173868+00:00,Bacterial-Spot(752),Bacterial-Spot (446).jpg,processed,0.3573,12,
2026-07-30T12:07:59.596650+00:00,Bacterial-Spot(752),Bacterial-Spot (447).jpg,processed,0.4156,12,
2026-07-30T12:07:59.928964+00:00,Bacterial-Spot(752),Bacterial-Spot (448).jpg,processed,0.3248,12,
2026-07-30T12:08:00.256674+00:00,Bacterial-Spot(752),Bacterial-Spot (449).jpg,processed,0.3202,12,
2026-07-30T12:08:00.558618+00:00,Bacterial-Spot(752),Bacterial-Spot (45).jpg,processed,0.2967,12,
2026-07-30T12:08:00.900349+00:00,Bacterial-Spot(752),Bacterial-Spot (450).jpg,processed,0.3344,12,
2026-07-30T12:08:01.257397+00:00,Bacterial-Spot(752),Bacterial-Spot (451).jpg,processed,0.3518,12,
2026-07-30T12:08:01.644332+00:00,Bacterial-Spot(752),Bacterial-Spot (452).jpg,processed,0.3806,12,
2026-07-30T12:08:01.981097+00:00,Bacterial-Spot(752),Bacterial-Spot (453).jpg,processed,0.3317,12,
2026-07-30T12:08:02.345615+00:00,Bacterial-Spot(752),Bacterial-Spot (454).jpg,processed,0.3603,12,
2026-07-30T12:08:02.616036+00:00,Bacterial-Spot(752),Bacterial-Spot (455).jpg,processed,0.2666,12,
2026-07-30T12:08:02.964940+00:00,Bacterial-Spot(752),Bacterial-Spot (456).jpg,processed,0.3436,12,
2026-07-30T12:08:03.233024+00:00,Bacterial-Spot(752),Bacterial-Spot (457).jpg,processed,0.2623,12,
2026-07-30T12:08:03.512524+00:00,Bacterial-Spot(752),Bacterial-Spot (458).jpg,processed,0.2750,12,
2026-07-30T12:08:03.799545+00:00,Bacterial-Spot(752),Bacterial-Spot (459).jpg,processed,0.2815,12,
2026-07-30T12:08:04.033283+00:00,Bacterial-Spot(752),Bacterial-Spot (46).jpg,processed,0.2293,12,
2026-07-30T12:08:04.337199+00:00,Bacterial-Spot(752),Bacterial-Spot (460).jpg,processed,0.2984,12,
2026-07-30T12:08:04.599155+00:00,Bacterial-Spot(752),Bacterial-Spot (461).jpg,processed,0.2579,12,
2026-07-30T12:08:04.900102+00:00,Bacterial-Spot(752),Bacterial-Spot (462).jpg,processed,0.2967,12,
2026-07-30T12:08:05.159685+00:00,Bacterial-Spot(752),Bacterial-Spot (463).jpg,processed,0.2552,12,
2026-07-30T12:08:05.472338+00:00,Bacterial-Spot(752),Bacterial-Spot (464).jpg,processed,0.3049,12,
2026-07-30T12:08:05.734479+00:00,Bacterial-Spot(752),Bacterial-Spot (465).jpg,processed,0.2577,12,
2026-07-30T12:08:05.999806+00:00,Bacterial-Spot(752),Bacterial-Spot (466).jpg,processed,0.2609,12,
2026-07-30T12:08:06.299983+00:00,Bacterial-Spot(752),Bacterial-Spot (467).jpg,processed,0.2949,12,
2026-07-30T12:08:06.629590+00:00,Bacterial-Spot(752),Bacterial-Spot (468).jpg,processed,0.3253,12,
2026-07-30T12:08:06.966695+00:00,Bacterial-Spot(752),Bacterial-Spot (469).jpg,processed,0.3324,12,
2026-07-30T12:08:07.217164+00:00,Bacterial-Spot(752),Bacterial-Spot (47).jpg,processed,0.2445,12,
2026-07-30T12:08:07.522133+00:00,Bacterial-Spot(752),Bacterial-Spot (470).jpg,processed,0.3003,12,
2026-07-30T12:08:07.824695+00:00,Bacterial-Spot(752),Bacterial-Spot (471).jpg,processed,0.2955,12,
2026-07-30T12:08:08.128684+00:00,Bacterial-Spot(752),Bacterial-Spot (472).jpg,processed,0.2996,12,
2026-07-30T12:08:08.515097+00:00,Bacterial-Spot(752),Bacterial-Spot (473).jpg,processed,0.3808,12,
2026-07-30T12:08:08.853613+00:00,Bacterial-Spot(752),Bacterial-Spot (474).jpg,processed,0.3326,12,
2026-07-30T12:08:09.135641+00:00,Bacterial-Spot(752),Bacterial-Spot (475).jpg,processed,0.2753,12,
2026-07-30T12:08:09.417889+00:00,Bacterial-Spot(752),Bacterial-Spot (476).jpg,processed,0.2770,12,
2026-07-30T12:08:09.729788+00:00,Bacterial-Spot(752),Bacterial-Spot (477).jpg,processed,0.3068,12,
2026-07-30T12:08:10.033999+00:00,Bacterial-Spot(752),Bacterial-Spot (478).jpg,processed,0.2996,12,
2026-07-30T12:08:10.315038+00:00,Bacterial-Spot(752),Bacterial-Spot (479).jpg,processed,0.2721,12,
2026-07-30T12:08:10.559779+00:00,Bacterial-Spot(752),Bacterial-Spot (48).jpg,processed,0.2407,12,
2026-07-30T12:08:10.825103+00:00,Bacterial-Spot(752),Bacterial-Spot (480).jpg,processed,0.2605,12,
2026-07-30T12:08:11.119751+00:00,Bacterial-Spot(752),Bacterial-Spot (481).jpg,processed,0.2901,12,
2026-07-30T12:08:11.401093+00:00,Bacterial-Spot(752),Bacterial-Spot (482).jpg,processed,0.2769,12,
2026-07-30T12:08:11.682487+00:00,Bacterial-Spot(752),Bacterial-Spot (483).jpg,processed,0.2765,12,
2026-07-30T12:08:11.972492+00:00,Bacterial-Spot(752),Bacterial-Spot (484).jpg,processed,0.2852,12,
2026-07-30T12:08:12.256861+00:00,Bacterial-Spot(752),Bacterial-Spot (485).jpg,processed,0.2791,12,
2026-07-30T12:08:12.556712+00:00,Bacterial-Spot(752),Bacterial-Spot (486).jpg,processed,0.2949,12,
2026-07-30T12:08:12.857957+00:00,Bacterial-Spot(752),Bacterial-Spot (487).jpg,processed,0.2943,12,
2026-07-30T12:08:13.174583+00:00,Bacterial-Spot(752),Bacterial-Spot (488).jpg,processed,0.3120,12,
2026-07-30T12:08:13.443595+00:00,Bacterial-Spot(752),Bacterial-Spot (489).jpg,processed,0.2642,12,
2026-07-30T12:08:13.689610+00:00,Bacterial-Spot(752),Bacterial-Spot (49).jpg,processed,0.2408,12,
2026-07-30T12:08:14.114760+00:00,Bacterial-Spot(752),Bacterial-Spot (490).jpg,processed,0.4156,12,
2026-07-30T12:08:14.409101+00:00,Bacterial-Spot(752),Bacterial-Spot (491).jpg,processed,0.2897,12,
2026-07-30T12:08:14.673922+00:00,Bacterial-Spot(752),Bacterial-Spot (492).jpg,processed,0.2601,12,
2026-07-30T12:08:14.952331+00:00,Bacterial-Spot(752),Bacterial-Spot (493).jpg,processed,0.2740,12,
2026-07-30T12:08:15.284859+00:00,Bacterial-Spot(752),Bacterial-Spot (494).jpg,processed,0.3276,12,
2026-07-30T12:08:15.589921+00:00,Bacterial-Spot(752),Bacterial-Spot (495).jpg,processed,0.2991,12,
2026-07-30T12:08:15.871903+00:00,Bacterial-Spot(752),Bacterial-Spot (496).jpg,processed,0.2765,12,
2026-07-30T12:08:16.147464+00:00,Bacterial-Spot(752),Bacterial-Spot (497).jpg,processed,0.2702,12,
2026-07-30T12:08:16.465130+00:00,Bacterial-Spot(752),Bacterial-Spot (498).jpg,processed,0.3121,12,
2026-07-30T12:08:16.786171+00:00,Bacterial-Spot(752),Bacterial-Spot (499).jpg,processed,0.3144,12,
2026-07-30T12:08:17.211483+00:00,Bacterial-Spot(752),Bacterial-Spot (5).jpg,processed,0.4169,12,
2026-07-30T12:08:17.508331+00:00,Bacterial-Spot(752),Bacterial-Spot (50).jpg,processed,0.2913,12,
2026-07-30T12:08:17.789755+00:00,Bacterial-Spot(752),Bacterial-Spot (500).jpg,processed,0.2759,12,
2026-07-30T12:08:18.079911+00:00,Bacterial-Spot(752),Bacterial-Spot (501).jpg,processed,0.2855,12,
2026-07-30T12:08:18.378314+00:00,Bacterial-Spot(752),Bacterial-Spot (502).jpg,processed,0.2939,12,
2026-07-30T12:08:18.704052+00:00,Bacterial-Spot(752),Bacterial-Spot (503).jpg,processed,0.3209,12,
2026-07-30T12:08:18.992585+00:00,Bacterial-Spot(752),Bacterial-Spot (504).jpg,processed,0.2835,12,
2026-07-30T12:08:19.292836+00:00,Bacterial-Spot(752),Bacterial-Spot (505).jpg,processed,0.2942,12,
2026-07-30T12:08:19.730942+00:00,Bacterial-Spot(752),Bacterial-Spot (506).jpg,processed,0.4304,12,
2026-07-30T12:08:20.141836+00:00,Bacterial-Spot(752),Bacterial-Spot (507).jpg,processed,0.4040,12,
2026-07-30T12:08:20.475620+00:00,Bacterial-Spot(752),Bacterial-Spot (508).jpg,processed,0.3284,12,
2026-07-30T12:08:20.792749+00:00,Bacterial-Spot(752),Bacterial-Spot (509).jpg,processed,0.3120,12,
2026-07-30T12:08:21.087808+00:00,Bacterial-Spot(752),Bacterial-Spot (51).jpg,processed,0.2875,12,
2026-07-30T12:08:21.446951+00:00,Bacterial-Spot(752),Bacterial-Spot (510).jpg,processed,0.3526,12,
2026-07-30T12:08:21.756734+00:00,Bacterial-Spot(752),Bacterial-Spot (511).jpg,processed,0.3048,12,
2026-07-30T12:08:22.061018+00:00,Bacterial-Spot(752),Bacterial-Spot (512).jpg,processed,0.2998,12,
2026-07-30T12:08:22.376786+00:00,Bacterial-Spot(752),Bacterial-Spot (513).jpg,processed,0.3108,12,
2026-07-30T12:08:22.699140+00:00,Bacterial-Spot(752),Bacterial-Spot (514).jpg,processed,0.3153,12,
2026-07-30T12:08:23.034825+00:00,Bacterial-Spot(752),Bacterial-Spot (515).jpg,processed,0.3308,12,
2026-07-30T12:08:23.356659+00:00,Bacterial-Spot(752),Bacterial-Spot (516).jpg,processed,0.3160,12,
2026-07-30T12:08:23.673250+00:00,Bacterial-Spot(752),Bacterial-Spot (517).jpg,processed,0.3113,12,
2026-07-30T12:08:24.000312+00:00,Bacterial-Spot(752),Bacterial-Spot (518).jpg,processed,0.3223,12,
2026-07-30T12:08:24.343276+00:00,Bacterial-Spot(752),Bacterial-Spot (519).jpg,processed,0.3360,12,
2026-07-30T12:08:24.637527+00:00,Bacterial-Spot(752),Bacterial-Spot (52).jpg,processed,0.2891,12,
2026-07-30T12:08:24.960945+00:00,Bacterial-Spot(752),Bacterial-Spot (520).jpg,processed,0.3163,12,
2026-07-30T12:08:25.270669+00:00,Bacterial-Spot(752),Bacterial-Spot (521).jpg,processed,0.3038,12,
2026-07-30T12:08:25.600943+00:00,Bacterial-Spot(752),Bacterial-Spot (522).jpg,processed,0.3244,12,
2026-07-30T12:08:25.961570+00:00,Bacterial-Spot(752),Bacterial-Spot (523).jpg,processed,0.3553,12,
2026-07-30T12:08:26.316407+00:00,Bacterial-Spot(752),Bacterial-Spot (524).jpg,processed,0.3503,12,
2026-07-30T12:08:26.651391+00:00,Bacterial-Spot(752),Bacterial-Spot (525).jpg,processed,0.3294,12,
2026-07-30T12:08:26.969518+00:00,Bacterial-Spot(752),Bacterial-Spot (526).jpg,processed,0.3139,12,
2026-07-30T12:08:27.328194+00:00,Bacterial-Spot(752),Bacterial-Spot (527).jpg,processed,0.3522,12,
2026-07-30T12:08:27.663966+00:00,Bacterial-Spot(752),Bacterial-Spot (528).jpg,processed,0.3288,12,
2026-07-30T12:08:28.023203+00:00,Bacterial-Spot(752),Bacterial-Spot (529).jpg,processed,0.3527,12,
2026-07-30T12:08:28.396026+00:00,Bacterial-Spot(752),Bacterial-Spot (53).jpg,processed,0.3667,12,
2026-07-30T12:08:28.749063+00:00,Bacterial-Spot(752),Bacterial-Spot (530).jpg,processed,0.3343,12,
2026-07-30T12:08:29.130606+00:00,Bacterial-Spot(752),Bacterial-Spot (531).jpg,processed,0.3764,12,
2026-07-30T12:08:29.461562+00:00,Bacterial-Spot(752),Bacterial-Spot (532).jpg,processed,0.3264,12,
2026-07-30T12:08:29.777862+00:00,Bacterial-Spot(752),Bacterial-Spot (533).jpg,processed,0.3104,12,
2026-07-30T12:08:30.068501+00:00,Bacterial-Spot(752),Bacterial-Spot (534).jpg,processed,0.2859,12,
2026-07-30T12:08:30.366800+00:00,Bacterial-Spot(752),Bacterial-Spot (535).jpg,processed,0.2938,12,
2026-07-30T12:08:30.687767+00:00,Bacterial-Spot(752),Bacterial-Spot (536).jpg,processed,0.3147,12,
2026-07-30T12:08:30.988090+00:00,Bacterial-Spot(752),Bacterial-Spot (537).jpg,processed,0.2942,12,
2026-07-30T12:08:31.282920+00:00,Bacterial-Spot(752),Bacterial-Spot (538).jpg,processed,0.2892,12,
2026-07-30T12:08:31.580517+00:00,Bacterial-Spot(752),Bacterial-Spot (539).jpg,processed,0.2936,12,
2026-07-30T12:08:31.874989+00:00,Bacterial-Spot(752),Bacterial-Spot (54).jpg,processed,0.2896,12,
2026-07-30T12:08:32.164718+00:00,Bacterial-Spot(752),Bacterial-Spot (540).jpg,processed,0.2853,12,
2026-07-30T12:08:32.453172+00:00,Bacterial-Spot(752),Bacterial-Spot (541).jpg,processed,0.2843,12,
2026-07-30T12:08:32.729531+00:00,Bacterial-Spot(752),Bacterial-Spot (542).jpg,processed,0.2700,12,
2026-07-30T12:08:33.019508+00:00,Bacterial-Spot(752),Bacterial-Spot (543).jpg,processed,0.2847,12,
2026-07-30T12:08:33.294313+00:00,Bacterial-Spot(752),Bacterial-Spot (544).jpg,processed,0.2703,12,
2026-07-30T12:08:33.577802+00:00,Bacterial-Spot(752),Bacterial-Spot (545).jpg,processed,0.2795,12,
2026-07-30T12:08:33.877148+00:00,Bacterial-Spot(752),Bacterial-Spot (546).jpg,processed,0.2933,12,
2026-07-30T12:08:34.168563+00:00,Bacterial-Spot(752),Bacterial-Spot (547).jpg,processed,0.2864,12,
2026-07-30T12:08:34.462498+00:00,Bacterial-Spot(752),Bacterial-Spot (548).jpg,processed,0.2896,12,
2026-07-30T12:08:34.722115+00:00,Bacterial-Spot(752),Bacterial-Spot (549).jpg,processed,0.2554,12,
2026-07-30T12:08:34.956714+00:00,Bacterial-Spot(752),Bacterial-Spot (55).jpg,processed,0.2299,12,
2026-07-30T12:08:35.400899+00:00,Bacterial-Spot(752),Bacterial-Spot (550).jpg,processed,0.4381,12,
2026-07-30T12:08:35.680952+00:00,Bacterial-Spot(752),Bacterial-Spot (551).jpg,processed,0.2750,12,
2026-07-30T12:08:35.988246+00:00,Bacterial-Spot(752),Bacterial-Spot (552).jpg,processed,0.3025,12,
2026-07-30T12:08:36.267628+00:00,Bacterial-Spot(752),Bacterial-Spot (553).jpg,processed,0.2742,12,
2026-07-30T12:08:36.532998+00:00,Bacterial-Spot(752),Bacterial-Spot (554).jpg,processed,0.2608,12,
2026-07-30T12:08:36.798729+00:00,Bacterial-Spot(752),Bacterial-Spot (555).jpg,processed,0.2612,12,
2026-07-30T12:08:37.055264+00:00,Bacterial-Spot(752),Bacterial-Spot (556).jpg,processed,0.2512,12,
2026-07-30T12:08:37.340623+00:00,Bacterial-Spot(752),Bacterial-Spot (557).jpg,processed,0.2805,12,
2026-07-30T12:08:37.613893+00:00,Bacterial-Spot(752),Bacterial-Spot (558).jpg,processed,0.2676,12,
2026-07-30T12:08:37.877808+00:00,Bacterial-Spot(752),Bacterial-Spot (559).jpg,processed,0.2591,12,
2026-07-30T12:08:38.125988+00:00,Bacterial-Spot(752),Bacterial-Spot (56).jpg,processed,0.2438,12,
2026-07-30T12:08:38.398323+00:00,Bacterial-Spot(752),Bacterial-Spot (560).jpg,processed,0.2677,12,
2026-07-30T12:08:38.663342+00:00,Bacterial-Spot(752),Bacterial-Spot (561).jpg,processed,0.2594,12,
2026-07-30T12:08:38.934274+00:00,Bacterial-Spot(752),Bacterial-Spot (562).jpg,processed,0.2657,12,
2026-07-30T12:08:39.214148+00:00,Bacterial-Spot(752),Bacterial-Spot (563).jpg,processed,0.2744,12,
2026-07-30T12:08:39.499746+00:00,Bacterial-Spot(752),Bacterial-Spot (564).jpg,processed,0.2804,12,
2026-07-30T12:08:40.009838+00:00,Bacterial-Spot(752),Bacterial-Spot (565).jpg,processed,0.5028,12,
2026-07-30T12:08:40.313498+00:00,Bacterial-Spot(752),Bacterial-Spot (566).jpg,processed,0.2981,12,
2026-07-30T12:08:40.699111+00:00,Bacterial-Spot(752),Bacterial-Spot (567).jpg,processed,0.3809,12,
2026-07-30T12:08:41.021790+00:00,Bacterial-Spot(752),Bacterial-Spot (568).JPG,processed,0.3146,12,
2026-07-30T12:08:41.478127+00:00,Bacterial-Spot(752),Bacterial-Spot (569).JPG,processed,0.4511,12,
2026-07-30T12:08:41.767334+00:00,Bacterial-Spot(752),Bacterial-Spot (57).jpg,processed,0.2848,12,
2026-07-30T12:08:42.069677+00:00,Bacterial-Spot(752),Bacterial-Spot (570).jpg,processed,0.2974,12,
2026-07-30T12:08:42.378905+00:00,Bacterial-Spot(752),Bacterial-Spot (571).jpg,processed,0.3040,12,
2026-07-30T12:08:42.691503+00:00,Bacterial-Spot(752),Bacterial-Spot (572).jpg,processed,0.3064,12,
2026-07-30T12:08:43.005954+00:00,Bacterial-Spot(752),Bacterial-Spot (573).jpg,processed,0.3079,12,
2026-07-30T12:08:43.329364+00:00,Bacterial-Spot(752),Bacterial-Spot (574).jpg,processed,0.3185,12,
2026-07-30T12:08:43.643236+00:00,Bacterial-Spot(752),Bacterial-Spot (575).jpg,processed,0.3073,12,
2026-07-30T12:08:43.972300+00:00,Bacterial-Spot(752),Bacterial-Spot (576).jpg,processed,0.3236,12,
2026-07-30T12:08:44.293599+00:00,Bacterial-Spot(752),Bacterial-Spot (577).jpg,processed,0.3157,12,
2026-07-30T12:08:44.620008+00:00,Bacterial-Spot(752),Bacterial-Spot (578).jpg,processed,0.3214,12,
2026-07-30T12:08:44.939910+00:00,Bacterial-Spot(752),Bacterial-Spot (579).jpg,processed,0.3142,12,
2026-07-30T12:08:45.237173+00:00,Bacterial-Spot(752),Bacterial-Spot (58).jpg,processed,0.2920,12,
2026-07-30T12:08:45.565277+00:00,Bacterial-Spot(752),Bacterial-Spot (580).jpg,processed,0.3225,12,
2026-07-30T12:08:45.885483+00:00,Bacterial-Spot(752),Bacterial-Spot (581).jpg,processed,0.3132,12,
2026-07-30T12:08:46.224681+00:00,Bacterial-Spot(752),Bacterial-Spot (582).jpg,processed,0.3342,12,
2026-07-30T12:08:46.559398+00:00,Bacterial-Spot(752),Bacterial-Spot (583).jpg,processed,0.3296,12,
2026-07-30T12:08:46.896821+00:00,Bacterial-Spot(752),Bacterial-Spot (584).jpg,processed,0.3316,12,
2026-07-30T12:08:47.221421+00:00,Bacterial-Spot(752),Bacterial-Spot (585).jpg,processed,0.3184,12,
2026-07-30T12:08:47.587239+00:00,Bacterial-Spot(752),Bacterial-Spot (586).jpg,processed,0.3602,12,
2026-07-30T12:08:47.911331+00:00,Bacterial-Spot(752),Bacterial-Spot (587).jpg,processed,0.3178,12,
2026-07-30T12:08:48.221192+00:00,Bacterial-Spot(752),Bacterial-Spot (588).jpg,processed,0.3035,12,
2026-07-30T12:08:48.549803+00:00,Bacterial-Spot(752),Bacterial-Spot (589).jpg,processed,0.3235,12,
2026-07-30T12:08:48.838857+00:00,Bacterial-Spot(752),Bacterial-Spot (59).jpg,processed,0.2833,12,
2026-07-30T12:08:49.181770+00:00,Bacterial-Spot(752),Bacterial-Spot (590).jpg,processed,0.3371,12,
2026-07-30T12:08:49.526663+00:00,Bacterial-Spot(752),Bacterial-Spot (591).jpg,processed,0.3382,12,
2026-07-30T12:08:49.873999+00:00,Bacterial-Spot(752),Bacterial-Spot (592).jpg,processed,0.3416,12,
2026-07-30T12:08:50.210185+00:00,Bacterial-Spot(752),Bacterial-Spot (593).jpg,processed,0.3308,12,
2026-07-30T12:08:50.545936+00:00,Bacterial-Spot(752),Bacterial-Spot (594).jpg,processed,0.3297,12,
2026-07-30T12:08:50.876642+00:00,Bacterial-Spot(752),Bacterial-Spot (595).jpg,processed,0.3262,12,
2026-07-30T12:08:51.184437+00:00,Bacterial-Spot(752),Bacterial-Spot (596).jpg,processed,0.3027,12,
2026-07-30T12:08:51.514596+00:00,Bacterial-Spot(752),Bacterial-Spot (597).jpg,processed,0.3225,12,
2026-07-30T12:08:51.863450+00:00,Bacterial-Spot(752),Bacterial-Spot (598).jpg,processed,0.3429,12,
2026-07-30T12:08:52.218889+00:00,Bacterial-Spot(752),Bacterial-Spot (599).jpg,processed,0.3452,12,
2026-07-30T12:08:52.663210+00:00,Bacterial-Spot(752),Bacterial-Spot (6).jpg,processed,0.4397,12,
2026-07-30T12:08:53.013611+00:00,Bacterial-Spot(752),Bacterial-Spot (60).jpg,processed,0.3421,12,
2026-07-30T12:08:53.336494+00:00,Bacterial-Spot(752),Bacterial-Spot (600).jpg,processed,0.3177,12,
2026-07-30T12:08:53.653917+00:00,Bacterial-Spot(752),Bacterial-Spot (601).jpg,processed,0.3117,12,
2026-07-30T12:08:53.981499+00:00,Bacterial-Spot(752),Bacterial-Spot (602).jpg,processed,0.3225,12,
2026-07-30T12:08:54.296730+00:00,Bacterial-Spot(752),Bacterial-Spot (603).jpg,processed,0.3107,12,
2026-07-30T12:08:54.607830+00:00,Bacterial-Spot(752),Bacterial-Spot (604).jpg,processed,0.3058,12,
2026-07-30T12:08:54.928629+00:00,Bacterial-Spot(752),Bacterial-Spot (605).jpg,processed,0.3139,12,
2026-07-30T12:08:55.261346+00:00,Bacterial-Spot(752),Bacterial-Spot (606).jpg,processed,0.3267,12,
2026-07-30T12:08:55.581784+00:00,Bacterial-Spot(752),Bacterial-Spot (607).jpg,processed,0.3126,12,
2026-07-30T12:08:55.915158+00:00,Bacterial-Spot(752),Bacterial-Spot (608).jpg,processed,0.3284,12,
2026-07-30T12:08:56.265864+00:00,Bacterial-Spot(752),Bacterial-Spot (609).jpg,processed,0.3454,12,
2026-07-30T12:08:56.570905+00:00,Bacterial-Spot(752),Bacterial-Spot (61).jpg,processed,0.3008,12,
2026-07-30T12:08:56.889271+00:00,Bacterial-Spot(752),Bacterial-Spot (610).jpg,processed,0.3130,12,
2026-07-30T12:08:57.211368+00:00,Bacterial-Spot(752),Bacterial-Spot (611).jpg,processed,0.3166,12,
2026-07-30T12:08:57.531366+00:00,Bacterial-Spot(752),Bacterial-Spot (612).jpg,processed,0.3146,12,
2026-07-30T12:08:57.814019+00:00,Bacterial-Spot(752),Bacterial-Spot (613).jpg,processed,0.2780,12,
2026-07-30T12:08:58.095505+00:00,Bacterial-Spot(752),Bacterial-Spot (614).jpg,processed,0.2766,12,
2026-07-30T12:08:58.378210+00:00,Bacterial-Spot(752),Bacterial-Spot (615).jpg,processed,0.2780,12,
2026-07-30T12:08:58.670502+00:00,Bacterial-Spot(752),Bacterial-Spot (616).jpg,processed,0.2875,12,
2026-07-30T12:08:58.938515+00:00,Bacterial-Spot(752),Bacterial-Spot (617).jpg,processed,0.2640,12,
2026-07-30T12:08:59.240678+00:00,Bacterial-Spot(752),Bacterial-Spot (618).jpg,processed,0.2957,12,
2026-07-30T12:08:59.552144+00:00,Bacterial-Spot(752),Bacterial-Spot (619).jpg,processed,0.3068,12,
2026-07-30T12:08:59.792351+00:00,Bacterial-Spot(752),Bacterial-Spot (62).jpg,processed,0.2361,12,
2026-07-30T12:09:00.105286+00:00,Bacterial-Spot(752),Bacterial-Spot (620).jpg,processed,0.3082,12,
2026-07-30T12:09:00.421548+00:00,Bacterial-Spot(752),Bacterial-Spot (621).jpg,processed,0.3112,12,
2026-07-30T12:09:00.738218+00:00,Bacterial-Spot(752),Bacterial-Spot (622).jpg,processed,0.3113,12,
2026-07-30T12:09:01.073445+00:00,Bacterial-Spot(752),Bacterial-Spot (623).jpg,processed,0.3285,12,
2026-07-30T12:09:01.415833+00:00,Bacterial-Spot(752),Bacterial-Spot (624).jpg,processed,0.3375,12,
2026-07-30T12:09:01.751237+00:00,Bacterial-Spot(752),Bacterial-Spot (625).jpg,processed,0.3310,12,
2026-07-30T12:09:02.091133+00:00,Bacterial-Spot(752),Bacterial-Spot (626).jpg,processed,0.3337,12,
2026-07-30T12:09:02.445475+00:00,Bacterial-Spot(752),Bacterial-Spot (627).jpg,processed,0.3499,12,
2026-07-30T12:09:02.748902+00:00,Bacterial-Spot(752),Bacterial-Spot (628).jpg,processed,0.2958,12,
2026-07-30T12:09:03.029970+00:00,Bacterial-Spot(752),Bacterial-Spot (629).jpg,processed,0.2762,12,
2026-07-30T12:09:03.275730+00:00,Bacterial-Spot(752),Bacterial-Spot (63).jpg,processed,0.2418,12,
2026-07-30T12:09:03.590947+00:00,Bacterial-Spot(752),Bacterial-Spot (630).jpg,processed,0.3097,12,
2026-07-30T12:09:03.876771+00:00,Bacterial-Spot(752),Bacterial-Spot (631).jpg,processed,0.2819,12,
2026-07-30T12:09:04.148806+00:00,Bacterial-Spot(752),Bacterial-Spot (632).jpg,processed,0.2656,12,
2026-07-30T12:09:04.452580+00:00,Bacterial-Spot(752),Bacterial-Spot (633).jpg,processed,0.2987,12,
2026-07-30T12:09:04.735905+00:00,Bacterial-Spot(752),Bacterial-Spot (634).jpg,processed,0.2778,12,
2026-07-30T12:09:05.042029+00:00,Bacterial-Spot(752),Bacterial-Spot (635).jpg,processed,0.3016,12,
2026-07-30T12:09:05.478579+00:00,Bacterial-Spot(752),Bacterial-Spot (636).jpg,processed,0.4311,12,
2026-07-30T12:09:05.788876+00:00,Bacterial-Spot(752),Bacterial-Spot (637).jpg,processed,0.3047,12,
2026-07-30T12:09:06.074950+00:00,Bacterial-Spot(752),Bacterial-Spot (638).jpg,processed,0.2812,12,
2026-07-30T12:09:06.418190+00:00,Bacterial-Spot(752),Bacterial-Spot (639).jpg,processed,0.3380,12,
2026-07-30T12:09:06.676152+00:00,Bacterial-Spot(752),Bacterial-Spot (64).jpg,processed,0.2537,12,
2026-07-30T12:09:06.965313+00:00,Bacterial-Spot(752),Bacterial-Spot (640).jpg,processed,0.2828,12,
2026-07-30T12:09:07.253781+00:00,Bacterial-Spot(752),Bacterial-Spot (641).jpg,processed,0.2834,12,
2026-07-30T12:09:07.533174+00:00,Bacterial-Spot(752),Bacterial-Spot (642).jpg,processed,0.2697,12,
2026-07-30T12:09:07.825190+00:00,Bacterial-Spot(752),Bacterial-Spot (643).jpg,processed,0.2869,12,
2026-07-30T12:09:08.141325+00:00,Bacterial-Spot(752),Bacterial-Spot (644).jpg,processed,0.3110,12,
2026-07-30T12:09:08.410390+00:00,Bacterial-Spot(752),Bacterial-Spot (645).jpg,processed,0.2600,12,
2026-07-30T12:09:08.698325+00:00,Bacterial-Spot(752),Bacterial-Spot (646).jpg,processed,0.2836,12,
2026-07-30T12:09:08.960975+00:00,Bacterial-Spot(752),Bacterial-Spot (647).jpg,processed,0.2577,12,
2026-07-30T12:09:09.229312+00:00,Bacterial-Spot(752),Bacterial-Spot (648).jpg,processed,0.2636,12,
2026-07-30T12:09:09.523522+00:00,Bacterial-Spot(752),Bacterial-Spot (649).jpg,processed,0.2883,12,
2026-07-30T12:09:09.779457+00:00,Bacterial-Spot(752),Bacterial-Spot (65).jpg,processed,0.2514,12,
2026-07-30T12:09:10.051259+00:00,Bacterial-Spot(752),Bacterial-Spot (650).jpg,processed,0.2668,12,
2026-07-30T12:09:10.354678+00:00,Bacterial-Spot(752),Bacterial-Spot (651).jpg,processed,0.2986,12,
2026-07-30T12:09:10.637209+00:00,Bacterial-Spot(752),Bacterial-Spot (652).jpg,processed,0.2770,12,
2026-07-30T12:09:10.931994+00:00,Bacterial-Spot(752),Bacterial-Spot (653).jpg,processed,0.2890,12,
2026-07-30T12:09:11.211951+00:00,Bacterial-Spot(752),Bacterial-Spot (654).jpg,processed,0.2729,12,
2026-07-30T12:09:11.511936+00:00,Bacterial-Spot(752),Bacterial-Spot (655).jpg,processed,0.2949,12,
2026-07-30T12:09:11.877280+00:00,Bacterial-Spot(752),Bacterial-Spot (656).jpg,processed,0.3578,12,
2026-07-30T12:09:12.288525+00:00,Bacterial-Spot(752),Bacterial-Spot (657).jpg,processed,0.4036,12,
2026-07-30T12:09:12.662418+00:00,Bacterial-Spot(752),Bacterial-Spot (658).jpg,processed,0.3683,12,
2026-07-30T12:09:13.111247+00:00,Bacterial-Spot(752),Bacterial-Spot (659).jpg,processed,0.4434,12,
2026-07-30T12:09:13.417948+00:00,Bacterial-Spot(752),Bacterial-Spot (66).jpg,processed,0.3021,12,
2026-07-30T12:09:13.795601+00:00,Bacterial-Spot(752),Bacterial-Spot (660).jpg,processed,0.3722,12,
2026-07-30T12:09:14.120714+00:00,Bacterial-Spot(752),Bacterial-Spot (661).jpg,processed,0.3193,12,
2026-07-30T12:09:14.434514+00:00,Bacterial-Spot(752),Bacterial-Spot (662).JPG,processed,0.3073,12,
2026-07-30T12:09:14.733276+00:00,Bacterial-Spot(752),Bacterial-Spot (663).JPG,processed,0.2941,12,
2026-07-30T12:09:15.030494+00:00,Bacterial-Spot(752),Bacterial-Spot (664).JPG,processed,0.2925,12,
2026-07-30T12:09:15.337822+00:00,Bacterial-Spot(752),Bacterial-Spot (665).JPG,processed,0.3023,12,
2026-07-30T12:09:15.625606+00:00,Bacterial-Spot(752),Bacterial-Spot (666).JPG,processed,0.2829,12,
2026-07-30T12:09:15.914743+00:00,Bacterial-Spot(752),Bacterial-Spot (667).JPG,processed,0.2845,12,
2026-07-30T12:09:16.213560+00:00,Bacterial-Spot(752),Bacterial-Spot (668).JPG,processed,0.2935,12,
2026-07-30T12:09:16.529555+00:00,Bacterial-Spot(752),Bacterial-Spot (669).JPG,processed,0.3118,12,
2026-07-30T12:09:16.772748+00:00,Bacterial-Spot(752),Bacterial-Spot (67).jpg,processed,0.2381,12,
2026-07-30T12:09:17.063804+00:00,Bacterial-Spot(752),Bacterial-Spot (670).JPG,processed,0.2860,12,
2026-07-30T12:09:17.350186+00:00,Bacterial-Spot(752),Bacterial-Spot (671).JPG,processed,0.2818,12,
2026-07-30T12:09:17.604936+00:00,Bacterial-Spot(752),Bacterial-Spot (672).JPG,processed,0.2503,12,
2026-07-30T12:09:17.885381+00:00,Bacterial-Spot(752),Bacterial-Spot (673).JPG,processed,0.2756,12,
2026-07-30T12:09:18.186433+00:00,Bacterial-Spot(752),Bacterial-Spot (674).JPG,processed,0.2933,12,
2026-07-30T12:09:18.471712+00:00,Bacterial-Spot(752),Bacterial-Spot (675).JPG,processed,0.2808,12,
2026-07-30T12:09:18.749844+00:00,Bacterial-Spot(752),Bacterial-Spot (676).JPG,processed,0.2730,12,
2026-07-30T12:09:19.039399+00:00,Bacterial-Spot(752),Bacterial-Spot (677).JPG,processed,0.2837,12,
2026-07-30T12:09:19.344914+00:00,Bacterial-Spot(752),Bacterial-Spot (678).JPG,processed,0.3014,12,
2026-07-30T12:09:19.627545+00:00,Bacterial-Spot(752),Bacterial-Spot (679).JPG,processed,0.2773,12,
2026-07-30T12:09:19.927190+00:00,Bacterial-Spot(752),Bacterial-Spot (68).jpg,processed,0.2949,12,
2026-07-30T12:09:20.248445+00:00,Bacterial-Spot(752),Bacterial-Spot (680).JPG,processed,0.3165,12,
2026-07-30T12:09:20.555192+00:00,Bacterial-Spot(752),Bacterial-Spot (681).JPG,processed,0.3014,12,
2026-07-30T12:09:20.822289+00:00,Bacterial-Spot(752),Bacterial-Spot (682).JPG,processed,0.2627,12,
2026-07-30T12:09:21.119404+00:00,Bacterial-Spot(752),Bacterial-Spot (683).JPG,processed,0.2925,12,
2026-07-30T12:09:21.427112+00:00,Bacterial-Spot(752),Bacterial-Spot (684).JPG,processed,0.3037,12,
2026-07-30T12:09:21.726148+00:00,Bacterial-Spot(752),Bacterial-Spot (685).jpg,processed,0.2929,12,
2026-07-30T12:09:22.053632+00:00,Bacterial-Spot(752),Bacterial-Spot (686).jpg,processed,0.3198,12,
2026-07-30T12:09:22.390134+00:00,Bacterial-Spot(752),Bacterial-Spot (687).jpg,processed,0.3310,12,
2026-07-30T12:09:22.757482+00:00,Bacterial-Spot(752),Bacterial-Spot (688).jpg,processed,0.3624,12,
2026-07-30T12:09:23.124896+00:00,Bacterial-Spot(752),Bacterial-Spot (689).jpg,processed,0.3620,12,
2026-07-30T12:09:23.395671+00:00,Bacterial-Spot(752),Bacterial-Spot (69).jpg,processed,0.2665,12,
2026-07-30T12:09:23.691203+00:00,Bacterial-Spot(752),Bacterial-Spot (690).jpg,processed,0.2886,12,
2026-07-30T12:09:24.014375+00:00,Bacterial-Spot(752),Bacterial-Spot (691).jpg,processed,0.3184,12,
2026-07-30T12:09:24.326959+00:00,Bacterial-Spot(752),Bacterial-Spot (692).jpg,processed,0.3072,12,
2026-07-30T12:09:24.624200+00:00,Bacterial-Spot(752),Bacterial-Spot (693).jpg,processed,0.2933,12,
2026-07-30T12:09:24.935927+00:00,Bacterial-Spot(752),Bacterial-Spot (694).jpg,processed,0.3064,12,
2026-07-30T12:09:25.313263+00:00,Bacterial-Spot(752),Bacterial-Spot (695).jpg,processed,0.3730,12,
2026-07-30T12:09:25.595951+00:00,Bacterial-Spot(752),Bacterial-Spot (696).jpg,processed,0.2764,12,
2026-07-30T12:09:25.898501+00:00,Bacterial-Spot(752),Bacterial-Spot (697).jpg,processed,0.2972,12,
2026-07-30T12:09:26.209999+00:00,Bacterial-Spot(752),Bacterial-Spot (698).jpg,processed,0.3074,12,
2026-07-30T12:09:26.507464+00:00,Bacterial-Spot(752),Bacterial-Spot (699).jpg,processed,0.2904,12,
2026-07-30T12:09:26.840397+00:00,Bacterial-Spot(752),Bacterial-Spot (7).jpg,processed,0.3255,12,
2026-07-30T12:09:27.113831+00:00,Bacterial-Spot(752),Bacterial-Spot (70).jpg,processed,0.2686,12,
2026-07-30T12:09:27.387408+00:00,Bacterial-Spot(752),Bacterial-Spot (700).jpg,processed,0.2675,12,
2026-07-30T12:09:27.679864+00:00,Bacterial-Spot(752),Bacterial-Spot (701).jpg,processed,0.2878,12,
2026-07-30T12:09:28.001542+00:00,Bacterial-Spot(752),Bacterial-Spot (702).jpg,processed,0.3172,12,
2026-07-30T12:09:28.306510+00:00,Bacterial-Spot(752),Bacterial-Spot (703).jpg,processed,0.3009,12,
2026-07-30T12:09:28.615081+00:00,Bacterial-Spot(752),Bacterial-Spot (704).jpg,processed,0.3014,12,
2026-07-30T12:09:28.939389+00:00,Bacterial-Spot(752),Bacterial-Spot (705).jpg,processed,0.3177,12,
2026-07-30T12:09:29.248186+00:00,Bacterial-Spot(752),Bacterial-Spot (706).jpg,processed,0.3042,12,
2026-07-30T12:09:29.538417+00:00,Bacterial-Spot(752),Bacterial-Spot (707).jpg,processed,0.2845,12,
2026-07-30T12:09:29.806613+00:00,Bacterial-Spot(752),Bacterial-Spot (708).jpg,processed,0.2631,12,
2026-07-30T12:09:30.084695+00:00,Bacterial-Spot(752),Bacterial-Spot (709).jpg,processed,0.2720,12,
2026-07-30T12:09:30.367787+00:00,Bacterial-Spot(752),Bacterial-Spot (71).jpg,processed,0.2781,12,
2026-07-30T12:09:30.701497+00:00,Bacterial-Spot(752),Bacterial-Spot (710).jpg,processed,0.3290,12,
2026-07-30T12:09:31.013760+00:00,Bacterial-Spot(752),Bacterial-Spot (711).jpg,processed,0.3068,12,
2026-07-30T12:09:31.323281+00:00,Bacterial-Spot(752),Bacterial-Spot (712).jpg,processed,0.3045,12,
2026-07-30T12:09:31.640614+00:00,Bacterial-Spot(752),Bacterial-Spot (713).jpg,processed,0.3113,12,
2026-07-30T12:09:31.931020+00:00,Bacterial-Spot(752),Bacterial-Spot (714).jpg,processed,0.2851,12,
2026-07-30T12:09:32.259908+00:00,Bacterial-Spot(752),Bacterial-Spot (715).jpg,processed,0.3246,12,
2026-07-30T12:09:32.629618+00:00,Bacterial-Spot(752),Bacterial-Spot (716).jpg,processed,0.3645,12,
2026-07-30T12:09:32.908678+00:00,Bacterial-Spot(752),Bacterial-Spot (717).jpg,processed,0.2730,12,
2026-07-30T12:09:33.232789+00:00,Bacterial-Spot(752),Bacterial-Spot (718).jpg,processed,0.3182,12,
2026-07-30T12:09:33.554424+00:00,Bacterial-Spot(752),Bacterial-Spot (719).jpg,processed,0.3108,12,
2026-07-30T12:09:33.808017+00:00,Bacterial-Spot(752),Bacterial-Spot (72).jpg,processed,0.2495,12,
2026-07-30T12:09:34.129978+00:00,Bacterial-Spot(752),Bacterial-Spot (720).jpg,processed,0.3160,12,
2026-07-30T12:09:34.495136+00:00,Bacterial-Spot(752),Bacterial-Spot (721).jpg,processed,0.3593,12,
2026-07-30T12:09:34.766479+00:00,Bacterial-Spot(752),Bacterial-Spot (722).jpg,processed,0.2665,12,
2026-07-30T12:09:35.073834+00:00,Bacterial-Spot(752),Bacterial-Spot (723).jpg,processed,0.3029,12,
2026-07-30T12:09:35.399921+00:00,Bacterial-Spot(752),Bacterial-Spot (724).jpg,processed,0.3199,12,
2026-07-30T12:09:35.694895+00:00,Bacterial-Spot(752),Bacterial-Spot (725).jpg,processed,0.2895,12,
2026-07-30T12:09:35.982836+00:00,Bacterial-Spot(752),Bacterial-Spot (726).jpg,processed,0.2827,12,
2026-07-30T12:09:36.303460+00:00,Bacterial-Spot(752),Bacterial-Spot (727).jpg,processed,0.3152,12,
2026-07-30T12:09:36.611796+00:00,Bacterial-Spot(752),Bacterial-Spot (728).jpg,processed,0.3032,12,
2026-07-30T12:09:36.928141+00:00,Bacterial-Spot(752),Bacterial-Spot (729).jpg,processed,0.3112,12,
2026-07-30T12:09:37.192111+00:00,Bacterial-Spot(752),Bacterial-Spot (73).jpg,processed,0.2588,12,
2026-07-30T12:09:37.489616+00:00,Bacterial-Spot(752),Bacterial-Spot (730).jpg,processed,0.2925,12,
2026-07-30T12:09:37.898290+00:00,Bacterial-Spot(752),Bacterial-Spot (731).jpg,processed,0.4027,12,
2026-07-30T12:09:38.313458+00:00,Bacterial-Spot(752),Bacterial-Spot (732).jpg,processed,0.4089,12,
2026-07-30T12:09:38.660988+00:00,Bacterial-Spot(752),Bacterial-Spot (733).jpg,processed,0.3422,12,
2026-07-30T12:09:38.982887+00:00,Bacterial-Spot(752),Bacterial-Spot (734).jpg,processed,0.3172,12,
2026-07-30T12:09:39.343207+00:00,Bacterial-Spot(752),Bacterial-Spot (735).jpg,processed,0.3514,12,
2026-07-30T12:09:39.633260+00:00,Bacterial-Spot(752),Bacterial-Spot (736).jpg,processed,0.2853,12,
2026-07-30T12:09:39.926132+00:00,Bacterial-Spot(752),Bacterial-Spot (737).jpg,processed,0.2888,12,
2026-07-30T12:09:40.210329+00:00,Bacterial-Spot(752),Bacterial-Spot (738).jpg,processed,0.2781,12,
2026-07-30T12:09:40.518647+00:00,Bacterial-Spot(752),Bacterial-Spot (739).jpg,processed,0.3036,12,
2026-07-30T12:09:40.781603+00:00,Bacterial-Spot(752),Bacterial-Spot (74).jpg,processed,0.2586,12,
2026-07-30T12:09:41.053501+00:00,Bacterial-Spot(752),Bacterial-Spot (740).jpg,processed,0.2673,12,
2026-07-30T12:09:41.347003+00:00,Bacterial-Spot(752),Bacterial-Spot (741).jpg,processed,0.2884,12,
2026-07-30T12:09:41.651819+00:00,Bacterial-Spot(752),Bacterial-Spot (742).jpg,processed,0.2998,12,
2026-07-30T12:09:41.957717+00:00,Bacterial-Spot(752),Bacterial-Spot (743).jpg,processed,0.3008,12,
2026-07-30T12:09:42.285714+00:00,Bacterial-Spot(752),Bacterial-Spot (744).jpg,processed,0.3226,12,
2026-07-30T12:09:42.592052+00:00,Bacterial-Spot(752),Bacterial-Spot (745).jpg,processed,0.2988,12,
2026-07-30T12:09:42.907044+00:00,Bacterial-Spot(752),Bacterial-Spot (746).jpg,processed,0.3107,12,
2026-07-30T12:09:43.223582+00:00,Bacterial-Spot(752),Bacterial-Spot (747).jpg,processed,0.3108,12,
2026-07-30T12:09:43.540785+00:00,Bacterial-Spot(752),Bacterial-Spot (748).jpg,processed,0.3118,12,
2026-07-30T12:09:43.847975+00:00,Bacterial-Spot(752),Bacterial-Spot (749).jpg,processed,0.3026,12,
2026-07-30T12:09:44.129423+00:00,Bacterial-Spot(752),Bacterial-Spot (75).jpg,processed,0.2755,12,
2026-07-30T12:09:44.434655+00:00,Bacterial-Spot(752),Bacterial-Spot (750).jpg,processed,0.3007,12,
2026-07-30T12:09:44.723503+00:00,Bacterial-Spot(752),Bacterial-Spot (751).jpg,processed,0.2843,12,
2026-07-30T12:09:44.993012+00:00,Bacterial-Spot(752),Bacterial-Spot (752).jpg,processed,0.2648,12,
2026-07-30T12:09:45.250490+00:00,Bacterial-Spot(752),Bacterial-Spot (76).jpg,processed,0.2530,12,
2026-07-30T12:09:45.529606+00:00,Bacterial-Spot(752),Bacterial-Spot (77).jpg,processed,0.2746,12,
2026-07-30T12:09:45.800955+00:00,Bacterial-Spot(752),Bacterial-Spot (78).jpg,processed,0.2670,12,
2026-07-30T12:09:46.045852+00:00,Bacterial-Spot(752),Bacterial-Spot (79).jpg,processed,0.2402,12,
2026-07-30T12:09:46.345314+00:00,Bacterial-Spot(752),Bacterial-Spot (8).jpg,processed,0.2949,12,
2026-07-30T12:09:46.625448+00:00,Bacterial-Spot(752),Bacterial-Spot (80).jpg,processed,0.2754,12,
2026-07-30T12:09:46.912971+00:00,Bacterial-Spot(752),Bacterial-Spot (81).jpg,processed,0.2830,12,
2026-07-30T12:09:47.190119+00:00,Bacterial-Spot(752),Bacterial-Spot (82).jpg,processed,0.2708,12,
2026-07-30T12:09:47.454272+00:00,Bacterial-Spot(752),Bacterial-Spot (83).jpg,processed,0.2588,12,
2026-07-30T12:09:47.719167+00:00,Bacterial-Spot(752),Bacterial-Spot (84).jpg,processed,0.2599,12,
2026-07-30T12:09:47.963266+00:00,Bacterial-Spot(752),Bacterial-Spot (85).jpg,processed,0.2392,12,
2026-07-30T12:09:48.281335+00:00,Bacterial-Spot(752),Bacterial-Spot (86).jpg,processed,0.3135,12,
2026-07-30T12:09:48.577089+00:00,Bacterial-Spot(752),Bacterial-Spot (87).jpg,processed,0.2907,12,
2026-07-30T12:09:48.856321+00:00,Bacterial-Spot(752),Bacterial-Spot (88).jpg,processed,0.2742,12,
2026-07-30T12:09:49.138255+00:00,Bacterial-Spot(752),Bacterial-Spot (89).jpg,processed,0.2762,12,
2026-07-30T12:09:49.443799+00:00,Bacterial-Spot(752),Bacterial-Spot (9).jpg,processed,0.2981,12,
2026-07-30T12:09:49.743008+00:00,Bacterial-Spot(752),Bacterial-Spot (90).jpg,processed,0.2936,12,
2026-07-30T12:09:50.014845+00:00,Bacterial-Spot(752),Bacterial-Spot (91).jpg,processed,0.2654,12,
2026-07-30T12:09:50.287119+00:00,Bacterial-Spot(752),Bacterial-Spot (92).jpg,processed,0.2657,12,
2026-07-30T12:09:50.562752+00:00,Bacterial-Spot(752),Bacterial-Spot (93).jpg,processed,0.2705,12,
2026-07-30T12:09:50.837878+00:00,Bacterial-Spot(752),Bacterial-Spot (94).jpg,processed,0.2681,12,
2026-07-30T12:09:51.124855+00:00,Bacterial-Spot(752),Bacterial-Spot (95).jpg,processed,0.2824,12,
2026-07-30T12:09:51.413707+00:00,Bacterial-Spot(752),Bacterial-Spot (96).jpg,processed,0.2841,12,
2026-07-30T12:09:51.717390+00:00,Bacterial-Spot(752),Bacterial-Spot (97).jpg,processed,0.2974,12,
2026-07-30T12:09:52.053643+00:00,Bacterial-Spot(752),Bacterial-Spot (98).jpg,processed,0.3317,12,
2026-07-30T12:09:52.358144+00:00,Bacterial-Spot(752),Bacterial-Spot (99).jpg,processed,0.3004,12,
2026-07-30T12:09:52.625652+00:00,Downy-Mildew(240),Downy-Mildew (1).jpg,processed,0.2633,12,
2026-07-30T12:09:52.936838+00:00,Downy-Mildew(240),Downy-Mildew (10).jpg,processed,0.3037,12,
2026-07-30T12:09:53.247993+00:00,Downy-Mildew(240),Downy-Mildew (100).jpg,processed,0.3061,12,
2026-07-30T12:09:53.554003+00:00,Downy-Mildew(240),Downy-Mildew (101).jpg,processed,0.3015,12,
2026-07-30T12:09:53.804710+00:00,Downy-Mildew(240),Downy-Mildew (102).jpg,processed,0.2456,12,
2026-07-30T12:09:54.101241+00:00,Downy-Mildew(240),Downy-Mildew (103).jpg,processed,0.2908,12,
2026-07-30T12:09:54.432253+00:00,Downy-Mildew(240),Downy-Mildew (104).jpg,processed,0.3253,12,
2026-07-30T12:09:54.849399+00:00,Downy-Mildew(240),Downy-Mildew (105).jpg,processed,0.4128,12,
2026-07-30T12:09:55.159036+00:00,Downy-Mildew(240),Downy-Mildew (106).jpg,processed,0.3038,12,
2026-07-30T12:09:55.466420+00:00,Downy-Mildew(240),Downy-Mildew (107).jpg,processed,0.3017,12,
2026-07-30T12:09:55.776905+00:00,Downy-Mildew(240),Downy-Mildew (108).jpg,processed,0.3053,12,
2026-07-30T12:09:56.086106+00:00,Downy-Mildew(240),Downy-Mildew (109).jpg,processed,0.3031,12,
2026-07-30T12:09:56.354722+00:00,Downy-Mildew(240),Downy-Mildew (11).jpg,processed,0.2638,12,
2026-07-30T12:09:56.631652+00:00,Downy-Mildew(240),Downy-Mildew (110).jpg,processed,0.2726,12,
2026-07-30T12:09:56.935011+00:00,Downy-Mildew(240),Downy-Mildew (111).jpg,processed,0.2974,12,
2026-07-30T12:09:57.220434+00:00,Downy-Mildew(240),Downy-Mildew (112).jpg,processed,0.2794,12,
2026-07-30T12:09:57.498693+00:00,Downy-Mildew(240),Downy-Mildew (113).jpg,processed,0.2719,12,
2026-07-30T12:09:57.817720+00:00,Downy-Mildew(240),Downy-Mildew (114).jpg,processed,0.3139,12,
2026-07-30T12:09:58.099199+00:00,Downy-Mildew(240),Downy-Mildew (115).jpg,processed,0.2745,12,
2026-07-30T12:09:58.382296+00:00,Downy-Mildew(240),Downy-Mildew (116).jpg,processed,0.2782,12,
2026-07-30T12:09:58.662988+00:00,Downy-Mildew(240),Downy-Mildew (117).jpg,processed,0.2760,12,
2026-07-30T12:09:59.026562+00:00,Downy-Mildew(240),Downy-Mildew (118).jpg,processed,0.3581,12,
2026-07-30T12:09:59.359693+00:00,Downy-Mildew(240),Downy-Mildew (119).jpg,processed,0.3284,12,
2026-07-30T12:09:59.612102+00:00,Downy-Mildew(240),Downy-Mildew (12).jpg,processed,0.2484,12,
2026-07-30T12:09:59.906237+00:00,Downy-Mildew(240),Downy-Mildew (120).jpg,processed,0.2899,12,
2026-07-30T12:10:00.182795+00:00,Downy-Mildew(240),Downy-Mildew (121).jpg,processed,0.2721,12,
2026-07-30T12:10:00.472539+00:00,Downy-Mildew(240),Downy-Mildew (122).jpg,processed,0.2857,12,
2026-07-30T12:10:00.761859+00:00,Downy-Mildew(240),Downy-Mildew (123).jpg,processed,0.2846,12,
2026-07-30T12:10:01.036171+00:00,Downy-Mildew(240),Downy-Mildew (124).jpg,processed,0.2693,12,
2026-07-30T12:10:01.393413+00:00,Downy-Mildew(240),Downy-Mildew (125).jpg,processed,0.3526,12,
2026-07-30T12:10:01.712393+00:00,Downy-Mildew(240),Downy-Mildew (126).jpg,processed,0.3151,12,
2026-07-30T12:10:01.998727+00:00,Downy-Mildew(240),Downy-Mildew (127).jpg,processed,0.2823,12,
2026-07-30T12:10:02.276405+00:00,Downy-Mildew(240),Downy-Mildew (128).jpg,processed,0.2735,12,
2026-07-30T12:10:02.555573+00:00,Downy-Mildew(240),Downy-Mildew (129).jpg,processed,0.2734,12,
2026-07-30T12:10:02.795387+00:00,Downy-Mildew(240),Downy-Mildew (13).jpg,processed,0.2357,12,
2026-07-30T12:10:03.249182+00:00,Downy-Mildew(240),Downy-Mildew (130).jpg,processed,0.4273,12,
2026-07-30T12:10:03.592174+00:00,Downy-Mildew(240),Downy-Mildew (131).jpg,processed,0.3382,12,
2026-07-30T12:10:03.868189+00:00,Downy-Mildew(240),Downy-Mildew (132).jpg,processed,0.2714,12,
2026-07-30T12:10:04.127242+00:00,Downy-Mildew(240),Downy-Mildew (133).jpg,processed,0.2550,12,
2026-07-30T12:10:04.391145+00:00,Downy-Mildew(240),Downy-Mildew (134).jpg,processed,0.2586,12,
2026-07-30T12:10:04.649946+00:00,Downy-Mildew(240),Downy-Mildew (135).jpg,processed,0.2542,12,
2026-07-30T12:10:04.913224+00:00,Downy-Mildew(240),Downy-Mildew (136).jpg,processed,0.2594,12,
2026-07-30T12:10:05.169381+00:00,Downy-Mildew(240),Downy-Mildew (137).jpg,processed,0.2511,12,
2026-07-30T12:10:05.433311+00:00,Downy-Mildew(240),Downy-Mildew (138).jpg,processed,0.2594,12,
2026-07-30T12:10:05.708060+00:00,Downy-Mildew(240),Downy-Mildew (139).jpg,processed,0.2701,12,
2026-07-30T12:10:05.962541+00:00,Downy-Mildew(240),Downy-Mildew (14).jpg,processed,0.2501,12,
2026-07-30T12:10:06.235937+00:00,Downy-Mildew(240),Downy-Mildew (140).jpg,processed,0.2687,12,
2026-07-30T12:10:06.504557+00:00,Downy-Mildew(240),Downy-Mildew (141).jpg,processed,0.2640,12,
2026-07-30T12:10:06.764079+00:00,Downy-Mildew(240),Downy-Mildew (142).jpg,processed,0.2544,12,
2026-07-30T12:10:07.030245+00:00,Downy-Mildew(240),Downy-Mildew (143).jpg,processed,0.2619,12,
2026-07-30T12:10:07.312502+00:00,Downy-Mildew(240),Downy-Mildew (144).jpg,processed,0.2777,12,
2026-07-30T12:10:07.580397+00:00,Downy-Mildew(240),Downy-Mildew (145).jpg,processed,0.2629,12,
2026-07-30T12:10:07.949255+00:00,Downy-Mildew(240),Downy-Mildew (146).jpg,processed,0.3646,12,
2026-07-30T12:10:08.227556+00:00,Downy-Mildew(240),Downy-Mildew (147).jpg,processed,0.2741,12,
2026-07-30T12:10:08.501240+00:00,Downy-Mildew(240),Downy-Mildew (148).jpg,processed,0.2694,12,
2026-07-30T12:10:08.761847+00:00,Downy-Mildew(240),Downy-Mildew (149).jpg,processed,0.2567,12,
2026-07-30T12:10:08.998963+00:00,Downy-Mildew(240),Downy-Mildew (15).jpg,processed,0.2330,12,
2026-07-30T12:10:09.264429+00:00,Downy-Mildew(240),Downy-Mildew (150).jpg,processed,0.2606,12,
2026-07-30T12:10:09.526202+00:00,Downy-Mildew(240),Downy-Mildew (151).jpg,processed,0.2574,12,
2026-07-30T12:10:09.800232+00:00,Downy-Mildew(240),Downy-Mildew (152).jpg,processed,0.2693,12,
2026-07-30T12:10:10.149737+00:00,Downy-Mildew(240),Downy-Mildew (153).jpg,processed,0.3440,12,
2026-07-30T12:10:10.437250+00:00,Downy-Mildew(240),Downy-Mildew (154).jpg,processed,0.2829,12,
2026-07-30T12:10:10.697438+00:00,Downy-Mildew(240),Downy-Mildew (155).jpg,processed,0.2548,12,
2026-07-30T12:10:10.957003+00:00,Downy-Mildew(240),Downy-Mildew (156).jpg,processed,0.2552,12,
2026-07-30T12:10:11.208705+00:00,Downy-Mildew(240),Downy-Mildew (157).jpg,processed,0.2464,12,
2026-07-30T12:10:11.464800+00:00,Downy-Mildew(240),Downy-Mildew (158).jpg,processed,0.2507,12,
2026-07-30T12:10:11.731165+00:00,Downy-Mildew(240),Downy-Mildew (159).jpg,processed,0.2619,12,
2026-07-30T12:10:11.982863+00:00,Downy-Mildew(240),Downy-Mildew (16).jpg,processed,0.2474,12,
2026-07-30T12:10:12.308028+00:00,Downy-Mildew(240),Downy-Mildew (160).jpg,processed,0.3211,12,
2026-07-30T12:10:12.611117+00:00,Downy-Mildew(240),Downy-Mildew (161).jpg,processed,0.2985,12,
2026-07-30T12:10:12.871764+00:00,Downy-Mildew(240),Downy-Mildew (162).jpg,processed,0.2565,12,
2026-07-30T12:10:13.136105+00:00,Downy-Mildew(240),Downy-Mildew (163).jpg,processed,0.2587,12,
2026-07-30T12:10:13.403212+00:00,Downy-Mildew(240),Downy-Mildew (164).jpg,processed,0.2617,12,
2026-07-30T12:10:13.676064+00:00,Downy-Mildew(240),Downy-Mildew (165).jpg,processed,0.2685,12,
2026-07-30T12:10:14.058432+00:00,Downy-Mildew(240),Downy-Mildew (166).jpg,processed,0.3773,12,
2026-07-30T12:10:14.330773+00:00,Downy-Mildew(240),Downy-Mildew (167).jpg,processed,0.2679,12,
2026-07-30T12:10:14.606430+00:00,Downy-Mildew(240),Downy-Mildew (168).jpg,processed,0.2706,12,
2026-07-30T12:10:14.883437+00:00,Downy-Mildew(240),Downy-Mildew (169).jpg,processed,0.2726,12,
2026-07-30T12:10:15.208585+00:00,Downy-Mildew(240),Downy-Mildew (17).jpg,processed,0.3196,12,
2026-07-30T12:10:15.498080+00:00,Downy-Mildew(240),Downy-Mildew (170).jpg,processed,0.2835,12,
2026-07-30T12:10:15.767781+00:00,Downy-Mildew(240),Downy-Mildew (171).jpg,processed,0.2646,12,
2026-07-30T12:10:16.032314+00:00,Downy-Mildew(240),Downy-Mildew (172).jpg,processed,0.2595,12,
2026-07-30T12:10:16.290409+00:00,Downy-Mildew(240),Downy-Mildew (173).jpg,processed,0.2527,12,
2026-07-30T12:10:16.611549+00:00,Downy-Mildew(240),Downy-Mildew (174).jpg,processed,0.3169,12,
2026-07-30T12:10:16.889769+00:00,Downy-Mildew(240),Downy-Mildew (175).jpg,processed,0.2716,12,
2026-07-30T12:10:17.193736+00:00,Downy-Mildew(240),Downy-Mildew (176).jpg,processed,0.2968,12,
2026-07-30T12:10:17.480339+00:00,Downy-Mildew(240),Downy-Mildew (177).jpg,processed,0.2813,12,
2026-07-30T12:10:17.740360+00:00,Downy-Mildew(240),Downy-Mildew (178).jpg,processed,0.2542,12,
2026-07-30T12:10:18.010115+00:00,Downy-Mildew(240),Downy-Mildew (179).jpg,processed,0.2646,12,
2026-07-30T12:10:18.245626+00:00,Downy-Mildew(240),Downy-Mildew (18).jpg,processed,0.2308,12,
2026-07-30T12:10:18.515019+00:00,Downy-Mildew(240),Downy-Mildew (180).jpg,processed,0.2651,12,
2026-07-30T12:10:18.853574+00:00,Downy-Mildew(240),Downy-Mildew (181).jpg,processed,0.3329,12,
2026-07-30T12:10:19.142656+00:00,Downy-Mildew(240),Downy-Mildew (182).jpg,processed,0.2845,12,
2026-07-30T12:10:19.418152+00:00,Downy-Mildew(240),Downy-Mildew (183).jpg,processed,0.2712,12,
2026-07-30T12:10:19.709185+00:00,Downy-Mildew(240),Downy-Mildew (184).jpg,processed,0.2864,12,
2026-07-30T12:10:19.968775+00:00,Downy-Mildew(240),Downy-Mildew (185).jpg,processed,0.2548,12,
2026-07-30T12:10:20.230631+00:00,Downy-Mildew(240),Downy-Mildew (186).jpg,processed,0.2574,12,
2026-07-30T12:10:20.503356+00:00,Downy-Mildew(240),Downy-Mildew (187).jpg,processed,0.2677,12,
2026-07-30T12:10:20.779052+00:00,Downy-Mildew(240),Downy-Mildew (188).jpg,processed,0.2711,12,
2026-07-30T12:10:21.117468+00:00,Downy-Mildew(240),Downy-Mildew (189).jpg,processed,0.2786,12,
2026-07-30T12:10:21.427979+00:00,Downy-Mildew(240),Downy-Mildew (19).jpg,processed,0.3056,12,
2026-07-30T12:10:21.684494+00:00,Downy-Mildew(240),Downy-Mildew (190).jpg,processed,0.2518,12,
2026-07-30T12:10:21.941291+00:00,Downy-Mildew(240),Downy-Mildew (191).jpg,processed,0.2515,12,
2026-07-30T12:10:22.201710+00:00,Downy-Mildew(240),Downy-Mildew (192).jpg,processed,0.2546,12,
2026-07-30T12:10:22.587929+00:00,Downy-Mildew(240),Downy-Mildew (193).jpg,processed,0.3816,12,
2026-07-30T12:10:22.869113+00:00,Downy-Mildew(240),Downy-Mildew (194).jpg,processed,0.2766,12,
2026-07-30T12:10:23.158545+00:00,Downy-Mildew(240),Downy-Mildew (195).jpg,processed,0.2847,12,
2026-07-30T12:10:23.421654+00:00,Downy-Mildew(240),Downy-Mildew (196).jpg,processed,0.2583,12,
2026-07-30T12:10:23.755061+00:00,Downy-Mildew(240),Downy-Mildew (197).jpg,processed,0.3280,12,
2026-07-30T12:10:24.110234+00:00,Downy-Mildew(240),Downy-Mildew (198).jpg,processed,0.3496,12,
2026-07-30T12:10:24.421529+00:00,Downy-Mildew(240),Downy-Mildew (199).jpg,processed,0.3072,12,
2026-07-30T12:10:24.662516+00:00,Downy-Mildew(240),Downy-Mildew (2).jpg,processed,0.2362,12,
2026-07-30T12:10:24.933221+00:00,Downy-Mildew(240),Downy-Mildew (20).jpg,processed,0.2658,12,
2026-07-30T12:10:25.212381+00:00,Downy-Mildew(240),Downy-Mildew (200).jpg,processed,0.2743,12,
2026-07-30T12:10:25.631506+00:00,Downy-Mildew(240),Downy-Mildew (201).jpg,processed,0.4132,12,
2026-07-30T12:10:25.912421+00:00,Downy-Mildew(240),Downy-Mildew (202).jpg,processed,0.2765,12,
2026-07-30T12:10:26.167220+00:00,Downy-Mildew(240),Downy-Mildew (203).jpg,processed,0.2501,12,
2026-07-30T12:10:26.437315+00:00,Downy-Mildew(240),Downy-Mildew (204).jpg,processed,0.2648,12,
2026-07-30T12:10:26.724454+00:00,Downy-Mildew(240),Downy-Mildew (205).jpg,processed,0.2820,12,
2026-07-30T12:10:27.007292+00:00,Downy-Mildew(240),Downy-Mildew (206).jpg,processed,0.2779,12,
2026-07-30T12:10:27.299709+00:00,Downy-Mildew(240),Downy-Mildew (207).jpg,processed,0.2867,12,
2026-07-30T12:10:27.584199+00:00,Downy-Mildew(240),Downy-Mildew (208).jpg,processed,0.2798,12,
2026-07-30T12:10:27.858476+00:00,Downy-Mildew(240),Downy-Mildew (209).jpg,processed,0.2694,12,
2026-07-30T12:10:28.252504+00:00,Downy-Mildew(240),Downy-Mildew (21).jpg,processed,0.3896,12,
2026-07-30T12:10:28.546443+00:00,Downy-Mildew(240),Downy-Mildew (210).jpg,processed,0.2899,12,
2026-07-30T12:10:28.801148+00:00,Downy-Mildew(240),Downy-Mildew (211).jpg,processed,0.2500,12,
2026-07-30T12:10:29.057600+00:00,Downy-Mildew(240),Downy-Mildew (212).jpg,processed,0.2525,12,
2026-07-30T12:10:29.312897+00:00,Downy-Mildew(240),Downy-Mildew (213).jpg,processed,0.2507,12,
2026-07-30T12:10:29.566955+00:00,Downy-Mildew(240),Downy-Mildew (214).jpg,processed,0.2489,12,
2026-07-30T12:10:29.837835+00:00,Downy-Mildew(240),Downy-Mildew (215).jpg,processed,0.2657,12,
2026-07-30T12:10:30.106699+00:00,Downy-Mildew(240),Downy-Mildew (216).jpg,processed,0.2634,12,
2026-07-30T12:10:30.380597+00:00,Downy-Mildew(240),Downy-Mildew (217).jpg,processed,0.2690,12,
2026-07-30T12:10:30.644638+00:00,Downy-Mildew(240),Downy-Mildew (218).jpg,processed,0.2599,12,
2026-07-30T12:10:30.907636+00:00,Downy-Mildew(240),Downy-Mildew (219).jpg,processed,0.2580,12,
2026-07-30T12:10:31.136122+00:00,Downy-Mildew(240),Downy-Mildew (22).jpg,processed,0.2240,12,
2026-07-30T12:10:31.399065+00:00,Downy-Mildew(240),Downy-Mildew (220).jpg,processed,0.2581,12,
2026-07-30T12:10:31.674491+00:00,Downy-Mildew(240),Downy-Mildew (221).jpg,processed,0.2695,12,
2026-07-30T12:10:32.045934+00:00,Downy-Mildew(240),Downy-Mildew (222).jpg,processed,0.3652,12,
2026-07-30T12:10:32.331315+00:00,Downy-Mildew(240),Downy-Mildew (223).jpg,processed,0.2805,12,
2026-07-30T12:10:32.616031+00:00,Downy-Mildew(240),Downy-Mildew (224).jpg,processed,0.2801,12,
2026-07-30T12:10:32.871907+00:00,Downy-Mildew(240),Downy-Mildew (225).jpg,processed,0.2513,12,
2026-07-30T12:10:33.133758+00:00,Downy-Mildew(240),Downy-Mildew (226).jpg,processed,0.2574,12,
2026-07-30T12:10:33.387159+00:00,Downy-Mildew(240),Downy-Mildew (227).jpg,processed,0.2484,12,
2026-07-30T12:10:33.649336+00:00,Downy-Mildew(240),Downy-Mildew (228).jpg,processed,0.2576,12,
2026-07-30T12:10:33.910731+00:00,Downy-Mildew(240),Downy-Mildew (229).jpg,processed,0.2563,12,
2026-07-30T12:10:34.173102+00:00,Downy-Mildew(240),Downy-Mildew (23).jpg,processed,0.2571,12,
2026-07-30T12:10:34.482008+00:00,Downy-Mildew(240),Downy-Mildew (230).jpg,processed,0.3044,12,
2026-07-30T12:10:34.736476+00:00,Downy-Mildew(240),Downy-Mildew (231).jpg,processed,0.2496,12,
2026-07-30T12:10:34.985855+00:00,Downy-Mildew(240),Downy-Mildew (232).jpg,processed,0.2449,12,
2026-07-30T12:10:35.228723+00:00,Downy-Mildew(240),Downy-Mildew (233).jpg,processed,0.2382,12,
2026-07-30T12:10:35.474823+00:00,Downy-Mildew(240),Downy-Mildew (234).jpg,processed,0.2418,12,
2026-07-30T12:10:35.728665+00:00,Downy-Mildew(240),Downy-Mildew (235).jpg,processed,0.2489,12,
2026-07-30T12:10:35.990773+00:00,Downy-Mildew(240),Downy-Mildew (236).jpg,processed,0.2563,12,
2026-07-30T12:10:36.249423+00:00,Downy-Mildew(240),Downy-Mildew (237).jpg,processed,0.2541,12,
2026-07-30T12:10:36.502698+00:00,Downy-Mildew(240),Downy-Mildew (238).jpg,processed,0.2496,12,
2026-07-30T12:10:36.751924+00:00,Downy-Mildew(240),Downy-Mildew (239).jpg,processed,0.2451,12,
2026-07-30T12:10:37.000054+00:00,Downy-Mildew(240),Downy-Mildew (24).jpg,processed,0.2440,12,
2026-07-30T12:10:37.254150+00:00,Downy-Mildew(240),Downy-Mildew (240).jpg,processed,0.2491,12,
2026-07-30T12:10:37.530813+00:00,Downy-Mildew(240),Downy-Mildew (25).jpg,processed,0.2722,12,
2026-07-30T12:10:37.874963+00:00,Downy-Mildew(240),Downy-Mildew (26).jpg,processed,0.3404,12,
2026-07-30T12:10:38.126685+00:00,Downy-Mildew(240),Downy-Mildew (27).jpg,processed,0.2479,12,
2026-07-30T12:10:38.394010+00:00,Downy-Mildew(240),Downy-Mildew (28).jpg,processed,0.2621,12,
2026-07-30T12:10:38.647435+00:00,Downy-Mildew(240),Downy-Mildew (29).jpg,processed,0.2493,12,
2026-07-30T12:10:38.905237+00:00,Downy-Mildew(240),Downy-Mildew (3).jpg,processed,0.2534,12,
2026-07-30T12:10:39.152368+00:00,Downy-Mildew(240),Downy-Mildew (30).jpg,processed,0.2424,12,
2026-07-30T12:10:39.399186+00:00,Downy-Mildew(240),Downy-Mildew (31).jpg,processed,0.2403,12,
2026-07-30T12:10:39.662077+00:00,Downy-Mildew(240),Downy-Mildew (32).jpg,processed,0.2576,12,
2026-07-30T12:10:40.011591+00:00,Downy-Mildew(240),Downy-Mildew (33).jpg,processed,0.3446,12,
2026-07-30T12:10:40.269408+00:00,Downy-Mildew(240),Downy-Mildew (34).jpg,processed,0.2528,12,
2026-07-30T12:10:40.536147+00:00,Downy-Mildew(240),Downy-Mildew (35).jpg,processed,0.2623,12,
2026-07-30T12:10:40.785342+00:00,Downy-Mildew(240),Downy-Mildew (36).jpg,processed,0.2444,12,
2026-07-30T12:10:41.045175+00:00,Downy-Mildew(240),Downy-Mildew (37).jpg,processed,0.2538,12,
2026-07-30T12:10:41.299716+00:00,Downy-Mildew(240),Downy-Mildew (38).jpg,processed,0.2498,12,
2026-07-30T12:10:41.561933+00:00,Downy-Mildew(240),Downy-Mildew (39).jpg,processed,0.2575,12,
2026-07-30T12:10:41.794738+00:00,Downy-Mildew(240),Downy-Mildew (4).jpg,processed,0.2266,12,
2026-07-30T12:10:42.182013+00:00,Downy-Mildew(240),Downy-Mildew (40).jpg,processed,0.3829,12,
2026-07-30T12:10:42.435196+00:00,Downy-Mildew(240),Downy-Mildew (41).jpg,processed,0.2488,12,
2026-07-30T12:10:42.700733+00:00,Downy-Mildew(240),Downy-Mildew (42).jpg,processed,0.2594,12,
2026-07-30T12:10:42.967060+00:00,Downy-Mildew(240),Downy-Mildew (43).jpg,processed,0.2618,12,
2026-07-30T12:10:43.217656+00:00,Downy-Mildew(240),Downy-Mildew (44).jpg,processed,0.2465,12,
2026-07-30T12:10:43.463990+00:00,Downy-Mildew(240),Downy-Mildew (45).jpg,processed,0.2418,12,
2026-07-30T12:10:43.737039+00:00,Downy-Mildew(240),Downy-Mildew (46).jpg,processed,0.2676,12,
2026-07-30T12:10:44.016911+00:00,Downy-Mildew(240),Downy-Mildew (47).jpg,processed,0.2742,12,
2026-07-30T12:10:44.310556+00:00,Downy-Mildew(240),Downy-Mildew (48).jpg,processed,0.2889,12,
2026-07-30T12:10:44.581079+00:00,Downy-Mildew(240),Downy-Mildew (49).jpg,processed,0.2651,12,
2026-07-30T12:10:44.816508+00:00,Downy-Mildew(240),Downy-Mildew (5).jpg,processed,0.2312,12,
2026-07-30T12:10:45.063304+00:00,Downy-Mildew(240),Downy-Mildew (50).jpg,processed,0.2425,12,
2026-07-30T12:10:45.302209+00:00,Downy-Mildew(240),Downy-Mildew (51).jpg,processed,0.2349,12,
2026-07-30T12:10:45.552531+00:00,Downy-Mildew(240),Downy-Mildew (52).jpg,processed,0.2467,12,
2026-07-30T12:10:45.874268+00:00,Downy-Mildew(240),Downy-Mildew (53).jpg,processed,0.3175,12,
2026-07-30T12:10:46.134870+00:00,Downy-Mildew(240),Downy-Mildew (54).jpg,processed,0.2560,12,
2026-07-30T12:10:46.400833+00:00,Downy-Mildew(240),Downy-Mildew (55).jpg,processed,0.2608,12,
2026-07-30T12:10:46.660194+00:00,Downy-Mildew(240),Downy-Mildew (56).jpg,processed,0.2547,12,
2026-07-30T12:10:46.911227+00:00,Downy-Mildew(240),Downy-Mildew (57).jpg,processed,0.2464,12,
2026-07-30T12:10:47.163617+00:00,Downy-Mildew(240),Downy-Mildew (58).jpg,processed,0.2477,12,
2026-07-30T12:10:47.415719+00:00,Downy-Mildew(240),Downy-Mildew (59).jpg,processed,0.2475,12,
2026-07-30T12:10:47.682903+00:00,Downy-Mildew(240),Downy-Mildew (6).jpg,processed,0.2631,12,
2026-07-30T12:10:47.952726+00:00,Downy-Mildew(240),Downy-Mildew (60).jpg,processed,0.2645,12,
2026-07-30T12:10:48.284190+00:00,Downy-Mildew(240),Downy-Mildew (61).jpg,processed,0.3264,12,
2026-07-30T12:10:48.541612+00:00,Downy-Mildew(240),Downy-Mildew (62).jpg,processed,0.2519,12,
2026-07-30T12:10:48.786694+00:00,Downy-Mildew(240),Downy-Mildew (63).jpg,processed,0.2407,12,
2026-07-30T12:10:49.035971+00:00,Downy-Mildew(240),Downy-Mildew (64).jpg,processed,0.2449,12,
2026-07-30T12:10:49.278977+00:00,Downy-Mildew(240),Downy-Mildew (65).jpg,processed,0.2382,12,
2026-07-30T12:10:49.528944+00:00,Downy-Mildew(240),Downy-Mildew (66).jpg,processed,0.2452,12,
2026-07-30T12:10:49.816513+00:00,Downy-Mildew(240),Downy-Mildew (67).jpg,processed,0.2820,12,
2026-07-30T12:10:50.089867+00:00,Downy-Mildew(240),Downy-Mildew (68).jpg,processed,0.2689,12,
2026-07-30T12:10:50.355761+00:00,Downy-Mildew(240),Downy-Mildew (69).jpg,processed,0.2621,12,
2026-07-30T12:10:50.590028+00:00,Downy-Mildew(240),Downy-Mildew (7).jpg,processed,0.2291,12,
2026-07-30T12:10:50.852918+00:00,Downy-Mildew(240),Downy-Mildew (70).jpg,processed,0.2581,12,
2026-07-30T12:10:51.127092+00:00,Downy-Mildew(240),Downy-Mildew (71).jpg,processed,0.2699,12,
2026-07-30T12:10:51.403845+00:00,Downy-Mildew(240),Downy-Mildew (72).jpg,processed,0.2704,12,
2026-07-30T12:10:51.688162+00:00,Downy-Mildew(240),Downy-Mildew (73).jpg,processed,0.2793,12,
2026-07-30T12:10:52.062750+00:00,Downy-Mildew(240),Downy-Mildew (74).jpg,processed,0.3702,12,
2026-07-30T12:10:52.333920+00:00,Downy-Mildew(240),Downy-Mildew (75).jpg,processed,0.2669,12,
2026-07-30T12:10:52.618916+00:00,Downy-Mildew(240),Downy-Mildew (76).jpg,processed,0.2804,12,
2026-07-30T12:10:52.869510+00:00,Downy-Mildew(240),Downy-Mildew (77).jpg,processed,0.2457,12,
2026-07-30T12:10:53.126821+00:00,Downy-Mildew(240),Downy-Mildew (78).jpg,processed,0.2483,12,
2026-07-30T12:10:53.369702+00:00,Downy-Mildew(240),Downy-Mildew (79).jpg,processed,0.2385,12,
2026-07-30T12:10:53.601089+00:00,Downy-Mildew(240),Downy-Mildew (8).jpg,processed,0.2268,12,
2026-07-30T12:10:53.826875+00:00,Downy-Mildew(240),Downy-Mildew (80).jpg,processed,0.2214,12,
2026-07-30T12:10:54.104475+00:00,Downy-Mildew(240),Downy-Mildew (81).jpg,processed,0.2725,12,
2026-07-30T12:10:54.356719+00:00,Downy-Mildew(240),Downy-Mildew (82).JPG,processed,0.2484,12,
2026-07-30T12:10:54.604970+00:00,Downy-Mildew(240),Downy-Mildew (83).JPG,processed,0.2433,12,
2026-07-30T12:10:54.924808+00:00,Downy-Mildew(240),Downy-Mildew (84).JPG,processed,0.3156,12,
2026-07-30T12:10:55.184869+00:00,Downy-Mildew(240),Downy-Mildew (85).JPG,processed,0.2551,12,
2026-07-30T12:10:55.442285+00:00,Downy-Mildew(240),Downy-Mildew (86).JPG,processed,0.2524,12,
2026-07-30T12:10:55.722684+00:00,Downy-Mildew(240),Downy-Mildew (87).JPG,processed,0.2742,12,
2026-07-30T12:10:55.995009+00:00,Downy-Mildew(240),Downy-Mildew (88).JPG,processed,0.2681,12,
2026-07-30T12:10:56.269186+00:00,Downy-Mildew(240),Downy-Mildew (89).JPG,processed,0.2701,12,
2026-07-30T12:10:56.509898+00:00,Downy-Mildew(240),Downy-Mildew (9).jpg,processed,0.2362,12,
2026-07-30T12:10:56.765757+00:00,Downy-Mildew(240),Downy-Mildew (90).JPG,processed,0.2513,12,
2026-07-30T12:10:57.027901+00:00,Downy-Mildew(240),Downy-Mildew (91).JPG,processed,0.2576,12,
2026-07-30T12:10:57.290196+00:00,Downy-Mildew(240),Downy-Mildew (92).JPG,processed,0.2585,12,
2026-07-30T12:10:57.551640+00:00,Downy-Mildew(240),Downy-Mildew (93).JPG,processed,0.2568,12,
2026-07-30T12:10:57.932969+00:00,Downy-Mildew(240),Downy-Mildew (94).JPG,processed,0.3763,12,
2026-07-30T12:10:58.195245+00:00,Downy-Mildew(240),Downy-Mildew (95).JPG,processed,0.2574,12,
2026-07-30T12:10:58.425279+00:00,Downy-Mildew(240),Downy-Mildew (96).jpg,processed,0.2261,12,
2026-07-30T12:10:58.671379+00:00,Downy-Mildew(240),Downy-Mildew (97).jpg,processed,0.2416,12,
2026-07-30T12:10:58.920804+00:00,Downy-Mildew(240),Downy-Mildew (98).jpg,processed,0.2441,12,
2026-07-30T12:10:59.170558+00:00,Downy-Mildew(240),Downy-Mildew (99).jpg,processed,0.2455,12,
2026-07-30T12:10:59.388609+00:00,Healthy-Leaf(1399),Healthy-Leaf (1).jpg,processed,0.2129,12,
2026-07-30T12:10:59.654167+00:00,Healthy-Leaf(1399),Healthy-Leaf (10).jpg,processed,0.2607,12,
2026-07-30T12:10:59.887839+00:00,Healthy-Leaf(1399),Healthy-Leaf (100).jpg,processed,0.2286,12,
2026-07-30T12:11:00.252969+00:00,Healthy-Leaf(1399),Healthy-Leaf (1000).JPG,processed,0.3604,12,
2026-07-30T12:11:00.489334+00:00,Healthy-Leaf(1399),Healthy-Leaf (1001).JPG,processed,0.2317,12,
2026-07-30T12:11:00.721103+00:00,Healthy-Leaf(1399),Healthy-Leaf (1002).JPG,processed,0.2277,12,
2026-07-30T12:11:00.952576+00:00,Healthy-Leaf(1399),Healthy-Leaf (1003).JPG,processed,0.2273,12,
2026-07-30T12:11:01.184018+00:00,Healthy-Leaf(1399),Healthy-Leaf (1004).JPG,processed,0.2275,12,
2026-07-30T12:11:01.417406+00:00,Healthy-Leaf(1399),Healthy-Leaf (1005).JPG,processed,0.2293,12,
2026-07-30T12:11:01.659427+00:00,Healthy-Leaf(1399),Healthy-Leaf (1006).JPG,processed,0.2382,12,
2026-07-30T12:11:01.910249+00:00,Healthy-Leaf(1399),Healthy-Leaf (1007).JPG,processed,0.2464,12,
2026-07-30T12:11:02.157675+00:00,Healthy-Leaf(1399),Healthy-Leaf (1008).JPG,processed,0.2433,12,
2026-07-30T12:11:02.393026+00:00,Healthy-Leaf(1399),Healthy-Leaf (1009).JPG,processed,0.2316,12,
2026-07-30T12:11:02.613257+00:00,Healthy-Leaf(1399),Healthy-Leaf (101).jpg,processed,0.2161,12,
2026-07-30T12:11:02.850789+00:00,Healthy-Leaf(1399),Healthy-Leaf (1010).JPG,processed,0.2333,12,
2026-07-30T12:11:03.080253+00:00,Healthy-Leaf(1399),Healthy-Leaf (1011).JPG,processed,0.2255,12,
2026-07-30T12:11:03.329937+00:00,Healthy-Leaf(1399),Healthy-Leaf (1012).jpg,processed,0.2451,12,
2026-07-30T12:11:03.587623+00:00,Healthy-Leaf(1399),Healthy-Leaf (1013).jpg,processed,0.2531,12,
2026-07-30T12:11:03.949470+00:00,Healthy-Leaf(1399),Healthy-Leaf (1014).jpg,processed,0.3565,12,
2026-07-30T12:11:04.213848+00:00,Healthy-Leaf(1399),Healthy-Leaf (1015).jpg,processed,0.2595,12,
2026-07-30T12:11:04.487739+00:00,Healthy-Leaf(1399),Healthy-Leaf (1016).jpg,processed,0.2678,12,
2026-07-30T12:11:04.753800+00:00,Healthy-Leaf(1399),Healthy-Leaf (1017).jpg,processed,0.2609,12,
2026-07-30T12:11:05.030961+00:00,Healthy-Leaf(1399),Healthy-Leaf (1018).jpg,processed,0.2726,12,
2026-07-30T12:11:05.296125+00:00,Healthy-Leaf(1399),Healthy-Leaf (1019).jpg,processed,0.2611,12,
2026-07-30T12:11:05.527418+00:00,Healthy-Leaf(1399),Healthy-Leaf (102).jpg,processed,0.2259,12,
2026-07-30T12:11:05.796215+00:00,Healthy-Leaf(1399),Healthy-Leaf (1020).jpg,processed,0.2640,12,
2026-07-30T12:11:06.181340+00:00,Healthy-Leaf(1399),Healthy-Leaf (1021).jpg,processed,0.3788,12,
2026-07-30T12:11:06.427800+00:00,Healthy-Leaf(1399),Healthy-Leaf (1022).jpg,processed,0.2421,12,
2026-07-30T12:11:06.669477+00:00,Healthy-Leaf(1399),Healthy-Leaf (1023).jpg,processed,0.2371,12,
2026-07-30T12:11:06.918599+00:00,Healthy-Leaf(1399),Healthy-Leaf (1024).jpg,processed,0.2448,12,
2026-07-30T12:11:07.160957+00:00,Healthy-Leaf(1399),Healthy-Leaf (1025).jpg,processed,0.2376,12,
2026-07-30T12:11:07.408783+00:00,Healthy-Leaf(1399),Healthy-Leaf (1026).jpg,processed,0.2436,12,
2026-07-30T12:11:07.671806+00:00,Healthy-Leaf(1399),Healthy-Leaf (1027).jpg,processed,0.2584,12,
2026-07-30T12:11:07.970160+00:00,Healthy-Leaf(1399),Healthy-Leaf (1028).jpg,processed,0.2935,12,
2026-07-30T12:11:08.227408+00:00,Healthy-Leaf(1399),Healthy-Leaf (1029).jpg,processed,0.2527,12,
2026-07-30T12:11:08.449143+00:00,Healthy-Leaf(1399),Healthy-Leaf (103).jpg,processed,0.2165,12,
2026-07-30T12:11:08.701645+00:00,Healthy-Leaf(1399),Healthy-Leaf (1030).jpg,processed,0.2484,12,
2026-07-30T12:11:08.949817+00:00,Healthy-Leaf(1399),Healthy-Leaf (1031).jpg,processed,0.2437,12,
2026-07-30T12:11:09.199974+00:00,Healthy-Leaf(1399),Healthy-Leaf (1032).jpg,processed,0.2460,12,
2026-07-30T12:11:09.454822+00:00,Healthy-Leaf(1399),Healthy-Leaf (1033).jpg,processed,0.2504,12,
2026-07-30T12:11:09.816371+00:00,Healthy-Leaf(1399),Healthy-Leaf (1034).jpg,processed,0.3578,12,
2026-07-30T12:11:10.070548+00:00,Healthy-Leaf(1399),Healthy-Leaf (1035).jpg,processed,0.2493,12,
2026-07-30T12:11:10.328016+00:00,Healthy-Leaf(1399),Healthy-Leaf (1036).jpg,processed,0.2527,12,
2026-07-30T12:11:10.586726+00:00,Healthy-Leaf(1399),Healthy-Leaf (1037).jpg,processed,0.2535,12,
2026-07-30T12:11:10.846364+00:00,Healthy-Leaf(1399),Healthy-Leaf (1038).jpg,processed,0.2550,12,
2026-07-30T12:11:11.186040+00:00,Healthy-Leaf(1399),Healthy-Leaf (1039).jpg,processed,0.3354,12,
2026-07-30T12:11:11.425583+00:00,Healthy-Leaf(1399),Healthy-Leaf (104).jpg,processed,0.2355,12,
2026-07-30T12:11:11.675581+00:00,Healthy-Leaf(1399),Healthy-Leaf (1040).jpg,processed,0.2461,12,
2026-07-30T12:11:11.921504+00:00,Healthy-Leaf(1399),Healthy-Leaf (1041).jpg,processed,0.2418,12,
2026-07-30T12:11:12.166118+00:00,Healthy-Leaf(1399),Healthy-Leaf (1042).jpg,processed,0.2403,12,
2026-07-30T12:11:12.408372+00:00,Healthy-Leaf(1399),Healthy-Leaf (1043).jpg,processed,0.2377,12,
2026-07-30T12:11:12.671518+00:00,Healthy-Leaf(1399),Healthy-Leaf (1044).jpg,processed,0.2590,12,
2026-07-30T12:11:12.937347+00:00,Healthy-Leaf(1399),Healthy-Leaf (1045).jpg,processed,0.2605,12,
2026-07-30T12:11:13.204664+00:00,Healthy-Leaf(1399),Healthy-Leaf (1046).jpg,processed,0.2625,12,
2026-07-30T12:11:13.454292+00:00,Healthy-Leaf(1399),Healthy-Leaf (1047).jpg,processed,0.2438,12,
2026-07-30T12:11:13.703117+00:00,Healthy-Leaf(1399),Healthy-Leaf (1048).jpg,processed,0.2442,12,
2026-07-30T12:11:13.956318+00:00,Healthy-Leaf(1399),Healthy-Leaf (1049).jpg,processed,0.2490,12,
2026-07-30T12:11:14.184737+00:00,Healthy-Leaf(1399),Healthy-Leaf (105).jpg,processed,0.2241,12,
2026-07-30T12:11:14.436624+00:00,Healthy-Leaf(1399),Healthy-Leaf (1050).jpg,processed,0.2471,12,
2026-07-30T12:11:14.798084+00:00,Healthy-Leaf(1399),Healthy-Leaf (1051).jpg,processed,0.3033,12,
2026-07-30T12:11:15.060755+00:00,Healthy-Leaf(1399),Healthy-Leaf (1052).jpg,processed,0.2578,12,
2026-07-30T12:11:15.336462+00:00,Healthy-Leaf(1399),Healthy-Leaf (1053).jpg,processed,0.2710,12,
2026-07-30T12:11:15.637978+00:00,Healthy-Leaf(1399),Healthy-Leaf (1054).jpg,processed,0.2961,12,
2026-07-30T12:11:15.908098+00:00,Healthy-Leaf(1399),Healthy-Leaf (1055).jpg,processed,0.2653,12,
2026-07-30T12:11:16.309368+00:00,Healthy-Leaf(1399),Healthy-Leaf (1056).jpg,processed,0.3969,12,
2026-07-30T12:11:16.567426+00:00,Healthy-Leaf(1399),Healthy-Leaf (1057).jpg,processed,0.2530,12,
2026-07-30T12:11:16.813871+00:00,Healthy-Leaf(1399),Healthy-Leaf (1058).jpg,processed,0.2424,12,
2026-07-30T12:11:17.058380+00:00,Healthy-Leaf(1399),Healthy-Leaf (1059).jpg,processed,0.2403,12,
2026-07-30T12:11:17.268278+00:00,Healthy-Leaf(1399),Healthy-Leaf (106).jpg,processed,0.2055,12,
2026-07-30T12:11:17.526650+00:00,Healthy-Leaf(1399),Healthy-Leaf (1060).jpg,processed,0.2543,12,
2026-07-30T12:11:17.885703+00:00,Healthy-Leaf(1399),Healthy-Leaf (1061).jpg,processed,0.3527,12,
2026-07-30T12:11:18.190658+00:00,Healthy-Leaf(1399),Healthy-Leaf (1062).jpg,processed,0.2984,12,
2026-07-30T12:11:18.464910+00:00,Healthy-Leaf(1399),Healthy-Leaf (1063).jpg,processed,0.2695,12,
2026-07-30T12:11:18.722601+00:00,Healthy-Leaf(1399),Healthy-Leaf (1064).jpg,processed,0.2533,12,
2026-07-30T12:11:18.973631+00:00,Healthy-Leaf(1399),Healthy-Leaf (1065).jpg,processed,0.2463,12,
2026-07-30T12:11:19.232117+00:00,Healthy-Leaf(1399),Healthy-Leaf (1066).jpg,processed,0.2540,12,
2026-07-30T12:11:19.485473+00:00,Healthy-Leaf(1399),Healthy-Leaf (1067).jpg,processed,0.2486,12,
2026-07-30T12:11:19.770884+00:00,Healthy-Leaf(1399),Healthy-Leaf (1068).jpg,processed,0.2808,12,
2026-07-30T12:11:20.154228+00:00,Healthy-Leaf(1399),Healthy-Leaf (1069).jpg,processed,0.3788,12,
2026-07-30T12:11:20.375300+00:00,Healthy-Leaf(1399),Healthy-Leaf (107).jpg,processed,0.2164,12,
2026-07-30T12:11:20.637127+00:00,Healthy-Leaf(1399),Healthy-Leaf (1070).jpg,processed,0.2562,12,
2026-07-30T12:11:20.892124+00:00,Healthy-Leaf(1399),Healthy-Leaf (1071).jpg,processed,0.2512,12,
2026-07-30T12:11:21.141495+00:00,Healthy-Leaf(1399),Healthy-Leaf (1072).jpg,processed,0.2440,12,
2026-07-30T12:11:21.395881+00:00,Healthy-Leaf(1399),Healthy-Leaf (1073).jpg,processed,0.2494,12,
2026-07-30T12:11:21.661894+00:00,Healthy-Leaf(1399),Healthy-Leaf (1074).jpg,processed,0.2616,12,
2026-07-30T12:11:21.920579+00:00,Healthy-Leaf(1399),Healthy-Leaf (1075).jpg,processed,0.2541,12,
2026-07-30T12:11:22.277954+00:00,Healthy-Leaf(1399),Healthy-Leaf (1076).jpg,processed,0.3528,12,
2026-07-30T12:11:22.538523+00:00,Healthy-Leaf(1399),Healthy-Leaf (1077).jpg,processed,0.2553,12,
2026-07-30T12:11:22.781069+00:00,Healthy-Leaf(1399),Healthy-Leaf (1078).jpg,processed,0.2380,12,
2026-07-30T12:11:23.027909+00:00,Healthy-Leaf(1399),Healthy-Leaf (1079).jpg,processed,0.2421,12,
2026-07-30T12:11:23.231945+00:00,Healthy-Leaf(1399),Healthy-Leaf (108).jpg,processed,0.2003,12,
2026-07-30T12:11:23.469692+00:00,Healthy-Leaf(1399),Healthy-Leaf (1080).jpg,processed,0.2335,12,
2026-07-30T12:11:23.718165+00:00,Healthy-Leaf(1399),Healthy-Leaf (1081).jpg,processed,0.2446,12,
2026-07-30T12:11:23.968588+00:00,Healthy-Leaf(1399),Healthy-Leaf (1082).jpg,processed,0.2464,12,
2026-07-30T12:11:24.215866+00:00,Healthy-Leaf(1399),Healthy-Leaf (1083).jpg,processed,0.2433,12,
2026-07-30T12:11:24.456987+00:00,Healthy-Leaf(1399),Healthy-Leaf (1084).jpg,processed,0.2368,12,
2026-07-30T12:11:24.691391+00:00,Healthy-Leaf(1399),Healthy-Leaf (1085).jpg,processed,0.2302,12,
2026-07-30T12:11:24.951344+00:00,Healthy-Leaf(1399),Healthy-Leaf (1086).jpg,processed,0.2547,12,
2026-07-30T12:11:25.209994+00:00,Healthy-Leaf(1399),Healthy-Leaf (1087).jpg,processed,0.2537,12,
2026-07-30T12:11:25.490435+00:00,Healthy-Leaf(1399),Healthy-Leaf (1088).jpg,processed,0.2742,12,
2026-07-30T12:11:25.877760+00:00,Healthy-Leaf(1399),Healthy-Leaf (1089).jpg,processed,0.3821,12,
2026-07-30T12:11:26.092864+00:00,Healthy-Leaf(1399),Healthy-Leaf (109).jpg,processed,0.2095,12,
2026-07-30T12:11:26.343378+00:00,Healthy-Leaf(1399),Healthy-Leaf (1090).jpg,processed,0.2450,12,
2026-07-30T12:11:26.609435+00:00,Healthy-Leaf(1399),Healthy-Leaf (1091).jpg,processed,0.2623,12,
2026-07-30T12:11:26.871133+00:00,Healthy-Leaf(1399),Healthy-Leaf (1092).jpg,processed,0.2567,12,
2026-07-30T12:11:27.259619+00:00,Healthy-Leaf(1399),Healthy-Leaf (1093).jpg,processed,0.3834,12,
2026-07-30T12:11:27.533261+00:00,Healthy-Leaf(1399),Healthy-Leaf (1094).jpg,processed,0.2691,12,
2026-07-30T12:11:27.790093+00:00,Healthy-Leaf(1399),Healthy-Leaf (1095).jpg,processed,0.2523,12,
2026-07-30T12:11:28.061339+00:00,Healthy-Leaf(1399),Healthy-Leaf (1096).jpg,processed,0.2660,12,
2026-07-30T12:11:28.338702+00:00,Healthy-Leaf(1399),Healthy-Leaf (1097).jpg,processed,0.2728,12,
2026-07-30T12:11:28.590243+00:00,Healthy-Leaf(1399),Healthy-Leaf (1098).jpg,processed,0.2461,12,
2026-07-30T12:11:28.841526+00:00,Healthy-Leaf(1399),Healthy-Leaf (1099).jpg,processed,0.2452,12,
2026-07-30T12:11:29.094191+00:00,Healthy-Leaf(1399),Healthy-Leaf (11).jpg,processed,0.2468,12,
2026-07-30T12:11:29.309141+00:00,Healthy-Leaf(1399),Healthy-Leaf (110).jpg,processed,0.2110,12,
2026-07-30T12:11:29.568578+00:00,Healthy-Leaf(1399),Healthy-Leaf (1100).jpg,processed,0.2547,12,
2026-07-30T12:11:29.999386+00:00,Healthy-Leaf(1399),Healthy-Leaf (1101).jpg,processed,0.4264,12,
2026-07-30T12:11:30.260232+00:00,Healthy-Leaf(1399),Healthy-Leaf (1102).jpg,processed,0.2569,12,
2026-07-30T12:11:30.523341+00:00,Healthy-Leaf(1399),Healthy-Leaf (1103).jpg,processed,0.2582,12,
2026-07-30T12:11:30.774358+00:00,Healthy-Leaf(1399),Healthy-Leaf (1104).jpg,processed,0.2457,12,
2026-07-30T12:11:31.025202+00:00,Healthy-Leaf(1399),Healthy-Leaf (1105).jpg,processed,0.2469,12,
2026-07-30T12:11:31.281338+00:00,Healthy-Leaf(1399),Healthy-Leaf (1106).jpg,processed,0.2521,12,
2026-07-30T12:11:31.537971+00:00,Healthy-Leaf(1399),Healthy-Leaf (1107).jpg,processed,0.2526,12,
2026-07-30T12:11:31.804922+00:00,Healthy-Leaf(1399),Healthy-Leaf (1108).jpg,processed,0.2626,12,
2026-07-30T12:11:32.158749+00:00,Healthy-Leaf(1399),Healthy-Leaf (1109).jpg,processed,0.3491,12,
2026-07-30T12:11:32.390554+00:00,Healthy-Leaf(1399),Healthy-Leaf (111).jpg,processed,0.2268,12,
2026-07-30T12:11:32.630024+00:00,Healthy-Leaf(1399),Healthy-Leaf (1110).jpg,processed,0.2357,12,
2026-07-30T12:11:32.875530+00:00,Healthy-Leaf(1399),Healthy-Leaf (1111).jpg,processed,0.2409,12,
2026-07-30T12:11:33.122935+00:00,Healthy-Leaf(1399),Healthy-Leaf (1112).jpg,processed,0.2426,12,
2026-07-30T12:11:33.368812+00:00,Healthy-Leaf(1399),Healthy-Leaf (1113).jpg,processed,0.2410,12,
2026-07-30T12:11:33.630138+00:00,Healthy-Leaf(1399),Healthy-Leaf (1114).jpg,processed,0.2570,12,
2026-07-30T12:11:33.892699+00:00,Healthy-Leaf(1399),Healthy-Leaf (1115).jpg,processed,0.2574,12,
2026-07-30T12:11:34.153907+00:00,Healthy-Leaf(1399),Healthy-Leaf (1116).jpg,processed,0.2568,12,
2026-07-30T12:11:34.402811+00:00,Healthy-Leaf(1399),Healthy-Leaf (1117).jpg,processed,0.2450,12,
2026-07-30T12:11:34.655086+00:00,Healthy-Leaf(1399),Healthy-Leaf (1118).jpg,processed,0.2478,12,
2026-07-30T12:11:34.907168+00:00,Healthy-Leaf(1399),Healthy-Leaf (1119).jpg,processed,0.2482,12,
2026-07-30T12:11:35.132440+00:00,Healthy-Leaf(1399),Healthy-Leaf (112).jpg,processed,0.2212,12,
2026-07-30T12:11:35.377700+00:00,Healthy-Leaf(1399),Healthy-Leaf (1120).jpg,processed,0.2402,12,
2026-07-30T12:11:35.734255+00:00,Healthy-Leaf(1399),Healthy-Leaf (1121).jpg,processed,0.3513,12,
2026-07-30T12:11:36.001762+00:00,Healthy-Leaf(1399),Healthy-Leaf (1122).jpg,processed,0.2622,12,
2026-07-30T12:11:36.264780+00:00,Healthy-Leaf(1399),Healthy-Leaf (1123).jpg,processed,0.2578,12,
2026-07-30T12:11:36.520231+00:00,Healthy-Leaf(1399),Healthy-Leaf (1124).jpg,processed,0.2506,12,
2026-07-30T12:11:36.869051+00:00,Healthy-Leaf(1399),Healthy-Leaf (1125).jpg,processed,0.3441,12,
2026-07-30T12:11:37.145242+00:00,Healthy-Leaf(1399),Healthy-Leaf (1126).jpg,processed,0.2705,12,
2026-07-30T12:11:37.397135+00:00,Healthy-Leaf(1399),Healthy-Leaf (1127).jpg,processed,0.2476,12,
2026-07-30T12:11:37.645289+00:00,Healthy-Leaf(1399),Healthy-Leaf (1128).jpg,processed,0.2436,12,
2026-07-30T12:11:37.887000+00:00,Healthy-Leaf(1399),Healthy-Leaf (1129).jpg,processed,0.2372,12,
2026-07-30T12:11:38.116212+00:00,Healthy-Leaf(1399),Healthy-Leaf (113).jpg,processed,0.2249,12,
2026-07-30T12:11:38.378789+00:00,Healthy-Leaf(1399),Healthy-Leaf (1130).jpg,processed,0.2589,12,
2026-07-30T12:11:38.622040+00:00,Healthy-Leaf(1399),Healthy-Leaf (1131).jpg,processed,0.2396,12,
2026-07-30T12:11:38.855591+00:00,Healthy-Leaf(1399),Healthy-Leaf (1132).jpg,processed,0.2298,12,
2026-07-30T12:11:39.093896+00:00,Healthy-Leaf(1399),Healthy-Leaf (1133).jpg,processed,0.2326,12,
2026-07-30T12:11:39.335111+00:00,Healthy-Leaf(1399),Healthy-Leaf (1134).jpg,processed,0.2374,12,
2026-07-30T12:11:39.646284+00:00,Healthy-Leaf(1399),Healthy-Leaf (1135).jpg,processed,0.3068,12,
2026-07-30T12:11:39.891460+00:00,Healthy-Leaf(1399),Healthy-Leaf (1136).jpg,processed,0.2406,12,
2026-07-30T12:11:40.141938+00:00,Healthy-Leaf(1399),Healthy-Leaf (1137).jpg,processed,0.2457,12,
2026-07-30T12:11:40.386541+00:00,Healthy-Leaf(1399),Healthy-Leaf (1138).jpg,processed,0.2407,12,
2026-07-30T12:11:40.637451+00:00,Healthy-Leaf(1399),Healthy-Leaf (1139).jpg,processed,0.2466,12,
2026-07-30T12:11:40.960666+00:00,Healthy-Leaf(1399),Healthy-Leaf (114).jpg,processed,0.3181,12,
2026-07-30T12:11:41.217046+00:00,Healthy-Leaf(1399),Healthy-Leaf (1140).jpg,processed,0.2526,12,
2026-07-30T12:11:41.496356+00:00,Healthy-Leaf(1399),Healthy-Leaf (1141).jpg,processed,0.2745,12,
2026-07-30T12:11:41.803965+00:00,Healthy-Leaf(1399),Healthy-Leaf (1142).jpg,processed,0.3021,12,
2026-07-30T12:11:42.062149+00:00,Healthy-Leaf(1399),Healthy-Leaf (1143).jpg,processed,0.2541,12,
2026-07-30T12:11:42.480831+00:00,Healthy-Leaf(1399),Healthy-Leaf (1144).jpg,processed,0.4140,12,
2026-07-30T12:11:43.055824+00:00,Healthy-Leaf(1399),Healthy-Leaf (1145).jpg,processed,0.5708,12,
2026-07-30T12:11:43.410910+00:00,Healthy-Leaf(1399),Healthy-Leaf (1146).jpg,processed,0.3500,12,
2026-07-30T12:11:43.754554+00:00,Healthy-Leaf(1399),Healthy-Leaf (1147).jpg,processed,0.3379,12,
2026-07-30T12:11:44.073880+00:00,Healthy-Leaf(1399),Healthy-Leaf (1148).jpg,processed,0.3149,12,
2026-07-30T12:11:44.490806+00:00,Healthy-Leaf(1399),Healthy-Leaf (1149).jpg,processed,0.4106,12,
2026-07-30T12:11:44.821720+00:00,Healthy-Leaf(1399),Healthy-Leaf (115).jpg,processed,0.3248,12,
2026-07-30T12:11:45.281420+00:00,Healthy-Leaf(1399),Healthy-Leaf (1150).jpg,processed,0.4473,12,
2026-07-30T12:11:45.806471+00:00,Healthy-Leaf(1399),Healthy-Leaf (1151).jpg,processed,0.5177,12,
2026-07-30T12:11:46.217006+00:00,Healthy-Leaf(1399),Healthy-Leaf (1152).jpg,processed,0.4050,12,
2026-07-30T12:11:46.628166+00:00,Healthy-Leaf(1399),Healthy-Leaf (1153).jpg,processed,0.4067,12,
2026-07-30T12:11:47.024987+00:00,Healthy-Leaf(1399),Healthy-Leaf (1154).jpg,processed,0.3904,12,
2026-07-30T12:11:47.543065+00:00,Healthy-Leaf(1399),Healthy-Leaf (1155).jpg,processed,0.5129,12,
2026-07-30T12:11:47.934422+00:00,Healthy-Leaf(1399),Healthy-Leaf (1156).jpg,processed,0.3862,12,
2026-07-30T12:11:48.448040+00:00,Healthy-Leaf(1399),Healthy-Leaf (1157).jpg,processed,0.4838,12,
2026-07-30T12:11:48.855284+00:00,Healthy-Leaf(1399),Healthy-Leaf (1158).jpg,processed,0.4008,12,
2026-07-30T12:11:49.408575+00:00,Healthy-Leaf(1399),Healthy-Leaf (1159).jpg,processed,0.5467,12,
2026-07-30T12:11:50.155406+00:00,Healthy-Leaf(1399),Healthy-Leaf (116).jpg,processed,0.7395,12,
2026-07-30T12:11:50.905444+00:00,Healthy-Leaf(1399),Healthy-Leaf (1160).jpg,processed,0.7419,12,
2026-07-30T12:11:51.566821+00:00,Healthy-Leaf(1399),Healthy-Leaf (1161).jpg,processed,0.6553,12,
2026-07-30T12:11:52.369842+00:00,Healthy-Leaf(1399),Healthy-Leaf (1162).jpg,processed,0.7969,12,
2026-07-30T12:11:52.847906+00:00,Healthy-Leaf(1399),Healthy-Leaf (1163).jpg,processed,0.4689,12,
2026-07-30T12:11:53.367099+00:00,Healthy-Leaf(1399),Healthy-Leaf (1164).jpg,processed,0.5120,12,
2026-07-30T12:11:53.804045+00:00,Healthy-Leaf(1399),Healthy-Leaf (1165).jpg,processed,0.4316,12,
2026-07-30T12:11:54.489855+00:00,Healthy-Leaf(1399),Healthy-Leaf (1166).jpg,processed,0.6805,12,
2026-07-30T12:11:54.851746+00:00,Healthy-Leaf(1399),Healthy-Leaf (1167).jpg,processed,0.3567,12,
2026-07-30T12:11:55.272785+00:00,Healthy-Leaf(1399),Healthy-Leaf (1168).jpg,processed,0.4159,12,
2026-07-30T12:11:55.658301+00:00,Healthy-Leaf(1399),Healthy-Leaf (1169).jpg,processed,0.3790,12,
2026-07-30T12:11:55.992976+00:00,Healthy-Leaf(1399),Healthy-Leaf (117).jpg,processed,0.3293,12,
2026-07-30T12:11:56.371497+00:00,Healthy-Leaf(1399),Healthy-Leaf (1170).jpg,processed,0.3728,12,
2026-07-30T12:11:56.766672+00:00,Healthy-Leaf(1399),Healthy-Leaf (1171).jpg,processed,0.3782,12,
2026-07-30T12:11:57.129398+00:00,Healthy-Leaf(1399),Healthy-Leaf (1172).jpg,processed,0.3555,12,
2026-07-30T12:11:57.524776+00:00,Healthy-Leaf(1399),Healthy-Leaf (1173).jpg,processed,0.3893,12,
2026-07-30T12:11:58.078556+00:00,Healthy-Leaf(1399),Healthy-Leaf (1174).jpg,processed,0.5473,12,
2026-07-30T12:11:58.586531+00:00,Healthy-Leaf(1399),Healthy-Leaf (1175).jpg,processed,0.5018,12,
2026-07-30T12:11:59.040557+00:00,Healthy-Leaf(1399),Healthy-Leaf (1176).jpg,processed,0.4389,12,
2026-07-30T12:11:59.421995+00:00,Healthy-Leaf(1399),Healthy-Leaf (1177).jpg,processed,0.3746,12,
2026-07-30T12:11:59.820701+00:00,Healthy-Leaf(1399),Healthy-Leaf (1178).jpg,processed,0.3943,12,
2026-07-30T12:12:00.112966+00:00,Healthy-Leaf(1399),Healthy-Leaf (1179).jpg,processed,0.2865,12,
2026-07-30T12:12:00.367063+00:00,Healthy-Leaf(1399),Healthy-Leaf (118).jpg,processed,0.2498,12,
2026-07-30T12:12:00.638545+00:00,Healthy-Leaf(1399),Healthy-Leaf (1180).jpg,processed,0.2665,12,
2026-07-30T12:12:00.914364+00:00,Healthy-Leaf(1399),Healthy-Leaf (1181).jpg,processed,0.2712,12,
2026-07-30T12:12:01.170791+00:00,Healthy-Leaf(1399),Healthy-Leaf (1182).jpg,processed,0.2523,12,
2026-07-30T12:12:01.454531+00:00,Healthy-Leaf(1399),Healthy-Leaf (1183).jpg,processed,0.2800,12,
2026-07-30T12:12:01.720336+00:00,Healthy-Leaf(1399),Healthy-Leaf (1184).jpg,processed,0.2616,12,
2026-07-30T12:12:01.989916+00:00,Healthy-Leaf(1399),Healthy-Leaf (1185).jpg,processed,0.2650,12,
2026-07-30T12:12:02.242069+00:00,Healthy-Leaf(1399),Healthy-Leaf (1186).jpg,processed,0.2480,12,
2026-07-30T12:12:02.496764+00:00,Healthy-Leaf(1399),Healthy-Leaf (1187).jpg,processed,0.2503,12,
2026-07-30T12:12:02.786260+00:00,Healthy-Leaf(1399),Healthy-Leaf (1188).jpg,processed,0.2796,12,
2026-07-30T12:12:03.052941+00:00,Healthy-Leaf(1399),Healthy-Leaf (1189).jpg,processed,0.2623,12,
2026-07-30T12:12:03.283182+00:00,Healthy-Leaf(1399),Healthy-Leaf (119).jpg,processed,0.2190,12,
2026-07-30T12:12:03.546062+00:00,Healthy-Leaf(1399),Healthy-Leaf (1190).jpg,processed,0.2441,12,
2026-07-30T12:12:03.803326+00:00,Healthy-Leaf(1399),Healthy-Leaf (1191).jpg,processed,0.2525,12,
2026-07-30T12:12:04.053387+00:00,Healthy-Leaf(1399),Healthy-Leaf (1192).jpg,processed,0.2462,12,
2026-07-30T12:12:04.309853+00:00,Healthy-Leaf(1399),Healthy-Leaf (1193).jpg,processed,0.2503,12,
2026-07-30T12:12:04.564171+00:00,Healthy-Leaf(1399),Healthy-Leaf (1194).jpg,processed,0.2495,12,
2026-07-30T12:12:04.811702+00:00,Healthy-Leaf(1399),Healthy-Leaf (1195).jpg,processed,0.2427,12,
2026-07-30T12:12:05.070434+00:00,Healthy-Leaf(1399),Healthy-Leaf (1196).jpg,processed,0.2547,12,
2026-07-30T12:12:05.322791+00:00,Healthy-Leaf(1399),Healthy-Leaf (1197).jpg,processed,0.2484,12,
2026-07-30T12:12:05.573565+00:00,Healthy-Leaf(1399),Healthy-Leaf (1198).jpg,processed,0.2469,12,
2026-07-30T12:12:05.843351+00:00,Healthy-Leaf(1399),Healthy-Leaf (1199).jpg,processed,0.2645,12,
2026-07-30T12:12:06.108131+00:00,Healthy-Leaf(1399),Healthy-Leaf (12).jpg,processed,0.2598,12,
2026-07-30T12:12:06.358150+00:00,Healthy-Leaf(1399),Healthy-Leaf (120).jpg,processed,0.2445,12,
2026-07-30T12:12:06.596904+00:00,Healthy-Leaf(1399),Healthy-Leaf (1200).jpg,processed,0.2345,12,
2026-07-30T12:12:06.950884+00:00,Healthy-Leaf(1399),Healthy-Leaf (1201).jpg,processed,0.3500,12,
2026-07-30T12:12:07.209497+00:00,Healthy-Leaf(1399),Healthy-Leaf (1202).jpg,processed,0.2540,12,
2026-07-30T12:12:07.461274+00:00,Healthy-Leaf(1399),Healthy-Leaf (1203).jpg,processed,0.2476,12,
2026-07-30T12:12:07.894774+00:00,Healthy-Leaf(1399),Healthy-Leaf (1204).jpg,processed,0.4294,12,
2026-07-30T12:12:08.155218+00:00,Healthy-Leaf(1399),Healthy-Leaf (1205).jpg,processed,0.2568,12,
2026-07-30T12:12:08.525756+00:00,Healthy-Leaf(1399),Healthy-Leaf (1206).jpg,processed,0.3564,12,
2026-07-30T12:12:08.815575+00:00,Healthy-Leaf(1399),Healthy-Leaf (1207).jpg,processed,0.2843,12,
2026-07-30T12:12:09.073283+00:00,Healthy-Leaf(1399),Healthy-Leaf (1208).jpg,processed,0.2536,12,
2026-07-30T12:12:09.322221+00:00,Healthy-Leaf(1399),Healthy-Leaf (1209).jpg,processed,0.2449,12,
2026-07-30T12:12:09.547905+00:00,Healthy-Leaf(1399),Healthy-Leaf (121).jpg,processed,0.2145,12,
2026-07-30T12:12:09.801507+00:00,Healthy-Leaf(1399),Healthy-Leaf (1210).jpg,processed,0.2385,12,
2026-07-30T12:12:10.053431+00:00,Healthy-Leaf(1399),Healthy-Leaf (1211).jpg,processed,0.2478,12,
2026-07-30T12:12:10.303756+00:00,Healthy-Leaf(1399),Healthy-Leaf (1212).jpg,processed,0.2396,12,
2026-07-30T12:12:10.552477+00:00,Healthy-Leaf(1399),Healthy-Leaf (1213).jpg,processed,0.2438,12,
2026-07-30T12:12:10.805747+00:00,Healthy-Leaf(1399),Healthy-Leaf (1214).jpg,processed,0.2435,12,
2026-07-30T12:12:11.050008+00:00,Healthy-Leaf(1399),Healthy-Leaf (1215).jpg,processed,0.2387,12,
2026-07-30T12:12:11.297482+00:00,Healthy-Leaf(1399),Healthy-Leaf (1216).jpg,processed,0.2356,12,
2026-07-30T12:12:11.556223+00:00,Healthy-Leaf(1399),Healthy-Leaf (1217).jpg,processed,0.2548,12,
2026-07-30T12:12:11.797322+00:00,Healthy-Leaf(1399),Healthy-Leaf (1218).jpg,processed,0.2346,12,
2026-07-30T12:12:12.067914+00:00,Healthy-Leaf(1399),Healthy-Leaf (1219).jpg,processed,0.2637,12,
2026-07-30T12:12:12.292488+00:00,Healthy-Leaf(1399),Healthy-Leaf (122).jpg,processed,0.2166,12,
2026-07-30T12:12:12.548863+00:00,Healthy-Leaf(1399),Healthy-Leaf (1220).jpg,processed,0.2506,12,
2026-07-30T12:12:12.789953+00:00,Healthy-Leaf(1399),Healthy-Leaf (1221).jpg,processed,0.2365,12,
2026-07-30T12:12:13.036787+00:00,Healthy-Leaf(1399),Healthy-Leaf (1222).jpg,processed,0.2399,12,
2026-07-30T12:12:13.306486+00:00,Healthy-Leaf(1399),Healthy-Leaf (1223).jpg,processed,0.2638,12,
2026-07-30T12:12:13.551324+00:00,Healthy-Leaf(1399),Healthy-Leaf (1224).jpg,processed,0.2338,12,
2026-07-30T12:12:13.811997+00:00,Healthy-Leaf(1399),Healthy-Leaf (1225).jpg,processed,0.2564,12,
2026-07-30T12:12:14.076831+00:00,Healthy-Leaf(1399),Healthy-Leaf (1226).jpg,processed,0.2607,12,
2026-07-30T12:12:14.351456+00:00,Healthy-Leaf(1399),Healthy-Leaf (1227).jpg,processed,0.2657,12,
2026-07-30T12:12:14.644551+00:00,Healthy-Leaf(1399),Healthy-Leaf (1228).jpg,processed,0.2890,12,
2026-07-30T12:12:14.899456+00:00,Healthy-Leaf(1399),Healthy-Leaf (1229).jpg,processed,0.2507,12,
2026-07-30T12:12:15.163345+00:00,Healthy-Leaf(1399),Healthy-Leaf (123).jpg,processed,0.2589,12,
2026-07-30T12:12:15.538812+00:00,Healthy-Leaf(1399),Healthy-Leaf (1230).jpg,processed,0.2453,12,
2026-07-30T12:12:15.859094+00:00,Healthy-Leaf(1399),Healthy-Leaf (1231).jpg,processed,0.3143,12,
2026-07-30T12:12:16.124823+00:00,Healthy-Leaf(1399),Healthy-Leaf (1232).jpg,processed,0.2616,12,
2026-07-30T12:12:16.376787+00:00,Healthy-Leaf(1399),Healthy-Leaf (1233).jpg,processed,0.2481,12,
2026-07-30T12:12:16.625486+00:00,Healthy-Leaf(1399),Healthy-Leaf (1234).jpg,processed,0.2449,12,
2026-07-30T12:12:16.876606+00:00,Healthy-Leaf(1399),Healthy-Leaf (1235).jpg,processed,0.2461,12,
2026-07-30T12:12:17.127742+00:00,Healthy-Leaf(1399),Healthy-Leaf (1236).jpg,processed,0.2469,12,
2026-07-30T12:12:17.380828+00:00,Healthy-Leaf(1399),Healthy-Leaf (1237).jpg,processed,0.2488,12,
2026-07-30T12:12:17.637191+00:00,Healthy-Leaf(1399),Healthy-Leaf (1238).jpg,processed,0.2518,12,
2026-07-30T12:12:17.887892+00:00,Healthy-Leaf(1399),Healthy-Leaf (1239).jpg,processed,0.2468,12,
2026-07-30T12:12:18.146419+00:00,Healthy-Leaf(1399),Healthy-Leaf (124).jpg,processed,0.2539,12,
2026-07-30T12:12:18.405688+00:00,Healthy-Leaf(1399),Healthy-Leaf (1240).jpg,processed,0.2553,12,
2026-07-30T12:12:18.657866+00:00,Healthy-Leaf(1399),Healthy-Leaf (1241).jpg,processed,0.2480,12,
2026-07-30T12:12:18.938858+00:00,Healthy-Leaf(1399),Healthy-Leaf (1242).jpg,processed,0.2761,12,
2026-07-30T12:12:19.227000+00:00,Healthy-Leaf(1399),Healthy-Leaf (1243).jpg,processed,0.2838,12,
2026-07-30T12:12:19.483091+00:00,Healthy-Leaf(1399),Healthy-Leaf (1244).jpg,processed,0.2520,12,
2026-07-30T12:12:19.774738+00:00,Healthy-Leaf(1399),Healthy-Leaf (1245).jpg,processed,0.2870,12,
2026-07-30T12:12:20.032062+00:00,Healthy-Leaf(1399),Healthy-Leaf (1246).jpg,processed,0.2532,12,
2026-07-30T12:12:20.290210+00:00,Healthy-Leaf(1399),Healthy-Leaf (1247).jpg,processed,0.2533,12,
2026-07-30T12:12:20.551599+00:00,Healthy-Leaf(1399),Healthy-Leaf (1248).jpg,processed,0.2574,12,
2026-07-30T12:12:20.841434+00:00,Healthy-Leaf(1399),Healthy-Leaf (1249).jpg,processed,0.2862,12,
2026-07-30T12:12:21.128218+00:00,Healthy-Leaf(1399),Healthy-Leaf (125).jpg,processed,0.2815,12,
2026-07-30T12:12:21.378194+00:00,Healthy-Leaf(1399),Healthy-Leaf (1250).jpg,processed,0.2459,12,
2026-07-30T12:12:21.636841+00:00,Healthy-Leaf(1399),Healthy-Leaf (1251).jpg,processed,0.2546,12,
2026-07-30T12:12:21.898303+00:00,Healthy-Leaf(1399),Healthy-Leaf (1252).jpg,processed,0.2575,12,
2026-07-30T12:12:22.156421+00:00,Healthy-Leaf(1399),Healthy-Leaf (1253).jpg,processed,0.2538,12,
2026-07-30T12:12:22.428870+00:00,Healthy-Leaf(1399),Healthy-Leaf (1254).jpg,processed,0.2684,12,
2026-07-30T12:12:22.696760+00:00,Healthy-Leaf(1399),Healthy-Leaf (1255).jpg,processed,0.2637,12,
2026-07-30T12:12:23.021916+00:00,Healthy-Leaf(1399),Healthy-Leaf (1256).jpg,processed,0.3200,12,
2026-07-30T12:12:23.356635+00:00,Healthy-Leaf(1399),Healthy-Leaf (1257).jpg,processed,0.3306,12,
2026-07-30T12:12:23.610568+00:00,Healthy-Leaf(1399),Healthy-Leaf (1258).jpg,processed,0.2497,12,
2026-07-30T12:12:23.869353+00:00,Healthy-Leaf(1399),Healthy-Leaf (1259).jpg,processed,0.2547,12,
2026-07-30T12:12:24.148590+00:00,Healthy-Leaf(1399),Healthy-Leaf (126).jpg,processed,0.2736,12,
2026-07-30T12:12:24.403911+00:00,Healthy-Leaf(1399),Healthy-Leaf (1260).jpg,processed,0.2512,12,
2026-07-30T12:12:24.659261+00:00,Healthy-Leaf(1399),Healthy-Leaf (1261).jpg,processed,0.2514,12,
2026-07-30T12:12:24.921257+00:00,Healthy-Leaf(1399),Healthy-Leaf (1262).jpg,processed,0.2583,12,
2026-07-30T12:12:25.172803+00:00,Healthy-Leaf(1399),Healthy-Leaf (1263).jpg,processed,0.2475,12,
2026-07-30T12:12:25.444886+00:00,Healthy-Leaf(1399),Healthy-Leaf (1264).jpg,processed,0.2674,12,
2026-07-30T12:12:25.695719+00:00,Healthy-Leaf(1399),Healthy-Leaf (1265).jpg,processed,0.2455,12,
2026-07-30T12:12:25.953227+00:00,Healthy-Leaf(1399),Healthy-Leaf (1266).jpg,processed,0.2536,12,
2026-07-30T12:12:26.210763+00:00,Healthy-Leaf(1399),Healthy-Leaf (1267).jpg,processed,0.2529,12,
2026-07-30T12:12:26.472726+00:00,Healthy-Leaf(1399),Healthy-Leaf (1268).jpg,processed,0.2579,12,
2026-07-30T12:12:26.725359+00:00,Healthy-Leaf(1399),Healthy-Leaf (1269).jpg,processed,0.2487,12,
2026-07-30T12:12:27.007669+00:00,Healthy-Leaf(1399),Healthy-Leaf (127).jpg,processed,0.2779,12,
2026-07-30T12:12:27.263855+00:00,Healthy-Leaf(1399),Healthy-Leaf (1270).jpg,processed,0.2514,12,
2026-07-30T12:12:27.544879+00:00,Healthy-Leaf(1399),Healthy-Leaf (1271).jpg,processed,0.2769,12,
2026-07-30T12:12:27.795819+00:00,Healthy-Leaf(1399),Healthy-Leaf (1272).jpg,processed,0.2466,12,
2026-07-30T12:12:28.056073+00:00,Healthy-Leaf(1399),Healthy-Leaf (1273).jpg,processed,0.2557,12,
2026-07-30T12:12:28.320386+00:00,Healthy-Leaf(1399),Healthy-Leaf (1274).jpg,processed,0.2600,12,
2026-07-30T12:12:28.580988+00:00,Healthy-Leaf(1399),Healthy-Leaf (1275).jpg,processed,0.2563,12,
2026-07-30T12:12:28.832251+00:00,Healthy-Leaf(1399),Healthy-Leaf (1276).jpg,processed,0.2469,12,
2026-07-30T12:12:29.120624+00:00,Healthy-Leaf(1399),Healthy-Leaf (1277).jpg,processed,0.2837,12,
2026-07-30T12:12:29.381074+00:00,Healthy-Leaf(1399),Healthy-Leaf (1278).jpg,processed,0.2561,12,
2026-07-30T12:12:29.642374+00:00,Healthy-Leaf(1399),Healthy-Leaf (1279).jpg,processed,0.2552,12,
2026-07-30T12:12:29.916095+00:00,Healthy-Leaf(1399),Healthy-Leaf (128).jpg,processed,0.2665,12,
2026-07-30T12:12:30.260561+00:00,Healthy-Leaf(1399),Healthy-Leaf (1280).jpg,processed,0.3400,12,
2026-07-30T12:12:30.519609+00:00,Healthy-Leaf(1399),Healthy-Leaf (1281).jpg,processed,0.2552,12,
2026-07-30T12:12:30.780356+00:00,Healthy-Leaf(1399),Healthy-Leaf (1282).jpg,processed,0.2569,12,
2026-07-30T12:12:31.046720+00:00,Healthy-Leaf(1399),Healthy-Leaf (1283).jpg,processed,0.2612,12,
2026-07-30T12:12:31.432550+00:00,Healthy-Leaf(1399),Healthy-Leaf (1284).jpg,processed,0.3819,12,
2026-07-30T12:12:31.698794+00:00,Healthy-Leaf(1399),Healthy-Leaf (1285).jpg,processed,0.2618,12,
2026-07-30T12:12:31.952644+00:00,Healthy-Leaf(1399),Healthy-Leaf (1286).jpg,processed,0.2497,12,
2026-07-30T12:12:32.227828+00:00,Healthy-Leaf(1399),Healthy-Leaf (1287).jpg,processed,0.2698,12,
2026-07-30T12:12:32.494943+00:00,Healthy-Leaf(1399),Healthy-Leaf (1288).jpg,processed,0.2624,12,
2026-07-30T12:12:32.770928+00:00,Healthy-Leaf(1399),Healthy-Leaf (1289).jpg,processed,0.2700,12,
2026-07-30T12:12:33.061657+00:00,Healthy-Leaf(1399),Healthy-Leaf (129).jpg,processed,0.2853,12,
2026-07-30T12:12:33.341950+00:00,Healthy-Leaf(1399),Healthy-Leaf (1290).jpg,processed,0.2735,12,
2026-07-30T12:12:33.599009+00:00,Healthy-Leaf(1399),Healthy-Leaf (1291).jpg,processed,0.2517,12,
2026-07-30T12:12:33.871669+00:00,Healthy-Leaf(1399),Healthy-Leaf (1292).jpg,processed,0.2624,12,
2026-07-30T12:12:34.142895+00:00,Healthy-Leaf(1399),Healthy-Leaf (1293).jpg,processed,0.2633,12,
2026-07-30T12:12:34.391962+00:00,Healthy-Leaf(1399),Healthy-Leaf (1294).jpg,processed,0.2441,12,
2026-07-30T12:12:34.643285+00:00,Healthy-Leaf(1399),Healthy-Leaf (1295).jpg,processed,0.2475,12,
2026-07-30T12:12:34.898549+00:00,Healthy-Leaf(1399),Healthy-Leaf (1296).jpg,processed,0.2507,12,
2026-07-30T12:12:35.216801+00:00,Healthy-Leaf(1399),Healthy-Leaf (1297).jpg,processed,0.3146,12,
2026-07-30T12:12:35.472927+00:00,Healthy-Leaf(1399),Healthy-Leaf (1298).jpg,processed,0.2522,12,
2026-07-30T12:12:35.730292+00:00,Healthy-Leaf(1399),Healthy-Leaf (1299).jpg,processed,0.2533,12,
2026-07-30T12:12:36.009350+00:00,Healthy-Leaf(1399),Healthy-Leaf (13).jpg,processed,0.2745,12,
2026-07-30T12:12:36.282016+00:00,Healthy-Leaf(1399),Healthy-Leaf (130).jpg,processed,0.2678,12,
2026-07-30T12:12:36.536211+00:00,Healthy-Leaf(1399),Healthy-Leaf (1300).jpg,processed,0.2503,12,
2026-07-30T12:12:36.798264+00:00,Healthy-Leaf(1399),Healthy-Leaf (1301).jpg,processed,0.2564,12,
2026-07-30T12:12:37.060445+00:00,Healthy-Leaf(1399),Healthy-Leaf (1302).jpg,processed,0.2579,12,
2026-07-30T12:12:37.314530+00:00,Healthy-Leaf(1399),Healthy-Leaf (1303).jpg,processed,0.2501,12,
2026-07-30T12:12:37.575988+00:00,Healthy-Leaf(1399),Healthy-Leaf (1304).jpg,processed,0.2576,12,
2026-07-30T12:12:37.826131+00:00,Healthy-Leaf(1399),Healthy-Leaf (1305).jpg,processed,0.2464,12,
2026-07-30T12:12:38.097476+00:00,Healthy-Leaf(1399),Healthy-Leaf (1306).jpg,processed,0.2673,12,
2026-07-30T12:12:38.351644+00:00,Healthy-Leaf(1399),Healthy-Leaf (1307).jpg,processed,0.2506,12,
2026-07-30T12:12:38.634352+00:00,Healthy-Leaf(1399),Healthy-Leaf (1308).jpg,processed,0.2783,12,
2026-07-30T12:12:38.895021+00:00,Healthy-Leaf(1399),Healthy-Leaf (1309).jpg,processed,0.2442,12,
2026-07-30T12:12:39.163536+00:00,Healthy-Leaf(1399),Healthy-Leaf (131).jpg,processed,0.2645,12,
2026-07-30T12:12:39.410516+00:00,Healthy-Leaf(1399),Healthy-Leaf (1310).jpg,processed,0.2432,12,
2026-07-30T12:12:39.790200+00:00,Healthy-Leaf(1399),Healthy-Leaf (1311).jpg,processed,0.3750,12,
2026-07-30T12:12:40.035010+00:00,Healthy-Leaf(1399),Healthy-Leaf (1312).jpg,processed,0.2407,12,
2026-07-30T12:12:40.284801+00:00,Healthy-Leaf(1399),Healthy-Leaf (1313).jpg,processed,0.2455,12,
2026-07-30T12:12:40.531814+00:00,Healthy-Leaf(1399),Healthy-Leaf (1314).jpg,processed,0.2429,12,
2026-07-30T12:12:40.797748+00:00,Healthy-Leaf(1399),Healthy-Leaf (1315).jpg,processed,0.2622,12,
2026-07-30T12:12:41.111734+00:00,Healthy-Leaf(1399),Healthy-Leaf (1316).jpg,processed,0.3088,12,
2026-07-30T12:12:41.521199+00:00,Healthy-Leaf(1399),Healthy-Leaf (1317).jpg,processed,0.4050,12,
2026-07-30T12:12:41.767478+00:00,Healthy-Leaf(1399),Healthy-Leaf (1318).jpg,processed,0.2421,12,
2026-07-30T12:12:42.032633+00:00,Healthy-Leaf(1399),Healthy-Leaf (1319).jpg,processed,0.2605,12,
2026-07-30T12:12:42.303479+00:00,Healthy-Leaf(1399),Healthy-Leaf (132).jpg,processed,0.2657,12,
2026-07-30T12:12:42.563983+00:00,Healthy-Leaf(1399),Healthy-Leaf (1320).jpg,processed,0.2561,12,
2026-07-30T12:12:42.821410+00:00,Healthy-Leaf(1399),Healthy-Leaf (1321).jpg,processed,0.2532,12,
2026-07-30T12:12:43.228433+00:00,Healthy-Leaf(1399),Healthy-Leaf (1322).jpg,processed,0.4023,12,
2026-07-30T12:12:43.488461+00:00,Healthy-Leaf(1399),Healthy-Leaf (1323).jpg,processed,0.2551,12,
2026-07-30T12:12:43.738433+00:00,Healthy-Leaf(1399),Healthy-Leaf (1324).jpg,processed,0.2457,12,
2026-07-30T12:12:44.002509+00:00,Healthy-Leaf(1399),Healthy-Leaf (1325).jpg,processed,0.2599,12,
2026-07-30T12:12:44.285716+00:00,Healthy-Leaf(1399),Healthy-Leaf (1326).jpg,processed,0.2789,12,
2026-07-30T12:12:44.558152+00:00,Healthy-Leaf(1399),Healthy-Leaf (1327).jpg,processed,0.2676,12,
2026-07-30T12:12:44.831085+00:00,Healthy-Leaf(1399),Healthy-Leaf (1328).jpg,processed,0.2684,12,
2026-07-30T12:12:45.123882+00:00,Healthy-Leaf(1399),Healthy-Leaf (1329).jpg,processed,0.2880,12,
2026-07-30T12:12:45.428543+00:00,Healthy-Leaf(1399),Healthy-Leaf (133).jpg,processed,0.3009,12,
2026-07-30T12:12:45.691787+00:00,Healthy-Leaf(1399),Healthy-Leaf (1330).jpg,processed,0.2587,12,
2026-07-30T12:12:45.967955+00:00,Healthy-Leaf(1399),Healthy-Leaf (1331).jpg,processed,0.2692,12,
2026-07-30T12:12:46.222599+00:00,Healthy-Leaf(1399),Healthy-Leaf (1332).jpg,processed,0.2501,12,
2026-07-30T12:12:46.473428+00:00,Healthy-Leaf(1399),Healthy-Leaf (1333).jpg,processed,0.2466,12,
2026-07-30T12:12:46.733613+00:00,Healthy-Leaf(1399),Healthy-Leaf (1334).jpg,processed,0.2553,12,
2026-07-30T12:12:46.994076+00:00,Healthy-Leaf(1399),Healthy-Leaf (1335).jpg,processed,0.2545,12,
2026-07-30T12:12:47.257863+00:00,Healthy-Leaf(1399),Healthy-Leaf (1336).jpg,processed,0.2591,12,
2026-07-30T12:12:47.526718+00:00,Healthy-Leaf(1399),Healthy-Leaf (1337).jpg,processed,0.2635,12,
2026-07-30T12:12:47.885707+00:00,Healthy-Leaf(1399),Healthy-Leaf (1338).jpg,processed,0.3542,12,
2026-07-30T12:12:48.144298+00:00,Healthy-Leaf(1399),Healthy-Leaf (1339).jpg,processed,0.2534,12,
2026-07-30T12:12:48.417024+00:00,Healthy-Leaf(1399),Healthy-Leaf (134).jpg,processed,0.2681,12,
2026-07-30T12:12:48.671230+00:00,Healthy-Leaf(1399),Healthy-Leaf (1340).jpg,processed,0.2482,12,
2026-07-30T12:12:48.935594+00:00,Healthy-Leaf(1399),Healthy-Leaf (1341).jpg,processed,0.2600,12,
2026-07-30T12:12:49.215935+00:00,Healthy-Leaf(1399),Healthy-Leaf (1342).jpg,processed,0.2759,12,
2026-07-30T12:12:49.482374+00:00,Healthy-Leaf(1399),Healthy-Leaf (1343).jpg,processed,0.2618,12,
2026-07-30T12:12:49.772719+00:00,Healthy-Leaf(1399),Healthy-Leaf (1344).jpg,processed,0.2852,12,
2026-07-30T12:12:50.054582+00:00,Healthy-Leaf(1399),Healthy-Leaf (1345).jpg,processed,0.2778,12,
2026-07-30T12:12:50.318686+00:00,Healthy-Leaf(1399),Healthy-Leaf (1346).jpg,processed,0.2593,12,
2026-07-30T12:12:50.572761+00:00,Healthy-Leaf(1399),Healthy-Leaf (1347).jpg,processed,0.2489,12,
2026-07-30T12:12:50.831529+00:00,Healthy-Leaf(1399),Healthy-Leaf (1348).jpg,processed,0.2541,12,
2026-07-30T12:12:51.093409+00:00,Healthy-Leaf(1399),Healthy-Leaf (1349).jpg,processed,0.2580,12,
2026-07-30T12:12:51.368033+00:00,Healthy-Leaf(1399),Healthy-Leaf (135).jpg,processed,0.2704,12,
2026-07-30T12:12:51.624166+00:00,Healthy-Leaf(1399),Healthy-Leaf (1350).jpg,processed,0.2514,12,
2026-07-30T12:12:51.899717+00:00,Healthy-Leaf(1399),Healthy-Leaf (1351).jpg,processed,0.2702,12,
2026-07-30T12:12:52.180890+00:00,Healthy-Leaf(1399),Healthy-Leaf (1352).jpg,processed,0.2748,12,
2026-07-30T12:12:52.458838+00:00,Healthy-Leaf(1399),Healthy-Leaf (1353).jpg,processed,0.2728,12,
2026-07-30T12:12:52.714096+00:00,Healthy-Leaf(1399),Healthy-Leaf (1354).jpg,processed,0.2513,12,
2026-07-30T12:12:52.970867+00:00,Healthy-Leaf(1399),Healthy-Leaf (1355).jpg,processed,0.2522,12,
2026-07-30T12:12:53.236910+00:00,Healthy-Leaf(1399),Healthy-Leaf (1356).jpg,processed,0.2613,12,
2026-07-30T12:12:53.489535+00:00,Healthy-Leaf(1399),Healthy-Leaf (1357).jpg,processed,0.2474,12,
2026-07-30T12:12:53.758199+00:00,Healthy-Leaf(1399),Healthy-Leaf (1358).jpg,processed,0.2644,12,
2026-07-30T12:12:54.035580+00:00,Healthy-Leaf(1399),Healthy-Leaf (1359).jpg,processed,0.2711,12,
2026-07-30T12:12:54.317890+00:00,Healthy-Leaf(1399),Healthy-Leaf (136).jpg,processed,0.2759,12,
2026-07-30T12:12:54.583086+00:00,Healthy-Leaf(1399),Healthy-Leaf (1360).jpg,processed,0.2605,12,
2026-07-30T12:12:54.855255+00:00,Healthy-Leaf(1399),Healthy-Leaf (1361).jpg,processed,0.2683,12,
2026-07-30T12:12:55.120376+00:00,Healthy-Leaf(1399),Healthy-Leaf (1362).jpg,processed,0.2607,12,
2026-07-30T12:12:55.379763+00:00,Healthy-Leaf(1399),Healthy-Leaf (1363).jpg,processed,0.2552,12,
2026-07-30T12:12:55.802895+00:00,Healthy-Leaf(1399),Healthy-Leaf (1364).jpg,processed,0.4185,12,
2026-07-30T12:12:56.070389+00:00,Healthy-Leaf(1399),Healthy-Leaf (1365).jpg,processed,0.2629,12,
2026-07-30T12:12:56.329506+00:00,Healthy-Leaf(1399),Healthy-Leaf (1366).jpg,processed,0.2545,12,
2026-07-30T12:12:56.584523+00:00,Healthy-Leaf(1399),Healthy-Leaf (1367).jpg,processed,0.2505,12,
2026-07-30T12:12:56.844017+00:00,Healthy-Leaf(1399),Healthy-Leaf (1368).jpg,processed,0.2548,12,
2026-07-30T12:12:57.106132+00:00,Healthy-Leaf(1399),Healthy-Leaf (1369).jpg,processed,0.2579,12,
2026-07-30T12:12:57.391058+00:00,Healthy-Leaf(1399),Healthy-Leaf (137).jpg,processed,0.2787,12,
2026-07-30T12:12:57.660090+00:00,Healthy-Leaf(1399),Healthy-Leaf (1370).jpg,processed,0.2651,12,
2026-07-30T12:12:57.916297+00:00,Healthy-Leaf(1399),Healthy-Leaf (1371).jpg,processed,0.2511,12,
2026-07-30T12:12:58.199399+00:00,Healthy-Leaf(1399),Healthy-Leaf (1372).jpg,processed,0.2790,12,
2026-07-30T12:12:58.468674+00:00,Healthy-Leaf(1399),Healthy-Leaf (1373).jpg,processed,0.2653,12,
2026-07-30T12:12:58.741424+00:00,Healthy-Leaf(1399),Healthy-Leaf (1374).jpg,processed,0.2680,12,
2026-07-30T12:12:58.999855+00:00,Healthy-Leaf(1399),Healthy-Leaf (1375).jpg,processed,0.2541,12,
2026-07-30T12:12:59.277129+00:00,Healthy-Leaf(1399),Healthy-Leaf (1376).jpg,processed,0.2729,12,
2026-07-30T12:12:59.544934+00:00,Healthy-Leaf(1399),Healthy-Leaf (1377).jpg,processed,0.2623,12,
2026-07-30T12:12:59.808806+00:00,Healthy-Leaf(1399),Healthy-Leaf (1378).jpg,processed,0.2593,12,
2026-07-30T12:13:00.080163+00:00,Healthy-Leaf(1399),Healthy-Leaf (1379).jpg,processed,0.2669,12,
2026-07-30T12:13:00.360137+00:00,Healthy-Leaf(1399),Healthy-Leaf (138).jpg,processed,0.2758,12,
2026-07-30T12:13:00.623485+00:00,Healthy-Leaf(1399),Healthy-Leaf (1380).jpg,processed,0.2583,12,
2026-07-30T12:13:00.889870+00:00,Healthy-Leaf(1399),Healthy-Leaf (1381).jpg,processed,0.2612,12,
2026-07-30T12:13:01.171679+00:00,Healthy-Leaf(1399),Healthy-Leaf (1382).jpg,processed,0.2769,12,
2026-07-30T12:13:01.464203+00:00,Healthy-Leaf(1399),Healthy-Leaf (1383).jpg,processed,0.2876,12,
2026-07-30T12:13:01.729433+00:00,Healthy-Leaf(1399),Healthy-Leaf (1384).jpg,processed,0.2607,12,
2026-07-30T12:13:02.013952+00:00,Healthy-Leaf(1399),Healthy-Leaf (1385).jpg,processed,0.2800,12,
2026-07-30T12:13:02.290518+00:00,Healthy-Leaf(1399),Healthy-Leaf (1386).jpg,processed,0.2706,12,
2026-07-30T12:13:02.563476+00:00,Healthy-Leaf(1399),Healthy-Leaf (1387).jpg,processed,0.2689,12,
2026-07-30T12:13:02.849662+00:00,Healthy-Leaf(1399),Healthy-Leaf (1388).jpg,processed,0.2814,12,
2026-07-30T12:13:03.142847+00:00,Healthy-Leaf(1399),Healthy-Leaf (1389).jpg,processed,0.2887,12,
2026-07-30T12:13:03.437314+00:00,Healthy-Leaf(1399),Healthy-Leaf (139).jpg,processed,0.2885,12,
2026-07-30T12:13:03.729083+00:00,Healthy-Leaf(1399),Healthy-Leaf (1390).jpg,processed,0.2872,12,
2026-07-30T12:13:04.089358+00:00,Healthy-Leaf(1399),Healthy-Leaf (1391).jpg,processed,0.3549,12,
2026-07-30T12:13:04.399854+00:00,Healthy-Leaf(1399),Healthy-Leaf (1392).jpg,processed,0.3057,12,
2026-07-30T12:13:04.675306+00:00,Healthy-Leaf(1399),Healthy-Leaf (1393).jpg,processed,0.2710,12,
2026-07-30T12:13:04.955179+00:00,Healthy-Leaf(1399),Healthy-Leaf (1394).jpg,processed,0.2751,12,
2026-07-30T12:13:05.279820+00:00,Healthy-Leaf(1399),Healthy-Leaf (1395).jpg,processed,0.3206,12,
2026-07-30T12:13:05.539532+00:00,Healthy-Leaf(1399),Healthy-Leaf (1396).jpg,processed,0.2555,12,
2026-07-30T12:13:05.821360+00:00,Healthy-Leaf(1399),Healthy-Leaf (1397).jpg,processed,0.2762,12,
2026-07-30T12:13:06.106413+00:00,Healthy-Leaf(1399),Healthy-Leaf (1398).jpg,processed,0.2798,12,
2026-07-30T12:13:06.379915+00:00,Healthy-Leaf(1399),Healthy-Leaf (1399).jpg,processed,0.2691,12,
2026-07-30T12:13:06.660377+00:00,Healthy-Leaf(1399),Healthy-Leaf (14).jpg,processed,0.2763,12,
2026-07-30T12:13:06.928382+00:00,Healthy-Leaf(1399),Healthy-Leaf (140).JPG,processed,0.2638,12,
2026-07-30T12:13:07.221535+00:00,Healthy-Leaf(1399),Healthy-Leaf (141).JPG,processed,0.2888,12,
2026-07-30T12:13:07.505030+00:00,Healthy-Leaf(1399),Healthy-Leaf (142).JPG,processed,0.2767,12,
2026-07-30T12:13:07.759407+00:00,Healthy-Leaf(1399),Healthy-Leaf (143).JPG,processed,0.2497,12,
2026-07-30T12:13:08.026233+00:00,Healthy-Leaf(1399),Healthy-Leaf (144).JPG,processed,0.2614,12,
2026-07-30T12:13:08.296208+00:00,Healthy-Leaf(1399),Healthy-Leaf (145).JPG,processed,0.2640,12,
2026-07-30T12:13:08.570151+00:00,Healthy-Leaf(1399),Healthy-Leaf (146).JPG,processed,0.2693,12,
2026-07-30T12:13:08.854459+00:00,Healthy-Leaf(1399),Healthy-Leaf (147).JPG,processed,0.2795,12,
2026-07-30T12:13:09.132639+00:00,Healthy-Leaf(1399),Healthy-Leaf (148).JPG,processed,0.2741,12,
2026-07-30T12:13:09.434780+00:00,Healthy-Leaf(1399),Healthy-Leaf (149).JPG,processed,0.2971,12,
2026-07-30T12:13:09.763182+00:00,Healthy-Leaf(1399),Healthy-Leaf (15).jpg,processed,0.3226,12,
2026-07-30T12:13:10.109809+00:00,Healthy-Leaf(1399),Healthy-Leaf (150).JPG,processed,0.3415,12,
2026-07-30T12:13:10.407806+00:00,Healthy-Leaf(1399),Healthy-Leaf (151).JPG,processed,0.2925,12,
2026-07-30T12:13:10.761889+00:00,Healthy-Leaf(1399),Healthy-Leaf (152).JPG,processed,0.3477,12,
2026-07-30T12:13:11.050136+00:00,Healthy-Leaf(1399),Healthy-Leaf (153).JPG,processed,0.2817,12,
2026-07-30T12:13:11.358872+00:00,Healthy-Leaf(1399),Healthy-Leaf (154).JPG,processed,0.3043,12,
2026-07-30T12:13:11.633664+00:00,Healthy-Leaf(1399),Healthy-Leaf (155).JPG,processed,0.2709,12,
2026-07-30T12:13:11.894250+00:00,Healthy-Leaf(1399),Healthy-Leaf (156).JPG,processed,0.2554,12,
2026-07-30T12:13:12.374869+00:00,Healthy-Leaf(1399),Healthy-Leaf (157).JPG,processed,0.4754,12,
2026-07-30T12:13:12.665465+00:00,Healthy-Leaf(1399),Healthy-Leaf (158).JPG,processed,0.2857,12,
2026-07-30T12:13:12.956053+00:00,Healthy-Leaf(1399),Healthy-Leaf (159).JPG,processed,0.2856,12,
2026-07-30T12:13:13.257205+00:00,Healthy-Leaf(1399),Healthy-Leaf (16).jpg,processed,0.2960,12,
2026-07-30T12:13:13.646828+00:00,Healthy-Leaf(1399),Healthy-Leaf (160).JPG,processed,0.3857,12,
2026-07-30T12:13:13.923635+00:00,Healthy-Leaf(1399),Healthy-Leaf (161).JPG,processed,0.2723,12,
2026-07-30T12:13:14.233752+00:00,Healthy-Leaf(1399),Healthy-Leaf (162).JPG,processed,0.2889,12,
2026-07-30T12:13:14.528687+00:00,Healthy-Leaf(1399),Healthy-Leaf (163).JPG,processed,0.2896,12,
2026-07-30T12:13:14.802575+00:00,Healthy-Leaf(1399),Healthy-Leaf (164).JPG,processed,0.2681,12,
2026-07-30T12:13:15.074573+00:00,Healthy-Leaf(1399),Healthy-Leaf (165).JPG,processed,0.2666,12,
2026-07-30T12:13:15.518395+00:00,Healthy-Leaf(1399),Healthy-Leaf (166).JPG,processed,0.4395,12,
2026-07-30T12:13:15.950890+00:00,Healthy-Leaf(1399),Healthy-Leaf (167).JPG,processed,0.4239,12,
2026-07-30T12:13:16.368232+00:00,Healthy-Leaf(1399),Healthy-Leaf (168).JPG,processed,0.4102,12,
2026-07-30T12:13:16.763551+00:00,Healthy-Leaf(1399),Healthy-Leaf (169).JPG,processed,0.3903,12,
2026-07-30T12:13:17.117310+00:00,Healthy-Leaf(1399),Healthy-Leaf (17).jpg,processed,0.3478,12,
2026-07-30T12:13:17.917930+00:00,Healthy-Leaf(1399),Healthy-Leaf (170).JPG,processed,0.7795,12,
2026-07-30T12:13:18.524298+00:00,Healthy-Leaf(1399),Healthy-Leaf (171).JPG,processed,0.5945,12,
2026-07-30T12:13:19.008455+00:00,Healthy-Leaf(1399),Healthy-Leaf (172).JPG,processed,0.4499,12,
2026-07-30T12:13:19.576512+00:00,Healthy-Leaf(1399),Healthy-Leaf (173).JPG,processed,0.5612,12,
2026-07-30T12:13:19.922045+00:00,Healthy-Leaf(1399),Healthy-Leaf (174).JPG,processed,0.3385,12,
2026-07-30T12:13:20.236701+00:00,Healthy-Leaf(1399),Healthy-Leaf (175).JPG,processed,0.2987,12,
2026-07-30T12:13:20.563539+00:00,Healthy-Leaf(1399),Healthy-Leaf (176).JPG,processed,0.3218,12,
2026-07-30T12:13:20.861407+00:00,Healthy-Leaf(1399),Healthy-Leaf (177).JPG,processed,0.2927,12,
2026-07-30T12:13:21.173751+00:00,Healthy-Leaf(1399),Healthy-Leaf (178).JPG,processed,0.3069,12,
2026-07-30T12:13:21.518246+00:00,Healthy-Leaf(1399),Healthy-Leaf (179).JPG,processed,0.3386,12,
2026-07-30T12:13:21.829172+00:00,Healthy-Leaf(1399),Healthy-Leaf (18).jpg,processed,0.3060,12,
2026-07-30T12:13:22.324771+00:00,Healthy-Leaf(1399),Healthy-Leaf (180).JPG,processed,0.4868,12,
2026-07-30T12:13:22.702754+00:00,Healthy-Leaf(1399),Healthy-Leaf (181).JPG,processed,0.3725,12,
2026-07-30T12:13:23.050102+00:00,Healthy-Leaf(1399),Healthy-Leaf (182).JPG,processed,0.3426,12,
2026-07-30T12:13:23.343630+00:00,Healthy-Leaf(1399),Healthy-Leaf (183).JPG,processed,0.2849,12,
2026-07-30T12:13:23.685562+00:00,Healthy-Leaf(1399),Healthy-Leaf (184).JPG,processed,0.3370,12,
2026-07-30T12:13:23.993472+00:00,Healthy-Leaf(1399),Healthy-Leaf (185).JPG,processed,0.2949,12,
2026-07-30T12:13:24.284783+00:00,Healthy-Leaf(1399),Healthy-Leaf (186).JPG,processed,0.2842,12,
2026-07-30T12:13:24.698231+00:00,Healthy-Leaf(1399),Healthy-Leaf (187).JPG,processed,0.4081,12,
2026-07-30T12:13:25.055379+00:00,Healthy-Leaf(1399),Healthy-Leaf (188).JPG,processed,0.3517,12,
2026-07-30T12:13:25.348188+00:00,Healthy-Leaf(1399),Healthy-Leaf (189).JPG,processed,0.2867,12,
2026-07-30T12:13:25.633011+00:00,Healthy-Leaf(1399),Healthy-Leaf (19).jpg,processed,0.2795,12,
2026-07-30T12:13:25.911796+00:00,Healthy-Leaf(1399),Healthy-Leaf (190).JPG,processed,0.2737,12,
2026-07-30T12:13:26.198562+00:00,Healthy-Leaf(1399),Healthy-Leaf (191).JPG,processed,0.2826,12,
2026-07-30T12:13:26.481489+00:00,Healthy-Leaf(1399),Healthy-Leaf (192).JPG,processed,0.2788,12,
2026-07-30T12:13:26.796748+00:00,Healthy-Leaf(1399),Healthy-Leaf (193).JPG,processed,0.3088,12,
2026-07-30T12:13:27.106870+00:00,Healthy-Leaf(1399),Healthy-Leaf (194).JPG,processed,0.3054,12,
2026-07-30T12:13:27.482045+00:00,Healthy-Leaf(1399),Healthy-Leaf (195).JPG,processed,0.3705,12,
2026-07-30T12:13:27.787756+00:00,Healthy-Leaf(1399),Healthy-Leaf (196).JPG,processed,0.3002,12,
2026-07-30T12:13:28.121782+00:00,Healthy-Leaf(1399),Healthy-Leaf (197).JPG,processed,0.3276,12,
2026-07-30T12:13:28.425313+00:00,Healthy-Leaf(1399),Healthy-Leaf (198).JPG,processed,0.2980,12,
2026-07-30T12:13:28.745205+00:00,Healthy-Leaf(1399),Healthy-Leaf (199).JPG,processed,0.3157,12,
2026-07-30T12:13:29.095772+00:00,Healthy-Leaf(1399),Healthy-Leaf (2).jpg,processed,0.3430,12,
2026-07-30T12:13:29.419302+00:00,Healthy-Leaf(1399),Healthy-Leaf (20).jpg,processed,0.3180,12,
2026-07-30T12:13:29.717686+00:00,Healthy-Leaf(1399),Healthy-Leaf (200).JPG,processed,0.2925,12,
2026-07-30T12:13:30.171439+00:00,Healthy-Leaf(1399),Healthy-Leaf (201).JPG,processed,0.4485,12,
2026-07-30T12:13:30.563227+00:00,Healthy-Leaf(1399),Healthy-Leaf (202).JPG,processed,0.3866,12,
2026-07-30T12:13:30.970036+00:00,Healthy-Leaf(1399),Healthy-Leaf (203).JPG,processed,0.3807,12,
2026-07-30T12:13:31.416199+00:00,Healthy-Leaf(1399),Healthy-Leaf (204).JPG,processed,0.4383,12,
2026-07-30T12:13:31.853937+00:00,Healthy-Leaf(1399),Healthy-Leaf (205).JPG,processed,0.4317,12,
2026-07-30T12:13:32.215380+00:00,Healthy-Leaf(1399),Healthy-Leaf (206).JPG,processed,0.3543,12,
2026-07-30T12:13:32.554416+00:00,Healthy-Leaf(1399),Healthy-Leaf (207).JPG,processed,0.3321,12,
2026-07-30T12:13:32.835773+00:00,Healthy-Leaf(1399),Healthy-Leaf (208).JPG,processed,0.2748,12,
2026-07-30T12:13:33.141187+00:00,Healthy-Leaf(1399),Healthy-Leaf (209).JPG,processed,0.2995,12,
2026-07-30T12:13:33.451133+00:00,Healthy-Leaf(1399),Healthy-Leaf (21).jpg,processed,0.3052,12,
2026-07-30T12:13:33.737095+00:00,Healthy-Leaf(1399),Healthy-Leaf (210).JPG,processed,0.2807,12,
2026-07-30T12:13:34.062289+00:00,Healthy-Leaf(1399),Healthy-Leaf (211).JPG,processed,0.3191,12,
2026-07-30T12:13:34.409547+00:00,Healthy-Leaf(1399),Healthy-Leaf (212).JPG,processed,0.3422,12,
2026-07-30T12:13:34.960123+00:00,Healthy-Leaf(1399),Healthy-Leaf (213).JPG,processed,0.5437,12,
2026-07-30T12:13:35.407207+00:00,Healthy-Leaf(1399),Healthy-Leaf (214).JPG,processed,0.4415,12,
2026-07-30T12:13:35.901555+00:00,Healthy-Leaf(1399),Healthy-Leaf (215).JPG,processed,0.4713,12,
2026-07-30T12:13:36.250857+00:00,Healthy-Leaf(1399),Healthy-Leaf (216).JPG,processed,0.3441,12,
2026-07-30T12:13:36.607439+00:00,Healthy-Leaf(1399),Healthy-Leaf (217).JPG,processed,0.3491,12,
2026-07-30T12:13:36.983914+00:00,Healthy-Leaf(1399),Healthy-Leaf (218).JPG,processed,0.3717,12,
2026-07-30T12:13:37.315468+00:00,Healthy-Leaf(1399),Healthy-Leaf (219).JPG,processed,0.3259,12,
2026-07-30T12:13:37.673806+00:00,Healthy-Leaf(1399),Healthy-Leaf (22).jpg,processed,0.3523,12,
2026-07-30T12:13:38.006998+00:00,Healthy-Leaf(1399),Healthy-Leaf (220).JPG,processed,0.3279,12,
2026-07-30T12:13:38.495169+00:00,Healthy-Leaf(1399),Healthy-Leaf (221).JPG,processed,0.4831,12,
2026-07-30T12:13:38.853744+00:00,Healthy-Leaf(1399),Healthy-Leaf (222).JPG,processed,0.3525,12,
2026-07-30T12:13:39.346660+00:00,Healthy-Leaf(1399),Healthy-Leaf (223).JPG,processed,0.4871,12,
2026-07-30T12:13:39.926934+00:00,Healthy-Leaf(1399),Healthy-Leaf (224).JPG,processed,0.5739,12,
2026-07-30T12:13:40.412892+00:00,Healthy-Leaf(1399),Healthy-Leaf (225).JPG,processed,0.4812,12,
2026-07-30T12:13:40.820394+00:00,Healthy-Leaf(1399),Healthy-Leaf (226).JPG,processed,0.3726,12,
2026-07-30T12:13:41.203713+00:00,Healthy-Leaf(1399),Healthy-Leaf (227).JPG,processed,0.3745,12,
2026-07-30T12:13:41.653393+00:00,Healthy-Leaf(1399),Healthy-Leaf (228).JPG,processed,0.4437,12,
2026-07-30T12:13:41.958266+00:00,Healthy-Leaf(1399),Healthy-Leaf (229).JPG,processed,0.2995,12,
2026-07-30T12:13:42.262085+00:00,Healthy-Leaf(1399),Healthy-Leaf (23).jpg,processed,0.2980,12,
2026-07-30T12:13:42.609240+00:00,Healthy-Leaf(1399),Healthy-Leaf (230).JPG,processed,0.3394,12,
2026-07-30T12:13:43.151981+00:00,Healthy-Leaf(1399),Healthy-Leaf (231).JPG,processed,0.5378,12,
2026-07-30T12:13:43.463542+00:00,Healthy-Leaf(1399),Healthy-Leaf (232).JPG,processed,0.3065,12,
2026-07-30T12:13:43.778290+00:00,Healthy-Leaf(1399),Healthy-Leaf (233).JPG,processed,0.3099,12,
2026-07-30T12:13:44.319963+00:00,Healthy-Leaf(1399),Healthy-Leaf (234).JPG,processed,0.5273,12,
2026-07-30T12:13:44.710903+00:00,Healthy-Leaf(1399),Healthy-Leaf (235).JPG,processed,0.3846,12,
2026-07-30T12:13:45.022840+00:00,Healthy-Leaf(1399),Healthy-Leaf (236).JPG,processed,0.3067,12,
2026-07-30T12:13:45.331193+00:00,Healthy-Leaf(1399),Healthy-Leaf (237).JPG,processed,0.3035,12,
2026-07-30T12:13:45.630499+00:00,Healthy-Leaf(1399),Healthy-Leaf (238).JPG,processed,0.2945,12,
2026-07-30T12:13:45.940283+00:00,Healthy-Leaf(1399),Healthy-Leaf (239).JPG,processed,0.3048,12,
2026-07-30T12:13:46.247208+00:00,Healthy-Leaf(1399),Healthy-Leaf (24).jpg,processed,0.3014,12,
2026-07-30T12:13:46.537271+00:00,Healthy-Leaf(1399),Healthy-Leaf (240).JPG,processed,0.2849,12,
2026-07-30T12:13:46.879407+00:00,Healthy-Leaf(1399),Healthy-Leaf (241).JPG,processed,0.3368,12,
2026-07-30T12:13:47.229852+00:00,Healthy-Leaf(1399),Healthy-Leaf (242).JPG,processed,0.3443,12,
2026-07-30T12:13:47.604940+00:00,Healthy-Leaf(1399),Healthy-Leaf (243).JPG,processed,0.3685,12,
2026-07-30T12:13:47.934893+00:00,Healthy-Leaf(1399),Healthy-Leaf (244).JPG,processed,0.3244,12,
2026-07-30T12:13:48.334554+00:00,Healthy-Leaf(1399),Healthy-Leaf (245).JPG,processed,0.3933,12,
2026-07-30T12:13:48.933277+00:00,Healthy-Leaf(1399),Healthy-Leaf (246).JPG,processed,0.3789,12,
2026-07-30T12:13:49.378183+00:00,Healthy-Leaf(1399),Healthy-Leaf (247).JPG,processed,0.4387,12,
2026-07-30T12:13:49.761022+00:00,Healthy-Leaf(1399),Healthy-Leaf (248).JPG,processed,0.3772,12,
2026-07-30T12:13:50.253819+00:00,Healthy-Leaf(1399),Healthy-Leaf (249).JPG,processed,0.4713,12,
2026-07-30T12:13:50.583921+00:00,Healthy-Leaf(1399),Healthy-Leaf (25).jpg,processed,0.3212,12,
2026-07-30T12:13:50.873556+00:00,Healthy-Leaf(1399),Healthy-Leaf (250).JPG,processed,0.2852,12,
2026-07-30T12:13:51.155208+00:00,Healthy-Leaf(1399),Healthy-Leaf (251).JPG,processed,0.2749,12,
2026-07-30T12:13:51.459122+00:00,Healthy-Leaf(1399),Healthy-Leaf (252).JPG,processed,0.2997,12,
2026-07-30T12:13:51.733961+00:00,Healthy-Leaf(1399),Healthy-Leaf (253).JPG,processed,0.2705,12,
2026-07-30T12:13:52.031089+00:00,Healthy-Leaf(1399),Healthy-Leaf (254).JPG,processed,0.2923,12,
2026-07-30T12:13:52.345937+00:00,Healthy-Leaf(1399),Healthy-Leaf (255).JPG,processed,0.3102,12,
2026-07-30T12:13:52.638565+00:00,Healthy-Leaf(1399),Healthy-Leaf (256).JPG,processed,0.2871,12,
2026-07-30T12:13:52.945413+00:00,Healthy-Leaf(1399),Healthy-Leaf (257).JPG,processed,0.3021,12,
2026-07-30T12:13:53.239374+00:00,Healthy-Leaf(1399),Healthy-Leaf (258).JPG,processed,0.2897,12,
2026-07-30T12:13:53.526363+00:00,Healthy-Leaf(1399),Healthy-Leaf (259).JPG,processed,0.2825,12,
2026-07-30T12:13:53.848951+00:00,Healthy-Leaf(1399),Healthy-Leaf (26).jpg,processed,0.3169,12,
2026-07-30T12:13:54.174602+00:00,Healthy-Leaf(1399),Healthy-Leaf (260).JPG,processed,0.3186,12,
2026-07-30T12:13:54.465237+00:00,Healthy-Leaf(1399),Healthy-Leaf (261).JPG,processed,0.2850,12,
2026-07-30T12:13:54.777069+00:00,Healthy-Leaf(1399),Healthy-Leaf (262).JPG,processed,0.3068,12,
2026-07-30T12:13:55.080492+00:00,Healthy-Leaf(1399),Healthy-Leaf (263).JPG,processed,0.2958,12,
2026-07-30T12:13:55.361633+00:00,Healthy-Leaf(1399),Healthy-Leaf (264).JPG,processed,0.2754,12,
2026-07-30T12:13:55.649293+00:00,Healthy-Leaf(1399),Healthy-Leaf (265).JPG,processed,0.2818,12,
2026-07-30T12:13:55.954859+00:00,Healthy-Leaf(1399),Healthy-Leaf (266).JPG,processed,0.3009,12,
2026-07-30T12:13:56.228408+00:00,Healthy-Leaf(1399),Healthy-Leaf (267).JPG,processed,0.2689,12,
2026-07-30T12:13:56.504527+00:00,Healthy-Leaf(1399),Healthy-Leaf (268).JPG,processed,0.2715,12,
2026-07-30T12:13:56.786069+00:00,Healthy-Leaf(1399),Healthy-Leaf (269).JPG,processed,0.2774,12,
2026-07-30T12:13:57.068714+00:00,Healthy-Leaf(1399),Healthy-Leaf (27).jpg,processed,0.2764,12,
2026-07-30T12:13:57.336080+00:00,Healthy-Leaf(1399),Healthy-Leaf (270).jpg,processed,0.2532,12,
2026-07-30T12:13:57.736782+00:00,Healthy-Leaf(1399),Healthy-Leaf (271).jpg,processed,0.3940,12,
2026-07-30T12:13:58.010734+00:00,Healthy-Leaf(1399),Healthy-Leaf (272).jpg,processed,0.2684,12,
2026-07-30T12:13:58.294992+00:00,Healthy-Leaf(1399),Healthy-Leaf (273).jpg,processed,0.2790,12,
2026-07-30T12:13:58.551925+00:00,Healthy-Leaf(1399),Healthy-Leaf (274).jpg,processed,0.2527,12,
2026-07-30T12:13:58.819288+00:00,Healthy-Leaf(1399),Healthy-Leaf (275).jpg,processed,0.2627,12,
2026-07-30T12:13:59.103595+00:00,Healthy-Leaf(1399),Healthy-Leaf (276).jpg,processed,0.2802,12,
2026-07-30T12:13:59.369525+00:00,Healthy-Leaf(1399),Healthy-Leaf (277).jpg,processed,0.2613,12,
2026-07-30T12:13:59.677327+00:00,Healthy-Leaf(1399),Healthy-Leaf (278).jpg,processed,0.3037,12,
2026-07-30T12:13:59.935616+00:00,Healthy-Leaf(1399),Healthy-Leaf (279).jpg,processed,0.2542,12,
2026-07-30T12:14:00.247869+00:00,Healthy-Leaf(1399),Healthy-Leaf (28).jpg,processed,0.3082,12,
2026-07-30T12:14:00.512501+00:00,Healthy-Leaf(1399),Healthy-Leaf (280).jpg,processed,0.2597,12,
2026-07-30T12:14:00.777744+00:00,Healthy-Leaf(1399),Healthy-Leaf (281).jpg,processed,0.2602,12,
2026-07-30T12:14:01.050425+00:00,Healthy-Leaf(1399),Healthy-Leaf (282).jpg,processed,0.2681,12,
2026-07-30T12:14:01.316935+00:00,Healthy-Leaf(1399),Healthy-Leaf (283).jpg,processed,0.2620,12,
2026-07-30T12:14:01.578637+00:00,Healthy-Leaf(1399),Healthy-Leaf (284).jpg,processed,0.2560,12,
2026-07-30T12:14:01.853039+00:00,Healthy-Leaf(1399),Healthy-Leaf (285).jpg,processed,0.2682,12,
2026-07-30T12:14:02.110980+00:00,Healthy-Leaf(1399),Healthy-Leaf (286).jpg,processed,0.2480,12,
2026-07-30T12:14:02.364257+00:00,Healthy-Leaf(1399),Healthy-Leaf (287).jpg,processed,0.2486,12,
2026-07-30T12:14:02.617712+00:00,Healthy-Leaf(1399),Healthy-Leaf (288).jpg,processed,0.2493,12,
2026-07-30T12:14:02.883671+00:00,Healthy-Leaf(1399),Healthy-Leaf (289).jpg,processed,0.2615,12,
2026-07-30T12:14:03.147345+00:00,Healthy-Leaf(1399),Healthy-Leaf (29).jpg,processed,0.2581,12,
2026-07-30T12:14:03.405163+00:00,Healthy-Leaf(1399),Healthy-Leaf (290).jpg,processed,0.2539,12,
2026-07-30T12:14:03.667503+00:00,Healthy-Leaf(1399),Healthy-Leaf (291).jpg,processed,0.2569,12,
2026-07-30T12:14:03.932204+00:00,Healthy-Leaf(1399),Healthy-Leaf (292).jpg,processed,0.2600,12,
2026-07-30T12:14:04.201731+00:00,Healthy-Leaf(1399),Healthy-Leaf (293).jpg,processed,0.2642,12,
2026-07-30T12:14:04.455197+00:00,Healthy-Leaf(1399),Healthy-Leaf (294).jpg,processed,0.2482,12,
2026-07-30T12:14:04.720256+00:00,Healthy-Leaf(1399),Healthy-Leaf (295).jpg,processed,0.2598,12,
2026-07-30T12:14:04.979112+00:00,Healthy-Leaf(1399),Healthy-Leaf (296).jpg,processed,0.2538,12,
2026-07-30T12:14:05.226523+00:00,Healthy-Leaf(1399),Healthy-Leaf (297).jpg,processed,0.2418,12,
2026-07-30T12:14:05.483612+00:00,Healthy-Leaf(1399),Healthy-Leaf (298).jpg,processed,0.2529,12,
2026-07-30T12:14:05.730907+00:00,Healthy-Leaf(1399),Healthy-Leaf (299).jpg,processed,0.2434,12,
2026-07-30T12:14:06.006342+00:00,Healthy-Leaf(1399),Healthy-Leaf (3).jpg,processed,0.2700,12,
2026-07-30T12:14:06.420329+00:00,Healthy-Leaf(1399),Healthy-Leaf (30).jpg,processed,0.4097,12,
2026-07-30T12:14:06.683217+00:00,Healthy-Leaf(1399),Healthy-Leaf (300).jpg,processed,0.2583,12,
2026-07-30T12:14:06.945124+00:00,Healthy-Leaf(1399),Healthy-Leaf (301).jpg,processed,0.2569,12,
2026-07-30T12:14:07.198714+00:00,Healthy-Leaf(1399),Healthy-Leaf (302).jpg,processed,0.2486,12,
2026-07-30T12:14:07.461883+00:00,Healthy-Leaf(1399),Healthy-Leaf (303).jpg,processed,0.2585,12,
2026-07-30T12:14:07.727240+00:00,Healthy-Leaf(1399),Healthy-Leaf (304).jpg,processed,0.2605,12,
2026-07-30T12:14:08.085362+00:00,Healthy-Leaf(1399),Healthy-Leaf (305).jpg,processed,0.3480,12,
2026-07-30T12:14:08.382395+00:00,Healthy-Leaf(1399),Healthy-Leaf (306).jpg,processed,0.2928,12,
2026-07-30T12:14:08.638355+00:00,Healthy-Leaf(1399),Healthy-Leaf (307).jpg,processed,0.2502,12,
2026-07-30T12:14:08.903894+00:00,Healthy-Leaf(1399),Healthy-Leaf (308).jpg,processed,0.2608,12,
2026-07-30T12:14:09.166149+00:00,Healthy-Leaf(1399),Healthy-Leaf (309).jpg,processed,0.2572,12,
2026-07-30T12:14:09.432508+00:00,Healthy-Leaf(1399),Healthy-Leaf (31).jpg,processed,0.2618,12,
2026-07-30T12:14:09.697921+00:00,Healthy-Leaf(1399),Healthy-Leaf (310).jpg,processed,0.2606,12,
2026-07-30T12:14:09.963825+00:00,Healthy-Leaf(1399),Healthy-Leaf (311).jpg,processed,0.2605,12,
2026-07-30T12:14:10.251326+00:00,Healthy-Leaf(1399),Healthy-Leaf (312).jpg,processed,0.2809,12,
2026-07-30T12:14:10.532619+00:00,Healthy-Leaf(1399),Healthy-Leaf (313).jpg,processed,0.2766,12,
2026-07-30T12:14:10.796471+00:00,Healthy-Leaf(1399),Healthy-Leaf (314).jpg,processed,0.2591,12,
2026-07-30T12:14:11.064949+00:00,Healthy-Leaf(1399),Healthy-Leaf (315).jpg,processed,0.2634,12,
2026-07-30T12:14:11.328429+00:00,Healthy-Leaf(1399),Healthy-Leaf (316).jpg,processed,0.2578,12,
2026-07-30T12:14:11.593548+00:00,Healthy-Leaf(1399),Healthy-Leaf (317).jpg,processed,0.2600,12,
2026-07-30T12:14:11.859718+00:00,Healthy-Leaf(1399),Healthy-Leaf (318).jpg,processed,0.2621,12,
2026-07-30T12:14:12.133179+00:00,Healthy-Leaf(1399),Healthy-Leaf (319).jpg,processed,0.2652,12,
2026-07-30T12:14:12.407554+00:00,Healthy-Leaf(1399),Healthy-Leaf (32).jpg,processed,0.2695,12,
2026-07-30T12:14:12.669609+00:00,Healthy-Leaf(1399),Healthy-Leaf (320).jpg,processed,0.2572,12,
2026-07-30T12:14:12.937869+00:00,Healthy-Leaf(1399),Healthy-Leaf (321).jpg,processed,0.2628,12,
2026-07-30T12:14:13.225008+00:00,Healthy-Leaf(1399),Healthy-Leaf (322).jpg,processed,0.2801,12,
2026-07-30T12:14:13.508311+00:00,Healthy-Leaf(1399),Healthy-Leaf (323).jpg,processed,0.2785,12,
2026-07-30T12:14:13.782656+00:00,Healthy-Leaf(1399),Healthy-Leaf (324).jpg,processed,0.2702,12,
2026-07-30T12:14:14.050881+00:00,Healthy-Leaf(1399),Healthy-Leaf (325).jpg,processed,0.2636,12,
2026-07-30T12:14:14.326493+00:00,Healthy-Leaf(1399),Healthy-Leaf (326).jpg,processed,0.2708,12,
2026-07-30T12:14:14.584224+00:00,Healthy-Leaf(1399),Healthy-Leaf (327).jpg,processed,0.2534,12,
2026-07-30T12:14:15.008752+00:00,Healthy-Leaf(1399),Healthy-Leaf (328).jpg,processed,0.4196,12,
2026-07-30T12:14:15.279779+00:00,Healthy-Leaf(1399),Healthy-Leaf (329).jpg,processed,0.2662,12,
2026-07-30T12:14:15.547201+00:00,Healthy-Leaf(1399),Healthy-Leaf (33).jpg,processed,0.2631,12,
2026-07-30T12:14:15.810887+00:00,Healthy-Leaf(1399),Healthy-Leaf (330).jpg,processed,0.2593,12,
2026-07-30T12:14:16.078040+00:00,Healthy-Leaf(1399),Healthy-Leaf (331).jpg,processed,0.2629,12,
2026-07-30T12:14:16.341388+00:00,Healthy-Leaf(1399),Healthy-Leaf (332).jpg,processed,0.2579,12,
2026-07-30T12:14:16.615066+00:00,Healthy-Leaf(1399),Healthy-Leaf (333).jpg,processed,0.2688,12,
2026-07-30T12:14:16.885678+00:00,Healthy-Leaf(1399),Healthy-Leaf (334).jpg,processed,0.2618,12,
2026-07-30T12:14:17.160033+00:00,Healthy-Leaf(1399),Healthy-Leaf (335).jpg,processed,0.2694,12,
2026-07-30T12:14:17.425804+00:00,Healthy-Leaf(1399),Healthy-Leaf (336).jpg,processed,0.2608,12,
2026-07-30T12:14:17.698715+00:00,Healthy-Leaf(1399),Healthy-Leaf (337).jpg,processed,0.2664,12,
2026-07-30T12:14:17.957550+00:00,Healthy-Leaf(1399),Healthy-Leaf (338).jpg,processed,0.2545,12,
2026-07-30T12:14:18.217352+00:00,Healthy-Leaf(1399),Healthy-Leaf (339).jpg,processed,0.2553,12,
2026-07-30T12:14:18.481936+00:00,Healthy-Leaf(1399),Healthy-Leaf (34).jpg,processed,0.2601,12,
2026-07-30T12:14:18.758697+00:00,Healthy-Leaf(1399),Healthy-Leaf (340).jpg,processed,0.2716,12,
2026-07-30T12:14:19.039761+00:00,Healthy-Leaf(1399),Healthy-Leaf (341).jpg,processed,0.2743,12,
2026-07-30T12:14:19.316867+00:00,Healthy-Leaf(1399),Healthy-Leaf (342).jpg,processed,0.2719,12,
2026-07-30T12:14:19.596903+00:00,Healthy-Leaf(1399),Healthy-Leaf (343).jpg,processed,0.2725,12,
2026-07-30T12:14:19.921817+00:00,Healthy-Leaf(1399),Healthy-Leaf (344).jpg,processed,0.3201,12,
2026-07-30T12:14:20.183641+00:00,Healthy-Leaf(1399),Healthy-Leaf (345).jpg,processed,0.2566,12,
2026-07-30T12:14:20.476977+00:00,Healthy-Leaf(1399),Healthy-Leaf (346).jpg,processed,0.2881,12,
2026-07-30T12:14:20.738032+00:00,Healthy-Leaf(1399),Healthy-Leaf (347).jpg,processed,0.2564,12,
2026-07-30T12:14:21.000354+00:00,Healthy-Leaf(1399),Healthy-Leaf (348).jpg,processed,0.2571,12,
2026-07-30T12:14:21.275860+00:00,Healthy-Leaf(1399),Healthy-Leaf (349).jpg,processed,0.2713,12,
2026-07-30T12:14:21.538843+00:00,Healthy-Leaf(1399),Healthy-Leaf (35).jpg,processed,0.2582,12,
2026-07-30T12:14:21.807835+00:00,Healthy-Leaf(1399),Healthy-Leaf (350).jpg,processed,0.2639,12,
2026-07-30T12:14:22.087366+00:00,Healthy-Leaf(1399),Healthy-Leaf (351).jpg,processed,0.2744,12,
2026-07-30T12:14:22.368373+00:00,Healthy-Leaf(1399),Healthy-Leaf (352).jpg,processed,0.2761,12,
2026-07-30T12:14:22.832118+00:00,Healthy-Leaf(1399),Healthy-Leaf (353).jpg,processed,0.4588,12,
2026-07-30T12:14:23.108821+00:00,Healthy-Leaf(1399),Healthy-Leaf (354).jpg,processed,0.2720,12,
2026-07-30T12:14:23.381246+00:00,Healthy-Leaf(1399),Healthy-Leaf (355).jpg,processed,0.2676,12,
2026-07-30T12:14:23.634295+00:00,Healthy-Leaf(1399),Healthy-Leaf (356).jpg,processed,0.2485,12,
2026-07-30T12:14:23.921056+00:00,Healthy-Leaf(1399),Healthy-Leaf (357).jpg,processed,0.2794,12,
2026-07-30T12:14:24.188708+00:00,Healthy-Leaf(1399),Healthy-Leaf (358).jpg,processed,0.2626,12,
2026-07-30T12:14:24.454510+00:00,Healthy-Leaf(1399),Healthy-Leaf (359).jpg,processed,0.2610,12,
2026-07-30T12:14:24.721988+00:00,Healthy-Leaf(1399),Healthy-Leaf (36).jpg,processed,0.2624,12,
2026-07-30T12:14:24.983911+00:00,Healthy-Leaf(1399),Healthy-Leaf (360).jpg,processed,0.2571,12,
2026-07-30T12:14:25.248306+00:00,Healthy-Leaf(1399),Healthy-Leaf (361).jpg,processed,0.2596,12,
2026-07-30T12:14:25.512738+00:00,Healthy-Leaf(1399),Healthy-Leaf (362).jpg,processed,0.2595,12,
2026-07-30T12:14:25.797224+00:00,Healthy-Leaf(1399),Healthy-Leaf (363).jpg,processed,0.2793,12,
2026-07-30T12:14:26.068254+00:00,Healthy-Leaf(1399),Healthy-Leaf (364).jpg,processed,0.2662,12,
2026-07-30T12:14:26.334415+00:00,Healthy-Leaf(1399),Healthy-Leaf (365).jpg,processed,0.2612,12,
2026-07-30T12:14:26.603297+00:00,Healthy-Leaf(1399),Healthy-Leaf (366).jpg,processed,0.2640,12,
2026-07-30T12:14:26.873106+00:00,Healthy-Leaf(1399),Healthy-Leaf (367).jpg,processed,0.2653,12,
2026-07-30T12:14:27.150638+00:00,Healthy-Leaf(1399),Healthy-Leaf (368).jpg,processed,0.2724,12,
2026-07-30T12:14:27.433794+00:00,Healthy-Leaf(1399),Healthy-Leaf (369).jpg,processed,0.2761,12,
2026-07-30T12:14:27.704451+00:00,Healthy-Leaf(1399),Healthy-Leaf (37).jpg,processed,0.2660,12,
2026-07-30T12:14:27.968724+00:00,Healthy-Leaf(1399),Healthy-Leaf (370).jpg,processed,0.2596,12,
2026-07-30T12:14:28.232435+00:00,Healthy-Leaf(1399),Healthy-Leaf (371).jpg,processed,0.2586,12,
2026-07-30T12:14:28.499872+00:00,Healthy-Leaf(1399),Healthy-Leaf (372).jpg,processed,0.2625,12,
2026-07-30T12:14:28.769968+00:00,Healthy-Leaf(1399),Healthy-Leaf (373).jpg,processed,0.2649,12,
2026-07-30T12:14:29.037483+00:00,Healthy-Leaf(1399),Healthy-Leaf (374).jpg,processed,0.2624,12,
2026-07-30T12:14:29.319601+00:00,Healthy-Leaf(1399),Healthy-Leaf (375).jpg,processed,0.2771,12,
2026-07-30T12:14:29.585078+00:00,Healthy-Leaf(1399),Healthy-Leaf (376).jpg,processed,0.2603,12,
2026-07-30T12:14:29.851420+00:00,Healthy-Leaf(1399),Healthy-Leaf (377).jpg,processed,0.2616,12,
2026-07-30T12:14:30.132647+00:00,Healthy-Leaf(1399),Healthy-Leaf (378).jpg,processed,0.2771,12,
2026-07-30T12:14:30.410854+00:00,Healthy-Leaf(1399),Healthy-Leaf (379).jpg,processed,0.2730,12,
2026-07-30T12:14:30.712074+00:00,Healthy-Leaf(1399),Healthy-Leaf (38).jpg,processed,0.2965,12,
2026-07-30T12:14:31.123752+00:00,Healthy-Leaf(1399),Healthy-Leaf (380).jpg,processed,0.4071,12,
2026-07-30T12:14:31.397455+00:00,Healthy-Leaf(1399),Healthy-Leaf (381).jpg,processed,0.2693,12,
2026-07-30T12:14:31.672335+00:00,Healthy-Leaf(1399),Healthy-Leaf (382).jpg,processed,0.2685,12,
2026-07-30T12:14:31.955223+00:00,Healthy-Leaf(1399),Healthy-Leaf (383).jpg,processed,0.2760,12,
2026-07-30T12:14:32.210931+00:00,Healthy-Leaf(1399),Healthy-Leaf (384).jpg,processed,0.2510,12,
2026-07-30T12:14:32.473516+00:00,Healthy-Leaf(1399),Healthy-Leaf (385).jpg,processed,0.2588,12,
2026-07-30T12:14:32.740417+00:00,Healthy-Leaf(1399),Healthy-Leaf (386).jpg,processed,0.2612,12,
2026-07-30T12:14:33.004538+00:00,Healthy-Leaf(1399),Healthy-Leaf (387).jpg,processed,0.2598,12,
2026-07-30T12:14:33.260671+00:00,Healthy-Leaf(1399),Healthy-Leaf (388).jpg,processed,0.2516,12,
2026-07-30T12:14:33.525998+00:00,Healthy-Leaf(1399),Healthy-Leaf (389).jpg,processed,0.2603,12,
2026-07-30T12:14:33.767263+00:00,Healthy-Leaf(1399),Healthy-Leaf (39).jpg,processed,0.2367,12,
2026-07-30T12:14:34.042713+00:00,Healthy-Leaf(1399),Healthy-Leaf (390).jpg,processed,0.2696,12,
2026-07-30T12:14:34.303870+00:00,Healthy-Leaf(1399),Healthy-Leaf (391).jpg,processed,0.2555,12,
2026-07-30T12:14:34.578051+00:00,Healthy-Leaf(1399),Healthy-Leaf (392).jpg,processed,0.2690,12,
2026-07-30T12:14:34.860616+00:00,Healthy-Leaf(1399),Healthy-Leaf (393).jpg,processed,0.2781,12,
2026-07-30T12:14:35.117608+00:00,Healthy-Leaf(1399),Healthy-Leaf (394).jpg,processed,0.2525,12,
2026-07-30T12:14:35.392135+00:00,Healthy-Leaf(1399),Healthy-Leaf (395).jpg,processed,0.2697,12,
2026-07-30T12:14:35.666437+00:00,Healthy-Leaf(1399),Healthy-Leaf (396).jpg,processed,0.2693,12,
2026-07-30T12:14:35.944507+00:00,Healthy-Leaf(1399),Healthy-Leaf (397).jpg,processed,0.2666,12,
2026-07-30T12:14:36.211201+00:00,Healthy-Leaf(1399),Healthy-Leaf (398).jpg,processed,0.2623,12,
2026-07-30T12:14:36.478419+00:00,Healthy-Leaf(1399),Healthy-Leaf (399).jpg,processed,0.2624,12,
2026-07-30T12:14:36.728378+00:00,Healthy-Leaf(1399),Healthy-Leaf (4).jpg,processed,0.2453,12,
2026-07-30T12:14:36.960068+00:00,Healthy-Leaf(1399),Healthy-Leaf (40).jpg,processed,0.2276,12,
2026-07-30T12:14:37.222838+00:00,Healthy-Leaf(1399),Healthy-Leaf (400).jpg,processed,0.2582,12,
2026-07-30T12:14:37.474936+00:00,Healthy-Leaf(1399),Healthy-Leaf (401).jpg,processed,0.2472,12,
2026-07-30T12:14:37.728568+00:00,Healthy-Leaf(1399),Healthy-Leaf (402).jpg,processed,0.2491,12,
2026-07-30T12:14:37.983151+00:00,Healthy-Leaf(1399),Healthy-Leaf (403).jpg,processed,0.2506,12,
2026-07-30T12:14:38.242771+00:00,Healthy-Leaf(1399),Healthy-Leaf (404).jpg,processed,0.2545,12,
2026-07-30T12:14:38.499671+00:00,Healthy-Leaf(1399),Healthy-Leaf (405).jpg,processed,0.2528,12,
2026-07-30T12:14:38.783908+00:00,Healthy-Leaf(1399),Healthy-Leaf (406).jpg,processed,0.2790,12,
2026-07-30T12:14:39.066184+00:00,Healthy-Leaf(1399),Healthy-Leaf (407).jpg,processed,0.2737,12,
2026-07-30T12:14:39.574267+00:00,Healthy-Leaf(1399),Healthy-Leaf (408).jpg,processed,0.5039,12,
2026-07-30T12:14:39.864751+00:00,Healthy-Leaf(1399),Healthy-Leaf (409).jpg,processed,0.2851,12,
2026-07-30T12:14:40.123830+00:00,Healthy-Leaf(1399),Healthy-Leaf (41).jpg,processed,0.2542,12,
2026-07-30T12:14:40.417135+00:00,Healthy-Leaf(1399),Healthy-Leaf (410).jpg,processed,0.2886,12,
2026-07-30T12:14:40.755152+00:00,Healthy-Leaf(1399),Healthy-Leaf (411).jpg,processed,0.3332,12,
2026-07-30T12:14:41.040515+00:00,Healthy-Leaf(1399),Healthy-Leaf (412).jpg,processed,0.2809,12,
2026-07-30T12:14:41.331509+00:00,Healthy-Leaf(1399),Healthy-Leaf (413).jpg,processed,0.2866,12,
2026-07-30T12:14:41.625842+00:00,Healthy-Leaf(1399),Healthy-Leaf (414).jpg,processed,0.2898,12,
2026-07-30T12:14:42.022413+00:00,Healthy-Leaf(1399),Healthy-Leaf (415).jpg,processed,0.3908,12,
2026-07-30T12:14:42.380113+00:00,Healthy-Leaf(1399),Healthy-Leaf (416).jpg,processed,0.3535,12,
2026-07-30T12:14:42.707049+00:00,Healthy-Leaf(1399),Healthy-Leaf (417).jpg,processed,0.3106,12,
2026-07-30T12:14:43.270218+00:00,Healthy-Leaf(1399),Healthy-Leaf (418).jpg,processed,0.5580,12,
2026-07-30T12:14:43.631383+00:00,Healthy-Leaf(1399),Healthy-Leaf (419).jpg,processed,0.3550,12,
2026-07-30T12:14:43.993295+00:00,Healthy-Leaf(1399),Healthy-Leaf (42).jpg,processed,0.3509,12,
2026-07-30T12:14:44.358274+00:00,Healthy-Leaf(1399),Healthy-Leaf (420).jpg,processed,0.3597,12,
2026-07-30T12:14:44.743885+00:00,Healthy-Leaf(1399),Healthy-Leaf (421).jpg,processed,0.3795,12,
2026-07-30T12:14:45.135706+00:00,Healthy-Leaf(1399),Healthy-Leaf (422).jpg,processed,0.3871,12,
2026-07-30T12:14:45.521541+00:00,Healthy-Leaf(1399),Healthy-Leaf (423).jpg,processed,0.3807,12,
2026-07-30T12:14:45.858664+00:00,Healthy-Leaf(1399),Healthy-Leaf (424).jpg,processed,0.3290,12,
2026-07-30T12:14:46.289708+00:00,Healthy-Leaf(1399),Healthy-Leaf (425).jpg,processed,0.4245,12,
2026-07-30T12:14:46.638966+00:00,Healthy-Leaf(1399),Healthy-Leaf (426).jpg,processed,0.3400,12,
2026-07-30T12:14:47.022830+00:00,Healthy-Leaf(1399),Healthy-Leaf (427).jpg,processed,0.3785,12,
2026-07-30T12:14:47.362317+00:00,Healthy-Leaf(1399),Healthy-Leaf (428).jpg,processed,0.3351,12,
2026-07-30T12:14:47.741579+00:00,Healthy-Leaf(1399),Healthy-Leaf (429).jpg,processed,0.3709,12,
2026-07-30T12:14:48.082633+00:00,Healthy-Leaf(1399),Healthy-Leaf (43).jpg,processed,0.3332,12,
2026-07-30T12:14:48.427525+00:00,Healthy-Leaf(1399),Healthy-Leaf (430).jpg,processed,0.3402,12,
2026-07-30T12:14:48.906741+00:00,Healthy-Leaf(1399),Healthy-Leaf (431).jpg,processed,0.4716,12,
2026-07-30T12:14:49.343217+00:00,Healthy-Leaf(1399),Healthy-Leaf (432).jpg,processed,0.4296,12,
2026-07-30T12:14:49.771103+00:00,Healthy-Leaf(1399),Healthy-Leaf (433).jpg,processed,0.4214,12,
2026-07-30T12:14:50.137920+00:00,Healthy-Leaf(1399),Healthy-Leaf (434).jpg,processed,0.3614,12,
2026-07-30T12:14:50.459392+00:00,Healthy-Leaf(1399),Healthy-Leaf (435).jpg,processed,0.3160,12,
2026-07-30T12:14:50.874582+00:00,Healthy-Leaf(1399),Healthy-Leaf (436).jpg,processed,0.4088,12,
2026-07-30T12:14:51.253804+00:00,Healthy-Leaf(1399),Healthy-Leaf (437).jpg,processed,0.3575,12,
2026-07-30T12:14:51.610805+00:00,Healthy-Leaf(1399),Healthy-Leaf (438).jpg,processed,0.3525,12,
2026-07-30T12:14:51.950988+00:00,Healthy-Leaf(1399),Healthy-Leaf (439).jpg,processed,0.3345,12,
2026-07-30T12:14:52.319912+00:00,Healthy-Leaf(1399),Healthy-Leaf (44).jpg,processed,0.3305,12,
2026-07-30T12:14:52.702704+00:00,Healthy-Leaf(1399),Healthy-Leaf (440).jpg,processed,0.3746,12,
2026-07-30T12:14:53.170677+00:00,Healthy-Leaf(1399),Healthy-Leaf (441).jpg,processed,0.4623,12,
2026-07-30T12:14:53.495264+00:00,Healthy-Leaf(1399),Healthy-Leaf (442).jpg,processed,0.3182,12,
2026-07-30T12:14:53.842376+00:00,Healthy-Leaf(1399),Healthy-Leaf (443).jpg,processed,0.3420,12,
2026-07-30T12:14:54.189936+00:00,Healthy-Leaf(1399),Healthy-Leaf (444).jpg,processed,0.3407,12,
2026-07-30T12:14:54.521744+00:00,Healthy-Leaf(1399),Healthy-Leaf (445).jpg,processed,0.3247,12,
2026-07-30T12:14:54.852000+00:00,Healthy-Leaf(1399),Healthy-Leaf (446).jpg,processed,0.3250,12,
2026-07-30T12:14:55.273604+00:00,Healthy-Leaf(1399),Healthy-Leaf (447).jpg,processed,0.4166,12,
2026-07-30T12:14:55.855074+00:00,Healthy-Leaf(1399),Healthy-Leaf (448).jpg,processed,0.5751,12,
2026-07-30T12:14:56.173943+00:00,Healthy-Leaf(1399),Healthy-Leaf (449).jpg,processed,0.3127,12,
2026-07-30T12:14:56.457416+00:00,Healthy-Leaf(1399),Healthy-Leaf (45).jpg,processed,0.2790,12,
2026-07-30T12:14:56.829523+00:00,Healthy-Leaf(1399),Healthy-Leaf (450).jpg,processed,0.3657,12,
2026-07-30T12:14:57.167667+00:00,Healthy-Leaf(1399),Healthy-Leaf (451).jpg,processed,0.3317,12,
2026-07-30T12:14:57.544969+00:00,Healthy-Leaf(1399),Healthy-Leaf (452).jpg,processed,0.3720,12,
2026-07-30T12:14:57.871322+00:00,Healthy-Leaf(1399),Healthy-Leaf (453).jpg,processed,0.3203,12,
2026-07-30T12:14:58.205686+00:00,Healthy-Leaf(1399),Healthy-Leaf (454).jpg,processed,0.3298,12,
2026-07-30T12:14:58.546186+00:00,Healthy-Leaf(1399),Healthy-Leaf (455).jpg,processed,0.3342,12,
2026-07-30T12:14:58.884400+00:00,Healthy-Leaf(1399),Healthy-Leaf (456).jpg,processed,0.3317,12,
2026-07-30T12:14:59.333459+00:00,Healthy-Leaf(1399),Healthy-Leaf (457).jpg,processed,0.4419,12,
2026-07-30T12:14:59.702878+00:00,Healthy-Leaf(1399),Healthy-Leaf (458).jpg,processed,0.3646,12,
2026-07-30T12:15:00.113325+00:00,Healthy-Leaf(1399),Healthy-Leaf (459).jpg,processed,0.4054,12,
2026-07-30T12:15:00.455906+00:00,Healthy-Leaf(1399),Healthy-Leaf (46).jpg,processed,0.3375,12,
2026-07-30T12:15:00.774902+00:00,Healthy-Leaf(1399),Healthy-Leaf (460).jpg,processed,0.2837,12,
2026-07-30T12:15:01.154273+00:00,Healthy-Leaf(1399),Healthy-Leaf (461).jpg,processed,0.3603,12,
2026-07-30T12:15:01.518895+00:00,Healthy-Leaf(1399),Healthy-Leaf (462).jpg,processed,0.3587,12,
2026-07-30T12:15:01.832901+00:00,Healthy-Leaf(1399),Healthy-Leaf (463).jpg,processed,0.3091,12,
2026-07-30T12:15:02.141528+00:00,Healthy-Leaf(1399),Healthy-Leaf (464).jpg,processed,0.3019,12,
2026-07-30T12:15:02.597746+00:00,Healthy-Leaf(1399),Healthy-Leaf (465).jpg,processed,0.4369,12,
2026-07-30T12:15:02.938604+00:00,Healthy-Leaf(1399),Healthy-Leaf (466).jpg,processed,0.3331,12,
2026-07-30T12:15:03.248412+00:00,Healthy-Leaf(1399),Healthy-Leaf (467).jpg,processed,0.3028,12,
2026-07-30T12:15:03.605701+00:00,Healthy-Leaf(1399),Healthy-Leaf (468).jpg,processed,0.3502,12,
2026-07-30T12:15:03.886422+00:00,Healthy-Leaf(1399),Healthy-Leaf (469).jpg,processed,0.2759,12,
2026-07-30T12:15:04.145206+00:00,Healthy-Leaf(1399),Healthy-Leaf (47).jpg,processed,0.2535,12,
2026-07-30T12:15:04.482653+00:00,Healthy-Leaf(1399),Healthy-Leaf (470).jpg,processed,0.3317,12,
2026-07-30T12:15:04.831745+00:00,Healthy-Leaf(1399),Healthy-Leaf (471).jpg,processed,0.3441,12,
2026-07-30T12:15:05.113198+00:00,Healthy-Leaf(1399),Healthy-Leaf (472).jpg,processed,0.2758,12,
2026-07-30T12:15:05.441676+00:00,Healthy-Leaf(1399),Healthy-Leaf (473).jpg,processed,0.3212,12,
2026-07-30T12:15:05.928955+00:00,Healthy-Leaf(1399),Healthy-Leaf (474).jpg,processed,0.4761,12,
2026-07-30T12:15:06.262465+00:00,Healthy-Leaf(1399),Healthy-Leaf (475).jpg,processed,0.3286,12,
2026-07-30T12:15:06.565978+00:00,Healthy-Leaf(1399),Healthy-Leaf (476).jpg,processed,0.2988,12,
2026-07-30T12:15:06.858029+00:00,Healthy-Leaf(1399),Healthy-Leaf (477).jpg,processed,0.2870,12,
2026-07-30T12:15:07.195271+00:00,Healthy-Leaf(1399),Healthy-Leaf (478).jpg,processed,0.3320,12,
2026-07-30T12:15:07.491532+00:00,Healthy-Leaf(1399),Healthy-Leaf (479).jpg,processed,0.2902,12,
2026-07-30T12:15:07.810745+00:00,Healthy-Leaf(1399),Healthy-Leaf (48).jpg,processed,0.3146,12,
2026-07-30T12:15:08.141011+00:00,Healthy-Leaf(1399),Healthy-Leaf (480).jpg,processed,0.3231,12,
2026-07-30T12:15:08.472449+00:00,Healthy-Leaf(1399),Healthy-Leaf (481).jpg,processed,0.3256,12,
2026-07-30T12:15:08.814484+00:00,Healthy-Leaf(1399),Healthy-Leaf (482).jpg,processed,0.3368,12,
2026-07-30T12:15:09.333569+00:00,Healthy-Leaf(1399),Healthy-Leaf (483).jpg,processed,0.5126,12,
2026-07-30T12:15:09.648675+00:00,Healthy-Leaf(1399),Healthy-Leaf (484).jpg,processed,0.3092,12,
2026-07-30T12:15:10.144427+00:00,Healthy-Leaf(1399),Healthy-Leaf (485).jpg,processed,0.4894,12,
2026-07-30T12:15:10.447523+00:00,Healthy-Leaf(1399),Healthy-Leaf (486).jpg,processed,0.2977,12,
2026-07-30T12:15:10.821935+00:00,Healthy-Leaf(1399),Healthy-Leaf (487).jpg,processed,0.3521,12,
2026-07-30T12:15:11.229364+00:00,Healthy-Leaf(1399),Healthy-Leaf (488).jpg,processed,0.4004,12,
2026-07-30T12:15:11.578190+00:00,Healthy-Leaf(1399),Healthy-Leaf (489).jpg,processed,0.3432,12,
2026-07-30T12:15:11.896053+00:00,Healthy-Leaf(1399),Healthy-Leaf (49).jpg,processed,0.3132,12,
2026-07-30T12:15:12.234388+00:00,Healthy-Leaf(1399),Healthy-Leaf (490).jpg,processed,0.3283,12,
2026-07-30T12:15:12.682753+00:00,Healthy-Leaf(1399),Healthy-Leaf (491).jpg,processed,0.4435,12,
2026-07-30T12:15:13.016063+00:00,Healthy-Leaf(1399),Healthy-Leaf (492).jpg,processed,0.3286,12,
2026-07-30T12:15:13.364991+00:00,Healthy-Leaf(1399),Healthy-Leaf (493).jpg,processed,0.3441,12,
2026-07-30T12:15:13.713049+00:00,Healthy-Leaf(1399),Healthy-Leaf (494).jpg,processed,0.3427,12,
2026-07-30T12:15:14.076797+00:00,Healthy-Leaf(1399),Healthy-Leaf (495).jpg,processed,0.3391,12,
2026-07-30T12:15:14.428083+00:00,Healthy-Leaf(1399),Healthy-Leaf (496).jpg,processed,0.3465,12,
2026-07-30T12:15:14.790811+00:00,Healthy-Leaf(1399),Healthy-Leaf (497).jpg,processed,0.3511,12,
2026-07-30T12:15:15.116354+00:00,Healthy-Leaf(1399),Healthy-Leaf (498).jpg,processed,0.3209,12,
2026-07-30T12:15:15.427806+00:00,Healthy-Leaf(1399),Healthy-Leaf (499).jpg,processed,0.3067,12,
2026-07-30T12:15:15.874257+00:00,Healthy-Leaf(1399),Healthy-Leaf (5).jpg,processed,0.4006,12,
2026-07-30T12:15:16.371850+00:00,Healthy-Leaf(1399),Healthy-Leaf (50).jpg,processed,0.4932,12,
2026-07-30T12:15:16.663095+00:00,Healthy-Leaf(1399),Healthy-Leaf (500).jpg,processed,0.2869,12,
2026-07-30T12:15:16.970947+00:00,Healthy-Leaf(1399),Healthy-Leaf (501).jpg,processed,0.3029,12,
2026-07-30T12:15:17.295836+00:00,Healthy-Leaf(1399),Healthy-Leaf (502).jpg,processed,0.3197,12,
2026-07-30T12:15:17.586758+00:00,Healthy-Leaf(1399),Healthy-Leaf (503).jpg,processed,0.2850,12,
2026-07-30T12:15:17.899759+00:00,Healthy-Leaf(1399),Healthy-Leaf (504).jpg,processed,0.3082,12,
2026-07-30T12:15:18.243651+00:00,Healthy-Leaf(1399),Healthy-Leaf (505).jpg,processed,0.3379,12,
2026-07-30T12:15:18.525325+00:00,Healthy-Leaf(1399),Healthy-Leaf (506).jpg,processed,0.2774,12,
2026-07-30T12:15:18.838971+00:00,Healthy-Leaf(1399),Healthy-Leaf (507).jpg,processed,0.3081,12,
2026-07-30T12:15:19.291692+00:00,Healthy-Leaf(1399),Healthy-Leaf (508).jpg,processed,0.4471,12,
2026-07-30T12:15:19.878930+00:00,Healthy-Leaf(1399),Healthy-Leaf (509).jpg,processed,0.5662,12,
2026-07-30T12:15:20.183179+00:00,Healthy-Leaf(1399),Healthy-Leaf (51).jpg,processed,0.2995,12,
2026-07-30T12:15:20.512240+00:00,Healthy-Leaf(1399),Healthy-Leaf (510).jpg,processed,0.3235,12,
2026-07-30T12:15:20.840275+00:00,Healthy-Leaf(1399),Healthy-Leaf (511).jpg,processed,0.3215,12,
2026-07-30T12:15:21.119671+00:00,Healthy-Leaf(1399),Healthy-Leaf (512).jpg,processed,0.2721,12,
2026-07-30T12:15:21.476842+00:00,Healthy-Leaf(1399),Healthy-Leaf (513).jpg,processed,0.3528,12,
2026-07-30T12:15:21.801229+00:00,Healthy-Leaf(1399),Healthy-Leaf (514).jpg,processed,0.3191,12,
2026-07-30T12:15:22.122934+00:00,Healthy-Leaf(1399),Healthy-Leaf (515).jpg,processed,0.3169,12,
2026-07-30T12:15:22.462853+00:00,Healthy-Leaf(1399),Healthy-Leaf (516).jpg,processed,0.3346,12,
2026-07-30T12:15:22.778994+00:00,Healthy-Leaf(1399),Healthy-Leaf (517).jpg,processed,0.3109,12,
2026-07-30T12:15:23.214939+00:00,Healthy-Leaf(1399),Healthy-Leaf (518).jpg,processed,0.4297,12,
2026-07-30T12:15:23.590403+00:00,Healthy-Leaf(1399),Healthy-Leaf (519).jpg,processed,0.3596,12,
2026-07-30T12:15:23.879646+00:00,Healthy-Leaf(1399),Healthy-Leaf (52).jpg,processed,0.2844,12,
2026-07-30T12:15:24.194829+00:00,Healthy-Leaf(1399),Healthy-Leaf (520).jpg,processed,0.3074,12,
2026-07-30T12:15:24.489746+00:00,Healthy-Leaf(1399),Healthy-Leaf (521).jpg,processed,0.2901,12,
2026-07-30T12:15:24.785168+00:00,Healthy-Leaf(1399),Healthy-Leaf (522).jpg,processed,0.2902,12,
2026-07-30T12:15:25.162371+00:00,Healthy-Leaf(1399),Healthy-Leaf (523).jpg,processed,0.3722,12,
2026-07-30T12:15:25.501398+00:00,Healthy-Leaf(1399),Healthy-Leaf (524).jpg,processed,0.3338,12,
2026-07-30T12:15:25.806100+00:00,Healthy-Leaf(1399),Healthy-Leaf (525).jpg,processed,0.2997,12,
2026-07-30T12:15:26.171234+00:00,Healthy-Leaf(1399),Healthy-Leaf (526).jpg,processed,0.3607,12,
2026-07-30T12:15:26.563114+00:00,Healthy-Leaf(1399),Healthy-Leaf (527).jpg,processed,0.3845,12,
2026-07-30T12:15:26.962931+00:00,Healthy-Leaf(1399),Healthy-Leaf (528).jpg,processed,0.3944,12,
2026-07-30T12:15:27.309876+00:00,Healthy-Leaf(1399),Healthy-Leaf (529).jpg,processed,0.3425,12,
2026-07-30T12:15:27.628104+00:00,Healthy-Leaf(1399),Healthy-Leaf (53).jpg,processed,0.3065,12,
2026-07-30T12:15:27.936248+00:00,Healthy-Leaf(1399),Healthy-Leaf (530).jpg,processed,0.3029,12,
2026-07-30T12:15:28.244806+00:00,Healthy-Leaf(1399),Healthy-Leaf (531).jpg,processed,0.3039,12,
2026-07-30T12:15:28.629520+00:00,Healthy-Leaf(1399),Healthy-Leaf (532).jpg,processed,0.3797,12,
2026-07-30T12:15:28.951057+00:00,Healthy-Leaf(1399),Healthy-Leaf (533).jpg,processed,0.3148,12,
2026-07-30T12:15:29.251958+00:00,Healthy-Leaf(1399),Healthy-Leaf (534).jpg,processed,0.2960,12,
2026-07-30T12:15:29.635037+00:00,Healthy-Leaf(1399),Healthy-Leaf (535).jpg,processed,0.3772,12,
2026-07-30T12:15:29.979752+00:00,Healthy-Leaf(1399),Healthy-Leaf (536).jpg,processed,0.3400,12,
2026-07-30T12:15:30.465354+00:00,Healthy-Leaf(1399),Healthy-Leaf (537).jpg,processed,0.4806,12,
2026-07-30T12:15:30.778283+00:00,Healthy-Leaf(1399),Healthy-Leaf (538).jpg,processed,0.3075,12,
2026-07-30T12:15:31.136993+00:00,Healthy-Leaf(1399),Healthy-Leaf (539).jpg,processed,0.3536,12,
2026-07-30T12:15:31.448896+00:00,Healthy-Leaf(1399),Healthy-Leaf (54).jpg,processed,0.3075,12,
2026-07-30T12:15:31.745472+00:00,Healthy-Leaf(1399),Healthy-Leaf (540).jpg,processed,0.2890,12,
2026-07-30T12:15:32.068404+00:00,Healthy-Leaf(1399),Healthy-Leaf (541).jpg,processed,0.3177,12,
2026-07-30T12:15:32.392354+00:00,Healthy-Leaf(1399),Healthy-Leaf (542).jpg,processed,0.3106,12,
2026-07-30T12:15:32.676549+00:00,Healthy-Leaf(1399),Healthy-Leaf (543).jpg,processed,0.2791,12,
2026-07-30T12:15:32.963883+00:00,Healthy-Leaf(1399),Healthy-Leaf (544).jpg,processed,0.2817,12,
2026-07-30T12:15:33.274601+00:00,Healthy-Leaf(1399),Healthy-Leaf (545).jpg,processed,0.3062,12,
2026-07-30T12:15:33.690537+00:00,Healthy-Leaf(1399),Healthy-Leaf (546).jpg,processed,0.4095,12,
2026-07-30T12:15:34.020106+00:00,Healthy-Leaf(1399),Healthy-Leaf (547).jpg,processed,0.3252,12,
2026-07-30T12:15:34.367660+00:00,Healthy-Leaf(1399),Healthy-Leaf (548).jpg,processed,0.3311,12,
2026-07-30T12:15:34.685417+00:00,Healthy-Leaf(1399),Healthy-Leaf (549).jpg,processed,0.3128,12,
2026-07-30T12:15:34.954304+00:00,Healthy-Leaf(1399),Healthy-Leaf (55).jpg,processed,0.2645,12,
2026-07-30T12:15:35.261891+00:00,Healthy-Leaf(1399),Healthy-Leaf (550).jpg,processed,0.3023,12,
2026-07-30T12:15:35.613981+00:00,Healthy-Leaf(1399),Healthy-Leaf (551).jpg,processed,0.3474,12,
2026-07-30T12:15:35.986978+00:00,Healthy-Leaf(1399),Healthy-Leaf (552).jpg,processed,0.3659,12,
2026-07-30T12:15:36.328077+00:00,Healthy-Leaf(1399),Healthy-Leaf (553).jpg,processed,0.3358,12,
2026-07-30T12:15:36.719828+00:00,Healthy-Leaf(1399),Healthy-Leaf (554).jpg,processed,0.3866,12,
2026-07-30T12:15:37.048405+00:00,Healthy-Leaf(1399),Healthy-Leaf (555).jpg,processed,0.3230,12,
2026-07-30T12:15:37.428219+00:00,Healthy-Leaf(1399),Healthy-Leaf (556).jpg,processed,0.3744,12,
2026-07-30T12:15:37.797069+00:00,Healthy-Leaf(1399),Healthy-Leaf (557).jpg,processed,0.3628,12,
2026-07-30T12:15:38.173139+00:00,Healthy-Leaf(1399),Healthy-Leaf (558).jpg,processed,0.3708,12,
2026-07-30T12:15:38.512912+00:00,Healthy-Leaf(1399),Healthy-Leaf (559).jpg,processed,0.3346,12,
2026-07-30T12:15:38.848265+00:00,Healthy-Leaf(1399),Healthy-Leaf (56).jpg,processed,0.3296,12,
2026-07-30T12:15:39.186784+00:00,Healthy-Leaf(1399),Healthy-Leaf (560).jpg,processed,0.3326,12,
2026-07-30T12:15:39.529001+00:00,Healthy-Leaf(1399),Healthy-Leaf (561).jpg,processed,0.3357,12,
2026-07-30T12:15:39.852345+00:00,Healthy-Leaf(1399),Healthy-Leaf (562).jpg,processed,0.3180,12,
2026-07-30T12:15:40.213690+00:00,Healthy-Leaf(1399),Healthy-Leaf (563).jpg,processed,0.3554,12,
2026-07-30T12:15:40.715550+00:00,Healthy-Leaf(1399),Healthy-Leaf (564).jpg,processed,0.4961,12,
2026-07-30T12:15:41.048122+00:00,Healthy-Leaf(1399),Healthy-Leaf (565).jpg,processed,0.3248,12,
2026-07-30T12:15:41.417628+00:00,Healthy-Leaf(1399),Healthy-Leaf (566).jpg,processed,0.3538,12,
2026-07-30T12:15:41.757459+00:00,Healthy-Leaf(1399),Healthy-Leaf (567).jpg,processed,0.3333,12,
2026-07-30T12:15:42.044618+00:00,Healthy-Leaf(1399),Healthy-Leaf (568).jpg,processed,0.2821,12,
2026-07-30T12:15:42.411182+00:00,Healthy-Leaf(1399),Healthy-Leaf (569).jpg,processed,0.3588,12,
2026-07-30T12:15:42.729498+00:00,Healthy-Leaf(1399),Healthy-Leaf (57).jpg,processed,0.3129,12,
2026-07-30T12:15:43.084005+00:00,Healthy-Leaf(1399),Healthy-Leaf (570).jpg,processed,0.3492,12,
2026-07-30T12:15:43.522580+00:00,Healthy-Leaf(1399),Healthy-Leaf (571).jpg,processed,0.4305,12,
2026-07-30T12:15:43.864398+00:00,Healthy-Leaf(1399),Healthy-Leaf (572).jpg,processed,0.3363,12,
2026-07-30T12:15:44.172206+00:00,Healthy-Leaf(1399),Healthy-Leaf (573).jpg,processed,0.3021,12,
2026-07-30T12:15:44.509953+00:00,Healthy-Leaf(1399),Healthy-Leaf (574).jpg,processed,0.3312,12,
2026-07-30T12:15:44.816803+00:00,Healthy-Leaf(1399),Healthy-Leaf (575).jpg,processed,0.3014,12,
2026-07-30T12:15:45.093982+00:00,Healthy-Leaf(1399),Healthy-Leaf (576).jpg,processed,0.2698,12,
2026-07-30T12:15:45.556592+00:00,Healthy-Leaf(1399),Healthy-Leaf (577).jpg,processed,0.4571,12,
2026-07-30T12:15:45.873838+00:00,Healthy-Leaf(1399),Healthy-Leaf (578).jpg,processed,0.3125,12,
2026-07-30T12:15:46.179720+00:00,Healthy-Leaf(1399),Healthy-Leaf (579).jpg,processed,0.2997,12,
2026-07-30T12:15:46.460395+00:00,Healthy-Leaf(1399),Healthy-Leaf (58).jpg,processed,0.2758,12,
2026-07-30T12:15:46.775605+00:00,Healthy-Leaf(1399),Healthy-Leaf (580).jpg,processed,0.3101,12,
2026-07-30T12:15:47.158718+00:00,Healthy-Leaf(1399),Healthy-Leaf (581).jpg,processed,0.3776,12,
2026-07-30T12:15:47.514332+00:00,Healthy-Leaf(1399),Healthy-Leaf (582).jpg,processed,0.3506,12,
2026-07-30T12:15:47.806429+00:00,Healthy-Leaf(1399),Healthy-Leaf (583).jpg,processed,0.2873,12,
2026-07-30T12:15:48.117370+00:00,Healthy-Leaf(1399),Healthy-Leaf (584).jpg,processed,0.3065,12,
2026-07-30T12:15:48.486280+00:00,Healthy-Leaf(1399),Healthy-Leaf (585).jpg,processed,0.3638,12,
2026-07-30T12:15:48.812565+00:00,Healthy-Leaf(1399),Healthy-Leaf (586).jpg,processed,0.3207,12,
2026-07-30T12:15:49.119227+00:00,Healthy-Leaf(1399),Healthy-Leaf (587).jpg,processed,0.3013,12,
2026-07-30T12:15:49.424435+00:00,Healthy-Leaf(1399),Healthy-Leaf (588).jpg,processed,0.2948,12,
2026-07-30T12:15:49.813614+00:00,Healthy-Leaf(1399),Healthy-Leaf (589).jpg,processed,0.3759,12,
2026-07-30T12:15:50.243121+00:00,Healthy-Leaf(1399),Healthy-Leaf (59).jpg,processed,0.4222,12,
2026-07-30T12:15:50.625357+00:00,Healthy-Leaf(1399),Healthy-Leaf (590).jpg,processed,0.3771,12,
2026-07-30T12:15:50.963138+00:00,Healthy-Leaf(1399),Healthy-Leaf (591).jpg,processed,0.3327,12,
2026-07-30T12:15:51.311328+00:00,Healthy-Leaf(1399),Healthy-Leaf (592).jpg,processed,0.3421,12,
2026-07-30T12:15:51.839555+00:00,Healthy-Leaf(1399),Healthy-Leaf (593).jpg,processed,0.5198,12,
2026-07-30T12:15:52.213316+00:00,Healthy-Leaf(1399),Healthy-Leaf (594).jpg,processed,0.3519,12,
2026-07-30T12:15:52.545536+00:00,Healthy-Leaf(1399),Healthy-Leaf (595).jpg,processed,0.3257,12,
2026-07-30T12:15:52.878024+00:00,Healthy-Leaf(1399),Healthy-Leaf (596).jpg,processed,0.3266,12,
2026-07-30T12:15:53.346820+00:00,Healthy-Leaf(1399),Healthy-Leaf (597).jpg,processed,0.4616,12,
2026-07-30T12:15:53.701329+00:00,Healthy-Leaf(1399),Healthy-Leaf (598).jpg,processed,0.3481,12,
2026-07-30T12:15:54.038752+00:00,Healthy-Leaf(1399),Healthy-Leaf (599).jpg,processed,0.3322,12,
2026-07-30T12:15:54.378649+00:00,Healthy-Leaf(1399),Healthy-Leaf (6).jpg,processed,0.3344,12,
2026-07-30T12:15:54.692003+00:00,Healthy-Leaf(1399),Healthy-Leaf (60).jpg,processed,0.3089,12,
2026-07-30T12:15:54.992446+00:00,Healthy-Leaf(1399),Healthy-Leaf (600).jpg,processed,0.2932,12,
2026-07-30T12:15:55.348868+00:00,Healthy-Leaf(1399),Healthy-Leaf (601).jpg,processed,0.3512,12,
2026-07-30T12:15:55.704127+00:00,Healthy-Leaf(1399),Healthy-Leaf (602).jpg,processed,0.3487,12,
2026-07-30T12:15:55.996982+00:00,Healthy-Leaf(1399),Healthy-Leaf (603).jpg,processed,0.2873,12,
2026-07-30T12:15:56.289252+00:00,Healthy-Leaf(1399),Healthy-Leaf (604).jpg,processed,0.2861,12,
2026-07-30T12:15:56.626057+00:00,Healthy-Leaf(1399),Healthy-Leaf (605).jpg,processed,0.3327,12,
2026-07-30T12:15:57.077333+00:00,Healthy-Leaf(1399),Healthy-Leaf (606).jpg,processed,0.4463,12,
2026-07-30T12:15:57.507176+00:00,Healthy-Leaf(1399),Healthy-Leaf (607).jpg,processed,0.4250,12,
2026-07-30T12:15:57.832065+00:00,Healthy-Leaf(1399),Healthy-Leaf (608).jpg,processed,0.3198,12,
2026-07-30T12:15:58.190038+00:00,Healthy-Leaf(1399),Healthy-Leaf (609).jpg,processed,0.3476,12,
2026-07-30T12:15:58.445447+00:00,Healthy-Leaf(1399),Healthy-Leaf (61).jpg,processed,0.2498,12,
2026-07-30T12:15:58.775915+00:00,Healthy-Leaf(1399),Healthy-Leaf (610).jpg,processed,0.3245,12,
2026-07-30T12:15:59.126107+00:00,Healthy-Leaf(1399),Healthy-Leaf (611).jpg,processed,0.3449,12,
2026-07-30T12:15:59.472944+00:00,Healthy-Leaf(1399),Healthy-Leaf (612).jpg,processed,0.3418,12,
2026-07-30T12:15:59.753542+00:00,Healthy-Leaf(1399),Healthy-Leaf (613).jpg,processed,0.2759,12,
2026-07-30T12:16:00.104343+00:00,Healthy-Leaf(1399),Healthy-Leaf (614).jpg,processed,0.3459,12,
2026-07-30T12:16:00.626796+00:00,Healthy-Leaf(1399),Healthy-Leaf (615).jpg,processed,0.5139,12,
2026-07-30T12:16:01.014485+00:00,Healthy-Leaf(1399),Healthy-Leaf (616).jpg,processed,0.3824,12,
2026-07-30T12:16:01.345139+00:00,Healthy-Leaf(1399),Healthy-Leaf (617).jpg,processed,0.3239,12,
2026-07-30T12:16:01.710060+00:00,Healthy-Leaf(1399),Healthy-Leaf (618).jpg,processed,0.3312,12,
2026-07-30T12:16:02.001762+00:00,Healthy-Leaf(1399),Healthy-Leaf (619).jpg,processed,0.2812,12,
2026-07-30T12:16:02.282794+00:00,Healthy-Leaf(1399),Healthy-Leaf (62).jpg,processed,0.2748,12,
2026-07-30T12:16:02.608843+00:00,Healthy-Leaf(1399),Healthy-Leaf (620).jpg,processed,0.3202,12,
2026-07-30T12:16:02.970629+00:00,Healthy-Leaf(1399),Healthy-Leaf (621).jpg,processed,0.3565,12,
2026-07-30T12:16:03.237153+00:00,Healthy-Leaf(1399),Healthy-Leaf (622).jpg,processed,0.2618,12,
2026-07-30T12:16:03.538602+00:00,Healthy-Leaf(1399),Healthy-Leaf (623).jpg,processed,0.2967,12,
2026-07-30T12:16:03.920318+00:00,Healthy-Leaf(1399),Healthy-Leaf (624).jpg,processed,0.3769,12,
2026-07-30T12:16:04.411717+00:00,Healthy-Leaf(1399),Healthy-Leaf (625).jpg,processed,0.4863,12,
2026-07-30T12:16:04.742316+00:00,Healthy-Leaf(1399),Healthy-Leaf (626).jpg,processed,0.3241,12,
2026-07-30T12:16:05.072163+00:00,Healthy-Leaf(1399),Healthy-Leaf (627).jpg,processed,0.3248,12,
2026-07-30T12:16:05.408430+00:00,Healthy-Leaf(1399),Healthy-Leaf (628).jpg,processed,0.3309,12,
2026-07-30T12:16:05.697475+00:00,Healthy-Leaf(1399),Healthy-Leaf (629).jpg,processed,0.2774,12,
2026-07-30T12:16:06.005085+00:00,Healthy-Leaf(1399),Healthy-Leaf (63).jpg,processed,0.2905,12,
2026-07-30T12:16:06.361628+00:00,Healthy-Leaf(1399),Healthy-Leaf (630).jpg,processed,0.3514,12,
2026-07-30T12:16:06.741679+00:00,Healthy-Leaf(1399),Healthy-Leaf (631).jpg,processed,0.3686,12,
2026-07-30T12:16:07.075464+00:00,Healthy-Leaf(1399),Healthy-Leaf (632).jpg,processed,0.3289,12,
2026-07-30T12:16:07.455239+00:00,Healthy-Leaf(1399),Healthy-Leaf (633).jpg,processed,0.3611,12,
2026-07-30T12:16:07.782456+00:00,Healthy-Leaf(1399),Healthy-Leaf (634).jpg,processed,0.3219,12,
2026-07-30T12:16:08.123530+00:00,Healthy-Leaf(1399),Healthy-Leaf (635).jpg,processed,0.3354,12,
2026-07-30T12:16:08.433985+00:00,Healthy-Leaf(1399),Healthy-Leaf (636).jpg,processed,0.3045,12,
2026-07-30T12:16:08.769706+00:00,Healthy-Leaf(1399),Healthy-Leaf (637).jpg,processed,0.3303,12,
2026-07-30T12:16:09.120850+00:00,Healthy-Leaf(1399),Healthy-Leaf (638).jpg,processed,0.3458,12,
2026-07-30T12:16:09.439125+00:00,Healthy-Leaf(1399),Healthy-Leaf (639).jpg,processed,0.3058,12,
2026-07-30T12:16:09.758989+00:00,Healthy-Leaf(1399),Healthy-Leaf (64).jpg,processed,0.3154,12,
2026-07-30T12:16:10.057302+00:00,Healthy-Leaf(1399),Healthy-Leaf (640).jpg,processed,0.2914,12,
2026-07-30T12:16:10.357010+00:00,Healthy-Leaf(1399),Healthy-Leaf (641).jpg,processed,0.2949,12,
2026-07-30T12:16:10.690900+00:00,Healthy-Leaf(1399),Healthy-Leaf (642).jpg,processed,0.3280,12,
2026-07-30T12:16:11.102490+00:00,Healthy-Leaf(1399),Healthy-Leaf (643).jpg,processed,0.4059,12,
2026-07-30T12:16:11.443709+00:00,Healthy-Leaf(1399),Healthy-Leaf (644).jpg,processed,0.3365,12,
2026-07-30T12:16:11.810563+00:00,Healthy-Leaf(1399),Healthy-Leaf (645).jpg,processed,0.3616,12,
2026-07-30T12:16:12.173068+00:00,Healthy-Leaf(1399),Healthy-Leaf (646).jpg,processed,0.3575,12,
2026-07-30T12:16:12.546477+00:00,Healthy-Leaf(1399),Healthy-Leaf (647).jpg,processed,0.3643,12,
2026-07-30T12:16:12.881578+00:00,Healthy-Leaf(1399),Healthy-Leaf (648).jpg,processed,0.3297,12,
2026-07-30T12:16:13.208370+00:00,Healthy-Leaf(1399),Healthy-Leaf (649).jpg,processed,0.3204,12,
2026-07-30T12:16:13.516679+00:00,Healthy-Leaf(1399),Healthy-Leaf (65).jpg,processed,0.3031,12,
2026-07-30T12:16:13.807951+00:00,Healthy-Leaf(1399),Healthy-Leaf (650).jpg,processed,0.2859,12,
2026-07-30T12:16:14.136173+00:00,Healthy-Leaf(1399),Healthy-Leaf (651).jpg,processed,0.3222,12,
2026-07-30T12:16:14.488902+00:00,Healthy-Leaf(1399),Healthy-Leaf (652).jpg,processed,0.3416,12,
2026-07-30T12:16:14.957549+00:00,Healthy-Leaf(1399),Healthy-Leaf (653).jpg,processed,0.4542,12,
2026-07-30T12:16:15.413205+00:00,Healthy-Leaf(1399),Healthy-Leaf (654).jpg,processed,0.4497,12,
2026-07-30T12:16:15.824230+00:00,Healthy-Leaf(1399),Healthy-Leaf (655).jpg,processed,0.4033,12,
2026-07-30T12:16:16.229481+00:00,Healthy-Leaf(1399),Healthy-Leaf (656).jpg,processed,0.3894,12,
2026-07-30T12:16:16.546124+00:00,Healthy-Leaf(1399),Healthy-Leaf (657).jpg,processed,0.3113,12,
2026-07-30T12:16:16.999694+00:00,Healthy-Leaf(1399),Healthy-Leaf (658).jpg,processed,0.4187,12,
2026-07-30T12:16:17.397157+00:00,Healthy-Leaf(1399),Healthy-Leaf (659).jpg,processed,0.3907,12,
2026-07-30T12:16:17.684996+00:00,Healthy-Leaf(1399),Healthy-Leaf (66).jpg,processed,0.2801,12,
2026-07-30T12:16:18.004332+00:00,Healthy-Leaf(1399),Healthy-Leaf (660).jpg,processed,0.3146,12,
2026-07-30T12:16:18.317990+00:00,Healthy-Leaf(1399),Healthy-Leaf (661).jpg,processed,0.3075,12,
2026-07-30T12:16:18.719533+00:00,Healthy-Leaf(1399),Healthy-Leaf (662).jpg,processed,0.3956,12,
2026-07-30T12:16:19.213914+00:00,Healthy-Leaf(1399),Healthy-Leaf (663).jpg,processed,0.4893,12,
2026-07-30T12:16:19.783918+00:00,Healthy-Leaf(1399),Healthy-Leaf (664).jpg,processed,0.5610,12,
2026-07-30T12:16:20.307133+00:00,Healthy-Leaf(1399),Healthy-Leaf (665).jpg,processed,0.5157,12,
2026-07-30T12:16:20.769123+00:00,Healthy-Leaf(1399),Healthy-Leaf (666).jpg,processed,0.4501,12,
2026-07-30T12:16:21.233776+00:00,Healthy-Leaf(1399),Healthy-Leaf (667).jpg,processed,0.4295,12,
2026-07-30T12:16:21.588483+00:00,Healthy-Leaf(1399),Healthy-Leaf (668).jpg,processed,0.3487,12,
2026-07-30T12:16:21.924369+00:00,Healthy-Leaf(1399),Healthy-Leaf (669).jpg,processed,0.3315,12,
2026-07-30T12:16:22.351820+00:00,Healthy-Leaf(1399),Healthy-Leaf (67).jpg,processed,0.4232,12,
2026-07-30T12:16:22.703295+00:00,Healthy-Leaf(1399),Healthy-Leaf (670).jpg,processed,0.3417,12,
2026-07-30T12:16:23.032518+00:00,Healthy-Leaf(1399),Healthy-Leaf (671).jpg,processed,0.3242,12,
2026-07-30T12:16:23.579393+00:00,Healthy-Leaf(1399),Healthy-Leaf (672).jpg,processed,0.5398,12,
2026-07-30T12:16:23.957228+00:00,Healthy-Leaf(1399),Healthy-Leaf (673).jpg,processed,0.3726,12,
2026-07-30T12:16:24.279490+00:00,Healthy-Leaf(1399),Healthy-Leaf (674).jpg,processed,0.3170,12,
2026-07-30T12:16:24.651654+00:00,Healthy-Leaf(1399),Healthy-Leaf (675).jpg,processed,0.3675,12,
2026-07-30T12:16:24.938828+00:00,Healthy-Leaf(1399),Healthy-Leaf (676).jpg,processed,0.2815,12,
2026-07-30T12:16:25.284082+00:00,Healthy-Leaf(1399),Healthy-Leaf (677).jpg,processed,0.3394,12,
2026-07-30T12:16:25.643915+00:00,Healthy-Leaf(1399),Healthy-Leaf (678).jpg,processed,0.3546,12,
2026-07-30T12:16:26.127071+00:00,Healthy-Leaf(1399),Healthy-Leaf (679).jpg,processed,0.4762,12,
2026-07-30T12:16:26.499228+00:00,Healthy-Leaf(1399),Healthy-Leaf (68).jpg,processed,0.3613,12,
2026-07-30T12:16:26.864659+00:00,Healthy-Leaf(1399),Healthy-Leaf (680).jpg,processed,0.3575,12,
2026-07-30T12:16:27.396763+00:00,Healthy-Leaf(1399),Healthy-Leaf (681).jpg,processed,0.5260,12,
2026-07-30T12:16:27.798171+00:00,Healthy-Leaf(1399),Healthy-Leaf (682).jpg,processed,0.3937,12,
2026-07-30T12:16:28.180114+00:00,Healthy-Leaf(1399),Healthy-Leaf (683).jpg,processed,0.3774,12,
2026-07-30T12:16:28.517154+00:00,Healthy-Leaf(1399),Healthy-Leaf (684).jpg,processed,0.3316,12,
2026-07-30T12:16:28.895283+00:00,Healthy-Leaf(1399),Healthy-Leaf (685).jpg,processed,0.3704,12,
2026-07-30T12:16:29.527877+00:00,Healthy-Leaf(1399),Healthy-Leaf (686).jpg,processed,0.6241,12,
2026-07-30T12:16:29.931761+00:00,Healthy-Leaf(1399),Healthy-Leaf (687).jpg,processed,0.3981,12,
2026-07-30T12:16:30.248688+00:00,Healthy-Leaf(1399),Healthy-Leaf (688).jpg,processed,0.3120,12,
2026-07-30T12:16:30.764308+00:00,Healthy-Leaf(1399),Healthy-Leaf (689).jpg,processed,0.5087,12,
2026-07-30T12:16:31.181545+00:00,Healthy-Leaf(1399),Healthy-Leaf (69).jpg,processed,0.4115,12,
2026-07-30T12:16:31.524117+00:00,Healthy-Leaf(1399),Healthy-Leaf (690).jpg,processed,0.3369,12,
2026-07-30T12:16:31.882575+00:00,Healthy-Leaf(1399),Healthy-Leaf (691).jpg,processed,0.3401,12,
2026-07-30T12:16:32.302652+00:00,Healthy-Leaf(1399),Healthy-Leaf (692).jpg,processed,0.4037,12,
2026-07-30T12:16:32.659544+00:00,Healthy-Leaf(1399),Healthy-Leaf (693).jpg,processed,0.3445,12,
2026-07-30T12:16:33.116357+00:00,Healthy-Leaf(1399),Healthy-Leaf (694).jpg,processed,0.4513,12,
2026-07-30T12:16:33.491349+00:00,Healthy-Leaf(1399),Healthy-Leaf (695).jpg,processed,0.3667,12,
2026-07-30T12:16:34.027429+00:00,Healthy-Leaf(1399),Healthy-Leaf (696).jpg,processed,0.5281,12,
2026-07-30T12:16:34.403514+00:00,Healthy-Leaf(1399),Healthy-Leaf (697).jpg,processed,0.3643,12,
2026-07-30T12:16:34.762999+00:00,Healthy-Leaf(1399),Healthy-Leaf (698).jpg,processed,0.3502,12,
2026-07-30T12:16:35.070489+00:00,Healthy-Leaf(1399),Healthy-Leaf (699).jpg,processed,0.3015,12,
2026-07-30T12:16:35.425190+00:00,Healthy-Leaf(1399),Healthy-Leaf (7).jpg,processed,0.3493,12,
2026-07-30T12:16:35.687379+00:00,Healthy-Leaf(1399),Healthy-Leaf (70).jpg,processed,0.2545,12,
2026-07-30T12:16:36.034080+00:00,Healthy-Leaf(1399),Healthy-Leaf (700).jpg,processed,0.3405,12,
2026-07-30T12:16:36.555999+00:00,Healthy-Leaf(1399),Healthy-Leaf (701).jpg,processed,0.5058,12,
2026-07-30T12:16:36.905626+00:00,Healthy-Leaf(1399),Healthy-Leaf (702).jpg,processed,0.3432,12,
2026-07-30T12:16:37.283256+00:00,Healthy-Leaf(1399),Healthy-Leaf (703).jpg,processed,0.3533,12,
2026-07-30T12:16:37.776287+00:00,Healthy-Leaf(1399),Healthy-Leaf (704).jpg,processed,0.4869,12,
2026-07-30T12:16:38.213393+00:00,Healthy-Leaf(1399),Healthy-Leaf (705).jpg,processed,0.4315,12,
2026-07-30T12:16:38.539342+00:00,Healthy-Leaf(1399),Healthy-Leaf (706).jpg,processed,0.3206,12,
2026-07-30T12:16:38.908157+00:00,Healthy-Leaf(1399),Healthy-Leaf (707).jpg,processed,0.3635,12,
2026-07-30T12:16:39.311310+00:00,Healthy-Leaf(1399),Healthy-Leaf (708).jpg,processed,0.3979,12,
2026-07-30T12:16:39.619541+00:00,Healthy-Leaf(1399),Healthy-Leaf (709).jpg,processed,0.3014,12,
2026-07-30T12:16:39.949454+00:00,Healthy-Leaf(1399),Healthy-Leaf (71).jpg,processed,0.3253,12,
2026-07-30T12:16:40.288771+00:00,Healthy-Leaf(1399),Healthy-Leaf (710).jpg,processed,0.3342,12,
2026-07-30T12:16:40.584563+00:00,Healthy-Leaf(1399),Healthy-Leaf (711).jpg,processed,0.2916,12,
2026-07-30T12:16:40.960134+00:00,Healthy-Leaf(1399),Healthy-Leaf (712).jpg,processed,0.3704,12,
2026-07-30T12:16:41.302776+00:00,Healthy-Leaf(1399),Healthy-Leaf (713).jpg,processed,0.3373,12,
2026-07-30T12:16:41.746336+00:00,Healthy-Leaf(1399),Healthy-Leaf (714).jpg,processed,0.4381,12,
2026-07-30T12:16:42.115505+00:00,Healthy-Leaf(1399),Healthy-Leaf (715).jpg,processed,0.3652,12,
2026-07-30T12:16:42.522127+00:00,Healthy-Leaf(1399),Healthy-Leaf (716).jpg,processed,0.4000,12,
2026-07-30T12:16:42.856378+00:00,Healthy-Leaf(1399),Healthy-Leaf (717).jpg,processed,0.3291,12,
2026-07-30T12:16:43.225829+00:00,Healthy-Leaf(1399),Healthy-Leaf (718).jpg,processed,0.3643,12,
2026-07-30T12:16:43.532828+00:00,Healthy-Leaf(1399),Healthy-Leaf (719).jpg,processed,0.3021,12,
2026-07-30T12:16:43.895097+00:00,Healthy-Leaf(1399),Healthy-Leaf (72).jpg,processed,0.3568,12,
2026-07-30T12:16:44.281705+00:00,Healthy-Leaf(1399),Healthy-Leaf (720).jpg,processed,0.3809,12,
2026-07-30T12:16:44.642708+00:00,Healthy-Leaf(1399),Healthy-Leaf (721).jpg,processed,0.3554,12,
2026-07-30T12:16:44.966607+00:00,Healthy-Leaf(1399),Healthy-Leaf (722).jpg,processed,0.3190,12,
2026-07-30T12:16:45.337904+00:00,Healthy-Leaf(1399),Healthy-Leaf (723).jpg,processed,0.3655,12,
2026-07-30T12:16:45.721813+00:00,Healthy-Leaf(1399),Healthy-Leaf (724).jpg,processed,0.3658,12,
2026-07-30T12:16:46.105849+00:00,Healthy-Leaf(1399),Healthy-Leaf (725).jpg,processed,0.3783,12,
2026-07-30T12:16:46.466590+00:00,Healthy-Leaf(1399),Healthy-Leaf (726).jpg,processed,0.3555,12,
2026-07-30T12:16:46.802226+00:00,Healthy-Leaf(1399),Healthy-Leaf (727).jpg,processed,0.3296,12,
2026-07-30T12:16:47.154911+00:00,Healthy-Leaf(1399),Healthy-Leaf (728).jpg,processed,0.3469,12,
2026-07-30T12:16:47.527998+00:00,Healthy-Leaf(1399),Healthy-Leaf (729).jpg,processed,0.3683,12,
2026-07-30T12:16:47.861594+00:00,Healthy-Leaf(1399),Healthy-Leaf (73).jpg,processed,0.3281,12,
2026-07-30T12:16:48.238988+00:00,Healthy-Leaf(1399),Healthy-Leaf (730).jpg,processed,0.3714,12,
2026-07-30T12:16:48.577004+00:00,Healthy-Leaf(1399),Healthy-Leaf (731).jpg,processed,0.3332,12,
2026-07-30T12:16:48.961799+00:00,Healthy-Leaf(1399),Healthy-Leaf (732).jpg,processed,0.3782,12,
2026-07-30T12:16:49.411287+00:00,Healthy-Leaf(1399),Healthy-Leaf (733).jpg,processed,0.4414,12,
2026-07-30T12:16:49.945933+00:00,Healthy-Leaf(1399),Healthy-Leaf (734).jpg,processed,0.5295,12,
2026-07-30T12:16:50.354421+00:00,Healthy-Leaf(1399),Healthy-Leaf (735).jpg,processed,0.4012,12,
2026-07-30T12:16:50.695000+00:00,Healthy-Leaf(1399),Healthy-Leaf (736).jpg,processed,0.3353,12,
2026-07-30T12:16:51.012805+00:00,Healthy-Leaf(1399),Healthy-Leaf (737).jpg,processed,0.3137,12,
2026-07-30T12:16:51.347977+00:00,Healthy-Leaf(1399),Healthy-Leaf (738).jpg,processed,0.3290,12,
2026-07-30T12:16:51.828566+00:00,Healthy-Leaf(1399),Healthy-Leaf (739).jpg,processed,0.4753,12,
2026-07-30T12:16:52.114662+00:00,Healthy-Leaf(1399),Healthy-Leaf (74).jpg,processed,0.2814,12,
2026-07-30T12:16:52.487945+00:00,Healthy-Leaf(1399),Healthy-Leaf (740).jpg,processed,0.3654,12,
2026-07-30T12:16:52.806585+00:00,Healthy-Leaf(1399),Healthy-Leaf (741).jpg,processed,0.3110,12,
2026-07-30T12:16:53.116263+00:00,Healthy-Leaf(1399),Healthy-Leaf (742).jpg,processed,0.3040,12,
2026-07-30T12:16:53.412547+00:00,Healthy-Leaf(1399),Healthy-Leaf (743).jpg,processed,0.2906,12,
2026-07-30T12:16:53.721323+00:00,Healthy-Leaf(1399),Healthy-Leaf (744).jpg,processed,0.3035,12,
2026-07-30T12:16:54.004117+00:00,Healthy-Leaf(1399),Healthy-Leaf (745).jpg,processed,0.2775,12,
2026-07-30T12:16:54.300103+00:00,Healthy-Leaf(1399),Healthy-Leaf (746).jpg,processed,0.2919,12,
2026-07-30T12:16:54.598932+00:00,Healthy-Leaf(1399),Healthy-Leaf (747).jpg,processed,0.2940,12,
2026-07-30T12:16:54.911485+00:00,Healthy-Leaf(1399),Healthy-Leaf (748).jpg,processed,0.3076,12,
2026-07-30T12:16:55.200505+00:00,Healthy-Leaf(1399),Healthy-Leaf (749).jpg,processed,0.2792,12,
2026-07-30T12:16:55.462967+00:00,Healthy-Leaf(1399),Healthy-Leaf (75).jpg,processed,0.2524,12,
2026-07-30T12:16:55.778478+00:00,Healthy-Leaf(1399),Healthy-Leaf (750).jpg,processed,0.3101,12,
2026-07-30T12:16:56.072531+00:00,Healthy-Leaf(1399),Healthy-Leaf (751).jpg,processed,0.2868,12,
2026-07-30T12:16:56.374465+00:00,Healthy-Leaf(1399),Healthy-Leaf (752).jpg,processed,0.2971,12,
2026-07-30T12:16:56.665586+00:00,Healthy-Leaf(1399),Healthy-Leaf (753).jpg,processed,0.2863,12,
2026-07-30T12:16:56.953588+00:00,Healthy-Leaf(1399),Healthy-Leaf (754).jpg,processed,0.2781,12,
2026-07-30T12:16:57.254220+00:00,Healthy-Leaf(1399),Healthy-Leaf (755).jpg,processed,0.2957,12,
2026-07-30T12:16:57.533512+00:00,Healthy-Leaf(1399),Healthy-Leaf (756).jpg,processed,0.2741,12,
2026-07-30T12:16:57.828374+00:00,Healthy-Leaf(1399),Healthy-Leaf (757).jpg,processed,0.2897,12,
2026-07-30T12:16:58.210352+00:00,Healthy-Leaf(1399),Healthy-Leaf (758).jpg,processed,0.3759,12,
2026-07-30T12:16:58.529978+00:00,Healthy-Leaf(1399),Healthy-Leaf (759).jpg,processed,0.3149,12,
2026-07-30T12:16:58.773606+00:00,Healthy-Leaf(1399),Healthy-Leaf (76).jpg,processed,0.2390,12,
2026-07-30T12:16:59.071858+00:00,Healthy-Leaf(1399),Healthy-Leaf (760).jpg,processed,0.2938,12,
2026-07-30T12:16:59.351710+00:00,Healthy-Leaf(1399),Healthy-Leaf (761).jpg,processed,0.2746,12,
2026-07-30T12:16:59.625435+00:00,Healthy-Leaf(1399),Healthy-Leaf (762).jpg,processed,0.2686,12,
2026-07-30T12:16:59.925504+00:00,Healthy-Leaf(1399),Healthy-Leaf (763).jpg,processed,0.2951,12,
2026-07-30T12:17:00.203132+00:00,Healthy-Leaf(1399),Healthy-Leaf (764).jpg,processed,0.2683,12,
2026-07-30T12:17:00.506447+00:00,Healthy-Leaf(1399),Healthy-Leaf (765).jpg,processed,0.2961,12,
2026-07-30T12:17:00.795264+00:00,Healthy-Leaf(1399),Healthy-Leaf (766).jpg,processed,0.2808,12,
2026-07-30T12:17:01.102021+00:00,Healthy-Leaf(1399),Healthy-Leaf (767).jpg,processed,0.3014,12,
2026-07-30T12:17:01.433811+00:00,Healthy-Leaf(1399),Healthy-Leaf (768).jpg,processed,0.3270,12,
2026-07-30T12:17:01.761972+00:00,Healthy-Leaf(1399),Healthy-Leaf (769).jpg,processed,0.3216,12,
2026-07-30T12:17:02.106555+00:00,Healthy-Leaf(1399),Healthy-Leaf (77).jpg,processed,0.3371,12,
2026-07-30T12:17:02.433740+00:00,Healthy-Leaf(1399),Healthy-Leaf (770).jpg,processed,0.3221,12,
2026-07-30T12:17:02.800329+00:00,Healthy-Leaf(1399),Healthy-Leaf (771).jpg,processed,0.3613,12,
2026-07-30T12:17:03.116458+00:00,Healthy-Leaf(1399),Healthy-Leaf (772).jpg,processed,0.3116,12,
2026-07-30T12:17:03.474673+00:00,Healthy-Leaf(1399),Healthy-Leaf (773).jpg,processed,0.3321,12,
2026-07-30T12:17:03.936549+00:00,Healthy-Leaf(1399),Healthy-Leaf (774).jpg,processed,0.4537,12,
2026-07-30T12:17:04.304202+00:00,Healthy-Leaf(1399),Healthy-Leaf (775).jpg,processed,0.3629,12,
2026-07-30T12:17:04.683843+00:00,Healthy-Leaf(1399),Healthy-Leaf (776).jpg,processed,0.3749,12,
2026-07-30T12:17:05.002611+00:00,Healthy-Leaf(1399),Healthy-Leaf (777).jpg,processed,0.3136,12,
2026-07-30T12:17:05.303583+00:00,Healthy-Leaf(1399),Healthy-Leaf (778).jpg,processed,0.2931,12,
2026-07-30T12:17:05.667639+00:00,Healthy-Leaf(1399),Healthy-Leaf (779).jpg,processed,0.3585,12,
2026-07-30T12:17:06.500740+00:00,Healthy-Leaf(1399),Healthy-Leaf (78).jpg,processed,0.8192,12,
2026-07-30T12:17:07.033039+00:00,Healthy-Leaf(1399),Healthy-Leaf (780).jpg,processed,0.5234,12,
2026-07-30T12:17:07.441513+00:00,Healthy-Leaf(1399),Healthy-Leaf (781).jpg,processed,0.4015,12,
2026-07-30T12:17:07.853000+00:00,Healthy-Leaf(1399),Healthy-Leaf (782).jpg,processed,0.4062,12,
2026-07-30T12:17:08.212352+00:00,Healthy-Leaf(1399),Healthy-Leaf (783).jpg,processed,0.3498,12,
2026-07-30T12:17:08.568289+00:00,Healthy-Leaf(1399),Healthy-Leaf (784).jpg,processed,0.3508,12,
2026-07-30T12:17:08.929668+00:00,Healthy-Leaf(1399),Healthy-Leaf (785).jpg,processed,0.3540,12,
2026-07-30T12:17:09.411751+00:00,Healthy-Leaf(1399),Healthy-Leaf (786).jpg,processed,0.4755,12,
2026-07-30T12:17:09.749976+00:00,Healthy-Leaf(1399),Healthy-Leaf (787).jpg,processed,0.3307,12,
2026-07-30T12:17:10.075660+00:00,Healthy-Leaf(1399),Healthy-Leaf (788).jpg,processed,0.3198,12,
2026-07-30T12:17:10.463113+00:00,Healthy-Leaf(1399),Healthy-Leaf (789).jpg,processed,0.3794,12,
2026-07-30T12:17:10.831266+00:00,Healthy-Leaf(1399),Healthy-Leaf (79).jpg,processed,0.3628,12,
2026-07-30T12:17:11.153073+00:00,Healthy-Leaf(1399),Healthy-Leaf (790).jpg,processed,0.3172,12,
2026-07-30T12:17:11.511940+00:00,Healthy-Leaf(1399),Healthy-Leaf (791).jpg,processed,0.3515,12,
2026-07-30T12:17:11.840739+00:00,Healthy-Leaf(1399),Healthy-Leaf (792).jpg,processed,0.3234,12,
2026-07-30T12:17:12.168936+00:00,Healthy-Leaf(1399),Healthy-Leaf (793).jpg,processed,0.3234,12,
2026-07-30T12:17:12.505463+00:00,Healthy-Leaf(1399),Healthy-Leaf (794).jpg,processed,0.3311,12,
2026-07-30T12:17:12.832674+00:00,Healthy-Leaf(1399),Healthy-Leaf (795).jpg,processed,0.3218,12,
2026-07-30T12:17:13.263832+00:00,Healthy-Leaf(1399),Healthy-Leaf (796).jpg,processed,0.4227,12,
2026-07-30T12:17:13.625610+00:00,Healthy-Leaf(1399),Healthy-Leaf (797).jpg,processed,0.3566,12,
2026-07-30T12:17:13.946634+00:00,Healthy-Leaf(1399),Healthy-Leaf (798).jpg,processed,0.3141,12,
2026-07-30T12:17:14.277334+00:00,Healthy-Leaf(1399),Healthy-Leaf (799).jpg,processed,0.3248,12,
2026-07-30T12:17:14.602737+00:00,Healthy-Leaf(1399),Healthy-Leaf (8).jpg,processed,0.3198,12,
2026-07-30T12:17:14.913823+00:00,Healthy-Leaf(1399),Healthy-Leaf (80).jpg,processed,0.3068,12,
2026-07-30T12:17:15.218442+00:00,Healthy-Leaf(1399),Healthy-Leaf (800).jpg,processed,0.2994,12,
2026-07-30T12:17:15.548442+00:00,Healthy-Leaf(1399),Healthy-Leaf (801).jpg,processed,0.3249,12,
2026-07-30T12:17:15.870852+00:00,Healthy-Leaf(1399),Healthy-Leaf (802).jpg,processed,0.3170,12,
2026-07-30T12:17:16.175775+00:00,Healthy-Leaf(1399),Healthy-Leaf (803).jpg,processed,0.2996,12,
2026-07-30T12:17:16.508519+00:00,Healthy-Leaf(1399),Healthy-Leaf (804).jpg,processed,0.3098,12,
2026-07-30T12:17:16.808445+00:00,Healthy-Leaf(1399),Healthy-Leaf (805).jpg,processed,0.2931,12,
2026-07-30T12:17:17.113689+00:00,Healthy-Leaf(1399),Healthy-Leaf (806).jpg,processed,0.3004,12,
2026-07-30T12:17:17.413799+00:00,Healthy-Leaf(1399),Healthy-Leaf (807).jpg,processed,0.2954,12,
2026-07-30T12:17:17.724449+00:00,Healthy-Leaf(1399),Healthy-Leaf (808).jpg,processed,0.3043,12,
2026-07-30T12:17:18.044914+00:00,Healthy-Leaf(1399),Healthy-Leaf (809).jpg,processed,0.3136,12,
2026-07-30T12:17:18.359286+00:00,Healthy-Leaf(1399),Healthy-Leaf (81).jpg,processed,0.3064,12,
2026-07-30T12:17:18.654626+00:00,Healthy-Leaf(1399),Healthy-Leaf (810).jpg,processed,0.2904,12,
2026-07-30T12:17:18.959048+00:00,Healthy-Leaf(1399),Healthy-Leaf (811).jpg,processed,0.2972,12,
2026-07-30T12:17:19.263978+00:00,Healthy-Leaf(1399),Healthy-Leaf (812).jpg,processed,0.2958,12,
2026-07-30T12:17:19.564762+00:00,Healthy-Leaf(1399),Healthy-Leaf (813).jpg,processed,0.2947,12,
2026-07-30T12:17:19.893180+00:00,Healthy-Leaf(1399),Healthy-Leaf (814).jpg,processed,0.3230,12,
2026-07-30T12:17:20.168458+00:00,Healthy-Leaf(1399),Healthy-Leaf (815).jpg,processed,0.2703,12,
2026-07-30T12:17:20.465639+00:00,Healthy-Leaf(1399),Healthy-Leaf (816).jpg,processed,0.2918,12,
2026-07-30T12:17:20.769010+00:00,Healthy-Leaf(1399),Healthy-Leaf (817).jpg,processed,0.2824,12,
2026-07-30T12:17:21.063658+00:00,Healthy-Leaf(1399),Healthy-Leaf (818).jpg,processed,0.2883,12,
2026-07-30T12:17:21.346918+00:00,Healthy-Leaf(1399),Healthy-Leaf (819).jpg,processed,0.2780,12,
2026-07-30T12:17:21.634317+00:00,Healthy-Leaf(1399),Healthy-Leaf (82).jpg,processed,0.2821,12,
2026-07-30T12:17:22.029015+00:00,Healthy-Leaf(1399),Healthy-Leaf (820).jpg,processed,0.3880,12,
2026-07-30T12:17:22.375716+00:00,Healthy-Leaf(1399),Healthy-Leaf (821).jpg,processed,0.3413,12,
2026-07-30T12:17:22.660775+00:00,Healthy-Leaf(1399),Healthy-Leaf (822).jpg,processed,0.2803,12,
2026-07-30T12:17:23.150741+00:00,Healthy-Leaf(1399),Healthy-Leaf (823).jpg,processed,0.4837,12,
2026-07-30T12:17:23.459617+00:00,Healthy-Leaf(1399),Healthy-Leaf (824).jpg,processed,0.3041,12,
2026-07-30T12:17:23.772939+00:00,Healthy-Leaf(1399),Healthy-Leaf (825).jpg,processed,0.3077,12,
2026-07-30T12:17:24.062166+00:00,Healthy-Leaf(1399),Healthy-Leaf (826).jpg,processed,0.2841,12,
2026-07-30T12:17:24.333445+00:00,Healthy-Leaf(1399),Healthy-Leaf (827).jpg,processed,0.2658,12,
2026-07-30T12:17:24.617952+00:00,Healthy-Leaf(1399),Healthy-Leaf (828).jpg,processed,0.2778,12,
2026-07-30T12:17:24.910627+00:00,Healthy-Leaf(1399),Healthy-Leaf (829).jpg,processed,0.2881,12,
2026-07-30T12:17:25.212781+00:00,Healthy-Leaf(1399),Healthy-Leaf (83).jpg,processed,0.2972,12,
2026-07-30T12:17:25.518152+00:00,Healthy-Leaf(1399),Healthy-Leaf (830).jpg,processed,0.2996,12,
2026-07-30T12:17:25.827906+00:00,Healthy-Leaf(1399),Healthy-Leaf (831).jpg,processed,0.3012,12,
2026-07-30T12:17:26.112101+00:00,Healthy-Leaf(1399),Healthy-Leaf (832).jpg,processed,0.2797,12,
2026-07-30T12:17:26.400711+00:00,Healthy-Leaf(1399),Healthy-Leaf (833).jpg,processed,0.2837,12,
2026-07-30T12:17:26.694821+00:00,Healthy-Leaf(1399),Healthy-Leaf (834).jpg,processed,0.2887,12,
2026-07-30T12:17:27.002134+00:00,Healthy-Leaf(1399),Healthy-Leaf (835).jpg,processed,0.3019,12,
2026-07-30T12:17:27.350633+00:00,Healthy-Leaf(1399),Healthy-Leaf (836).jpg,processed,0.3432,12,
2026-07-30T12:17:27.701738+00:00,Healthy-Leaf(1399),Healthy-Leaf (837).jpg,processed,0.3458,12,
2026-07-30T12:17:28.234990+00:00,Healthy-Leaf(1399),Healthy-Leaf (838).jpg,processed,0.5272,12,
2026-07-30T12:17:28.986334+00:00,Healthy-Leaf(1399),Healthy-Leaf (839).jpg,processed,0.7402,12,
2026-07-30T12:17:29.571979+00:00,Healthy-Leaf(1399),Healthy-Leaf (84).jpg,processed,0.5793,12,
2026-07-30T12:17:30.057934+00:00,Healthy-Leaf(1399),Healthy-Leaf (840).jpg,processed,0.4760,12,
2026-07-30T12:17:30.471381+00:00,Healthy-Leaf(1399),Healthy-Leaf (841).jpg,processed,0.4075,12,
2026-07-30T12:17:31.011021+00:00,Healthy-Leaf(1399),Healthy-Leaf (842).JPG,processed,0.5060,12,
2026-07-30T12:17:31.660283+00:00,Healthy-Leaf(1399),Healthy-Leaf (843).JPG,processed,0.6432,12,
2026-07-30T12:17:32.353929+00:00,Healthy-Leaf(1399),Healthy-Leaf (844).JPG,processed,0.6866,12,
2026-07-30T12:17:32.941623+00:00,Healthy-Leaf(1399),Healthy-Leaf (845).JPG,processed,0.5811,12,
2026-07-30T12:17:33.392377+00:00,Healthy-Leaf(1399),Healthy-Leaf (846).JPG,processed,0.4451,12,
2026-07-30T12:17:33.818360+00:00,Healthy-Leaf(1399),Healthy-Leaf (847).JPG,processed,0.4202,12,
2026-07-30T12:17:34.502286+00:00,Healthy-Leaf(1399),Healthy-Leaf (848).JPG,processed,0.6767,12,
2026-07-30T12:17:34.984391+00:00,Healthy-Leaf(1399),Healthy-Leaf (849).JPG,processed,0.4510,12,
2026-07-30T12:17:35.428323+00:00,Healthy-Leaf(1399),Healthy-Leaf (85).jpg,processed,0.4370,12,
2026-07-30T12:17:35.833185+00:00,Healthy-Leaf(1399),Healthy-Leaf (850).JPG,processed,0.3959,12,
2026-07-30T12:17:36.385890+00:00,Healthy-Leaf(1399),Healthy-Leaf (851).JPG,processed,0.5438,12,
2026-07-30T12:17:37.107635+00:00,Healthy-Leaf(1399),Healthy-Leaf (852).JPG,processed,0.7152,12,
2026-07-30T12:17:37.736832+00:00,Healthy-Leaf(1399),Healthy-Leaf (853).JPG,processed,0.6224,12,
2026-07-30T12:17:38.214435+00:00,Healthy-Leaf(1399),Healthy-Leaf (854).JPG,processed,0.4723,12,
2026-07-30T12:17:38.630235+00:00,Healthy-Leaf(1399),Healthy-Leaf (855).JPG,processed,0.4109,12,
2026-07-30T12:17:39.023944+00:00,Healthy-Leaf(1399),Healthy-Leaf (856).JPG,processed,0.3855,12,
2026-07-30T12:17:39.405048+00:00,Healthy-Leaf(1399),Healthy-Leaf (857).JPG,processed,0.3757,12,
2026-07-30T12:17:39.871416+00:00,Healthy-Leaf(1399),Healthy-Leaf (858).JPG,processed,0.4572,12,
2026-07-30T12:17:40.321031+00:00,Healthy-Leaf(1399),Healthy-Leaf (859).JPG,processed,0.4423,12,
2026-07-30T12:17:40.751029+00:00,Healthy-Leaf(1399),Healthy-Leaf (86).jpg,processed,0.4218,12,
2026-07-30T12:17:41.142123+00:00,Healthy-Leaf(1399),Healthy-Leaf (860).JPG,processed,0.3842,12,
2026-07-30T12:17:41.488932+00:00,Healthy-Leaf(1399),Healthy-Leaf (861).JPG,processed,0.3398,12,
2026-07-30T12:17:41.831379+00:00,Healthy-Leaf(1399),Healthy-Leaf (862).JPG,processed,0.3374,12,
2026-07-30T12:17:42.147867+00:00,Healthy-Leaf(1399),Healthy-Leaf (863).JPG,processed,0.3116,12,
2026-07-30T12:17:42.473892+00:00,Healthy-Leaf(1399),Healthy-Leaf (864).JPG,processed,0.3209,12,
2026-07-30T12:17:42.797632+00:00,Healthy-Leaf(1399),Healthy-Leaf (865).JPG,processed,0.3169,12,
2026-07-30T12:17:43.101942+00:00,Healthy-Leaf(1399),Healthy-Leaf (866).JPG,processed,0.2994,12,
2026-07-30T12:17:43.426396+00:00,Healthy-Leaf(1399),Healthy-Leaf (867).JPG,processed,0.3196,12,
2026-07-30T12:17:43.745925+00:00,Healthy-Leaf(1399),Healthy-Leaf (868).JPG,processed,0.3140,12,
2026-07-30T12:17:44.176201+00:00,Healthy-Leaf(1399),Healthy-Leaf (869).JPG,processed,0.4259,12,
2026-07-30T12:17:44.520963+00:00,Healthy-Leaf(1399),Healthy-Leaf (87).jpg,processed,0.3350,12,
2026-07-30T12:17:44.915661+00:00,Healthy-Leaf(1399),Healthy-Leaf (870).JPG,processed,0.3890,12,
2026-07-30T12:17:45.250261+00:00,Healthy-Leaf(1399),Healthy-Leaf (871).JPG,processed,0.3297,12,
2026-07-30T12:17:45.658123+00:00,Healthy-Leaf(1399),Healthy-Leaf (872).JPG,processed,0.4035,12,
2026-07-30T12:17:45.966765+00:00,Healthy-Leaf(1399),Healthy-Leaf (873).JPG,processed,0.3030,12,
2026-07-30T12:17:46.287349+00:00,Healthy-Leaf(1399),Healthy-Leaf (874).JPG,processed,0.3151,12,
2026-07-30T12:17:46.636910+00:00,Healthy-Leaf(1399),Healthy-Leaf (875).JPG,processed,0.3441,12,
2026-07-30T12:17:46.984377+00:00,Healthy-Leaf(1399),Healthy-Leaf (876).JPG,processed,0.3423,12,
2026-07-30T12:17:47.304939+00:00,Healthy-Leaf(1399),Healthy-Leaf (877).JPG,processed,0.3134,12,
2026-07-30T12:17:47.669342+00:00,Healthy-Leaf(1399),Healthy-Leaf (878).JPG,processed,0.3566,12,
2026-07-30T12:17:47.993365+00:00,Healthy-Leaf(1399),Healthy-Leaf (879).JPG,processed,0.3188,12,
2026-07-30T12:17:48.352128+00:00,Healthy-Leaf(1399),Healthy-Leaf (88).jpg,processed,0.3541,12,
2026-07-30T12:17:48.752847+00:00,Healthy-Leaf(1399),Healthy-Leaf (880).JPG,processed,0.3954,12,
2026-07-30T12:17:49.071584+00:00,Healthy-Leaf(1399),Healthy-Leaf (881).JPG,processed,0.3062,12,
2026-07-30T12:17:49.447184+00:00,Healthy-Leaf(1399),Healthy-Leaf (882).JPG,processed,0.3671,12,
2026-07-30T12:17:49.787322+00:00,Healthy-Leaf(1399),Healthy-Leaf (883).JPG,processed,0.3357,12,
2026-07-30T12:17:50.077988+00:00,Healthy-Leaf(1399),Healthy-Leaf (884).JPG,processed,0.2833,12,
2026-07-30T12:17:50.414267+00:00,Healthy-Leaf(1399),Healthy-Leaf (885).JPG,processed,0.3312,12,
2026-07-30T12:17:50.707505+00:00,Healthy-Leaf(1399),Healthy-Leaf (886).JPG,processed,0.2884,12,
2026-07-30T12:17:51.018656+00:00,Healthy-Leaf(1399),Healthy-Leaf (887).JPG,processed,0.3068,12,
2026-07-30T12:17:51.351435+00:00,Healthy-Leaf(1399),Healthy-Leaf (888).JPG,processed,0.3126,12,
2026-07-30T12:17:51.651554+00:00,Healthy-Leaf(1399),Healthy-Leaf (889).JPG,processed,0.2952,12,
2026-07-30T12:17:51.937300+00:00,Healthy-Leaf(1399),Healthy-Leaf (89).jpg,processed,0.2807,12,
2026-07-30T12:17:52.227487+00:00,Healthy-Leaf(1399),Healthy-Leaf (890).JPG,processed,0.2850,12,
2026-07-30T12:17:52.532069+00:00,Healthy-Leaf(1399),Healthy-Leaf (891).JPG,processed,0.2999,12,
2026-07-30T12:17:52.813976+00:00,Healthy-Leaf(1399),Healthy-Leaf (892).JPG,processed,0.2769,12,
2026-07-30T12:17:53.101243+00:00,Healthy-Leaf(1399),Healthy-Leaf (893).JPG,processed,0.2827,12,
2026-07-30T12:17:53.434337+00:00,Healthy-Leaf(1399),Healthy-Leaf (894).JPG,processed,0.3275,12,
2026-07-30T12:17:53.752684+00:00,Healthy-Leaf(1399),Healthy-Leaf (895).JPG,processed,0.3128,12,
2026-07-30T12:17:54.062746+00:00,Healthy-Leaf(1399),Healthy-Leaf (896).JPG,processed,0.3057,12,
2026-07-30T12:17:54.416854+00:00,Healthy-Leaf(1399),Healthy-Leaf (897).JPG,processed,0.3488,12,
2026-07-30T12:17:54.712387+00:00,Healthy-Leaf(1399),Healthy-Leaf (898).JPG,processed,0.2896,12,
2026-07-30T12:17:55.026542+00:00,Healthy-Leaf(1399),Healthy-Leaf (899).JPG,processed,0.3088,12,
2026-07-30T12:17:55.366800+00:00,Healthy-Leaf(1399),Healthy-Leaf (9).jpg,processed,0.3257,12,
2026-07-30T12:17:55.638222+00:00,Healthy-Leaf(1399),Healthy-Leaf (90).jpg,processed,0.2661,12,
2026-07-30T12:17:55.930340+00:00,Healthy-Leaf(1399),Healthy-Leaf (900).JPG,processed,0.2878,12,
2026-07-30T12:17:56.208185+00:00,Healthy-Leaf(1399),Healthy-Leaf (901).JPG,processed,0.2726,12,
2026-07-30T12:17:56.504276+00:00,Healthy-Leaf(1399),Healthy-Leaf (902).JPG,processed,0.2916,12,
2026-07-30T12:17:56.781591+00:00,Healthy-Leaf(1399),Healthy-Leaf (903).JPG,processed,0.2729,12,
2026-07-30T12:17:57.051670+00:00,Healthy-Leaf(1399),Healthy-Leaf (904).JPG,processed,0.2657,12,
2026-07-30T12:17:57.334714+00:00,Healthy-Leaf(1399),Healthy-Leaf (905).JPG,processed,0.2778,12,
2026-07-30T12:17:57.613514+00:00,Healthy-Leaf(1399),Healthy-Leaf (906).JPG,processed,0.2744,12,
2026-07-30T12:17:57.880012+00:00,Healthy-Leaf(1399),Healthy-Leaf (907).JPG,processed,0.2616,12,
2026-07-30T12:17:58.156031+00:00,Healthy-Leaf(1399),Healthy-Leaf (908).JPG,processed,0.2716,12,
2026-07-30T12:17:58.447734+00:00,Healthy-Leaf(1399),Healthy-Leaf (909).JPG,processed,0.2836,12,
2026-07-30T12:17:58.702414+00:00,Healthy-Leaf(1399),Healthy-Leaf (91).jpg,processed,0.2497,12,
2026-07-30T12:17:58.968215+00:00,Healthy-Leaf(1399),Healthy-Leaf (910).JPG,processed,0.2611,12,
2026-07-30T12:17:59.232058+00:00,Healthy-Leaf(1399),Healthy-Leaf (911).JPG,processed,0.2596,12,
2026-07-30T12:17:59.490437+00:00,Healthy-Leaf(1399),Healthy-Leaf (912).JPG,processed,0.2533,12,
2026-07-30T12:17:59.799441+00:00,Healthy-Leaf(1399),Healthy-Leaf (913).JPG,processed,0.3050,12,
2026-07-30T12:18:00.071440+00:00,Healthy-Leaf(1399),Healthy-Leaf (914).JPG,processed,0.2672,12,
2026-07-30T12:18:00.344091+00:00,Healthy-Leaf(1399),Healthy-Leaf (915).JPG,processed,0.2682,12,
2026-07-30T12:18:00.622056+00:00,Healthy-Leaf(1399),Healthy-Leaf (916).JPG,processed,0.2719,12,
2026-07-30T12:18:00.897379+00:00,Healthy-Leaf(1399),Healthy-Leaf (917).JPG,processed,0.2707,12,
2026-07-30T12:18:01.153250+00:00,Healthy-Leaf(1399),Healthy-Leaf (918).JPG,processed,0.2510,12,
2026-07-30T12:18:01.431254+00:00,Healthy-Leaf(1399),Healthy-Leaf (919).JPG,processed,0.2738,12,
2026-07-30T12:18:01.681106+00:00,Healthy-Leaf(1399),Healthy-Leaf (92).jpg,processed,0.2458,12,
2026-07-30T12:18:01.960333+00:00,Healthy-Leaf(1399),Healthy-Leaf (920).JPG,processed,0.2753,12,
2026-07-30T12:18:02.215500+00:00,Healthy-Leaf(1399),Healthy-Leaf (921).JPG,processed,0.2509,12,
2026-07-30T12:18:02.479556+00:00,Healthy-Leaf(1399),Healthy-Leaf (922).JPG,processed,0.2599,12,
2026-07-30T12:18:02.754417+00:00,Healthy-Leaf(1399),Healthy-Leaf (923).JPG,processed,0.2709,12,
2026-07-30T12:18:03.022579+00:00,Healthy-Leaf(1399),Healthy-Leaf (924).JPG,processed,0.2638,12,
2026-07-30T12:18:03.298085+00:00,Healthy-Leaf(1399),Healthy-Leaf (925).JPG,processed,0.2711,12,
2026-07-30T12:18:03.580907+00:00,Healthy-Leaf(1399),Healthy-Leaf (926).JPG,processed,0.2774,12,
2026-07-30T12:18:03.850918+00:00,Healthy-Leaf(1399),Healthy-Leaf (927).JPG,processed,0.2659,12,
2026-07-30T12:18:04.121387+00:00,Healthy-Leaf(1399),Healthy-Leaf (928).JPG,processed,0.2656,12,
2026-07-30T12:18:04.400145+00:00,Healthy-Leaf(1399),Healthy-Leaf (929).JPG,processed,0.2694,12,
2026-07-30T12:18:04.650336+00:00,Healthy-Leaf(1399),Healthy-Leaf (93).jpg,processed,0.2446,12,
2026-07-30T12:18:04.923054+00:00,Healthy-Leaf(1399),Healthy-Leaf (930).JPG,processed,0.2680,12,
2026-07-30T12:18:05.206254+00:00,Healthy-Leaf(1399),Healthy-Leaf (931).JPG,processed,0.2790,12,
2026-07-30T12:18:05.470324+00:00,Healthy-Leaf(1399),Healthy-Leaf (932).JPG,processed,0.2597,12,
2026-07-30T12:18:05.754762+00:00,Healthy-Leaf(1399),Healthy-Leaf (933).JPG,processed,0.2806,12,
2026-07-30T12:18:06.018653+00:00,Healthy-Leaf(1399),Healthy-Leaf (934).JPG,processed,0.2596,12,
2026-07-30T12:18:06.284413+00:00,Healthy-Leaf(1399),Healthy-Leaf (935).JPG,processed,0.2610,12,
2026-07-30T12:18:06.551323+00:00,Healthy-Leaf(1399),Healthy-Leaf (936).JPG,processed,0.2622,12,
2026-07-30T12:18:06.816856+00:00,Healthy-Leaf(1399),Healthy-Leaf (937).JPG,processed,0.2609,12,
2026-07-30T12:18:07.086600+00:00,Healthy-Leaf(1399),Healthy-Leaf (938).JPG,processed,0.2649,12,
2026-07-30T12:18:07.360662+00:00,Healthy-Leaf(1399),Healthy-Leaf (939).JPG,processed,0.2692,12,
2026-07-30T12:18:07.632120+00:00,Healthy-Leaf(1399),Healthy-Leaf (94).jpg,processed,0.2668,12,
2026-07-30T12:18:07.915224+00:00,Healthy-Leaf(1399),Healthy-Leaf (940).JPG,processed,0.2788,12,
2026-07-30T12:18:08.192760+00:00,Healthy-Leaf(1399),Healthy-Leaf (941).JPG,processed,0.2714,12,
2026-07-30T12:18:08.451173+00:00,Healthy-Leaf(1399),Healthy-Leaf (942).JPG,processed,0.2545,12,
2026-07-30T12:18:08.713517+00:00,Healthy-Leaf(1399),Healthy-Leaf (943).JPG,processed,0.2578,12,
2026-07-30T12:18:08.978019+00:00,Healthy-Leaf(1399),Healthy-Leaf (944).JPG,processed,0.2600,12,
2026-07-30T12:18:09.232428+00:00,Healthy-Leaf(1399),Healthy-Leaf (945).JPG,processed,0.2502,12,
2026-07-30T12:18:09.489366+00:00,Healthy-Leaf(1399),Healthy-Leaf (946).JPG,processed,0.2529,12,
2026-07-30T12:18:09.757995+00:00,Healthy-Leaf(1399),Healthy-Leaf (947).JPG,processed,0.2636,12,
2026-07-30T12:18:10.013822+00:00,Healthy-Leaf(1399),Healthy-Leaf (948).JPG,processed,0.2507,12,
2026-07-30T12:18:10.281703+00:00,Healthy-Leaf(1399),Healthy-Leaf (949).JPG,processed,0.2629,12,
2026-07-30T12:18:10.525866+00:00,Healthy-Leaf(1399),Healthy-Leaf (95).jpg,processed,0.2393,12,
2026-07-30T12:18:10.797708+00:00,Healthy-Leaf(1399),Healthy-Leaf (950).JPG,processed,0.2673,12,
2026-07-30T12:18:11.053565+00:00,Healthy-Leaf(1399),Healthy-Leaf (951).JPG,processed,0.2517,12,
2026-07-30T12:18:11.313363+00:00,Healthy-Leaf(1399),Healthy-Leaf (952).JPG,processed,0.2553,12,
2026-07-30T12:18:11.576664+00:00,Healthy-Leaf(1399),Healthy-Leaf (953).JPG,processed,0.2578,12,
2026-07-30T12:18:11.866291+00:00,Healthy-Leaf(1399),Healthy-Leaf (954).JPG,processed,0.2854,12,
2026-07-30T12:18:12.155074+00:00,Healthy-Leaf(1399),Healthy-Leaf (955).JPG,processed,0.2837,12,
2026-07-30T12:18:12.438466+00:00,Healthy-Leaf(1399),Healthy-Leaf (956).JPG,processed,0.2790,12,
2026-07-30T12:18:12.717531+00:00,Healthy-Leaf(1399),Healthy-Leaf (957).JPG,processed,0.2739,12,
2026-07-30T12:18:13.034205+00:00,Healthy-Leaf(1399),Healthy-Leaf (958).JPG,processed,0.3123,12,
2026-07-30T12:18:13.541847+00:00,Healthy-Leaf(1399),Healthy-Leaf (959).JPG,processed,0.4978,12,
2026-07-30T12:18:14.022874+00:00,Healthy-Leaf(1399),Healthy-Leaf (96).jpg,processed,0.4739,12,
2026-07-30T12:18:14.380972+00:00,Healthy-Leaf(1399),Healthy-Leaf (960).JPG,processed,0.3492,12,
2026-07-30T12:18:14.814770+00:00,Healthy-Leaf(1399),Healthy-Leaf (961).JPG,processed,0.4283,12,
2026-07-30T12:18:15.123535+00:00,Healthy-Leaf(1399),Healthy-Leaf (962).JPG,processed,0.3038,12,
2026-07-30T12:18:15.459839+00:00,Healthy-Leaf(1399),Healthy-Leaf (963).JPG,processed,0.3309,12,
2026-07-30T12:18:15.780854+00:00,Healthy-Leaf(1399),Healthy-Leaf (964).JPG,processed,0.3127,12,
2026-07-30T12:18:16.163746+00:00,Healthy-Leaf(1399),Healthy-Leaf (965).JPG,processed,0.3762,12,
2026-07-30T12:18:16.493566+00:00,Healthy-Leaf(1399),Healthy-Leaf (966).JPG,processed,0.3213,12,
2026-07-30T12:18:16.900677+00:00,Healthy-Leaf(1399),Healthy-Leaf (967).JPG,processed,0.3951,12,
2026-07-30T12:18:17.507904+00:00,Healthy-Leaf(1399),Healthy-Leaf (968).JPG,processed,0.5697,12,
2026-07-30T12:18:18.144754+00:00,Healthy-Leaf(1399),Healthy-Leaf (969).JPG,processed,0.6295,12,
2026-07-30T12:18:18.536777+00:00,Healthy-Leaf(1399),Healthy-Leaf (97).jpg,processed,0.3867,12,
2026-07-30T12:18:18.864658+00:00,Healthy-Leaf(1399),Healthy-Leaf (970).JPG,processed,0.3229,12,
2026-07-30T12:18:19.197591+00:00,Healthy-Leaf(1399),Healthy-Leaf (971).JPG,processed,0.3286,12,
2026-07-30T12:18:19.517989+00:00,Healthy-Leaf(1399),Healthy-Leaf (972).JPG,processed,0.3144,12,
2026-07-30T12:18:19.851307+00:00,Healthy-Leaf(1399),Healthy-Leaf (973).JPG,processed,0.3280,12,
2026-07-30T12:18:20.187342+00:00,Healthy-Leaf(1399),Healthy-Leaf (974).JPG,processed,0.3147,12,
2026-07-30T12:18:20.498712+00:00,Healthy-Leaf(1399),Healthy-Leaf (975).JPG,processed,0.3062,12,
2026-07-30T12:18:20.816694+00:00,Healthy-Leaf(1399),Healthy-Leaf (976).JPG,processed,0.3130,12,
2026-07-30T12:18:21.145641+00:00,Healthy-Leaf(1399),Healthy-Leaf (977).JPG,processed,0.3233,12,
2026-07-30T12:18:21.474412+00:00,Healthy-Leaf(1399),Healthy-Leaf (978).JPG,processed,0.3240,12,
2026-07-30T12:18:21.799294+00:00,Healthy-Leaf(1399),Healthy-Leaf (979).JPG,processed,0.3188,12,
2026-07-30T12:18:22.098261+00:00,Healthy-Leaf(1399),Healthy-Leaf (98).jpg,processed,0.2920,12,
2026-07-30T12:18:22.448498+00:00,Healthy-Leaf(1399),Healthy-Leaf (980).JPG,processed,0.3427,12,
2026-07-30T12:18:22.779271+00:00,Healthy-Leaf(1399),Healthy-Leaf (981).JPG,processed,0.3255,12,
2026-07-30T12:18:23.085089+00:00,Healthy-Leaf(1399),Healthy-Leaf (982).JPG,processed,0.3003,12,
2026-07-30T12:18:23.414502+00:00,Healthy-Leaf(1399),Healthy-Leaf (983).JPG,processed,0.3247,12,
2026-07-30T12:18:23.738905+00:00,Healthy-Leaf(1399),Healthy-Leaf (984).JPG,processed,0.3186,12,
2026-07-30T12:18:24.076545+00:00,Healthy-Leaf(1399),Healthy-Leaf (985).JPG,processed,0.3317,12,
2026-07-30T12:18:24.380415+00:00,Healthy-Leaf(1399),Healthy-Leaf (986).JPG,processed,0.2987,12,
2026-07-30T12:18:24.685440+00:00,Healthy-Leaf(1399),Healthy-Leaf (987).JPG,processed,0.2998,12,
2026-07-30T12:18:24.975743+00:00,Healthy-Leaf(1399),Healthy-Leaf (988).JPG,processed,0.2848,12,
2026-07-30T12:18:25.267285+00:00,Healthy-Leaf(1399),Healthy-Leaf (989).JPG,processed,0.2871,12,
2026-07-30T12:18:25.526184+00:00,Healthy-Leaf(1399),Healthy-Leaf (99).jpg,processed,0.2540,12,
2026-07-30T12:18:25.810442+00:00,Healthy-Leaf(1399),Healthy-Leaf (990).JPG,processed,0.2789,12,
2026-07-30T12:18:26.087063+00:00,Healthy-Leaf(1399),Healthy-Leaf (991).JPG,processed,0.2716,12,
2026-07-30T12:18:26.396191+00:00,Healthy-Leaf(1399),Healthy-Leaf (992).JPG,processed,0.3026,12,
2026-07-30T12:18:26.715291+00:00,Healthy-Leaf(1399),Healthy-Leaf (993).JPG,processed,0.3118,12,
2026-07-30T12:18:27.028719+00:00,Healthy-Leaf(1399),Healthy-Leaf (994).JPG,processed,0.3082,12,
2026-07-30T12:18:27.471808+00:00,Healthy-Leaf(1399),Healthy-Leaf (995).JPG,processed,0.4364,12,
2026-07-30T12:18:27.879811+00:00,Healthy-Leaf(1399),Healthy-Leaf (996).JPG,processed,0.4018,12,
2026-07-30T12:18:28.356073+00:00,Healthy-Leaf(1399),Healthy-Leaf (997).JPG,processed,0.4703,12,
2026-07-30T12:18:28.790697+00:00,Healthy-Leaf(1399),Healthy-Leaf (998).JPG,processed,0.4299,12,
2026-07-30T12:18:29.169399+00:00,Healthy-Leaf(1399),Healthy-Leaf (999).JPG,processed,0.3693,12,
2026-07-30T12:18:29.655605+00:00,Pest-Damage(513),Pest-Damage (1).jpg,processed,0.4757,12,
2026-07-30T12:18:30.114121+00:00,Pest-Damage(513),Pest-Damage (10).jpg,processed,0.4516,12,
2026-07-30T12:18:30.448915+00:00,Pest-Damage(513),Pest-Damage (100).jpg,processed,0.3250,12,
2026-07-30T12:18:30.917944+00:00,Pest-Damage(513),Pest-Damage (101).jpg,processed,0.4582,12,
2026-07-30T12:18:31.648665+00:00,Pest-Damage(513),Pest-Damage (102).jpg,processed,0.7221,12,
2026-07-30T12:18:32.098030+00:00,Pest-Damage(513),Pest-Damage (103).jpg,processed,0.4359,12,
2026-07-30T12:18:32.625320+00:00,Pest-Damage(513),Pest-Damage (104).jpg,processed,0.4877,12,
2026-07-30T12:18:33.161723+00:00,Pest-Damage(513),Pest-Damage (105).jpg,processed,0.5266,12,
2026-07-30T12:18:33.686001+00:00,Pest-Damage(513),Pest-Damage (106).jpg,processed,0.5179,12,
2026-07-30T12:18:34.283710+00:00,Pest-Damage(513),Pest-Damage (107).jpg,processed,0.5908,12,
2026-07-30T12:18:35.024325+00:00,Pest-Damage(513),Pest-Damage (108).jpg,processed,0.7192,12,
2026-07-30T12:18:35.460161+00:00,Pest-Damage(513),Pest-Damage (109).jpg,processed,0.4289,12,
2026-07-30T12:18:36.034968+00:00,Pest-Damage(513),Pest-Damage (11).jpg,processed,0.5679,12,
2026-07-30T12:18:36.621541+00:00,Pest-Damage(513),Pest-Damage (110).jpg,processed,0.5801,12,
2026-07-30T12:18:37.235335+00:00,Pest-Damage(513),Pest-Damage (111).jpg,processed,0.5870,12,
2026-07-30T12:18:37.659424+00:00,Pest-Damage(513),Pest-Damage (112).jpg,processed,0.4187,12,
2026-07-30T12:18:38.227716+00:00,Pest-Damage(513),Pest-Damage (113).jpg,processed,0.5619,12,
2026-07-30T12:18:38.746990+00:00,Pest-Damage(513),Pest-Damage (114).jpg,processed,0.5113,12,
2026-07-30T12:18:39.215442+00:00,Pest-Damage(513),Pest-Damage (115).jpg,processed,0.4620,12,
2026-07-30T12:18:39.681846+00:00,Pest-Damage(513),Pest-Damage (116).jpg,processed,0.4574,12,
2026-07-30T12:18:40.471788+00:00,Pest-Damage(513),Pest-Damage (117).jpg,processed,0.7819,12,
2026-07-30T12:18:41.014132+00:00,Pest-Damage(513),Pest-Damage (118).jpg,processed,0.5356,12,
2026-07-30T12:18:41.497410+00:00,Pest-Damage(513),Pest-Damage (119).jpg,processed,0.4751,12,
2026-07-30T12:18:41.952378+00:00,Pest-Damage(513),Pest-Damage (12).jpg,processed,0.4465,12,
2026-07-30T12:18:42.465321+00:00,Pest-Damage(513),Pest-Damage (120).jpg,processed,0.5073,12,
2026-07-30T12:18:42.985351+00:00,Pest-Damage(513),Pest-Damage (121).jpg,processed,0.5149,12,
2026-07-30T12:18:43.338178+00:00,Pest-Damage(513),Pest-Damage (122).jpg,processed,0.3473,12,
2026-07-30T12:18:43.671197+00:00,Pest-Damage(513),Pest-Damage (123).jpg,processed,0.3263,12,
2026-07-30T12:18:44.016522+00:00,Pest-Damage(513),Pest-Damage (124).jpg,processed,0.3374,12,
2026-07-30T12:18:44.370174+00:00,Pest-Damage(513),Pest-Damage (125).jpg,processed,0.3475,12,
2026-07-30T12:18:44.717013+00:00,Pest-Damage(513),Pest-Damage (126).jpg,processed,0.3406,12,
2026-07-30T12:18:45.033877+00:00,Pest-Damage(513),Pest-Damage (127).jpg,processed,0.3115,12,
2026-07-30T12:18:45.361364+00:00,Pest-Damage(513),Pest-Damage (128).jpg,processed,0.3224,12,
2026-07-30T12:18:45.670614+00:00,Pest-Damage(513),Pest-Damage (129).jpg,processed,0.3039,12,
2026-07-30T12:18:45.980576+00:00,Pest-Damage(513),Pest-Damage (13).jpg,processed,0.3022,12,
2026-07-30T12:18:46.280886+00:00,Pest-Damage(513),Pest-Damage (130).jpg,processed,0.2940,12,
2026-07-30T12:18:46.581106+00:00,Pest-Damage(513),Pest-Damage (131).jpg,processed,0.2953,12,
2026-07-30T12:18:46.875216+00:00,Pest-Damage(513),Pest-Damage (132).jpg,processed,0.2890,12,
2026-07-30T12:18:47.159894+00:00,Pest-Damage(513),Pest-Damage (133).jpg,processed,0.2801,12,
2026-07-30T12:18:47.444326+00:00,Pest-Damage(513),Pest-Damage (134).jpg,processed,0.2778,12,
2026-07-30T12:18:47.727348+00:00,Pest-Damage(513),Pest-Damage (135).jpg,processed,0.2767,12,
2026-07-30T12:18:48.013251+00:00,Pest-Damage(513),Pest-Damage (136).jpg,processed,0.2799,12,
2026-07-30T12:18:48.302516+00:00,Pest-Damage(513),Pest-Damage (137).jpg,processed,0.2841,12,
2026-07-30T12:18:48.587704+00:00,Pest-Damage(513),Pest-Damage (138).jpg,processed,0.2807,12,
2026-07-30T12:18:48.860418+00:00,Pest-Damage(513),Pest-Damage (139).jpg,processed,0.2682,12,
2026-07-30T12:18:49.148534+00:00,Pest-Damage(513),Pest-Damage (14).jpg,processed,0.2835,12,
2026-07-30T12:18:49.413619+00:00,Pest-Damage(513),Pest-Damage (140).jpg,processed,0.2609,12,
2026-07-30T12:18:49.707881+00:00,Pest-Damage(513),Pest-Damage (141).jpg,processed,0.2899,12,
2026-07-30T12:18:49.974528+00:00,Pest-Damage(513),Pest-Damage (142).jpg,processed,0.2607,12,
2026-07-30T12:18:50.253982+00:00,Pest-Damage(513),Pest-Damage (143).jpg,processed,0.2739,12,
2026-07-30T12:18:50.524483+00:00,Pest-Damage(513),Pest-Damage (144).jpg,processed,0.2652,12,
2026-07-30T12:18:50.792358+00:00,Pest-Damage(513),Pest-Damage (145).jpg,processed,0.2620,12,
2026-07-30T12:18:51.059966+00:00,Pest-Damage(513),Pest-Damage (146).jpg,processed,0.2631,12,
2026-07-30T12:18:51.335840+00:00,Pest-Damage(513),Pest-Damage (147).jpg,processed,0.2710,12,
2026-07-30T12:18:51.603459+00:00,Pest-Damage(513),Pest-Damage (148).jpg,processed,0.2636,12,
2026-07-30T12:18:51.861436+00:00,Pest-Damage(513),Pest-Damage (149).jpg,processed,0.2536,12,
2026-07-30T12:18:52.129396+00:00,Pest-Damage(513),Pest-Damage (15).jpg,processed,0.2629,12,
2026-07-30T12:18:52.385751+00:00,Pest-Damage(513),Pest-Damage (150).jpg,processed,0.2517,12,
2026-07-30T12:18:52.642903+00:00,Pest-Damage(513),Pest-Damage (151).jpg,processed,0.2528,12,
2026-07-30T12:18:52.897420+00:00,Pest-Damage(513),Pest-Damage (152).jpg,processed,0.2498,12,
2026-07-30T12:18:53.312639+00:00,Pest-Damage(513),Pest-Damage (153).jpg,processed,0.4109,12,
2026-07-30T12:18:53.571244+00:00,Pest-Damage(513),Pest-Damage (154).jpg,processed,0.2543,12,
2026-07-30T12:18:53.838570+00:00,Pest-Damage(513),Pest-Damage (155).jpg,processed,0.2617,12,
2026-07-30T12:18:54.100872+00:00,Pest-Damage(513),Pest-Damage (156).jpg,processed,0.2579,12,
2026-07-30T12:18:54.351866+00:00,Pest-Damage(513),Pest-Damage (157).jpg,processed,0.2464,12,
2026-07-30T12:18:54.636952+00:00,Pest-Damage(513),Pest-Damage (158).jpg,processed,0.2807,12,
2026-07-30T12:18:54.895409+00:00,Pest-Damage(513),Pest-Damage (159).jpg,processed,0.2533,12,
2026-07-30T12:18:55.162287+00:00,Pest-Damage(513),Pest-Damage (16).jpg,processed,0.2618,12,
2026-07-30T12:18:55.423884+00:00,Pest-Damage(513),Pest-Damage (160).jpg,processed,0.2574,12,
2026-07-30T12:18:55.698339+00:00,Pest-Damage(513),Pest-Damage (161).jpg,processed,0.2704,12,
2026-07-30T12:18:55.956540+00:00,Pest-Damage(513),Pest-Damage (162).jpg,processed,0.2532,12,
2026-07-30T12:18:56.228426+00:00,Pest-Damage(513),Pest-Damage (163).jpg,processed,0.2677,12,
2026-07-30T12:18:56.480497+00:00,Pest-Damage(513),Pest-Damage (164).jpg,processed,0.2477,12,
2026-07-30T12:18:56.739605+00:00,Pest-Damage(513),Pest-Damage (165).jpg,processed,0.2546,12,
2026-07-30T12:18:56.991647+00:00,Pest-Damage(513),Pest-Damage (166).jpg,processed,0.2472,12,
2026-07-30T12:18:57.248753+00:00,Pest-Damage(513),Pest-Damage (167).jpg,processed,0.2530,12,
2026-07-30T12:18:57.504570+00:00,Pest-Damage(513),Pest-Damage (168).jpg,processed,0.2513,12,
2026-07-30T12:18:57.764053+00:00,Pest-Damage(513),Pest-Damage (169).jpg,processed,0.2549,12,
2026-07-30T12:18:58.117320+00:00,Pest-Damage(513),Pest-Damage (17).jpg,processed,0.3479,12,
2026-07-30T12:18:58.369964+00:00,Pest-Damage(513),Pest-Damage (170).jpg,processed,0.2480,12,
2026-07-30T12:18:58.627382+00:00,Pest-Damage(513),Pest-Damage (171).jpg,processed,0.2530,12,
2026-07-30T12:18:58.948818+00:00,Pest-Damage(513),Pest-Damage (172).jpg,processed,0.3174,12,
2026-07-30T12:18:59.201921+00:00,Pest-Damage(513),Pest-Damage (173).jpg,processed,0.2483,12,
2026-07-30T12:18:59.464115+00:00,Pest-Damage(513),Pest-Damage (174).jpg,processed,0.2564,12,
2026-07-30T12:18:59.730537+00:00,Pest-Damage(513),Pest-Damage (175).jpg,processed,0.2617,12,
2026-07-30T12:19:00.001558+00:00,Pest-Damage(513),Pest-Damage (176).jpg,processed,0.2661,12,
2026-07-30T12:19:00.281871+00:00,Pest-Damage(513),Pest-Damage (177).jpg,processed,0.2753,12,
2026-07-30T12:19:00.549307+00:00,Pest-Damage(513),Pest-Damage (178).jpg,processed,0.2632,12,
2026-07-30T12:19:00.814212+00:00,Pest-Damage(513),Pest-Damage (179).jpg,processed,0.2592,12,
2026-07-30T12:19:01.103673+00:00,Pest-Damage(513),Pest-Damage (18).jpg,processed,0.2844,12,
2026-07-30T12:19:01.382668+00:00,Pest-Damage(513),Pest-Damage (180).jpg,processed,0.2736,12,
2026-07-30T12:19:01.664265+00:00,Pest-Damage(513),Pest-Damage (181).jpg,processed,0.2765,12,
2026-07-30T12:19:01.947178+00:00,Pest-Damage(513),Pest-Damage (182).jpg,processed,0.2777,12,
2026-07-30T12:19:02.253986+00:00,Pest-Damage(513),Pest-Damage (183).jpg,processed,0.3019,12,
2026-07-30T12:19:02.536842+00:00,Pest-Damage(513),Pest-Damage (184).jpg,processed,0.2776,12,
2026-07-30T12:19:02.881521+00:00,Pest-Damage(513),Pest-Damage (185).jpg,processed,0.3046,12,
2026-07-30T12:30:22.112436+00:00,Anthracnose(102),Anthracnose (1).jpg,skipped,0.0000,0,
2026-07-30T12:30:22.112817+00:00,Anthracnose(102),Anthracnose (10).jpg,skipped,0.0000,0,
2026-07-30T12:30:22.113312+00:00,Anthracnose(102),Anthracnose (100).jpg,skipped,0.0000,0,
2026-07-30T12:30:22.113751+00:00,Anthracnose(102),Anthracnose (101).jpg,skipped,0.0000,0,
2026-07-30T12:30:22.114008+00:00,Anthracnose(102),Anthracnose (102).jpg,skipped,0.0000,0,
2026-07-30T12:30:22.114122+00:00,Anthracnose(102),Anthracnose (11).jpg,skipped,0.0000,0,
2026-07-30T12:30:22.114214+00:00,Anthracnose(102),Anthracnose (12).jpg,skipped,0.0000,0,
2026-07-30T12:30:22.114307+00:00,Anthracnose(102),Anthracnose (13).jpg,skipped,0.0000,0,
2026-07-30T12:30:22.114393+00:00,Anthracnose(102),Anthracnose (14).jpg,skipped,0.0000,0,
2026-07-30T12:30:22.114627+00:00,Anthracnose(102),Anthracnose (15).jpg,skipped,0.0000,0,
2026-07-30T12:30:22.114708+00:00,Anthracnose(102),Anthracnose (16).jpg,skipped,0.0000,0,
2026-07-30T12:30:22.114787+00:00,Anthracnose(102),Anthracnose (17).jpg,skipped,0.0000,0,
2026-07-30T12:30:22.114847+00:00,Anthracnose(102),Anthracnose (18).jpg,skipped,0.0000,0,
2026-07-30T12:30:22.114926+00:00,Anthracnose(102),Anthracnose (19).jpg,skipped,0.0000,0,
2026-07-30T12:30:22.114984+00:00,Anthracnose(102),Anthracnose (2).jpg,skipped,0.0000,0,
2026-07-30T12:30:22.115057+00:00,Anthracnose(102),Anthracnose (20).jpg,skipped,0.0000,0,
2026-07-30T12:30:22.115130+00:00,Anthracnose(102),Anthracnose (21).jpg,skipped,0.0000,0,
2026-07-30T12:30:22.115212+00:00,Anthracnose(102),Anthracnose (22).JPG,skipped,0.0000,0,
2026-07-30T12:30:22.115289+00:00,Anthracnose(102),Anthracnose (23).JPG,skipped,0.0000,0,
2026-07-30T12:30:22.115346+00:00,Anthracnose(102),Anthracnose (24).JPG,skipped,0.0000,0,
2026-07-30T12:30:22.115431+00:00,Anthracnose(102),Anthracnose (25).JPG,skipped,0.0000,0,
2026-07-30T12:30:22.115488+00:00,Anthracnose(102),Anthracnose (26).JPG,skipped,0.0000,0,
2026-07-30T12:30:22.115540+00:00,Anthracnose(102),Anthracnose (27).jpg,skipped,0.0000,0,
2026-07-30T12:30:22.115615+00:00,Anthracnose(102),Anthracnose (28).jpg,skipped,0.0000,0,
2026-07-30T12:30:22.115701+00:00,Anthracnose(102),Anthracnose (29).jpg,skipped,0.0000,0,
2026-07-30T12:30:22.115758+00:00,Anthracnose(102),Anthracnose (3).jpg,skipped,0.0000,0,
2026-07-30T12:30:22.115814+00:00,Anthracnose(102),Anthracnose (30).jpg,skipped,0.0000,0,
2026-07-30T12:30:22.115870+00:00,Anthracnose(102),Anthracnose (31).jpg,skipped,0.0000,0,
2026-07-30T12:30:22.115924+00:00,Anthracnose(102),Anthracnose (32).jpg,skipped,0.0000,0,
2026-07-30T12:30:22.115980+00:00,Anthracnose(102),Anthracnose (33).jpg,skipped,0.0000,0,
2026-07-30T12:30:22.116034+00:00,Anthracnose(102),Anthracnose (34).jpg,skipped,0.0000,0,
2026-07-30T12:30:22.116114+00:00,Anthracnose(102),Anthracnose (35).jpg,skipped,0.0000,0,
2026-07-30T12:30:22.116170+00:00,Anthracnose(102),Anthracnose (36).jpg,skipped,0.0000,0,
2026-07-30T12:30:22.116224+00:00,Anthracnose(102),Anthracnose (37).jpg,skipped,0.0000,0,
2026-07-30T12:30:22.116279+00:00,Anthracnose(102),Anthracnose (38).jpg,skipped,0.0000,0,
2026-07-30T12:30:22.116333+00:00,Anthracnose(102),Anthracnose (39).jpg,skipped,0.0000,0,
2026-07-30T12:30:22.116405+00:00,Anthracnose(102),Anthracnose (4).jpg,skipped,0.0000,0,
2026-07-30T12:30:22.116482+00:00,Anthracnose(102),Anthracnose (40).jpg,skipped,0.0000,0,
2026-07-30T12:30:22.116541+00:00,Anthracnose(102),Anthracnose (41).jpg,skipped,0.0000,0,
2026-07-30T12:30:22.116616+00:00,Anthracnose(102),Anthracnose (42).jpg,skipped,0.0000,0,
2026-07-30T12:30:22.116693+00:00,Anthracnose(102),Anthracnose (43).jpg,skipped,0.0000,0,
2026-07-30T12:30:22.116767+00:00,Anthracnose(102),Anthracnose (44).jpg,skipped,0.0000,0,
2026-07-30T12:30:22.116839+00:00,Anthracnose(102),Anthracnose (45).jpg,skipped,0.0000,0,
2026-07-30T12:30:22.116895+00:00,Anthracnose(102),Anthracnose (46).JPG,skipped,0.0000,0,
2026-07-30T12:30:22.116972+00:00,Anthracnose(102),Anthracnose (47).JPG,skipped,0.0000,0,
2026-07-30T12:30:22.117055+00:00,Anthracnose(102),Anthracnose (48).JPG,skipped,0.0000,0,
2026-07-30T12:30:22.117111+00:00,Anthracnose(102),Anthracnose (49).jpg,skipped,0.0000,0,
2026-07-30T12:30:22.117188+00:00,Anthracnose(102),Anthracnose (5).jpg,skipped,0.0000,0,
2026-07-30T12:30:22.117285+00:00,Anthracnose(102),Anthracnose (50).jpg,skipped,0.0000,0,
2026-07-30T12:30:22.117383+00:00,Anthracnose(102),Anthracnose (51).jpg,skipped,0.0000,0,
2026-07-30T12:30:22.117461+00:00,Anthracnose(102),Anthracnose (52).jpg,skipped,0.0000,0,
2026-07-30T12:30:22.117519+00:00,Anthracnose(102),Anthracnose (53).jpg,skipped,0.0000,0,
2026-07-30T12:30:22.117591+00:00,Anthracnose(102),Anthracnose (54).jpg,skipped,0.0000,0,
2026-07-30T12:30:22.117668+00:00,Anthracnose(102),Anthracnose (55).jpg,skipped,0.0000,0,
2026-07-30T12:30:22.117747+00:00,Anthracnose(102),Anthracnose (56).jpg,skipped,0.0000,0,
2026-07-30T12:30:22.117824+00:00,Anthracnose(102),Anthracnose (57).jpg,skipped,0.0000,0,
2026-07-30T12:30:22.117903+00:00,Anthracnose(102),Anthracnose (58).jpg,skipped,0.0000,0,
2026-07-30T12:30:22.117980+00:00,Anthracnose(102),Anthracnose (59).jpg,skipped,0.0000,0,
2026-07-30T12:30:22.118041+00:00,Anthracnose(102),Anthracnose (6).jpg,skipped,0.0000,0,
2026-07-30T12:30:22.118122+00:00,Anthracnose(102),Anthracnose (60).jpg,skipped,0.0000,0,
2026-07-30T12:30:22.118181+00:00,Anthracnose(102),Anthracnose (61).jpg,skipped,0.0000,0,
2026-07-30T12:30:22.118295+00:00,Anthracnose(102),Anthracnose (62).jpg,skipped,0.0000,0,
2026-07-30T12:30:22.118487+00:00,Anthracnose(102),Anthracnose (63).jpg,skipped,0.0000,0,
2026-07-30T12:30:22.118627+00:00,Anthracnose(102),Anthracnose (64).jpg,skipped,0.0000,0,
2026-07-30T12:30:22.118735+00:00,Anthracnose(102),Anthracnose (65).jpg,skipped,0.0000,0,
2026-07-30T12:30:22.118806+00:00,Anthracnose(102),Anthracnose (66).jpg,skipped,0.0000,0,
2026-07-30T12:30:22.118868+00:00,Anthracnose(102),Anthracnose (67).jpg,skipped,0.0000,0,
2026-07-30T12:30:22.118933+00:00,Anthracnose(102),Anthracnose (68).jpg,skipped,0.0000,0,
2026-07-30T12:30:22.119020+00:00,Anthracnose(102),Anthracnose (69).jpg,skipped,0.0000,0,
2026-07-30T12:30:22.119133+00:00,Anthracnose(102),Anthracnose (7).jpg,skipped,0.0000,0,
2026-07-30T12:30:22.119243+00:00,Anthracnose(102),Anthracnose (70).jpg,skipped,0.0000,0,
2026-07-30T12:30:22.119446+00:00,Anthracnose(102),Anthracnose (71).jpg,skipped,0.0000,0,
2026-07-30T12:30:22.119551+00:00,Anthracnose(102),Anthracnose (72).jpg,skipped,0.0000,0,
2026-07-30T12:30:22.119775+00:00,Anthracnose(102),Anthracnose (73).jpg,skipped,0.0000,0,
2026-07-30T12:30:22.119861+00:00,Anthracnose(102),Anthracnose (74).jpg,skipped,0.0000,0,
2026-07-30T12:30:22.119952+00:00,Anthracnose(102),Anthracnose (75).jpg,skipped,0.0000,0,
2026-07-30T12:30:22.120052+00:00,Anthracnose(102),Anthracnose (76).jpg,skipped,0.0000,0,
2026-07-30T12:30:22.120129+00:00,Anthracnose(102),Anthracnose (77).jpg,skipped,0.0000,0,
2026-07-30T12:30:22.120208+00:00,Anthracnose(102),Anthracnose (78).jpg,skipped,0.0000,0,
2026-07-30T12:30:22.120438+00:00,Anthracnose(102),Anthracnose (79).jpg,skipped,0.0000,0,
2026-07-30T12:30:22.120521+00:00,Anthracnose(102),Anthracnose (8).jpg,skipped,0.0000,0,
2026-07-30T12:30:22.120605+00:00,Anthracnose(102),Anthracnose (80).jpg,skipped,0.0000,0,
2026-07-30T12:30:22.120666+00:00,Anthracnose(102),Anthracnose (81).jpg,skipped,0.0000,0,
2026-07-30T12:30:22.120739+00:00,Anthracnose(102),Anthracnose (82).jpg,skipped,0.0000,0,
2026-07-30T12:30:22.120796+00:00,Anthracnose(102),Anthracnose (83).jpg,skipped,0.0000,0,
2026-07-30T12:30:22.120869+00:00,Anthracnose(102),Anthracnose (84).jpg,skipped,0.0000,0,
2026-07-30T12:30:22.120944+00:00,Anthracnose(102),Anthracnose (85).jpg,skipped,0.0000,0,
2026-07-30T12:30:22.121015+00:00,Anthracnose(102),Anthracnose (86).jpg,skipped,0.0000,0,
2026-07-30T12:30:22.121091+00:00,Anthracnose(102),Anthracnose (87).jpg,skipped,0.0000,0,
2026-07-30T12:30:22.121148+00:00,Anthracnose(102),Anthracnose (88).jpg,skipped,0.0000,0,
2026-07-30T12:30:22.121218+00:00,Anthracnose(102),Anthracnose (89).jpg,skipped,0.0000,0,
2026-07-30T12:30:22.121272+00:00,Anthracnose(102),Anthracnose (9).jpg,skipped,0.0000,0,
2026-07-30T12:30:22.121365+00:00,Anthracnose(102),Anthracnose (90).jpg,skipped,0.0000,0,
2026-07-30T12:30:22.121441+00:00,Anthracnose(102),Anthracnose (91).jpg,skipped,0.0000,0,
2026-07-30T12:30:22.121498+00:00,Anthracnose(102),Anthracnose (92).jpg,skipped,0.0000,0,
2026-07-30T12:30:22.121571+00:00,Anthracnose(102),Anthracnose (93).jpg,skipped,0.0000,0,
2026-07-30T12:30:22.121646+00:00,Anthracnose(102),Anthracnose (94).jpg,skipped,0.0000,0,
2026-07-30T12:30:22.121718+00:00,Anthracnose(102),Anthracnose (95).jpg,skipped,0.0000,0,
2026-07-30T12:30:22.121788+00:00,Anthracnose(102),Anthracnose (96).jpg,skipped,0.0000,0,
2026-07-30T12:30:22.121864+00:00,Anthracnose(102),Anthracnose (97).jpg,skipped,0.0000,0,
2026-07-30T12:30:22.121934+00:00,Anthracnose(102),Anthracnose (98).jpg,skipped,0.0000,0,
2026-07-30T12:30:22.122004+00:00,Anthracnose(102),Anthracnose (99).jpg,skipped,0.0000,0,
2026-07-30T12:30:22.122115+00:00,Bacterial-Spot(752),Bacterial-Spot (1).jpg,skipped,0.0000,0,
2026-07-30T12:30:22.122486+00:00,Bacterial-Spot(752),Bacterial-Spot (10).jpg,skipped,0.0000,0,
2026-07-30T12:30:22.122882+00:00,Bacterial-Spot(752),Bacterial-Spot (100).jpg,skipped,0.0000,0,
2026-07-30T12:30:22.122972+00:00,Bacterial-Spot(752),Bacterial-Spot (101).jpg,skipped,0.0000,0,
2026-07-30T12:30:22.123203+00:00,Bacterial-Spot(752),Bacterial-Spot (102).jpg,skipped,0.0000,0,
2026-07-30T12:30:22.123553+00:00,Bacterial-Spot(752),Bacterial-Spot (103).jpg,skipped,0.0000,0,
2026-07-30T12:30:22.123778+00:00,Bacterial-Spot(752),Bacterial-Spot (104).jpg,skipped,0.0000,0,
2026-07-30T12:30:22.124111+00:00,Bacterial-Spot(752),Bacterial-Spot (105).jpg,skipped,0.0000,0,
2026-07-30T12:30:22.124346+00:00,Bacterial-Spot(752),Bacterial-Spot (106).jpg,skipped,0.0000,0,
2026-07-30T12:30:22.124464+00:00,Bacterial-Spot(752),Bacterial-Spot (107).jpg,skipped,0.0000,0,
2026-07-30T12:30:22.124716+00:00,Bacterial-Spot(752),Bacterial-Spot (108).jpg,skipped,0.0000,0,
2026-07-30T12:30:22.124943+00:00,Bacterial-Spot(752),Bacterial-Spot (109).jpg,skipped,0.0000,0,
2026-07-30T12:30:22.125037+00:00,Bacterial-Spot(752),Bacterial-Spot (11).jpg,skipped,0.0000,0,
2026-07-30T12:30:22.125118+00:00,Bacterial-Spot(752),Bacterial-Spot (110).jpg,skipped,0.0000,0,
2026-07-30T12:30:22.125450+00:00,Bacterial-Spot(752),Bacterial-Spot (111).jpg,skipped,0.0000,0,
2026-07-30T12:30:22.125557+00:00,Bacterial-Spot(752),Bacterial-Spot (112).jpg,skipped,0.0000,0,
2026-07-30T12:30:22.125895+00:00,Bacterial-Spot(752),Bacterial-Spot (113).jpg,skipped,0.0000,0,
2026-07-30T12:30:22.126010+00:00,Bacterial-Spot(752),Bacterial-Spot (114).jpg,skipped,0.0000,0,
2026-07-30T12:30:22.126245+00:00,Bacterial-Spot(752),Bacterial-Spot (115).jpg,skipped,0.0000,0,
2026-07-30T12:30:22.126357+00:00,Bacterial-Spot(752),Bacterial-Spot (116).jpg,skipped,0.0000,0,
2026-07-30T12:30:22.126451+00:00,Bacterial-Spot(752),Bacterial-Spot (117).jpg,skipped,0.0000,0,
2026-07-30T12:30:22.126660+00:00,Bacterial-Spot(752),Bacterial-Spot (118).jpg,skipped,0.0000,0,
2026-07-30T12:30:22.126813+00:00,Bacterial-Spot(752),Bacterial-Spot (119).jpg,skipped,0.0000,0,
2026-07-30T12:30:22.126979+00:00,Bacterial-Spot(752),Bacterial-Spot (12).jpg,skipped,0.0000,0,
2026-07-30T12:30:22.127075+00:00,Bacterial-Spot(752),Bacterial-Spot (120).jpg,skipped,0.0000,0,
2026-07-30T12:30:22.127165+00:00,Bacterial-Spot(752),Bacterial-Spot (121).jpg,skipped,0.0000,0,
2026-07-30T12:30:22.127252+00:00,Bacterial-Spot(752),Bacterial-Spot (122).jpg,skipped,0.0000,0,
2026-07-30T12:30:22.127335+00:00,Bacterial-Spot(752),Bacterial-Spot (123).jpg,skipped,0.0000,0,
2026-07-30T12:30:22.127403+00:00,Bacterial-Spot(752),Bacterial-Spot (124).jpg,skipped,0.0000,0,
2026-07-30T12:30:22.127463+00:00,Bacterial-Spot(752),Bacterial-Spot (125).jpg,skipped,0.0000,0,
2026-07-30T12:30:22.127526+00:00,Bacterial-Spot(752),Bacterial-Spot (126).jpg,skipped,0.0000,0,
2026-07-30T12:30:22.127584+00:00,Bacterial-Spot(752),Bacterial-Spot (127).jpg,skipped,0.0000,0,
2026-07-30T12:30:22.127663+00:00,Bacterial-Spot(752),Bacterial-Spot (128).jpg,skipped,0.0000,0,
2026-07-30T12:30:22.127744+00:00,Bacterial-Spot(752),Bacterial-Spot (129).jpg,skipped,0.0000,0,
2026-07-30T12:30:22.127825+00:00,Bacterial-Spot(752),Bacterial-Spot (13).jpg,skipped,0.0000,0,
2026-07-30T12:30:22.127906+00:00,Bacterial-Spot(752),Bacterial-Spot (130).jpg,skipped,0.0000,0,
2026-07-30T12:30:22.127984+00:00,Bacterial-Spot(752),Bacterial-Spot (131).jpg,skipped,0.0000,0,
2026-07-30T12:30:22.128065+00:00,Bacterial-Spot(752),Bacterial-Spot (132).jpg,skipped,0.0000,0,
2026-07-30T12:30:22.128130+00:00,Bacterial-Spot(752),Bacterial-Spot (133).jpg,skipped,0.0000,0,
2026-07-30T12:30:22.128186+00:00,Bacterial-Spot(752),Bacterial-Spot (134).jpg,skipped,0.0000,0,
2026-07-30T12:30:22.128242+00:00,Bacterial-Spot(752),Bacterial-Spot (135).jpg,skipped,0.0000,0,
2026-07-30T12:30:22.128314+00:00,Bacterial-Spot(752),Bacterial-Spot (136).jpg,skipped,0.0000,0,
2026-07-30T12:30:22.128393+00:00,Bacterial-Spot(752),Bacterial-Spot (137).jpg,skipped,0.0000,0,
2026-07-30T12:30:22.128451+00:00,Bacterial-Spot(752),Bacterial-Spot (138).jpg,skipped,0.0000,0,
2026-07-30T12:30:22.128566+00:00,Bacterial-Spot(752),Bacterial-Spot (139).jpg,skipped,0.0000,0,
2026-07-30T12:30:22.128644+00:00,Bacterial-Spot(752),Bacterial-Spot (14).jpg,skipped,0.0000,0,
2026-07-30T12:30:22.128719+00:00,Bacterial-Spot(752),Bacterial-Spot (140).jpg,skipped,0.0000,0,
2026-07-30T12:30:22.128794+00:00,Bacterial-Spot(752),Bacterial-Spot (141).jpg,skipped,0.0000,0,
2026-07-30T12:30:22.129028+00:00,Bacterial-Spot(752),Bacterial-Spot (142).jpg,skipped,0.0000,0,
2026-07-30T12:30:22.129166+00:00,Bacterial-Spot(752),Bacterial-Spot (143).jpg,skipped,0.0000,0,
2026-07-30T12:30:22.129283+00:00,Bacterial-Spot(752),Bacterial-Spot (144).jpg,skipped,0.0000,0,
2026-07-30T12:30:22.129353+00:00,Bacterial-Spot(752),Bacterial-Spot (145).jpg,skipped,0.0000,0,
2026-07-30T12:30:22.129434+00:00,Bacterial-Spot(752),Bacterial-Spot (146).jpg,skipped,0.0000,0,
2026-07-30T12:30:22.129517+00:00,Bacterial-Spot(752),Bacterial-Spot (147).jpg,skipped,0.0000,0,
2026-07-30T12:30:22.129597+00:00,Bacterial-Spot(752),Bacterial-Spot (148).jpg,skipped,0.0000,0,
2026-07-30T12:30:22.129655+00:00,Bacterial-Spot(752),Bacterial-Spot (149).jpg,skipped,0.0000,0,
2026-07-30T12:30:22.129712+00:00,Bacterial-Spot(752),Bacterial-Spot (15).jpg,skipped,0.0000,0,
2026-07-30T12:30:22.129791+00:00,Bacterial-Spot(752),Bacterial-Spot (150).jpg,skipped,0.0000,0,
2026-07-30T12:30:22.129847+00:00,Bacterial-Spot(752),Bacterial-Spot (151).jpg,skipped,0.0000,0,
2026-07-30T12:30:22.129946+00:00,Bacterial-Spot(752),Bacterial-Spot (152).jpg,skipped,0.0000,0,
2026-07-30T12:30:22.130040+00:00,Bacterial-Spot(752),Bacterial-Spot (153).jpg,skipped,0.0000,0,
2026-07-30T12:30:22.130131+00:00,Bacterial-Spot(752),Bacterial-Spot (154).jpg,skipped,0.0000,0,
2026-07-30T12:30:22.130209+00:00,Bacterial-Spot(752),Bacterial-Spot (155).jpg,skipped,0.0000,0,
2026-07-30T12:30:22.130292+00:00,Bacterial-Spot(752),Bacterial-Spot (156).jpg,skipped,0.0000,0,
2026-07-30T12:30:22.130369+00:00,Bacterial-Spot(752),Bacterial-Spot (157).jpg,skipped,0.0000,0,
2026-07-30T12:30:22.130442+00:00,Bacterial-Spot(752),Bacterial-Spot (158).jpg,skipped,0.0000,0,
2026-07-30T12:30:22.130496+00:00,Bacterial-Spot(752),Bacterial-Spot (159).jpg,skipped,0.0000,0,
2026-07-30T12:30:22.130564+00:00,Bacterial-Spot(752),Bacterial-Spot (16).jpg,skipped,0.0000,0,
2026-07-30T12:30:22.130639+00:00,Bacterial-Spot(752),Bacterial-Spot (160).jpg,skipped,0.0000,0,
2026-07-30T12:30:22.130693+00:00,Bacterial-Spot(752),Bacterial-Spot (161).jpg,skipped,0.0000,0,
2026-07-30T12:30:22.130762+00:00,Bacterial-Spot(752),Bacterial-Spot (162).jpg,skipped,0.0000,0,
2026-07-30T12:30:22.130835+00:00,Bacterial-Spot(752),Bacterial-Spot (163).jpg,skipped,0.0000,0,
2026-07-30T12:30:22.130915+00:00,Bacterial-Spot(752),Bacterial-Spot (164).jpg,skipped,0.0000,0,
2026-07-30T12:30:22.130988+00:00,Bacterial-Spot(752),Bacterial-Spot (165).jpg,skipped,0.0000,0,
2026-07-30T12:30:22.131081+00:00,Bacterial-Spot(752),Bacterial-Spot (166).jpg,skipped,0.0000,0,
2026-07-30T12:30:22.131172+00:00,Bacterial-Spot(752),Bacterial-Spot (167).jpg,skipped,0.0000,0,
2026-07-30T12:30:22.131264+00:00,Bacterial-Spot(752),Bacterial-Spot (168).jpg,skipped,0.0000,0,
2026-07-30T12:30:22.131373+00:00,Bacterial-Spot(752),Bacterial-Spot (169).jpg,skipped,0.0000,0,
2026-07-30T12:30:22.131485+00:00,Bacterial-Spot(752),Bacterial-Spot (17).jpg,skipped,0.0000,0,
2026-07-30T12:30:22.131596+00:00,Bacterial-Spot(752),Bacterial-Spot (170).jpg,skipped,0.0000,0,
2026-07-30T12:30:22.131710+00:00,Bacterial-Spot(752),Bacterial-Spot (171).jpg,skipped,0.0000,0,
2026-07-30T12:30:22.131805+00:00,Bacterial-Spot(752),Bacterial-Spot (172).jpg,skipped,0.0000,0,
2026-07-30T12:30:22.131898+00:00,Bacterial-Spot(752),Bacterial-Spot (173).jpg,skipped,0.0000,0,
2026-07-30T12:30:22.131992+00:00,Bacterial-Spot(752),Bacterial-Spot (174).jpg,skipped,0.0000,0,
2026-07-30T12:30:22.132075+00:00,Bacterial-Spot(752),Bacterial-Spot (175).jpg,skipped,0.0000,0,
2026-07-30T12:30:22.132141+00:00,Bacterial-Spot(752),Bacterial-Spot (176).jpg,skipped,0.0000,0,
2026-07-30T12:30:22.132235+00:00,Bacterial-Spot(752),Bacterial-Spot (177).jpg,skipped,0.0000,0,
2026-07-30T12:30:22.132323+00:00,Bacterial-Spot(752),Bacterial-Spot (178).jpg,skipped,0.0000,0,
2026-07-30T12:30:22.132389+00:00,Bacterial-Spot(752),Bacterial-Spot (179).jpg,skipped,0.0000,0,
2026-07-30T12:30:22.132506+00:00,Bacterial-Spot(752),Bacterial-Spot (18).jpg,skipped,0.0000,0,
2026-07-30T12:30:22.132683+00:00,Bacterial-Spot(752),Bacterial-Spot (180).jpg,skipped,0.0000,0,
2026-07-30T12:30:22.132800+00:00,Bacterial-Spot(752),Bacterial-Spot (181).jpg,skipped,0.0000,0,
2026-07-30T12:30:22.132919+00:00,Bacterial-Spot(752),Bacterial-Spot (182).jpg,skipped,0.0000,0,
2026-07-30T12:30:22.133014+00:00,Bacterial-Spot(752),Bacterial-Spot (183).jpg,skipped,0.0000,0,
2026-07-30T12:30:22.133088+00:00,Bacterial-Spot(752),Bacterial-Spot (184).jpg,skipped,0.0000,0,
2026-07-30T12:30:22.133146+00:00,Bacterial-Spot(752),Bacterial-Spot (185).jpg,skipped,0.0000,0,
2026-07-30T12:30:22.133225+00:00,Bacterial-Spot(752),Bacterial-Spot (186).jpg,skipped,0.0000,0,
2026-07-30T12:30:22.133303+00:00,Bacterial-Spot(752),Bacterial-Spot (187).jpg,skipped,0.0000,0,
2026-07-30T12:30:22.133381+00:00,Bacterial-Spot(752),Bacterial-Spot (188).jpg,skipped,0.0000,0,
2026-07-30T12:30:22.133460+00:00,Bacterial-Spot(752),Bacterial-Spot (189).jpg,skipped,0.0000,0,
2026-07-30T12:30:22.133540+00:00,Bacterial-Spot(752),Bacterial-Spot (19).jpg,skipped,0.0000,0,
2026-07-30T12:30:22.133618+00:00,Bacterial-Spot(752),Bacterial-Spot (190).jpg,skipped,0.0000,0,
2026-07-30T12:30:22.133696+00:00,Bacterial-Spot(752),Bacterial-Spot (191).jpg,skipped,0.0000,0,
2026-07-30T12:30:22.133753+00:00,Bacterial-Spot(752),Bacterial-Spot (192).jpg,skipped,0.0000,0,
2026-07-30T12:30:22.133827+00:00,Bacterial-Spot(752),Bacterial-Spot (193).jpg,skipped,0.0000,0,
2026-07-30T12:30:22.133903+00:00,Bacterial-Spot(752),Bacterial-Spot (194).jpg,skipped,0.0000,0,
2026-07-30T12:30:22.133996+00:00,Bacterial-Spot(752),Bacterial-Spot (195).jpg,skipped,0.0000,0,
2026-07-30T12:30:22.134072+00:00,Bacterial-Spot(752),Bacterial-Spot (196).jpg,skipped,0.0000,0,
2026-07-30T12:30:22.134146+00:00,Bacterial-Spot(752),Bacterial-Spot (197).jpg,skipped,0.0000,0,
2026-07-30T12:30:22.134218+00:00,Bacterial-Spot(752),Bacterial-Spot (198).jpg,skipped,0.0000,0,
2026-07-30T12:30:22.134291+00:00,Bacterial-Spot(752),Bacterial-Spot (199).jpg,skipped,0.0000,0,
2026-07-30T12:30:22.134376+00:00,Bacterial-Spot(752),Bacterial-Spot (2).jpg,skipped,0.0000,0,
2026-07-30T12:30:22.134600+00:00,Bacterial-Spot(752),Bacterial-Spot (20).jpg,skipped,0.0000,0,
2026-07-30T12:30:22.134730+00:00,Bacterial-Spot(752),Bacterial-Spot (200).jpg,skipped,0.0000,0,
2026-07-30T12:30:22.134846+00:00,Bacterial-Spot(752),Bacterial-Spot (201).jpg,skipped,0.0000,0,
2026-07-30T12:30:22.134940+00:00,Bacterial-Spot(752),Bacterial-Spot (202).jpg,skipped,0.0000,0,
2026-07-30T12:30:22.135029+00:00,Bacterial-Spot(752),Bacterial-Spot (203).jpg,skipped,0.0000,0,
2026-07-30T12:30:22.135108+00:00,Bacterial-Spot(752),Bacterial-Spot (204).jpg,skipped,0.0000,0,
2026-07-30T12:30:22.135190+00:00,Bacterial-Spot(752),Bacterial-Spot (205).jpg,skipped,0.0000,0,
2026-07-30T12:30:22.135268+00:00,Bacterial-Spot(752),Bacterial-Spot (206).jpg,skipped,0.0000,0,
2026-07-30T12:30:22.135348+00:00,Bacterial-Spot(752),Bacterial-Spot (207).jpg,skipped,0.0000,0,
2026-07-30T12:30:22.135435+00:00,Bacterial-Spot(752),Bacterial-Spot (208).jpg,skipped,0.0000,0,
2026-07-30T12:30:22.135492+00:00,Bacterial-Spot(752),Bacterial-Spot (209).jpg,skipped,0.0000,0,
2026-07-30T12:30:22.135569+00:00,Bacterial-Spot(752),Bacterial-Spot (21).jpg,skipped,0.0000,0,
2026-07-30T12:30:22.135652+00:00,Bacterial-Spot(752),Bacterial-Spot (210).jpg,skipped,0.0000,0,
2026-07-30T12:30:22.135729+00:00,Bacterial-Spot(752),Bacterial-Spot (211).jpg,skipped,0.0000,0,
2026-07-30T12:30:22.135805+00:00,Bacterial-Spot(752),Bacterial-Spot (212).jpg,skipped,0.0000,0,
2026-07-30T12:30:22.135896+00:00,Bacterial-Spot(752),Bacterial-Spot (213).jpg,skipped,0.0000,0,
2026-07-30T12:30:22.135977+00:00,Bacterial-Spot(752),Bacterial-Spot (214).jpg,skipped,0.0000,0,
2026-07-30T12:30:22.136153+00:00,Bacterial-Spot(752),Bacterial-Spot (215).jpg,skipped,0.0000,0,
2026-07-30T12:30:22.136245+00:00,Bacterial-Spot(752),Bacterial-Spot (216).jpg,skipped,0.0000,0,
2026-07-30T12:30:22.136332+00:00,Bacterial-Spot(752),Bacterial-Spot (217).jpg,skipped,0.0000,0,
2026-07-30T12:30:22.136509+00:00,Bacterial-Spot(752),Bacterial-Spot (218).jpg,skipped,0.0000,0,
2026-07-30T12:30:22.136617+00:00,Bacterial-Spot(752),Bacterial-Spot (219).jpg,skipped,0.0000,0,
2026-07-30T12:30:22.136715+00:00,Bacterial-Spot(752),Bacterial-Spot (22).jpg,skipped,0.0000,0,
2026-07-30T12:30:22.136797+00:00,Bacterial-Spot(752),Bacterial-Spot (220).jpg,skipped,0.0000,0,
2026-07-30T12:30:22.136946+00:00,Bacterial-Spot(752),Bacterial-Spot (221).jpg,skipped,0.0000,0,
2026-07-30T12:30:22.137138+00:00,Bacterial-Spot(752),Bacterial-Spot (222).jpg,skipped,0.0000,0,
2026-07-30T12:30:22.137275+00:00,Bacterial-Spot(752),Bacterial-Spot (223).jpg,skipped,0.0000,0,
2026-07-30T12:30:22.137414+00:00,Bacterial-Spot(752),Bacterial-Spot (224).jpg,skipped,0.0000,0,
2026-07-30T12:30:22.137508+00:00,Bacterial-Spot(752),Bacterial-Spot (225).jpg,skipped,0.0000,0,
2026-07-30T12:30:22.137594+00:00,Bacterial-Spot(752),Bacterial-Spot (226).jpg,skipped,0.0000,0,
2026-07-30T12:30:22.137669+00:00,Bacterial-Spot(752),Bacterial-Spot (227).jpg,skipped,0.0000,0,
2026-07-30T12:30:22.137748+00:00,Bacterial-Spot(752),Bacterial-Spot (228).jpg,skipped,0.0000,0,
2026-07-30T12:30:22.137825+00:00,Bacterial-Spot(752),Bacterial-Spot (229).jpg,skipped,0.0000,0,
2026-07-30T12:30:22.137881+00:00,Bacterial-Spot(752),Bacterial-Spot (23).jpg,skipped,0.0000,0,
2026-07-30T12:30:22.137952+00:00,Bacterial-Spot(752),Bacterial-Spot (230).jpg,skipped,0.0000,0,
2026-07-30T12:30:22.138022+00:00,Bacterial-Spot(752),Bacterial-Spot (231).jpg,skipped,0.0000,0,
2026-07-30T12:30:22.138099+00:00,Bacterial-Spot(752),Bacterial-Spot (232).jpg,skipped,0.0000,0,
2026-07-30T12:30:22.138170+00:00,Bacterial-Spot(752),Bacterial-Spot (233).jpg,skipped,0.0000,0,
2026-07-30T12:30:22.138244+00:00,Bacterial-Spot(752),Bacterial-Spot (234).jpg,skipped,0.0000,0,
2026-07-30T12:30:22.138317+00:00,Bacterial-Spot(752),Bacterial-Spot (235).jpg,skipped,0.0000,0,
2026-07-30T12:30:22.138390+00:00,Bacterial-Spot(752),Bacterial-Spot (236).jpg,skipped,0.0000,0,
2026-07-30T12:30:22.138462+00:00,Bacterial-Spot(752),Bacterial-Spot (237).jpg,skipped,0.0000,0,
2026-07-30T12:30:22.138530+00:00,Bacterial-Spot(752),Bacterial-Spot (238).jpg,skipped,0.0000,0,
2026-07-30T12:30:22.138599+00:00,Bacterial-Spot(752),Bacterial-Spot (239).jpg,skipped,0.0000,0,
2026-07-30T12:30:22.138667+00:00,Bacterial-Spot(752),Bacterial-Spot (24).jpg,skipped,0.0000,0,
2026-07-30T12:30:22.138739+00:00,Bacterial-Spot(752),Bacterial-Spot (240).jpg,skipped,0.0000,0,
2026-07-30T12:30:22.138808+00:00,Bacterial-Spot(752),Bacterial-Spot (241).jpg,skipped,0.0000,0,
2026-07-30T12:30:22.138876+00:00,Bacterial-Spot(752),Bacterial-Spot (242).jpg,skipped,0.0000,0,
2026-07-30T12:30:22.138944+00:00,Bacterial-Spot(752),Bacterial-Spot (243).jpg,skipped,0.0000,0,
2026-07-30T12:30:22.138997+00:00,Bacterial-Spot(752),Bacterial-Spot (244).jpg,skipped,0.0000,0,
2026-07-30T12:30:22.139110+00:00,Bacterial-Spot(752),Bacterial-Spot (245).jpg,skipped,0.0000,0,
2026-07-30T12:30:22.139196+00:00,Bacterial-Spot(752),Bacterial-Spot (246).jpg,skipped,0.0000,0,
2026-07-30T12:30:22.139273+00:00,Bacterial-Spot(752),Bacterial-Spot (247).jpg,skipped,0.0000,0,
2026-07-30T12:30:22.139351+00:00,Bacterial-Spot(752),Bacterial-Spot (248).jpg,skipped,0.0000,0,
2026-07-30T12:30:22.139422+00:00,Bacterial-Spot(752),Bacterial-Spot (249).jpg,skipped,0.0000,0,
2026-07-30T12:30:22.139505+00:00,Bacterial-Spot(752),Bacterial-Spot (25).jpg,skipped,0.0000,0,
2026-07-30T12:30:22.139701+00:00,Bacterial-Spot(752),Bacterial-Spot (250).jpg,skipped,0.0000,0,
2026-07-30T12:30:22.139925+00:00,Bacterial-Spot(752),Bacterial-Spot (251).jpg,skipped,0.0000,0,
2026-07-30T12:30:22.140073+00:00,Bacterial-Spot(752),Bacterial-Spot (252).jpg,skipped,0.0000,0,
2026-07-30T12:30:22.140211+00:00,Bacterial-Spot(752),Bacterial-Spot (253).jpg,skipped,0.0000,0,
2026-07-30T12:30:22.140318+00:00,Bacterial-Spot(752),Bacterial-Spot (254).jpg,skipped,0.0000,0,
2026-07-30T12:30:22.140420+00:00,Bacterial-Spot(752),Bacterial-Spot (255).jpg,skipped,0.0000,0,
2026-07-30T12:30:22.140579+00:00,Bacterial-Spot(752),Bacterial-Spot (256).jpg,skipped,0.0000,0,
2026-07-30T12:30:22.140670+00:00,Bacterial-Spot(752),Bacterial-Spot (257).jpg,skipped,0.0000,0,
2026-07-30T12:30:22.140750+00:00,Bacterial-Spot(752),Bacterial-Spot (258).jpg,skipped,0.0000,0,
2026-07-30T12:30:22.140827+00:00,Bacterial-Spot(752),Bacterial-Spot (259).jpg,skipped,0.0000,0,
2026-07-30T12:30:22.140899+00:00,Bacterial-Spot(752),Bacterial-Spot (26).jpg,skipped,0.0000,0,
2026-07-30T12:30:22.140970+00:00,Bacterial-Spot(752),Bacterial-Spot (260).jpg,skipped,0.0000,0,
2026-07-30T12:30:22.141039+00:00,Bacterial-Spot(752),Bacterial-Spot (261).jpg,skipped,0.0000,0,
2026-07-30T12:30:22.141108+00:00,Bacterial-Spot(752),Bacterial-Spot (262).jpg,skipped,0.0000,0,
2026-07-30T12:30:22.141177+00:00,Bacterial-Spot(752),Bacterial-Spot (263).jpg,skipped,0.0000,0,
2026-07-30T12:30:22.141246+00:00,Bacterial-Spot(752),Bacterial-Spot (264).jpg,skipped,0.0000,0,
2026-07-30T12:30:22.141322+00:00,Bacterial-Spot(752),Bacterial-Spot (265).jpg,skipped,0.0000,0,
2026-07-30T12:30:22.141392+00:00,Bacterial-Spot(752),Bacterial-Spot (266).jpg,skipped,0.0000,0,
2026-07-30T12:30:22.141464+00:00,Bacterial-Spot(752),Bacterial-Spot (267).jpg,skipped,0.0000,0,
2026-07-30T12:30:22.141537+00:00,Bacterial-Spot(752),Bacterial-Spot (268).jpg,skipped,0.0000,0,
2026-07-30T12:30:22.141606+00:00,Bacterial-Spot(752),Bacterial-Spot (269).jpg,skipped,0.0000,0,
2026-07-30T12:30:22.141659+00:00,Bacterial-Spot(752),Bacterial-Spot (27).jpg,skipped,0.0000,0,
2026-07-30T12:30:22.141725+00:00,Bacterial-Spot(752),Bacterial-Spot (270).jpg,skipped,0.0000,0,
2026-07-30T12:30:22.141799+00:00,Bacterial-Spot(752),Bacterial-Spot (271).jpg,skipped,0.0000,0,
2026-07-30T12:30:22.141870+00:00,Bacterial-Spot(752),Bacterial-Spot (272).jpg,skipped,0.0000,0,
2026-07-30T12:30:22.141940+00:00,Bacterial-Spot(752),Bacterial-Spot (273).jpg,skipped,0.0000,0,
2026-07-30T12:30:22.142011+00:00,Bacterial-Spot(752),Bacterial-Spot (274).jpg,skipped,0.0000,0,
2026-07-30T12:30:22.142079+00:00,Bacterial-Spot(752),Bacterial-Spot (275).jpg,skipped,0.0000,0,
2026-07-30T12:30:22.142151+00:00,Bacterial-Spot(752),Bacterial-Spot (276).jpg,skipped,0.0000,0,
2026-07-30T12:30:22.142220+00:00,Bacterial-Spot(752),Bacterial-Spot (277).jpg,skipped,0.0000,0,
2026-07-30T12:30:22.142288+00:00,Bacterial-Spot(752),Bacterial-Spot (278).jpg,skipped,0.0000,0,
2026-07-30T12:30:22.142355+00:00,Bacterial-Spot(752),Bacterial-Spot (279).jpg,skipped,0.0000,0,
2026-07-30T12:30:22.142426+00:00,Bacterial-Spot(752),Bacterial-Spot (28).jpg,skipped,0.0000,0,
2026-07-30T12:30:22.142496+00:00,Bacterial-Spot(752),Bacterial-Spot (280).jpg,skipped,0.0000,0,
2026-07-30T12:30:22.142565+00:00,Bacterial-Spot(752),Bacterial-Spot (281).jpg,skipped,0.0000,0,
2026-07-30T12:30:22.142633+00:00,Bacterial-Spot(752),Bacterial-Spot (282).jpg,skipped,0.0000,0,
2026-07-30T12:30:22.142704+00:00,Bacterial-Spot(752),Bacterial-Spot (283).jpg,skipped,0.0000,0,
2026-07-30T12:30:22.142775+00:00,Bacterial-Spot(752),Bacterial-Spot (284).jpg,skipped,0.0000,0,
2026-07-30T12:30:22.142843+00:00,Bacterial-Spot(752),Bacterial-Spot (285).jpg,skipped,0.0000,0,
2026-07-30T12:30:22.142914+00:00,Bacterial-Spot(752),Bacterial-Spot (286).jpg,skipped,0.0000,0,
2026-07-30T12:30:22.142982+00:00,Bacterial-Spot(752),Bacterial-Spot (287).jpg,skipped,0.0000,0,
2026-07-30T12:30:22.143051+00:00,Bacterial-Spot(752),Bacterial-Spot (288).jpg,skipped,0.0000,0,
2026-07-30T12:30:22.143123+00:00,Bacterial-Spot(752),Bacterial-Spot (289).jpg,skipped,0.0000,0,
2026-07-30T12:30:22.143191+00:00,Bacterial-Spot(752),Bacterial-Spot (29).jpg,skipped,0.0000,0,
2026-07-30T12:30:22.143258+00:00,Bacterial-Spot(752),Bacterial-Spot (290).jpg,skipped,0.0000,0,
2026-07-30T12:30:22.143333+00:00,Bacterial-Spot(752),Bacterial-Spot (291).jpg,skipped,0.0000,0,
2026-07-30T12:30:22.143401+00:00,Bacterial-Spot(752),Bacterial-Spot (292).jpg,skipped,0.0000,0,
2026-07-30T12:30:22.143478+00:00,Bacterial-Spot(752),Bacterial-Spot (293).jpg,skipped,0.0000,0,
2026-07-30T12:30:22.143532+00:00,Bacterial-Spot(752),Bacterial-Spot (294).jpg,skipped,0.0000,0,
2026-07-30T12:30:22.143602+00:00,Bacterial-Spot(752),Bacterial-Spot (295).jpg,skipped,0.0000,0,
2026-07-30T12:30:22.143677+00:00,Bacterial-Spot(752),Bacterial-Spot (296).jpg,skipped,0.0000,0,
2026-07-30T12:30:22.143751+00:00,Bacterial-Spot(752),Bacterial-Spot (297).jpg,skipped,0.0000,0,
2026-07-30T12:30:22.143822+00:00,Bacterial-Spot(752),Bacterial-Spot (298).jpg,skipped,0.0000,0,
2026-07-30T12:30:22.143896+00:00,Bacterial-Spot(752),Bacterial-Spot (299).jpg,skipped,0.0000,0,
2026-07-30T12:30:22.143970+00:00,Bacterial-Spot(752),Bacterial-Spot (3).jpg,skipped,0.0000,0,
2026-07-30T12:30:22.144041+00:00,Bacterial-Spot(752),Bacterial-Spot (30).jpg,skipped,0.0000,0,
2026-07-30T12:30:22.144112+00:00,Bacterial-Spot(752),Bacterial-Spot (300).jpg,skipped,0.0000,0,
2026-07-30T12:30:22.144182+00:00,Bacterial-Spot(752),Bacterial-Spot (301).jpg,skipped,0.0000,0,
2026-07-30T12:30:22.144253+00:00,Bacterial-Spot(752),Bacterial-Spot (302).jpg,skipped,0.0000,0,
2026-07-30T12:30:22.144331+00:00,Bacterial-Spot(752),Bacterial-Spot (303).jpg,skipped,0.0000,0,
2026-07-30T12:30:22.144413+00:00,Bacterial-Spot(752),Bacterial-Spot (304).jpg,skipped,0.0000,0,
2026-07-30T12:30:22.144523+00:00,Bacterial-Spot(752),Bacterial-Spot (305).jpg,skipped,0.0000,0,
2026-07-30T12:30:22.144599+00:00,Bacterial-Spot(752),Bacterial-Spot (306).jpg,skipped,0.0000,0,
2026-07-30T12:30:22.144672+00:00,Bacterial-Spot(752),Bacterial-Spot (307).jpg,skipped,0.0000,0,
2026-07-30T12:30:22.144863+00:00,Bacterial-Spot(752),Bacterial-Spot (308).jpg,skipped,0.0000,0,
2026-07-30T12:30:22.145005+00:00,Bacterial-Spot(752),Bacterial-Spot (309).jpg,skipped,0.0000,0,
2026-07-30T12:30:22.145095+00:00,Bacterial-Spot(752),Bacterial-Spot (31).jpg,skipped,0.0000,0,
2026-07-30T12:30:22.145175+00:00,Bacterial-Spot(752),Bacterial-Spot (310).jpg,skipped,0.0000,0,
2026-07-30T12:30:22.145252+00:00,Bacterial-Spot(752),Bacterial-Spot (311).jpg,skipped,0.0000,0,
2026-07-30T12:30:22.145328+00:00,Bacterial-Spot(752),Bacterial-Spot (312).jpg,skipped,0.0000,0,
2026-07-30T12:30:22.145400+00:00,Bacterial-Spot(752),Bacterial-Spot (313).jpg,skipped,0.0000,0,
2026-07-30T12:30:22.145457+00:00,Bacterial-Spot(752),Bacterial-Spot (314).jpg,skipped,0.0000,0,
2026-07-30T12:30:22.145541+00:00,Bacterial-Spot(752),Bacterial-Spot (315).jpg,skipped,0.0000,0,
2026-07-30T12:30:22.145620+00:00,Bacterial-Spot(752),Bacterial-Spot (316).jpg,skipped,0.0000,0,
2026-07-30T12:30:22.145703+00:00,Bacterial-Spot(752),Bacterial-Spot (317).jpg,skipped,0.0000,0,
2026-07-30T12:30:22.145780+00:00,Bacterial-Spot(752),Bacterial-Spot (318).jpg,skipped,0.0000,0,
2026-07-30T12:30:22.145861+00:00,Bacterial-Spot(752),Bacterial-Spot (319).jpg,skipped,0.0000,0,
2026-07-30T12:30:22.145918+00:00,Bacterial-Spot(752),Bacterial-Spot (32).jpg,skipped,0.0000,0,
2026-07-30T12:30:22.145981+00:00,Bacterial-Spot(752),Bacterial-Spot (320).jpg,skipped,0.0000,0,
2026-07-30T12:30:22.146031+00:00,Bacterial-Spot(752),Bacterial-Spot (321).jpg,skipped,0.0000,0,
2026-07-30T12:30:22.146081+00:00,Bacterial-Spot(752),Bacterial-Spot (322).jpg,skipped,0.0000,0,
2026-07-30T12:30:22.146132+00:00,Bacterial-Spot(752),Bacterial-Spot (323).jpg,skipped,0.0000,0,
2026-07-30T12:30:22.146182+00:00,Bacterial-Spot(752),Bacterial-Spot (324).jpg,skipped,0.0000,0,
2026-07-30T12:30:22.146231+00:00,Bacterial-Spot(752),Bacterial-Spot (325).jpg,skipped,0.0000,0,
2026-07-30T12:30:22.146281+00:00,Bacterial-Spot(752),Bacterial-Spot (326).jpg,skipped,0.0000,0,
2026-07-30T12:30:22.146331+00:00,Bacterial-Spot(752),Bacterial-Spot (327).jpg,skipped,0.0000,0,
2026-07-30T12:30:22.146381+00:00,Bacterial-Spot(752),Bacterial-Spot (328).jpg,skipped,0.0000,0,
2026-07-30T12:30:22.146434+00:00,Bacterial-Spot(752),Bacterial-Spot (329).jpg,skipped,0.0000,0,
2026-07-30T12:30:22.146484+00:00,Bacterial-Spot(752),Bacterial-Spot (33).jpg,skipped,0.0000,0,
2026-07-30T12:30:22.146560+00:00,Bacterial-Spot(752),Bacterial-Spot (330).jpg,skipped,0.0000,0,
2026-07-30T12:30:22.146613+00:00,Bacterial-Spot(752),Bacterial-Spot (331).jpg,skipped,0.0000,0,
2026-07-30T12:30:22.146664+00:00,Bacterial-Spot(752),Bacterial-Spot (332).jpg,skipped,0.0000,0,
2026-07-30T12:30:22.146717+00:00,Bacterial-Spot(752),Bacterial-Spot (333).jpg,skipped,0.0000,0,
2026-07-30T12:30:22.146789+00:00,Bacterial-Spot(752),Bacterial-Spot (334).jpg,skipped,0.0000,0,
2026-07-30T12:30:22.146861+00:00,Bacterial-Spot(752),Bacterial-Spot (335).jpg,skipped,0.0000,0,
2026-07-30T12:30:22.146915+00:00,Bacterial-Spot(752),Bacterial-Spot (336).jpg,skipped,0.0000,0,
2026-07-30T12:30:22.147025+00:00,Bacterial-Spot(752),Bacterial-Spot (337).jpg,skipped,0.0000,0,
2026-07-30T12:30:22.147117+00:00,Bacterial-Spot(752),Bacterial-Spot (338).jpg,skipped,0.0000,0,
2026-07-30T12:30:22.147181+00:00,Bacterial-Spot(752),Bacterial-Spot (339).jpg,skipped,0.0000,0,
2026-07-30T12:30:22.147237+00:00,Bacterial-Spot(752),Bacterial-Spot (34).jpg,skipped,0.0000,0,
2026-07-30T12:30:22.147293+00:00,Bacterial-Spot(752),Bacterial-Spot (340).jpg,skipped,0.0000,0,
2026-07-30T12:30:22.147346+00:00,Bacterial-Spot(752),Bacterial-Spot (341).jpg,skipped,0.0000,0,
2026-07-30T12:30:22.147432+00:00,Bacterial-Spot(752),Bacterial-Spot (342).jpg,skipped,0.0000,0,
2026-07-30T12:30:22.147507+00:00,Bacterial-Spot(752),Bacterial-Spot (343).jpg,skipped,0.0000,0,
2026-07-30T12:30:22.147589+00:00,Bacterial-Spot(752),Bacterial-Spot (344).jpg,skipped,0.0000,0,
2026-07-30T12:30:22.147647+00:00,Bacterial-Spot(752),Bacterial-Spot (345).jpg,skipped,0.0000,0,
2026-07-30T12:30:22.147700+00:00,Bacterial-Spot(752),Bacterial-Spot (346).jpg,skipped,0.0000,0,
2026-07-30T12:30:22.147751+00:00,Bacterial-Spot(752),Bacterial-Spot (347).jpg,skipped,0.0000,0,
2026-07-30T12:30:22.147807+00:00,Bacterial-Spot(752),Bacterial-Spot (348).jpg,skipped,0.0000,0,
2026-07-30T12:30:22.147857+00:00,Bacterial-Spot(752),Bacterial-Spot (349).jpg,skipped,0.0000,0,
2026-07-30T12:30:22.147907+00:00,Bacterial-Spot(752),Bacterial-Spot (35).jpg,skipped,0.0000,0,
2026-07-30T12:30:22.147957+00:00,Bacterial-Spot(752),Bacterial-Spot (350).jpg,skipped,0.0000,0,
2026-07-30T12:30:22.148006+00:00,Bacterial-Spot(752),Bacterial-Spot (351).jpg,skipped,0.0000,0,
2026-07-30T12:30:22.148055+00:00,Bacterial-Spot(752),Bacterial-Spot (352).jpg,skipped,0.0000,0,
2026-07-30T12:30:22.148105+00:00,Bacterial-Spot(752),Bacterial-Spot (353).jpg,skipped,0.0000,0,
2026-07-30T12:30:22.148153+00:00,Bacterial-Spot(752),Bacterial-Spot (354).jpg,skipped,0.0000,0,
2026-07-30T12:30:22.148202+00:00,Bacterial-Spot(752),Bacterial-Spot (355).jpg,skipped,0.0000,0,
2026-07-30T12:30:22.148255+00:00,Bacterial-Spot(752),Bacterial-Spot (356).jpg,skipped,0.0000,0,
2026-07-30T12:30:22.148305+00:00,Bacterial-Spot(752),Bacterial-Spot (357).jpg,skipped,0.0000,0,
2026-07-30T12:30:22.148358+00:00,Bacterial-Spot(752),Bacterial-Spot (358).jpg,skipped,0.0000,0,
2026-07-30T12:30:22.148407+00:00,Bacterial-Spot(752),Bacterial-Spot (359).jpg,skipped,0.0000,0,
2026-07-30T12:30:22.148457+00:00,Bacterial-Spot(752),Bacterial-Spot (36).jpg,skipped,0.0000,0,
2026-07-30T12:30:22.148506+00:00,Bacterial-Spot(752),Bacterial-Spot (360).jpg,skipped,0.0000,0,
2026-07-30T12:30:22.148555+00:00,Bacterial-Spot(752),Bacterial-Spot (361).jpg,skipped,0.0000,0,
2026-07-30T12:30:22.148604+00:00,Bacterial-Spot(752),Bacterial-Spot (362).jpg,skipped,0.0000,0,
2026-07-30T12:30:22.148653+00:00,Bacterial-Spot(752),Bacterial-Spot (363).jpg,skipped,0.0000,0,
2026-07-30T12:30:22.148702+00:00,Bacterial-Spot(752),Bacterial-Spot (364).jpg,skipped,0.0000,0,
2026-07-30T12:30:22.148752+00:00,Bacterial-Spot(752),Bacterial-Spot (365).jpg,skipped,0.0000,0,
2026-07-30T12:30:22.148801+00:00,Bacterial-Spot(752),Bacterial-Spot (366).jpg,skipped,0.0000,0,
2026-07-30T12:30:22.148849+00:00,Bacterial-Spot(752),Bacterial-Spot (367).jpg,skipped,0.0000,0,
2026-07-30T12:30:22.148900+00:00,Bacterial-Spot(752),Bacterial-Spot (368).jpg,skipped,0.0000,0,
2026-07-30T12:30:22.148950+00:00,Bacterial-Spot(752),Bacterial-Spot (369).jpg,skipped,0.0000,0,
2026-07-30T12:30:22.148999+00:00,Bacterial-Spot(752),Bacterial-Spot (37).jpg,skipped,0.0000,0,
2026-07-30T12:30:22.149047+00:00,Bacterial-Spot(752),Bacterial-Spot (370).jpg,skipped,0.0000,0,
2026-07-30T12:30:22.149096+00:00,Bacterial-Spot(752),Bacterial-Spot (371).jpg,skipped,0.0000,0,
2026-07-30T12:30:22.149149+00:00,Bacterial-Spot(752),Bacterial-Spot (372).jpg,skipped,0.0000,0,
2026-07-30T12:30:22.149198+00:00,Bacterial-Spot(752),Bacterial-Spot (373).jpg,skipped,0.0000,0,
2026-07-30T12:30:22.149248+00:00,Bacterial-Spot(752),Bacterial-Spot (374).jpg,skipped,0.0000,0,
2026-07-30T12:30:22.149297+00:00,Bacterial-Spot(752),Bacterial-Spot (375).jpg,skipped,0.0000,0,
2026-07-30T12:30:22.149346+00:00,Bacterial-Spot(752),Bacterial-Spot (376).jpg,skipped,0.0000,0,
2026-07-30T12:30:22.149395+00:00,Bacterial-Spot(752),Bacterial-Spot (377).jpg,skipped,0.0000,0,
2026-07-30T12:30:22.149444+00:00,Bacterial-Spot(752),Bacterial-Spot (378).jpg,skipped,0.0000,0,
2026-07-30T12:30:22.149513+00:00,Bacterial-Spot(752),Bacterial-Spot (379).jpg,skipped,0.0000,0,
2026-07-30T12:30:22.149565+00:00,Bacterial-Spot(752),Bacterial-Spot (38).jpg,skipped,0.0000,0,
2026-07-30T12:30:22.149615+00:00,Bacterial-Spot(752),Bacterial-Spot (380).jpg,skipped,0.0000,0,
2026-07-30T12:30:22.149664+00:00,Bacterial-Spot(752),Bacterial-Spot (381).jpg,skipped,0.0000,0,
2026-07-30T12:30:22.149713+00:00,Bacterial-Spot(752),Bacterial-Spot (382).jpg,skipped,0.0000,0,
2026-07-30T12:30:22.149765+00:00,Bacterial-Spot(752),Bacterial-Spot (383).jpg,skipped,0.0000,0,
2026-07-30T12:30:22.149814+00:00,Bacterial-Spot(752),Bacterial-Spot (384).jpg,skipped,0.0000,0,
2026-07-30T12:30:22.149863+00:00,Bacterial-Spot(752),Bacterial-Spot (385).jpg,skipped,0.0000,0,
2026-07-30T12:30:22.149912+00:00,Bacterial-Spot(752),Bacterial-Spot (386).jpg,skipped,0.0000,0,
2026-07-30T12:30:22.149961+00:00,Bacterial-Spot(752),Bacterial-Spot (387).jpg,skipped,0.0000,0,
2026-07-30T12:30:22.150009+00:00,Bacterial-Spot(752),Bacterial-Spot (388).jpg,skipped,0.0000,0,
2026-07-30T12:30:22.150058+00:00,Bacterial-Spot(752),Bacterial-Spot (389).jpg,skipped,0.0000,0,
2026-07-30T12:30:22.150106+00:00,Bacterial-Spot(752),Bacterial-Spot (39).jpg,skipped,0.0000,0,
2026-07-30T12:30:22.150155+00:00,Bacterial-Spot(752),Bacterial-Spot (390).jpg,skipped,0.0000,0,
2026-07-30T12:30:22.150204+00:00,Bacterial-Spot(752),Bacterial-Spot (391).jpg,skipped,0.0000,0,
2026-07-30T12:30:22.150252+00:00,Bacterial-Spot(752),Bacterial-Spot (392).jpg,skipped,0.0000,0,
2026-07-30T12:30:22.150301+00:00,Bacterial-Spot(752),Bacterial-Spot (393).jpg,skipped,0.0000,0,
2026-07-30T12:30:22.150351+00:00,Bacterial-Spot(752),Bacterial-Spot (394).jpg,skipped,0.0000,0,
2026-07-30T12:30:22.150400+00:00,Bacterial-Spot(752),Bacterial-Spot (395).jpg,skipped,0.0000,0,
2026-07-30T12:30:22.150449+00:00,Bacterial-Spot(752),Bacterial-Spot (396).jpg,skipped,0.0000,0,
2026-07-30T12:30:22.150498+00:00,Bacterial-Spot(752),Bacterial-Spot (397).jpg,skipped,0.0000,0,
2026-07-30T12:30:22.150548+00:00,Bacterial-Spot(752),Bacterial-Spot (398).jpg,skipped,0.0000,0,
2026-07-30T12:30:22.150598+00:00,Bacterial-Spot(752),Bacterial-Spot (399).jpg,skipped,0.0000,0,
2026-07-30T12:30:22.150646+00:00,Bacterial-Spot(752),Bacterial-Spot (4).jpg,skipped,0.0000,0,
2026-07-30T12:30:22.150694+00:00,Bacterial-Spot(752),Bacterial-Spot (40).jpg,skipped,0.0000,0,
2026-07-30T12:30:22.150743+00:00,Bacterial-Spot(752),Bacterial-Spot (400).jpg,skipped,0.0000,0,
2026-07-30T12:30:22.150793+00:00,Bacterial-Spot(752),Bacterial-Spot (401).jpg,skipped,0.0000,0,
2026-07-30T12:30:22.150843+00:00,Bacterial-Spot(752),Bacterial-Spot (402).jpg,skipped,0.0000,0,
2026-07-30T12:30:22.150892+00:00,Bacterial-Spot(752),Bacterial-Spot (403).jpg,skipped,0.0000,0,
2026-07-30T12:30:22.150944+00:00,Bacterial-Spot(752),Bacterial-Spot (404).jpg,skipped,0.0000,0,
2026-07-30T12:30:22.151015+00:00,Bacterial-Spot(752),Bacterial-Spot (405).jpg,skipped,0.0000,0,
2026-07-30T12:30:22.151088+00:00,Bacterial-Spot(752),Bacterial-Spot (406).jpg,skipped,0.0000,0,
2026-07-30T12:30:22.151140+00:00,Bacterial-Spot(752),Bacterial-Spot (407).jpg,skipped,0.0000,0,
2026-07-30T12:30:22.151190+00:00,Bacterial-Spot(752),Bacterial-Spot (408).jpg,skipped,0.0000,0,
2026-07-30T12:30:22.151238+00:00,Bacterial-Spot(752),Bacterial-Spot (409).jpg,skipped,0.0000,0,
2026-07-30T12:30:22.151288+00:00,Bacterial-Spot(752),Bacterial-Spot (41).jpg,skipped,0.0000,0,
2026-07-30T12:30:22.151337+00:00,Bacterial-Spot(752),Bacterial-Spot (410).jpg,skipped,0.0000,0,
2026-07-30T12:30:22.151386+00:00,Bacterial-Spot(752),Bacterial-Spot (411).jpg,skipped,0.0000,0,
2026-07-30T12:30:22.151434+00:00,Bacterial-Spot(752),Bacterial-Spot (412).jpg,skipped,0.0000,0,
2026-07-30T12:30:22.151483+00:00,Bacterial-Spot(752),Bacterial-Spot (413).jpg,skipped,0.0000,0,
2026-07-30T12:30:22.151532+00:00,Bacterial-Spot(752),Bacterial-Spot (414).jpg,skipped,0.0000,0,
2026-07-30T12:30:22.151625+00:00,Bacterial-Spot(752),Bacterial-Spot (415).jpg,skipped,0.0000,0,
2026-07-30T12:30:22.151701+00:00,Bacterial-Spot(752),Bacterial-Spot (416).jpg,skipped,0.0000,0,
2026-07-30T12:30:22.151759+00:00,Bacterial-Spot(752),Bacterial-Spot (417).jpg,skipped,0.0000,0,
2026-07-30T12:30:22.151812+00:00,Bacterial-Spot(752),Bacterial-Spot (418).jpg,skipped,0.0000,0,
2026-07-30T12:30:22.151865+00:00,Bacterial-Spot(752),Bacterial-Spot (419).jpg,skipped,0.0000,0,
2026-07-30T12:30:22.151937+00:00,Bacterial-Spot(752),Bacterial-Spot (42).jpg,skipped,0.0000,0,
2026-07-30T12:30:22.152042+00:00,Bacterial-Spot(752),Bacterial-Spot (420).jpg,skipped,0.0000,0,
2026-07-30T12:30:22.152105+00:00,Bacterial-Spot(752),Bacterial-Spot (421).jpg,skipped,0.0000,0,
2026-07-30T12:30:22.152214+00:00,Bacterial-Spot(752),Bacterial-Spot (422).jpg,skipped,0.0000,0,
2026-07-30T12:30:22.152362+00:00,Bacterial-Spot(752),Bacterial-Spot (423).jpg,skipped,0.0000,0,
2026-07-30T12:30:22.152453+00:00,Bacterial-Spot(752),Bacterial-Spot (424).jpg,skipped,0.0000,0,
2026-07-30T12:30:22.152537+00:00,Bacterial-Spot(752),Bacterial-Spot (425).jpg,skipped,0.0000,0,
2026-07-30T12:30:22.152665+00:00,Bacterial-Spot(752),Bacterial-Spot (426).jpg,skipped,0.0000,0,
2026-07-30T12:30:22.152730+00:00,Bacterial-Spot(752),Bacterial-Spot (427).jpg,skipped,0.0000,0,
2026-07-30T12:30:22.152785+00:00,Bacterial-Spot(752),Bacterial-Spot (428).jpg,skipped,0.0000,0,
2026-07-30T12:30:22.152837+00:00,Bacterial-Spot(752),Bacterial-Spot (429).jpg,skipped,0.0000,0,
2026-07-30T12:30:22.152906+00:00,Bacterial-Spot(752),Bacterial-Spot (43).jpg,skipped,0.0000,0,
2026-07-30T12:30:22.153018+00:00,Bacterial-Spot(752),Bacterial-Spot (430).jpg,skipped,0.0000,0,
2026-07-30T12:30:22.153082+00:00,Bacterial-Spot(752),Bacterial-Spot (431).jpg,skipped,0.0000,0,
2026-07-30T12:30:22.153138+00:00,Bacterial-Spot(752),Bacterial-Spot (432).jpg,skipped,0.0000,0,
2026-07-30T12:30:22.153190+00:00,Bacterial-Spot(752),Bacterial-Spot (433).jpg,skipped,0.0000,0,
2026-07-30T12:30:22.153242+00:00,Bacterial-Spot(752),Bacterial-Spot (434).jpg,skipped,0.0000,0,
2026-07-30T12:30:22.153291+00:00,Bacterial-Spot(752),Bacterial-Spot (435).jpg,skipped,0.0000,0,
2026-07-30T12:30:22.153341+00:00,Bacterial-Spot(752),Bacterial-Spot (436).jpg,skipped,0.0000,0,
2026-07-30T12:30:22.153391+00:00,Bacterial-Spot(752),Bacterial-Spot (437).jpg,skipped,0.0000,0,
2026-07-30T12:30:22.153440+00:00,Bacterial-Spot(752),Bacterial-Spot (438).jpg,skipped,0.0000,0,
2026-07-30T12:30:22.153490+00:00,Bacterial-Spot(752),Bacterial-Spot (439).jpg,skipped,0.0000,0,
2026-07-30T12:30:22.153566+00:00,Bacterial-Spot(752),Bacterial-Spot (44).jpg,skipped,0.0000,0,
2026-07-30T12:30:22.153638+00:00,Bacterial-Spot(752),Bacterial-Spot (440).jpg,skipped,0.0000,0,
2026-07-30T12:30:22.153690+00:00,Bacterial-Spot(752),Bacterial-Spot (441).jpg,skipped,0.0000,0,
2026-07-30T12:30:22.153757+00:00,Bacterial-Spot(752),Bacterial-Spot (442).jpg,skipped,0.0000,0,
2026-07-30T12:30:22.153823+00:00,Bacterial-Spot(752),Bacterial-Spot (443).jpg,skipped,0.0000,0,
2026-07-30T12:30:22.153874+00:00,Bacterial-Spot(752),Bacterial-Spot (444).jpg,skipped,0.0000,0,
2026-07-30T12:30:22.153943+00:00,Bacterial-Spot(752),Bacterial-Spot (445).jpg,skipped,0.0000,0,
2026-07-30T12:30:22.153995+00:00,Bacterial-Spot(752),Bacterial-Spot (446).jpg,skipped,0.0000,0,
2026-07-30T12:30:22.154045+00:00,Bacterial-Spot(752),Bacterial-Spot (447).jpg,skipped,0.0000,0,
2026-07-30T12:30:22.154094+00:00,Bacterial-Spot(752),Bacterial-Spot (448).jpg,skipped,0.0000,0,
2026-07-30T12:30:22.154143+00:00,Bacterial-Spot(752),Bacterial-Spot (449).jpg,skipped,0.0000,0,
2026-07-30T12:30:22.154192+00:00,Bacterial-Spot(752),Bacterial-Spot (45).jpg,skipped,0.0000,0,
2026-07-30T12:30:22.154241+00:00,Bacterial-Spot(752),Bacterial-Spot (450).jpg,skipped,0.0000,0,
2026-07-30T12:30:22.154290+00:00,Bacterial-Spot(752),Bacterial-Spot (451).jpg,skipped,0.0000,0,
2026-07-30T12:30:22.154338+00:00,Bacterial-Spot(752),Bacterial-Spot (452).jpg,skipped,0.0000,0,
2026-07-30T12:30:22.154387+00:00,Bacterial-Spot(752),Bacterial-Spot (453).jpg,skipped,0.0000,0,
2026-07-30T12:30:22.154436+00:00,Bacterial-Spot(752),Bacterial-Spot (454).jpg,skipped,0.0000,0,
2026-07-30T12:30:22.154484+00:00,Bacterial-Spot(752),Bacterial-Spot (455).jpg,skipped,0.0000,0,
2026-07-30T12:30:22.154533+00:00,Bacterial-Spot(752),Bacterial-Spot (456).jpg,skipped,0.0000,0,
2026-07-30T12:30:22.154581+00:00,Bacterial-Spot(752),Bacterial-Spot (457).jpg,skipped,0.0000,0,
2026-07-30T12:30:22.154629+00:00,Bacterial-Spot(752),Bacterial-Spot (458).jpg,skipped,0.0000,0,
2026-07-30T12:30:22.154696+00:00,Bacterial-Spot(752),Bacterial-Spot (459).jpg,skipped,0.0000,0,
2026-07-30T12:30:22.154748+00:00,Bacterial-Spot(752),Bacterial-Spot (46).jpg,skipped,0.0000,0,
2026-07-30T12:30:22.154796+00:00,Bacterial-Spot(752),Bacterial-Spot (460).jpg,skipped,0.0000,0,
2026-07-30T12:30:22.154849+00:00,Bacterial-Spot(752),Bacterial-Spot (461).jpg,skipped,0.0000,0,
2026-07-30T12:30:22.154898+00:00,Bacterial-Spot(752),Bacterial-Spot (462).jpg,skipped,0.0000,0,
2026-07-30T12:30:22.154951+00:00,Bacterial-Spot(752),Bacterial-Spot (463).jpg,skipped,0.0000,0,
2026-07-30T12:30:22.155001+00:00,Bacterial-Spot(752),Bacterial-Spot (464).jpg,skipped,0.0000,0,
2026-07-30T12:30:22.155049+00:00,Bacterial-Spot(752),Bacterial-Spot (465).jpg,skipped,0.0000,0,
2026-07-30T12:30:22.155097+00:00,Bacterial-Spot(752),Bacterial-Spot (466).jpg,skipped,0.0000,0,
2026-07-30T12:30:22.155145+00:00,Bacterial-Spot(752),Bacterial-Spot (467).jpg,skipped,0.0000,0,
2026-07-30T12:30:22.155193+00:00,Bacterial-Spot(752),Bacterial-Spot (468).jpg,skipped,0.0000,0,
2026-07-30T12:30:22.155242+00:00,Bacterial-Spot(752),Bacterial-Spot (469).jpg,skipped,0.0000,0,
2026-07-30T12:30:22.155290+00:00,Bacterial-Spot(752),Bacterial-Spot (47).jpg,skipped,0.0000,0,
2026-07-30T12:30:22.155339+00:00,Bacterial-Spot(752),Bacterial-Spot (470).jpg,skipped,0.0000,0,
2026-07-30T12:30:22.155405+00:00,Bacterial-Spot(752),Bacterial-Spot (471).jpg,skipped,0.0000,0,
2026-07-30T12:30:22.155456+00:00,Bacterial-Spot(752),Bacterial-Spot (472).jpg,skipped,0.0000,0,
2026-07-30T12:30:22.155505+00:00,Bacterial-Spot(752),Bacterial-Spot (473).jpg,skipped,0.0000,0,
2026-07-30T12:30:22.155553+00:00,Bacterial-Spot(752),Bacterial-Spot (474).jpg,skipped,0.0000,0,
2026-07-30T12:30:22.155602+00:00,Bacterial-Spot(752),Bacterial-Spot (475).jpg,skipped,0.0000,0,
2026-07-30T12:30:22.155683+00:00,Bacterial-Spot(752),Bacterial-Spot (476).jpg,skipped,0.0000,0,
2026-07-30T12:30:22.155832+00:00,Bacterial-Spot(752),Bacterial-Spot (477).jpg,skipped,0.0000,0,
2026-07-30T12:30:22.155902+00:00,Bacterial-Spot(752),Bacterial-Spot (478).jpg,skipped,0.0000,0,
2026-07-30T12:30:22.155962+00:00,Bacterial-Spot(752),Bacterial-Spot (479).jpg,skipped,0.0000,0,
2026-07-30T12:30:22.156017+00:00,Bacterial-Spot(752),Bacterial-Spot (48).jpg,skipped,0.0000,0,
2026-07-30T12:30:22.156070+00:00,Bacterial-Spot(752),Bacterial-Spot (480).jpg,skipped,0.0000,0,
2026-07-30T12:30:22.156125+00:00,Bacterial-Spot(752),Bacterial-Spot (481).jpg,skipped,0.0000,0,
2026-07-30T12:30:22.156177+00:00,Bacterial-Spot(752),Bacterial-Spot (482).jpg,skipped,0.0000,0,
2026-07-30T12:30:22.156230+00:00,Bacterial-Spot(752),Bacterial-Spot (483).jpg,skipped,0.0000,0,
2026-07-30T12:30:22.156286+00:00,Bacterial-Spot(752),Bacterial-Spot (484).jpg,skipped,0.0000,0,
2026-07-30T12:30:22.156339+00:00,Bacterial-Spot(752),Bacterial-Spot (485).jpg,skipped,0.0000,0,
2026-07-30T12:30:22.156390+00:00,Bacterial-Spot(752),Bacterial-Spot (486).jpg,skipped,0.0000,0,
2026-07-30T12:30:22.156441+00:00,Bacterial-Spot(752),Bacterial-Spot (487).jpg,skipped,0.0000,0,
2026-07-30T12:30:22.156492+00:00,Bacterial-Spot(752),Bacterial-Spot (488).jpg,skipped,0.0000,0,
2026-07-30T12:30:22.156544+00:00,Bacterial-Spot(752),Bacterial-Spot (489).jpg,skipped,0.0000,0,
2026-07-30T12:30:22.156596+00:00,Bacterial-Spot(752),Bacterial-Spot (49).jpg,skipped,0.0000,0,
2026-07-30T12:30:22.156648+00:00,Bacterial-Spot(752),Bacterial-Spot (490).jpg,skipped,0.0000,0,
2026-07-30T12:30:22.156700+00:00,Bacterial-Spot(752),Bacterial-Spot (491).jpg,skipped,0.0000,0,
2026-07-30T12:30:22.156752+00:00,Bacterial-Spot(752),Bacterial-Spot (492).jpg,skipped,0.0000,0,
2026-07-30T12:30:22.156802+00:00,Bacterial-Spot(752),Bacterial-Spot (493).jpg,skipped,0.0000,0,
2026-07-30T12:30:22.156854+00:00,Bacterial-Spot(752),Bacterial-Spot (494).jpg,skipped,0.0000,0,
2026-07-30T12:30:22.156913+00:00,Bacterial-Spot(752),Bacterial-Spot (495).jpg,skipped,0.0000,0,
2026-07-30T12:30:22.156963+00:00,Bacterial-Spot(752),Bacterial-Spot (496).jpg,skipped,0.0000,0,
2026-07-30T12:30:22.157014+00:00,Bacterial-Spot(752),Bacterial-Spot (497).jpg,skipped,0.0000,0,
2026-07-30T12:30:22.157063+00:00,Bacterial-Spot(752),Bacterial-Spot (498).jpg,skipped,0.0000,0,
2026-07-30T12:30:22.157156+00:00,Bacterial-Spot(752),Bacterial-Spot (499).jpg,skipped,0.0000,0,
2026-07-30T12:30:22.157210+00:00,Bacterial-Spot(752),Bacterial-Spot (5).jpg,skipped,0.0000,0,
2026-07-30T12:30:22.157260+00:00,Bacterial-Spot(752),Bacterial-Spot (50).jpg,skipped,0.0000,0,
2026-07-30T12:30:22.157329+00:00,Bacterial-Spot(752),Bacterial-Spot (500).jpg,skipped,0.0000,0,
2026-07-30T12:30:22.157398+00:00,Bacterial-Spot(752),Bacterial-Spot (501).jpg,skipped,0.0000,0,
2026-07-30T12:30:22.157451+00:00,Bacterial-Spot(752),Bacterial-Spot (502).jpg,skipped,0.0000,0,
2026-07-30T12:30:22.157501+00:00,Bacterial-Spot(752),Bacterial-Spot (503).jpg,skipped,0.0000,0,
2026-07-30T12:30:22.157550+00:00,Bacterial-Spot(752),Bacterial-Spot (504).jpg,skipped,0.0000,0,
2026-07-30T12:30:22.157600+00:00,Bacterial-Spot(752),Bacterial-Spot (505).jpg,skipped,0.0000,0,
2026-07-30T12:30:22.157649+00:00,Bacterial-Spot(752),Bacterial-Spot (506).jpg,skipped,0.0000,0,
2026-07-30T12:30:22.157699+00:00,Bacterial-Spot(752),Bacterial-Spot (507).jpg,skipped,0.0000,0,
2026-07-30T12:30:22.157748+00:00,Bacterial-Spot(752),Bacterial-Spot (508).jpg,skipped,0.0000,0,
2026-07-30T12:30:22.157797+00:00,Bacterial-Spot(752),Bacterial-Spot (509).jpg,skipped,0.0000,0,
2026-07-30T12:30:22.157864+00:00,Bacterial-Spot(752),Bacterial-Spot (51).jpg,skipped,0.0000,0,
2026-07-30T12:30:22.157915+00:00,Bacterial-Spot(752),Bacterial-Spot (510).jpg,skipped,0.0000,0,
2026-07-30T12:30:22.157964+00:00,Bacterial-Spot(752),Bacterial-Spot (511).jpg,skipped,0.0000,0,
2026-07-30T12:30:22.158013+00:00,Bacterial-Spot(752),Bacterial-Spot (512).jpg,skipped,0.0000,0,
2026-07-30T12:30:22.158063+00:00,Bacterial-Spot(752),Bacterial-Spot (513).jpg,skipped,0.0000,0,
2026-07-30T12:30:22.158112+00:00,Bacterial-Spot(752),Bacterial-Spot (514).jpg,skipped,0.0000,0,
2026-07-30T12:30:22.158161+00:00,Bacterial-Spot(752),Bacterial-Spot (515).jpg,skipped,0.0000,0,
2026-07-30T12:30:22.158214+00:00,Bacterial-Spot(752),Bacterial-Spot (516).jpg,skipped,0.0000,0,
2026-07-30T12:30:22.158263+00:00,Bacterial-Spot(752),Bacterial-Spot (517).jpg,skipped,0.0000,0,
2026-07-30T12:30:22.158312+00:00,Bacterial-Spot(752),Bacterial-Spot (518).jpg,skipped,0.0000,0,
2026-07-30T12:30:22.158361+00:00,Bacterial-Spot(752),Bacterial-Spot (519).jpg,skipped,0.0000,0,
2026-07-30T12:30:22.158412+00:00,Bacterial-Spot(752),Bacterial-Spot (52).jpg,skipped,0.0000,0,
2026-07-30T12:30:22.158460+00:00,Bacterial-Spot(752),Bacterial-Spot (520).jpg,skipped,0.0000,0,
2026-07-30T12:30:22.158509+00:00,Bacterial-Spot(752),Bacterial-Spot (521).jpg,skipped,0.0000,0,
2026-07-30T12:30:22.158558+00:00,Bacterial-Spot(752),Bacterial-Spot (522).jpg,skipped,0.0000,0,
2026-07-30T12:30:22.158607+00:00,Bacterial-Spot(752),Bacterial-Spot (523).jpg,skipped,0.0000,0,
2026-07-30T12:30:22.158657+00:00,Bacterial-Spot(752),Bacterial-Spot (524).jpg,skipped,0.0000,0,
2026-07-30T12:30:22.158706+00:00,Bacterial-Spot(752),Bacterial-Spot (525).jpg,skipped,0.0000,0,
2026-07-30T12:30:22.158755+00:00,Bacterial-Spot(752),Bacterial-Spot (526).jpg,skipped,0.0000,0,
2026-07-30T12:30:22.158803+00:00,Bacterial-Spot(752),Bacterial-Spot (527).jpg,skipped,0.0000,0,
2026-07-30T12:30:22.158852+00:00,Bacterial-Spot(752),Bacterial-Spot (528).jpg,skipped,0.0000,0,
2026-07-30T12:30:22.158901+00:00,Bacterial-Spot(752),Bacterial-Spot (529).jpg,skipped,0.0000,0,
2026-07-30T12:30:22.158950+00:00,Bacterial-Spot(752),Bacterial-Spot (53).jpg,skipped,0.0000,0,
2026-07-30T12:30:22.158999+00:00,Bacterial-Spot(752),Bacterial-Spot (530).jpg,skipped,0.0000,0,
2026-07-30T12:30:22.159069+00:00,Bacterial-Spot(752),Bacterial-Spot (531).jpg,skipped,0.0000,0,
2026-07-30T12:30:22.159122+00:00,Bacterial-Spot(752),Bacterial-Spot (532).jpg,skipped,0.0000,0,
2026-07-30T12:30:22.159171+00:00,Bacterial-Spot(752),Bacterial-Spot (533).jpg,skipped,0.0000,0,
2026-07-30T12:30:22.159220+00:00,Bacterial-Spot(752),Bacterial-Spot (534).jpg,skipped,0.0000,0,
2026-07-30T12:30:22.159269+00:00,Bacterial-Spot(752),Bacterial-Spot (535).jpg,skipped,0.0000,0,
2026-07-30T12:30:22.159318+00:00,Bacterial-Spot(752),Bacterial-Spot (536).jpg,skipped,0.0000,0,
2026-07-30T12:30:22.159367+00:00,Bacterial-Spot(752),Bacterial-Spot (537).jpg,skipped,0.0000,0,
2026-07-30T12:30:22.159416+00:00,Bacterial-Spot(752),Bacterial-Spot (538).jpg,skipped,0.0000,0,
2026-07-30T12:30:22.159465+00:00,Bacterial-Spot(752),Bacterial-Spot (539).jpg,skipped,0.0000,0,
2026-07-30T12:30:22.159514+00:00,Bacterial-Spot(752),Bacterial-Spot (54).jpg,skipped,0.0000,0,
2026-07-30T12:30:22.159563+00:00,Bacterial-Spot(752),Bacterial-Spot (540).jpg,skipped,0.0000,0,
2026-07-30T12:30:22.159611+00:00,Bacterial-Spot(752),Bacterial-Spot (541).jpg,skipped,0.0000,0,
2026-07-30T12:30:22.159659+00:00,Bacterial-Spot(752),Bacterial-Spot (542).jpg,skipped,0.0000,0,
2026-07-30T12:30:22.159707+00:00,Bacterial-Spot(752),Bacterial-Spot (543).jpg,skipped,0.0000,0,
2026-07-30T12:30:22.159756+00:00,Bacterial-Spot(752),Bacterial-Spot (544).jpg,skipped,0.0000,0,
2026-07-30T12:30:22.159805+00:00,Bacterial-Spot(752),Bacterial-Spot (545).jpg,skipped,0.0000,0,
2026-07-30T12:30:22.159853+00:00,Bacterial-Spot(752),Bacterial-Spot (546).jpg,skipped,0.0000,0,
2026-07-30T12:30:22.159901+00:00,Bacterial-Spot(752),Bacterial-Spot (547).jpg,skipped,0.0000,0,
2026-07-30T12:30:22.159950+00:00,Bacterial-Spot(752),Bacterial-Spot (548).jpg,skipped,0.0000,0,
2026-07-30T12:30:22.159999+00:00,Bacterial-Spot(752),Bacterial-Spot (549).jpg,skipped,0.0000,0,
2026-07-30T12:30:22.160047+00:00,Bacterial-Spot(752),Bacterial-Spot (55).jpg,skipped,0.0000,0,
2026-07-30T12:30:22.160096+00:00,Bacterial-Spot(752),Bacterial-Spot (550).jpg,skipped,0.0000,0,
2026-07-30T12:30:22.160145+00:00,Bacterial-Spot(752),Bacterial-Spot (551).jpg,skipped,0.0000,0,
2026-07-30T12:30:22.160193+00:00,Bacterial-Spot(752),Bacterial-Spot (552).jpg,skipped,0.0000,0,
2026-07-30T12:30:22.160241+00:00,Bacterial-Spot(752),Bacterial-Spot (553).jpg,skipped,0.0000,0,
2026-07-30T12:30:22.160290+00:00,Bacterial-Spot(752),Bacterial-Spot (554).jpg,skipped,0.0000,0,
2026-07-30T12:30:22.160339+00:00,Bacterial-Spot(752),Bacterial-Spot (555).jpg,skipped,0.0000,0,
2026-07-30T12:30:22.160388+00:00,Bacterial-Spot(752),Bacterial-Spot (556).jpg,skipped,0.0000,0,
2026-07-30T12:30:22.160436+00:00,Bacterial-Spot(752),Bacterial-Spot (557).jpg,skipped,0.0000,0,
2026-07-30T12:30:22.160487+00:00,Bacterial-Spot(752),Bacterial-Spot (558).jpg,skipped,0.0000,0,
2026-07-30T12:30:22.160536+00:00,Bacterial-Spot(752),Bacterial-Spot (559).jpg,skipped,0.0000,0,
2026-07-30T12:30:22.160585+00:00,Bacterial-Spot(752),Bacterial-Spot (56).jpg,skipped,0.0000,0,
2026-07-30T12:30:22.160633+00:00,Bacterial-Spot(752),Bacterial-Spot (560).jpg,skipped,0.0000,0,
2026-07-30T12:30:22.160682+00:00,Bacterial-Spot(752),Bacterial-Spot (561).jpg,skipped,0.0000,0,
2026-07-30T12:30:22.160731+00:00,Bacterial-Spot(752),Bacterial-Spot (562).jpg,skipped,0.0000,0,
2026-07-30T12:30:22.160779+00:00,Bacterial-Spot(752),Bacterial-Spot (563).jpg,skipped,0.0000,0,
2026-07-30T12:30:22.160828+00:00,Bacterial-Spot(752),Bacterial-Spot (564).jpg,skipped,0.0000,0,
2026-07-30T12:30:22.160876+00:00,Bacterial-Spot(752),Bacterial-Spot (565).jpg,skipped,0.0000,0,
2026-07-30T12:30:22.160925+00:00,Bacterial-Spot(752),Bacterial-Spot (566).jpg,skipped,0.0000,0,
2026-07-30T12:30:22.160975+00:00,Bacterial-Spot(752),Bacterial-Spot (567).jpg,skipped,0.0000,0,
2026-07-30T12:30:22.161024+00:00,Bacterial-Spot(752),Bacterial-Spot (568).JPG,skipped,0.0000,0,
2026-07-30T12:30:22.161073+00:00,Bacterial-Spot(752),Bacterial-Spot (569).JPG,skipped,0.0000,0,
2026-07-30T12:30:22.161122+00:00,Bacterial-Spot(752),Bacterial-Spot (57).jpg,skipped,0.0000,0,
2026-07-30T12:30:22.161171+00:00,Bacterial-Spot(752),Bacterial-Spot (570).jpg,skipped,0.0000,0,
2026-07-30T12:30:22.161220+00:00,Bacterial-Spot(752),Bacterial-Spot (571).jpg,skipped,0.0000,0,
2026-07-30T12:30:22.161269+00:00,Bacterial-Spot(752),Bacterial-Spot (572).jpg,skipped,0.0000,0,
2026-07-30T12:30:22.161321+00:00,Bacterial-Spot(752),Bacterial-Spot (573).jpg,skipped,0.0000,0,
2026-07-30T12:30:22.161374+00:00,Bacterial-Spot(752),Bacterial-Spot (574).jpg,skipped,0.0000,0,
2026-07-30T12:30:22.161425+00:00,Bacterial-Spot(752),Bacterial-Spot (575).jpg,skipped,0.0000,0,
2026-07-30T12:30:22.161473+00:00,Bacterial-Spot(752),Bacterial-Spot (576).jpg,skipped,0.0000,0,
2026-07-30T12:30:22.161522+00:00,Bacterial-Spot(752),Bacterial-Spot (577).jpg,skipped,0.0000,0,
2026-07-30T12:30:22.161572+00:00,Bacterial-Spot(752),Bacterial-Spot (578).jpg,skipped,0.0000,0,
2026-07-30T12:30:22.161621+00:00,Bacterial-Spot(752),Bacterial-Spot (579).jpg,skipped,0.0000,0,
2026-07-30T12:30:22.161670+00:00,Bacterial-Spot(752),Bacterial-Spot (58).jpg,skipped,0.0000,0,
2026-07-30T12:30:22.161719+00:00,Bacterial-Spot(752),Bacterial-Spot (580).jpg,skipped,0.0000,0,
2026-07-30T12:30:22.161768+00:00,Bacterial-Spot(752),Bacterial-Spot (581).jpg,skipped,0.0000,0,
2026-07-30T12:30:22.161817+00:00,Bacterial-Spot(752),Bacterial-Spot (582).jpg,skipped,0.0000,0,
2026-07-30T12:30:22.161866+00:00,Bacterial-Spot(752),Bacterial-Spot (583).jpg,skipped,0.0000,0,
2026-07-30T12:30:22.161915+00:00,Bacterial-Spot(752),Bacterial-Spot (584).jpg,skipped,0.0000,0,
2026-07-30T12:30:22.161964+00:00,Bacterial-Spot(752),Bacterial-Spot (585).jpg,skipped,0.0000,0,
2026-07-30T12:30:22.162013+00:00,Bacterial-Spot(752),Bacterial-Spot (586).jpg,skipped,0.0000,0,
2026-07-30T12:30:22.162063+00:00,Bacterial-Spot(752),Bacterial-Spot (587).jpg,skipped,0.0000,0,
2026-07-30T12:30:22.162111+00:00,Bacterial-Spot(752),Bacterial-Spot (588).jpg,skipped,0.0000,0,
2026-07-30T12:30:22.162160+00:00,Bacterial-Spot(752),Bacterial-Spot (589).jpg,skipped,0.0000,0,
2026-07-30T12:30:22.162209+00:00,Bacterial-Spot(752),Bacterial-Spot (59).jpg,skipped,0.0000,0,
2026-07-30T12:30:22.162267+00:00,Bacterial-Spot(752),Bacterial-Spot (590).jpg,skipped,0.0000,0,
2026-07-30T12:30:22.162315+00:00,Bacterial-Spot(752),Bacterial-Spot (591).jpg,skipped,0.0000,0,
2026-07-30T12:30:22.162363+00:00,Bacterial-Spot(752),Bacterial-Spot (592).jpg,skipped,0.0000,0,
2026-07-30T12:30:22.162411+00:00,Bacterial-Spot(752),Bacterial-Spot (593).jpg,skipped,0.0000,0,
2026-07-30T12:30:22.162480+00:00,Bacterial-Spot(752),Bacterial-Spot (594).jpg,skipped,0.0000,0,
2026-07-30T12:30:22.162528+00:00,Bacterial-Spot(752),Bacterial-Spot (595).jpg,skipped,0.0000,0,
2026-07-30T12:30:22.162578+00:00,Bacterial-Spot(752),Bacterial-Spot (596).jpg,skipped,0.0000,0,
2026-07-30T12:30:22.162626+00:00,Bacterial-Spot(752),Bacterial-Spot (597).jpg,skipped,0.0000,0,
2026-07-30T12:30:22.162673+00:00,Bacterial-Spot(752),Bacterial-Spot (598).jpg,skipped,0.0000,0,
2026-07-30T12:30:22.162722+00:00,Bacterial-Spot(752),Bacterial-Spot (599).jpg,skipped,0.0000,0,
2026-07-30T12:30:22.162770+00:00,Bacterial-Spot(752),Bacterial-Spot (6).jpg,skipped,0.0000,0,
2026-07-30T12:30:22.162829+00:00,Bacterial-Spot(752),Bacterial-Spot (60).jpg,skipped,0.0000,0,
2026-07-30T12:30:22.162878+00:00,Bacterial-Spot(752),Bacterial-Spot (600).jpg,skipped,0.0000,0,
2026-07-30T12:30:22.162928+00:00,Bacterial-Spot(752),Bacterial-Spot (601).jpg,skipped,0.0000,0,
2026-07-30T12:30:22.162976+00:00,Bacterial-Spot(752),Bacterial-Spot (602).jpg,skipped,0.0000,0,
2026-07-30T12:30:22.163025+00:00,Bacterial-Spot(752),Bacterial-Spot (603).jpg,skipped,0.0000,0,
2026-07-30T12:30:22.163074+00:00,Bacterial-Spot(752),Bacterial-Spot (604).jpg,skipped,0.0000,0,
2026-07-30T12:30:22.163123+00:00,Bacterial-Spot(752),Bacterial-Spot (605).jpg,skipped,0.0000,0,
2026-07-30T12:30:22.163171+00:00,Bacterial-Spot(752),Bacterial-Spot (606).jpg,skipped,0.0000,0,
2026-07-30T12:30:22.163260+00:00,Bacterial-Spot(752),Bacterial-Spot (607).jpg,skipped,0.0000,0,
2026-07-30T12:30:22.163346+00:00,Bacterial-Spot(752),Bacterial-Spot (608).jpg,skipped,0.0000,0,
2026-07-30T12:30:22.163404+00:00,Bacterial-Spot(752),Bacterial-Spot (609).jpg,skipped,0.0000,0,
2026-07-30T12:30:22.163458+00:00,Bacterial-Spot(752),Bacterial-Spot (61).jpg,skipped,0.0000,0,
2026-07-30T12:30:22.163509+00:00,Bacterial-Spot(752),Bacterial-Spot (610).jpg,skipped,0.0000,0,
2026-07-30T12:30:22.163559+00:00,Bacterial-Spot(752),Bacterial-Spot (611).jpg,skipped,0.0000,0,
2026-07-30T12:30:22.163608+00:00,Bacterial-Spot(752),Bacterial-Spot (612).jpg,skipped,0.0000,0,
2026-07-30T12:30:22.163656+00:00,Bacterial-Spot(752),Bacterial-Spot (613).jpg,skipped,0.0000,0,
2026-07-30T12:30:22.163744+00:00,Bacterial-Spot(752),Bacterial-Spot (614).jpg,skipped,0.0000,0,
2026-07-30T12:30:22.163858+00:00,Bacterial-Spot(752),Bacterial-Spot (615).jpg,skipped,0.0000,0,
2026-07-30T12:30:22.163927+00:00,Bacterial-Spot(752),Bacterial-Spot (616).jpg,skipped,0.0000,0,
2026-07-30T12:30:22.163991+00:00,Bacterial-Spot(752),Bacterial-Spot (617).jpg,skipped,0.0000,0,
2026-07-30T12:30:22.164058+00:00,Bacterial-Spot(752),Bacterial-Spot (618).jpg,skipped,0.0000,0,
2026-07-30T12:30:22.164122+00:00,Bacterial-Spot(752),Bacterial-Spot (619).jpg,skipped,0.0000,0,
2026-07-30T12:30:22.164185+00:00,Bacterial-Spot(752),Bacterial-Spot (62).jpg,skipped,0.0000,0,
2026-07-30T12:30:22.164307+00:00,Bacterial-Spot(752),Bacterial-Spot (620).jpg,skipped,0.0000,0,
2026-07-30T12:30:22.164399+00:00,Bacterial-Spot(752),Bacterial-Spot (621).jpg,skipped,0.0000,0,
2026-07-30T12:30:22.164464+00:00,Bacterial-Spot(752),Bacterial-Spot (622).jpg,skipped,0.0000,0,
2026-07-30T12:30:22.164523+00:00,Bacterial-Spot(752),Bacterial-Spot (623).jpg,skipped,0.0000,0,
2026-07-30T12:30:22.164588+00:00,Bacterial-Spot(752),Bacterial-Spot (624).jpg,skipped,0.0000,0,
2026-07-30T12:30:22.164648+00:00,Bacterial-Spot(752),Bacterial-Spot (625).jpg,skipped,0.0000,0,
2026-07-30T12:30:22.164724+00:00,Bacterial-Spot(752),Bacterial-Spot (626).jpg,skipped,0.0000,0,
2026-07-30T12:30:22.164785+00:00,Bacterial-Spot(752),Bacterial-Spot (627).jpg,skipped,0.0000,0,
2026-07-30T12:30:22.164845+00:00,Bacterial-Spot(752),Bacterial-Spot (628).jpg,skipped,0.0000,0,
2026-07-30T12:30:22.164895+00:00,Bacterial-Spot(752),Bacterial-Spot (629).jpg,skipped,0.0000,0,
2026-07-30T12:30:22.164950+00:00,Bacterial-Spot(752),Bacterial-Spot (63).jpg,skipped,0.0000,0,
2026-07-30T12:30:22.165034+00:00,Bacterial-Spot(752),Bacterial-Spot (630).jpg,skipped,0.0000,0,
2026-07-30T12:30:22.165083+00:00,Bacterial-Spot(752),Bacterial-Spot (631).jpg,skipped,0.0000,0,
2026-07-30T12:30:22.165142+00:00,Bacterial-Spot(752),Bacterial-Spot (632).jpg,skipped,0.0000,0,
2026-07-30T12:30:22.165260+00:00,Bacterial-Spot(752),Bacterial-Spot (633).jpg,skipped,0.0000,0,
2026-07-30T12:30:22.165370+00:00,Bacterial-Spot(752),Bacterial-Spot (634).jpg,skipped,0.0000,0,
2026-07-30T12:30:22.165450+00:00,Bacterial-Spot(752),Bacterial-Spot (635).jpg,skipped,0.0000,0,
2026-07-30T12:30:22.165552+00:00,Bacterial-Spot(752),Bacterial-Spot (636).jpg,skipped,0.0000,0,
2026-07-30T12:30:22.165618+00:00,Bacterial-Spot(752),Bacterial-Spot (637).jpg,skipped,0.0000,0,
2026-07-30T12:30:22.165694+00:00,Bacterial-Spot(752),Bacterial-Spot (638).jpg,skipped,0.0000,0,
2026-07-30T12:30:22.165793+00:00,Bacterial-Spot(752),Bacterial-Spot (639).jpg,skipped,0.0000,0,
2026-07-30T12:30:22.165898+00:00,Bacterial-Spot(752),Bacterial-Spot (64).jpg,skipped,0.0000,0,
2026-07-30T12:30:22.165967+00:00,Bacterial-Spot(752),Bacterial-Spot (640).jpg,skipped,0.0000,0,
2026-07-30T12:30:22.166041+00:00,Bacterial-Spot(752),Bacterial-Spot (641).jpg,skipped,0.0000,0,
2026-07-30T12:30:22.166140+00:00,Bacterial-Spot(752),Bacterial-Spot (642).jpg,skipped,0.0000,0,
2026-07-30T12:30:22.166253+00:00,Bacterial-Spot(752),Bacterial-Spot (643).jpg,skipped,0.0000,0,
2026-07-30T12:30:22.166356+00:00,Bacterial-Spot(752),Bacterial-Spot (644).jpg,skipped,0.0000,0,
2026-07-30T12:30:22.166429+00:00,Bacterial-Spot(752),Bacterial-Spot (645).jpg,skipped,0.0000,0,
2026-07-30T12:30:22.166497+00:00,Bacterial-Spot(752),Bacterial-Spot (646).jpg,skipped,0.0000,0,
2026-07-30T12:30:22.166564+00:00,Bacterial-Spot(752),Bacterial-Spot (647).jpg,skipped,0.0000,0,
2026-07-30T12:30:22.166659+00:00,Bacterial-Spot(752),Bacterial-Spot (648).jpg,skipped,0.0000,0,
2026-07-30T12:30:22.166721+00:00,Bacterial-Spot(752),Bacterial-Spot (649).jpg,skipped,0.0000,0,
2026-07-30T12:30:22.166823+00:00,Bacterial-Spot(752),Bacterial-Spot (65).jpg,skipped,0.0000,0,
2026-07-30T12:30:22.166935+00:00,Bacterial-Spot(752),Bacterial-Spot (650).jpg,skipped,0.0000,0,
2026-07-30T12:30:22.167019+00:00,Bacterial-Spot(752),Bacterial-Spot (651).jpg,skipped,0.0000,0,
2026-07-30T12:30:22.167127+00:00,Bacterial-Spot(752),Bacterial-Spot (652).jpg,skipped,0.0000,0,
2026-07-30T12:30:22.167229+00:00,Bacterial-Spot(752),Bacterial-Spot (653).jpg,skipped,0.0000,0,
2026-07-30T12:30:22.167311+00:00,Bacterial-Spot(752),Bacterial-Spot (654).jpg,skipped,0.0000,0,
2026-07-30T12:30:22.167542+00:00,Bacterial-Spot(752),Bacterial-Spot (655).jpg,skipped,0.0000,0,
2026-07-30T12:30:22.167663+00:00,Bacterial-Spot(752),Bacterial-Spot (656).jpg,skipped,0.0000,0,
2026-07-30T12:30:22.167761+00:00,Bacterial-Spot(752),Bacterial-Spot (657).jpg,skipped,0.0000,0,
2026-07-30T12:30:22.167869+00:00,Bacterial-Spot(752),Bacterial-Spot (658).jpg,skipped,0.0000,0,
2026-07-30T12:30:22.168005+00:00,Bacterial-Spot(752),Bacterial-Spot (659).jpg,skipped,0.0000,0,
2026-07-30T12:30:22.168113+00:00,Bacterial-Spot(752),Bacterial-Spot (66).jpg,skipped,0.0000,0,
2026-07-30T12:30:22.168185+00:00,Bacterial-Spot(752),Bacterial-Spot (660).jpg,skipped,0.0000,0,
2026-07-30T12:30:22.168330+00:00,Bacterial-Spot(752),Bacterial-Spot (661).jpg,skipped,0.0000,0,
2026-07-30T12:30:22.168393+00:00,Bacterial-Spot(752),Bacterial-Spot (662).JPG,skipped,0.0000,0,
2026-07-30T12:30:22.168486+00:00,Bacterial-Spot(752),Bacterial-Spot (663).JPG,skipped,0.0000,0,
2026-07-30T12:30:22.168605+00:00,Bacterial-Spot(752),Bacterial-Spot (664).JPG,skipped,0.0000,0,
2026-07-30T12:30:22.168665+00:00,Bacterial-Spot(752),Bacterial-Spot (665).JPG,skipped,0.0000,0,
2026-07-30T12:30:22.168725+00:00,Bacterial-Spot(752),Bacterial-Spot (666).JPG,skipped,0.0000,0,
2026-07-30T12:30:22.168779+00:00,Bacterial-Spot(752),Bacterial-Spot (667).JPG,skipped,0.0000,0,
2026-07-30T12:30:22.168830+00:00,Bacterial-Spot(752),Bacterial-Spot (668).JPG,skipped,0.0000,0,
2026-07-30T12:30:22.168885+00:00,Bacterial-Spot(752),Bacterial-Spot (669).JPG,skipped,0.0000,0,
2026-07-30T12:30:22.168939+00:00,Bacterial-Spot(752),Bacterial-Spot (67).jpg,skipped,0.0000,0,
2026-07-30T12:30:22.168989+00:00,Bacterial-Spot(752),Bacterial-Spot (670).JPG,skipped,0.0000,0,
2026-07-30T12:30:22.169045+00:00,Bacterial-Spot(752),Bacterial-Spot (671).JPG,skipped,0.0000,0,
2026-07-30T12:30:22.169099+00:00,Bacterial-Spot(752),Bacterial-Spot (672).JPG,skipped,0.0000,0,
2026-07-30T12:30:22.169154+00:00,Bacterial-Spot(752),Bacterial-Spot (673).JPG,skipped,0.0000,0,
2026-07-30T12:30:22.169205+00:00,Bacterial-Spot(752),Bacterial-Spot (674).JPG,skipped,0.0000,0,
2026-07-30T12:30:22.169258+00:00,Bacterial-Spot(752),Bacterial-Spot (675).JPG,skipped,0.0000,0,
2026-07-30T12:30:22.169311+00:00,Bacterial-Spot(752),Bacterial-Spot (676).JPG,skipped,0.0000,0,
2026-07-30T12:30:22.169361+00:00,Bacterial-Spot(752),Bacterial-Spot (677).JPG,skipped,0.0000,0,
2026-07-30T12:30:22.169416+00:00,Bacterial-Spot(752),Bacterial-Spot (678).JPG,skipped,0.0000,0,
2026-07-30T12:30:22.169467+00:00,Bacterial-Spot(752),Bacterial-Spot (679).JPG,skipped,0.0000,0,
2026-07-30T12:30:22.169634+00:00,Bacterial-Spot(752),Bacterial-Spot (68).jpg,skipped,0.0000,0,
2026-07-30T12:30:22.169720+00:00,Bacterial-Spot(752),Bacterial-Spot (680).JPG,skipped,0.0000,0,
2026-07-30T12:30:22.169839+00:00,Bacterial-Spot(752),Bacterial-Spot (681).JPG,skipped,0.0000,0,
2026-07-30T12:30:22.170335+00:00,Bacterial-Spot(752),Bacterial-Spot (682).JPG,skipped,0.0000,0,
2026-07-30T12:30:22.170469+00:00,Bacterial-Spot(752),Bacterial-Spot (683).JPG,skipped,0.0000,0,
2026-07-30T12:30:22.170537+00:00,Bacterial-Spot(752),Bacterial-Spot (684).JPG,skipped,0.0000,0,
2026-07-30T12:30:22.170594+00:00,Bacterial-Spot(752),Bacterial-Spot (685).jpg,skipped,0.0000,0,
2026-07-30T12:30:22.170649+00:00,Bacterial-Spot(752),Bacterial-Spot (686).jpg,skipped,0.0000,0,
2026-07-30T12:30:22.170701+00:00,Bacterial-Spot(752),Bacterial-Spot (687).jpg,skipped,0.0000,0,
2026-07-30T12:30:22.170753+00:00,Bacterial-Spot(752),Bacterial-Spot (688).jpg,skipped,0.0000,0,
2026-07-30T12:30:22.170807+00:00,Bacterial-Spot(752),Bacterial-Spot (689).jpg,skipped,0.0000,0,
2026-07-30T12:30:22.170868+00:00,Bacterial-Spot(752),Bacterial-Spot (69).jpg,skipped,0.0000,0,
2026-07-30T12:30:22.170917+00:00,Bacterial-Spot(752),Bacterial-Spot (690).jpg,skipped,0.0000,0,
2026-07-30T12:30:22.171158+00:00,Bacterial-Spot(752),Bacterial-Spot (691).jpg,skipped,0.0000,0,
2026-07-30T12:30:22.171236+00:00,Bacterial-Spot(752),Bacterial-Spot (692).jpg,skipped,0.0000,0,
2026-07-30T12:30:22.171295+00:00,Bacterial-Spot(752),Bacterial-Spot (693).jpg,skipped,0.0000,0,
2026-07-30T12:30:22.171348+00:00,Bacterial-Spot(752),Bacterial-Spot (694).jpg,skipped,0.0000,0,
2026-07-30T12:30:22.171399+00:00,Bacterial-Spot(752),Bacterial-Spot (695).jpg,skipped,0.0000,0,
2026-07-30T12:30:22.171450+00:00,Bacterial-Spot(752),Bacterial-Spot (696).jpg,skipped,0.0000,0,
2026-07-30T12:30:22.171500+00:00,Bacterial-Spot(752),Bacterial-Spot (697).jpg,skipped,0.0000,0,
2026-07-30T12:30:22.171570+00:00,Bacterial-Spot(752),Bacterial-Spot (698).jpg,skipped,0.0000,0,
2026-07-30T12:30:22.171623+00:00,Bacterial-Spot(752),Bacterial-Spot (699).jpg,skipped,0.0000,0,
2026-07-30T12:30:22.171672+00:00,Bacterial-Spot(752),Bacterial-Spot (7).jpg,skipped,0.0000,0,
2026-07-30T12:30:22.171721+00:00,Bacterial-Spot(752),Bacterial-Spot (70).jpg,skipped,0.0000,0,
2026-07-30T12:30:22.171770+00:00,Bacterial-Spot(752),Bacterial-Spot (700).jpg,skipped,0.0000,0,
2026-07-30T12:30:22.171819+00:00,Bacterial-Spot(752),Bacterial-Spot (701).jpg,skipped,0.0000,0,
2026-07-30T12:30:22.171867+00:00,Bacterial-Spot(752),Bacterial-Spot (702).jpg,skipped,0.0000,0,
2026-07-30T12:30:22.171916+00:00,Bacterial-Spot(752),Bacterial-Spot (703).jpg,skipped,0.0000,0,
2026-07-30T12:30:22.171965+00:00,Bacterial-Spot(752),Bacterial-Spot (704).jpg,skipped,0.0000,0,
2026-07-30T12:30:22.172014+00:00,Bacterial-Spot(752),Bacterial-Spot (705).jpg,skipped,0.0000,0,
2026-07-30T12:30:22.172063+00:00,Bacterial-Spot(752),Bacterial-Spot (706).jpg,skipped,0.0000,0,
2026-07-30T12:30:22.172111+00:00,Bacterial-Spot(752),Bacterial-Spot (707).jpg,skipped,0.0000,0,
2026-07-30T12:30:22.172159+00:00,Bacterial-Spot(752),Bacterial-Spot (708).jpg,skipped,0.0000,0,
2026-07-30T12:30:22.172207+00:00,Bacterial-Spot(752),Bacterial-Spot (709).jpg,skipped,0.0000,0,
2026-07-30T12:30:22.172259+00:00,Bacterial-Spot(752),Bacterial-Spot (71).jpg,skipped,0.0000,0,
2026-07-30T12:30:22.172317+00:00,Bacterial-Spot(752),Bacterial-Spot (710).jpg,skipped,0.0000,0,
2026-07-30T12:30:22.172388+00:00,Bacterial-Spot(752),Bacterial-Spot (711).jpg,skipped,0.0000,0,
2026-07-30T12:30:22.172440+00:00,Bacterial-Spot(752),Bacterial-Spot (712).jpg,skipped,0.0000,0,
2026-07-30T12:30:22.172491+00:00,Bacterial-Spot(752),Bacterial-Spot (713).jpg,skipped,0.0000,0,
2026-07-30T12:30:22.172540+00:00,Bacterial-Spot(752),Bacterial-Spot (714).jpg,skipped,0.0000,0,
2026-07-30T12:30:22.172616+00:00,Bacterial-Spot(752),Bacterial-Spot (715).jpg,skipped,0.0000,0,
2026-07-30T12:30:22.172669+00:00,Bacterial-Spot(752),Bacterial-Spot (716).jpg,skipped,0.0000,0,
2026-07-30T12:30:22.172719+00:00,Bacterial-Spot(752),Bacterial-Spot (717).jpg,skipped,0.0000,0,
2026-07-30T12:30:22.172769+00:00,Bacterial-Spot(752),Bacterial-Spot (718).jpg,skipped,0.0000,0,
2026-07-30T12:30:22.172839+00:00,Bacterial-Spot(752),Bacterial-Spot (719).jpg,skipped,0.0000,0,
2026-07-30T12:30:22.172892+00:00,Bacterial-Spot(752),Bacterial-Spot (72).jpg,skipped,0.0000,0,
2026-07-30T12:30:22.172943+00:00,Bacterial-Spot(752),Bacterial-Spot (720).jpg,skipped,0.0000,0,
2026-07-30T12:30:22.173013+00:00,Bacterial-Spot(752),Bacterial-Spot (721).jpg,skipped,0.0000,0,
2026-07-30T12:30:22.173065+00:00,Bacterial-Spot(752),Bacterial-Spot (722).jpg,skipped,0.0000,0,
2026-07-30T12:30:22.173114+00:00,Bacterial-Spot(752),Bacterial-Spot (723).jpg,skipped,0.0000,0,
2026-07-30T12:30:22.173163+00:00,Bacterial-Spot(752),Bacterial-Spot (724).jpg,skipped,0.0000,0,
2026-07-30T12:30:22.173212+00:00,Bacterial-Spot(752),Bacterial-Spot (725).jpg,skipped,0.0000,0,
2026-07-30T12:30:22.173261+00:00,Bacterial-Spot(752),Bacterial-Spot (726).jpg,skipped,0.0000,0,
2026-07-30T12:30:22.173310+00:00,Bacterial-Spot(752),Bacterial-Spot (727).jpg,skipped,0.0000,0,
2026-07-30T12:30:22.173366+00:00,Bacterial-Spot(752),Bacterial-Spot (728).jpg,skipped,0.0000,0,
2026-07-30T12:30:22.173416+00:00,Bacterial-Spot(752),Bacterial-Spot (729).jpg,skipped,0.0000,0,
2026-07-30T12:30:22.173465+00:00,Bacterial-Spot(752),Bacterial-Spot (73).jpg,skipped,0.0000,0,
2026-07-30T12:30:22.173514+00:00,Bacterial-Spot(752),Bacterial-Spot (730).jpg,skipped,0.0000,0,
2026-07-30T12:30:22.173563+00:00,Bacterial-Spot(752),Bacterial-Spot (731).jpg,skipped,0.0000,0,
2026-07-30T12:30:22.173612+00:00,Bacterial-Spot(752),Bacterial-Spot (732).jpg,skipped,0.0000,0,
2026-07-30T12:30:22.173661+00:00,Bacterial-Spot(752),Bacterial-Spot (733).jpg,skipped,0.0000,0,
2026-07-30T12:30:22.173710+00:00,Bacterial-Spot(752),Bacterial-Spot (734).jpg,skipped,0.0000,0,
2026-07-30T12:30:22.173759+00:00,Bacterial-Spot(752),Bacterial-Spot (735).jpg,skipped,0.0000,0,
2026-07-30T12:30:22.173808+00:00,Bacterial-Spot(752),Bacterial-Spot (736).jpg,skipped,0.0000,0,
2026-07-30T12:30:22.173857+00:00,Bacterial-Spot(752),Bacterial-Spot (737).jpg,skipped,0.0000,0,
2026-07-30T12:30:22.173924+00:00,Bacterial-Spot(752),Bacterial-Spot (738).jpg,skipped,0.0000,0,
2026-07-30T12:30:22.173976+00:00,Bacterial-Spot(752),Bacterial-Spot (739).jpg,skipped,0.0000,0,
2026-07-30T12:30:22.174026+00:00,Bacterial-Spot(752),Bacterial-Spot (74).jpg,skipped,0.0000,0,
2026-07-30T12:30:22.174074+00:00,Bacterial-Spot(752),Bacterial-Spot (740).jpg,skipped,0.0000,0,
2026-07-30T12:30:22.174123+00:00,Bacterial-Spot(752),Bacterial-Spot (741).jpg,skipped,0.0000,0,
2026-07-30T12:30:22.174205+00:00,Bacterial-Spot(752),Bacterial-Spot (742).jpg,skipped,0.0000,0,
2026-07-30T12:30:22.174257+00:00,Bacterial-Spot(752),Bacterial-Spot (743).jpg,skipped,0.0000,0,
2026-07-30T12:30:22.174306+00:00,Bacterial-Spot(752),Bacterial-Spot (744).jpg,skipped,0.0000,0,
2026-07-30T12:30:22.174375+00:00,Bacterial-Spot(752),Bacterial-Spot (745).jpg,skipped,0.0000,0,
2026-07-30T12:30:22.174427+00:00,Bacterial-Spot(752),Bacterial-Spot (746).jpg,skipped,0.0000,0,
2026-07-30T12:30:22.174476+00:00,Bacterial-Spot(752),Bacterial-Spot (747).jpg,skipped,0.0000,0,
2026-07-30T12:30:22.174544+00:00,Bacterial-Spot(752),Bacterial-Spot (748).jpg,skipped,0.0000,0,
2026-07-30T12:30:22.174594+00:00,Bacterial-Spot(752),Bacterial-Spot (749).jpg,skipped,0.0000,0,
2026-07-30T12:30:22.174643+00:00,Bacterial-Spot(752),Bacterial-Spot (75).jpg,skipped,0.0000,0,
2026-07-30T12:30:22.174692+00:00,Bacterial-Spot(752),Bacterial-Spot (750).jpg,skipped,0.0000,0,
2026-07-30T12:30:22.174741+00:00,Bacterial-Spot(752),Bacterial-Spot (751).jpg,skipped,0.0000,0,
2026-07-30T12:30:22.174790+00:00,Bacterial-Spot(752),Bacterial-Spot (752).jpg,skipped,0.0000,0,
2026-07-30T12:30:22.174839+00:00,Bacterial-Spot(752),Bacterial-Spot (76).jpg,skipped,0.0000,0,
2026-07-30T12:30:22.174888+00:00,Bacterial-Spot(752),Bacterial-Spot (77).jpg,skipped,0.0000,0,
2026-07-30T12:30:22.174937+00:00,Bacterial-Spot(752),Bacterial-Spot (78).jpg,skipped,0.0000,0,
2026-07-30T12:30:22.174986+00:00,Bacterial-Spot(752),Bacterial-Spot (79).jpg,skipped,0.0000,0,
2026-07-30T12:30:22.175055+00:00,Bacterial-Spot(752),Bacterial-Spot (8).jpg,skipped,0.0000,0,
2026-07-30T12:30:22.175107+00:00,Bacterial-Spot(752),Bacterial-Spot (80).jpg,skipped,0.0000,0,
2026-07-30T12:30:22.175161+00:00,Bacterial-Spot(752),Bacterial-Spot (81).jpg,skipped,0.0000,0,
2026-07-30T12:30:22.175211+00:00,Bacterial-Spot(752),Bacterial-Spot (82).jpg,skipped,0.0000,0,
2026-07-30T12:30:22.175259+00:00,Bacterial-Spot(752),Bacterial-Spot (83).jpg,skipped,0.0000,0,
2026-07-30T12:30:22.175308+00:00,Bacterial-Spot(752),Bacterial-Spot (84).jpg,skipped,0.0000,0,
2026-07-30T12:30:22.175357+00:00,Bacterial-Spot(752),Bacterial-Spot (85).jpg,skipped,0.0000,0,
2026-07-30T12:30:22.175423+00:00,Bacterial-Spot(752),Bacterial-Spot (86).jpg,skipped,0.0000,0,
2026-07-30T12:30:22.175491+00:00,Bacterial-Spot(752),Bacterial-Spot (87).jpg,skipped,0.0000,0,
2026-07-30T12:30:22.175543+00:00,Bacterial-Spot(752),Bacterial-Spot (88).jpg,skipped,0.0000,0,
2026-07-30T12:30:22.175593+00:00,Bacterial-Spot(752),Bacterial-Spot (89).jpg,skipped,0.0000,0,
2026-07-30T12:30:22.175663+00:00,Bacterial-Spot(752),Bacterial-Spot (9).jpg,skipped,0.0000,0,
2026-07-30T12:30:22.175715+00:00,Bacterial-Spot(752),Bacterial-Spot (90).jpg,skipped,0.0000,0,
2026-07-30T12:30:22.175764+00:00,Bacterial-Spot(752),Bacterial-Spot (91).jpg,skipped,0.0000,0,
2026-07-30T12:30:22.175813+00:00,Bacterial-Spot(752),Bacterial-Spot (92).jpg,skipped,0.0000,0,
2026-07-30T12:30:22.175861+00:00,Bacterial-Spot(752),Bacterial-Spot (93).jpg,skipped,0.0000,0,
2026-07-30T12:30:22.175910+00:00,Bacterial-Spot(752),Bacterial-Spot (94).jpg,skipped,0.0000,0,
2026-07-30T12:30:22.175959+00:00,Bacterial-Spot(752),Bacterial-Spot (95).jpg,skipped,0.0000,0,
2026-07-30T12:30:22.176007+00:00,Bacterial-Spot(752),Bacterial-Spot (96).jpg,skipped,0.0000,0,
2026-07-30T12:30:22.176055+00:00,Bacterial-Spot(752),Bacterial-Spot (97).jpg,skipped,0.0000,0,
2026-07-30T12:30:22.176104+00:00,Bacterial-Spot(752),Bacterial-Spot (98).jpg,skipped,0.0000,0,
2026-07-30T12:30:22.176314+00:00,Bacterial-Spot(752),Bacterial-Spot (99).jpg,skipped,0.0000,0,
2026-07-30T12:30:22.176399+00:00,Downy-Mildew(240),Downy-Mildew (1).jpg,skipped,0.0000,0,
2026-07-30T12:30:22.176464+00:00,Downy-Mildew(240),Downy-Mildew (10).jpg,skipped,0.0000,0,
2026-07-30T12:30:22.176525+00:00,Downy-Mildew(240),Downy-Mildew (100).jpg,skipped,0.0000,0,
2026-07-30T12:30:22.176626+00:00,Downy-Mildew(240),Downy-Mildew (101).jpg,skipped,0.0000,0,
2026-07-30T12:30:22.176716+00:00,Downy-Mildew(240),Downy-Mildew (102).jpg,skipped,0.0000,0,
2026-07-30T12:30:22.176779+00:00,Downy-Mildew(240),Downy-Mildew (103).jpg,skipped,0.0000,0,
2026-07-30T12:30:22.176840+00:00,Downy-Mildew(240),Downy-Mildew (104).jpg,skipped,0.0000,0,
2026-07-30T12:30:22.176894+00:00,Downy-Mildew(240),Downy-Mildew (105).jpg,skipped,0.0000,0,
2026-07-30T12:30:22.176963+00:00,Downy-Mildew(240),Downy-Mildew (106).jpg,skipped,0.0000,0,
2026-07-30T12:30:22.177020+00:00,Downy-Mildew(240),Downy-Mildew (107).jpg,skipped,0.0000,0,
2026-07-30T12:30:22.177072+00:00,Downy-Mildew(240),Downy-Mildew (108).jpg,skipped,0.0000,0,
2026-07-30T12:30:22.177127+00:00,Downy-Mildew(240),Downy-Mildew (109).jpg,skipped,0.0000,0,
2026-07-30T12:30:22.177179+00:00,Downy-Mildew(240),Downy-Mildew (11).jpg,skipped,0.0000,0,
2026-07-30T12:30:22.177231+00:00,Downy-Mildew(240),Downy-Mildew (110).jpg,skipped,0.0000,0,
2026-07-30T12:30:22.177282+00:00,Downy-Mildew(240),Downy-Mildew (111).jpg,skipped,0.0000,0,
2026-07-30T12:30:22.177334+00:00,Downy-Mildew(240),Downy-Mildew (112).jpg,skipped,0.0000,0,
2026-07-30T12:30:22.177385+00:00,Downy-Mildew(240),Downy-Mildew (113).jpg,skipped,0.0000,0,
2026-07-30T12:30:22.177436+00:00,Downy-Mildew(240),Downy-Mildew (114).jpg,skipped,0.0000,0,
2026-07-30T12:30:22.177488+00:00,Downy-Mildew(240),Downy-Mildew (115).jpg,skipped,0.0000,0,
2026-07-30T12:30:22.177540+00:00,Downy-Mildew(240),Downy-Mildew (116).jpg,skipped,0.0000,0,
2026-07-30T12:30:22.177591+00:00,Downy-Mildew(240),Downy-Mildew (117).jpg,skipped,0.0000,0,
2026-07-30T12:30:22.177989+00:00,Downy-Mildew(240),Downy-Mildew (118).jpg,skipped,0.0000,0,
2026-07-30T12:30:22.178086+00:00,Downy-Mildew(240),Downy-Mildew (119).jpg,skipped,0.0000,0,
2026-07-30T12:30:22.178182+00:00,Downy-Mildew(240),Downy-Mildew (12).jpg,skipped,0.0000,0,
2026-07-30T12:30:22.178287+00:00,Downy-Mildew(240),Downy-Mildew (120).jpg,skipped,0.0000,0,
2026-07-30T12:30:22.178406+00:00,Downy-Mildew(240),Downy-Mildew (121).jpg,skipped,0.0000,0,
2026-07-30T12:30:22.178489+00:00,Downy-Mildew(240),Downy-Mildew (122).jpg,skipped,0.0000,0,
2026-07-30T12:30:22.178550+00:00,Downy-Mildew(240),Downy-Mildew (123).jpg,skipped,0.0000,0,
2026-07-30T12:30:22.178610+00:00,Downy-Mildew(240),Downy-Mildew (124).jpg,skipped,0.0000,0,
2026-07-30T12:30:22.178664+00:00,Downy-Mildew(240),Downy-Mildew (125).jpg,skipped,0.0000,0,
2026-07-30T12:30:22.178716+00:00,Downy-Mildew(240),Downy-Mildew (126).jpg,skipped,0.0000,0,
2026-07-30T12:30:22.178770+00:00,Downy-Mildew(240),Downy-Mildew (127).jpg,skipped,0.0000,0,
2026-07-30T12:30:22.178825+00:00,Downy-Mildew(240),Downy-Mildew (128).jpg,skipped,0.0000,0,
2026-07-30T12:30:22.178917+00:00,Downy-Mildew(240),Downy-Mildew (129).jpg,skipped,0.0000,0,
2026-07-30T12:30:22.179031+00:00,Downy-Mildew(240),Downy-Mildew (13).jpg,skipped,0.0000,0,
2026-07-30T12:30:22.179127+00:00,Downy-Mildew(240),Downy-Mildew (130).jpg,skipped,0.0000,0,
2026-07-30T12:30:22.179257+00:00,Downy-Mildew(240),Downy-Mildew (131).jpg,skipped,0.0000,0,
2026-07-30T12:30:22.179488+00:00,Downy-Mildew(240),Downy-Mildew (132).jpg,skipped,0.0000,0,
2026-07-30T12:30:22.179585+00:00,Downy-Mildew(240),Downy-Mildew (133).jpg,skipped,0.0000,0,
2026-07-30T12:30:22.179659+00:00,Downy-Mildew(240),Downy-Mildew (134).jpg,skipped,0.0000,0,
2026-07-30T12:30:22.179764+00:00,Downy-Mildew(240),Downy-Mildew (135).jpg,skipped,0.0000,0,
2026-07-30T12:30:22.179848+00:00,Downy-Mildew(240),Downy-Mildew (136).jpg,skipped,0.0000,0,
2026-07-30T12:30:22.179919+00:00,Downy-Mildew(240),Downy-Mildew (137).jpg,skipped,0.0000,0,
2026-07-30T12:30:22.179987+00:00,Downy-Mildew(240),Downy-Mildew (138).jpg,skipped,0.0000,0,
2026-07-30T12:30:22.180050+00:00,Downy-Mildew(240),Downy-Mildew (139).jpg,skipped,0.0000,0,
2026-07-30T12:30:22.180111+00:00,Downy-Mildew(240),Downy-Mildew (14).jpg,skipped,0.0000,0,
2026-07-30T12:30:22.180174+00:00,Downy-Mildew(240),Downy-Mildew (140).jpg,skipped,0.0000,0,
2026-07-30T12:30:22.180234+00:00,Downy-Mildew(240),Downy-Mildew (141).jpg,skipped,0.0000,0,
2026-07-30T12:30:22.180297+00:00,Downy-Mildew(240),Downy-Mildew (142).jpg,skipped,0.0000,0,
2026-07-30T12:30:22.180430+00:00,Downy-Mildew(240),Downy-Mildew (143).jpg,skipped,0.0000,0,
2026-07-30T12:30:22.180498+00:00,Downy-Mildew(240),Downy-Mildew (144).jpg,skipped,0.0000,0,
2026-07-30T12:30:22.180573+00:00,Downy-Mildew(240),Downy-Mildew (145).jpg,skipped,0.0000,0,
2026-07-30T12:30:22.180632+00:00,Downy-Mildew(240),Downy-Mildew (146).jpg,skipped,0.0000,0,
2026-07-30T12:30:22.180690+00:00,Downy-Mildew(240),Downy-Mildew (147).jpg,skipped,0.0000,0,
2026-07-30T12:30:22.180748+00:00,Downy-Mildew(240),Downy-Mildew (148).jpg,skipped,0.0000,0,
2026-07-30T12:30:22.180814+00:00,Downy-Mildew(240),Downy-Mildew (149).jpg,skipped,0.0000,0,
2026-07-30T12:30:22.180874+00:00,Downy-Mildew(240),Downy-Mildew (15).jpg,skipped,0.0000,0,
2026-07-30T12:30:22.180933+00:00,Downy-Mildew(240),Downy-Mildew (150).jpg,skipped,0.0000,0,
2026-07-30T12:30:22.180992+00:00,Downy-Mildew(240),Downy-Mildew (151).jpg,skipped,0.0000,0,
2026-07-30T12:30:22.181049+00:00,Downy-Mildew(240),Downy-Mildew (152).jpg,skipped,0.0000,0,
2026-07-30T12:30:22.181108+00:00,Downy-Mildew(240),Downy-Mildew (153).jpg,skipped,0.0000,0,
2026-07-30T12:30:22.181184+00:00,Downy-Mildew(240),Downy-Mildew (154).jpg,skipped,0.0000,0,
2026-07-30T12:30:22.181262+00:00,Downy-Mildew(240),Downy-Mildew (155).jpg,skipped,0.0000,0,
2026-07-30T12:30:22.181321+00:00,Downy-Mildew(240),Downy-Mildew (156).jpg,skipped,0.0000,0,
2026-07-30T12:30:22.181375+00:00,Downy-Mildew(240),Downy-Mildew (157).jpg,skipped,0.0000,0,
2026-07-30T12:30:22.181432+00:00,Downy-Mildew(240),Downy-Mildew (158).jpg,skipped,0.0000,0,
2026-07-30T12:30:22.181484+00:00,Downy-Mildew(240),Downy-Mildew (159).jpg,skipped,0.0000,0,
2026-07-30T12:30:22.181535+00:00,Downy-Mildew(240),Downy-Mildew (16).jpg,skipped,0.0000,0,
2026-07-30T12:30:22.181588+00:00,Downy-Mildew(240),Downy-Mildew (160).jpg,skipped,0.0000,0,
2026-07-30T12:30:22.181640+00:00,Downy-Mildew(240),Downy-Mildew (161).jpg,skipped,0.0000,0,
2026-07-30T12:30:22.181690+00:00,Downy-Mildew(240),Downy-Mildew (162).jpg,skipped,0.0000,0,
2026-07-30T12:30:22.181740+00:00,Downy-Mildew(240),Downy-Mildew (163).jpg,skipped,0.0000,0,
2026-07-30T12:30:22.181789+00:00,Downy-Mildew(240),Downy-Mildew (164).jpg,skipped,0.0000,0,
2026-07-30T12:30:22.181838+00:00,Downy-Mildew(240),Downy-Mildew (165).jpg,skipped,0.0000,0,
2026-07-30T12:30:22.182267+00:00,Downy-Mildew(240),Downy-Mildew (166).jpg,skipped,0.0000,0,
2026-07-30T12:30:22.182344+00:00,Downy-Mildew(240),Downy-Mildew (167).jpg,skipped,0.0000,0,
2026-07-30T12:30:22.182404+00:00,Downy-Mildew(240),Downy-Mildew (168).jpg,skipped,0.0000,0,
2026-07-30T12:30:22.182459+00:00,Downy-Mildew(240),Downy-Mildew (169).jpg,skipped,0.0000,0,
2026-07-30T12:30:22.182511+00:00,Downy-Mildew(240),Downy-Mildew (17).jpg,skipped,0.0000,0,
2026-07-30T12:30:22.182562+00:00,Downy-Mildew(240),Downy-Mildew (170).jpg,skipped,0.0000,0,
2026-07-30T12:30:22.182613+00:00,Downy-Mildew(240),Downy-Mildew (171).jpg,skipped,0.0000,0,
2026-07-30T12:30:22.182663+00:00,Downy-Mildew(240),Downy-Mildew (172).jpg,skipped,0.0000,0,
2026-07-30T12:30:22.182713+00:00,Downy-Mildew(240),Downy-Mildew (173).jpg,skipped,0.0000,0,
2026-07-30T12:30:22.182764+00:00,Downy-Mildew(240),Downy-Mildew (174).jpg,skipped,0.0000,0,
2026-07-30T12:30:22.182813+00:00,Downy-Mildew(240),Downy-Mildew (175).jpg,skipped,0.0000,0,
2026-07-30T12:30:22.182862+00:00,Downy-Mildew(240),Downy-Mildew (176).jpg,skipped,0.0000,0,
2026-07-30T12:30:22.182911+00:00,Downy-Mildew(240),Downy-Mildew (177).jpg,skipped,0.0000,0,
2026-07-30T12:30:22.182960+00:00,Downy-Mildew(240),Downy-Mildew (178).jpg,skipped,0.0000,0,
2026-07-30T12:30:22.183009+00:00,Downy-Mildew(240),Downy-Mildew (179).jpg,skipped,0.0000,0,
2026-07-30T12:30:22.183058+00:00,Downy-Mildew(240),Downy-Mildew (18).jpg,skipped,0.0000,0,
2026-07-30T12:30:22.183108+00:00,Downy-Mildew(240),Downy-Mildew (180).jpg,skipped,0.0000,0,
2026-07-30T12:30:22.183158+00:00,Downy-Mildew(240),Downy-Mildew (181).jpg,skipped,0.0000,0,
2026-07-30T12:30:22.183207+00:00,Downy-Mildew(240),Downy-Mildew (182).jpg,skipped,0.0000,0,
2026-07-30T12:30:22.183256+00:00,Downy-Mildew(240),Downy-Mildew (183).jpg,skipped,0.0000,0,
2026-07-30T12:30:22.183306+00:00,Downy-Mildew(240),Downy-Mildew (184).jpg,skipped,0.0000,0,
2026-07-30T12:30:22.183356+00:00,Downy-Mildew(240),Downy-Mildew (185).jpg,skipped,0.0000,0,
2026-07-30T12:30:22.183405+00:00,Downy-Mildew(240),Downy-Mildew (186).jpg,skipped,0.0000,0,
2026-07-30T12:30:22.183454+00:00,Downy-Mildew(240),Downy-Mildew (187).jpg,skipped,0.0000,0,
2026-07-30T12:30:22.183503+00:00,Downy-Mildew(240),Downy-Mildew (188).jpg,skipped,0.0000,0,
2026-07-30T12:30:22.183555+00:00,Downy-Mildew(240),Downy-Mildew (189).jpg,skipped,0.0000,0,
2026-07-30T12:30:22.183604+00:00,Downy-Mildew(240),Downy-Mildew (19).jpg,skipped,0.0000,0,
2026-07-30T12:30:22.183653+00:00,Downy-Mildew(240),Downy-Mildew (190).jpg,skipped,0.0000,0,
2026-07-30T12:30:22.183702+00:00,Downy-Mildew(240),Downy-Mildew (191).jpg,skipped,0.0000,0,
2026-07-30T12:30:22.183751+00:00,Downy-Mildew(240),Downy-Mildew (192).jpg,skipped,0.0000,0,
2026-07-30T12:30:22.183799+00:00,Downy-Mildew(240),Downy-Mildew (193).jpg,skipped,0.0000,0,
2026-07-30T12:30:22.183849+00:00,Downy-Mildew(240),Downy-Mildew (194).jpg,skipped,0.0000,0,
2026-07-30T12:30:22.183899+00:00,Downy-Mildew(240),Downy-Mildew (195).jpg,skipped,0.0000,0,
2026-07-30T12:30:22.183948+00:00,Downy-Mildew(240),Downy-Mildew (196).jpg,skipped,0.0000,0,
2026-07-30T12:30:22.183996+00:00,Downy-Mildew(240),Downy-Mildew (197).jpg,skipped,0.0000,0,
2026-07-30T12:30:22.184045+00:00,Downy-Mildew(240),Downy-Mildew (198).jpg,skipped,0.0000,0,
2026-07-30T12:30:22.184093+00:00,Downy-Mildew(240),Downy-Mildew (199).jpg,skipped,0.0000,0,
2026-07-30T12:30:22.184142+00:00,Downy-Mildew(240),Downy-Mildew (2).jpg,skipped,0.0000,0,
2026-07-30T12:30:22.184191+00:00,Downy-Mildew(240),Downy-Mildew (20).jpg,skipped,0.0000,0,
2026-07-30T12:30:22.184239+00:00,Downy-Mildew(240),Downy-Mildew (200).jpg,skipped,0.0000,0,
2026-07-30T12:30:22.184288+00:00,Downy-Mildew(240),Downy-Mildew (201).jpg,skipped,0.0000,0,
2026-07-30T12:30:22.184342+00:00,Downy-Mildew(240),Downy-Mildew (202).jpg,skipped,0.0000,0,
2026-07-30T12:30:22.184392+00:00,Downy-Mildew(240),Downy-Mildew (203).jpg,skipped,0.0000,0,
2026-07-30T12:30:22.184462+00:00,Downy-Mildew(240),Downy-Mildew (204).jpg,skipped,0.0000,0,
2026-07-30T12:30:22.184514+00:00,Downy-Mildew(240),Downy-Mildew (205).jpg,skipped,0.0000,0,
2026-07-30T12:30:22.184564+00:00,Downy-Mildew(240),Downy-Mildew (206).jpg,skipped,0.0000,0,
2026-07-30T12:30:22.184614+00:00,Downy-Mildew(240),Downy-Mildew (207).jpg,skipped,0.0000,0,
2026-07-30T12:30:22.184663+00:00,Downy-Mildew(240),Downy-Mildew (208).jpg,skipped,0.0000,0,
2026-07-30T12:30:22.184712+00:00,Downy-Mildew(240),Downy-Mildew (209).jpg,skipped,0.0000,0,
2026-07-30T12:30:22.184780+00:00,Downy-Mildew(240),Downy-Mildew (21).jpg,skipped,0.0000,0,
2026-07-30T12:30:22.184832+00:00,Downy-Mildew(240),Downy-Mildew (210).jpg,skipped,0.0000,0,
2026-07-30T12:30:22.185078+00:00,Downy-Mildew(240),Downy-Mildew (211).jpg,skipped,0.0000,0,
2026-07-30T12:30:22.185155+00:00,Downy-Mildew(240),Downy-Mildew (212).jpg,skipped,0.0000,0,
2026-07-30T12:30:22.185215+00:00,Downy-Mildew(240),Downy-Mildew (213).jpg,skipped,0.0000,0,
2026-07-30T12:30:22.185269+00:00,Downy-Mildew(240),Downy-Mildew (214).jpg,skipped,0.0000,0,
2026-07-30T12:30:22.185321+00:00,Downy-Mildew(240),Downy-Mildew (215).jpg,skipped,0.0000,0,
2026-07-30T12:30:22.185376+00:00,Downy-Mildew(240),Downy-Mildew (216).jpg,skipped,0.0000,0,
2026-07-30T12:30:22.185426+00:00,Downy-Mildew(240),Downy-Mildew (217).jpg,skipped,0.0000,0,
2026-07-30T12:30:22.185476+00:00,Downy-Mildew(240),Downy-Mildew (218).jpg,skipped,0.0000,0,
2026-07-30T12:30:22.185525+00:00,Downy-Mildew(240),Downy-Mildew (219).jpg,skipped,0.0000,0,
2026-07-30T12:30:22.185574+00:00,Downy-Mildew(240),Downy-Mildew (22).jpg,skipped,0.0000,0,
2026-07-30T12:30:22.185624+00:00,Downy-Mildew(240),Downy-Mildew (220).jpg,skipped,0.0000,0,
2026-07-30T12:30:22.185673+00:00,Downy-Mildew(240),Downy-Mildew (221).jpg,skipped,0.0000,0,
2026-07-30T12:30:22.185722+00:00,Downy-Mildew(240),Downy-Mildew (222).jpg,skipped,0.0000,0,
2026-07-30T12:30:22.185772+00:00,Downy-Mildew(240),Downy-Mildew (223).jpg,skipped,0.0000,0,
2026-07-30T12:30:22.185821+00:00,Downy-Mildew(240),Downy-Mildew (224).jpg,skipped,0.0000,0,
2026-07-30T12:30:22.185870+00:00,Downy-Mildew(240),Downy-Mildew (225).jpg,skipped,0.0000,0,
2026-07-30T12:30:22.185919+00:00,Downy-Mildew(240),Downy-Mildew (226).jpg,skipped,0.0000,0,
2026-07-30T12:30:22.185969+00:00,Downy-Mildew(240),Downy-Mildew (227).jpg,skipped,0.0000,0,
2026-07-30T12:30:22.186019+00:00,Downy-Mildew(240),Downy-Mildew (228).jpg,skipped,0.0000,0,
2026-07-30T12:30:22.186071+00:00,Downy-Mildew(240),Downy-Mildew (229).jpg,skipped,0.0000,0,
2026-07-30T12:30:22.186119+00:00,Downy-Mildew(240),Downy-Mildew (23).jpg,skipped,0.0000,0,
2026-07-30T12:30:22.186168+00:00,Downy-Mildew(240),Downy-Mildew (230).jpg,skipped,0.0000,0,
2026-07-30T12:30:22.186217+00:00,Downy-Mildew(240),Downy-Mildew (231).jpg,skipped,0.0000,0,
2026-07-30T12:30:22.186265+00:00,Downy-Mildew(240),Downy-Mildew (232).jpg,skipped,0.0000,0,
2026-07-30T12:30:22.186315+00:00,Downy-Mildew(240),Downy-Mildew (233).jpg,skipped,0.0000,0,
2026-07-30T12:30:22.186364+00:00,Downy-Mildew(240),Downy-Mildew (234).jpg,skipped,0.0000,0,
2026-07-30T12:30:22.186413+00:00,Downy-Mildew(240),Downy-Mildew (235).jpg,skipped,0.0000,0,
2026-07-30T12:30:22.186462+00:00,Downy-Mildew(240),Downy-Mildew (236).jpg,skipped,0.0000,0,
2026-07-30T12:30:22.186511+00:00,Downy-Mildew(240),Downy-Mildew (237).jpg,skipped,0.0000,0,
2026-07-30T12:30:22.186565+00:00,Downy-Mildew(240),Downy-Mildew (238).jpg,skipped,0.0000,0,
2026-07-30T12:30:22.186615+00:00,Downy-Mildew(240),Downy-Mildew (239).jpg,skipped,0.0000,0,
2026-07-30T12:30:22.186663+00:00,Downy-Mildew(240),Downy-Mildew (24).jpg,skipped,0.0000,0,
2026-07-30T12:30:22.186711+00:00,Downy-Mildew(240),Downy-Mildew (240).jpg,skipped,0.0000,0,
2026-07-30T12:30:22.186759+00:00,Downy-Mildew(240),Downy-Mildew (25).jpg,skipped,0.0000,0,
2026-07-30T12:30:22.186808+00:00,Downy-Mildew(240),Downy-Mildew (26).jpg,skipped,0.0000,0,
2026-07-30T12:30:22.186856+00:00,Downy-Mildew(240),Downy-Mildew (27).jpg,skipped,0.0000,0,
2026-07-30T12:30:22.186905+00:00,Downy-Mildew(240),Downy-Mildew (28).jpg,skipped,0.0000,0,
2026-07-30T12:30:22.186953+00:00,Downy-Mildew(240),Downy-Mildew (29).jpg,skipped,0.0000,0,
2026-07-30T12:30:22.187027+00:00,Downy-Mildew(240),Downy-Mildew (3).jpg,skipped,0.0000,0,
2026-07-30T12:30:22.187079+00:00,Downy-Mildew(240),Downy-Mildew (30).jpg,skipped,0.0000,0,
2026-07-30T12:30:22.187128+00:00,Downy-Mildew(240),Downy-Mildew (31).jpg,skipped,0.0000,0,
2026-07-30T12:30:22.187177+00:00,Downy-Mildew(240),Downy-Mildew (32).jpg,skipped,0.0000,0,
2026-07-30T12:30:22.187226+00:00,Downy-Mildew(240),Downy-Mildew (33).jpg,skipped,0.0000,0,
2026-07-30T12:30:22.187275+00:00,Downy-Mildew(240),Downy-Mildew (34).jpg,skipped,0.0000,0,
2026-07-30T12:30:22.187326+00:00,Downy-Mildew(240),Downy-Mildew (35).jpg,skipped,0.0000,0,
2026-07-30T12:30:22.187382+00:00,Downy-Mildew(240),Downy-Mildew (36).jpg,skipped,0.0000,0,
2026-07-30T12:30:22.187432+00:00,Downy-Mildew(240),Downy-Mildew (37).jpg,skipped,0.0000,0,
2026-07-30T12:30:22.187481+00:00,Downy-Mildew(240),Downy-Mildew (38).jpg,skipped,0.0000,0,
2026-07-30T12:30:22.187529+00:00,Downy-Mildew(240),Downy-Mildew (39).jpg,skipped,0.0000,0,
2026-07-30T12:30:22.187577+00:00,Downy-Mildew(240),Downy-Mildew (4).jpg,skipped,0.0000,0,
2026-07-30T12:30:22.187626+00:00,Downy-Mildew(240),Downy-Mildew (40).jpg,skipped,0.0000,0,
2026-07-30T12:30:22.187675+00:00,Downy-Mildew(240),Downy-Mildew (41).jpg,skipped,0.0000,0,
2026-07-30T12:30:22.187723+00:00,Downy-Mildew(240),Downy-Mildew (42).jpg,skipped,0.0000,0,
2026-07-30T12:30:22.187771+00:00,Downy-Mildew(240),Downy-Mildew (43).jpg,skipped,0.0000,0,
2026-07-30T12:30:22.187819+00:00,Downy-Mildew(240),Downy-Mildew (44).jpg,skipped,0.0000,0,
2026-07-30T12:30:22.187867+00:00,Downy-Mildew(240),Downy-Mildew (45).jpg,skipped,0.0000,0,
2026-07-30T12:30:22.187916+00:00,Downy-Mildew(240),Downy-Mildew (46).jpg,skipped,0.0000,0,
2026-07-30T12:30:22.187964+00:00,Downy-Mildew(240),Downy-Mildew (47).jpg,skipped,0.0000,0,
2026-07-30T12:30:22.188012+00:00,Downy-Mildew(240),Downy-Mildew (48).jpg,skipped,0.0000,0,
2026-07-30T12:30:22.188061+00:00,Downy-Mildew(240),Downy-Mildew (49).jpg,skipped,0.0000,0,
2026-07-30T12:30:22.188109+00:00,Downy-Mildew(240),Downy-Mildew (5).jpg,skipped,0.0000,0,
2026-07-30T12:30:22.188158+00:00,Downy-Mildew(240),Downy-Mildew (50).jpg,skipped,0.0000,0,
2026-07-30T12:30:22.188207+00:00,Downy-Mildew(240),Downy-Mildew (51).jpg,skipped,0.0000,0,
2026-07-30T12:30:22.188257+00:00,Downy-Mildew(240),Downy-Mildew (52).jpg,skipped,0.0000,0,
2026-07-30T12:30:22.188305+00:00,Downy-Mildew(240),Downy-Mildew (53).jpg,skipped,0.0000,0,
2026-07-30T12:30:22.188353+00:00,Downy-Mildew(240),Downy-Mildew (54).jpg,skipped,0.0000,0,
2026-07-30T12:30:22.188401+00:00,Downy-Mildew(240),Downy-Mildew (55).jpg,skipped,0.0000,0,
2026-07-30T12:30:22.188452+00:00,Downy-Mildew(240),Downy-Mildew (56).jpg,skipped,0.0000,0,
2026-07-30T12:30:22.188502+00:00,Downy-Mildew(240),Downy-Mildew (57).jpg,skipped,0.0000,0,
2026-07-30T12:30:22.188550+00:00,Downy-Mildew(240),Downy-Mildew (58).jpg,skipped,0.0000,0,
2026-07-30T12:30:22.188598+00:00,Downy-Mildew(240),Downy-Mildew (59).jpg,skipped,0.0000,0,
2026-07-30T12:30:22.188647+00:00,Downy-Mildew(240),Downy-Mildew (6).jpg,skipped,0.0000,0,
2026-07-30T12:30:22.188695+00:00,Downy-Mildew(240),Downy-Mildew (60).jpg,skipped,0.0000,0,
2026-07-30T12:30:22.188747+00:00,Downy-Mildew(240),Downy-Mildew (61).jpg,skipped,0.0000,0,
2026-07-30T12:30:22.188796+00:00,Downy-Mildew(240),Downy-Mildew (62).jpg,skipped,0.0000,0,
2026-07-30T12:30:22.188844+00:00,Downy-Mildew(240),Downy-Mildew (63).jpg,skipped,0.0000,0,
2026-07-30T12:30:22.188893+00:00,Downy-Mildew(240),Downy-Mildew (64).jpg,skipped,0.0000,0,
2026-07-30T12:30:22.188941+00:00,Downy-Mildew(240),Downy-Mildew (65).jpg,skipped,0.0000,0,
2026-07-30T12:30:22.188989+00:00,Downy-Mildew(240),Downy-Mildew (66).jpg,skipped,0.0000,0,
2026-07-30T12:30:22.189037+00:00,Downy-Mildew(240),Downy-Mildew (67).jpg,skipped,0.0000,0,
2026-07-30T12:30:22.189086+00:00,Downy-Mildew(240),Downy-Mildew (68).jpg,skipped,0.0000,0,
2026-07-30T12:30:22.189134+00:00,Downy-Mildew(240),Downy-Mildew (69).jpg,skipped,0.0000,0,
2026-07-30T12:30:22.189182+00:00,Downy-Mildew(240),Downy-Mildew (7).jpg,skipped,0.0000,0,
2026-07-30T12:30:22.189231+00:00,Downy-Mildew(240),Downy-Mildew (70).jpg,skipped,0.0000,0,
2026-07-30T12:30:22.189279+00:00,Downy-Mildew(240),Downy-Mildew (71).jpg,skipped,0.0000,0,
2026-07-30T12:30:22.189327+00:00,Downy-Mildew(240),Downy-Mildew (72).jpg,skipped,0.0000,0,
2026-07-30T12:30:22.189375+00:00,Downy-Mildew(240),Downy-Mildew (73).jpg,skipped,0.0000,0,
2026-07-30T12:30:22.189446+00:00,Downy-Mildew(240),Downy-Mildew (74).jpg,skipped,0.0000,0,
2026-07-30T12:30:22.189498+00:00,Downy-Mildew(240),Downy-Mildew (75).jpg,skipped,0.0000,0,
2026-07-30T12:30:22.189547+00:00,Downy-Mildew(240),Downy-Mildew (76).jpg,skipped,0.0000,0,
2026-07-30T12:30:22.189596+00:00,Downy-Mildew(240),Downy-Mildew (77).jpg,skipped,0.0000,0,
2026-07-30T12:30:22.189644+00:00,Downy-Mildew(240),Downy-Mildew (78).jpg,skipped,0.0000,0,
2026-07-30T12:30:22.189692+00:00,Downy-Mildew(240),Downy-Mildew (79).jpg,skipped,0.0000,0,
2026-07-30T12:30:22.189741+00:00,Downy-Mildew(240),Downy-Mildew (8).jpg,skipped,0.0000,0,
2026-07-30T12:30:22.189790+00:00,Downy-Mildew(240),Downy-Mildew (80).jpg,skipped,0.0000,0,
2026-07-30T12:30:22.189838+00:00,Downy-Mildew(240),Downy-Mildew (81).jpg,skipped,0.0000,0,
2026-07-30T12:30:22.189887+00:00,Downy-Mildew(240),Downy-Mildew (82).JPG,skipped,0.0000,0,
2026-07-30T12:30:22.189935+00:00,Downy-Mildew(240),Downy-Mildew (83).JPG,skipped,0.0000,0,
2026-07-30T12:30:22.189984+00:00,Downy-Mildew(240),Downy-Mildew (84).JPG,skipped,0.0000,0,
2026-07-30T12:30:22.190032+00:00,Downy-Mildew(240),Downy-Mildew (85).JPG,skipped,0.0000,0,
2026-07-30T12:30:22.190081+00:00,Downy-Mildew(240),Downy-Mildew (86).JPG,skipped,0.0000,0,
2026-07-30T12:30:22.190129+00:00,Downy-Mildew(240),Downy-Mildew (87).JPG,skipped,0.0000,0,
2026-07-30T12:30:22.190177+00:00,Downy-Mildew(240),Downy-Mildew (88).JPG,skipped,0.0000,0,
2026-07-30T12:30:22.190225+00:00,Downy-Mildew(240),Downy-Mildew (89).JPG,skipped,0.0000,0,
2026-07-30T12:30:22.190273+00:00,Downy-Mildew(240),Downy-Mildew (9).jpg,skipped,0.0000,0,
2026-07-30T12:30:22.190321+00:00,Downy-Mildew(240),Downy-Mildew (90).JPG,skipped,0.0000,0,
2026-07-30T12:30:22.190369+00:00,Downy-Mildew(240),Downy-Mildew (91).JPG,skipped,0.0000,0,
2026-07-30T12:30:22.190417+00:00,Downy-Mildew(240),Downy-Mildew (92).JPG,skipped,0.0000,0,
2026-07-30T12:30:22.190468+00:00,Downy-Mildew(240),Downy-Mildew (93).JPG,skipped,0.0000,0,
2026-07-30T12:30:22.190516+00:00,Downy-Mildew(240),Downy-Mildew (94).JPG,skipped,0.0000,0,
2026-07-30T12:30:22.190565+00:00,Downy-Mildew(240),Downy-Mildew (95).JPG,skipped,0.0000,0,
2026-07-30T12:30:22.190613+00:00,Downy-Mildew(240),Downy-Mildew (96).jpg,skipped,0.0000,0,
2026-07-30T12:30:22.190661+00:00,Downy-Mildew(240),Downy-Mildew (97).jpg,skipped,0.0000,0,
2026-07-30T12:30:22.190709+00:00,Downy-Mildew(240),Downy-Mildew (98).jpg,skipped,0.0000,0,
2026-07-30T12:30:22.190757+00:00,Downy-Mildew(240),Downy-Mildew (99).jpg,skipped,0.0000,0,
2026-07-30T12:30:22.190900+00:00,Healthy-Leaf(1399),Healthy-Leaf (1).jpg,skipped,0.0000,0,
2026-07-30T12:30:22.190957+00:00,Healthy-Leaf(1399),Healthy-Leaf (10).jpg,skipped,0.0000,0,
2026-07-30T12:30:22.191011+00:00,Healthy-Leaf(1399),Healthy-Leaf (100).jpg,skipped,0.0000,0,
2026-07-30T12:30:22.191061+00:00,Healthy-Leaf(1399),Healthy-Leaf (1000).JPG,skipped,0.0000,0,
2026-07-30T12:30:22.191115+00:00,Healthy-Leaf(1399),Healthy-Leaf (1001).JPG,skipped,0.0000,0,
2026-07-30T12:30:22.191166+00:00,Healthy-Leaf(1399),Healthy-Leaf (1002).JPG,skipped,0.0000,0,
2026-07-30T12:30:22.191249+00:00,Healthy-Leaf(1399),Healthy-Leaf (1003).JPG,skipped,0.0000,0,
2026-07-30T12:30:22.191306+00:00,Healthy-Leaf(1399),Healthy-Leaf (1004).JPG,skipped,0.0000,0,
2026-07-30T12:30:22.191358+00:00,Healthy-Leaf(1399),Healthy-Leaf (1005).JPG,skipped,0.0000,0,
2026-07-30T12:30:22.191411+00:00,Healthy-Leaf(1399),Healthy-Leaf (1006).JPG,skipped,0.0000,0,
2026-07-30T12:30:22.191464+00:00,Healthy-Leaf(1399),Healthy-Leaf (1007).JPG,skipped,0.0000,0,
2026-07-30T12:30:22.191518+00:00,Healthy-Leaf(1399),Healthy-Leaf (1008).JPG,skipped,0.0000,0,
2026-07-30T12:30:22.191571+00:00,Healthy-Leaf(1399),Healthy-Leaf (1009).JPG,skipped,0.0000,0,
2026-07-30T12:30:22.191625+00:00,Healthy-Leaf(1399),Healthy-Leaf (101).jpg,skipped,0.0000,0,
2026-07-30T12:30:22.191678+00:00,Healthy-Leaf(1399),Healthy-Leaf (1010).JPG,skipped,0.0000,0,
2026-07-30T12:30:22.191727+00:00,Healthy-Leaf(1399),Healthy-Leaf (1011).JPG,skipped,0.0000,0,
2026-07-30T12:30:22.191779+00:00,Healthy-Leaf(1399),Healthy-Leaf (1012).jpg,skipped,0.0000,0,
2026-07-30T12:30:22.191830+00:00,Healthy-Leaf(1399),Healthy-Leaf (1013).jpg,skipped,0.0000,0,
2026-07-30T12:30:22.191883+00:00,Healthy-Leaf(1399),Healthy-Leaf (1014).jpg,skipped,0.0000,0,
2026-07-30T12:30:22.191937+00:00,Healthy-Leaf(1399),Healthy-Leaf (1015).jpg,skipped,0.0000,0,
2026-07-30T12:30:22.191989+00:00,Healthy-Leaf(1399),Healthy-Leaf (1016).jpg,skipped,0.0000,0,
2026-07-30T12:30:22.192043+00:00,Healthy-Leaf(1399),Healthy-Leaf (1017).jpg,skipped,0.0000,0,
2026-07-30T12:30:22.192096+00:00,Healthy-Leaf(1399),Healthy-Leaf (1018).jpg,skipped,0.0000,0,
2026-07-30T12:30:22.192149+00:00,Healthy-Leaf(1399),Healthy-Leaf (1019).jpg,skipped,0.0000,0,
2026-07-30T12:30:22.192203+00:00,Healthy-Leaf(1399),Healthy-Leaf (102).jpg,skipped,0.0000,0,
2026-07-30T12:30:22.192256+00:00,Healthy-Leaf(1399),Healthy-Leaf (1020).jpg,skipped,0.0000,0,
2026-07-30T12:30:22.192309+00:00,Healthy-Leaf(1399),Healthy-Leaf (1021).jpg,skipped,0.0000,0,
2026-07-30T12:30:22.192365+00:00,Healthy-Leaf(1399),Healthy-Leaf (1022).jpg,skipped,0.0000,0,
2026-07-30T12:30:22.192414+00:00,Healthy-Leaf(1399),Healthy-Leaf (1023).jpg,skipped,0.0000,0,
2026-07-30T12:30:22.192466+00:00,Healthy-Leaf(1399),Healthy-Leaf (1024).jpg,skipped,0.0000,0,
2026-07-30T12:30:22.192518+00:00,Healthy-Leaf(1399),Healthy-Leaf (1025).jpg,skipped,0.0000,0,
2026-07-30T12:30:22.192607+00:00,Healthy-Leaf(1399),Healthy-Leaf (1026).jpg,skipped,0.0000,0,
2026-07-30T12:30:22.192777+00:00,Healthy-Leaf(1399),Healthy-Leaf (1027).jpg,skipped,0.0000,0,
2026-07-30T12:30:22.192842+00:00,Healthy-Leaf(1399),Healthy-Leaf (1028).jpg,skipped,0.0000,0,
2026-07-30T12:30:22.192901+00:00,Healthy-Leaf(1399),Healthy-Leaf (1029).jpg,skipped,0.0000,0,
2026-07-30T12:30:22.192948+00:00,Healthy-Leaf(1399),Healthy-Leaf (103).jpg,skipped,0.0000,0,
2026-07-30T12:30:22.192998+00:00,Healthy-Leaf(1399),Healthy-Leaf (1030).jpg,skipped,0.0000,0,
2026-07-30T12:30:22.193049+00:00,Healthy-Leaf(1399),Healthy-Leaf (1031).jpg,skipped,0.0000,0,
2026-07-30T12:30:22.193118+00:00,Healthy-Leaf(1399),Healthy-Leaf (1032).jpg,skipped,0.0000,0,
2026-07-30T12:30:22.193228+00:00,Healthy-Leaf(1399),Healthy-Leaf (1033).jpg,skipped,0.0000,0,
2026-07-30T12:30:22.193348+00:00,Healthy-Leaf(1399),Healthy-Leaf (1034).jpg,skipped,0.0000,0,
2026-07-30T12:30:22.193405+00:00,Healthy-Leaf(1399),Healthy-Leaf (1035).jpg,skipped,0.0000,0,
2026-07-30T12:30:22.193458+00:00,Healthy-Leaf(1399),Healthy-Leaf (1036).jpg,skipped,0.0000,0,
2026-07-30T12:30:22.193510+00:00,Healthy-Leaf(1399),Healthy-Leaf (1037).jpg,skipped,0.0000,0,
2026-07-30T12:30:22.193559+00:00,Healthy-Leaf(1399),Healthy-Leaf (1038).jpg,skipped,0.0000,0,
2026-07-30T12:30:22.193610+00:00,Healthy-Leaf(1399),Healthy-Leaf (1039).jpg,skipped,0.0000,0,
2026-07-30T12:30:22.193661+00:00,Healthy-Leaf(1399),Healthy-Leaf (104).jpg,skipped,0.0000,0,
2026-07-30T12:30:22.193710+00:00,Healthy-Leaf(1399),Healthy-Leaf (1040).jpg,skipped,0.0000,0,
2026-07-30T12:30:22.193758+00:00,Healthy-Leaf(1399),Healthy-Leaf (1041).jpg,skipped,0.0000,0,
2026-07-30T12:30:22.193805+00:00,Healthy-Leaf(1399),Healthy-Leaf (1042).jpg,skipped,0.0000,0,
2026-07-30T12:30:22.193854+00:00,Healthy-Leaf(1399),Healthy-Leaf (1043).jpg,skipped,0.0000,0,
2026-07-30T12:30:22.193902+00:00,Healthy-Leaf(1399),Healthy-Leaf (1044).jpg,skipped,0.0000,0,
2026-07-30T12:30:22.193949+00:00,Healthy-Leaf(1399),Healthy-Leaf (1045).jpg,skipped,0.0000,0,
2026-07-30T12:30:22.193996+00:00,Healthy-Leaf(1399),Healthy-Leaf (1046).jpg,skipped,0.0000,0,
2026-07-30T12:30:22.194044+00:00,Healthy-Leaf(1399),Healthy-Leaf (1047).jpg,skipped,0.0000,0,
2026-07-30T12:30:22.194094+00:00,Healthy-Leaf(1399),Healthy-Leaf (1048).jpg,skipped,0.0000,0,
2026-07-30T12:30:22.194144+00:00,Healthy-Leaf(1399),Healthy-Leaf (1049).jpg,skipped,0.0000,0,
2026-07-30T12:30:22.194193+00:00,Healthy-Leaf(1399),Healthy-Leaf (105).jpg,skipped,0.0000,0,
2026-07-30T12:30:22.194241+00:00,Healthy-Leaf(1399),Healthy-Leaf (1050).jpg,skipped,0.0000,0,
2026-07-30T12:30:22.194310+00:00,Healthy-Leaf(1399),Healthy-Leaf (1051).jpg,skipped,0.0000,0,
2026-07-30T12:30:22.194374+00:00,Healthy-Leaf(1399),Healthy-Leaf (1052).jpg,skipped,0.0000,0,
2026-07-30T12:30:22.194433+00:00,Healthy-Leaf(1399),Healthy-Leaf (1053).jpg,skipped,0.0000,0,
2026-07-30T12:30:22.194481+00:00,Healthy-Leaf(1399),Healthy-Leaf (1054).jpg,skipped,0.0000,0,
2026-07-30T12:30:22.194528+00:00,Healthy-Leaf(1399),Healthy-Leaf (1055).jpg,skipped,0.0000,0,
2026-07-30T12:30:22.194576+00:00,Healthy-Leaf(1399),Healthy-Leaf (1056).jpg,skipped,0.0000,0,
2026-07-30T12:30:22.194623+00:00,Healthy-Leaf(1399),Healthy-Leaf (1057).jpg,skipped,0.0000,0,
2026-07-30T12:30:22.194685+00:00,Healthy-Leaf(1399),Healthy-Leaf (1058).jpg,skipped,0.0000,0,
2026-07-30T12:30:22.194743+00:00,Healthy-Leaf(1399),Healthy-Leaf (1059).jpg,skipped,0.0000,0,
2026-07-30T12:30:22.194791+00:00,Healthy-Leaf(1399),Healthy-Leaf (106).jpg,skipped,0.0000,0,
2026-07-30T12:30:22.194859+00:00,Healthy-Leaf(1399),Healthy-Leaf (1060).jpg,skipped,0.0000,0,
2026-07-30T12:30:22.194910+00:00,Healthy-Leaf(1399),Healthy-Leaf (1061).jpg,skipped,0.0000,0,
2026-07-30T12:30:22.194959+00:00,Healthy-Leaf(1399),Healthy-Leaf (1062).jpg,skipped,0.0000,0,
2026-07-30T12:30:22.195007+00:00,Healthy-Leaf(1399),Healthy-Leaf (1063).jpg,skipped,0.0000,0,
2026-07-30T12:30:22.195054+00:00,Healthy-Leaf(1399),Healthy-Leaf (1064).jpg,skipped,0.0000,0,
2026-07-30T12:30:22.195105+00:00,Healthy-Leaf(1399),Healthy-Leaf (1065).jpg,skipped,0.0000,0,
2026-07-30T12:30:22.195157+00:00,Healthy-Leaf(1399),Healthy-Leaf (1066).jpg,skipped,0.0000,0,
2026-07-30T12:30:22.195207+00:00,Healthy-Leaf(1399),Healthy-Leaf (1067).jpg,skipped,0.0000,0,
2026-07-30T12:30:22.195255+00:00,Healthy-Leaf(1399),Healthy-Leaf (1068).jpg,skipped,0.0000,0,
2026-07-30T12:30:22.195303+00:00,Healthy-Leaf(1399),Healthy-Leaf (1069).jpg,skipped,0.0000,0,
2026-07-30T12:30:22.195353+00:00,Healthy-Leaf(1399),Healthy-Leaf (107).jpg,skipped,0.0000,0,
2026-07-30T12:30:22.195400+00:00,Healthy-Leaf(1399),Healthy-Leaf (1070).jpg,skipped,0.0000,0,
2026-07-30T12:30:22.195448+00:00,Healthy-Leaf(1399),Healthy-Leaf (1071).jpg,skipped,0.0000,0,
2026-07-30T12:30:22.195496+00:00,Healthy-Leaf(1399),Healthy-Leaf (1072).jpg,skipped,0.0000,0,
2026-07-30T12:30:22.195546+00:00,Healthy-Leaf(1399),Healthy-Leaf (1073).jpg,skipped,0.0000,0,
2026-07-30T12:30:22.195623+00:00,Healthy-Leaf(1399),Healthy-Leaf (1074).jpg,skipped,0.0000,0,
2026-07-30T12:30:22.195670+00:00,Healthy-Leaf(1399),Healthy-Leaf (1075).jpg,skipped,0.0000,0,
2026-07-30T12:30:22.195717+00:00,Healthy-Leaf(1399),Healthy-Leaf (1076).jpg,skipped,0.0000,0,
2026-07-30T12:30:22.195764+00:00,Healthy-Leaf(1399),Healthy-Leaf (1077).jpg,skipped,0.0000,0,
2026-07-30T12:30:22.195815+00:00,Healthy-Leaf(1399),Healthy-Leaf (1078).jpg,skipped,0.0000,0,
2026-07-30T12:30:22.195865+00:00,Healthy-Leaf(1399),Healthy-Leaf (1079).jpg,skipped,0.0000,0,
2026-07-30T12:30:22.195912+00:00,Healthy-Leaf(1399),Healthy-Leaf (108).jpg,skipped,0.0000,0,
2026-07-30T12:30:22.195958+00:00,Healthy-Leaf(1399),Healthy-Leaf (1080).jpg,skipped,0.0000,0,
2026-07-30T12:30:22.196005+00:00,Healthy-Leaf(1399),Healthy-Leaf (1081).jpg,skipped,0.0000,0,
2026-07-30T12:30:22.196051+00:00,Healthy-Leaf(1399),Healthy-Leaf (1082).jpg,skipped,0.0000,0,
2026-07-30T12:30:22.196098+00:00,Healthy-Leaf(1399),Healthy-Leaf (1083).jpg,skipped,0.0000,0,
2026-07-30T12:30:22.196145+00:00,Healthy-Leaf(1399),Healthy-Leaf (1084).jpg,skipped,0.0000,0,
2026-07-30T12:30:22.196191+00:00,Healthy-Leaf(1399),Healthy-Leaf (1085).jpg,skipped,0.0000,0,
2026-07-30T12:30:22.196238+00:00,Healthy-Leaf(1399),Healthy-Leaf (1086).jpg,skipped,0.0000,0,
2026-07-30T12:30:22.196285+00:00,Healthy-Leaf(1399),Healthy-Leaf (1087).jpg,skipped,0.0000,0,
2026-07-30T12:30:22.196353+00:00,Healthy-Leaf(1399),Healthy-Leaf (1088).jpg,skipped,0.0000,0,
2026-07-30T12:30:22.196421+00:00,Healthy-Leaf(1399),Healthy-Leaf (1089).jpg,skipped,0.0000,0,
2026-07-30T12:30:22.196474+00:00,Healthy-Leaf(1399),Healthy-Leaf (109).jpg,skipped,0.0000,0,
2026-07-30T12:30:22.196521+00:00,Healthy-Leaf(1399),Healthy-Leaf (1090).jpg,skipped,0.0000,0,
2026-07-30T12:30:22.196568+00:00,Healthy-Leaf(1399),Healthy-Leaf (1091).jpg,skipped,0.0000,0,
2026-07-30T12:30:22.196620+00:00,Healthy-Leaf(1399),Healthy-Leaf (1092).jpg,skipped,0.0000,0,
2026-07-30T12:30:22.196687+00:00,Healthy-Leaf(1399),Healthy-Leaf (1093).jpg,skipped,0.0000,0,
2026-07-30T12:30:22.196741+00:00,Healthy-Leaf(1399),Healthy-Leaf (1094).jpg,skipped,0.0000,0,
2026-07-30T12:30:22.196794+00:00,Healthy-Leaf(1399),Healthy-Leaf (1095).jpg,skipped,0.0000,0,
2026-07-30T12:30:22.197126+00:00,Healthy-Leaf(1399),Healthy-Leaf (1096).jpg,skipped,0.0000,0,
2026-07-30T12:30:22.197297+00:00,Healthy-Leaf(1399),Healthy-Leaf (1097).jpg,skipped,0.0000,0,
2026-07-30T12:30:22.197440+00:00,Healthy-Leaf(1399),Healthy-Leaf (1098).jpg,skipped,0.0000,0,
2026-07-30T12:30:22.197559+00:00,Healthy-Leaf(1399),Healthy-Leaf (1099).jpg,skipped,0.0000,0,
2026-07-30T12:30:22.197673+00:00,Healthy-Leaf(1399),Healthy-Leaf (11).jpg,skipped,0.0000,0,
2026-07-30T12:30:22.197783+00:00,Healthy-Leaf(1399),Healthy-Leaf (110).jpg,skipped,0.0000,0,
2026-07-30T12:30:22.197893+00:00,Healthy-Leaf(1399),Healthy-Leaf (1100).jpg,skipped,0.0000,0,
2026-07-30T12:30:22.198011+00:00,Healthy-Leaf(1399),Healthy-Leaf (1101).jpg,skipped,0.0000,0,
2026-07-30T12:30:22.198121+00:00,Healthy-Leaf(1399),Healthy-Leaf (1102).jpg,skipped,0.0000,0,
2026-07-30T12:30:22.198231+00:00,Healthy-Leaf(1399),Healthy-Leaf (1103).jpg,skipped,0.0000,0,
2026-07-30T12:30:22.198339+00:00,Healthy-Leaf(1399),Healthy-Leaf (1104).jpg,skipped,0.0000,0,
2026-07-30T12:30:22.198446+00:00,Healthy-Leaf(1399),Healthy-Leaf (1105).jpg,skipped,0.0000,0,
2026-07-30T12:30:22.198554+00:00,Healthy-Leaf(1399),Healthy-Leaf (1106).jpg,skipped,0.0000,0,
2026-07-30T12:30:22.198661+00:00,Healthy-Leaf(1399),Healthy-Leaf (1107).jpg,skipped,0.0000,0,
2026-07-30T12:30:22.198772+00:00,Healthy-Leaf(1399),Healthy-Leaf (1108).jpg,skipped,0.0000,0,
2026-07-30T12:30:22.198922+00:00,Healthy-Leaf(1399),Healthy-Leaf (1109).jpg,skipped,0.0000,0,
2026-07-30T12:30:22.199037+00:00,Healthy-Leaf(1399),Healthy-Leaf (111).jpg,skipped,0.0000,0,
2026-07-30T12:30:22.199145+00:00,Healthy-Leaf(1399),Healthy-Leaf (1110).jpg,skipped,0.0000,0,
2026-07-30T12:30:22.199253+00:00,Healthy-Leaf(1399),Healthy-Leaf (1111).jpg,skipped,0.0000,0,
2026-07-30T12:30:22.199361+00:00,Healthy-Leaf(1399),Healthy-Leaf (1112).jpg,skipped,0.0000,0,
2026-07-30T12:30:22.199467+00:00,Healthy-Leaf(1399),Healthy-Leaf (1113).jpg,skipped,0.0000,0,
2026-07-30T12:30:22.199573+00:00,Healthy-Leaf(1399),Healthy-Leaf (1114).jpg,skipped,0.0000,0,
2026-07-30T12:30:22.199677+00:00,Healthy-Leaf(1399),Healthy-Leaf (1115).jpg,skipped,0.0000,0,
2026-07-30T12:30:22.199743+00:00,Healthy-Leaf(1399),Healthy-Leaf (1116).jpg,skipped,0.0000,0,
2026-07-30T12:30:22.199807+00:00,Healthy-Leaf(1399),Healthy-Leaf (1117).jpg,skipped,0.0000,0,
2026-07-30T12:30:22.199877+00:00,Healthy-Leaf(1399),Healthy-Leaf (1118).jpg,skipped,0.0000,0,
2026-07-30T12:30:22.199943+00:00,Healthy-Leaf(1399),Healthy-Leaf (1119).jpg,skipped,0.0000,0,
2026-07-30T12:30:22.200008+00:00,Healthy-Leaf(1399),Healthy-Leaf (112).jpg,skipped,0.0000,0,
2026-07-30T12:30:22.200073+00:00,Healthy-Leaf(1399),Healthy-Leaf (1120).jpg,skipped,0.0000,0,
2026-07-30T12:30:22.200138+00:00,Healthy-Leaf(1399),Healthy-Leaf (1121).jpg,skipped,0.0000,0,
2026-07-30T12:30:22.200203+00:00,Healthy-Leaf(1399),Healthy-Leaf (1122).jpg,skipped,0.0000,0,
2026-07-30T12:30:22.200268+00:00,Healthy-Leaf(1399),Healthy-Leaf (1123).jpg,skipped,0.0000,0,
2026-07-30T12:30:22.200333+00:00,Healthy-Leaf(1399),Healthy-Leaf (1124).jpg,skipped,0.0000,0,
2026-07-30T12:30:22.200399+00:00,Healthy-Leaf(1399),Healthy-Leaf (1125).jpg,skipped,0.0000,0,
2026-07-30T12:30:22.200465+00:00,Healthy-Leaf(1399),Healthy-Leaf (1126).jpg,skipped,0.0000,0,
2026-07-30T12:30:22.200530+00:00,Healthy-Leaf(1399),Healthy-Leaf (1127).jpg,skipped,0.0000,0,
2026-07-30T12:30:22.200595+00:00,Healthy-Leaf(1399),Healthy-Leaf (1128).jpg,skipped,0.0000,0,
2026-07-30T12:30:22.200660+00:00,Healthy-Leaf(1399),Healthy-Leaf (1129).jpg,skipped,0.0000,0,
2026-07-30T12:30:22.200726+00:00,Healthy-Leaf(1399),Healthy-Leaf (113).jpg,skipped,0.0000,0,
2026-07-30T12:30:22.200792+00:00,Healthy-Leaf(1399),Healthy-Leaf (1130).jpg,skipped,0.0000,0,
2026-07-30T12:30:22.200857+00:00,Healthy-Leaf(1399),Healthy-Leaf (1131).jpg,skipped,0.0000,0,
2026-07-30T12:30:22.200921+00:00,Healthy-Leaf(1399),Healthy-Leaf (1132).jpg,skipped,0.0000,0,
2026-07-30T12:30:22.200986+00:00,Healthy-Leaf(1399),Healthy-Leaf (1133).jpg,skipped,0.0000,0,
2026-07-30T12:30:22.201052+00:00,Healthy-Leaf(1399),Healthy-Leaf (1134).jpg,skipped,0.0000,0,
2026-07-30T12:30:22.201116+00:00,Healthy-Leaf(1399),Healthy-Leaf (1135).jpg,skipped,0.0000,0,
2026-07-30T12:30:22.201181+00:00,Healthy-Leaf(1399),Healthy-Leaf (1136).jpg,skipped,0.0000,0,
2026-07-30T12:30:22.201246+00:00,Healthy-Leaf(1399),Healthy-Leaf (1137).jpg,skipped,0.0000,0,
2026-07-30T12:30:22.201311+00:00,Healthy-Leaf(1399),Healthy-Leaf (1138).jpg,skipped,0.0000,0,
2026-07-30T12:30:22.201403+00:00,Healthy-Leaf(1399),Healthy-Leaf (1139).jpg,skipped,0.0000,0,
2026-07-30T12:30:22.201473+00:00,Healthy-Leaf(1399),Healthy-Leaf (114).jpg,skipped,0.0000,0,
2026-07-30T12:30:22.201549+00:00,Healthy-Leaf(1399),Healthy-Leaf (1140).jpg,skipped,0.0000,0,
2026-07-30T12:30:22.201643+00:00,Healthy-Leaf(1399),Healthy-Leaf (1141).jpg,skipped,0.0000,0,
2026-07-30T12:30:22.201743+00:00,Healthy-Leaf(1399),Healthy-Leaf (1142).jpg,skipped,0.0000,0,
2026-07-30T12:30:22.201813+00:00,Healthy-Leaf(1399),Healthy-Leaf (1143).jpg,skipped,0.0000,0,
2026-07-30T12:30:22.201905+00:00,Healthy-Leaf(1399),Healthy-Leaf (1144).jpg,skipped,0.0000,0,
2026-07-30T12:30:22.201998+00:00,Healthy-Leaf(1399),Healthy-Leaf (1145).jpg,skipped,0.0000,0,
2026-07-30T12:30:22.202090+00:00,Healthy-Leaf(1399),Healthy-Leaf (1146).jpg,skipped,0.0000,0,
2026-07-30T12:30:22.202157+00:00,Healthy-Leaf(1399),Healthy-Leaf (1147).jpg,skipped,0.0000,0,
2026-07-30T12:30:22.202258+00:00,Healthy-Leaf(1399),Healthy-Leaf (1148).jpg,skipped,0.0000,0,
2026-07-30T12:30:22.202358+00:00,Healthy-Leaf(1399),Healthy-Leaf (1149).jpg,skipped,0.0000,0,
2026-07-30T12:30:22.202428+00:00,Healthy-Leaf(1399),Healthy-Leaf (115).jpg,skipped,0.0000,0,
2026-07-30T12:30:22.202552+00:00,Healthy-Leaf(1399),Healthy-Leaf (1150).jpg,skipped,0.0000,0,
2026-07-30T12:30:22.202622+00:00,Healthy-Leaf(1399),Healthy-Leaf (1151).jpg,skipped,0.0000,0,
2026-07-30T12:30:22.202713+00:00,Healthy-Leaf(1399),Healthy-Leaf (1152).jpg,skipped,0.0000,0,
2026-07-30T12:30:22.202806+00:00,Healthy-Leaf(1399),Healthy-Leaf (1153).jpg,skipped,0.0000,0,
2026-07-30T12:30:22.202900+00:00,Healthy-Leaf(1399),Healthy-Leaf (1154).jpg,skipped,0.0000,0,
2026-07-30T12:30:22.202993+00:00,Healthy-Leaf(1399),Healthy-Leaf (1155).jpg,skipped,0.0000,0,
2026-07-30T12:30:22.203063+00:00,Healthy-Leaf(1399),Healthy-Leaf (1156).jpg,skipped,0.0000,0,
2026-07-30T12:30:22.203136+00:00,Healthy-Leaf(1399),Healthy-Leaf (1157).jpg,skipped,0.0000,0,
2026-07-30T12:30:22.203234+00:00,Healthy-Leaf(1399),Healthy-Leaf (1158).jpg,skipped,0.0000,0,
2026-07-30T12:30:22.203302+00:00,Healthy-Leaf(1399),Healthy-Leaf (1159).jpg,skipped,0.0000,0,
2026-07-30T12:30:22.203382+00:00,Healthy-Leaf(1399),Healthy-Leaf (116).jpg,skipped,0.0000,0,
2026-07-30T12:30:22.203445+00:00,Healthy-Leaf(1399),Healthy-Leaf (1160).jpg,skipped,0.0000,0,
2026-07-30T12:30:22.203505+00:00,Healthy-Leaf(1399),Healthy-Leaf (1161).jpg,skipped,0.0000,0,
2026-07-30T12:30:22.203572+00:00,Healthy-Leaf(1399),Healthy-Leaf (1162).jpg,skipped,0.0000,0,
2026-07-30T12:30:22.203631+00:00,Healthy-Leaf(1399),Healthy-Leaf (1163).jpg,skipped,0.0000,0,
2026-07-30T12:30:22.203689+00:00,Healthy-Leaf(1399),Healthy-Leaf (1164).jpg,skipped,0.0000,0,
2026-07-30T12:30:22.203748+00:00,Healthy-Leaf(1399),Healthy-Leaf (1165).jpg,skipped,0.0000,0,
2026-07-30T12:30:22.203807+00:00,Healthy-Leaf(1399),Healthy-Leaf (1166).jpg,skipped,0.0000,0,
2026-07-30T12:30:22.203867+00:00,Healthy-Leaf(1399),Healthy-Leaf (1167).jpg,skipped,0.0000,0,
2026-07-30T12:30:22.203933+00:00,Healthy-Leaf(1399),Healthy-Leaf (1168).jpg,skipped,0.0000,0,
2026-07-30T12:30:22.203993+00:00,Healthy-Leaf(1399),Healthy-Leaf (1169).jpg,skipped,0.0000,0,
2026-07-30T12:30:22.204075+00:00,Healthy-Leaf(1399),Healthy-Leaf (117).jpg,skipped,0.0000,0,
2026-07-30T12:30:22.204138+00:00,Healthy-Leaf(1399),Healthy-Leaf (1170).jpg,skipped,0.0000,0,
2026-07-30T12:30:22.204218+00:00,Healthy-Leaf(1399),Healthy-Leaf (1171).jpg,skipped,0.0000,0,
2026-07-30T12:30:22.204302+00:00,Healthy-Leaf(1399),Healthy-Leaf (1172).jpg,skipped,0.0000,0,
2026-07-30T12:30:22.204365+00:00,Healthy-Leaf(1399),Healthy-Leaf (1173).jpg,skipped,0.0000,0,
2026-07-30T12:30:22.204425+00:00,Healthy-Leaf(1399),Healthy-Leaf (1174).jpg,skipped,0.0000,0,
2026-07-30T12:30:22.204484+00:00,Healthy-Leaf(1399),Healthy-Leaf (1175).jpg,skipped,0.0000,0,
2026-07-30T12:30:22.204544+00:00,Healthy-Leaf(1399),Healthy-Leaf (1176).jpg,skipped,0.0000,0,
2026-07-30T12:30:22.204603+00:00,Healthy-Leaf(1399),Healthy-Leaf (1177).jpg,skipped,0.0000,0,
2026-07-30T12:30:22.204686+00:00,Healthy-Leaf(1399),Healthy-Leaf (1178).jpg,skipped,0.0000,0,
2026-07-30T12:30:22.204773+00:00,Healthy-Leaf(1399),Healthy-Leaf (1179).jpg,skipped,0.0000,0,
2026-07-30T12:30:22.204858+00:00,Healthy-Leaf(1399),Healthy-Leaf (118).jpg,skipped,0.0000,0,
2026-07-30T12:30:22.204940+00:00,Healthy-Leaf(1399),Healthy-Leaf (1180).jpg,skipped,0.0000,0,
2026-07-30T12:30:22.205004+00:00,Healthy-Leaf(1399),Healthy-Leaf (1181).jpg,skipped,0.0000,0,
2026-07-30T12:30:22.205084+00:00,Healthy-Leaf(1399),Healthy-Leaf (1182).jpg,skipped,0.0000,0,
2026-07-30T12:30:22.205167+00:00,Healthy-Leaf(1399),Healthy-Leaf (1183).jpg,skipped,0.0000,0,
2026-07-30T12:30:22.205249+00:00,Healthy-Leaf(1399),Healthy-Leaf (1184).jpg,skipped,0.0000,0,
2026-07-30T12:30:22.205333+00:00,Healthy-Leaf(1399),Healthy-Leaf (1185).jpg,skipped,0.0000,0,
2026-07-30T12:30:22.205420+00:00,Healthy-Leaf(1399),Healthy-Leaf (1186).jpg,skipped,0.0000,0,
2026-07-30T12:30:22.205506+00:00,Healthy-Leaf(1399),Healthy-Leaf (1187).jpg,skipped,0.0000,0,
2026-07-30T12:30:22.205591+00:00,Healthy-Leaf(1399),Healthy-Leaf (1188).jpg,skipped,0.0000,0,
2026-07-30T12:30:22.205672+00:00,Healthy-Leaf(1399),Healthy-Leaf (1189).jpg,skipped,0.0000,0,
2026-07-30T12:30:22.205754+00:00,Healthy-Leaf(1399),Healthy-Leaf (119).jpg,skipped,0.0000,0,
2026-07-30T12:30:22.205837+00:00,Healthy-Leaf(1399),Healthy-Leaf (1190).jpg,skipped,0.0000,0,
2026-07-30T12:30:22.205920+00:00,Healthy-Leaf(1399),Healthy-Leaf (1191).jpg,skipped,0.0000,0,
2026-07-30T12:30:22.206005+00:00,Healthy-Leaf(1399),Healthy-Leaf (1192).jpg,skipped,0.0000,0,
2026-07-30T12:30:22.206077+00:00,Healthy-Leaf(1399),Healthy-Leaf (1193).jpg,skipped,0.0000,0,
2026-07-30T12:30:22.206173+00:00,Healthy-Leaf(1399),Healthy-Leaf (1194).jpg,skipped,0.0000,0,
2026-07-30T12:30:22.206250+00:00,Healthy-Leaf(1399),Healthy-Leaf (1195).jpg,skipped,0.0000,0,
2026-07-30T12:30:22.206327+00:00,Healthy-Leaf(1399),Healthy-Leaf (1196).jpg,skipped,0.0000,0,
2026-07-30T12:30:22.206401+00:00,Healthy-Leaf(1399),Healthy-Leaf (1197).jpg,skipped,0.0000,0,
2026-07-30T12:30:22.206477+00:00,Healthy-Leaf(1399),Healthy-Leaf (1198).jpg,skipped,0.0000,0,
2026-07-30T12:30:22.206553+00:00,Healthy-Leaf(1399),Healthy-Leaf (1199).jpg,skipped,0.0000,0,
2026-07-30T12:30:22.206628+00:00,Healthy-Leaf(1399),Healthy-Leaf (12).jpg,skipped,0.0000,0,
2026-07-30T12:30:22.206705+00:00,Healthy-Leaf(1399),Healthy-Leaf (120).jpg,skipped,0.0000,0,
2026-07-30T12:30:22.206783+00:00,Healthy-Leaf(1399),Healthy-Leaf (1200).jpg,skipped,0.0000,0,
2026-07-30T12:30:22.206859+00:00,Healthy-Leaf(1399),Healthy-Leaf (1201).jpg,skipped,0.0000,0,
2026-07-30T12:30:22.206917+00:00,Healthy-Leaf(1399),Healthy-Leaf (1202).jpg,skipped,0.0000,0,
2026-07-30T12:30:22.206992+00:00,Healthy-Leaf(1399),Healthy-Leaf (1203).jpg,skipped,0.0000,0,
2026-07-30T12:30:22.207069+00:00,Healthy-Leaf(1399),Healthy-Leaf (1204).jpg,skipped,0.0000,0,
2026-07-30T12:30:22.207143+00:00,Healthy-Leaf(1399),Healthy-Leaf (1205).jpg,skipped,0.0000,0,
2026-07-30T12:30:22.207201+00:00,Healthy-Leaf(1399),Healthy-Leaf (1206).jpg,skipped,0.0000,0,
2026-07-30T12:30:22.207255+00:00,Healthy-Leaf(1399),Healthy-Leaf (1207).jpg,skipped,0.0000,0,
2026-07-30T12:30:22.207329+00:00,Healthy-Leaf(1399),Healthy-Leaf (1208).jpg,skipped,0.0000,0,
2026-07-30T12:30:22.207404+00:00,Healthy-Leaf(1399),Healthy-Leaf (1209).jpg,skipped,0.0000,0,
2026-07-30T12:30:22.207480+00:00,Healthy-Leaf(1399),Healthy-Leaf (121).jpg,skipped,0.0000,0,
2026-07-30T12:30:22.207558+00:00,Healthy-Leaf(1399),Healthy-Leaf (1210).jpg,skipped,0.0000,0,
2026-07-30T12:30:22.207633+00:00,Healthy-Leaf(1399),Healthy-Leaf (1211).jpg,skipped,0.0000,0,
2026-07-30T12:30:22.207709+00:00,Healthy-Leaf(1399),Healthy-Leaf (1212).jpg,skipped,0.0000,0,
2026-07-30T12:30:22.207785+00:00,Healthy-Leaf(1399),Healthy-Leaf (1213).jpg,skipped,0.0000,0,
2026-07-30T12:30:22.207860+00:00,Healthy-Leaf(1399),Healthy-Leaf (1214).jpg,skipped,0.0000,0,
2026-07-30T12:30:22.207941+00:00,Healthy-Leaf(1399),Healthy-Leaf (1215).jpg,skipped,0.0000,0,
2026-07-30T12:30:22.208017+00:00,Healthy-Leaf(1399),Healthy-Leaf (1216).jpg,skipped,0.0000,0,
2026-07-30T12:30:22.208092+00:00,Healthy-Leaf(1399),Healthy-Leaf (1217).jpg,skipped,0.0000,0,
2026-07-30T12:30:22.208172+00:00,Healthy-Leaf(1399),Healthy-Leaf (1218).jpg,skipped,0.0000,0,
2026-07-30T12:30:22.208248+00:00,Healthy-Leaf(1399),Healthy-Leaf (1219).jpg,skipped,0.0000,0,
2026-07-30T12:30:22.208324+00:00,Healthy-Leaf(1399),Healthy-Leaf (122).jpg,skipped,0.0000,0,
2026-07-30T12:30:22.208399+00:00,Healthy-Leaf(1399),Healthy-Leaf (1220).jpg,skipped,0.0000,0,
2026-07-30T12:30:22.208473+00:00,Healthy-Leaf(1399),Healthy-Leaf (1221).jpg,skipped,0.0000,0,
2026-07-30T12:30:22.208549+00:00,Healthy-Leaf(1399),Healthy-Leaf (1222).jpg,skipped,0.0000,0,
2026-07-30T12:30:22.208624+00:00,Healthy-Leaf(1399),Healthy-Leaf (1223).jpg,skipped,0.0000,0,
2026-07-30T12:30:22.208707+00:00,Healthy-Leaf(1399),Healthy-Leaf (1224).jpg,skipped,0.0000,0,
2026-07-30T12:30:22.208783+00:00,Healthy-Leaf(1399),Healthy-Leaf (1225).jpg,skipped,0.0000,0,
2026-07-30T12:30:22.208854+00:00,Healthy-Leaf(1399),Healthy-Leaf (1226).jpg,skipped,0.0000,0,
2026-07-30T12:30:22.208924+00:00,Healthy-Leaf(1399),Healthy-Leaf (1227).jpg,skipped,0.0000,0,
2026-07-30T12:30:22.208994+00:00,Healthy-Leaf(1399),Healthy-Leaf (1228).jpg,skipped,0.0000,0,
2026-07-30T12:30:22.209064+00:00,Healthy-Leaf(1399),Healthy-Leaf (1229).jpg,skipped,0.0000,0,
2026-07-30T12:30:22.209133+00:00,Healthy-Leaf(1399),Healthy-Leaf (123).jpg,skipped,0.0000,0,
2026-07-30T12:30:22.209203+00:00,Healthy-Leaf(1399),Healthy-Leaf (1230).jpg,skipped,0.0000,0,
2026-07-30T12:30:22.209273+00:00,Healthy-Leaf(1399),Healthy-Leaf (1231).jpg,skipped,0.0000,0,
2026-07-30T12:30:22.209345+00:00,Healthy-Leaf(1399),Healthy-Leaf (1232).jpg,skipped,0.0000,0,
2026-07-30T12:30:22.209415+00:00,Healthy-Leaf(1399),Healthy-Leaf (1233).jpg,skipped,0.0000,0,
2026-07-30T12:30:22.209709+00:00,Healthy-Leaf(1399),Healthy-Leaf (1234).jpg,skipped,0.0000,0,
2026-07-30T12:30:22.209849+00:00,Healthy-Leaf(1399),Healthy-Leaf (1235).jpg,skipped,0.0000,0,
2026-07-30T12:30:22.209967+00:00,Healthy-Leaf(1399),Healthy-Leaf (1236).jpg,skipped,0.0000,0,
2026-07-30T12:30:22.210062+00:00,Healthy-Leaf(1399),Healthy-Leaf (1237).jpg,skipped,0.0000,0,
2026-07-30T12:30:22.210142+00:00,Healthy-Leaf(1399),Healthy-Leaf (1238).jpg,skipped,0.0000,0,
2026-07-30T12:30:22.210217+00:00,Healthy-Leaf(1399),Healthy-Leaf (1239).jpg,skipped,0.0000,0,
2026-07-30T12:30:22.210299+00:00,Healthy-Leaf(1399),Healthy-Leaf (124).jpg,skipped,0.0000,0,
2026-07-30T12:30:22.210369+00:00,Healthy-Leaf(1399),Healthy-Leaf (1240).jpg,skipped,0.0000,0,
2026-07-30T12:30:22.210438+00:00,Healthy-Leaf(1399),Healthy-Leaf (1241).jpg,skipped,0.0000,0,
2026-07-30T12:30:22.210491+00:00,Healthy-Leaf(1399),Healthy-Leaf (1242).jpg,skipped,0.0000,0,
2026-07-30T12:30:22.210540+00:00,Healthy-Leaf(1399),Healthy-Leaf (1243).jpg,skipped,0.0000,0,
2026-07-30T12:30:22.210607+00:00,Healthy-Leaf(1399),Healthy-Leaf (1244).jpg,skipped,0.0000,0,
2026-07-30T12:30:22.210674+00:00,Healthy-Leaf(1399),Healthy-Leaf (1245).jpg,skipped,0.0000,0,
2026-07-30T12:30:22.210740+00:00,Healthy-Leaf(1399),Healthy-Leaf (1246).jpg,skipped,0.0000,0,
2026-07-30T12:30:22.210809+00:00,Healthy-Leaf(1399),Healthy-Leaf (1247).jpg,skipped,0.0000,0,
2026-07-30T12:30:22.210877+00:00,Healthy-Leaf(1399),Healthy-Leaf (1248).jpg,skipped,0.0000,0,
2026-07-30T12:30:22.210928+00:00,Healthy-Leaf(1399),Healthy-Leaf (1249).jpg,skipped,0.0000,0,
2026-07-30T12:30:22.210995+00:00,Healthy-Leaf(1399),Healthy-Leaf (125).jpg,skipped,0.0000,0,
2026-07-30T12:30:22.211063+00:00,Healthy-Leaf(1399),Healthy-Leaf (1250).jpg,skipped,0.0000,0,
2026-07-30T12:30:22.211131+00:00,Healthy-Leaf(1399),Healthy-Leaf (1251).jpg,skipped,0.0000,0,
2026-07-30T12:30:22.211199+00:00,Healthy-Leaf(1399),Healthy-Leaf (1252).jpg,skipped,0.0000,0,
2026-07-30T12:30:22.211266+00:00,Healthy-Leaf(1399),Healthy-Leaf (1253).jpg,skipped,0.0000,0,
2026-07-30T12:30:22.211332+00:00,Healthy-Leaf(1399),Healthy-Leaf (1254).jpg,skipped,0.0000,0,
2026-07-30T12:30:22.211399+00:00,Healthy-Leaf(1399),Healthy-Leaf (1255).jpg,skipped,0.0000,0,
2026-07-30T12:30:22.211449+00:00,Healthy-Leaf(1399),Healthy-Leaf (1256).jpg,skipped,0.0000,0,
2026-07-30T12:30:22.211498+00:00,Healthy-Leaf(1399),Healthy-Leaf (1257).jpg,skipped,0.0000,0,
2026-07-30T12:30:22.211564+00:00,Healthy-Leaf(1399),Healthy-Leaf (1258).jpg,skipped,0.0000,0,
2026-07-30T12:30:22.211632+00:00,Healthy-Leaf(1399),Healthy-Leaf (1259).jpg,skipped,0.0000,0,
2026-07-30T12:30:22.211702+00:00,Healthy-Leaf(1399),Healthy-Leaf (126).jpg,skipped,0.0000,0,
2026-07-30T12:30:22.211771+00:00,Healthy-Leaf(1399),Healthy-Leaf (1260).jpg,skipped,0.0000,0,
2026-07-30T12:30:22.211838+00:00,Healthy-Leaf(1399),Healthy-Leaf (1261).jpg,skipped,0.0000,0,
2026-07-30T12:30:22.211904+00:00,Healthy-Leaf(1399),Healthy-Leaf (1262).jpg,skipped,0.0000,0,
2026-07-30T12:30:22.211971+00:00,Healthy-Leaf(1399),Healthy-Leaf (1263).jpg,skipped,0.0000,0,
2026-07-30T12:30:22.212042+00:00,Healthy-Leaf(1399),Healthy-Leaf (1264).jpg,skipped,0.0000,0,
2026-07-30T12:30:22.212109+00:00,Healthy-Leaf(1399),Healthy-Leaf (1265).jpg,skipped,0.0000,0,
2026-07-30T12:30:22.212177+00:00,Healthy-Leaf(1399),Healthy-Leaf (1266).jpg,skipped,0.0000,0,
2026-07-30T12:30:22.212961+00:00,Healthy-Leaf(1399),Healthy-Leaf (1267).jpg,skipped,0.0000,0,
2026-07-30T12:30:22.213144+00:00,Healthy-Leaf(1399),Healthy-Leaf (1268).jpg,skipped,0.0000,0,
2026-07-30T12:30:22.213223+00:00,Healthy-Leaf(1399),Healthy-Leaf (1269).jpg,skipped,0.0000,0,
2026-07-30T12:30:22.213515+00:00,Healthy-Leaf(1399),Healthy-Leaf (127).jpg,skipped,0.0000,0,
2026-07-30T12:30:22.213641+00:00,Healthy-Leaf(1399),Healthy-Leaf (1270).jpg,skipped,0.0000,0,
2026-07-30T12:30:22.213729+00:00,Healthy-Leaf(1399),Healthy-Leaf (1271).jpg,skipped,0.0000,0,
2026-07-30T12:30:22.213819+00:00,Healthy-Leaf(1399),Healthy-Leaf (1272).jpg,skipped,0.0000,0,
2026-07-30T12:30:22.213899+00:00,Healthy-Leaf(1399),Healthy-Leaf (1273).jpg,skipped,0.0000,0,
2026-07-30T12:30:22.213981+00:00,Healthy-Leaf(1399),Healthy-Leaf (1274).jpg,skipped,0.0000,0,
2026-07-30T12:30:22.214069+00:00,Healthy-Leaf(1399),Healthy-Leaf (1275).jpg,skipped,0.0000,0,
2026-07-30T12:30:22.214141+00:00,Healthy-Leaf(1399),Healthy-Leaf (1276).jpg,skipped,0.0000,0,
2026-07-30T12:30:22.214212+00:00,Healthy-Leaf(1399),Healthy-Leaf (1277).jpg,skipped,0.0000,0,
2026-07-30T12:30:22.214284+00:00,Healthy-Leaf(1399),Healthy-Leaf (1278).jpg,skipped,0.0000,0,
2026-07-30T12:30:22.214355+00:00,Healthy-Leaf(1399),Healthy-Leaf (1279).jpg,skipped,0.0000,0,
2026-07-30T12:30:22.214426+00:00,Healthy-Leaf(1399),Healthy-Leaf (128).jpg,skipped,0.0000,0,
2026-07-30T12:30:22.214496+00:00,Healthy-Leaf(1399),Healthy-Leaf (1280).jpg,skipped,0.0000,0,
2026-07-30T12:30:22.214568+00:00,Healthy-Leaf(1399),Healthy-Leaf (1281).jpg,skipped,0.0000,0,
2026-07-30T12:30:22.214640+00:00,Healthy-Leaf(1399),Healthy-Leaf (1282).jpg,skipped,0.0000,0,
2026-07-30T12:30:22.214710+00:00,Healthy-Leaf(1399),Healthy-Leaf (1283).jpg,skipped,0.0000,0,
2026-07-30T12:30:22.214777+00:00,Healthy-Leaf(1399),Healthy-Leaf (1284).jpg,skipped,0.0000,0,
2026-07-30T12:30:22.214847+00:00,Healthy-Leaf(1399),Healthy-Leaf (1285).jpg,skipped,0.0000,0,
2026-07-30T12:30:22.214917+00:00,Healthy-Leaf(1399),Healthy-Leaf (1286).jpg,skipped,0.0000,0,
2026-07-30T12:30:22.214970+00:00,Healthy-Leaf(1399),Healthy-Leaf (1287).jpg,skipped,0.0000,0,
2026-07-30T12:30:22.215038+00:00,Healthy-Leaf(1399),Healthy-Leaf (1288).jpg,skipped,0.0000,0,
2026-07-30T12:30:22.215110+00:00,Healthy-Leaf(1399),Healthy-Leaf (1289).jpg,skipped,0.0000,0,
2026-07-30T12:30:22.215182+00:00,Healthy-Leaf(1399),Healthy-Leaf (129).jpg,skipped,0.0000,0,
2026-07-30T12:30:22.215253+00:00,Healthy-Leaf(1399),Healthy-Leaf (1290).jpg,skipped,0.0000,0,
2026-07-30T12:30:22.215322+00:00,Healthy-Leaf(1399),Healthy-Leaf (1291).jpg,skipped,0.0000,0,
2026-07-30T12:30:22.215391+00:00,Healthy-Leaf(1399),Healthy-Leaf (1292).jpg,skipped,0.0000,0,
2026-07-30T12:30:22.215445+00:00,Healthy-Leaf(1399),Healthy-Leaf (1293).jpg,skipped,0.0000,0,
2026-07-30T12:30:22.215513+00:00,Healthy-Leaf(1399),Healthy-Leaf (1294).jpg,skipped,0.0000,0,
2026-07-30T12:30:22.215593+00:00,Healthy-Leaf(1399),Healthy-Leaf (1295).jpg,skipped,0.0000,0,
2026-07-30T12:30:22.215661+00:00,Healthy-Leaf(1399),Healthy-Leaf (1296).jpg,skipped,0.0000,0,
2026-07-30T12:30:22.215710+00:00,Healthy-Leaf(1399),Healthy-Leaf (1297).jpg,skipped,0.0000,0,
2026-07-30T12:30:22.215774+00:00,Healthy-Leaf(1399),Healthy-Leaf (1298).jpg,skipped,0.0000,0,
2026-07-30T12:30:22.215840+00:00,Healthy-Leaf(1399),Healthy-Leaf (1299).jpg,skipped,0.0000,0,
2026-07-30T12:30:22.215906+00:00,Healthy-Leaf(1399),Healthy-Leaf (13).jpg,skipped,0.0000,0,
2026-07-30T12:30:22.215971+00:00,Healthy-Leaf(1399),Healthy-Leaf (130).jpg,skipped,0.0000,0,
2026-07-30T12:30:22.216036+00:00,Healthy-Leaf(1399),Healthy-Leaf (1300).jpg,skipped,0.0000,0,
2026-07-30T12:30:22.216101+00:00,Healthy-Leaf(1399),Healthy-Leaf (1301).jpg,skipped,0.0000,0,
2026-07-30T12:30:22.216170+00:00,Healthy-Leaf(1399),Healthy-Leaf (1302).jpg,skipped,0.0000,0,
2026-07-30T12:30:22.216235+00:00,Healthy-Leaf(1399),Healthy-Leaf (1303).jpg,skipped,0.0000,0,
2026-07-30T12:30:22.216301+00:00,Healthy-Leaf(1399),Healthy-Leaf (1304).jpg,skipped,0.0000,0,
2026-07-30T12:30:22.216368+00:00,Healthy-Leaf(1399),Healthy-Leaf (1305).jpg,skipped,0.0000,0,
2026-07-30T12:30:22.216433+00:00,Healthy-Leaf(1399),Healthy-Leaf (1306).jpg,skipped,0.0000,0,
2026-07-30T12:30:22.216499+00:00,Healthy-Leaf(1399),Healthy-Leaf (1307).jpg,skipped,0.0000,0,
2026-07-30T12:30:22.216563+00:00,Healthy-Leaf(1399),Healthy-Leaf (1308).jpg,skipped,0.0000,0,
2026-07-30T12:30:22.216613+00:00,Healthy-Leaf(1399),Healthy-Leaf (1309).jpg,skipped,0.0000,0,
2026-07-30T12:30:22.216677+00:00,Healthy-Leaf(1399),Healthy-Leaf (131).jpg,skipped,0.0000,0,
2026-07-30T12:30:22.216742+00:00,Healthy-Leaf(1399),Healthy-Leaf (1310).jpg,skipped,0.0000,0,
2026-07-30T12:30:22.216807+00:00,Healthy-Leaf(1399),Healthy-Leaf (1311).jpg,skipped,0.0000,0,
2026-07-30T12:30:22.216872+00:00,Healthy-Leaf(1399),Healthy-Leaf (1312).jpg,skipped,0.0000,0,
2026-07-30T12:30:22.216939+00:00,Healthy-Leaf(1399),Healthy-Leaf (1313).jpg,skipped,0.0000,0,
2026-07-30T12:30:22.217005+00:00,Healthy-Leaf(1399),Healthy-Leaf (1314).jpg,skipped,0.0000,0,
2026-07-30T12:30:22.217071+00:00,Healthy-Leaf(1399),Healthy-Leaf (1315).jpg,skipped,0.0000,0,
2026-07-30T12:30:22.217135+00:00,Healthy-Leaf(1399),Healthy-Leaf (1316).jpg,skipped,0.0000,0,
2026-07-30T12:30:22.217200+00:00,Healthy-Leaf(1399),Healthy-Leaf (1317).jpg,skipped,0.0000,0,
2026-07-30T12:30:22.217265+00:00,Healthy-Leaf(1399),Healthy-Leaf (1318).jpg,skipped,0.0000,0,
2026-07-30T12:30:22.217330+00:00,Healthy-Leaf(1399),Healthy-Leaf (1319).jpg,skipped,0.0000,0,
2026-07-30T12:30:22.217397+00:00,Healthy-Leaf(1399),Healthy-Leaf (132).jpg,skipped,0.0000,0,
2026-07-30T12:30:22.217465+00:00,Healthy-Leaf(1399),Healthy-Leaf (1320).jpg,skipped,0.0000,0,
2026-07-30T12:30:22.217532+00:00,Healthy-Leaf(1399),Healthy-Leaf (1321).jpg,skipped,0.0000,0,
2026-07-30T12:30:22.217582+00:00,Healthy-Leaf(1399),Healthy-Leaf (1322).jpg,skipped,0.0000,0,
2026-07-30T12:30:22.217644+00:00,Healthy-Leaf(1399),Healthy-Leaf (1323).jpg,skipped,0.0000,0,
2026-07-30T12:30:22.217709+00:00,Healthy-Leaf(1399),Healthy-Leaf (1324).jpg,skipped,0.0000,0,
2026-07-30T12:30:22.217773+00:00,Healthy-Leaf(1399),Healthy-Leaf (1325).jpg,skipped,0.0000,0,
2026-07-30T12:30:22.217838+00:00,Healthy-Leaf(1399),Healthy-Leaf (1326).jpg,skipped,0.0000,0,
2026-07-30T12:30:22.217904+00:00,Healthy-Leaf(1399),Healthy-Leaf (1327).jpg,skipped,0.0000,0,
2026-07-30T12:30:22.217968+00:00,Healthy-Leaf(1399),Healthy-Leaf (1328).jpg,skipped,0.0000,0,
2026-07-30T12:30:22.218038+00:00,Healthy-Leaf(1399),Healthy-Leaf (1329).jpg,skipped,0.0000,0,
2026-07-30T12:30:22.218120+00:00,Healthy-Leaf(1399),Healthy-Leaf (133).jpg,skipped,0.0000,0,
2026-07-30T12:30:22.218187+00:00,Healthy-Leaf(1399),Healthy-Leaf (1330).jpg,skipped,0.0000,0,
2026-07-30T12:30:22.218300+00:00,Healthy-Leaf(1399),Healthy-Leaf (1331).jpg,skipped,0.0000,0,
2026-07-30T12:30:22.218384+00:00,Healthy-Leaf(1399),Healthy-Leaf (1332).jpg,skipped,0.0000,0,
2026-07-30T12:30:22.218472+00:00,Healthy-Leaf(1399),Healthy-Leaf (1333).jpg,skipped,0.0000,0,
2026-07-30T12:30:22.218598+00:00,Healthy-Leaf(1399),Healthy-Leaf (1334).jpg,skipped,0.0000,0,
2026-07-30T12:30:22.218695+00:00,Healthy-Leaf(1399),Healthy-Leaf (1335).jpg,skipped,0.0000,0,
2026-07-30T12:30:22.218782+00:00,Healthy-Leaf(1399),Healthy-Leaf (1336).jpg,skipped,0.0000,0,
2026-07-30T12:30:22.218856+00:00,Healthy-Leaf(1399),Healthy-Leaf (1337).jpg,skipped,0.0000,0,
2026-07-30T12:30:22.218936+00:00,Healthy-Leaf(1399),Healthy-Leaf (1338).jpg,skipped,0.0000,0,
2026-07-30T12:30:22.219007+00:00,Healthy-Leaf(1399),Healthy-Leaf (1339).jpg,skipped,0.0000,0,
2026-07-30T12:30:22.219086+00:00,Healthy-Leaf(1399),Healthy-Leaf (134).jpg,skipped,0.0000,0,
2026-07-30T12:30:22.219204+00:00,Healthy-Leaf(1399),Healthy-Leaf (1340).jpg,skipped,0.0000,0,
2026-07-30T12:30:22.219277+00:00,Healthy-Leaf(1399),Healthy-Leaf (1341).jpg,skipped,0.0000,0,
2026-07-30T12:30:22.219346+00:00,Healthy-Leaf(1399),Healthy-Leaf (1342).jpg,skipped,0.0000,0,
2026-07-30T12:30:22.219412+00:00,Healthy-Leaf(1399),Healthy-Leaf (1343).jpg,skipped,0.0000,0,
2026-07-30T12:30:22.219478+00:00,Healthy-Leaf(1399),Healthy-Leaf (1344).jpg,skipped,0.0000,0,
2026-07-30T12:30:22.219544+00:00,Healthy-Leaf(1399),Healthy-Leaf (1345).jpg,skipped,0.0000,0,
2026-07-30T12:30:22.219618+00:00,Healthy-Leaf(1399),Healthy-Leaf (1346).jpg,skipped,0.0000,0,
2026-07-30T12:30:22.219686+00:00,Healthy-Leaf(1399),Healthy-Leaf (1347).jpg,skipped,0.0000,0,
2026-07-30T12:30:22.219756+00:00,Healthy-Leaf(1399),Healthy-Leaf (1348).jpg,skipped,0.0000,0,
2026-07-30T12:30:22.219835+00:00,Healthy-Leaf(1399),Healthy-Leaf (1349).jpg,skipped,0.0000,0,
2026-07-30T12:30:22.219903+00:00,Healthy-Leaf(1399),Healthy-Leaf (135).jpg,skipped,0.0000,0,
2026-07-30T12:30:22.219981+00:00,Healthy-Leaf(1399),Healthy-Leaf (1350).jpg,skipped,0.0000,0,
2026-07-30T12:30:22.220059+00:00,Healthy-Leaf(1399),Healthy-Leaf (1351).jpg,skipped,0.0000,0,
2026-07-30T12:30:22.220130+00:00,Healthy-Leaf(1399),Healthy-Leaf (1352).jpg,skipped,0.0000,0,
2026-07-30T12:30:22.220203+00:00,Healthy-Leaf(1399),Healthy-Leaf (1353).jpg,skipped,0.0000,0,
2026-07-30T12:30:22.220273+00:00,Healthy-Leaf(1399),Healthy-Leaf (1354).jpg,skipped,0.0000,0,
2026-07-30T12:30:22.220345+00:00,Healthy-Leaf(1399),Healthy-Leaf (1355).jpg,skipped,0.0000,0,
2026-07-30T12:30:22.220399+00:00,Healthy-Leaf(1399),Healthy-Leaf (1356).jpg,skipped,0.0000,0,
2026-07-30T12:30:22.220468+00:00,Healthy-Leaf(1399),Healthy-Leaf (1357).jpg,skipped,0.0000,0,
2026-07-30T12:30:22.220539+00:00,Healthy-Leaf(1399),Healthy-Leaf (1358).jpg,skipped,0.0000,0,
2026-07-30T12:30:22.220612+00:00,Healthy-Leaf(1399),Healthy-Leaf (1359).jpg,skipped,0.0000,0,
2026-07-30T12:30:22.220682+00:00,Healthy-Leaf(1399),Healthy-Leaf (136).jpg,skipped,0.0000,0,
2026-07-30T12:30:22.220752+00:00,Healthy-Leaf(1399),Healthy-Leaf (1360).jpg,skipped,0.0000,0,
2026-07-30T12:30:22.220823+00:00,Healthy-Leaf(1399),Healthy-Leaf (1361).jpg,skipped,0.0000,0,
2026-07-30T12:30:22.220895+00:00,Healthy-Leaf(1399),Healthy-Leaf (1362).jpg,skipped,0.0000,0,
2026-07-30T12:30:22.220968+00:00,Healthy-Leaf(1399),Healthy-Leaf (1363).jpg,skipped,0.0000,0,
2026-07-30T12:30:22.221040+00:00,Healthy-Leaf(1399),Healthy-Leaf (1364).jpg,skipped,0.0000,0,
2026-07-30T12:30:22.221112+00:00,Healthy-Leaf(1399),Healthy-Leaf (1365).jpg,skipped,0.0000,0,
2026-07-30T12:30:22.221183+00:00,Healthy-Leaf(1399),Healthy-Leaf (1366).jpg,skipped,0.0000,0,
2026-07-30T12:30:22.221253+00:00,Healthy-Leaf(1399),Healthy-Leaf (1367).jpg,skipped,0.0000,0,
2026-07-30T12:30:22.221331+00:00,Healthy-Leaf(1399),Healthy-Leaf (1368).jpg,skipped,0.0000,0,
2026-07-30T12:30:22.221399+00:00,Healthy-Leaf(1399),Healthy-Leaf (1369).jpg,skipped,0.0000,0,
2026-07-30T12:30:22.221465+00:00,Healthy-Leaf(1399),Healthy-Leaf (137).jpg,skipped,0.0000,0,
2026-07-30T12:30:22.221534+00:00,Healthy-Leaf(1399),Healthy-Leaf (1370).jpg,skipped,0.0000,0,
2026-07-30T12:30:22.221602+00:00,Healthy-Leaf(1399),Healthy-Leaf (1371).jpg,skipped,0.0000,0,
2026-07-30T12:30:22.221668+00:00,Healthy-Leaf(1399),Healthy-Leaf (1372).jpg,skipped,0.0000,0,
2026-07-30T12:30:22.221733+00:00,Healthy-Leaf(1399),Healthy-Leaf (1373).jpg,skipped,0.0000,0,
2026-07-30T12:30:22.221799+00:00,Healthy-Leaf(1399),Healthy-Leaf (1374).jpg,skipped,0.0000,0,
2026-07-30T12:30:22.221864+00:00,Healthy-Leaf(1399),Healthy-Leaf (1375).jpg,skipped,0.0000,0,
2026-07-30T12:30:22.221931+00:00,Healthy-Leaf(1399),Healthy-Leaf (1376).jpg,skipped,0.0000,0,
2026-07-30T12:30:22.221997+00:00,Healthy-Leaf(1399),Healthy-Leaf (1377).jpg,skipped,0.0000,0,
2026-07-30T12:30:22.222067+00:00,Healthy-Leaf(1399),Healthy-Leaf (1378).jpg,skipped,0.0000,0,
2026-07-30T12:30:22.222133+00:00,Healthy-Leaf(1399),Healthy-Leaf (1379).jpg,skipped,0.0000,0,
2026-07-30T12:30:22.222198+00:00,Healthy-Leaf(1399),Healthy-Leaf (138).jpg,skipped,0.0000,0,
2026-07-30T12:30:22.222284+00:00,Healthy-Leaf(1399),Healthy-Leaf (1380).jpg,skipped,0.0000,0,
2026-07-30T12:30:22.222350+00:00,Healthy-Leaf(1399),Healthy-Leaf (1381).jpg,skipped,0.0000,0,
2026-07-30T12:30:22.222415+00:00,Healthy-Leaf(1399),Healthy-Leaf (1382).jpg,skipped,0.0000,0,
2026-07-30T12:30:22.222466+00:00,Healthy-Leaf(1399),Healthy-Leaf (1383).jpg,skipped,0.0000,0,
2026-07-30T12:30:22.222531+00:00,Healthy-Leaf(1399),Healthy-Leaf (1384).jpg,skipped,0.0000,0,
2026-07-30T12:30:22.222598+00:00,Healthy-Leaf(1399),Healthy-Leaf (1385).jpg,skipped,0.0000,0,
2026-07-30T12:30:22.222678+00:00,Healthy-Leaf(1399),Healthy-Leaf (1386).jpg,skipped,0.0000,0,
2026-07-30T12:30:22.222745+00:00,Healthy-Leaf(1399),Healthy-Leaf (1387).jpg,skipped,0.0000,0,
2026-07-30T12:30:22.222812+00:00,Healthy-Leaf(1399),Healthy-Leaf (1388).jpg,skipped,0.0000,0,
2026-07-30T12:30:22.222878+00:00,Healthy-Leaf(1399),Healthy-Leaf (1389).jpg,skipped,0.0000,0,
2026-07-30T12:30:22.222945+00:00,Healthy-Leaf(1399),Healthy-Leaf (139).jpg,skipped,0.0000,0,
2026-07-30T12:30:22.222995+00:00,Healthy-Leaf(1399),Healthy-Leaf (1390).jpg,skipped,0.0000,0,
2026-07-30T12:30:22.223061+00:00,Healthy-Leaf(1399),Healthy-Leaf (1391).jpg,skipped,0.0000,0,
2026-07-30T12:30:22.223128+00:00,Healthy-Leaf(1399),Healthy-Leaf (1392).jpg,skipped,0.0000,0,
2026-07-30T12:30:22.223198+00:00,Healthy-Leaf(1399),Healthy-Leaf (1393).jpg,skipped,0.0000,0,
2026-07-30T12:30:22.223267+00:00,Healthy-Leaf(1399),Healthy-Leaf (1394).jpg,skipped,0.0000,0,
2026-07-30T12:30:22.223329+00:00,Healthy-Leaf(1399),Healthy-Leaf (1395).jpg,skipped,0.0000,0,
2026-07-30T12:30:22.223396+00:00,Healthy-Leaf(1399),Healthy-Leaf (1396).jpg,skipped,0.0000,0,
2026-07-30T12:30:22.223472+00:00,Healthy-Leaf(1399),Healthy-Leaf (1397).jpg,skipped,0.0000,0,
2026-07-30T12:30:22.223549+00:00,Healthy-Leaf(1399),Healthy-Leaf (1398).jpg,skipped,0.0000,0,
2026-07-30T12:30:22.223616+00:00,Healthy-Leaf(1399),Healthy-Leaf (1399).jpg,skipped,0.0000,0,
2026-07-30T12:30:22.223682+00:00,Healthy-Leaf(1399),Healthy-Leaf (14).jpg,skipped,0.0000,0,
2026-07-30T12:30:22.223837+00:00,Healthy-Leaf(1399),Healthy-Leaf (140).JPG,skipped,0.0000,0,
2026-07-30T12:30:22.223951+00:00,Healthy-Leaf(1399),Healthy-Leaf (141).JPG,skipped,0.0000,0,
2026-07-30T12:30:22.224015+00:00,Healthy-Leaf(1399),Healthy-Leaf (142).JPG,skipped,0.0000,0,
2026-07-30T12:30:22.224105+00:00,Healthy-Leaf(1399),Healthy-Leaf (143).JPG,skipped,0.0000,0,
2026-07-30T12:30:22.224177+00:00,Healthy-Leaf(1399),Healthy-Leaf (144).JPG,skipped,0.0000,0,
2026-07-30T12:30:22.224249+00:00,Healthy-Leaf(1399),Healthy-Leaf (145).JPG,skipped,0.0000,0,
2026-07-30T12:30:22.224321+00:00,Healthy-Leaf(1399),Healthy-Leaf (146).JPG,skipped,0.0000,0,
2026-07-30T12:30:22.224392+00:00,Healthy-Leaf(1399),Healthy-Leaf (147).JPG,skipped,0.0000,0,
2026-07-30T12:30:22.224462+00:00,Healthy-Leaf(1399),Healthy-Leaf (148).JPG,skipped,0.0000,0,
2026-07-30T12:30:22.224529+00:00,Healthy-Leaf(1399),Healthy-Leaf (149).JPG,skipped,0.0000,0,
2026-07-30T12:30:22.224600+00:00,Healthy-Leaf(1399),Healthy-Leaf (15).jpg,skipped,0.0000,0,
2026-07-30T12:30:22.224668+00:00,Healthy-Leaf(1399),Healthy-Leaf (150).JPG,skipped,0.0000,0,
2026-07-30T12:30:22.224735+00:00,Healthy-Leaf(1399),Healthy-Leaf (151).JPG,skipped,0.0000,0,
2026-07-30T12:30:22.224812+00:00,Healthy-Leaf(1399),Healthy-Leaf (152).JPG,skipped,0.0000,0,
2026-07-30T12:30:22.224938+00:00,Healthy-Leaf(1399),Healthy-Leaf (153).JPG,skipped,0.0000,0,
2026-07-30T12:30:22.225045+00:00,Healthy-Leaf(1399),Healthy-Leaf (154).JPG,skipped,0.0000,0,
2026-07-30T12:30:22.225204+00:00,Healthy-Leaf(1399),Healthy-Leaf (155).JPG,skipped,0.0000,0,
2026-07-30T12:30:22.225288+00:00,Healthy-Leaf(1399),Healthy-Leaf (156).JPG,skipped,0.0000,0,
2026-07-30T12:30:22.225905+00:00,Healthy-Leaf(1399),Healthy-Leaf (157).JPG,skipped,0.0000,0,
2026-07-30T12:30:22.226217+00:00,Healthy-Leaf(1399),Healthy-Leaf (158).JPG,skipped,0.0000,0,
2026-07-30T12:30:22.226451+00:00,Healthy-Leaf(1399),Healthy-Leaf (159).JPG,skipped,0.0000,0,
2026-07-30T12:30:22.226525+00:00,Healthy-Leaf(1399),Healthy-Leaf (16).jpg,skipped,0.0000,0,
2026-07-30T12:30:22.226611+00:00,Healthy-Leaf(1399),Healthy-Leaf (160).JPG,skipped,0.0000,0,
2026-07-30T12:30:22.226687+00:00,Healthy-Leaf(1399),Healthy-Leaf (161).JPG,skipped,0.0000,0,
2026-07-30T12:30:22.226762+00:00,Healthy-Leaf(1399),Healthy-Leaf (162).JPG,skipped,0.0000,0,
2026-07-30T12:30:22.226845+00:00,Healthy-Leaf(1399),Healthy-Leaf (163).JPG,skipped,0.0000,0,
2026-07-30T12:30:22.226924+00:00,Healthy-Leaf(1399),Healthy-Leaf (164).JPG,skipped,0.0000,0,
2026-07-30T12:30:22.226994+00:00,Healthy-Leaf(1399),Healthy-Leaf (165).JPG,skipped,0.0000,0,
2026-07-30T12:30:22.227090+00:00,Healthy-Leaf(1399),Healthy-Leaf (166).JPG,skipped,0.0000,0,
2026-07-30T12:30:22.227164+00:00,Healthy-Leaf(1399),Healthy-Leaf (167).JPG,skipped,0.0000,0,
2026-07-30T12:30:22.227237+00:00,Healthy-Leaf(1399),Healthy-Leaf (168).JPG,skipped,0.0000,0,
2026-07-30T12:30:22.227309+00:00,Healthy-Leaf(1399),Healthy-Leaf (169).JPG,skipped,0.0000,0,
2026-07-30T12:30:22.227383+00:00,Healthy-Leaf(1399),Healthy-Leaf (17).jpg,skipped,0.0000,0,
2026-07-30T12:30:22.227439+00:00,Healthy-Leaf(1399),Healthy-Leaf (170).JPG,skipped,0.0000,0,
2026-07-30T12:30:22.227509+00:00,Healthy-Leaf(1399),Healthy-Leaf (171).JPG,skipped,0.0000,0,
2026-07-30T12:30:22.227582+00:00,Healthy-Leaf(1399),Healthy-Leaf (172).JPG,skipped,0.0000,0,
2026-07-30T12:30:22.227637+00:00,Healthy-Leaf(1399),Healthy-Leaf (173).JPG,skipped,0.0000,0,
2026-07-30T12:30:22.227715+00:00,Healthy-Leaf(1399),Healthy-Leaf (174).JPG,skipped,0.0000,0,
2026-07-30T12:30:22.227788+00:00,Healthy-Leaf(1399),Healthy-Leaf (175).JPG,skipped,0.0000,0,
2026-07-30T12:30:22.228008+00:00,Healthy-Leaf(1399),Healthy-Leaf (176).JPG,skipped,0.0000,0,
2026-07-30T12:30:22.228134+00:00,Healthy-Leaf(1399),Healthy-Leaf (177).JPG,skipped,0.0000,0,
2026-07-30T12:30:22.228251+00:00,Healthy-Leaf(1399),Healthy-Leaf (178).JPG,skipped,0.0000,0,
2026-07-30T12:30:22.228335+00:00,Healthy-Leaf(1399),Healthy-Leaf (179).JPG,skipped,0.0000,0,
2026-07-30T12:30:22.228575+00:00,Healthy-Leaf(1399),Healthy-Leaf (18).jpg,skipped,0.0000,0,
2026-07-30T12:30:22.228671+00:00,Healthy-Leaf(1399),Healthy-Leaf (180).JPG,skipped,0.0000,0,
2026-07-30T12:30:22.228765+00:00,Healthy-Leaf(1399),Healthy-Leaf (181).JPG,skipped,0.0000,0,
2026-07-30T12:30:22.228874+00:00,Healthy-Leaf(1399),Healthy-Leaf (182).JPG,skipped,0.0000,0,
2026-07-30T12:30:22.229001+00:00,Healthy-Leaf(1399),Healthy-Leaf (183).JPG,skipped,0.0000,0,
2026-07-30T12:30:22.229096+00:00,Healthy-Leaf(1399),Healthy-Leaf (184).JPG,skipped,0.0000,0,
2026-07-30T12:30:22.229179+00:00,Healthy-Leaf(1399),Healthy-Leaf (185).JPG,skipped,0.0000,0,
2026-07-30T12:30:22.229265+00:00,Healthy-Leaf(1399),Healthy-Leaf (186).JPG,skipped,0.0000,0,
2026-07-30T12:30:22.229352+00:00,Healthy-Leaf(1399),Healthy-Leaf (187).JPG,skipped,0.0000,0,
2026-07-30T12:30:22.229432+00:00,Healthy-Leaf(1399),Healthy-Leaf (188).JPG,skipped,0.0000,0,
2026-07-30T12:30:22.229517+00:00,Healthy-Leaf(1399),Healthy-Leaf (189).JPG,skipped,0.0000,0,
2026-07-30T12:30:22.229669+00:00,Healthy-Leaf(1399),Healthy-Leaf (19).jpg,skipped,0.0000,0,
2026-07-30T12:30:22.229797+00:00,Healthy-Leaf(1399),Healthy-Leaf (190).JPG,skipped,0.0000,0,
2026-07-30T12:30:22.229907+00:00,Healthy-Leaf(1399),Healthy-Leaf (191).JPG,skipped,0.0000,0,
2026-07-30T12:30:22.230019+00:00,Healthy-Leaf(1399),Healthy-Leaf (192).JPG,skipped,0.0000,0,
2026-07-30T12:30:22.230104+00:00,Healthy-Leaf(1399),Healthy-Leaf (193).JPG,skipped,0.0000,0,
2026-07-30T12:30:22.230188+00:00,Healthy-Leaf(1399),Healthy-Leaf (194).JPG,skipped,0.0000,0,
2026-07-30T12:30:22.230270+00:00,Healthy-Leaf(1399),Healthy-Leaf (195).JPG,skipped,0.0000,0,
2026-07-30T12:30:22.230411+00:00,Healthy-Leaf(1399),Healthy-Leaf (196).JPG,skipped,0.0000,0,
2026-07-30T12:30:22.230520+00:00,Healthy-Leaf(1399),Healthy-Leaf (197).JPG,skipped,0.0000,0,
2026-07-30T12:30:22.230605+00:00,Healthy-Leaf(1399),Healthy-Leaf (198).JPG,skipped,0.0000,0,
2026-07-30T12:30:22.230685+00:00,Healthy-Leaf(1399),Healthy-Leaf (199).JPG,skipped,0.0000,0,
2026-07-30T12:30:22.230777+00:00,Healthy-Leaf(1399),Healthy-Leaf (2).jpg,skipped,0.0000,0,
2026-07-30T12:30:22.230856+00:00,Healthy-Leaf(1399),Healthy-Leaf (20).jpg,skipped,0.0000,0,
2026-07-30T12:30:22.230932+00:00,Healthy-Leaf(1399),Healthy-Leaf (200).JPG,skipped,0.0000,0,
2026-07-30T12:30:22.231004+00:00,Healthy-Leaf(1399),Healthy-Leaf (201).JPG,skipped,0.0000,0,
2026-07-30T12:30:22.231065+00:00,Healthy-Leaf(1399),Healthy-Leaf (202).JPG,skipped,0.0000,0,
2026-07-30T12:30:22.231131+00:00,Healthy-Leaf(1399),Healthy-Leaf (203).JPG,skipped,0.0000,0,
2026-07-30T12:30:22.231198+00:00,Healthy-Leaf(1399),Healthy-Leaf (204).JPG,skipped,0.0000,0,
2026-07-30T12:30:22.231267+00:00,Healthy-Leaf(1399),Healthy-Leaf (205).JPG,skipped,0.0000,0,
2026-07-30T12:30:22.231338+00:00,Healthy-Leaf(1399),Healthy-Leaf (206).JPG,skipped,0.0000,0,
2026-07-30T12:30:22.231408+00:00,Healthy-Leaf(1399),Healthy-Leaf (207).JPG,skipped,0.0000,0,
2026-07-30T12:30:22.231477+00:00,Healthy-Leaf(1399),Healthy-Leaf (208).JPG,skipped,0.0000,0,
2026-07-30T12:30:22.231544+00:00,Healthy-Leaf(1399),Healthy-Leaf (209).JPG,skipped,0.0000,0,
2026-07-30T12:30:22.231612+00:00,Healthy-Leaf(1399),Healthy-Leaf (21).jpg,skipped,0.0000,0,
2026-07-30T12:30:22.231680+00:00,Healthy-Leaf(1399),Healthy-Leaf (210).JPG,skipped,0.0000,0,
2026-07-30T12:30:22.231732+00:00,Healthy-Leaf(1399),Healthy-Leaf (211).JPG,skipped,0.0000,0,
2026-07-30T12:30:22.231781+00:00,Healthy-Leaf(1399),Healthy-Leaf (212).JPG,skipped,0.0000,0,
2026-07-30T12:30:22.231830+00:00,Healthy-Leaf(1399),Healthy-Leaf (213).JPG,skipped,0.0000,0,
2026-07-30T12:30:22.231879+00:00,Healthy-Leaf(1399),Healthy-Leaf (214).JPG,skipped,0.0000,0,
2026-07-30T12:30:22.231957+00:00,Healthy-Leaf(1399),Healthy-Leaf (215).JPG,skipped,0.0000,0,
2026-07-30T12:30:22.232026+00:00,Healthy-Leaf(1399),Healthy-Leaf (216).JPG,skipped,0.0000,0,
2026-07-30T12:30:22.232094+00:00,Healthy-Leaf(1399),Healthy-Leaf (217).JPG,skipped,0.0000,0,
2026-07-30T12:30:22.232163+00:00,Healthy-Leaf(1399),Healthy-Leaf (218).JPG,skipped,0.0000,0,
2026-07-30T12:30:22.232215+00:00,Healthy-Leaf(1399),Healthy-Leaf (219).JPG,skipped,0.0000,0,
2026-07-30T12:30:22.232283+00:00,Healthy-Leaf(1399),Healthy-Leaf (22).jpg,skipped,0.0000,0,
2026-07-30T12:30:22.232352+00:00,Healthy-Leaf(1399),Healthy-Leaf (220).JPG,skipped,0.0000,0,
2026-07-30T12:30:22.232418+00:00,Healthy-Leaf(1399),Healthy-Leaf (221).JPG,skipped,0.0000,0,
2026-07-30T12:30:22.232470+00:00,Healthy-Leaf(1399),Healthy-Leaf (222).JPG,skipped,0.0000,0,
2026-07-30T12:30:22.232519+00:00,Healthy-Leaf(1399),Healthy-Leaf (223).JPG,skipped,0.0000,0,
2026-07-30T12:30:22.232585+00:00,Healthy-Leaf(1399),Healthy-Leaf (224).JPG,skipped,0.0000,0,
2026-07-30T12:30:22.232637+00:00,Healthy-Leaf(1399),Healthy-Leaf (225).JPG,skipped,0.0000,0,
2026-07-30T12:30:22.232702+00:00,Healthy-Leaf(1399),Healthy-Leaf (226).JPG,skipped,0.0000,0,
2026-07-30T12:30:22.232768+00:00,Healthy-Leaf(1399),Healthy-Leaf (227).JPG,skipped,0.0000,0,
2026-07-30T12:30:22.232819+00:00,Healthy-Leaf(1399),Healthy-Leaf (228).JPG,skipped,0.0000,0,
2026-07-30T12:30:22.232885+00:00,Healthy-Leaf(1399),Healthy-Leaf (229).JPG,skipped,0.0000,0,
2026-07-30T12:30:22.232952+00:00,Healthy-Leaf(1399),Healthy-Leaf (23).jpg,skipped,0.0000,0,
2026-07-30T12:30:22.233023+00:00,Healthy-Leaf(1399),Healthy-Leaf (230).JPG,skipped,0.0000,0,
2026-07-30T12:30:22.233091+00:00,Healthy-Leaf(1399),Healthy-Leaf (231).JPG,skipped,0.0000,0,
2026-07-30T12:30:22.233158+00:00,Healthy-Leaf(1399),Healthy-Leaf (232).JPG,skipped,0.0000,0,
2026-07-30T12:30:22.233210+00:00,Healthy-Leaf(1399),Healthy-Leaf (233).JPG,skipped,0.0000,0,
2026-07-30T12:30:22.233258+00:00,Healthy-Leaf(1399),Healthy-Leaf (234).JPG,skipped,0.0000,0,
2026-07-30T12:30:22.233322+00:00,Healthy-Leaf(1399),Healthy-Leaf (235).JPG,skipped,0.0000,0,
2026-07-30T12:30:22.233389+00:00,Healthy-Leaf(1399),Healthy-Leaf (236).JPG,skipped,0.0000,0,
2026-07-30T12:30:22.233440+00:00,Healthy-Leaf(1399),Healthy-Leaf (237).JPG,skipped,0.0000,0,
2026-07-30T12:30:22.233507+00:00,Healthy-Leaf(1399),Healthy-Leaf (238).JPG,skipped,0.0000,0,
2026-07-30T12:30:22.233576+00:00,Healthy-Leaf(1399),Healthy-Leaf (239).JPG,skipped,0.0000,0,
2026-07-30T12:30:22.233647+00:00,Healthy-Leaf(1399),Healthy-Leaf (24).jpg,skipped,0.0000,0,
2026-07-30T12:30:22.233721+00:00,Healthy-Leaf(1399),Healthy-Leaf (240).JPG,skipped,0.0000,0,
2026-07-30T12:30:22.233793+00:00,Healthy-Leaf(1399),Healthy-Leaf (241).JPG,skipped,0.0000,0,
2026-07-30T12:30:22.233863+00:00,Healthy-Leaf(1399),Healthy-Leaf (242).JPG,skipped,0.0000,0,
2026-07-30T12:30:22.233914+00:00,Healthy-Leaf(1399),Healthy-Leaf (243).JPG,skipped,0.0000,0,
2026-07-30T12:30:22.233979+00:00,Healthy-Leaf(1399),Healthy-Leaf (244).JPG,skipped,0.0000,0,
2026-07-30T12:30:22.234034+00:00,Healthy-Leaf(1399),Healthy-Leaf (245).JPG,skipped,0.0000,0,
2026-07-30T12:30:22.234275+00:00,Healthy-Leaf(1399),Healthy-Leaf (246).JPG,skipped,0.0000,0,
2026-07-30T12:30:22.234370+00:00,Healthy-Leaf(1399),Healthy-Leaf (247).JPG,skipped,0.0000,0,
2026-07-30T12:30:22.234460+00:00,Healthy-Leaf(1399),Healthy-Leaf (248).JPG,skipped,0.0000,0,
2026-07-30T12:30:22.234556+00:00,Healthy-Leaf(1399),Healthy-Leaf (249).JPG,skipped,0.0000,0,
2026-07-30T12:30:22.234619+00:00,Healthy-Leaf(1399),Healthy-Leaf (25).jpg,skipped,0.0000,0,
2026-07-30T12:30:22.234695+00:00,Healthy-Leaf(1399),Healthy-Leaf (250).JPG,skipped,0.0000,0,
2026-07-30T12:30:22.234758+00:00,Healthy-Leaf(1399),Healthy-Leaf (251).JPG,skipped,0.0000,0,
2026-07-30T12:30:22.234813+00:00,Healthy-Leaf(1399),Healthy-Leaf (252).JPG,skipped,0.0000,0,
2026-07-30T12:30:22.234883+00:00,Healthy-Leaf(1399),Healthy-Leaf (253).JPG,skipped,0.0000,0,
2026-07-30T12:30:22.234936+00:00,Healthy-Leaf(1399),Healthy-Leaf (254).JPG,skipped,0.0000,0,
2026-07-30T12:30:22.235034+00:00,Healthy-Leaf(1399),Healthy-Leaf (255).JPG,skipped,0.0000,0,
2026-07-30T12:30:22.235116+00:00,Healthy-Leaf(1399),Healthy-Leaf (256).JPG,skipped,0.0000,0,
2026-07-30T12:30:22.235263+00:00,Healthy-Leaf(1399),Healthy-Leaf (257).JPG,skipped,0.0000,0,
2026-07-30T12:30:22.235368+00:00,Healthy-Leaf(1399),Healthy-Leaf (258).JPG,skipped,0.0000,0,
2026-07-30T12:30:22.235459+00:00,Healthy-Leaf(1399),Healthy-Leaf (259).JPG,skipped,0.0000,0,
2026-07-30T12:30:22.235518+00:00,Healthy-Leaf(1399),Healthy-Leaf (26).jpg,skipped,0.0000,0,
2026-07-30T12:30:22.235570+00:00,Healthy-Leaf(1399),Healthy-Leaf (260).JPG,skipped,0.0000,0,
2026-07-30T12:30:22.235652+00:00,Healthy-Leaf(1399),Healthy-Leaf (261).JPG,skipped,0.0000,0,
2026-07-30T12:30:22.235769+00:00,Healthy-Leaf(1399),Healthy-Leaf (262).JPG,skipped,0.0000,0,
2026-07-30T12:30:22.235832+00:00,Healthy-Leaf(1399),Healthy-Leaf (263).JPG,skipped,0.0000,0,
2026-07-30T12:30:22.235888+00:00,Healthy-Leaf(1399),Healthy-Leaf (264).JPG,skipped,0.0000,0,
2026-07-30T12:30:22.235940+00:00,Healthy-Leaf(1399),Healthy-Leaf (265).JPG,skipped,0.0000,0,
2026-07-30T12:30:22.235996+00:00,Healthy-Leaf(1399),Healthy-Leaf (266).JPG,skipped,0.0000,0,
2026-07-30T12:30:22.236047+00:00,Healthy-Leaf(1399),Healthy-Leaf (267).JPG,skipped,0.0000,0,
2026-07-30T12:30:22.236097+00:00,Healthy-Leaf(1399),Healthy-Leaf (268).JPG,skipped,0.0000,0,
2026-07-30T12:30:22.236147+00:00,Healthy-Leaf(1399),Healthy-Leaf (269).JPG,skipped,0.0000,0,
2026-07-30T12:30:22.236197+00:00,Healthy-Leaf(1399),Healthy-Leaf (27).jpg,skipped,0.0000,0,
2026-07-30T12:30:22.236247+00:00,Healthy-Leaf(1399),Healthy-Leaf (270).jpg,skipped,0.0000,0,
2026-07-30T12:30:22.236296+00:00,Healthy-Leaf(1399),Healthy-Leaf (271).jpg,skipped,0.0000,0,
2026-07-30T12:30:22.236345+00:00,Healthy-Leaf(1399),Healthy-Leaf (272).jpg,skipped,0.0000,0,
2026-07-30T12:30:22.236419+00:00,Healthy-Leaf(1399),Healthy-Leaf (273).jpg,skipped,0.0000,0,
2026-07-30T12:30:22.236472+00:00,Healthy-Leaf(1399),Healthy-Leaf (274).jpg,skipped,0.0000,0,
2026-07-30T12:30:22.236521+00:00,Healthy-Leaf(1399),Healthy-Leaf (275).jpg,skipped,0.0000,0,
2026-07-30T12:30:22.236571+00:00,Healthy-Leaf(1399),Healthy-Leaf (276).jpg,skipped,0.0000,0,
2026-07-30T12:30:22.236619+00:00,Healthy-Leaf(1399),Healthy-Leaf (277).jpg,skipped,0.0000,0,
2026-07-30T12:30:22.236668+00:00,Healthy-Leaf(1399),Healthy-Leaf (278).jpg,skipped,0.0000,0,
2026-07-30T12:30:22.236719+00:00,Healthy-Leaf(1399),Healthy-Leaf (279).jpg,skipped,0.0000,0,
2026-07-30T12:30:22.236769+00:00,Healthy-Leaf(1399),Healthy-Leaf (28).jpg,skipped,0.0000,0,
2026-07-30T12:30:22.236817+00:00,Healthy-Leaf(1399),Healthy-Leaf (280).jpg,skipped,0.0000,0,
2026-07-30T12:30:22.236866+00:00,Healthy-Leaf(1399),Healthy-Leaf (281).jpg,skipped,0.0000,0,
2026-07-30T12:30:22.236915+00:00,Healthy-Leaf(1399),Healthy-Leaf (282).jpg,skipped,0.0000,0,
2026-07-30T12:30:22.236963+00:00,Healthy-Leaf(1399),Healthy-Leaf (283).jpg,skipped,0.0000,0,
2026-07-30T12:30:22.237012+00:00,Healthy-Leaf(1399),Healthy-Leaf (284).jpg,skipped,0.0000,0,
2026-07-30T12:30:22.237061+00:00,Healthy-Leaf(1399),Healthy-Leaf (285).jpg,skipped,0.0000,0,
2026-07-30T12:30:22.237109+00:00,Healthy-Leaf(1399),Healthy-Leaf (286).jpg,skipped,0.0000,0,
2026-07-30T12:30:22.237158+00:00,Healthy-Leaf(1399),Healthy-Leaf (287).jpg,skipped,0.0000,0,
2026-07-30T12:30:22.237207+00:00,Healthy-Leaf(1399),Healthy-Leaf (288).jpg,skipped,0.0000,0,
2026-07-30T12:30:22.237256+00:00,Healthy-Leaf(1399),Healthy-Leaf (289).jpg,skipped,0.0000,0,
2026-07-30T12:30:22.237304+00:00,Healthy-Leaf(1399),Healthy-Leaf (29).jpg,skipped,0.0000,0,
2026-07-30T12:30:22.237353+00:00,Healthy-Leaf(1399),Healthy-Leaf (290).jpg,skipped,0.0000,0,
2026-07-30T12:30:22.237402+00:00,Healthy-Leaf(1399),Healthy-Leaf (291).jpg,skipped,0.0000,0,
2026-07-30T12:30:22.237452+00:00,Healthy-Leaf(1399),Healthy-Leaf (292).jpg,skipped,0.0000,0,
2026-07-30T12:30:22.237501+00:00,Healthy-Leaf(1399),Healthy-Leaf (293).jpg,skipped,0.0000,0,
2026-07-30T12:30:22.237549+00:00,Healthy-Leaf(1399),Healthy-Leaf (294).jpg,skipped,0.0000,0,
2026-07-30T12:30:22.237597+00:00,Healthy-Leaf(1399),Healthy-Leaf (295).jpg,skipped,0.0000,0,
2026-07-30T12:30:22.237668+00:00,Healthy-Leaf(1399),Healthy-Leaf (296).jpg,skipped,0.0000,0,
2026-07-30T12:30:22.237724+00:00,Healthy-Leaf(1399),Healthy-Leaf (297).jpg,skipped,0.0000,0,
2026-07-30T12:30:22.237774+00:00,Healthy-Leaf(1399),Healthy-Leaf (298).jpg,skipped,0.0000,0,
2026-07-30T12:30:22.237822+00:00,Healthy-Leaf(1399),Healthy-Leaf (299).jpg,skipped,0.0000,0,
2026-07-30T12:30:22.237871+00:00,Healthy-Leaf(1399),Healthy-Leaf (3).jpg,skipped,0.0000,0,
2026-07-30T12:30:22.237920+00:00,Healthy-Leaf(1399),Healthy-Leaf (30).jpg,skipped,0.0000,0,
2026-07-30T12:30:22.237967+00:00,Healthy-Leaf(1399),Healthy-Leaf (300).jpg,skipped,0.0000,0,
2026-07-30T12:30:22.238015+00:00,Healthy-Leaf(1399),Healthy-Leaf (301).jpg,skipped,0.0000,0,
2026-07-30T12:30:22.238063+00:00,Healthy-Leaf(1399),Healthy-Leaf (302).jpg,skipped,0.0000,0,
2026-07-30T12:30:22.238111+00:00,Healthy-Leaf(1399),Healthy-Leaf (303).jpg,skipped,0.0000,0,
2026-07-30T12:30:22.238159+00:00,Healthy-Leaf(1399),Healthy-Leaf (304).jpg,skipped,0.0000,0,
2026-07-30T12:30:22.238206+00:00,Healthy-Leaf(1399),Healthy-Leaf (305).jpg,skipped,0.0000,0,
2026-07-30T12:30:22.238254+00:00,Healthy-Leaf(1399),Healthy-Leaf (306).jpg,skipped,0.0000,0,
2026-07-30T12:30:22.238302+00:00,Healthy-Leaf(1399),Healthy-Leaf (307).jpg,skipped,0.0000,0,
2026-07-30T12:30:22.238349+00:00,Healthy-Leaf(1399),Healthy-Leaf (308).jpg,skipped,0.0000,0,
2026-07-30T12:30:22.238397+00:00,Healthy-Leaf(1399),Healthy-Leaf (309).jpg,skipped,0.0000,0,
2026-07-30T12:30:22.238444+00:00,Healthy-Leaf(1399),Healthy-Leaf (31).jpg,skipped,0.0000,0,
2026-07-30T12:30:22.238492+00:00,Healthy-Leaf(1399),Healthy-Leaf (310).jpg,skipped,0.0000,0,
2026-07-30T12:30:22.238539+00:00,Healthy-Leaf(1399),Healthy-Leaf (311).jpg,skipped,0.0000,0,
2026-07-30T12:30:22.238587+00:00,Healthy-Leaf(1399),Healthy-Leaf (312).jpg,skipped,0.0000,0,
2026-07-30T12:30:22.238635+00:00,Healthy-Leaf(1399),Healthy-Leaf (313).jpg,skipped,0.0000,0,
2026-07-30T12:30:22.238682+00:00,Healthy-Leaf(1399),Healthy-Leaf (314).jpg,skipped,0.0000,0,
2026-07-30T12:30:22.238730+00:00,Healthy-Leaf(1399),Healthy-Leaf (315).jpg,skipped,0.0000,0,
2026-07-30T12:30:22.238778+00:00,Healthy-Leaf(1399),Healthy-Leaf (316).jpg,skipped,0.0000,0,
2026-07-30T12:30:22.238829+00:00,Healthy-Leaf(1399),Healthy-Leaf (317).jpg,skipped,0.0000,0,
2026-07-30T12:30:22.238877+00:00,Healthy-Leaf(1399),Healthy-Leaf (318).jpg,skipped,0.0000,0,
2026-07-30T12:30:22.238925+00:00,Healthy-Leaf(1399),Healthy-Leaf (319).jpg,skipped,0.0000,0,
2026-07-30T12:30:22.238973+00:00,Healthy-Leaf(1399),Healthy-Leaf (32).jpg,skipped,0.0000,0,
2026-07-30T12:30:22.239021+00:00,Healthy-Leaf(1399),Healthy-Leaf (320).jpg,skipped,0.0000,0,
2026-07-30T12:30:22.239069+00:00,Healthy-Leaf(1399),Healthy-Leaf (321).jpg,skipped,0.0000,0,
2026-07-30T12:30:22.239118+00:00,Healthy-Leaf(1399),Healthy-Leaf (322).jpg,skipped,0.0000,0,
2026-07-30T12:30:22.239165+00:00,Healthy-Leaf(1399),Healthy-Leaf (323).jpg,skipped,0.0000,0,
2026-07-30T12:30:22.239214+00:00,Healthy-Leaf(1399),Healthy-Leaf (324).jpg,skipped,0.0000,0,
2026-07-30T12:30:22.239262+00:00,Healthy-Leaf(1399),Healthy-Leaf (325).jpg,skipped,0.0000,0,
2026-07-30T12:30:22.239310+00:00,Healthy-Leaf(1399),Healthy-Leaf (326).jpg,skipped,0.0000,0,
2026-07-30T12:30:22.239358+00:00,Healthy-Leaf(1399),Healthy-Leaf (327).jpg,skipped,0.0000,0,
2026-07-30T12:30:22.239406+00:00,Healthy-Leaf(1399),Healthy-Leaf (328).jpg,skipped,0.0000,0,
2026-07-30T12:30:22.239474+00:00,Healthy-Leaf(1399),Healthy-Leaf (329).jpg,skipped,0.0000,0,
2026-07-30T12:30:22.239526+00:00,Healthy-Leaf(1399),Healthy-Leaf (33).jpg,skipped,0.0000,0,
2026-07-30T12:30:22.239576+00:00,Healthy-Leaf(1399),Healthy-Leaf (330).jpg,skipped,0.0000,0,
2026-07-30T12:30:22.239627+00:00,Healthy-Leaf(1399),Healthy-Leaf (331).jpg,skipped,0.0000,0,
2026-07-30T12:30:22.239676+00:00,Healthy-Leaf(1399),Healthy-Leaf (332).jpg,skipped,0.0000,0,
2026-07-30T12:30:22.239724+00:00,Healthy-Leaf(1399),Healthy-Leaf (333).jpg,skipped,0.0000,0,
2026-07-30T12:30:22.239773+00:00,Healthy-Leaf(1399),Healthy-Leaf (334).jpg,skipped,0.0000,0,
2026-07-30T12:30:22.239821+00:00,Healthy-Leaf(1399),Healthy-Leaf (335).jpg,skipped,0.0000,0,
2026-07-30T12:30:22.239869+00:00,Healthy-Leaf(1399),Healthy-Leaf (336).jpg,skipped,0.0000,0,
2026-07-30T12:30:22.239917+00:00,Healthy-Leaf(1399),Healthy-Leaf (337).jpg,skipped,0.0000,0,
2026-07-30T12:30:22.239965+00:00,Healthy-Leaf(1399),Healthy-Leaf (338).jpg,skipped,0.0000,0,
2026-07-30T12:30:22.240014+00:00,Healthy-Leaf(1399),Healthy-Leaf (339).jpg,skipped,0.0000,0,
2026-07-30T12:30:22.240062+00:00,Healthy-Leaf(1399),Healthy-Leaf (34).jpg,skipped,0.0000,0,
2026-07-30T12:30:22.240110+00:00,Healthy-Leaf(1399),Healthy-Leaf (340).jpg,skipped,0.0000,0,
2026-07-30T12:30:22.240158+00:00,Healthy-Leaf(1399),Healthy-Leaf (341).jpg,skipped,0.0000,0,
2026-07-30T12:30:22.240206+00:00,Healthy-Leaf(1399),Healthy-Leaf (342).jpg,skipped,0.0000,0,
2026-07-30T12:30:22.240254+00:00,Healthy-Leaf(1399),Healthy-Leaf (343).jpg,skipped,0.0000,0,
2026-07-30T12:30:22.240303+00:00,Healthy-Leaf(1399),Healthy-Leaf (344).jpg,skipped,0.0000,0,
2026-07-30T12:30:22.240351+00:00,Healthy-Leaf(1399),Healthy-Leaf (345).jpg,skipped,0.0000,0,
2026-07-30T12:30:22.240399+00:00,Healthy-Leaf(1399),Healthy-Leaf (346).jpg,skipped,0.0000,0,
2026-07-30T12:30:22.240448+00:00,Healthy-Leaf(1399),Healthy-Leaf (347).jpg,skipped,0.0000,0,
2026-07-30T12:30:22.240514+00:00,Healthy-Leaf(1399),Healthy-Leaf (348).jpg,skipped,0.0000,0,
2026-07-30T12:30:22.240582+00:00,Healthy-Leaf(1399),Healthy-Leaf (349).jpg,skipped,0.0000,0,
2026-07-30T12:30:22.240633+00:00,Healthy-Leaf(1399),Healthy-Leaf (35).jpg,skipped,0.0000,0,
2026-07-30T12:30:22.240681+00:00,Healthy-Leaf(1399),Healthy-Leaf (350).jpg,skipped,0.0000,0,
2026-07-30T12:30:22.240729+00:00,Healthy-Leaf(1399),Healthy-Leaf (351).jpg,skipped,0.0000,0,
2026-07-30T12:30:22.240777+00:00,Healthy-Leaf(1399),Healthy-Leaf (352).jpg,skipped,0.0000,0,
2026-07-30T12:30:22.240829+00:00,Healthy-Leaf(1399),Healthy-Leaf (353).jpg,skipped,0.0000,0,
2026-07-30T12:30:22.240878+00:00,Healthy-Leaf(1399),Healthy-Leaf (354).jpg,skipped,0.0000,0,
2026-07-30T12:30:22.240938+00:00,Healthy-Leaf(1399),Healthy-Leaf (355).jpg,skipped,0.0000,0,
2026-07-30T12:30:22.241002+00:00,Healthy-Leaf(1399),Healthy-Leaf (356).jpg,skipped,0.0000,0,
2026-07-30T12:30:22.241069+00:00,Healthy-Leaf(1399),Healthy-Leaf (357).jpg,skipped,0.0000,0,
2026-07-30T12:30:22.241133+00:00,Healthy-Leaf(1399),Healthy-Leaf (358).jpg,skipped,0.0000,0,
2026-07-30T12:30:22.241197+00:00,Healthy-Leaf(1399),Healthy-Leaf (359).jpg,skipped,0.0000,0,
2026-07-30T12:30:22.241261+00:00,Healthy-Leaf(1399),Healthy-Leaf (36).jpg,skipped,0.0000,0,
2026-07-30T12:30:22.241350+00:00,Healthy-Leaf(1399),Healthy-Leaf (360).jpg,skipped,0.0000,0,
2026-07-30T12:30:22.241419+00:00,Healthy-Leaf(1399),Healthy-Leaf (361).jpg,skipped,0.0000,0,
2026-07-30T12:30:22.241484+00:00,Healthy-Leaf(1399),Healthy-Leaf (362).jpg,skipped,0.0000,0,
2026-07-30T12:30:22.241549+00:00,Healthy-Leaf(1399),Healthy-Leaf (363).jpg,skipped,0.0000,0,
2026-07-30T12:30:22.241613+00:00,Healthy-Leaf(1399),Healthy-Leaf (364).jpg,skipped,0.0000,0,
2026-07-30T12:30:22.241677+00:00,Healthy-Leaf(1399),Healthy-Leaf (365).jpg,skipped,0.0000,0,
2026-07-30T12:30:22.241742+00:00,Healthy-Leaf(1399),Healthy-Leaf (366).jpg,skipped,0.0000,0,
2026-07-30T12:30:22.241806+00:00,Healthy-Leaf(1399),Healthy-Leaf (367).jpg,skipped,0.0000,0,
2026-07-30T12:30:22.241871+00:00,Healthy-Leaf(1399),Healthy-Leaf (368).jpg,skipped,0.0000,0,
2026-07-30T12:30:22.241944+00:00,Healthy-Leaf(1399),Healthy-Leaf (369).jpg,skipped,0.0000,0,
2026-07-30T12:30:22.241992+00:00,Healthy-Leaf(1399),Healthy-Leaf (37).jpg,skipped,0.0000,0,
2026-07-30T12:30:22.242040+00:00,Healthy-Leaf(1399),Healthy-Leaf (370).jpg,skipped,0.0000,0,
2026-07-30T12:30:22.242089+00:00,Healthy-Leaf(1399),Healthy-Leaf (371).jpg,skipped,0.0000,0,
2026-07-30T12:30:22.242138+00:00,Healthy-Leaf(1399),Healthy-Leaf (372).jpg,skipped,0.0000,0,
2026-07-30T12:30:22.242187+00:00,Healthy-Leaf(1399),Healthy-Leaf (373).jpg,skipped,0.0000,0,
2026-07-30T12:30:22.242240+00:00,Healthy-Leaf(1399),Healthy-Leaf (374).jpg,skipped,0.0000,0,
2026-07-30T12:30:22.242293+00:00,Healthy-Leaf(1399),Healthy-Leaf (375).jpg,skipped,0.0000,0,
2026-07-30T12:30:22.242349+00:00,Healthy-Leaf(1399),Healthy-Leaf (376).jpg,skipped,0.0000,0,
2026-07-30T12:30:22.242407+00:00,Healthy-Leaf(1399),Healthy-Leaf (377).jpg,skipped,0.0000,0,
2026-07-30T12:30:22.242473+00:00,Healthy-Leaf(1399),Healthy-Leaf (378).jpg,skipped,0.0000,0,
2026-07-30T12:30:22.242521+00:00,Healthy-Leaf(1399),Healthy-Leaf (379).jpg,skipped,0.0000,0,
2026-07-30T12:30:22.242569+00:00,Healthy-Leaf(1399),Healthy-Leaf (38).jpg,skipped,0.0000,0,
2026-07-30T12:30:22.242617+00:00,Healthy-Leaf(1399),Healthy-Leaf (380).jpg,skipped,0.0000,0,
2026-07-30T12:30:22.242665+00:00,Healthy-Leaf(1399),Healthy-Leaf (381).jpg,skipped,0.0000,0,
2026-07-30T12:30:22.242714+00:00,Healthy-Leaf(1399),Healthy-Leaf (382).jpg,skipped,0.0000,0,
2026-07-30T12:30:22.242762+00:00,Healthy-Leaf(1399),Healthy-Leaf (383).jpg,skipped,0.0000,0,
2026-07-30T12:30:22.242810+00:00,Healthy-Leaf(1399),Healthy-Leaf (384).jpg,skipped,0.0000,0,
2026-07-30T12:30:22.242857+00:00,Healthy-Leaf(1399),Healthy-Leaf (385).jpg,skipped,0.0000,0,
2026-07-30T12:30:22.242905+00:00,Healthy-Leaf(1399),Healthy-Leaf (386).jpg,skipped,0.0000,0,
2026-07-30T12:30:22.242993+00:00,Healthy-Leaf(1399),Healthy-Leaf (387).jpg,skipped,0.0000,0,
2026-07-30T12:30:22.243061+00:00,Healthy-Leaf(1399),Healthy-Leaf (388).jpg,skipped,0.0000,0,
2026-07-30T12:30:22.243125+00:00,Healthy-Leaf(1399),Healthy-Leaf (389).jpg,skipped,0.0000,0,
2026-07-30T12:30:22.243189+00:00,Healthy-Leaf(1399),Healthy-Leaf (39).jpg,skipped,0.0000,0,
2026-07-30T12:30:22.243313+00:00,Healthy-Leaf(1399),Healthy-Leaf (390).jpg,skipped,0.0000,0,
2026-07-30T12:30:22.243410+00:00,Healthy-Leaf(1399),Healthy-Leaf (391).jpg,skipped,0.0000,0,
2026-07-30T12:30:22.243479+00:00,Healthy-Leaf(1399),Healthy-Leaf (392).jpg,skipped,0.0000,0,
2026-07-30T12:30:22.243545+00:00,Healthy-Leaf(1399),Healthy-Leaf (393).jpg,skipped,0.0000,0,
2026-07-30T12:30:22.243609+00:00,Healthy-Leaf(1399),Healthy-Leaf (394).jpg,skipped,0.0000,0,
2026-07-30T12:30:22.243681+00:00,Healthy-Leaf(1399),Healthy-Leaf (395).jpg,skipped,0.0000,0,
2026-07-30T12:30:22.243755+00:00,Healthy-Leaf(1399),Healthy-Leaf (396).jpg,skipped,0.0000,0,
2026-07-30T12:30:22.243823+00:00,Healthy-Leaf(1399),Healthy-Leaf (397).jpg,skipped,0.0000,0,
2026-07-30T12:30:22.243888+00:00,Healthy-Leaf(1399),Healthy-Leaf (398).jpg,skipped,0.0000,0,
2026-07-30T12:30:22.243956+00:00,Healthy-Leaf(1399),Healthy-Leaf (399).jpg,skipped,0.0000,0,
2026-07-30T12:30:22.244006+00:00,Healthy-Leaf(1399),Healthy-Leaf (4).jpg,skipped,0.0000,0,
2026-07-30T12:30:22.244056+00:00,Healthy-Leaf(1399),Healthy-Leaf (40).jpg,skipped,0.0000,0,
2026-07-30T12:30:22.244106+00:00,Healthy-Leaf(1399),Healthy-Leaf (400).jpg,skipped,0.0000,0,
2026-07-30T12:30:22.244157+00:00,Healthy-Leaf(1399),Healthy-Leaf (401).jpg,skipped,0.0000,0,
2026-07-30T12:30:22.244207+00:00,Healthy-Leaf(1399),Healthy-Leaf (402).jpg,skipped,0.0000,0,
2026-07-30T12:30:22.244279+00:00,Healthy-Leaf(1399),Healthy-Leaf (403).jpg,skipped,0.0000,0,
2026-07-30T12:30:22.244332+00:00,Healthy-Leaf(1399),Healthy-Leaf (404).jpg,skipped,0.0000,0,
2026-07-30T12:30:22.244383+00:00,Healthy-Leaf(1399),Healthy-Leaf (405).jpg,skipped,0.0000,0,
2026-07-30T12:30:22.244434+00:00,Healthy-Leaf(1399),Healthy-Leaf (406).jpg,skipped,0.0000,0,
2026-07-30T12:30:22.244485+00:00,Healthy-Leaf(1399),Healthy-Leaf (407).jpg,skipped,0.0000,0,
2026-07-30T12:30:22.244534+00:00,Healthy-Leaf(1399),Healthy-Leaf (408).jpg,skipped,0.0000,0,
2026-07-30T12:30:22.244585+00:00,Healthy-Leaf(1399),Healthy-Leaf (409).jpg,skipped,0.0000,0,
2026-07-30T12:30:22.244640+00:00,Healthy-Leaf(1399),Healthy-Leaf (41).jpg,skipped,0.0000,0,
2026-07-30T12:30:22.244691+00:00,Healthy-Leaf(1399),Healthy-Leaf (410).jpg,skipped,0.0000,0,
2026-07-30T12:30:22.244742+00:00,Healthy-Leaf(1399),Healthy-Leaf (411).jpg,skipped,0.0000,0,
2026-07-30T12:30:22.244800+00:00,Healthy-Leaf(1399),Healthy-Leaf (412).jpg,skipped,0.0000,0,
2026-07-30T12:30:22.244852+00:00,Healthy-Leaf(1399),Healthy-Leaf (413).jpg,skipped,0.0000,0,
2026-07-30T12:30:22.244903+00:00,Healthy-Leaf(1399),Healthy-Leaf (414).jpg,skipped,0.0000,0,
2026-07-30T12:30:22.244964+00:00,Healthy-Leaf(1399),Healthy-Leaf (415).jpg,skipped,0.0000,0,
2026-07-30T12:30:22.245018+00:00,Healthy-Leaf(1399),Healthy-Leaf (416).jpg,skipped,0.0000,0,
2026-07-30T12:30:22.245160+00:00,Healthy-Leaf(1399),Healthy-Leaf (417).jpg,skipped,0.0000,0,
2026-07-30T12:30:22.245232+00:00,Healthy-Leaf(1399),Healthy-Leaf (418).jpg,skipped,0.0000,0,
2026-07-30T12:30:22.245293+00:00,Healthy-Leaf(1399),Healthy-Leaf (419).jpg,skipped,0.0000,0,
2026-07-30T12:30:22.245383+00:00,Healthy-Leaf(1399),Healthy-Leaf (42).jpg,skipped,0.0000,0,
2026-07-30T12:30:22.245444+00:00,Healthy-Leaf(1399),Healthy-Leaf (420).jpg,skipped,0.0000,0,
2026-07-30T12:30:22.245501+00:00,Healthy-Leaf(1399),Healthy-Leaf (421).jpg,skipped,0.0000,0,
2026-07-30T12:30:22.245556+00:00,Healthy-Leaf(1399),Healthy-Leaf (422).jpg,skipped,0.0000,0,
2026-07-30T12:30:22.245610+00:00,Healthy-Leaf(1399),Healthy-Leaf (423).jpg,skipped,0.0000,0,
2026-07-30T12:30:22.245663+00:00,Healthy-Leaf(1399),Healthy-Leaf (424).jpg,skipped,0.0000,0,
2026-07-30T12:30:22.245718+00:00,Healthy-Leaf(1399),Healthy-Leaf (425).jpg,skipped,0.0000,0,
2026-07-30T12:30:22.245771+00:00,Healthy-Leaf(1399),Healthy-Leaf (426).jpg,skipped,0.0000,0,
2026-07-30T12:30:22.245850+00:00,Healthy-Leaf(1399),Healthy-Leaf (427).jpg,skipped,0.0000,0,
2026-07-30T12:30:22.245927+00:00,Healthy-Leaf(1399),Healthy-Leaf (428).jpg,skipped,0.0000,0,
2026-07-30T12:30:22.246042+00:00,Healthy-Leaf(1399),Healthy-Leaf (429).jpg,skipped,0.0000,0,
2026-07-30T12:30:22.246143+00:00,Healthy-Leaf(1399),Healthy-Leaf (43).jpg,skipped,0.0000,0,
2026-07-30T12:30:22.246229+00:00,Healthy-Leaf(1399),Healthy-Leaf (430).jpg,skipped,0.0000,0,
2026-07-30T12:30:22.246295+00:00,Healthy-Leaf(1399),Healthy-Leaf (431).jpg,skipped,0.0000,0,
2026-07-30T12:30:22.246358+00:00,Healthy-Leaf(1399),Healthy-Leaf (432).jpg,skipped,0.0000,0,
2026-07-30T12:30:22.246432+00:00,Healthy-Leaf(1399),Healthy-Leaf (433).jpg,skipped,0.0000,0,
2026-07-30T12:30:22.246500+00:00,Healthy-Leaf(1399),Healthy-Leaf (434).jpg,skipped,0.0000,0,
2026-07-30T12:30:22.246575+00:00,Healthy-Leaf(1399),Healthy-Leaf (435).jpg,skipped,0.0000,0,
2026-07-30T12:30:22.246627+00:00,Healthy-Leaf(1399),Healthy-Leaf (436).jpg,skipped,0.0000,0,
2026-07-30T12:30:22.246678+00:00,Healthy-Leaf(1399),Healthy-Leaf (437).jpg,skipped,0.0000,0,
2026-07-30T12:30:22.246728+00:00,Healthy-Leaf(1399),Healthy-Leaf (438).jpg,skipped,0.0000,0,
2026-07-30T12:30:22.246777+00:00,Healthy-Leaf(1399),Healthy-Leaf (439).jpg,skipped,0.0000,0,
2026-07-30T12:30:22.246826+00:00,Healthy-Leaf(1399),Healthy-Leaf (44).jpg,skipped,0.0000,0,
2026-07-30T12:30:22.246874+00:00,Healthy-Leaf(1399),Healthy-Leaf (440).jpg,skipped,0.0000,0,
2026-07-30T12:30:22.246922+00:00,Healthy-Leaf(1399),Healthy-Leaf (441).jpg,skipped,0.0000,0,
2026-07-30T12:30:22.246970+00:00,Healthy-Leaf(1399),Healthy-Leaf (442).jpg,skipped,0.0000,0,
2026-07-30T12:30:22.247019+00:00,Healthy-Leaf(1399),Healthy-Leaf (443).jpg,skipped,0.0000,0,
2026-07-30T12:30:22.247067+00:00,Healthy-Leaf(1399),Healthy-Leaf (444).jpg,skipped,0.0000,0,
2026-07-30T12:30:22.247115+00:00,Healthy-Leaf(1399),Healthy-Leaf (445).jpg,skipped,0.0000,0,
2026-07-30T12:30:22.247164+00:00,Healthy-Leaf(1399),Healthy-Leaf (446).jpg,skipped,0.0000,0,
2026-07-30T12:30:22.247213+00:00,Healthy-Leaf(1399),Healthy-Leaf (447).jpg,skipped,0.0000,0,
2026-07-30T12:30:22.247261+00:00,Healthy-Leaf(1399),Healthy-Leaf (448).jpg,skipped,0.0000,0,
2026-07-30T12:30:22.247310+00:00,Healthy-Leaf(1399),Healthy-Leaf (449).jpg,skipped,0.0000,0,
2026-07-30T12:30:22.247359+00:00,Healthy-Leaf(1399),Healthy-Leaf (45).jpg,skipped,0.0000,0,
2026-07-30T12:30:22.247406+00:00,Healthy-Leaf(1399),Healthy-Leaf (450).jpg,skipped,0.0000,0,
2026-07-30T12:30:22.247454+00:00,Healthy-Leaf(1399),Healthy-Leaf (451).jpg,skipped,0.0000,0,
2026-07-30T12:30:22.247502+00:00,Healthy-Leaf(1399),Healthy-Leaf (452).jpg,skipped,0.0000,0,
2026-07-30T12:30:22.247550+00:00,Healthy-Leaf(1399),Healthy-Leaf (453).jpg,skipped,0.0000,0,
2026-07-30T12:30:22.247597+00:00,Healthy-Leaf(1399),Healthy-Leaf (454).jpg,skipped,0.0000,0,
2026-07-30T12:30:22.247645+00:00,Healthy-Leaf(1399),Healthy-Leaf (455).jpg,skipped,0.0000,0,
2026-07-30T12:30:22.247693+00:00,Healthy-Leaf(1399),Healthy-Leaf (456).jpg,skipped,0.0000,0,
2026-07-30T12:30:22.247769+00:00,Healthy-Leaf(1399),Healthy-Leaf (457).jpg,skipped,0.0000,0,
2026-07-30T12:30:22.247821+00:00,Healthy-Leaf(1399),Healthy-Leaf (458).jpg,skipped,0.0000,0,
2026-07-30T12:30:22.247870+00:00,Healthy-Leaf(1399),Healthy-Leaf (459).jpg,skipped,0.0000,0,
2026-07-30T12:30:22.247918+00:00,Healthy-Leaf(1399),Healthy-Leaf (46).jpg,skipped,0.0000,0,
2026-07-30T12:30:22.247974+00:00,Healthy-Leaf(1399),Healthy-Leaf (460).jpg,skipped,0.0000,0,
2026-07-30T12:30:22.248023+00:00,Healthy-Leaf(1399),Healthy-Leaf (461).jpg,skipped,0.0000,0,
2026-07-30T12:30:22.248071+00:00,Healthy-Leaf(1399),Healthy-Leaf (462).jpg,skipped,0.0000,0,
2026-07-30T12:30:22.248119+00:00,Healthy-Leaf(1399),Healthy-Leaf (463).jpg,skipped,0.0000,0,
2026-07-30T12:30:22.248166+00:00,Healthy-Leaf(1399),Healthy-Leaf (464).jpg,skipped,0.0000,0,
2026-07-30T12:30:22.248214+00:00,Healthy-Leaf(1399),Healthy-Leaf (465).jpg,skipped,0.0000,0,
2026-07-30T12:30:22.248262+00:00,Healthy-Leaf(1399),Healthy-Leaf (466).jpg,skipped,0.0000,0,
2026-07-30T12:30:22.248318+00:00,Healthy-Leaf(1399),Healthy-Leaf (467).jpg,skipped,0.0000,0,
2026-07-30T12:30:22.248366+00:00,Healthy-Leaf(1399),Healthy-Leaf (468).jpg,skipped,0.0000,0,
2026-07-30T12:30:22.248414+00:00,Healthy-Leaf(1399),Healthy-Leaf (469).jpg,skipped,0.0000,0,
2026-07-30T12:30:22.248462+00:00,Healthy-Leaf(1399),Healthy-Leaf (47).jpg,skipped,0.0000,0,
2026-07-30T12:30:22.248510+00:00,Healthy-Leaf(1399),Healthy-Leaf (470).jpg,skipped,0.0000,0,
2026-07-30T12:30:22.248600+00:00,Healthy-Leaf(1399),Healthy-Leaf (471).jpg,skipped,0.0000,0,
2026-07-30T12:30:22.248747+00:00,Healthy-Leaf(1399),Healthy-Leaf (472).jpg,skipped,0.0000,0,
2026-07-30T12:30:22.248835+00:00,Healthy-Leaf(1399),Healthy-Leaf (473).jpg,skipped,0.0000,0,
2026-07-30T12:30:22.248894+00:00,Healthy-Leaf(1399),Healthy-Leaf (474).jpg,skipped,0.0000,0,
2026-07-30T12:30:22.248953+00:00,Healthy-Leaf(1399),Healthy-Leaf (475).jpg,skipped,0.0000,0,
2026-07-30T12:30:22.249007+00:00,Healthy-Leaf(1399),Healthy-Leaf (476).jpg,skipped,0.0000,0,
2026-07-30T12:30:22.249060+00:00,Healthy-Leaf(1399),Healthy-Leaf (477).jpg,skipped,0.0000,0,
2026-07-30T12:30:22.249113+00:00,Healthy-Leaf(1399),Healthy-Leaf (478).jpg,skipped,0.0000,0,
2026-07-30T12:30:22.249165+00:00,Healthy-Leaf(1399),Healthy-Leaf (479).jpg,skipped,0.0000,0,
2026-07-30T12:30:22.249216+00:00,Healthy-Leaf(1399),Healthy-Leaf (48).jpg,skipped,0.0000,0,
2026-07-30T12:30:22.249268+00:00,Healthy-Leaf(1399),Healthy-Leaf (480).jpg,skipped,0.0000,0,
2026-07-30T12:30:22.249320+00:00,Healthy-Leaf(1399),Healthy-Leaf (481).jpg,skipped,0.0000,0,
2026-07-30T12:30:22.249372+00:00,Healthy-Leaf(1399),Healthy-Leaf (482).jpg,skipped,0.0000,0,
2026-07-30T12:30:22.249423+00:00,Healthy-Leaf(1399),Healthy-Leaf (483).jpg,skipped,0.0000,0,
2026-07-30T12:30:22.249475+00:00,Healthy-Leaf(1399),Healthy-Leaf (484).jpg,skipped,0.0000,0,
2026-07-30T12:30:22.249527+00:00,Healthy-Leaf(1399),Healthy-Leaf (485).jpg,skipped,0.0000,0,
2026-07-30T12:30:22.249579+00:00,Healthy-Leaf(1399),Healthy-Leaf (486).jpg,skipped,0.0000,0,
2026-07-30T12:30:22.249630+00:00,Healthy-Leaf(1399),Healthy-Leaf (487).jpg,skipped,0.0000,0,
2026-07-30T12:30:22.249681+00:00,Healthy-Leaf(1399),Healthy-Leaf (488).jpg,skipped,0.0000,0,
2026-07-30T12:30:22.249732+00:00,Healthy-Leaf(1399),Healthy-Leaf (489).jpg,skipped,0.0000,0,
2026-07-30T12:30:22.249783+00:00,Healthy-Leaf(1399),Healthy-Leaf (49).jpg,skipped,0.0000,0,
2026-07-30T12:30:22.249834+00:00,Healthy-Leaf(1399),Healthy-Leaf (490).jpg,skipped,0.0000,0,
2026-07-30T12:30:22.249892+00:00,Healthy-Leaf(1399),Healthy-Leaf (491).jpg,skipped,0.0000,0,
2026-07-30T12:30:22.249941+00:00,Healthy-Leaf(1399),Healthy-Leaf (492).jpg,skipped,0.0000,0,
2026-07-30T12:30:22.249991+00:00,Healthy-Leaf(1399),Healthy-Leaf (493).jpg,skipped,0.0000,0,
2026-07-30T12:30:22.250040+00:00,Healthy-Leaf(1399),Healthy-Leaf (494).jpg,skipped,0.0000,0,
2026-07-30T12:30:22.250089+00:00,Healthy-Leaf(1399),Healthy-Leaf (495).jpg,skipped,0.0000,0,
2026-07-30T12:30:22.250138+00:00,Healthy-Leaf(1399),Healthy-Leaf (496).jpg,skipped,0.0000,0,
2026-07-30T12:30:22.250186+00:00,Healthy-Leaf(1399),Healthy-Leaf (497).jpg,skipped,0.0000,0,
2026-07-30T12:30:22.250235+00:00,Healthy-Leaf(1399),Healthy-Leaf (498).jpg,skipped,0.0000,0,
2026-07-30T12:30:22.250284+00:00,Healthy-Leaf(1399),Healthy-Leaf (499).jpg,skipped,0.0000,0,
2026-07-30T12:30:22.250333+00:00,Healthy-Leaf(1399),Healthy-Leaf (5).jpg,skipped,0.0000,0,
2026-07-30T12:30:22.250382+00:00,Healthy-Leaf(1399),Healthy-Leaf (50).jpg,skipped,0.0000,0,
2026-07-30T12:30:22.250430+00:00,Healthy-Leaf(1399),Healthy-Leaf (500).jpg,skipped,0.0000,0,
2026-07-30T12:30:22.250479+00:00,Healthy-Leaf(1399),Healthy-Leaf (501).jpg,skipped,0.0000,0,
2026-07-30T12:30:22.250527+00:00,Healthy-Leaf(1399),Healthy-Leaf (502).jpg,skipped,0.0000,0,
2026-07-30T12:30:22.250576+00:00,Healthy-Leaf(1399),Healthy-Leaf (503).jpg,skipped,0.0000,0,
2026-07-30T12:30:22.250625+00:00,Healthy-Leaf(1399),Healthy-Leaf (504).jpg,skipped,0.0000,0,
2026-07-30T12:30:22.250675+00:00,Healthy-Leaf(1399),Healthy-Leaf (505).jpg,skipped,0.0000,0,
2026-07-30T12:30:22.250723+00:00,Healthy-Leaf(1399),Healthy-Leaf (506).jpg,skipped,0.0000,0,
2026-07-30T12:30:22.250772+00:00,Healthy-Leaf(1399),Healthy-Leaf (507).jpg,skipped,0.0000,0,
2026-07-30T12:30:22.250822+00:00,Healthy-Leaf(1399),Healthy-Leaf (508).jpg,skipped,0.0000,0,
2026-07-30T12:30:22.250872+00:00,Healthy-Leaf(1399),Healthy-Leaf (509).jpg,skipped,0.0000,0,
2026-07-30T12:30:22.250920+00:00,Healthy-Leaf(1399),Healthy-Leaf (51).jpg,skipped,0.0000,0,
2026-07-30T12:30:22.250970+00:00,Healthy-Leaf(1399),Healthy-Leaf (510).jpg,skipped,0.0000,0,
2026-07-30T12:30:22.251020+00:00,Healthy-Leaf(1399),Healthy-Leaf (511).jpg,skipped,0.0000,0,
2026-07-30T12:30:22.251069+00:00,Healthy-Leaf(1399),Healthy-Leaf (512).jpg,skipped,0.0000,0,
2026-07-30T12:30:22.251118+00:00,Healthy-Leaf(1399),Healthy-Leaf (513).jpg,skipped,0.0000,0,
2026-07-30T12:30:22.251170+00:00,Healthy-Leaf(1399),Healthy-Leaf (514).jpg,skipped,0.0000,0,
2026-07-30T12:30:22.251220+00:00,Healthy-Leaf(1399),Healthy-Leaf (515).jpg,skipped,0.0000,0,
2026-07-30T12:30:22.251269+00:00,Healthy-Leaf(1399),Healthy-Leaf (516).jpg,skipped,0.0000,0,
2026-07-30T12:30:22.251318+00:00,Healthy-Leaf(1399),Healthy-Leaf (517).jpg,skipped,0.0000,0,
2026-07-30T12:30:22.251367+00:00,Healthy-Leaf(1399),Healthy-Leaf (518).jpg,skipped,0.0000,0,
2026-07-30T12:30:22.251416+00:00,Healthy-Leaf(1399),Healthy-Leaf (519).jpg,skipped,0.0000,0,
2026-07-30T12:30:22.251465+00:00,Healthy-Leaf(1399),Healthy-Leaf (52).jpg,skipped,0.0000,0,
2026-07-30T12:30:22.251514+00:00,Healthy-Leaf(1399),Healthy-Leaf (520).jpg,skipped,0.0000,0,
2026-07-30T12:30:22.251563+00:00,Healthy-Leaf(1399),Healthy-Leaf (521).jpg,skipped,0.0000,0,
2026-07-30T12:30:22.251620+00:00,Healthy-Leaf(1399),Healthy-Leaf (522).jpg,skipped,0.0000,0,
2026-07-30T12:30:22.251682+00:00,Healthy-Leaf(1399),Healthy-Leaf (523).jpg,skipped,0.0000,0,
2026-07-30T12:30:22.251735+00:00,Healthy-Leaf(1399),Healthy-Leaf (524).jpg,skipped,0.0000,0,
2026-07-30T12:30:22.251784+00:00,Healthy-Leaf(1399),Healthy-Leaf (525).jpg,skipped,0.0000,0,
2026-07-30T12:30:22.251833+00:00,Healthy-Leaf(1399),Healthy-Leaf (526).jpg,skipped,0.0000,0,
2026-07-30T12:30:22.251882+00:00,Healthy-Leaf(1399),Healthy-Leaf (527).jpg,skipped,0.0000,0,
2026-07-30T12:30:22.251930+00:00,Healthy-Leaf(1399),Healthy-Leaf (528).jpg,skipped,0.0000,0,
2026-07-30T12:30:22.252004+00:00,Healthy-Leaf(1399),Healthy-Leaf (529).jpg,skipped,0.0000,0,
2026-07-30T12:30:22.252057+00:00,Healthy-Leaf(1399),Healthy-Leaf (53).jpg,skipped,0.0000,0,
2026-07-30T12:30:22.252106+00:00,Healthy-Leaf(1399),Healthy-Leaf (530).jpg,skipped,0.0000,0,
2026-07-30T12:30:22.252155+00:00,Healthy-Leaf(1399),Healthy-Leaf (531).jpg,skipped,0.0000,0,
2026-07-30T12:30:22.252204+00:00,Healthy-Leaf(1399),Healthy-Leaf (532).jpg,skipped,0.0000,0,
2026-07-30T12:30:22.252252+00:00,Healthy-Leaf(1399),Healthy-Leaf (533).jpg,skipped,0.0000,0,
2026-07-30T12:30:22.252301+00:00,Healthy-Leaf(1399),Healthy-Leaf (534).jpg,skipped,0.0000,0,
2026-07-30T12:30:22.252350+00:00,Healthy-Leaf(1399),Healthy-Leaf (535).jpg,skipped,0.0000,0,
2026-07-30T12:30:22.252399+00:00,Healthy-Leaf(1399),Healthy-Leaf (536).jpg,skipped,0.0000,0,
2026-07-30T12:30:22.252447+00:00,Healthy-Leaf(1399),Healthy-Leaf (537).jpg,skipped,0.0000,0,
2026-07-30T12:30:22.252504+00:00,Healthy-Leaf(1399),Healthy-Leaf (538).jpg,skipped,0.0000,0,
2026-07-30T12:30:22.252552+00:00,Healthy-Leaf(1399),Healthy-Leaf (539).jpg,skipped,0.0000,0,
2026-07-30T12:30:22.252599+00:00,Healthy-Leaf(1399),Healthy-Leaf (54).jpg,skipped,0.0000,0,
2026-07-30T12:30:22.252646+00:00,Healthy-Leaf(1399),Healthy-Leaf (540).jpg,skipped,0.0000,0,
2026-07-30T12:30:22.252694+00:00,Healthy-Leaf(1399),Healthy-Leaf (541).jpg,skipped,0.0000,0,
2026-07-30T12:30:22.252742+00:00,Healthy-Leaf(1399),Healthy-Leaf (542).jpg,skipped,0.0000,0,
2026-07-30T12:30:22.252790+00:00,Healthy-Leaf(1399),Healthy-Leaf (543).jpg,skipped,0.0000,0,
2026-07-30T12:30:22.252838+00:00,Healthy-Leaf(1399),Healthy-Leaf (544).jpg,skipped,0.0000,0,
2026-07-30T12:30:22.252886+00:00,Healthy-Leaf(1399),Healthy-Leaf (545).jpg,skipped,0.0000,0,
2026-07-30T12:30:22.252933+00:00,Healthy-Leaf(1399),Healthy-Leaf (546).jpg,skipped,0.0000,0,
2026-07-30T12:30:22.253001+00:00,Healthy-Leaf(1399),Healthy-Leaf (547).jpg,skipped,0.0000,0,
2026-07-30T12:30:22.253105+00:00,Healthy-Leaf(1399),Healthy-Leaf (548).jpg,skipped,0.0000,0,
2026-07-30T12:30:22.253175+00:00,Healthy-Leaf(1399),Healthy-Leaf (549).jpg,skipped,0.0000,0,
2026-07-30T12:30:22.253241+00:00,Healthy-Leaf(1399),Healthy-Leaf (55).jpg,skipped,0.0000,0,
2026-07-30T12:30:22.253306+00:00,Healthy-Leaf(1399),Healthy-Leaf (550).jpg,skipped,0.0000,0,
2026-07-30T12:30:22.253371+00:00,Healthy-Leaf(1399),Healthy-Leaf (551).jpg,skipped,0.0000,0,
2026-07-30T12:30:22.253437+00:00,Healthy-Leaf(1399),Healthy-Leaf (552).jpg,skipped,0.0000,0,
2026-07-30T12:30:22.253538+00:00,Healthy-Leaf(1399),Healthy-Leaf (553).jpg,skipped,0.0000,0,
2026-07-30T12:30:22.253608+00:00,Healthy-Leaf(1399),Healthy-Leaf (554).jpg,skipped,0.0000,0,
2026-07-30T12:30:22.253674+00:00,Healthy-Leaf(1399),Healthy-Leaf (555).jpg,skipped,0.0000,0,
2026-07-30T12:30:22.253739+00:00,Healthy-Leaf(1399),Healthy-Leaf (556).jpg,skipped,0.0000,0,
2026-07-30T12:30:22.253803+00:00,Healthy-Leaf(1399),Healthy-Leaf (557).jpg,skipped,0.0000,0,
2026-07-30T12:30:22.253868+00:00,Healthy-Leaf(1399),Healthy-Leaf (558).jpg,skipped,0.0000,0,
2026-07-30T12:30:22.253933+00:00,Healthy-Leaf(1399),Healthy-Leaf (559).jpg,skipped,0.0000,0,
2026-07-30T12:30:22.254004+00:00,Healthy-Leaf(1399),Healthy-Leaf (56).jpg,skipped,0.0000,0,
2026-07-30T12:30:22.254063+00:00,Healthy-Leaf(1399),Healthy-Leaf (560).jpg,skipped,0.0000,0,
2026-07-30T12:30:22.254122+00:00,Healthy-Leaf(1399),Healthy-Leaf (561).jpg,skipped,0.0000,0,
2026-07-30T12:30:22.254181+00:00,Healthy-Leaf(1399),Healthy-Leaf (562).jpg,skipped,0.0000,0,
2026-07-30T12:30:22.254240+00:00,Healthy-Leaf(1399),Healthy-Leaf (563).jpg,skipped,0.0000,0,
2026-07-30T12:30:22.254299+00:00,Healthy-Leaf(1399),Healthy-Leaf (564).jpg,skipped,0.0000,0,
2026-07-30T12:30:22.254358+00:00,Healthy-Leaf(1399),Healthy-Leaf (565).jpg,skipped,0.0000,0,
2026-07-30T12:30:22.254417+00:00,Healthy-Leaf(1399),Healthy-Leaf (566).jpg,skipped,0.0000,0,
2026-07-30T12:30:22.254475+00:00,Healthy-Leaf(1399),Healthy-Leaf (567).jpg,skipped,0.0000,0,
2026-07-30T12:30:22.254534+00:00,Healthy-Leaf(1399),Healthy-Leaf (568).jpg,skipped,0.0000,0,
2026-07-30T12:30:22.254592+00:00,Healthy-Leaf(1399),Healthy-Leaf (569).jpg,skipped,0.0000,0,
2026-07-30T12:30:22.254651+00:00,Healthy-Leaf(1399),Healthy-Leaf (57).jpg,skipped,0.0000,0,
2026-07-30T12:30:22.254709+00:00,Healthy-Leaf(1399),Healthy-Leaf (570).jpg,skipped,0.0000,0,
2026-07-30T12:30:22.254768+00:00,Healthy-Leaf(1399),Healthy-Leaf (571).jpg,skipped,0.0000,0,
2026-07-30T12:30:22.254826+00:00,Healthy-Leaf(1399),Healthy-Leaf (572).jpg,skipped,0.0000,0,
2026-07-30T12:30:22.254884+00:00,Healthy-Leaf(1399),Healthy-Leaf (573).jpg,skipped,0.0000,0,
2026-07-30T12:30:22.254942+00:00,Healthy-Leaf(1399),Healthy-Leaf (574).jpg,skipped,0.0000,0,
2026-07-30T12:30:22.255000+00:00,Healthy-Leaf(1399),Healthy-Leaf (575).jpg,skipped,0.0000,0,
2026-07-30T12:30:22.255058+00:00,Healthy-Leaf(1399),Healthy-Leaf (576).jpg,skipped,0.0000,0,
2026-07-30T12:30:22.255116+00:00,Healthy-Leaf(1399),Healthy-Leaf (577).jpg,skipped,0.0000,0,
2026-07-30T12:30:22.255173+00:00,Healthy-Leaf(1399),Healthy-Leaf (578).jpg,skipped,0.0000,0,
2026-07-30T12:30:22.255232+00:00,Healthy-Leaf(1399),Healthy-Leaf (579).jpg,skipped,0.0000,0,
2026-07-30T12:30:22.255289+00:00,Healthy-Leaf(1399),Healthy-Leaf (58).jpg,skipped,0.0000,0,
2026-07-30T12:30:22.255351+00:00,Healthy-Leaf(1399),Healthy-Leaf (580).jpg,skipped,0.0000,0,
2026-07-30T12:30:22.255410+00:00,Healthy-Leaf(1399),Healthy-Leaf (581).jpg,skipped,0.0000,0,
2026-07-30T12:30:22.255468+00:00,Healthy-Leaf(1399),Healthy-Leaf (582).jpg,skipped,0.0000,0,
2026-07-30T12:30:22.255526+00:00,Healthy-Leaf(1399),Healthy-Leaf (583).jpg,skipped,0.0000,0,
2026-07-30T12:30:22.255585+00:00,Healthy-Leaf(1399),Healthy-Leaf (584).jpg,skipped,0.0000,0,
2026-07-30T12:30:22.255643+00:00,Healthy-Leaf(1399),Healthy-Leaf (585).jpg,skipped,0.0000,0,
2026-07-30T12:30:22.255702+00:00,Healthy-Leaf(1399),Healthy-Leaf (586).jpg,skipped,0.0000,0,
2026-07-30T12:30:22.255760+00:00,Healthy-Leaf(1399),Healthy-Leaf (587).jpg,skipped,0.0000,0,
2026-07-30T12:30:22.255817+00:00,Healthy-Leaf(1399),Healthy-Leaf (588).jpg,skipped,0.0000,0,
2026-07-30T12:30:22.255875+00:00,Healthy-Leaf(1399),Healthy-Leaf (589).jpg,skipped,0.0000,0,
2026-07-30T12:30:22.255963+00:00,Healthy-Leaf(1399),Healthy-Leaf (59).jpg,skipped,0.0000,0,
2026-07-30T12:30:22.256024+00:00,Healthy-Leaf(1399),Healthy-Leaf (590).jpg,skipped,0.0000,0,
2026-07-30T12:30:22.256072+00:00,Healthy-Leaf(1399),Healthy-Leaf (591).jpg,skipped,0.0000,0,
2026-07-30T12:30:22.256120+00:00,Healthy-Leaf(1399),Healthy-Leaf (592).jpg,skipped,0.0000,0,
2026-07-30T12:30:22.256170+00:00,Healthy-Leaf(1399),Healthy-Leaf (593).jpg,skipped,0.0000,0,
2026-07-30T12:30:22.256233+00:00,Healthy-Leaf(1399),Healthy-Leaf (594).jpg,skipped,0.0000,0,
2026-07-30T12:30:22.256378+00:00,Healthy-Leaf(1399),Healthy-Leaf (595).jpg,skipped,0.0000,0,
2026-07-30T12:30:22.256450+00:00,Healthy-Leaf(1399),Healthy-Leaf (596).jpg,skipped,0.0000,0,
2026-07-30T12:30:22.256520+00:00,Healthy-Leaf(1399),Healthy-Leaf (597).jpg,skipped,0.0000,0,
2026-07-30T12:30:22.256568+00:00,Healthy-Leaf(1399),Healthy-Leaf (598).jpg,skipped,0.0000,0,
2026-07-30T12:30:22.256615+00:00,Healthy-Leaf(1399),Healthy-Leaf (599).jpg,skipped,0.0000,0,
2026-07-30T12:30:22.256663+00:00,Healthy-Leaf(1399),Healthy-Leaf (6).jpg,skipped,0.0000,0,
2026-07-30T12:30:22.256732+00:00,Healthy-Leaf(1399),Healthy-Leaf (60).jpg,skipped,0.0000,0,
2026-07-30T12:30:22.256783+00:00,Healthy-Leaf(1399),Healthy-Leaf (600).jpg,skipped,0.0000,0,
2026-07-30T12:30:22.256831+00:00,Healthy-Leaf(1399),Healthy-Leaf (601).jpg,skipped,0.0000,0,
2026-07-30T12:30:22.256879+00:00,Healthy-Leaf(1399),Healthy-Leaf (602).jpg,skipped,0.0000,0,
2026-07-30T12:30:22.256926+00:00,Healthy-Leaf(1399),Healthy-Leaf (603).jpg,skipped,0.0000,0,
2026-07-30T12:30:22.256993+00:00,Healthy-Leaf(1399),Healthy-Leaf (604).jpg,skipped,0.0000,0,
2026-07-30T12:30:22.257043+00:00,Healthy-Leaf(1399),Healthy-Leaf (605).jpg,skipped,0.0000,0,
2026-07-30T12:30:22.257091+00:00,Healthy-Leaf(1399),Healthy-Leaf (606).jpg,skipped,0.0000,0,
2026-07-30T12:30:22.257138+00:00,Healthy-Leaf(1399),Healthy-Leaf (607).jpg,skipped,0.0000,0,
2026-07-30T12:30:22.257185+00:00,Healthy-Leaf(1399),Healthy-Leaf (608).jpg,skipped,0.0000,0,
2026-07-30T12:30:22.257251+00:00,Healthy-Leaf(1399),Healthy-Leaf (609).jpg,skipped,0.0000,0,
2026-07-30T12:30:22.257318+00:00,Healthy-Leaf(1399),Healthy-Leaf (61).jpg,skipped,0.0000,0,
2026-07-30T12:30:22.257368+00:00,Healthy-Leaf(1399),Healthy-Leaf (610).jpg,skipped,0.0000,0,
2026-07-30T12:30:22.257416+00:00,Healthy-Leaf(1399),Healthy-Leaf (611).jpg,skipped,0.0000,0,
2026-07-30T12:30:22.257464+00:00,Healthy-Leaf(1399),Healthy-Leaf (612).jpg,skipped,0.0000,0,
2026-07-30T12:30:22.257512+00:00,Healthy-Leaf(1399),Healthy-Leaf (613).jpg,skipped,0.0000,0,
2026-07-30T12:30:22.257559+00:00,Healthy-Leaf(1399),Healthy-Leaf (614).jpg,skipped,0.0000,0,
2026-07-30T12:30:22.257625+00:00,Healthy-Leaf(1399),Healthy-Leaf (615).jpg,skipped,0.0000,0,
2026-07-30T12:30:22.257675+00:00,Healthy-Leaf(1399),Healthy-Leaf (616).jpg,skipped,0.0000,0,
2026-07-30T12:30:22.257724+00:00,Healthy-Leaf(1399),Healthy-Leaf (617).jpg,skipped,0.0000,0,
2026-07-30T12:30:22.257771+00:00,Healthy-Leaf(1399),Healthy-Leaf (618).jpg,skipped,0.0000,0,
2026-07-30T12:30:22.257818+00:00,Healthy-Leaf(1399),Healthy-Leaf (619).jpg,skipped,0.0000,0,
2026-07-30T12:30:22.257866+00:00,Healthy-Leaf(1399),Healthy-Leaf (62).jpg,skipped,0.0000,0,
2026-07-30T12:30:22.257913+00:00,Healthy-Leaf(1399),Healthy-Leaf (620).jpg,skipped,0.0000,0,
2026-07-30T12:30:22.257979+00:00,Healthy-Leaf(1399),Healthy-Leaf (621).jpg,skipped,0.0000,0,
2026-07-30T12:30:22.258029+00:00,Healthy-Leaf(1399),Healthy-Leaf (622).jpg,skipped,0.0000,0,
2026-07-30T12:30:22.258077+00:00,Healthy-Leaf(1399),Healthy-Leaf (623).jpg,skipped,0.0000,0,
2026-07-30T12:30:22.258124+00:00,Healthy-Leaf(1399),Healthy-Leaf (624).jpg,skipped,0.0000,0,
2026-07-30T12:30:22.258171+00:00,Healthy-Leaf(1399),Healthy-Leaf (625).jpg,skipped,0.0000,0,
2026-07-30T12:30:22.258219+00:00,Healthy-Leaf(1399),Healthy-Leaf (626).jpg,skipped,0.0000,0,
2026-07-30T12:30:22.258266+00:00,Healthy-Leaf(1399),Healthy-Leaf (627).jpg,skipped,0.0000,0,
2026-07-30T12:30:22.258313+00:00,Healthy-Leaf(1399),Healthy-Leaf (628).jpg,skipped,0.0000,0,
2026-07-30T12:30:22.258361+00:00,Healthy-Leaf(1399),Healthy-Leaf (629).jpg,skipped,0.0000,0,
2026-07-30T12:30:22.258409+00:00,Healthy-Leaf(1399),Healthy-Leaf (63).jpg,skipped,0.0000,0,
2026-07-30T12:30:22.258457+00:00,Healthy-Leaf(1399),Healthy-Leaf (630).jpg,skipped,0.0000,0,
2026-07-30T12:30:22.258507+00:00,Healthy-Leaf(1399),Healthy-Leaf (631).jpg,skipped,0.0000,0,
2026-07-30T12:30:22.258555+00:00,Healthy-Leaf(1399),Healthy-Leaf (632).jpg,skipped,0.0000,0,
2026-07-30T12:30:22.258603+00:00,Healthy-Leaf(1399),Healthy-Leaf (633).jpg,skipped,0.0000,0,
2026-07-30T12:30:22.258672+00:00,Healthy-Leaf(1399),Healthy-Leaf (634).jpg,skipped,0.0000,0,
2026-07-30T12:30:22.258722+00:00,Healthy-Leaf(1399),Healthy-Leaf (635).jpg,skipped,0.0000,0,
2026-07-30T12:30:22.258770+00:00,Healthy-Leaf(1399),Healthy-Leaf (636).jpg,skipped,0.0000,0,
2026-07-30T12:30:22.258822+00:00,Healthy-Leaf(1399),Healthy-Leaf (637).jpg,skipped,0.0000,0,
2026-07-30T12:30:22.258870+00:00,Healthy-Leaf(1399),Healthy-Leaf (638).jpg,skipped,0.0000,0,
2026-07-30T12:30:22.258918+00:00,Healthy-Leaf(1399),Healthy-Leaf (639).jpg,skipped,0.0000,0,
2026-07-30T12:30:22.258965+00:00,Healthy-Leaf(1399),Healthy-Leaf (64).jpg,skipped,0.0000,0,
2026-07-30T12:30:22.259012+00:00,Healthy-Leaf(1399),Healthy-Leaf (640).jpg,skipped,0.0000,0,
2026-07-30T12:30:22.259060+00:00,Healthy-Leaf(1399),Healthy-Leaf (641).jpg,skipped,0.0000,0,
2026-07-30T12:30:22.259108+00:00,Healthy-Leaf(1399),Healthy-Leaf (642).jpg,skipped,0.0000,0,
2026-07-30T12:30:22.259156+00:00,Healthy-Leaf(1399),Healthy-Leaf (643).jpg,skipped,0.0000,0,
2026-07-30T12:30:22.259204+00:00,Healthy-Leaf(1399),Healthy-Leaf (644).jpg,skipped,0.0000,0,
2026-07-30T12:30:22.259252+00:00,Healthy-Leaf(1399),Healthy-Leaf (645).jpg,skipped,0.0000,0,
2026-07-30T12:30:22.259300+00:00,Healthy-Leaf(1399),Healthy-Leaf (646).jpg,skipped,0.0000,0,
2026-07-30T12:30:22.259369+00:00,Healthy-Leaf(1399),Healthy-Leaf (647).jpg,skipped,0.0000,0,
2026-07-30T12:30:22.259419+00:00,Healthy-Leaf(1399),Healthy-Leaf (648).jpg,skipped,0.0000,0,
2026-07-30T12:30:22.259467+00:00,Healthy-Leaf(1399),Healthy-Leaf (649).jpg,skipped,0.0000,0,
2026-07-30T12:30:22.259533+00:00,Healthy-Leaf(1399),Healthy-Leaf (65).jpg,skipped,0.0000,0,
2026-07-30T12:30:22.259583+00:00,Healthy-Leaf(1399),Healthy-Leaf (650).jpg,skipped,0.0000,0,
2026-07-30T12:30:22.259631+00:00,Healthy-Leaf(1399),Healthy-Leaf (651).jpg,skipped,0.0000,0,
2026-07-30T12:30:22.259695+00:00,Healthy-Leaf(1399),Healthy-Leaf (652).jpg,skipped,0.0000,0,
2026-07-30T12:30:22.259745+00:00,Healthy-Leaf(1399),Healthy-Leaf (653).jpg,skipped,0.0000,0,
2026-07-30T12:30:22.259794+00:00,Healthy-Leaf(1399),Healthy-Leaf (654).jpg,skipped,0.0000,0,
2026-07-30T12:30:22.259844+00:00,Healthy-Leaf(1399),Healthy-Leaf (655).jpg,skipped,0.0000,0,
2026-07-30T12:30:22.259903+00:00,Healthy-Leaf(1399),Healthy-Leaf (656).jpg,skipped,0.0000,0,
2026-07-30T12:30:22.260015+00:00,Healthy-Leaf(1399),Healthy-Leaf (657).jpg,skipped,0.0000,0,
2026-07-30T12:30:22.260073+00:00,Healthy-Leaf(1399),Healthy-Leaf (658).jpg,skipped,0.0000,0,
2026-07-30T12:30:22.260126+00:00,Healthy-Leaf(1399),Healthy-Leaf (659).jpg,skipped,0.0000,0,
2026-07-30T12:30:22.260177+00:00,Healthy-Leaf(1399),Healthy-Leaf (66).jpg,skipped,0.0000,0,
2026-07-30T12:30:22.260226+00:00,Healthy-Leaf(1399),Healthy-Leaf (660).jpg,skipped,0.0000,0,
2026-07-30T12:30:22.260274+00:00,Healthy-Leaf(1399),Healthy-Leaf (661).jpg,skipped,0.0000,0,
2026-07-30T12:30:22.260323+00:00,Healthy-Leaf(1399),Healthy-Leaf (662).jpg,skipped,0.0000,0,
2026-07-30T12:30:22.260371+00:00,Healthy-Leaf(1399),Healthy-Leaf (663).jpg,skipped,0.0000,0,
2026-07-30T12:30:22.260441+00:00,Healthy-Leaf(1399),Healthy-Leaf (664).jpg,skipped,0.0000,0,
2026-07-30T12:30:22.260492+00:00,Healthy-Leaf(1399),Healthy-Leaf (665).jpg,skipped,0.0000,0,
2026-07-30T12:30:22.260559+00:00,Healthy-Leaf(1399),Healthy-Leaf (666).jpg,skipped,0.0000,0,
2026-07-30T12:30:22.260626+00:00,Healthy-Leaf(1399),Healthy-Leaf (667).jpg,skipped,0.0000,0,
2026-07-30T12:30:22.260676+00:00,Healthy-Leaf(1399),Healthy-Leaf (668).jpg,skipped,0.0000,0,
2026-07-30T12:30:22.260724+00:00,Healthy-Leaf(1399),Healthy-Leaf (669).jpg,skipped,0.0000,0,
2026-07-30T12:30:22.260772+00:00,Healthy-Leaf(1399),Healthy-Leaf (67).jpg,skipped,0.0000,0,
2026-07-30T12:30:22.260820+00:00,Healthy-Leaf(1399),Healthy-Leaf (670).jpg,skipped,0.0000,0,
2026-07-30T12:30:22.260870+00:00,Healthy-Leaf(1399),Healthy-Leaf (671).jpg,skipped,0.0000,0,
2026-07-30T12:30:22.260917+00:00,Healthy-Leaf(1399),Healthy-Leaf (672).jpg,skipped,0.0000,0,
2026-07-30T12:30:22.260965+00:00,Healthy-Leaf(1399),Healthy-Leaf (673).jpg,skipped,0.0000,0,
2026-07-30T12:30:22.261022+00:00,Healthy-Leaf(1399),Healthy-Leaf (674).jpg,skipped,0.0000,0,
2026-07-30T12:30:22.261089+00:00,Healthy-Leaf(1399),Healthy-Leaf (675).jpg,skipped,0.0000,0,
2026-07-30T12:30:22.261139+00:00,Healthy-Leaf(1399),Healthy-Leaf (676).jpg,skipped,0.0000,0,
2026-07-30T12:30:22.261188+00:00,Healthy-Leaf(1399),Healthy-Leaf (677).jpg,skipped,0.0000,0,
2026-07-30T12:30:22.261236+00:00,Healthy-Leaf(1399),Healthy-Leaf (678).jpg,skipped,0.0000,0,
2026-07-30T12:30:22.261284+00:00,Healthy-Leaf(1399),Healthy-Leaf (679).jpg,skipped,0.0000,0,
2026-07-30T12:30:22.261332+00:00,Healthy-Leaf(1399),Healthy-Leaf (68).jpg,skipped,0.0000,0,
2026-07-30T12:30:22.261379+00:00,Healthy-Leaf(1399),Healthy-Leaf (680).jpg,skipped,0.0000,0,
2026-07-30T12:30:22.261427+00:00,Healthy-Leaf(1399),Healthy-Leaf (681).jpg,skipped,0.0000,0,
2026-07-30T12:30:22.261476+00:00,Healthy-Leaf(1399),Healthy-Leaf (682).jpg,skipped,0.0000,0,
2026-07-30T12:30:22.261543+00:00,Healthy-Leaf(1399),Healthy-Leaf (683).jpg,skipped,0.0000,0,
2026-07-30T12:30:22.261594+00:00,Healthy-Leaf(1399),Healthy-Leaf (684).jpg,skipped,0.0000,0,
2026-07-30T12:30:22.261643+00:00,Healthy-Leaf(1399),Healthy-Leaf (685).jpg,skipped,0.0000,0,
2026-07-30T12:30:22.261690+00:00,Healthy-Leaf(1399),Healthy-Leaf (686).jpg,skipped,0.0000,0,
2026-07-30T12:30:22.261756+00:00,Healthy-Leaf(1399),Healthy-Leaf (687).jpg,skipped,0.0000,0,
2026-07-30T12:30:22.261806+00:00,Healthy-Leaf(1399),Healthy-Leaf (688).jpg,skipped,0.0000,0,
2026-07-30T12:30:22.261872+00:00,Healthy-Leaf(1399),Healthy-Leaf (689).jpg,skipped,0.0000,0,
2026-07-30T12:30:22.261923+00:00,Healthy-Leaf(1399),Healthy-Leaf (69).jpg,skipped,0.0000,0,
2026-07-30T12:30:22.261971+00:00,Healthy-Leaf(1399),Healthy-Leaf (690).jpg,skipped,0.0000,0,
2026-07-30T12:30:22.262019+00:00,Healthy-Leaf(1399),Healthy-Leaf (691).jpg,skipped,0.0000,0,
2026-07-30T12:30:22.262067+00:00,Healthy-Leaf(1399),Healthy-Leaf (692).jpg,skipped,0.0000,0,
2026-07-30T12:30:22.262115+00:00,Healthy-Leaf(1399),Healthy-Leaf (693).jpg,skipped,0.0000,0,
2026-07-30T12:30:22.262162+00:00,Healthy-Leaf(1399),Healthy-Leaf (694).jpg,skipped,0.0000,0,
2026-07-30T12:30:22.262229+00:00,Healthy-Leaf(1399),Healthy-Leaf (695).jpg,skipped,0.0000,0,
2026-07-30T12:30:22.262298+00:00,Healthy-Leaf(1399),Healthy-Leaf (696).jpg,skipped,0.0000,0,
2026-07-30T12:30:22.262349+00:00,Healthy-Leaf(1399),Healthy-Leaf (697).jpg,skipped,0.0000,0,
2026-07-30T12:30:22.262398+00:00,Healthy-Leaf(1399),Healthy-Leaf (698).jpg,skipped,0.0000,0,
2026-07-30T12:30:22.262446+00:00,Healthy-Leaf(1399),Healthy-Leaf (699).jpg,skipped,0.0000,0,
2026-07-30T12:30:22.262493+00:00,Healthy-Leaf(1399),Healthy-Leaf (7).jpg,skipped,0.0000,0,
2026-07-30T12:30:22.262541+00:00,Healthy-Leaf(1399),Healthy-Leaf (70).jpg,skipped,0.0000,0,
2026-07-30T12:30:22.262588+00:00,Healthy-Leaf(1399),Healthy-Leaf (700).jpg,skipped,0.0000,0,
2026-07-30T12:30:22.262659+00:00,Healthy-Leaf(1399),Healthy-Leaf (701).jpg,skipped,0.0000,0,
2026-07-30T12:30:22.262710+00:00,Healthy-Leaf(1399),Healthy-Leaf (702).jpg,skipped,0.0000,0,
2026-07-30T12:30:22.262760+00:00,Healthy-Leaf(1399),Healthy-Leaf (703).jpg,skipped,0.0000,0,
2026-07-30T12:30:22.262809+00:00,Healthy-Leaf(1399),Healthy-Leaf (704).jpg,skipped,0.0000,0,
2026-07-30T12:30:22.262876+00:00,Healthy-Leaf(1399),Healthy-Leaf (705).jpg,skipped,0.0000,0,
2026-07-30T12:30:22.262927+00:00,Healthy-Leaf(1399),Healthy-Leaf (706).jpg,skipped,0.0000,0,
2026-07-30T12:30:22.262984+00:00,Healthy-Leaf(1399),Healthy-Leaf (707).jpg,skipped,0.0000,0,
2026-07-30T12:30:22.263030+00:00,Healthy-Leaf(1399),Healthy-Leaf (708).jpg,skipped,0.0000,0,
2026-07-30T12:30:22.263076+00:00,Healthy-Leaf(1399),Healthy-Leaf (709).jpg,skipped,0.0000,0,
2026-07-30T12:30:22.263140+00:00,Healthy-Leaf(1399),Healthy-Leaf (71).jpg,skipped,0.0000,0,
2026-07-30T12:30:22.263192+00:00,Healthy-Leaf(1399),Healthy-Leaf (710).jpg,skipped,0.0000,0,
2026-07-30T12:30:22.263238+00:00,Healthy-Leaf(1399),Healthy-Leaf (711).jpg,skipped,0.0000,0,
2026-07-30T12:30:22.263304+00:00,Healthy-Leaf(1399),Healthy-Leaf (712).jpg,skipped,0.0000,0,
2026-07-30T12:30:22.263352+00:00,Healthy-Leaf(1399),Healthy-Leaf (713).jpg,skipped,0.0000,0,
2026-07-30T12:30:22.263399+00:00,Healthy-Leaf(1399),Healthy-Leaf (714).jpg,skipped,0.0000,0,
2026-07-30T12:30:22.263445+00:00,Healthy-Leaf(1399),Healthy-Leaf (715).jpg,skipped,0.0000,0,
2026-07-30T12:30:22.263490+00:00,Healthy-Leaf(1399),Healthy-Leaf (716).jpg,skipped,0.0000,0,
2026-07-30T12:30:22.263536+00:00,Healthy-Leaf(1399),Healthy-Leaf (717).jpg,skipped,0.0000,0,
2026-07-30T12:30:22.263599+00:00,Healthy-Leaf(1399),Healthy-Leaf (718).jpg,skipped,0.0000,0,
2026-07-30T12:30:22.263647+00:00,Healthy-Leaf(1399),Healthy-Leaf (719).jpg,skipped,0.0000,0,
2026-07-30T12:30:22.263694+00:00,Healthy-Leaf(1399),Healthy-Leaf (72).jpg,skipped,0.0000,0,
2026-07-30T12:30:22.263740+00:00,Healthy-Leaf(1399),Healthy-Leaf (720).jpg,skipped,0.0000,0,
2026-07-30T12:30:22.263786+00:00,Healthy-Leaf(1399),Healthy-Leaf (721).jpg,skipped,0.0000,0,
2026-07-30T12:30:22.263832+00:00,Healthy-Leaf(1399),Healthy-Leaf (722).jpg,skipped,0.0000,0,
2026-07-30T12:30:22.263877+00:00,Healthy-Leaf(1399),Healthy-Leaf (723).jpg,skipped,0.0000,0,
2026-07-30T12:30:22.263923+00:00,Healthy-Leaf(1399),Healthy-Leaf (724).jpg,skipped,0.0000,0,
2026-07-30T12:30:22.263969+00:00,Healthy-Leaf(1399),Healthy-Leaf (725).jpg,skipped,0.0000,0,
2026-07-30T12:30:22.264015+00:00,Healthy-Leaf(1399),Healthy-Leaf (726).jpg,skipped,0.0000,0,
2026-07-30T12:30:22.264061+00:00,Healthy-Leaf(1399),Healthy-Leaf (727).jpg,skipped,0.0000,0,
2026-07-30T12:30:22.264107+00:00,Healthy-Leaf(1399),Healthy-Leaf (728).jpg,skipped,0.0000,0,
2026-07-30T12:30:22.264155+00:00,Healthy-Leaf(1399),Healthy-Leaf (729).jpg,skipped,0.0000,0,
2026-07-30T12:30:22.264211+00:00,Healthy-Leaf(1399),Healthy-Leaf (73).jpg,skipped,0.0000,0,
2026-07-30T12:30:22.264257+00:00,Healthy-Leaf(1399),Healthy-Leaf (730).jpg,skipped,0.0000,0,
2026-07-30T12:30:22.264303+00:00,Healthy-Leaf(1399),Healthy-Leaf (731).jpg,skipped,0.0000,0,
2026-07-30T12:30:22.264348+00:00,Healthy-Leaf(1399),Healthy-Leaf (732).jpg,skipped,0.0000,0,
2026-07-30T12:30:22.264394+00:00,Healthy-Leaf(1399),Healthy-Leaf (733).jpg,skipped,0.0000,0,
2026-07-30T12:30:22.264439+00:00,Healthy-Leaf(1399),Healthy-Leaf (734).jpg,skipped,0.0000,0,
2026-07-30T12:30:22.264485+00:00,Healthy-Leaf(1399),Healthy-Leaf (735).jpg,skipped,0.0000,0,
2026-07-30T12:30:22.264550+00:00,Healthy-Leaf(1399),Healthy-Leaf (736).jpg,skipped,0.0000,0,
2026-07-30T12:30:22.264599+00:00,Healthy-Leaf(1399),Healthy-Leaf (737).jpg,skipped,0.0000,0,
2026-07-30T12:30:22.264645+00:00,Healthy-Leaf(1399),Healthy-Leaf (738).jpg,skipped,0.0000,0,
2026-07-30T12:30:22.264692+00:00,Healthy-Leaf(1399),Healthy-Leaf (739).jpg,skipped,0.0000,0,
2026-07-30T12:30:22.264737+00:00,Healthy-Leaf(1399),Healthy-Leaf (74).jpg,skipped,0.0000,0,
2026-07-30T12:30:22.264800+00:00,Healthy-Leaf(1399),Healthy-Leaf (740).jpg,skipped,0.0000,0,
2026-07-30T12:30:22.264848+00:00,Healthy-Leaf(1399),Healthy-Leaf (741).jpg,skipped,0.0000,0,
2026-07-30T12:30:22.264895+00:00,Healthy-Leaf(1399),Healthy-Leaf (742).jpg,skipped,0.0000,0,
2026-07-30T12:30:22.264942+00:00,Healthy-Leaf(1399),Healthy-Leaf (743).jpg,skipped,0.0000,0,
2026-07-30T12:30:22.265006+00:00,Healthy-Leaf(1399),Healthy-Leaf (744).jpg,skipped,0.0000,0,
2026-07-30T12:30:22.265053+00:00,Healthy-Leaf(1399),Healthy-Leaf (745).jpg,skipped,0.0000,0,
2026-07-30T12:30:22.265116+00:00,Healthy-Leaf(1399),Healthy-Leaf (746).jpg,skipped,0.0000,0,
2026-07-30T12:30:22.265164+00:00,Healthy-Leaf(1399),Healthy-Leaf (747).jpg,skipped,0.0000,0,
2026-07-30T12:30:22.265211+00:00,Healthy-Leaf(1399),Healthy-Leaf (748).jpg,skipped,0.0000,0,
2026-07-30T12:30:22.265257+00:00,Healthy-Leaf(1399),Healthy-Leaf (749).jpg,skipped,0.0000,0,
2026-07-30T12:30:22.265321+00:00,Healthy-Leaf(1399),Healthy-Leaf (75).jpg,skipped,0.0000,0,
2026-07-30T12:30:22.265372+00:00,Healthy-Leaf(1399),Healthy-Leaf (750).jpg,skipped,0.0000,0,
2026-07-30T12:30:22.265419+00:00,Healthy-Leaf(1399),Healthy-Leaf (751).jpg,skipped,0.0000,0,
2026-07-30T12:30:22.265465+00:00,Healthy-Leaf(1399),Healthy-Leaf (752).jpg,skipped,0.0000,0,
2026-07-30T12:30:22.265511+00:00,Healthy-Leaf(1399),Healthy-Leaf (753).jpg,skipped,0.0000,0,
2026-07-30T12:30:22.265558+00:00,Healthy-Leaf(1399),Healthy-Leaf (754).jpg,skipped,0.0000,0,
2026-07-30T12:30:22.265622+00:00,Healthy-Leaf(1399),Healthy-Leaf (755).jpg,skipped,0.0000,0,
2026-07-30T12:30:22.265671+00:00,Healthy-Leaf(1399),Healthy-Leaf (756).jpg,skipped,0.0000,0,
2026-07-30T12:30:22.265718+00:00,Healthy-Leaf(1399),Healthy-Leaf (757).jpg,skipped,0.0000,0,
2026-07-30T12:30:22.265781+00:00,Healthy-Leaf(1399),Healthy-Leaf (758).jpg,skipped,0.0000,0,
2026-07-30T12:30:22.265830+00:00,Healthy-Leaf(1399),Healthy-Leaf (759).jpg,skipped,0.0000,0,
2026-07-30T12:30:22.265877+00:00,Healthy-Leaf(1399),Healthy-Leaf (76).jpg,skipped,0.0000,0,
2026-07-30T12:30:22.265923+00:00,Healthy-Leaf(1399),Healthy-Leaf (760).jpg,skipped,0.0000,0,
2026-07-30T12:30:22.265970+00:00,Healthy-Leaf(1399),Healthy-Leaf (761).jpg,skipped,0.0000,0,
2026-07-30T12:30:22.266016+00:00,Healthy-Leaf(1399),Healthy-Leaf (762).jpg,skipped,0.0000,0,
2026-07-30T12:30:22.266062+00:00,Healthy-Leaf(1399),Healthy-Leaf (763).jpg,skipped,0.0000,0,
2026-07-30T12:30:22.266107+00:00,Healthy-Leaf(1399),Healthy-Leaf (764).jpg,skipped,0.0000,0,
2026-07-30T12:30:22.266153+00:00,Healthy-Leaf(1399),Healthy-Leaf (765).jpg,skipped,0.0000,0,
2026-07-30T12:30:22.266199+00:00,Healthy-Leaf(1399),Healthy-Leaf (766).jpg,skipped,0.0000,0,
2026-07-30T12:30:22.266245+00:00,Healthy-Leaf(1399),Healthy-Leaf (767).jpg,skipped,0.0000,0,
2026-07-30T12:30:22.266291+00:00,Healthy-Leaf(1399),Healthy-Leaf (768).jpg,skipped,0.0000,0,
2026-07-30T12:30:22.266337+00:00,Healthy-Leaf(1399),Healthy-Leaf (769).jpg,skipped,0.0000,0,
2026-07-30T12:30:22.266383+00:00,Healthy-Leaf(1399),Healthy-Leaf (77).jpg,skipped,0.0000,0,
2026-07-30T12:30:22.266429+00:00,Healthy-Leaf(1399),Healthy-Leaf (770).jpg,skipped,0.0000,0,
2026-07-30T12:30:22.266474+00:00,Healthy-Leaf(1399),Healthy-Leaf (771).jpg,skipped,0.0000,0,
2026-07-30T12:30:22.266520+00:00,Healthy-Leaf(1399),Healthy-Leaf (772).jpg,skipped,0.0000,0,
2026-07-30T12:30:22.266565+00:00,Healthy-Leaf(1399),Healthy-Leaf (773).jpg,skipped,0.0000,0,
2026-07-30T12:30:22.266611+00:00,Healthy-Leaf(1399),Healthy-Leaf (774).jpg,skipped,0.0000,0,
2026-07-30T12:30:22.266657+00:00,Healthy-Leaf(1399),Healthy-Leaf (775).jpg,skipped,0.0000,0,
2026-07-30T12:30:22.266706+00:00,Healthy-Leaf(1399),Healthy-Leaf (776).jpg,skipped,0.0000,0,
2026-07-30T12:30:22.266752+00:00,Healthy-Leaf(1399),Healthy-Leaf (777).jpg,skipped,0.0000,0,
2026-07-30T12:30:22.266797+00:00,Healthy-Leaf(1399),Healthy-Leaf (778).jpg,skipped,0.0000,0,
2026-07-30T12:30:22.266843+00:00,Healthy-Leaf(1399),Healthy-Leaf (779).jpg,skipped,0.0000,0,
2026-07-30T12:30:22.266888+00:00,Healthy-Leaf(1399),Healthy-Leaf (78).jpg,skipped,0.0000,0,
2026-07-30T12:30:22.266955+00:00,Healthy-Leaf(1399),Healthy-Leaf (780).jpg,skipped,0.0000,0,
2026-07-30T12:30:22.267004+00:00,Healthy-Leaf(1399),Healthy-Leaf (781).jpg,skipped,0.0000,0,
2026-07-30T12:30:22.267051+00:00,Healthy-Leaf(1399),Healthy-Leaf (782).jpg,skipped,0.0000,0,
2026-07-30T12:30:22.267097+00:00,Healthy-Leaf(1399),Healthy-Leaf (783).jpg,skipped,0.0000,0,
2026-07-30T12:30:22.267143+00:00,Healthy-Leaf(1399),Healthy-Leaf (784).jpg,skipped,0.0000,0,
2026-07-30T12:30:22.267189+00:00,Healthy-Leaf(1399),Healthy-Leaf (785).jpg,skipped,0.0000,0,
2026-07-30T12:30:22.267235+00:00,Healthy-Leaf(1399),Healthy-Leaf (786).jpg,skipped,0.0000,0,
2026-07-30T12:30:22.267281+00:00,Healthy-Leaf(1399),Healthy-Leaf (787).jpg,skipped,0.0000,0,
2026-07-30T12:30:22.267327+00:00,Healthy-Leaf(1399),Healthy-Leaf (788).jpg,skipped,0.0000,0,
2026-07-30T12:30:22.267372+00:00,Healthy-Leaf(1399),Healthy-Leaf (789).jpg,skipped,0.0000,0,
2026-07-30T12:30:22.267421+00:00,Healthy-Leaf(1399),Healthy-Leaf (79).jpg,skipped,0.0000,0,
2026-07-30T12:30:22.267467+00:00,Healthy-Leaf(1399),Healthy-Leaf (790).jpg,skipped,0.0000,0,
2026-07-30T12:30:22.267513+00:00,Healthy-Leaf(1399),Healthy-Leaf (791).jpg,skipped,0.0000,0,
2026-07-30T12:30:22.267579+00:00,Healthy-Leaf(1399),Healthy-Leaf (792).jpg,skipped,0.0000,0,
2026-07-30T12:30:22.267628+00:00,Healthy-Leaf(1399),Healthy-Leaf (793).jpg,skipped,0.0000,0,
2026-07-30T12:30:22.267692+00:00,Healthy-Leaf(1399),Healthy-Leaf (794).jpg,skipped,0.0000,0,
2026-07-30T12:30:22.267741+00:00,Healthy-Leaf(1399),Healthy-Leaf (795).jpg,skipped,0.0000,0,
2026-07-30T12:30:22.267787+00:00,Healthy-Leaf(1399),Healthy-Leaf (796).jpg,skipped,0.0000,0,
2026-07-30T12:30:22.267833+00:00,Healthy-Leaf(1399),Healthy-Leaf (797).jpg,skipped,0.0000,0,
2026-07-30T12:30:22.267879+00:00,Healthy-Leaf(1399),Healthy-Leaf (798).jpg,skipped,0.0000,0,
2026-07-30T12:30:22.267924+00:00,Healthy-Leaf(1399),Healthy-Leaf (799).jpg,skipped,0.0000,0,
2026-07-30T12:30:22.267970+00:00,Healthy-Leaf(1399),Healthy-Leaf (8).jpg,skipped,0.0000,0,
2026-07-30T12:30:22.268016+00:00,Healthy-Leaf(1399),Healthy-Leaf (80).jpg,skipped,0.0000,0,
2026-07-30T12:30:22.268084+00:00,Healthy-Leaf(1399),Healthy-Leaf (800).jpg,skipped,0.0000,0,
2026-07-30T12:30:22.268188+00:00,Healthy-Leaf(1399),Healthy-Leaf (801).jpg,skipped,0.0000,0,
2026-07-30T12:30:22.268268+00:00,Healthy-Leaf(1399),Healthy-Leaf (802).jpg,skipped,0.0000,0,
2026-07-30T12:30:22.268333+00:00,Healthy-Leaf(1399),Healthy-Leaf (803).jpg,skipped,0.0000,0,
2026-07-30T12:30:22.268425+00:00,Healthy-Leaf(1399),Healthy-Leaf (804).jpg,skipped,0.0000,0,
2026-07-30T12:30:22.268476+00:00,Healthy-Leaf(1399),Healthy-Leaf (805).jpg,skipped,0.0000,0,
2026-07-30T12:30:22.268525+00:00,Healthy-Leaf(1399),Healthy-Leaf (806).jpg,skipped,0.0000,0,
2026-07-30T12:30:22.268589+00:00,Healthy-Leaf(1399),Healthy-Leaf (807).jpg,skipped,0.0000,0,
2026-07-30T12:30:22.268638+00:00,Healthy-Leaf(1399),Healthy-Leaf (808).jpg,skipped,0.0000,0,
2026-07-30T12:30:22.268686+00:00,Healthy-Leaf(1399),Healthy-Leaf (809).jpg,skipped,0.0000,0,
2026-07-30T12:30:22.268734+00:00,Healthy-Leaf(1399),Healthy-Leaf (81).jpg,skipped,0.0000,0,
2026-07-30T12:30:22.268781+00:00,Healthy-Leaf(1399),Healthy-Leaf (810).jpg,skipped,0.0000,0,
2026-07-30T12:30:22.268830+00:00,Healthy-Leaf(1399),Healthy-Leaf (811).jpg,skipped,0.0000,0,
2026-07-30T12:30:22.268878+00:00,Healthy-Leaf(1399),Healthy-Leaf (812).jpg,skipped,0.0000,0,
2026-07-30T12:30:22.268926+00:00,Healthy-Leaf(1399),Healthy-Leaf (813).jpg,skipped,0.0000,0,
2026-07-30T12:30:22.268973+00:00,Healthy-Leaf(1399),Healthy-Leaf (814).jpg,skipped,0.0000,0,
2026-07-30T12:30:22.269021+00:00,Healthy-Leaf(1399),Healthy-Leaf (815).jpg,skipped,0.0000,0,
2026-07-30T12:30:22.269069+00:00,Healthy-Leaf(1399),Healthy-Leaf (816).jpg,skipped,0.0000,0,
2026-07-30T12:30:22.269117+00:00,Healthy-Leaf(1399),Healthy-Leaf (817).jpg,skipped,0.0000,0,
2026-07-30T12:30:22.269164+00:00,Healthy-Leaf(1399),Healthy-Leaf (818).jpg,skipped,0.0000,0,
2026-07-30T12:30:22.269212+00:00,Healthy-Leaf(1399),Healthy-Leaf (819).jpg,skipped,0.0000,0,
2026-07-30T12:30:22.269259+00:00,Healthy-Leaf(1399),Healthy-Leaf (82).jpg,skipped,0.0000,0,
2026-07-30T12:30:22.269307+00:00,Healthy-Leaf(1399),Healthy-Leaf (820).jpg,skipped,0.0000,0,
2026-07-30T12:30:22.269354+00:00,Healthy-Leaf(1399),Healthy-Leaf (821).jpg,skipped,0.0000,0,
2026-07-30T12:30:22.269402+00:00,Healthy-Leaf(1399),Healthy-Leaf (822).jpg,skipped,0.0000,0,
2026-07-30T12:30:22.269449+00:00,Healthy-Leaf(1399),Healthy-Leaf (823).jpg,skipped,0.0000,0,
2026-07-30T12:30:22.269495+00:00,Healthy-Leaf(1399),Healthy-Leaf (824).jpg,skipped,0.0000,0,
2026-07-30T12:30:22.269542+00:00,Healthy-Leaf(1399),Healthy-Leaf (825).jpg,skipped,0.0000,0,
2026-07-30T12:30:22.269590+00:00,Healthy-Leaf(1399),Healthy-Leaf (826).jpg,skipped,0.0000,0,
2026-07-30T12:30:22.269637+00:00,Healthy-Leaf(1399),Healthy-Leaf (827).jpg,skipped,0.0000,0,
2026-07-30T12:30:22.269693+00:00,Healthy-Leaf(1399),Healthy-Leaf (828).jpg,skipped,0.0000,0,
2026-07-30T12:30:22.269742+00:00,Healthy-Leaf(1399),Healthy-Leaf (829).jpg,skipped,0.0000,0,
2026-07-30T12:30:22.269788+00:00,Healthy-Leaf(1399),Healthy-Leaf (83).jpg,skipped,0.0000,0,
2026-07-30T12:30:22.269835+00:00,Healthy-Leaf(1399),Healthy-Leaf (830).jpg,skipped,0.0000,0,
2026-07-30T12:30:22.269882+00:00,Healthy-Leaf(1399),Healthy-Leaf (831).jpg,skipped,0.0000,0,
2026-07-30T12:30:22.269931+00:00,Healthy-Leaf(1399),Healthy-Leaf (832).jpg,skipped,0.0000,0,
2026-07-30T12:30:22.269979+00:00,Healthy-Leaf(1399),Healthy-Leaf (833).jpg,skipped,0.0000,0,
2026-07-30T12:30:22.270046+00:00,Healthy-Leaf(1399),Healthy-Leaf (834).jpg,skipped,0.0000,0,
2026-07-30T12:30:22.270110+00:00,Healthy-Leaf(1399),Healthy-Leaf (835).jpg,skipped,0.0000,0,
2026-07-30T12:30:22.270174+00:00,Healthy-Leaf(1399),Healthy-Leaf (836).jpg,skipped,0.0000,0,
2026-07-30T12:30:22.270237+00:00,Healthy-Leaf(1399),Healthy-Leaf (837).jpg,skipped,0.0000,0,
2026-07-30T12:30:22.270301+00:00,Healthy-Leaf(1399),Healthy-Leaf (838).jpg,skipped,0.0000,0,
2026-07-30T12:30:22.270365+00:00,Healthy-Leaf(1399),Healthy-Leaf (839).jpg,skipped,0.0000,0,
2026-07-30T12:30:22.270430+00:00,Healthy-Leaf(1399),Healthy-Leaf (84).jpg,skipped,0.0000,0,
2026-07-30T12:30:22.270494+00:00,Healthy-Leaf(1399),Healthy-Leaf (840).jpg,skipped,0.0000,0,
2026-07-30T12:30:22.270557+00:00,Healthy-Leaf(1399),Healthy-Leaf (841).jpg,skipped,0.0000,0,
2026-07-30T12:30:22.270622+00:00,Healthy-Leaf(1399),Healthy-Leaf (842).JPG,skipped,0.0000,0,
2026-07-30T12:30:22.270685+00:00,Healthy-Leaf(1399),Healthy-Leaf (843).JPG,skipped,0.0000,0,
2026-07-30T12:30:22.270749+00:00,Healthy-Leaf(1399),Healthy-Leaf (844).JPG,skipped,0.0000,0,
2026-07-30T12:30:22.270813+00:00,Healthy-Leaf(1399),Healthy-Leaf (845).JPG,skipped,0.0000,0,
2026-07-30T12:30:22.270877+00:00,Healthy-Leaf(1399),Healthy-Leaf (846).JPG,skipped,0.0000,0,
2026-07-30T12:30:22.270942+00:00,Healthy-Leaf(1399),Healthy-Leaf (847).JPG,skipped,0.0000,0,
2026-07-30T12:30:22.271015+00:00,Healthy-Leaf(1399),Healthy-Leaf (848).JPG,skipped,0.0000,0,
2026-07-30T12:30:22.271068+00:00,Healthy-Leaf(1399),Healthy-Leaf (849).JPG,skipped,0.0000,0,
2026-07-30T12:30:22.271121+00:00,Healthy-Leaf(1399),Healthy-Leaf (85).jpg,skipped,0.0000,0,
2026-07-30T12:30:22.271174+00:00,Healthy-Leaf(1399),Healthy-Leaf (850).JPG,skipped,0.0000,0,
2026-07-30T12:30:22.271523+00:00,Healthy-Leaf(1399),Healthy-Leaf (851).JPG,skipped,0.0000,0,
2026-07-30T12:30:22.271618+00:00,Healthy-Leaf(1399),Healthy-Leaf (852).JPG,skipped,0.0000,0,
2026-07-30T12:30:22.271686+00:00,Healthy-Leaf(1399),Healthy-Leaf (853).JPG,skipped,0.0000,0,
2026-07-30T12:30:22.271748+00:00,Healthy-Leaf(1399),Healthy-Leaf (854).JPG,skipped,0.0000,0,
2026-07-30T12:30:22.271926+00:00,Healthy-Leaf(1399),Healthy-Leaf (855).JPG,skipped,0.0000,0,
2026-07-30T12:30:22.272034+00:00,Healthy-Leaf(1399),Healthy-Leaf (856).JPG,skipped,0.0000,0,
2026-07-30T12:30:22.272095+00:00,Healthy-Leaf(1399),Healthy-Leaf (857).JPG,skipped,0.0000,0,
2026-07-30T12:30:22.272153+00:00,Healthy-Leaf(1399),Healthy-Leaf (858).JPG,skipped,0.0000,0,
2026-07-30T12:30:22.272206+00:00,Healthy-Leaf(1399),Healthy-Leaf (859).JPG,skipped,0.0000,0,
2026-07-30T12:30:22.272258+00:00,Healthy-Leaf(1399),Healthy-Leaf (86).jpg,skipped,0.0000,0,
2026-07-30T12:30:22.272310+00:00,Healthy-Leaf(1399),Healthy-Leaf (860).JPG,skipped,0.0000,0,
2026-07-30T12:30:22.272363+00:00,Healthy-Leaf(1399),Healthy-Leaf (861).JPG,skipped,0.0000,0,
2026-07-30T12:30:22.272415+00:00,Healthy-Leaf(1399),Healthy-Leaf (862).JPG,skipped,0.0000,0,
2026-07-30T12:30:22.272467+00:00,Healthy-Leaf(1399),Healthy-Leaf (863).JPG,skipped,0.0000,0,
2026-07-30T12:30:22.272524+00:00,Healthy-Leaf(1399),Healthy-Leaf (864).JPG,skipped,0.0000,0,
2026-07-30T12:30:22.272577+00:00,Healthy-Leaf(1399),Healthy-Leaf (865).JPG,skipped,0.0000,0,
2026-07-30T12:30:22.272628+00:00,Healthy-Leaf(1399),Healthy-Leaf (866).JPG,skipped,0.0000,0,
2026-07-30T12:30:22.272679+00:00,Healthy-Leaf(1399),Healthy-Leaf (867).JPG,skipped,0.0000,0,
2026-07-30T12:30:22.272734+00:00,Healthy-Leaf(1399),Healthy-Leaf (868).JPG,skipped,0.0000,0,
2026-07-30T12:30:22.272785+00:00,Healthy-Leaf(1399),Healthy-Leaf (869).JPG,skipped,0.0000,0,
2026-07-30T12:30:22.272835+00:00,Healthy-Leaf(1399),Healthy-Leaf (87).jpg,skipped,0.0000,0,
2026-07-30T12:30:22.272886+00:00,Healthy-Leaf(1399),Healthy-Leaf (870).JPG,skipped,0.0000,0,
2026-07-30T12:30:22.272950+00:00,Healthy-Leaf(1399),Healthy-Leaf (871).JPG,skipped,0.0000,0,
2026-07-30T12:30:22.273000+00:00,Healthy-Leaf(1399),Healthy-Leaf (872).JPG,skipped,0.0000,0,
2026-07-30T12:30:22.273059+00:00,Healthy-Leaf(1399),Healthy-Leaf (873).JPG,skipped,0.0000,0,
2026-07-30T12:30:22.273107+00:00,Healthy-Leaf(1399),Healthy-Leaf (874).JPG,skipped,0.0000,0,
2026-07-30T12:30:22.273164+00:00,Healthy-Leaf(1399),Healthy-Leaf (875).JPG,skipped,0.0000,0,
2026-07-30T12:30:22.273211+00:00,Healthy-Leaf(1399),Healthy-Leaf (876).JPG,skipped,0.0000,0,
2026-07-30T12:30:22.273269+00:00,Healthy-Leaf(1399),Healthy-Leaf (877).JPG,skipped,0.0000,0,
2026-07-30T12:30:22.273326+00:00,Healthy-Leaf(1399),Healthy-Leaf (878).JPG,skipped,0.0000,0,
2026-07-30T12:30:22.273374+00:00,Healthy-Leaf(1399),Healthy-Leaf (879).JPG,skipped,0.0000,0,
2026-07-30T12:30:22.273421+00:00,Healthy-Leaf(1399),Healthy-Leaf (88).jpg,skipped,0.0000,0,
2026-07-30T12:30:22.273480+00:00,Healthy-Leaf(1399),Healthy-Leaf (880).JPG,skipped,0.0000,0,
2026-07-30T12:30:22.273528+00:00,Healthy-Leaf(1399),Healthy-Leaf (881).JPG,skipped,0.0000,0,
2026-07-30T12:30:22.273576+00:00,Healthy-Leaf(1399),Healthy-Leaf (882).JPG,skipped,0.0000,0,
2026-07-30T12:30:22.273635+00:00,Healthy-Leaf(1399),Healthy-Leaf (883).JPG,skipped,0.0000,0,
2026-07-30T12:30:22.273703+00:00,Healthy-Leaf(1399),Healthy-Leaf (884).JPG,skipped,0.0000,0,
2026-07-30T12:30:22.273750+00:00,Healthy-Leaf(1399),Healthy-Leaf (885).JPG,skipped,0.0000,0,
2026-07-30T12:30:22.273798+00:00,Healthy-Leaf(1399),Healthy-Leaf (886).JPG,skipped,0.0000,0,
2026-07-30T12:30:22.273845+00:00,Healthy-Leaf(1399),Healthy-Leaf (887).JPG,skipped,0.0000,0,
2026-07-30T12:30:22.273892+00:00,Healthy-Leaf(1399),Healthy-Leaf (888).JPG,skipped,0.0000,0,
2026-07-30T12:30:22.273939+00:00,Healthy-Leaf(1399),Healthy-Leaf (889).JPG,skipped,0.0000,0,
2026-07-30T12:30:22.273987+00:00,Healthy-Leaf(1399),Healthy-Leaf (89).jpg,skipped,0.0000,0,
2026-07-30T12:30:22.274034+00:00,Healthy-Leaf(1399),Healthy-Leaf (890).JPG,skipped,0.0000,0,
2026-07-30T12:30:22.274081+00:00,Healthy-Leaf(1399),Healthy-Leaf (891).JPG,skipped,0.0000,0,
2026-07-30T12:30:22.274129+00:00,Healthy-Leaf(1399),Healthy-Leaf (892).JPG,skipped,0.0000,0,
2026-07-30T12:30:22.274177+00:00,Healthy-Leaf(1399),Healthy-Leaf (893).JPG,skipped,0.0000,0,
2026-07-30T12:30:22.274225+00:00,Healthy-Leaf(1399),Healthy-Leaf (894).JPG,skipped,0.0000,0,
2026-07-30T12:30:22.274272+00:00,Healthy-Leaf(1399),Healthy-Leaf (895).JPG,skipped,0.0000,0,
2026-07-30T12:30:22.274319+00:00,Healthy-Leaf(1399),Healthy-Leaf (896).JPG,skipped,0.0000,0,
2026-07-30T12:30:22.274367+00:00,Healthy-Leaf(1399),Healthy-Leaf (897).JPG,skipped,0.0000,0,
2026-07-30T12:30:22.274414+00:00,Healthy-Leaf(1399),Healthy-Leaf (898).JPG,skipped,0.0000,0,
2026-07-30T12:30:22.274461+00:00,Healthy-Leaf(1399),Healthy-Leaf (899).JPG,skipped,0.0000,0,
2026-07-30T12:30:22.274508+00:00,Healthy-Leaf(1399),Healthy-Leaf (9).jpg,skipped,0.0000,0,
2026-07-30T12:30:22.274556+00:00,Healthy-Leaf(1399),Healthy-Leaf (90).jpg,skipped,0.0000,0,
2026-07-30T12:30:22.274603+00:00,Healthy-Leaf(1399),Healthy-Leaf (900).JPG,skipped,0.0000,0,
2026-07-30T12:30:22.274650+00:00,Healthy-Leaf(1399),Healthy-Leaf (901).JPG,skipped,0.0000,0,
2026-07-30T12:30:22.274698+00:00,Healthy-Leaf(1399),Healthy-Leaf (902).JPG,skipped,0.0000,0,
2026-07-30T12:30:22.274746+00:00,Healthy-Leaf(1399),Healthy-Leaf (903).JPG,skipped,0.0000,0,
2026-07-30T12:30:22.274793+00:00,Healthy-Leaf(1399),Healthy-Leaf (904).JPG,skipped,0.0000,0,
2026-07-30T12:30:22.274840+00:00,Healthy-Leaf(1399),Healthy-Leaf (905).JPG,skipped,0.0000,0,
2026-07-30T12:30:22.274887+00:00,Healthy-Leaf(1399),Healthy-Leaf (906).JPG,skipped,0.0000,0,
2026-07-30T12:30:22.274936+00:00,Healthy-Leaf(1399),Healthy-Leaf (907).JPG,skipped,0.0000,0,
2026-07-30T12:30:22.274984+00:00,Healthy-Leaf(1399),Healthy-Leaf (908).JPG,skipped,0.0000,0,
2026-07-30T12:30:22.275030+00:00,Healthy-Leaf(1399),Healthy-Leaf (909).JPG,skipped,0.0000,0,
2026-07-30T12:30:22.275078+00:00,Healthy-Leaf(1399),Healthy-Leaf (91).jpg,skipped,0.0000,0,
2026-07-30T12:30:22.275125+00:00,Healthy-Leaf(1399),Healthy-Leaf (910).JPG,skipped,0.0000,0,
2026-07-30T12:30:22.275172+00:00,Healthy-Leaf(1399),Healthy-Leaf (911).JPG,skipped,0.0000,0,
2026-07-30T12:30:22.275219+00:00,Healthy-Leaf(1399),Healthy-Leaf (912).JPG,skipped,0.0000,0,
2026-07-30T12:30:22.275266+00:00,Healthy-Leaf(1399),Healthy-Leaf (913).JPG,skipped,0.0000,0,
2026-07-30T12:30:22.275314+00:00,Healthy-Leaf(1399),Healthy-Leaf (914).JPG,skipped,0.0000,0,
2026-07-30T12:30:22.275360+00:00,Healthy-Leaf(1399),Healthy-Leaf (915).JPG,skipped,0.0000,0,
2026-07-30T12:30:22.275408+00:00,Healthy-Leaf(1399),Healthy-Leaf (916).JPG,skipped,0.0000,0,
2026-07-30T12:30:22.275455+00:00,Healthy-Leaf(1399),Healthy-Leaf (917).JPG,skipped,0.0000,0,
2026-07-30T12:30:22.275502+00:00,Healthy-Leaf(1399),Healthy-Leaf (918).JPG,skipped,0.0000,0,
2026-07-30T12:30:22.275548+00:00,Healthy-Leaf(1399),Healthy-Leaf (919).JPG,skipped,0.0000,0,
2026-07-30T12:30:22.275596+00:00,Healthy-Leaf(1399),Healthy-Leaf (92).jpg,skipped,0.0000,0,
2026-07-30T12:30:22.275647+00:00,Healthy-Leaf(1399),Healthy-Leaf (920).JPG,skipped,0.0000,0,
2026-07-30T12:30:22.275695+00:00,Healthy-Leaf(1399),Healthy-Leaf (921).JPG,skipped,0.0000,0,
2026-07-30T12:30:22.275742+00:00,Healthy-Leaf(1399),Healthy-Leaf (922).JPG,skipped,0.0000,0,
2026-07-30T12:30:22.275789+00:00,Healthy-Leaf(1399),Healthy-Leaf (923).JPG,skipped,0.0000,0,
2026-07-30T12:30:22.275835+00:00,Healthy-Leaf(1399),Healthy-Leaf (924).JPG,skipped,0.0000,0,
2026-07-30T12:30:22.275883+00:00,Healthy-Leaf(1399),Healthy-Leaf (925).JPG,skipped,0.0000,0,
2026-07-30T12:30:22.275930+00:00,Healthy-Leaf(1399),Healthy-Leaf (926).JPG,skipped,0.0000,0,
2026-07-30T12:30:22.275977+00:00,Healthy-Leaf(1399),Healthy-Leaf (927).JPG,skipped,0.0000,0,
2026-07-30T12:30:22.276024+00:00,Healthy-Leaf(1399),Healthy-Leaf (928).JPG,skipped,0.0000,0,
2026-07-30T12:30:22.276070+00:00,Healthy-Leaf(1399),Healthy-Leaf (929).JPG,skipped,0.0000,0,
2026-07-30T12:30:22.276117+00:00,Healthy-Leaf(1399),Healthy-Leaf (93).jpg,skipped,0.0000,0,
2026-07-30T12:30:22.276163+00:00,Healthy-Leaf(1399),Healthy-Leaf (930).JPG,skipped,0.0000,0,
2026-07-30T12:30:22.276210+00:00,Healthy-Leaf(1399),Healthy-Leaf (931).JPG,skipped,0.0000,0,
2026-07-30T12:30:22.276258+00:00,Healthy-Leaf(1399),Healthy-Leaf (932).JPG,skipped,0.0000,0,
2026-07-30T12:30:22.276305+00:00,Healthy-Leaf(1399),Healthy-Leaf (933).JPG,skipped,0.0000,0,
2026-07-30T12:30:22.276352+00:00,Healthy-Leaf(1399),Healthy-Leaf (934).JPG,skipped,0.0000,0,
2026-07-30T12:30:22.276399+00:00,Healthy-Leaf(1399),Healthy-Leaf (935).JPG,skipped,0.0000,0,
2026-07-30T12:30:22.276446+00:00,Healthy-Leaf(1399),Healthy-Leaf (936).JPG,skipped,0.0000,0,
2026-07-30T12:30:22.276492+00:00,Healthy-Leaf(1399),Healthy-Leaf (937).JPG,skipped,0.0000,0,
2026-07-30T12:30:22.276539+00:00,Healthy-Leaf(1399),Healthy-Leaf (938).JPG,skipped,0.0000,0,
2026-07-30T12:30:22.276586+00:00,Healthy-Leaf(1399),Healthy-Leaf (939).JPG,skipped,0.0000,0,
2026-07-30T12:30:22.276632+00:00,Healthy-Leaf(1399),Healthy-Leaf (94).jpg,skipped,0.0000,0,
2026-07-30T12:30:22.276679+00:00,Healthy-Leaf(1399),Healthy-Leaf (940).JPG,skipped,0.0000,0,
2026-07-30T12:30:22.276726+00:00,Healthy-Leaf(1399),Healthy-Leaf (941).JPG,skipped,0.0000,0,
2026-07-30T12:30:22.276773+00:00,Healthy-Leaf(1399),Healthy-Leaf (942).JPG,skipped,0.0000,0,
2026-07-30T12:30:22.276820+00:00,Healthy-Leaf(1399),Healthy-Leaf (943).JPG,skipped,0.0000,0,
2026-07-30T12:30:22.276867+00:00,Healthy-Leaf(1399),Healthy-Leaf (944).JPG,skipped,0.0000,0,
2026-07-30T12:30:22.276914+00:00,Healthy-Leaf(1399),Healthy-Leaf (945).JPG,skipped,0.0000,0,
2026-07-30T12:30:22.276963+00:00,Healthy-Leaf(1399),Healthy-Leaf (946).JPG,skipped,0.0000,0,
2026-07-30T12:30:22.277010+00:00,Healthy-Leaf(1399),Healthy-Leaf (947).JPG,skipped,0.0000,0,
2026-07-30T12:30:22.277057+00:00,Healthy-Leaf(1399),Healthy-Leaf (948).JPG,skipped,0.0000,0,
2026-07-30T12:30:22.277104+00:00,Healthy-Leaf(1399),Healthy-Leaf (949).JPG,skipped,0.0000,0,
2026-07-30T12:30:22.277150+00:00,Healthy-Leaf(1399),Healthy-Leaf (95).jpg,skipped,0.0000,0,
2026-07-30T12:30:22.277198+00:00,Healthy-Leaf(1399),Healthy-Leaf (950).JPG,skipped,0.0000,0,
2026-07-30T12:30:22.277256+00:00,Healthy-Leaf(1399),Healthy-Leaf (951).JPG,skipped,0.0000,0,
2026-07-30T12:30:22.277316+00:00,Healthy-Leaf(1399),Healthy-Leaf (952).JPG,skipped,0.0000,0,
2026-07-30T12:30:22.277362+00:00,Healthy-Leaf(1399),Healthy-Leaf (953).JPG,skipped,0.0000,0,
2026-07-30T12:30:22.277409+00:00,Healthy-Leaf(1399),Healthy-Leaf (954).JPG,skipped,0.0000,0,
2026-07-30T12:30:22.277456+00:00,Healthy-Leaf(1399),Healthy-Leaf (955).JPG,skipped,0.0000,0,
2026-07-30T12:30:22.277503+00:00,Healthy-Leaf(1399),Healthy-Leaf (956).JPG,skipped,0.0000,0,
2026-07-30T12:30:22.277549+00:00,Healthy-Leaf(1399),Healthy-Leaf (957).JPG,skipped,0.0000,0,
2026-07-30T12:30:22.277596+00:00,Healthy-Leaf(1399),Healthy-Leaf (958).JPG,skipped,0.0000,0,
2026-07-30T12:30:22.277642+00:00,Healthy-Leaf(1399),Healthy-Leaf (959).JPG,skipped,0.0000,0,
2026-07-30T12:30:22.277689+00:00,Healthy-Leaf(1399),Healthy-Leaf (96).jpg,skipped,0.0000,0,
2026-07-30T12:30:22.277735+00:00,Healthy-Leaf(1399),Healthy-Leaf (960).JPG,skipped,0.0000,0,
2026-07-30T12:30:22.277782+00:00,Healthy-Leaf(1399),Healthy-Leaf (961).JPG,skipped,0.0000,0,
2026-07-30T12:30:22.277829+00:00,Healthy-Leaf(1399),Healthy-Leaf (962).JPG,skipped,0.0000,0,
2026-07-30T12:30:22.277876+00:00,Healthy-Leaf(1399),Healthy-Leaf (963).JPG,skipped,0.0000,0,
2026-07-30T12:30:22.277923+00:00,Healthy-Leaf(1399),Healthy-Leaf (964).JPG,skipped,0.0000,0,
2026-07-30T12:30:22.277970+00:00,Healthy-Leaf(1399),Healthy-Leaf (965).JPG,skipped,0.0000,0,
2026-07-30T12:30:22.278016+00:00,Healthy-Leaf(1399),Healthy-Leaf (966).JPG,skipped,0.0000,0,
2026-07-30T12:30:22.278063+00:00,Healthy-Leaf(1399),Healthy-Leaf (967).JPG,skipped,0.0000,0,
2026-07-30T12:30:22.278110+00:00,Healthy-Leaf(1399),Healthy-Leaf (968).JPG,skipped,0.0000,0,
2026-07-30T12:30:22.278156+00:00,Healthy-Leaf(1399),Healthy-Leaf (969).JPG,skipped,0.0000,0,
2026-07-30T12:30:22.278203+00:00,Healthy-Leaf(1399),Healthy-Leaf (97).jpg,skipped,0.0000,0,
2026-07-30T12:30:22.278250+00:00,Healthy-Leaf(1399),Healthy-Leaf (970).JPG,skipped,0.0000,0,
2026-07-30T12:30:22.278297+00:00,Healthy-Leaf(1399),Healthy-Leaf (971).JPG,skipped,0.0000,0,
2026-07-30T12:30:22.278344+00:00,Healthy-Leaf(1399),Healthy-Leaf (972).JPG,skipped,0.0000,0,
2026-07-30T12:30:22.278391+00:00,Healthy-Leaf(1399),Healthy-Leaf (973).JPG,skipped,0.0000,0,
2026-07-30T12:30:22.278437+00:00,Healthy-Leaf(1399),Healthy-Leaf (974).JPG,skipped,0.0000,0,
2026-07-30T12:30:22.278483+00:00,Healthy-Leaf(1399),Healthy-Leaf (975).JPG,skipped,0.0000,0,
2026-07-30T12:30:22.278530+00:00,Healthy-Leaf(1399),Healthy-Leaf (976).JPG,skipped,0.0000,0,
2026-07-30T12:30:22.278576+00:00,Healthy-Leaf(1399),Healthy-Leaf (977).JPG,skipped,0.0000,0,
2026-07-30T12:30:22.278626+00:00,Healthy-Leaf(1399),Healthy-Leaf (978).JPG,skipped,0.0000,0,
2026-07-30T12:30:22.278674+00:00,Healthy-Leaf(1399),Healthy-Leaf (979).JPG,skipped,0.0000,0,
2026-07-30T12:30:22.278720+00:00,Healthy-Leaf(1399),Healthy-Leaf (98).jpg,skipped,0.0000,0,
2026-07-30T12:30:22.278767+00:00,Healthy-Leaf(1399),Healthy-Leaf (980).JPG,skipped,0.0000,0,
2026-07-30T12:30:22.278814+00:00,Healthy-Leaf(1399),Healthy-Leaf (981).JPG,skipped,0.0000,0,
2026-07-30T12:30:22.278861+00:00,Healthy-Leaf(1399),Healthy-Leaf (982).JPG,skipped,0.0000,0,
2026-07-30T12:30:22.278908+00:00,Healthy-Leaf(1399),Healthy-Leaf (983).JPG,skipped,0.0000,0,
2026-07-30T12:30:22.278954+00:00,Healthy-Leaf(1399),Healthy-Leaf (984).JPG,skipped,0.0000,0,
2026-07-30T12:30:22.279001+00:00,Healthy-Leaf(1399),Healthy-Leaf (985).JPG,skipped,0.0000,0,
2026-07-30T12:30:22.279049+00:00,Healthy-Leaf(1399),Healthy-Leaf (986).JPG,skipped,0.0000,0,
2026-07-30T12:30:22.279096+00:00,Healthy-Leaf(1399),Healthy-Leaf (987).JPG,skipped,0.0000,0,
2026-07-30T12:30:22.279143+00:00,Healthy-Leaf(1399),Healthy-Leaf (988).JPG,skipped,0.0000,0,
2026-07-30T12:30:22.279190+00:00,Healthy-Leaf(1399),Healthy-Leaf (989).JPG,skipped,0.0000,0,
2026-07-30T12:30:22.279236+00:00,Healthy-Leaf(1399),Healthy-Leaf (99).jpg,skipped,0.0000,0,
2026-07-30T12:30:22.279283+00:00,Healthy-Leaf(1399),Healthy-Leaf (990).JPG,skipped,0.0000,0,
2026-07-30T12:30:22.279329+00:00,Healthy-Leaf(1399),Healthy-Leaf (991).JPG,skipped,0.0000,0,
2026-07-30T12:30:22.279376+00:00,Healthy-Leaf(1399),Healthy-Leaf (992).JPG,skipped,0.0000,0,
2026-07-30T12:30:22.279422+00:00,Healthy-Leaf(1399),Healthy-Leaf (993).JPG,skipped,0.0000,0,
2026-07-30T12:30:22.279470+00:00,Healthy-Leaf(1399),Healthy-Leaf (994).JPG,skipped,0.0000,0,
2026-07-30T12:30:22.279517+00:00,Healthy-Leaf(1399),Healthy-Leaf (995).JPG,skipped,0.0000,0,
2026-07-30T12:30:22.279563+00:00,Healthy-Leaf(1399),Healthy-Leaf (996).JPG,skipped,0.0000,0,
2026-07-30T12:30:22.279611+00:00,Healthy-Leaf(1399),Healthy-Leaf (997).JPG,skipped,0.0000,0,
2026-07-30T12:30:22.279657+00:00,Healthy-Leaf(1399),Healthy-Leaf (998).JPG,skipped,0.0000,0,
2026-07-30T12:30:22.279704+00:00,Healthy-Leaf(1399),Healthy-Leaf (999).JPG,skipped,0.0000,0,
2026-07-30T12:30:22.280007+00:00,Pest-Damage(513),Pest-Damage (1).jpg,skipped,0.0000,0,
2026-07-30T12:30:22.280124+00:00,Pest-Damage(513),Pest-Damage (10).jpg,skipped,0.0000,0,
2026-07-30T12:30:22.280189+00:00,Pest-Damage(513),Pest-Damage (100).jpg,skipped,0.0000,0,
2026-07-30T12:30:22.280248+00:00,Pest-Damage(513),Pest-Damage (101).jpg,skipped,0.0000,0,
2026-07-30T12:30:22.280305+00:00,Pest-Damage(513),Pest-Damage (102).jpg,skipped,0.0000,0,
2026-07-30T12:30:22.280362+00:00,Pest-Damage(513),Pest-Damage (103).jpg,skipped,0.0000,0,
2026-07-30T12:30:22.280416+00:00,Pest-Damage(513),Pest-Damage (104).jpg,skipped,0.0000,0,
2026-07-30T12:30:22.280468+00:00,Pest-Damage(513),Pest-Damage (105).jpg,skipped,0.0000,0,
2026-07-30T12:30:22.280517+00:00,Pest-Damage(513),Pest-Damage (106).jpg,skipped,0.0000,0,
2026-07-30T12:30:22.280570+00:00,Pest-Damage(513),Pest-Damage (107).jpg,skipped,0.0000,0,
2026-07-30T12:30:22.280622+00:00,Pest-Damage(513),Pest-Damage (108).jpg,skipped,0.0000,0,
2026-07-30T12:30:22.280676+00:00,Pest-Damage(513),Pest-Damage (109).jpg,skipped,0.0000,0,
2026-07-30T12:30:22.280725+00:00,Pest-Damage(513),Pest-Damage (11).jpg,skipped,0.0000,0,
2026-07-30T12:30:22.280776+00:00,Pest-Damage(513),Pest-Damage (110).jpg,skipped,0.0000,0,
2026-07-30T12:30:22.280824+00:00,Pest-Damage(513),Pest-Damage (111).jpg,skipped,0.0000,0,
2026-07-30T12:30:22.280871+00:00,Pest-Damage(513),Pest-Damage (112).jpg,skipped,0.0000,0,
2026-07-30T12:30:22.280919+00:00,Pest-Damage(513),Pest-Damage (113).jpg,skipped,0.0000,0,
2026-07-30T12:30:22.280966+00:00,Pest-Damage(513),Pest-Damage (114).jpg,skipped,0.0000,0,
2026-07-30T12:30:22.281013+00:00,Pest-Damage(513),Pest-Damage (115).jpg,skipped,0.0000,0,
2026-07-30T12:30:22.281060+00:00,Pest-Damage(513),Pest-Damage (116).jpg,skipped,0.0000,0,
2026-07-30T12:30:22.281107+00:00,Pest-Damage(513),Pest-Damage (117).jpg,skipped,0.0000,0,
2026-07-30T12:30:22.281160+00:00,Pest-Damage(513),Pest-Damage (118).jpg,skipped,0.0000,0,
2026-07-30T12:30:22.281208+00:00,Pest-Damage(513),Pest-Damage (119).jpg,skipped,0.0000,0,
2026-07-30T12:30:22.281256+00:00,Pest-Damage(513),Pest-Damage (12).jpg,skipped,0.0000,0,
2026-07-30T12:30:22.281308+00:00,Pest-Damage(513),Pest-Damage (120).jpg,skipped,0.0000,0,
2026-07-30T12:30:22.281358+00:00,Pest-Damage(513),Pest-Damage (121).jpg,skipped,0.0000,0,
2026-07-30T12:30:22.281406+00:00,Pest-Damage(513),Pest-Damage (122).jpg,skipped,0.0000,0,
2026-07-30T12:30:22.281454+00:00,Pest-Damage(513),Pest-Damage (123).jpg,skipped,0.0000,0,
2026-07-30T12:30:22.281501+00:00,Pest-Damage(513),Pest-Damage (124).jpg,skipped,0.0000,0,
2026-07-30T12:30:22.281548+00:00,Pest-Damage(513),Pest-Damage (125).jpg,skipped,0.0000,0,
2026-07-30T12:30:22.281597+00:00,Pest-Damage(513),Pest-Damage (126).jpg,skipped,0.0000,0,
2026-07-30T12:30:22.281645+00:00,Pest-Damage(513),Pest-Damage (127).jpg,skipped,0.0000,0,
2026-07-30T12:30:22.281693+00:00,Pest-Damage(513),Pest-Damage (128).jpg,skipped,0.0000,0,
2026-07-30T12:30:22.281743+00:00,Pest-Damage(513),Pest-Damage (129).jpg,skipped,0.0000,0,
2026-07-30T12:30:22.281791+00:00,Pest-Damage(513),Pest-Damage (13).jpg,skipped,0.0000,0,
2026-07-30T12:30:22.281838+00:00,Pest-Damage(513),Pest-Damage (130).jpg,skipped,0.0000,0,
2026-07-30T12:30:22.281886+00:00,Pest-Damage(513),Pest-Damage (131).jpg,skipped,0.0000,0,
2026-07-30T12:30:22.281934+00:00,Pest-Damage(513),Pest-Damage (132).jpg,skipped,0.0000,0,
2026-07-30T12:30:22.281984+00:00,Pest-Damage(513),Pest-Damage (133).jpg,skipped,0.0000,0,
2026-07-30T12:30:22.282036+00:00,Pest-Damage(513),Pest-Damage (134).jpg,skipped,0.0000,0,
2026-07-30T12:30:22.282084+00:00,Pest-Damage(513),Pest-Damage (135).jpg,skipped,0.0000,0,
2026-07-30T12:30:22.282132+00:00,Pest-Damage(513),Pest-Damage (136).jpg,skipped,0.0000,0,
2026-07-30T12:30:22.282179+00:00,Pest-Damage(513),Pest-Damage (137).jpg,skipped,0.0000,0,
2026-07-30T12:30:22.282227+00:00,Pest-Damage(513),Pest-Damage (138).jpg,skipped,0.0000,0,
2026-07-30T12:30:22.282274+00:00,Pest-Damage(513),Pest-Damage (139).jpg,skipped,0.0000,0,
2026-07-30T12:30:22.282321+00:00,Pest-Damage(513),Pest-Damage (14).jpg,skipped,0.0000,0,
2026-07-30T12:30:22.282368+00:00,Pest-Damage(513),Pest-Damage (140).jpg,skipped,0.0000,0,
2026-07-30T12:30:22.282415+00:00,Pest-Damage(513),Pest-Damage (141).jpg,skipped,0.0000,0,
2026-07-30T12:30:22.282462+00:00,Pest-Damage(513),Pest-Damage (142).jpg,skipped,0.0000,0,
2026-07-30T12:30:22.282509+00:00,Pest-Damage(513),Pest-Damage (143).jpg,skipped,0.0000,0,
2026-07-30T12:30:22.282563+00:00,Pest-Damage(513),Pest-Damage (144).jpg,skipped,0.0000,0,
2026-07-30T12:30:22.282609+00:00,Pest-Damage(513),Pest-Damage (145).jpg,skipped,0.0000,0,
2026-07-30T12:30:22.282655+00:00,Pest-Damage(513),Pest-Damage (146).jpg,skipped,0.0000,0,
2026-07-30T12:30:22.282701+00:00,Pest-Damage(513),Pest-Damage (147).jpg,skipped,0.0000,0,
2026-07-30T12:30:22.282748+00:00,Pest-Damage(513),Pest-Damage (148).jpg,skipped,0.0000,0,
2026-07-30T12:30:22.282794+00:00,Pest-Damage(513),Pest-Damage (149).jpg,skipped,0.0000,0,
2026-07-30T12:30:22.282841+00:00,Pest-Damage(513),Pest-Damage (15).jpg,skipped,0.0000,0,
2026-07-30T12:30:22.282888+00:00,Pest-Damage(513),Pest-Damage (150).jpg,skipped,0.0000,0,
2026-07-30T12:30:22.282934+00:00,Pest-Damage(513),Pest-Damage (151).jpg,skipped,0.0000,0,
2026-07-30T12:30:22.282980+00:00,Pest-Damage(513),Pest-Damage (152).jpg,skipped,0.0000,0,
2026-07-30T12:30:22.283026+00:00,Pest-Damage(513),Pest-Damage (153).jpg,skipped,0.0000,0,
2026-07-30T12:30:22.283072+00:00,Pest-Damage(513),Pest-Damage (154).jpg,skipped,0.0000,0,
2026-07-30T12:30:22.283119+00:00,Pest-Damage(513),Pest-Damage (155).jpg,skipped,0.0000,0,
2026-07-30T12:30:22.283165+00:00,Pest-Damage(513),Pest-Damage (156).jpg,skipped,0.0000,0,
2026-07-30T12:30:22.283214+00:00,Pest-Damage(513),Pest-Damage (157).jpg,skipped,0.0000,0,
2026-07-30T12:30:22.283261+00:00,Pest-Damage(513),Pest-Damage (158).jpg,skipped,0.0000,0,
2026-07-30T12:30:22.283307+00:00,Pest-Damage(513),Pest-Damage (159).jpg,skipped,0.0000,0,
2026-07-30T12:30:22.283353+00:00,Pest-Damage(513),Pest-Damage (16).jpg,skipped,0.0000,0,
2026-07-30T12:30:22.283399+00:00,Pest-Damage(513),Pest-Damage (160).jpg,skipped,0.0000,0,
2026-07-30T12:30:22.283445+00:00,Pest-Damage(513),Pest-Damage (161).jpg,skipped,0.0000,0,
2026-07-30T12:30:22.283492+00:00,Pest-Damage(513),Pest-Damage (162).jpg,skipped,0.0000,0,
2026-07-30T12:30:22.283538+00:00,Pest-Damage(513),Pest-Damage (163).jpg,skipped,0.0000,0,
2026-07-30T12:30:22.283584+00:00,Pest-Damage(513),Pest-Damage (164).jpg,skipped,0.0000,0,
2026-07-30T12:30:22.283630+00:00,Pest-Damage(513),Pest-Damage (165).jpg,skipped,0.0000,0,
2026-07-30T12:30:22.283677+00:00,Pest-Damage(513),Pest-Damage (166).jpg,skipped,0.0000,0,
2026-07-30T12:30:22.283725+00:00,Pest-Damage(513),Pest-Damage (167).jpg,skipped,0.0000,0,
2026-07-30T12:30:22.283773+00:00,Pest-Damage(513),Pest-Damage (168).jpg,skipped,0.0000,0,
2026-07-30T12:30:22.283819+00:00,Pest-Damage(513),Pest-Damage (169).jpg,skipped,0.0000,0,
2026-07-30T12:30:22.283866+00:00,Pest-Damage(513),Pest-Damage (17).jpg,skipped,0.0000,0,
2026-07-30T12:30:22.283913+00:00,Pest-Damage(513),Pest-Damage (170).jpg,skipped,0.0000,0,
2026-07-30T12:30:22.283958+00:00,Pest-Damage(513),Pest-Damage (171).jpg,skipped,0.0000,0,
2026-07-30T12:30:22.284004+00:00,Pest-Damage(513),Pest-Damage (172).jpg,skipped,0.0000,0,
2026-07-30T12:30:22.284051+00:00,Pest-Damage(513),Pest-Damage (173).jpg,skipped,0.0000,0,
2026-07-30T12:30:22.284098+00:00,Pest-Damage(513),Pest-Damage (174).jpg,skipped,0.0000,0,
2026-07-30T12:30:22.284147+00:00,Pest-Damage(513),Pest-Damage (175).jpg,skipped,0.0000,0,
2026-07-30T12:30:22.284194+00:00,Pest-Damage(513),Pest-Damage (176).jpg,skipped,0.0000,0,
2026-07-30T12:30:22.284241+00:00,Pest-Damage(513),Pest-Damage (177).jpg,skipped,0.0000,0,
2026-07-30T12:30:22.284288+00:00,Pest-Damage(513),Pest-Damage (178).jpg,skipped,0.0000,0,
2026-07-30T12:30:22.284335+00:00,Pest-Damage(513),Pest-Damage (179).jpg,skipped,0.0000,0,
2026-07-30T12:30:22.284381+00:00,Pest-Damage(513),Pest-Damage (18).jpg,skipped,0.0000,0,
2026-07-30T12:30:22.284427+00:00,Pest-Damage(513),Pest-Damage (180).jpg,skipped,0.0000,0,
2026-07-30T12:30:22.284474+00:00,Pest-Damage(513),Pest-Damage (181).jpg,skipped,0.0000,0,
2026-07-30T12:30:22.284520+00:00,Pest-Damage(513),Pest-Damage (182).jpg,skipped,0.0000,0,
2026-07-30T12:30:22.284566+00:00,Pest-Damage(513),Pest-Damage (183).jpg,skipped,0.0000,0,
2026-07-30T12:30:22.284615+00:00,Pest-Damage(513),Pest-Damage (184).jpg,skipped,0.0000,0,
2026-07-30T12:30:22.284662+00:00,Pest-Damage(513),Pest-Damage (185).jpg,skipped,0.0000,0,
2026-07-30T12:30:22.666879+00:00,Pest-Damage(513),Pest-Damage (186).jpg,processed,0.3789,12,
2026-07-30T12:30:22.970939+00:00,Pest-Damage(513),Pest-Damage (187).jpg,processed,0.3001,12,
2026-07-30T12:30:23.172159+00:00,Pest-Damage(513),Pest-Damage (188).jpg,processed,0.1979,12,
2026-07-30T12:30:23.357562+00:00,Pest-Damage(513),Pest-Damage (189).jpg,processed,0.1821,12,
2026-07-30T12:30:23.544962+00:00,Pest-Damage(513),Pest-Damage (19).jpg,processed,0.1839,12,
2026-07-30T12:30:23.726929+00:00,Pest-Damage(513),Pest-Damage (190).jpg,processed,0.1786,12,
2026-07-30T12:30:23.916085+00:00,Pest-Damage(513),Pest-Damage (191).jpg,processed,0.1862,12,
2026-07-30T12:30:24.099664+00:00,Pest-Damage(513),Pest-Damage (192).jpg,processed,0.1797,12,
2026-07-30T12:30:24.286181+00:00,Pest-Damage(513),Pest-Damage (193).jpg,processed,0.1832,12,
2026-07-30T12:30:24.475300+00:00,Pest-Damage(513),Pest-Damage (194).jpg,processed,0.1858,12,
2026-07-30T12:30:24.662487+00:00,Pest-Damage(513),Pest-Damage (195).jpg,processed,0.1838,12,
2026-07-30T12:30:24.845458+00:00,Pest-Damage(513),Pest-Damage (196).jpg,processed,0.1793,12,
2026-07-30T12:30:25.025454+00:00,Pest-Damage(513),Pest-Damage (197).jpg,processed,0.1771,12,
2026-07-30T12:30:25.212688+00:00,Pest-Damage(513),Pest-Damage (198).jpg,processed,0.1839,12,
2026-07-30T12:30:25.395289+00:00,Pest-Damage(513),Pest-Damage (199).jpg,processed,0.1791,12,
2026-07-30T12:30:25.574176+00:00,Pest-Damage(513),Pest-Damage (2).jpg,processed,0.1759,12,
2026-07-30T12:30:25.753125+00:00,Pest-Damage(513),Pest-Damage (20).jpg,processed,0.1753,12,
2026-07-30T12:30:25.936230+00:00,Pest-Damage(513),Pest-Damage (200).jpg,processed,0.1795,12,
2026-07-30T12:30:26.118486+00:00,Pest-Damage(513),Pest-Damage (201).jpg,processed,0.1786,12,
2026-07-30T12:30:26.304271+00:00,Pest-Damage(513),Pest-Damage (202).jpg,processed,0.1819,12,
2026-07-30T12:30:26.489718+00:00,Pest-Damage(513),Pest-Damage (203).jpg,processed,0.1823,12,
2026-07-30T12:30:26.671380+00:00,Pest-Damage(513),Pest-Damage (204).jpg,processed,0.1780,12,
2026-07-30T12:30:26.857647+00:00,Pest-Damage(513),Pest-Damage (205).jpg,processed,0.1825,12,
2026-07-30T12:30:27.040394+00:00,Pest-Damage(513),Pest-Damage (206).jpg,processed,0.1791,12,
2026-07-30T12:30:27.223199+00:00,Pest-Damage(513),Pest-Damage (207).jpg,processed,0.1791,12,
2026-07-30T12:30:27.409928+00:00,Pest-Damage(513),Pest-Damage (208).jpg,processed,0.1832,12,
2026-07-30T12:30:27.595665+00:00,Pest-Damage(513),Pest-Damage (209).jpg,processed,0.1821,12,
2026-07-30T12:30:27.776729+00:00,Pest-Damage(513),Pest-Damage (21).jpg,processed,0.1772,12,
2026-07-30T12:30:27.962335+00:00,Pest-Damage(513),Pest-Damage (210).jpg,processed,0.1817,12,
2026-07-30T12:30:28.147567+00:00,Pest-Damage(513),Pest-Damage (211).jpg,processed,0.1820,12,
2026-07-30T12:30:28.331958+00:00,Pest-Damage(513),Pest-Damage (212).jpg,processed,0.1808,12,
2026-07-30T12:30:28.516747+00:00,Pest-Damage(513),Pest-Damage (213).jpg,processed,0.1812,12,
2026-07-30T12:30:28.701686+00:00,Pest-Damage(513),Pest-Damage (214).jpg,processed,0.1813,12,
2026-07-30T12:30:28.886240+00:00,Pest-Damage(513),Pest-Damage (215).jpg,processed,0.1811,12,
2026-07-30T12:30:29.082955+00:00,Pest-Damage(513),Pest-Damage (216).jpg,processed,0.1927,12,
2026-07-30T12:30:29.271029+00:00,Pest-Damage(513),Pest-Damage (217).jpg,processed,0.1847,12,
2026-07-30T12:30:29.455936+00:00,Pest-Damage(513),Pest-Damage (218).jpg,processed,0.1810,12,
2026-07-30T12:30:29.643493+00:00,Pest-Damage(513),Pest-Damage (219).jpg,processed,0.1835,12,
2026-07-30T12:30:29.841421+00:00,Pest-Damage(513),Pest-Damage (22).jpg,processed,0.1948,12,
2026-07-30T12:30:30.029585+00:00,Pest-Damage(513),Pest-Damage (220).jpg,processed,0.1841,12,
2026-07-30T12:30:30.223943+00:00,Pest-Damage(513),Pest-Damage (221).jpg,processed,0.1893,12,
2026-07-30T12:30:30.414257+00:00,Pest-Damage(513),Pest-Damage (222).jpg,processed,0.1867,12,
2026-07-30T12:30:30.593823+00:00,Pest-Damage(513),Pest-Damage (223).jpg,processed,0.1759,12,
2026-07-30T12:30:30.775589+00:00,Pest-Damage(513),Pest-Damage (224).jpg,processed,0.1780,12,
2026-07-30T12:30:30.955322+00:00,Pest-Damage(513),Pest-Damage (225).jpg,processed,0.1763,12,
2026-07-30T12:30:31.138205+00:00,Pest-Damage(513),Pest-Damage (226).jpg,processed,0.1795,12,
2026-07-30T12:30:31.320717+00:00,Pest-Damage(513),Pest-Damage (227).jpg,processed,0.1789,12,
2026-07-30T12:30:31.603530+00:00,Pest-Damage(513),Pest-Damage (228).jpg,processed,0.2795,12,
2026-07-30T12:30:31.787003+00:00,Pest-Damage(513),Pest-Damage (229).jpg,processed,0.1804,12,
2026-07-30T12:30:31.969001+00:00,Pest-Damage(513),Pest-Damage (23).jpg,processed,0.1786,12,
2026-07-30T12:30:32.150442+00:00,Pest-Damage(513),Pest-Damage (230).jpg,processed,0.1785,12,
2026-07-30T12:30:32.332358+00:00,Pest-Damage(513),Pest-Damage (231).jpg,processed,0.1788,12,
2026-07-30T12:30:32.517263+00:00,Pest-Damage(513),Pest-Damage (232).jpg,processed,0.1816,12,
2026-07-30T12:30:32.699348+00:00,Pest-Damage(513),Pest-Damage (233).jpg,processed,0.1779,12,
2026-07-30T12:30:32.881413+00:00,Pest-Damage(513),Pest-Damage (234).jpg,processed,0.1785,12,
2026-07-30T12:30:33.077962+00:00,Pest-Damage(513),Pest-Damage (235).jpg,processed,0.1907,12,
2026-07-30T12:30:33.265262+00:00,Pest-Damage(513),Pest-Damage (236).jpg,processed,0.1840,12,
2026-07-30T12:30:33.463293+00:00,Pest-Damage(513),Pest-Damage (237).jpg,processed,0.1947,12,
2026-07-30T12:30:33.663814+00:00,Pest-Damage(513),Pest-Damage (238).jpg,processed,0.1965,12,
2026-07-30T12:30:33.860874+00:00,Pest-Damage(513),Pest-Damage (239).jpg,processed,0.1933,12,
2026-07-30T12:30:34.076881+00:00,Pest-Damage(513),Pest-Damage (24).jpg,processed,0.2126,12,
2026-07-30T12:30:34.364640+00:00,Pest-Damage(513),Pest-Damage (240).jpg,processed,0.2836,12,
2026-07-30T12:30:34.571643+00:00,Pest-Damage(513),Pest-Damage (241).jpg,processed,0.2016,12,
2026-07-30T12:30:34.770201+00:00,Pest-Damage(513),Pest-Damage (242).jpg,processed,0.1954,12,
2026-07-30T12:30:34.979471+00:00,Pest-Damage(513),Pest-Damage (243).jpg,processed,0.2052,12,
2026-07-30T12:30:35.195540+00:00,Pest-Damage(513),Pest-Damage (244).jpg,processed,0.2119,12,
2026-07-30T12:30:35.464464+00:00,Pest-Damage(513),Pest-Damage (245).jpg,processed,0.2645,12,
2026-07-30T12:30:35.673004+00:00,Pest-Damage(513),Pest-Damage (246).jpg,processed,0.2043,12,
2026-07-30T12:30:35.872475+00:00,Pest-Damage(513),Pest-Damage (247).jpg,processed,0.1962,12,
2026-07-30T12:30:36.177421+00:00,Pest-Damage(513),Pest-Damage (248).jpg,processed,0.3012,12,
2026-07-30T12:30:36.360352+00:00,Pest-Damage(513),Pest-Damage (249).jpg,processed,0.1790,12,
2026-07-30T12:30:36.549356+00:00,Pest-Damage(513),Pest-Damage (25).jpg,processed,0.1840,12,
2026-07-30T12:30:36.752247+00:00,Pest-Damage(513),Pest-Damage (250).jpg,processed,0.1921,12,
2026-07-30T12:30:36.944620+00:00,Pest-Damage(513),Pest-Damage (251).jpg,processed,0.1886,12,
2026-07-30T12:30:37.135838+00:00,Pest-Damage(513),Pest-Damage (252).jpg,processed,0.1871,12,
2026-07-30T12:30:37.325627+00:00,Pest-Damage(513),Pest-Damage (253).jpg,processed,0.1858,12,
2026-07-30T12:30:37.521326+00:00,Pest-Damage(513),Pest-Damage (254).jpg,processed,0.1917,12,
2026-07-30T12:30:37.712900+00:00,Pest-Damage(513),Pest-Damage (255).jpg,processed,0.1878,12,
2026-07-30T12:30:37.914540+00:00,Pest-Damage(513),Pest-Damage (256).jpg,processed,0.1977,12,
2026-07-30T12:30:38.107852+00:00,Pest-Damage(513),Pest-Damage (257).jpg,processed,0.1896,12,
2026-07-30T12:30:38.301731+00:00,Pest-Damage(513),Pest-Damage (258).jpg,processed,0.1905,12,
2026-07-30T12:30:38.487623+00:00,Pest-Damage(513),Pest-Damage (259).jpg,processed,0.1823,12,
2026-07-30T12:30:38.691049+00:00,Pest-Damage(513),Pest-Damage (26).jpg,processed,0.1993,12,
2026-07-30T12:30:38.943362+00:00,Pest-Damage(513),Pest-Damage (260).jpg,processed,0.2487,12,
2026-07-30T12:30:39.172213+00:00,Pest-Damage(513),Pest-Damage (261).jpg,processed,0.2248,12,
2026-07-30T12:30:39.374603+00:00,Pest-Damage(513),Pest-Damage (262).jpg,processed,0.1987,12,
2026-07-30T12:30:39.577120+00:00,Pest-Damage(513),Pest-Damage (263).jpg,processed,0.1992,12,
2026-07-30T12:30:39.778092+00:00,Pest-Damage(513),Pest-Damage (264).jpg,processed,0.1959,12,
2026-07-30T12:30:39.974054+00:00,Pest-Damage(513),Pest-Damage (265).jpg,processed,0.1922,12,
2026-07-30T12:30:40.171373+00:00,Pest-Damage(513),Pest-Damage (266).jpg,processed,0.1937,12,
2026-07-30T12:30:40.398834+00:00,Pest-Damage(513),Pest-Damage (267).jpg,processed,0.2235,12,
2026-07-30T12:30:40.594301+00:00,Pest-Damage(513),Pest-Damage (268).jpg,processed,0.1920,12,
2026-07-30T12:30:40.794656+00:00,Pest-Damage(513),Pest-Damage (269).jpg,processed,0.1961,12,
2026-07-30T12:30:41.083066+00:00,Pest-Damage(513),Pest-Damage (27).jpg,processed,0.2837,12,
2026-07-30T12:30:41.287299+00:00,Pest-Damage(513),Pest-Damage (270).jpg,processed,0.1990,12,
2026-07-30T12:30:41.481731+00:00,Pest-Damage(513),Pest-Damage (271).jpg,processed,0.1913,12,
2026-07-30T12:30:41.676687+00:00,Pest-Damage(513),Pest-Damage (272).jpg,processed,0.1908,12,
2026-07-30T12:30:41.864999+00:00,Pest-Damage(513),Pest-Damage (273).jpg,processed,0.1844,12,
2026-07-30T12:30:42.070914+00:00,Pest-Damage(513),Pest-Damage (274).jpg,processed,0.2019,12,
2026-07-30T12:30:42.271225+00:00,Pest-Damage(513),Pest-Damage (275).jpg,processed,0.1970,12,
2026-07-30T12:30:42.463885+00:00,Pest-Damage(513),Pest-Damage (276).jpg,processed,0.1883,12,
2026-07-30T12:30:42.764207+00:00,Pest-Damage(513),Pest-Damage (277).jpg,processed,0.2965,12,
2026-07-30T12:30:42.968166+00:00,Pest-Damage(513),Pest-Damage (278).jpg,processed,0.2002,12,
2026-07-30T12:30:43.171494+00:00,Pest-Damage(513),Pest-Damage (279).jpg,processed,0.1989,12,
2026-07-30T12:30:43.385495+00:00,Pest-Damage(513),Pest-Damage (28).jpg,processed,0.2101,12,
2026-07-30T12:30:43.589187+00:00,Pest-Damage(513),Pest-Damage (280).jpg,processed,0.1993,12,
2026-07-30T12:30:43.786033+00:00,Pest-Damage(513),Pest-Damage (281).jpg,processed,0.1917,12,
2026-07-30T12:30:43.977138+00:00,Pest-Damage(513),Pest-Damage (282).jpg,processed,0.1874,12,
2026-07-30T12:30:44.306144+00:00,Pest-Damage(513),Pest-Damage (283).jpg,processed,0.3249,12,
2026-07-30T12:30:44.496247+00:00,Pest-Damage(513),Pest-Damage (284).jpg,processed,0.1861,12,
2026-07-30T12:30:44.696572+00:00,Pest-Damage(513),Pest-Damage (285).jpg,processed,0.1966,12,
2026-07-30T12:30:44.905847+00:00,Pest-Damage(513),Pest-Damage (286).jpg,processed,0.2046,12,
2026-07-30T12:30:45.114747+00:00,Pest-Damage(513),Pest-Damage (287).jpg,processed,0.2050,12,
2026-07-30T12:30:45.320498+00:00,Pest-Damage(513),Pest-Damage (288).jpg,processed,0.2017,12,
2026-07-30T12:30:45.512213+00:00,Pest-Damage(513),Pest-Damage (289).jpg,processed,0.1880,12,
2026-07-30T12:30:45.715493+00:00,Pest-Damage(513),Pest-Damage (29).jpg,processed,0.1996,12,
2026-07-30T12:30:45.912627+00:00,Pest-Damage(513),Pest-Damage (290).jpg,processed,0.1929,12,
2026-07-30T12:30:46.114864+00:00,Pest-Damage(513),Pest-Damage (291).jpg,processed,0.1953,12,
2026-07-30T12:30:46.315035+00:00,Pest-Damage(513),Pest-Damage (292).jpg,processed,0.1962,12,
2026-07-30T12:30:46.515519+00:00,Pest-Damage(513),Pest-Damage (293).jpg,processed,0.1966,12,
2026-07-30T12:30:46.718210+00:00,Pest-Damage(513),Pest-Damage (294).jpg,processed,0.1993,12,
2026-07-30T12:30:46.938401+00:00,Pest-Damage(513),Pest-Damage (295).jpg,processed,0.2164,12,
2026-07-30T12:30:47.161737+00:00,Pest-Damage(513),Pest-Damage (296).jpg,processed,0.2198,12,
2026-07-30T12:30:47.359730+00:00,Pest-Damage(513),Pest-Damage (297).jpg,processed,0.1945,12,
2026-07-30T12:30:47.570249+00:00,Pest-Damage(513),Pest-Damage (298).jpg,processed,0.2071,12,
2026-07-30T12:30:47.777835+00:00,Pest-Damage(513),Pest-Damage (299).jpg,processed,0.2031,12,
2026-07-30T12:30:47.985920+00:00,Pest-Damage(513),Pest-Damage (3).jpg,processed,0.2042,12,
2026-07-30T12:30:48.180547+00:00,Pest-Damage(513),Pest-Damage (30).jpg,processed,0.1910,12,
2026-07-30T12:30:48.390160+00:00,Pest-Damage(513),Pest-Damage (300).jpg,processed,0.2060,12,
2026-07-30T12:30:48.588566+00:00,Pest-Damage(513),Pest-Damage (301).jpg,processed,0.1944,12,
2026-07-30T12:30:48.794633+00:00,Pest-Damage(513),Pest-Damage (302).jpg,processed,0.2020,12,
2026-07-30T12:30:48.998708+00:00,Pest-Damage(513),Pest-Damage (303).jpg,processed,0.2001,12,
2026-07-30T12:30:49.198284+00:00,Pest-Damage(513),Pest-Damage (304).jpg,processed,0.1951,12,
2026-07-30T12:30:49.423932+00:00,Pest-Damage(513),Pest-Damage (305).jpg,processed,0.2218,12,
2026-07-30T12:30:49.626618+00:00,Pest-Damage(513),Pest-Damage (306).jpg,processed,0.1987,12,
2026-07-30T12:30:49.824409+00:00,Pest-Damage(513),Pest-Damage (307).jpg,processed,0.1941,12,
2026-07-30T12:30:50.015228+00:00,Pest-Damage(513),Pest-Damage (308).jpg,processed,0.1872,12,
2026-07-30T12:30:50.218584+00:00,Pest-Damage(513),Pest-Damage (309).jpg,processed,0.1991,12,
2026-07-30T12:30:50.439045+00:00,Pest-Damage(513),Pest-Damage (31).jpg,processed,0.2134,12,
2026-07-30T12:30:50.644547+00:00,Pest-Damage(513),Pest-Damage (310).jpg,processed,0.2014,12,
2026-07-30T12:30:50.852834+00:00,Pest-Damage(513),Pest-Damage (311).jpg,processed,0.2040,12,
2026-07-30T12:30:51.062708+00:00,Pest-Damage(513),Pest-Damage (312).jpg,processed,0.2058,12,
2026-07-30T12:30:51.250102+00:00,Pest-Damage(513),Pest-Damage (313).jpg,processed,0.1835,12,
2026-07-30T12:30:51.462196+00:00,Pest-Damage(513),Pest-Damage (314).jpg,processed,0.2079,12,
2026-07-30T12:30:51.660141+00:00,Pest-Damage(513),Pest-Damage (315).jpg,processed,0.1941,12,
2026-07-30T12:30:51.857460+00:00,Pest-Damage(513),Pest-Damage (316).jpg,processed,0.1931,12,
2026-07-30T12:30:52.049676+00:00,Pest-Damage(513),Pest-Damage (317).jpg,processed,0.1889,12,
2026-07-30T12:30:52.234363+00:00,Pest-Damage(513),Pest-Damage (318).jpg,processed,0.1810,12,
2026-07-30T12:30:52.430014+00:00,Pest-Damage(513),Pest-Damage (319).jpg,processed,0.1913,12,
2026-07-30T12:30:52.622094+00:00,Pest-Damage(513),Pest-Damage (32).jpg,processed,0.1887,12,
2026-07-30T12:30:52.837918+00:00,Pest-Damage(513),Pest-Damage (320).jpg,processed,0.2119,12,
2026-07-30T12:30:53.031879+00:00,Pest-Damage(513),Pest-Damage (321).jpg,processed,0.1905,12,
2026-07-30T12:30:53.223831+00:00,Pest-Damage(513),Pest-Damage (322).jpg,processed,0.1878,12,
2026-07-30T12:30:53.407882+00:00,Pest-Damage(513),Pest-Damage (323).jpg,processed,0.1799,12,
2026-07-30T12:30:53.583799+00:00,Pest-Damage(513),Pest-Damage (324).JPG,processed,0.1724,12,
2026-07-30T12:30:53.766986+00:00,Pest-Damage(513),Pest-Damage (325).JPG,processed,0.1798,12,
2026-07-30T12:30:53.939855+00:00,Pest-Damage(513),Pest-Damage (326).JPG,processed,0.1695,12,
2026-07-30T12:30:54.118884+00:00,Pest-Damage(513),Pest-Damage (327).JPG,processed,0.1751,12,
2026-07-30T12:30:54.303854+00:00,Pest-Damage(513),Pest-Damage (328).JPG,processed,0.1819,12,
2026-07-30T12:30:54.484063+00:00,Pest-Damage(513),Pest-Damage (329).JPG,processed,0.1771,12,
2026-07-30T12:30:54.669274+00:00,Pest-Damage(513),Pest-Damage (33).jpg,processed,0.1817,12,
2026-07-30T12:30:54.840729+00:00,Pest-Damage(513),Pest-Damage (330).JPG,processed,0.1685,12,
2026-07-30T12:30:55.008073+00:00,Pest-Damage(513),Pest-Damage (331).JPG,processed,0.1641,12,
2026-07-30T12:30:55.181986+00:00,Pest-Damage(513),Pest-Damage (332).JPG,processed,0.1709,12,
2026-07-30T12:30:55.357602+00:00,Pest-Damage(513),Pest-Damage (333).JPG,processed,0.1725,12,
2026-07-30T12:30:55.530447+00:00,Pest-Damage(513),Pest-Damage (334).JPG,processed,0.1697,12,
2026-07-30T12:30:55.700598+00:00,Pest-Damage(513),Pest-Damage (335).JPG,processed,0.1669,12,
2026-07-30T12:30:55.869787+00:00,Pest-Damage(513),Pest-Damage (336).JPG,processed,0.1660,12,
2026-07-30T12:30:56.042739+00:00,Pest-Damage(513),Pest-Damage (337).JPG,processed,0.1698,12,
2026-07-30T12:30:56.211320+00:00,Pest-Damage(513),Pest-Damage (338).JPG,processed,0.1653,12,
2026-07-30T12:30:56.382983+00:00,Pest-Damage(513),Pest-Damage (339).JPG,processed,0.1681,12,
2026-07-30T12:30:56.563100+00:00,Pest-Damage(513),Pest-Damage (34).jpg,processed,0.1762,12,
2026-07-30T12:30:56.731540+00:00,Pest-Damage(513),Pest-Damage (340).JPG,processed,0.1647,12,
2026-07-30T12:30:56.902034+00:00,Pest-Damage(513),Pest-Damage (341).JPG,processed,0.1673,12,
2026-07-30T12:30:57.076012+00:00,Pest-Damage(513),Pest-Damage (342).JPG,processed,0.1709,12,
2026-07-30T12:30:57.246016+00:00,Pest-Damage(513),Pest-Damage (343).JPG,processed,0.1666,12,
2026-07-30T12:30:57.414717+00:00,Pest-Damage(513),Pest-Damage (344).JPG,processed,0.1655,12,
2026-07-30T12:30:57.585496+00:00,Pest-Damage(513),Pest-Damage (345).JPG,processed,0.1676,12,
2026-07-30T12:30:57.755390+00:00,Pest-Damage(513),Pest-Damage (346).JPG,processed,0.1668,12,
2026-07-30T12:30:57.925782+00:00,Pest-Damage(513),Pest-Damage (347).JPG,processed,0.1670,12,
2026-07-30T12:30:58.096536+00:00,Pest-Damage(513),Pest-Damage (348).JPG,processed,0.1674,12,
2026-07-30T12:30:58.267794+00:00,Pest-Damage(513),Pest-Damage (349).JPG,processed,0.1678,12,
2026-07-30T12:30:58.443997+00:00,Pest-Damage(513),Pest-Damage (35).jpg,processed,0.1724,12,
2026-07-30T12:30:58.740997+00:00,Pest-Damage(513),Pest-Damage (350).JPG,processed,0.2939,12,
2026-07-30T12:30:58.913570+00:00,Pest-Damage(513),Pest-Damage (351).JPG,processed,0.1692,12,
2026-07-30T12:30:59.083081+00:00,Pest-Damage(513),Pest-Damage (352).JPG,processed,0.1662,12,
2026-07-30T12:30:59.255759+00:00,Pest-Damage(513),Pest-Damage (353).JPG,processed,0.1695,12,
2026-07-30T12:30:59.427107+00:00,Pest-Damage(513),Pest-Damage (354).JPG,processed,0.1682,12,
2026-07-30T12:30:59.597540+00:00,Pest-Damage(513),Pest-Damage (355).JPG,processed,0.1672,12,
2026-07-30T12:30:59.768209+00:00,Pest-Damage(513),Pest-Damage (356).JPG,processed,0.1674,12,
2026-07-30T12:30:59.938644+00:00,Pest-Damage(513),Pest-Damage (357).JPG,processed,0.1669,12,
2026-07-30T12:31:00.113714+00:00,Pest-Damage(513),Pest-Damage (358).JPG,processed,0.1718,12,
2026-07-30T12:31:00.285120+00:00,Pest-Damage(513),Pest-Damage (359).JPG,processed,0.1683,12,
2026-07-30T12:31:00.466338+00:00,Pest-Damage(513),Pest-Damage (36).jpg,processed,0.1778,12,
2026-07-30T12:31:00.643900+00:00,Pest-Damage(513),Pest-Damage (360).JPG,processed,0.1743,12,
2026-07-30T12:31:00.811767+00:00,Pest-Damage(513),Pest-Damage (361).JPG,processed,0.1647,12,
2026-07-30T12:31:00.993230+00:00,Pest-Damage(513),Pest-Damage (362).JPG,processed,0.1777,12,
2026-07-30T12:31:01.176505+00:00,Pest-Damage(513),Pest-Damage (363).JPG,processed,0.1794,12,
2026-07-30T12:31:01.360266+00:00,Pest-Damage(513),Pest-Damage (364).JPG,processed,0.1796,12,
2026-07-30T12:31:01.543470+00:00,Pest-Damage(513),Pest-Damage (365).JPG,processed,0.1801,12,
2026-07-30T12:31:01.722363+00:00,Pest-Damage(513),Pest-Damage (366).JPG,processed,0.1751,12,
2026-07-30T12:31:01.901277+00:00,Pest-Damage(513),Pest-Damage (367).JPG,processed,0.1752,12,
2026-07-30T12:31:02.081864+00:00,Pest-Damage(513),Pest-Damage (368).JPG,processed,0.1771,12,
2026-07-30T12:31:02.271013+00:00,Pest-Damage(513),Pest-Damage (369).JPG,processed,0.1848,12,
2026-07-30T12:31:02.466467+00:00,Pest-Damage(513),Pest-Damage (37).jpg,processed,0.1909,12,
2026-07-30T12:31:02.666679+00:00,Pest-Damage(513),Pest-Damage (370).JPG,processed,0.1960,12,
2026-07-30T12:31:02.851579+00:00,Pest-Damage(513),Pest-Damage (371).JPG,processed,0.1804,12,
2026-07-30T12:31:03.043562+00:00,Pest-Damage(513),Pest-Damage (372).JPG,processed,0.1879,12,
2026-07-30T12:31:03.233916+00:00,Pest-Damage(513),Pest-Damage (373).JPG,processed,0.1862,12,
2026-07-30T12:31:03.424965+00:00,Pest-Damage(513),Pest-Damage (374).JPG,processed,0.1879,12,
2026-07-30T12:31:03.610929+00:00,Pest-Damage(513),Pest-Damage (375).JPG,processed,0.1825,12,
2026-07-30T12:31:03.791528+00:00,Pest-Damage(513),Pest-Damage (376).JPG,processed,0.1774,12,
2026-07-30T12:31:03.973565+00:00,Pest-Damage(513),Pest-Damage (377).JPG,processed,0.1784,12,
2026-07-30T12:31:04.163920+00:00,Pest-Damage(513),Pest-Damage (378).JPG,processed,0.1858,12,
2026-07-30T12:31:04.356568+00:00,Pest-Damage(513),Pest-Damage (379).JPG,processed,0.1885,12,
2026-07-30T12:31:04.547052+00:00,Pest-Damage(513),Pest-Damage (38).jpg,processed,0.1863,12,
2026-07-30T12:31:04.729362+00:00,Pest-Damage(513),Pest-Damage (380).JPG,processed,0.1786,12,
2026-07-30T12:31:04.909249+00:00,Pest-Damage(513),Pest-Damage (381).JPG,processed,0.1755,12,
2026-07-30T12:31:05.101032+00:00,Pest-Damage(513),Pest-Damage (382).JPG,processed,0.1885,12,
2026-07-30T12:31:05.292592+00:00,Pest-Damage(513),Pest-Damage (383).JPG,processed,0.1874,12,
2026-07-30T12:31:05.475589+00:00,Pest-Damage(513),Pest-Damage (384).JPG,processed,0.1798,12,
2026-07-30T12:31:05.655938+00:00,Pest-Damage(513),Pest-Damage (385).JPG,processed,0.1764,12,
2026-07-30T12:31:05.846567+00:00,Pest-Damage(513),Pest-Damage (386).JPG,processed,0.1865,12,
2026-07-30T12:31:06.035280+00:00,Pest-Damage(513),Pest-Damage (387).JPG,processed,0.1853,12,
2026-07-30T12:31:06.215660+00:00,Pest-Damage(513),Pest-Damage (388).JPG,processed,0.1765,12,
2026-07-30T12:31:06.402785+00:00,Pest-Damage(513),Pest-Damage (389).JPG,processed,0.1833,12,
2026-07-30T12:31:06.583396+00:00,Pest-Damage(513),Pest-Damage (39).jpg,processed,0.1769,12,
2026-07-30T12:31:06.762984+00:00,Pest-Damage(513),Pest-Damage (390).JPG,processed,0.1754,12,
2026-07-30T12:31:06.945020+00:00,Pest-Damage(513),Pest-Damage (391).JPG,processed,0.1778,12,
2026-07-30T12:31:07.271351+00:00,Pest-Damage(513),Pest-Damage (392).JPG,processed,0.3222,12,
2026-07-30T12:31:07.480996+00:00,Pest-Damage(513),Pest-Damage (393).JPG,processed,0.2056,12,
2026-07-30T12:31:07.660711+00:00,Pest-Damage(513),Pest-Damage (394).JPG,processed,0.1762,12,
2026-07-30T12:31:08.022319+00:00,Pest-Damage(513),Pest-Damage (395).JPG,processed,0.3570,12,
2026-07-30T12:31:08.206838+00:00,Pest-Damage(513),Pest-Damage (396).JPG,processed,0.1809,12,
2026-07-30T12:31:08.406473+00:00,Pest-Damage(513),Pest-Damage (397).JPG,processed,0.1963,12,
2026-07-30T12:31:08.587169+00:00,Pest-Damage(513),Pest-Damage (398).JPG,processed,0.1772,12,
2026-07-30T12:31:08.770019+00:00,Pest-Damage(513),Pest-Damage (399).JPG,processed,0.1786,12,
2026-07-30T12:31:08.952154+00:00,Pest-Damage(513),Pest-Damage (4).jpg,processed,0.1790,12,
2026-07-30T12:31:09.132536+00:00,Pest-Damage(513),Pest-Damage (40).jpg,processed,0.1770,12,
2026-07-30T12:31:09.311782+00:00,Pest-Damage(513),Pest-Damage (400).JPG,processed,0.1756,12,
2026-07-30T12:31:09.494872+00:00,Pest-Damage(513),Pest-Damage (401).JPG,processed,0.1791,12,
2026-07-30T12:31:09.686404+00:00,Pest-Damage(513),Pest-Damage (402).JPG,processed,0.1878,12,
2026-07-30T12:31:09.878616+00:00,Pest-Damage(513),Pest-Damage (403).JPG,processed,0.1881,12,
2026-07-30T12:31:10.067305+00:00,Pest-Damage(513),Pest-Damage (404).JPG,processed,0.1851,12,
2026-07-30T12:31:10.256226+00:00,Pest-Damage(513),Pest-Damage (405).JPG,processed,0.1845,12,
2026-07-30T12:31:10.450936+00:00,Pest-Damage(513),Pest-Damage (406).JPG,processed,0.1911,12,
2026-07-30T12:31:10.651583+00:00,Pest-Damage(513),Pest-Damage (407).JPG,processed,0.1969,12,
2026-07-30T12:31:10.840912+00:00,Pest-Damage(513),Pest-Damage (408).JPG,processed,0.1851,12,
2026-07-30T12:31:11.031845+00:00,Pest-Damage(513),Pest-Damage (409).JPG,processed,0.1870,12,
2026-07-30T12:31:11.212286+00:00,Pest-Damage(513),Pest-Damage (41).jpg,processed,0.1767,12,
2026-07-30T12:31:11.394053+00:00,Pest-Damage(513),Pest-Damage (410).JPG,processed,0.1787,12,
2026-07-30T12:31:11.580025+00:00,Pest-Damage(513),Pest-Damage (411).JPG,processed,0.1819,12,
2026-07-30T12:31:11.769019+00:00,Pest-Damage(513),Pest-Damage (412).JPG,processed,0.1851,12,
2026-07-30T12:31:11.954031+00:00,Pest-Damage(513),Pest-Damage (413).JPG,processed,0.1819,12,
2026-07-30T12:31:12.132123+00:00,Pest-Damage(513),Pest-Damage (414).JPG,processed,0.1742,12,
2026-07-30T12:31:12.315229+00:00,Pest-Damage(513),Pest-Damage (415).JPG,processed,0.1786,12,
2026-07-30T12:31:12.496587+00:00,Pest-Damage(513),Pest-Damage (416).JPG,processed,0.1780,12,
2026-07-30T12:31:12.679767+00:00,Pest-Damage(513),Pest-Damage (417).JPG,processed,0.1795,12,
2026-07-30T12:31:12.863075+00:00,Pest-Damage(513),Pest-Damage (418).jpg,processed,0.1802,12,
2026-07-30T12:31:13.049909+00:00,Pest-Damage(513),Pest-Damage (419).jpg,processed,0.1834,12,
2026-07-30T12:31:13.240516+00:00,Pest-Damage(513),Pest-Damage (42).jpg,processed,0.1871,12,
2026-07-30T12:31:13.421967+00:00,Pest-Damage(513),Pest-Damage (420).jpg,processed,0.1774,12,
2026-07-30T12:31:13.597582+00:00,Pest-Damage(513),Pest-Damage (421).jpg,processed,0.1718,12,
2026-07-30T12:31:13.781204+00:00,Pest-Damage(513),Pest-Damage (422).jpg,processed,0.1798,12,
2026-07-30T12:31:13.974039+00:00,Pest-Damage(513),Pest-Damage (423).jpg,processed,0.1891,12,
2026-07-30T12:31:14.158452+00:00,Pest-Damage(513),Pest-Damage (424).jpg,processed,0.1810,12,
2026-07-30T12:31:14.335874+00:00,Pest-Damage(513),Pest-Damage (425).jpg,processed,0.1734,12,
2026-07-30T12:31:14.523804+00:00,Pest-Damage(513),Pest-Damage (426).jpg,processed,0.1840,12,
2026-07-30T12:31:14.703897+00:00,Pest-Damage(513),Pest-Damage (427).jpg,processed,0.1757,12,
2026-07-30T12:31:14.889076+00:00,Pest-Damage(513),Pest-Damage (428).jpg,processed,0.1807,12,
2026-07-30T12:31:15.074290+00:00,Pest-Damage(513),Pest-Damage (429).jpg,processed,0.1814,12,
2026-07-30T12:31:15.258356+00:00,Pest-Damage(513),Pest-Damage (43).jpg,processed,0.1801,12,
2026-07-30T12:31:15.444429+00:00,Pest-Damage(513),Pest-Damage (430).jpg,processed,0.1814,12,
2026-07-30T12:31:15.631170+00:00,Pest-Damage(513),Pest-Damage (431).jpg,processed,0.1827,12,
2026-07-30T12:31:15.806844+00:00,Pest-Damage(513),Pest-Damage (432).jpg,processed,0.1724,12,
2026-07-30T12:31:15.983000+00:00,Pest-Damage(513),Pest-Damage (433).jpg,processed,0.1724,12,
2026-07-30T12:31:16.169544+00:00,Pest-Damage(513),Pest-Damage (434).jpg,processed,0.1824,12,
2026-07-30T12:31:16.355669+00:00,Pest-Damage(513),Pest-Damage (435).jpg,processed,0.1822,12,
2026-07-30T12:31:16.531812+00:00,Pest-Damage(513),Pest-Damage (436).jpg,processed,0.1726,12,
2026-07-30T12:31:16.711458+00:00,Pest-Damage(513),Pest-Damage (437).jpg,processed,0.1765,12,
2026-07-30T12:31:16.891904+00:00,Pest-Damage(513),Pest-Damage (438).jpg,processed,0.1769,12,
2026-07-30T12:31:17.076695+00:00,Pest-Damage(513),Pest-Damage (439).jpg,processed,0.1812,12,
2026-07-30T12:31:17.257655+00:00,Pest-Damage(513),Pest-Damage (44).jpg,processed,0.1770,12,
2026-07-30T12:31:17.438846+00:00,Pest-Damage(513),Pest-Damage (440).jpg,processed,0.1775,12,
2026-07-30T12:31:17.621815+00:00,Pest-Damage(513),Pest-Damage (441).jpg,processed,0.1796,12,
2026-07-30T12:31:17.873446+00:00,Pest-Damage(513),Pest-Damage (442).jpg,processed,0.2480,12,
2026-07-30T12:31:18.055263+00:00,Pest-Damage(513),Pest-Damage (443).jpg,processed,0.1787,12,
2026-07-30T12:31:18.235891+00:00,Pest-Damage(513),Pest-Damage (444).jpg,processed,0.1775,12,
2026-07-30T12:31:18.419614+00:00,Pest-Damage(513),Pest-Damage (445).jpg,processed,0.1799,12,
2026-07-30T12:31:18.602592+00:00,Pest-Damage(513),Pest-Damage (446).jpg,processed,0.1792,12,
2026-07-30T12:31:18.784606+00:00,Pest-Damage(513),Pest-Damage (447).jpg,processed,0.1785,12,
2026-07-30T12:31:18.971910+00:00,Pest-Damage(513),Pest-Damage (448).jpg,processed,0.1839,12,
2026-07-30T12:31:19.153257+00:00,Pest-Damage(513),Pest-Damage (449).jpg,processed,0.1779,12,
2026-07-30T12:31:19.354776+00:00,Pest-Damage(513),Pest-Damage (45).jpg,processed,0.1967,12,
2026-07-30T12:31:19.583721+00:00,Pest-Damage(513),Pest-Damage (450).jpg,processed,0.2252,12,
2026-07-30T12:31:19.779703+00:00,Pest-Damage(513),Pest-Damage (451).jpg,processed,0.1920,12,
2026-07-30T12:31:19.979685+00:00,Pest-Damage(513),Pest-Damage (452).jpg,processed,0.1965,12,
2026-07-30T12:31:20.167528+00:00,Pest-Damage(513),Pest-Damage (453).jpg,processed,0.1840,12,
2026-07-30T12:31:20.360666+00:00,Pest-Damage(513),Pest-Damage (454).jpg,processed,0.1893,12,
2026-07-30T12:31:20.557620+00:00,Pest-Damage(513),Pest-Damage (455).jpg,processed,0.1927,12,
2026-07-30T12:31:20.760980+00:00,Pest-Damage(513),Pest-Damage (456).jpg,processed,0.2000,12,
2026-07-30T12:31:20.958055+00:00,Pest-Damage(513),Pest-Damage (457).jpg,processed,0.1932,12,
2026-07-30T12:31:21.154040+00:00,Pest-Damage(513),Pest-Damage (458).jpg,processed,0.1922,12,
2026-07-30T12:31:21.338776+00:00,Pest-Damage(513),Pest-Damage (459).jpg,processed,0.1808,12,
2026-07-30T12:31:21.531566+00:00,Pest-Damage(513),Pest-Damage (46).jpg,processed,0.1887,12,
2026-07-30T12:31:21.725823+00:00,Pest-Damage(513),Pest-Damage (460).jpg,processed,0.1903,12,
2026-07-30T12:31:21.907820+00:00,Pest-Damage(513),Pest-Damage (461).jpg,processed,0.1781,12,
2026-07-30T12:31:22.088860+00:00,Pest-Damage(513),Pest-Damage (462).jpg,processed,0.1773,12,
2026-07-30T12:31:22.276982+00:00,Pest-Damage(513),Pest-Damage (463).jpg,processed,0.1839,12,
2026-07-30T12:31:22.477107+00:00,Pest-Damage(513),Pest-Damage (464).jpg,processed,0.1963,12,
2026-07-30T12:31:22.672632+00:00,Pest-Damage(513),Pest-Damage (465).jpg,processed,0.1915,12,
2026-07-30T12:31:22.876907+00:00,Pest-Damage(513),Pest-Damage (466).jpg,processed,0.1988,12,
2026-07-30T12:31:23.070970+00:00,Pest-Damage(513),Pest-Damage (467).jpg,processed,0.1902,12,
2026-07-30T12:31:23.258462+00:00,Pest-Damage(513),Pest-Damage (468).jpg,processed,0.1839,12,
2026-07-30T12:31:23.446197+00:00,Pest-Damage(513),Pest-Damage (469).jpg,processed,0.1841,12,
2026-07-30T12:31:23.639712+00:00,Pest-Damage(513),Pest-Damage (47).jpg,processed,0.1899,12,
2026-07-30T12:31:23.833942+00:00,Pest-Damage(513),Pest-Damage (470).jpg,processed,0.1887,12,
2026-07-30T12:31:24.033846+00:00,Pest-Damage(513),Pest-Damage (471).jpg,processed,0.1964,12,
2026-07-30T12:31:24.231575+00:00,Pest-Damage(513),Pest-Damage (472).jpg,processed,0.1943,12,
2026-07-30T12:31:24.427994+00:00,Pest-Damage(513),Pest-Damage (473).jpg,processed,0.1923,12,
2026-07-30T12:31:24.623644+00:00,Pest-Damage(513),Pest-Damage (474).jpg,processed,0.1919,12,
2026-07-30T12:31:24.810528+00:00,Pest-Damage(513),Pest-Damage (475).jpg,processed,0.1828,12,
2026-07-30T12:31:25.003612+00:00,Pest-Damage(513),Pest-Damage (476).jpg,processed,0.1890,12,
2026-07-30T12:31:25.196530+00:00,Pest-Damage(513),Pest-Damage (477).jpg,processed,0.1888,12,
2026-07-30T12:31:25.392693+00:00,Pest-Damage(513),Pest-Damage (478).jpg,processed,0.1928,12,
2026-07-30T12:31:25.585328+00:00,Pest-Damage(513),Pest-Damage (479).jpg,processed,0.1892,12,
2026-07-30T12:31:25.780055+00:00,Pest-Damage(513),Pest-Damage (48).jpg,processed,0.1914,12,
2026-07-30T12:31:25.977538+00:00,Pest-Damage(513),Pest-Damage (480).jpg,processed,0.1937,12,
2026-07-30T12:31:26.175094+00:00,Pest-Damage(513),Pest-Damage (481).jpg,processed,0.1932,12,
2026-07-30T12:31:26.370050+00:00,Pest-Damage(513),Pest-Damage (482).jpg,processed,0.1910,12,
2026-07-30T12:31:26.558825+00:00,Pest-Damage(513),Pest-Damage (483).jpg,processed,0.1847,12,
2026-07-30T12:31:26.753663+00:00,Pest-Damage(513),Pest-Damage (484).jpg,processed,0.1901,12,
2026-07-30T12:31:26.944425+00:00,Pest-Damage(513),Pest-Damage (485).jpg,processed,0.1869,12,
2026-07-30T12:31:27.139191+00:00,Pest-Damage(513),Pest-Damage (486).jpg,processed,0.1910,12,
2026-07-30T12:31:27.343746+00:00,Pest-Damage(513),Pest-Damage (487).jpg,processed,0.2000,12,
2026-07-30T12:31:27.535825+00:00,Pest-Damage(513),Pest-Damage (488).jpg,processed,0.1880,12,
2026-07-30T12:31:27.723486+00:00,Pest-Damage(513),Pest-Damage (489).jpg,processed,0.1839,12,
2026-07-30T12:31:27.907970+00:00,Pest-Damage(513),Pest-Damage (49).jpg,processed,0.1806,12,
2026-07-30T12:31:28.095496+00:00,Pest-Damage(513),Pest-Damage (490).jpg,processed,0.1833,12,
2026-07-30T12:31:28.292458+00:00,Pest-Damage(513),Pest-Damage (491).jpg,processed,0.1935,12,
2026-07-30T12:31:28.475143+00:00,Pest-Damage(513),Pest-Damage (492).jpg,processed,0.1796,12,
2026-07-30T12:31:28.671922+00:00,Pest-Damage(513),Pest-Damage (493).jpg,processed,0.1930,12,
2026-07-30T12:31:28.862297+00:00,Pest-Damage(513),Pest-Damage (494).jpg,processed,0.1872,12,
2026-07-30T12:31:29.064285+00:00,Pest-Damage(513),Pest-Damage (495).jpg,processed,0.1978,12,
2026-07-30T12:31:29.252913+00:00,Pest-Damage(513),Pest-Damage (496).jpg,processed,0.1848,12,
2026-07-30T12:31:29.445154+00:00,Pest-Damage(513),Pest-Damage (497).jpg,processed,0.1885,12,
2026-07-30T12:31:29.626753+00:00,Pest-Damage(513),Pest-Damage (498).jpg,processed,0.1785,12,
2026-07-30T12:31:29.811456+00:00,Pest-Damage(513),Pest-Damage (499).jpg,processed,0.1810,12,
2026-07-30T12:31:30.111955+00:00,Pest-Damage(513),Pest-Damage (5).jpg,processed,0.2965,12,
2026-07-30T12:31:30.293395+00:00,Pest-Damage(513),Pest-Damage (50).jpg,processed,0.1780,12,
2026-07-30T12:31:30.480973+00:00,Pest-Damage(513),Pest-Damage (500).jpg,processed,0.1841,12,
2026-07-30T12:31:30.670056+00:00,Pest-Damage(513),Pest-Damage (501).jpg,processed,0.1853,12,
2026-07-30T12:31:30.884641+00:00,Pest-Damage(513),Pest-Damage (502).jpg,processed,0.2105,12,
2026-07-30T12:31:31.079213+00:00,Pest-Damage(513),Pest-Damage (503).jpg,processed,0.1906,12,
2026-07-30T12:31:31.261084+00:00,Pest-Damage(513),Pest-Damage (504).jpg,processed,0.1778,12,
2026-07-30T12:31:31.445505+00:00,Pest-Damage(513),Pest-Damage (505).jpg,processed,0.1803,12,
2026-07-30T12:31:31.627533+00:00,Pest-Damage(513),Pest-Damage (506).jpg,processed,0.1784,12,
2026-07-30T12:31:31.810583+00:00,Pest-Damage(513),Pest-Damage (507).jpg,processed,0.1794,12,
2026-07-30T12:31:31.990274+00:00,Pest-Damage(513),Pest-Damage (508).jpg,processed,0.1764,12,
2026-07-30T12:31:32.172188+00:00,Pest-Damage(513),Pest-Damage (509).jpg,processed,0.1781,12,
2026-07-30T12:31:32.328631+00:00,Pest-Damage(513),Pest-Damage (51).jpg,processed,0.1531,12,
2026-07-30T12:31:32.511469+00:00,Pest-Damage(513),Pest-Damage (510).jpg,processed,0.1790,12,
2026-07-30T12:31:32.689987+00:00,Pest-Damage(513),Pest-Damage (511).jpg,processed,0.1750,12,
2026-07-30T12:31:32.874627+00:00,Pest-Damage(513),Pest-Damage (512).jpg,processed,0.1812,12,
2026-07-30T12:31:33.053348+00:00,Pest-Damage(513),Pest-Damage (513).jpg,processed,0.1752,12,
2026-07-30T12:31:33.210759+00:00,Pest-Damage(513),Pest-Damage (52).jpg,processed,0.1540,12,
2026-07-30T12:31:33.369543+00:00,Pest-Damage(513),Pest-Damage (53).jpg,processed,0.1555,12,
2026-07-30T12:31:33.528928+00:00,Pest-Damage(513),Pest-Damage (54).jpg,processed,0.1562,12,
2026-07-30T12:31:33.690065+00:00,Pest-Damage(513),Pest-Damage (55).jpg,processed,0.1580,12,
2026-07-30T12:31:33.851557+00:00,Pest-Damage(513),Pest-Damage (56).jpg,processed,0.1584,12,
2026-07-30T12:31:34.009179+00:00,Pest-Damage(513),Pest-Damage (57).jpg,processed,0.1543,12,
2026-07-30T12:31:34.168369+00:00,Pest-Damage(513),Pest-Damage (58).jpg,processed,0.1560,12,
2026-07-30T12:31:34.333287+00:00,Pest-Damage(513),Pest-Damage (59).jpg,processed,0.1618,12,
2026-07-30T12:31:34.518044+00:00,Pest-Damage(513),Pest-Damage (6).jpg,processed,0.1812,12,
2026-07-30T12:31:34.672335+00:00,Pest-Damage(513),Pest-Damage (60).jpg,processed,0.1510,12,
2026-07-30T12:31:34.829743+00:00,Pest-Damage(513),Pest-Damage (61).jpg,processed,0.1543,12,
2026-07-30T12:31:35.009441+00:00,Pest-Damage(513),Pest-Damage (62).jpg,processed,0.1759,12,
2026-07-30T12:31:35.168356+00:00,Pest-Damage(513),Pest-Damage (63).jpg,processed,0.1554,12,
2026-07-30T12:31:35.328901+00:00,Pest-Damage(513),Pest-Damage (64).jpg,processed,0.1571,12,
2026-07-30T12:31:35.495634+00:00,Pest-Damage(513),Pest-Damage (65).jpg,processed,0.1635,12,
2026-07-30T12:31:35.656673+00:00,Pest-Damage(513),Pest-Damage (66).jpg,processed,0.1579,12,
2026-07-30T12:31:35.824859+00:00,Pest-Damage(513),Pest-Damage (67).jpg,processed,0.1651,12,
2026-07-30T12:31:35.986984+00:00,Pest-Damage(513),Pest-Damage (68).jpg,processed,0.1590,12,
2026-07-30T12:31:36.147468+00:00,Pest-Damage(513),Pest-Damage (69).jpg,processed,0.1572,12,
2026-07-30T12:31:36.328144+00:00,Pest-Damage(513),Pest-Damage (7).jpg,processed,0.1770,12,
2026-07-30T12:31:36.489257+00:00,Pest-Damage(513),Pest-Damage (70).jpg,processed,0.1580,12,
2026-07-30T12:31:36.648827+00:00,Pest-Damage(513),Pest-Damage (71).jpg,processed,0.1565,12,
2026-07-30T12:31:36.813906+00:00,Pest-Damage(513),Pest-Damage (72).jpg,processed,0.1615,12,
2026-07-30T12:31:37.010385+00:00,Pest-Damage(513),Pest-Damage (73).jpg,processed,0.1931,12,
2026-07-30T12:31:37.173275+00:00,Pest-Damage(513),Pest-Damage (74).jpg,processed,0.1596,12,
2026-07-30T12:31:37.335554+00:00,Pest-Damage(513),Pest-Damage (75).jpg,processed,0.1590,12,
2026-07-30T12:31:37.496024+00:00,Pest-Damage(513),Pest-Damage (76).jpg,processed,0.1571,12,
2026-07-30T12:31:37.658851+00:00,Pest-Damage(513),Pest-Damage (77).jpg,processed,0.1596,12,
2026-07-30T12:31:37.837199+00:00,Pest-Damage(513),Pest-Damage (78).jpg,processed,0.1750,12,
2026-07-30T12:31:37.997275+00:00,Pest-Damage(513),Pest-Damage (79).jpg,processed,0.1566,12,
2026-07-30T12:31:38.212752+00:00,Pest-Damage(513),Pest-Damage (8).jpg,processed,0.2107,12,
2026-07-30T12:31:38.380098+00:00,Pest-Damage(513),Pest-Damage (80).jpg,processed,0.1640,12,
2026-07-30T12:31:38.543285+00:00,Pest-Damage(513),Pest-Damage (81).jpg,processed,0.1599,12,
2026-07-30T12:31:38.716691+00:00,Pest-Damage(513),Pest-Damage (82).jpg,processed,0.1700,12,
2026-07-30T12:31:38.976849+00:00,Pest-Damage(513),Pest-Damage (83).jpg,processed,0.2571,12,
2026-07-30T12:31:39.139931+00:00,Pest-Damage(513),Pest-Damage (84).jpg,processed,0.1598,12,
2026-07-30T12:31:39.325774+00:00,Pest-Damage(513),Pest-Damage (85).jpg,processed,0.1819,12,
2026-07-30T12:31:39.507677+00:00,Pest-Damage(513),Pest-Damage (86).jpg,processed,0.1785,12,
2026-07-30T12:31:39.666794+00:00,Pest-Damage(513),Pest-Damage (87).jpg,processed,0.1557,12,
2026-07-30T12:31:39.822034+00:00,Pest-Damage(513),Pest-Damage (88).jpg,processed,0.1519,12,
2026-07-30T12:31:39.986776+00:00,Pest-Damage(513),Pest-Damage (89).jpg,processed,0.1614,12,
2026-07-30T12:31:40.174369+00:00,Pest-Damage(513),Pest-Damage (9).jpg,processed,0.1834,12,
2026-07-30T12:31:40.350377+00:00,Pest-Damage(513),Pest-Damage (90).jpg,processed,0.1724,12,
2026-07-30T12:31:40.540036+00:00,Pest-Damage(513),Pest-Damage (91).jpg,processed,0.1863,12,
2026-07-30T12:31:40.709622+00:00,Pest-Damage(513),Pest-Damage (92).jpg,processed,0.1659,12,
2026-07-30T12:31:40.880934+00:00,Pest-Damage(513),Pest-Damage (93).jpg,processed,0.1678,12,
2026-07-30T12:31:41.041001+00:00,Pest-Damage(513),Pest-Damage (94).jpg,processed,0.1566,12,
2026-07-30T12:31:41.212656+00:00,Pest-Damage(513),Pest-Damage (95).jpg,processed,0.1682,12,
2026-07-30T12:31:41.381370+00:00,Pest-Damage(513),Pest-Damage (96).jpg,processed,0.1651,12,
2026-07-30T12:31:41.546630+00:00,Pest-Damage(513),Pest-Damage (97).jpg,processed,0.1616,12,
2026-07-30T12:31:41.720605+00:00,Pest-Damage(513),Pest-Damage (98).jpg,processed,0.1706,12,
2026-07-30T12:31:41.891266+00:00,Pest-Damage(513),Pest-Damage (99).jpg,processed,0.1673,12,
