feature_row,source_id,class_label,hard_label,entropy,membership_0,membership_1,membership_2,membership_3,membership_4,membership_5,membership_6
0,b855dcf781196bdf4acdb6d3be0f3aa9f92a2a293d651b2d2bb180a8bf73035e,Anthracnose(102),4,0.9999999999999832,0.14285713697170155,0.14285713980814543,0.14285709938777516,0.14285717291504232,0.14285720158085755,0.1428570929411785,0.14285715639529953
1,87cbaa0917db06ba22386cfefc348f6e0f1c8d41f630462a04943de4865a5db4,Anthracnose(102),4,0.9999999999999936,0.14285713941634945,0.14285714107214842,0.1428571174667747,0.14285716041398758,0.14285717716028865,0.14285711370362605,0.1428571507668251
2,4a8cf82c320296d8022fa24f70b49324ec0cb8a233815cc77f65c996ac1d0060,Anthracnose(102),4,0.9999999999999821,0.1428571367802873,0.1428571397031193,0.1428570980259728,0.14285717385683608,0.1428572034267958,0.14285709138307484,0.14285715682391395
3,beaca11596033dd112544ffda1492c5001772c521478dc629b6a217377080128,Anthracnose(102),4,0.999999999999985,0.1428571373272313,0.14285713998557717,0.14285710208605198,0.14285717104968967,0.1428571979440279,0.14285709604530092,0.1428571555621211
4,eb2943a18cceec63d2092dedf0198eb7804a571e3afa3c038349f5df330e3f06,Anthracnose(102),4,0.99999999999999,0.1428571383486872,0.1428571405088629,0.14285710967728343,0.14285716580058885,0.14285718769468592,0.14285710476835253,0.14285715320153913
5,70b5a84d44ffda7840ad92c2faacd92ea09254dfb3634a3348cf213e0cfa4456,Anthracnose(102),5,0.9999999999999979,0.14285714441546227,0.14285714364228383,0.14285715457074596,0.14285713475822284,0.14285712705729672,0.1428571563287434,0.1428571392272449
6,6513ae19078b995e6b34bf8d7aeea25a37be6006561731d370f4d5329a502e43,Anthracnose(102),5,0.9999999999999903,0.14285714720466952,0.14285714508209327,0.14285717522334423,0.142857120477769,0.14285709916331094,0.1428571800487308,0.1428571328000823
7,c7aaa4a29753ec27c41c9c2bcdcdab975d27eec4cf4e70b60c8dee53acb51aee,Anthracnose(102),4,0.9999999999999847,0.1428571372437689,0.14285713994801966,0.14285710140772834,0.1428571715183453,0.14285719885330486,0.14285709526166357,0.14285715576716948
8,8396b72c811ffc54aa9b89298c6afaa43a3ebf726bef63635d25148fdea4b6b4,Anthracnose(102),4,0.9999999999999843,0.14285713720551227,0.14285713992630797,0.14285710114467792,0.14285717170034187,0.14285719921094064,0.14285709496124713,0.14285715585097214
9,bb4e4be9f661773672aa4b393cc3e825bf0f62b4d563b17df43d77247ae10a45,Anthracnose(102),5,0.9999999999999735,0.1428571502379575,0.14285714663804272,0.14285719779825373,0.14285710486893066,0.14285706868617531,0.14285720598417068,0.14285712578646934
10,e12d7b8c036b365bd2dcb9ab1559ec380a9b1a2e6217104892f11182c35ae25d,Anthracnose(102),4,0.9999999999999936,0.1428571393582307,0.1428571410416633,0.14285711704041773,0.14285716070879995,0.14285717773662807,0.14285711321443503,0.14285715089982529
11,c6a52e79d8dcf8418e820334987c61fa30b74f8e443d9ce7de6b6e2a8d67b521,Anthracnose(102),4,0.9999999999999895,0.14285713826808438,0.14285714047311204,0.1428571090208261,0.14285716625419514,0.14285718857436971,0.14285710400927557,0.14285715340013705
12,7db30e7a704366f44641e124b4052c8d47295a96fbc19f437249f90714b2c0d5,Anthracnose(102),4,0.9999999999999899,0.14285713839824965,0.1428571405344954,0.14285711004515236,0.14285716554624933,0.14285718719792898,0.14285710519071687,0.14285715308720734
13,2cb6a7b46210b7b9362b49c03e03b521e06058a615bee11dad4631686f2f43c0,Anthracnose(102),4,0.9999999999999932,0.14285713926655222,0.1428571409943236,0.14285711636403767,0.14285716117653888,0.14285717865039926,0.14285711243745577,0.1428571511106927
14,46b56510d1634f55da4625ff12d15fd342cd90b0e524fc58b42f790ff3f734ce,Anthracnose(102),4,0.9999999999999789,0.14285713622804966,0.1428571394161631,0.14285709395531732,0.1428571766716213,0.14285720892688725,0.14285708670952893,0.14285715809243246
15,6943ab94dac5431b78c31b826203c3fb49b82e2d99f383935f2804fb69bc9d3e,Anthracnose(102),4,0.9999999999999887,0.14285713805472275,0.14285714035471417,0.14285710752433,0.14285716728938921,0.14285719060528948,0.14285710229776558,0.14285715387378886
16,c8657185ea469ecd1112d617e67b58d06b60ae28da226daa1f7b7b0f27b3cd38,Anthracnose(102),4,0.9999999999999987,0.14285714182068887,0.1428571422913414,0.14285713547585074,0.1428571479622249,0.14285715286114645,0.1428571344077851,0.14285714518096249
17,4c2b44f3e3130972dad56d12bf4c65bfddfe70f94e120e268109d1b0ad97437f,Anthracnose(102),4,0.9999999999999841,0.14285713715956005,0.14285713991575832,0.1428571006744601,0.14285717202486817,0.1428571998307582,0.1428570944094117,0.14285715598518336
18,3f7812fb258535235edd6c60f77da30efe62efc24ac972e0a3f842ca1220424d,Anthracnose(102),4,0.999999999999979,0.14285713627533805,0.14285713946226933,0.1428570941047078,0.14285717656759586,0.1428572087012512,0.14285708686081533,0.14285715802802243
19,526fd33e4b2ea5317eab207b64b358fb75925782ebac10fe639c35e4d6f8cb6d,Anthracnose(102),4,0.9999999999999835,0.14285713704752367,0.14285713986227433,0.14285709980496125,0.14285717262595443,0.1428572010003674,0.14285709340668198,0.14285715625223708
20,1603d84c9698fb404321601923cdfa49348e52d3127dea0fc9cb323156dd43e5,Anthracnose(102),4,0.9999999999999828,0.14285713693835433,0.14285713979863401,0.14285709907491498,0.14285717313122165,0.14285720199543547,0.1428570925742891,0.1428571564871505
21,23267d001bb4a99631f67e346cd47ba951e215063368aece482c982e3a395686,Anthracnose(102),4,0.9999999999999791,0.1428571363111562,0.14285713948052148,0.14285709437389868,0.14285717638150514,0.14285720833810442,0.14285708717009124,0.14285715794472278
22,6b1a65bb153f42171dda7e15979b6558a67e6c1c17b8bb62233a876beff828f2,Anthracnose(102),4,0.9999999999999833,0.14285713702415567,0.14285713982351958,0.14285709988472006,0.1428571725718142,0.1428572009225582,0.14285709352287732,0.14285715625035492
23,01e291f8b62ce05388421f18ea31d1b500449970622347a63731caa7aa45ef5d,Anthracnose(102),4,0.9999999999999983,0.14285714145633338,0.1428571421154997,0.1428571326602243,0.1428571499086147,0.1428571566501091,0.14285713116282772,0.142857146046391
24,3fd350dd6a779747d6b949ab04631bac51bda24b29c569b920a3b6153e591c9d,Anthracnose(102),4,0.9999999999999915,0.1428571387739982,0.14285714073301733,0.14285711278372012,0.14285716365245898,0.14285718349395907,0.1428571083318587,0.14285715223098747
25,dddbba7d6bb902b9b68f634ba95e2f5a769fada859ee665818e31341d015efa0,Anthracnose(102),5,0.9999999999999958,0.1428571455630784,0.1428571442166463,0.14285716326082515,0.14285712875052034,0.1428571153425402,0.14285716632465556,0.14285713654173413
26,e4f3dea2556bf0d86ee01610a31409547e087f3c9bc9e2c83b1ea8bc7559541e,Anthracnose(102),5,0.9999999999999947,0.14285714597694124,0.14285714443590491,0.1428571662650486,0.14285712667285783,0.1428571112779781,0.14285716977038224,0.14285713560088706
27,dc0d5ee594b0e487eb50870c4323a05a8f17acb1fb8a3b7b114849203ef2176c,Anthracnose(102),4,0.9999999999999889,0.14285713810977874,0.14285714038941646,0.14285710787932987,0.142857167043825,0.1428571901194507,0.14285710269925617,0.142857153758943
28,8c2b8abcb7b63c6b87e783aade8f916cc2ac6424e5e34d9e2a489d01b6ec8fd1,Anthracnose(102),5,0.9999999999999957,0.14285714560237997,0.14285714425368182,0.14285716336691598,0.14285712867596734,0.14285711517795815,0.1428571664328603,0.14285713649023635
29,ff9372bab07609f953cf6be2c245e37799272f1ec8a68337c6f803ad93b82ce3,Anthracnose(102),5,0.9999999999999982,0.14285714442062147,0.14285714364138996,0.14285715465774187,0.14285713469852826,0.14285712694519115,0.14285715643091879,0.14285713920560852
30,b546b24bfe5990f26917a5222f981caccf8d9ce4cdd5ee38b7942ccaa7ff9c04,Anthracnose(102),4,0.9999999999999809,0.14285713658243263,0.14285713960013363,0.1428570965675423,0.14285717486528915,0.14285720539737695,0.14285708970891398,0.14285715727831136
31,637e2a107e65d1fb2d6085f530a07490065d817d1f3fb6169b7879e36beb0ec5,Anthracnose(102),4,0.9999999999999992,0.1428571427610736,0.1428571427828635,0.1428571423937048,0.14285714317882212,0.14285714351204865,0.14285714234667102,0.1428571430248163
32,855e9426fd6d91ac21637554877003c2c11787d77125bf15a1242a7a05b0c621,Anthracnose(102),4,0.9999999999999989,0.14285714207735797,0.14285714244177838,0.14285713719543844,0.14285714677228217,0.14285715051746806,0.14285713636699326,0.14285714462868176
33,6633a1d0326882dda1027f430c744fd6c96d897de3e0e92a1e63c68ba851eaf7,Anthracnose(102),5,0.99999999999999,0.14285714728961116,0.14285714512936662,0.14285717581860619,0.1428571200660069,0.1428570983553978,0.14285718072934525,0.14285713261166594
34,d3033583481d5ef2b835943a628bdd25ff3c0227931663e6220dc12d07e844f6,Anthracnose(102),5,0.999999999999974,0.14285715017030468,0.14285714660301504,0.14285719729914123,0.14285710521406728,0.14285706936046622,0.14285720541097247,0.1428571259420331
35,300cecedb217cbabc4cfc1033533bfbc7cfc205d9e7006b9362d33121e991b76,Anthracnose(102),5,0.9999999999999981,0.14285714432358693,0.14285714360238613,0.14285715381706038,0.14285713527904004,0.142857128066567,0.14285715545633587,0.14285713945502354
36,fde6ffdfd86c52e53fb52cb5fc24bdeaa20020806909cae2c7fa6129ea6b9e17,Anthracnose(102),4,0.9999999999999827,0.14285713685839935,0.1428571397314917,0.14285709871542085,0.14285717338052784,0.1428572025087471,0.1428570921860531,0.14285715661936002
37,2590e251f3c970b2d1755f440da6a8f8106a2e492c60381d4fb8a2dcbb831cbf,Anthracnose(102),5,0.9999999999999845,0.14285714843461064,0.142857145712939,0.1428571843758638,0.1428571141494559,0.14285708680686549,0.1428571905638983,0.1428571299563668
38,20ab23b74fa4051b438c072656c0419d9b64268fd753d1ccae03291e8e79ea93,Anthracnose(102),4,0.9999999999999929,0.1428571391206125,0.14285714089942117,0.142857115475838,0.14285716179158783,0.1428571798725741,0.14285711143488056,0.14285715140508598
39,d53065c50881932945274b202986315c642d577e71f3481906fbf08a67bbcafe,Anthracnose(102),4,0.9999999999999634,0.14285713408952472,0.14285713831656763,0.14285707809018672,0.14285718764179242,0.14285723035090223,0.1428570684833736,0.14285716302765258
40,ada9ad9e1ff692d8d6292ff9fd6f756a1f23dfd9163fcbda45c277a80aa1e64c,Anthracnose(102),5,0.999999999999981,0.1428571490342247,0.14285714602496996,0.14285718879032255,0.14285711109690014,0.14285708084168328,0.14285719563181545,0.14285712858008384
41,088c56602036bd5d2c12454a7904a27c36fd75e7ff9b937dd08b2af2ae239063,Anthracnose(102),5,0.9999999999999275,0.14285715522581277,0.14285714922636947,0.1428572345842511,0.1428570794319685,0.14285701898510536,0.14285724822247492,0.1428571143240179
42,743d97fecbfc390bda0cc15fced8621e25ce7139dcfd3c6fbac0df8baefeebd6,Anthracnose(102),4,0.9999999999999885,0.1428571380472146,0.14285714036200883,0.14285710735177548,0.14285716740804044,0.14285719082473808,0.1428571020900674,0.1428571539161552
43,288468bc4e55c95e275129f485ece832d7ff723f53bcedd69f62518941357831,Anthracnose(102),4,0.9999999999999505,0.14285713264950609,0.14285713760497948,0.14285706713082363,0.14285719521863235,0.14285724511770428,0.1428570558667772,0.14285716641157692
44,5254c94a9c32179394f97e92eab25511c20ab2bdbfd543d7c73e88f7b10de099,Anthracnose(102),4,0.9999999999999865,0.14285713762022098,0.1428571401816328,0.14285710384563313,0.14285716983161034,0.14285719551857698,0.1428570980239679,0.14285715497835796
45,30bccc1c2b82e759b7518ba3b503a2a3515ef2696ea721cd3b8a8d7dc819a442,Anthracnose(102),4,0.9999999999999832,0.14285713699059105,0.14285713983753137,0.1428570993422962,0.14285717294575048,0.14285720162032134,0.14285709287083342,0.14285715639267615
46,236f52ec7f2899536cd8efe6746fa54e68eeee76bfa9e04df7e96d285d57710f,Anthracnose(102),4,0.9999999999999992,0.1428571423008541,0.14285714255100143,0.14285713892775947,0.14285714557508944,0.14285714818643974,0.14285713836097977,0.14285714409787592
47,cd262eccae38a1aa540bac534149af4c19d0af23b3c99699dcce5683e3775ae9,Anthracnose(102),4,0.999999999999986,0.14285713747728015,0.142857140060439,0.14285710322026507,0.14285717026549488,0.1428571964149628,0.14285709735043775,0.14285715521112036
48,04476335c3684d9f55a6650e20aefd425dbca23dc22311ab4272e3951d8491bc,Anthracnose(102),5,0.9999999999999907,0.14285714711973146,0.1428571450321007,0.14285717467359654,0.14285712085856989,0.14285709991469922,0.1428571794215931,0.14285713297970906
49,56bdf45b42927f63521317e54cfe65629a3bf646960a7127ffb592b9210c85ed,Anthracnose(102),5,0.9999999999999842,0.14285714846700145,0.1428571457225254,0.1428571846941003,0.14285711392991368,0.14285708638609532,0.14285719093522803,0.1428571298651358
50,7635ebbf32ccd0335b43954f9e4dc5c1311f3d7c37dae04c67ad186c3823a2d7,Anthracnose(102),4,0.9999999999999989,0.14285714195055094,0.14285714236047342,0.14285713642098455,0.1428571473086921,0.142857151582566,0.14285713549114798,0.14285714488558504
51,947a448f80e13331a1ee9be1e87f13758d09df3223722889ce2cebf80ec7b315,Anthracnose(102),4,0.9999999999999806,0.1428571365133486,0.14285713957026624,0.14285709600723168,0.1428571752526336,0.1428572061482126,0.14285708905964498,0.14285715744866223
52,7a61aa4577d16a4a29822b7913e870b3f53ecf8008b895d6e758d6dbfeb45139,Anthracnose(102),5,0.9999999999999953,0.14285714577182612,0.14285714434236121,0.1428571646414763,0.1428571277952799,0.14285711345811133,0.14285716789348443,0.14285713609746079
53,048d20e31c78478c5d4935c178c5be56ed9fca5d4cdd14aa62397730bfde9a4d,Anthracnose(102),4,0.9999999999999896,0.14285713828969518,0.1428571404788041,0.14285710924272055,0.14285716610118998,0.142857188281741,0.1428571042684769,0.14285715333737223
54,63ca46c5484394a464f4ae638813aa1b696a333fce518880aa7d5fd43f8553be,Anthracnose(102),5,0.9999999999999223,0.14285715566142476,0.14285714944815286,0.14285723784774393,0.1428570771756913,0.1428570145816505,0.14285725197293025,0.14285711331240636
55,329e461f725e88562b70a475d166e1f4cc0f56d93862dbef6c45310569d6a26f,Anthracnose(102),4,0.9999999999999936,0.14285713935562958,0.14285714102713,0.14285711717031294,0.1428571606199935,0.1428571775782317,0.14285711337416038,0.14285715087454187
56,858ddddace8d89d438a7994cfecf0a112605e3c632ff57bfaef3a9ac3a96392d,Anthracnose(102),4,0.9999999999999846,0.14285713719904994,0.14285713990622276,0.1428571012531537,0.14285717162592373,0.14285719908296585,0.14285709510141026,0.14285715583127387
57,02d77159eb88650fc95f6fb8481963fcbc60f0cd00e0b73266f26aa6f4490b20,Anthracnose(102),4,0.999999999999995,0.14285713982827877,0.14285714126958501,0.14285712068186132,0.14285715819189926,0.14285717283690222,0.14285711740883092,0.14285714978264244
58,0f37b8632b7a592b301bd52c402f0babf9f028e55c15eb8c65fb90c695843f31,Anthracnose(102),4,0.9999999999999932,0.14285713924938045,0.14285714098026447,0.14285711628443337,0.14285716123174766,0.14285717876357462,0.14285711235092033,0.14285715113967906
59,80fb9cd31bf8d4494ef633dd7ac94315e68687f8d8e1d57a2abd620681d7c1a6,Anthracnose(102),4,0.9999999999999865,0.14285713757612536,0.14285714010706976,0.14285710399005938,0.14285716973330465,0.1428571953797613,0.14285709823886705,0.14285715497481258
60,c8786037cedc3d54b680c225e4e9e4e4e50f4d64da8b4de5c472f6973d56ee88,Anthracnose(102),4,0.9999999999999923,0.1428571390246529,0.14285714086115403,0.1428571146582881,0.14285716235645965,0.14285718096415073,0.14285711048554617,0.14285715164974838
61,1979fdd620149662e138309d1a7534b89fcbdafb9794c896b2b3edd450ba1574,Anthracnose(102),4,0.9999999999999735,0.14285713539418948,0.1428571389946416,0.14285708769842598,0.14285718099771658,0.14285721736778786,0.142857079515003,0.14285716003223548
62,8daf374a6e4d0720d526b87ec463cb75037a089cf2cf03680cab5c5806070233,Anthracnose(102),4,0.9999999999999782,0.14285713612772935,0.1428571393717263,0.14285709314887762,0.14285717722908975,0.14285721000837986,0.14285708577615389,0.1428571583380433
63,016ba6fd7140c39722b677cd6d9c19d1f001adcbc962332f9ce277313d19aadb,Anthracnose(102),5,0.9999999999999889,0.14285714753315823,0.1428571452489128,0.14285717770428688,0.14285711876286794,0.14285709581773476,0.14285718289917457,0.14285713203386483
64,07729db7d968fb22f04bc5ac15e706622e0dfd8d8dcea58f98d36c3bcfb5360f,Anthracnose(102),5,0.9999999999999986,0.1428571441291361,0.14285714349233927,0.14285715250287226,0.14285713618882923,0.1428571298556375,0.14285715395357737,0.14285713987760829
65,7002c41da85f268a8df9e7a1762f03cec55ff1bc43c609f8e6207436367f8158,Anthracnose(102),5,0.999999999999923,0.14285715560225118,0.14285714941253444,0.14285723746748713,0.14285707743903137,0.14285701510184265,0.1428572515401944,0.14285711343665894
66,8b193aeb4ea2c531b6b27440b4ae5ac0ca28d2e16998fd98ab752dabc1ba8ceb,Anthracnose(102),4,0.999999999999993,0.14285713919313547,0.14285714094470964,0.14285711594802217,0.14285716146499478,0.14285717922697794,0.14285711196932052,0.14285715125283951
67,92f8dec851d91edada97e120ff318415d9ff074112349e92a118b58e9b253217,Anthracnose(102),4,0.9999999999999805,0.14285713651432874,0.1428571395749776,0.14285709597150917,0.14285717527710953,0.14285720619145484,0.14285708901494484,0.14285715745567537
68,2531ddabdba6239b763e272144cca88e3c1de17c988216e5514ba88f1942cce8,Anthracnose(102),4,0.9999999999999964,0.14285714047210488,0.14285714161653795,0.14285712531629385,0.14285715498693582,0.1428571665616484,0.1428571227177674,0.1428571483287117
69,38558e97e074a5a65636e6f9a74affeea806bcf09eac02ea247e76efe0ec3b43,Anthracnose(102),4,0.9999999999999873,0.14285713785410775,0.1428571402624251,0.14285710592649462,0.1428571683936852,0.14285719275018705,0.14285710045261693,0.14285715436048335
70,3ef013d5f0debd3c0009d499042afdfccddd172f2f3d546673ea68e2fd2e2b67,Anthracnose(102),4,0.9999999999999971,0.14285714075928935,0.14285714175128056,0.14285712755143187,0.142857153441536,0.14285716355612324,0.1428571252985921,0.14285714764174678
71,2da6cee7ddfb4df7e13f8023996282d0674cc97a82266b79363b2fb350669039,Anthracnose(102),4,0.9999999999999976,0.14285714087820817,0.1428571418177937,0.1428571284004403,0.14285715285464534,0.1428571624053016,0.142857126267836,0.14285714737577493
72,bc719ad565e44939b9132f900527f7ee569ec60cfc17934216f6e54dd0072b5e,Anthracnose(102),5,0.9999999999999006,0.14285715734652507,0.1428571503106242,0.14285725041057243,0.14285706848960292,0.1428569976237324,0.14285726640737428,0.14285710941156868
73,2858207fd6d9594cb1591ab9b20552e7160aa85c23d2ec1c45862a9b2bdeb196,Anthracnose(102),5,0.9999999999999986,0.14285714402818275,0.14285714343872472,0.14285715175522662,0.14285713670555825,0.14285713086575125,0.1428571530972226,0.1428571401093338
74,5b9d6f4568ebbc04e61f72cc08f8544c7e6d4d2071890f18bdca40b37f44cbc4,Anthracnose(102),4,0.9999999999999769,0.14285713592343868,0.1428571392575732,0.14285709171690691,0.14285717821953492,0.14285721195206152,0.1428570841396144,0.1428571587908703
75,8b882053c72fc295ef9e426dfbeb193d8f2caf317a01bb71c76957aa22f46aee,Anthracnose(102),4,0.9999999999999976,0.14285714099365915,0.1428571418664929,0.1428571293469411,0.1428571522003516,0.1428571611380471,0.1428571273657116,0.14285714708879657
76,a2f6a97a093305d1550915573f4855505fc681212c5a9a71c317c85da30b8162,Anthracnose(102),4,0.9999999999999922,0.1428571389865505,0.14285714084482115,0.14285711435615242,0.14285716256549127,0.1428571813695548,0.1428571101346943,0.14285715174273558
77,bfdd8450c1d8abe464a06e9d5ebda7254472166b3158ea5e3e7f4a7fd7155699,Anthracnose(102),4,0.9999999999999977,0.14285714100972277,0.14285714187355122,0.1428571294627953,0.14285715211997116,0.1428571609815856,0.14285712750091162,0.1428571470514624
78,973ddf619d81b1afbe19055b63fc686f960d76d7e303ca7f543fad3183261198,Anthracnose(102),4,0.9999999999999828,0.14285713689971402,0.14285713977201642,0.14285709884338968,0.14285717329138997,0.14285720231481164,0.1428570923150965,0.14285715656358178
79,cb3a47e744eb9bafad547c5875d6d98a02c241fd457c7c946c3f20e45284ad2e,Anthracnose(102),5,0.9999999999999931,0.14285714642701186,0.14285714466790925,0.1428571695996455,0.14285712436710252,0.14285710677447697,0.1428571736006075,0.1428571345632464
80,eb6a5f2204b981afd6508cebc29134f10a54a6500caea2c65df24d7397c588c0,Anthracnose(102),4,0.9999999999999735,0.14285713541846945,0.1428571390046044,0.14285708789834856,0.14285718085948707,0.14285721710023983,0.14285707974726367,0.14285715997158702
81,a01a9e9a233523ae14d183bdf3764c3e0ccfbab8c44ead132f24782452c58286,Anthracnose(102),4,0.9999999999999805,0.14285713650549878,0.1428571395642883,0.14285709596356594,0.1428571752828218,0.14285720620900622,0.1428570890115062,0.14285715746331282
82,53b45a4e974e864151010bcd544dedf0a3e82773a9c9f18ae0d6b0a1a6082cd6,Anthracnose(102),5,0.9999999999999893,0.14285714741991243,0.14285714519367054,0.14285717685293894,0.14285711935179504,0.1428570969656388,0.14285718191723445,0.14285713229880984
83,ca89f85e2b4dca162df0ac5f41c709c97b911bd20d085e2daffced760c608a6a,Anthracnose(102),4,0.9999999999999791,0.1428571362797449,0.14285713944817816,0.14285709429364588,0.14285717643760665,0.14285720846453023,0.14285708709279593,0.1428571579834982
84,d914801a983fa90a2f052795c9b82ff373000317da2f1ff3b18b84b80ea7cc52,Anthracnose(102),4,0.9999999999999855,0.14285713742634581,0.14285714003956462,0.14285710278235317,0.14285717056789077,0.1428571969994413,0.14285709684313444,0.1428571553412699
85,a593910c96e80e9cbaff3ed8b8a97207be01ba860c9028cd208632aeaf61272c,Anthracnose(102),4,0.9999999999999789,0.14285713621942092,0.14285713941513145,0.1428570938621042,0.14285717673601206,0.1428572090492239,0.14285708659911378,0.14285715811899374
86,aeba464259d7ae528fef09eaabd5736ae27beb90f23e3fd420e25130cd6a6213,Anthracnose(102),4,0.9999999999999957,0.14285714002623232,0.14285714137154829,0.14285712211694093,0.14285715719891964,0.1428571708958013,0.14285711905944648,0.14285714933111107
87,25eca3ec50191a7872ec3c597ebcf0c3e24564be82e88f2c03a510db5bc4b9c3,Anthracnose(102),4,0.9999999999999953,0.14285713992977628,0.1428571413085912,0.14285712157209335,0.14285715757710252,0.14285717165066344,0.14285711844280374,0.14285714951896933
88,667bd286fc83ca608fd691e2a6efb38550d5e5919d26d032f981c63834a0f7d2,Anthracnose(102),5,0.999999999999995,0.1428571458198783,0.1428571443581493,0.1428571650871044,0.14285712748758309,0.14285711286677505,0.14285716841331172,0.14285713596719815
89,843587f031469f61a1910a637fc1064de079a62eab4405b5ee157bebf76b6cd9,Anthracnose(102),4,0.9999999999999863,0.1428571375847214,0.14285714011661868,0.14285710400293838,0.1428571697241507,0.14285719535646063,0.1428570982491172,0.14285715496599297
90,31070ff0506dbf74df3cd6a0e3cd5d36315a9925bd4f8db2dcb6183ff16739fd,Anthracnose(102),4,0.9999999999999594,0.1428571336100464,0.14285713807241154,0.14285707450682095,0.14285719011938713,0.14285723518682303,0.14285706436480405,0.14285716413970698
91,02d266bb26f021470c32032d8bb250b3505de67b300b618370a0ede3f3dd0751,Anthracnose(102),5,0.9999999999999991,0.14285714321454357,0.14285714302406738,0.1428571456691939,0.14285714091337262,0.14285713907873504,0.14285714610306788,0.14285714199701963
92,6261a30632cd26d65c619d51e48bc568cc0e25763c74a098b94528b00176ed8e,Anthracnose(102),4,0.9999999999999742,0.14285713551610085,0.14285713905360953,0.1428570886382073,0.14285718034803183,0.14285721610292124,0.14285708059804106,0.14285715974308813
93,40ead8c4ecf9efea4dd351c1c2debfeb63a3658bb7f1682e6a210615fa225fd8,Anthracnose(102),5,0.9999999999999124,0.1428571564571968,0.14285714985593273,0.1428572437620326,0.14285707308618117,0.14285700659641337,0.14285725876880323,0.14285711147344007
94,f605a8032c6398efc8a327a178cb14de1da5db37dea9132f4523c723e4020b3b,Anthracnose(102),5,0.9999999999999079,0.14285715681779085,0.1428571500465664,0.14285724641338382,0.14285707125320785,0.14285700301265075,0.14285726180820535,0.14285711064819498
95,aef1ec1b5a1dd5c6ab9ac099e04fb71a7afeac149427c1d3a9c99726bdefdc7d,Anthracnose(102),5,0.9999999999999236,0.14285715555391224,0.1428571493938325,0.14285723702014957,0.14285707774747347,0.1428570156961764,0.14285725102267613,0.14285711356577974
96,c1374f61d77b18a22f54e02106734c0c6788ddb35ed4a3fee171a4ceeb925a2f,Anthracnose(102),5,0.9999999999999648,0.14285715141100316,0.14285714725713197,0.14285720632567347,0.14285709897141768,0.14285705715077432,0.14285721576763385,0.14285712311636548
97,19f83d896e15b814cb852db25a81343959504580b3e0675d34617f90cbd0b3e4,Anthracnose(102),4,0.9999999999999916,0.14285713879828613,0.14285714072858705,0.14285711313452273,0.14285716341075078,0.1428571830401634,0.1428571087497038,0.14285715213798594
98,0a18860068ccfd5e13d9bb32f2f599f139100adb8ad27892ec562f8ac243a43c,Anthracnose(102),4,0.9999999999999953,0.14285713999800592,0.14285714136267844,0.14285712186546667,0.142857157372825,0.1428571712301754,0.14285711876460494,0.14285714940624356
99,40480a267715f281b8ae1820debe400e56970c7576b126bc0f520f28da0f7cb8,Anthracnose(102),4,0.9999999999999802,0.14285713644601883,0.14285713953085524,0.14285709555589884,0.1428571755649491,0.14285720676334454,0.14285708854535303,0.1428571575935805
100,ca98756896f96b4219f363667c1ab9b547aa0bc922602119f2c3649fdf279575,Anthracnose(102),4,0.9999999999999868,0.14285713766351765,0.14285714015133588,0.14285710464321053,0.14285716928166386,0.1428571944984271,0.14285709898993118,0.1428571547719138
101,75221d776e3f05dde6026f1d39799a0f33c8c0ab1696c0a4a68f1ea7c1829633,Anthracnose(102),4,0.9999999999999852,0.1428571373401813,0.1428571399790538,0.1428571023139848,0.1428571708927327,0.14285719765167681,0.1428570963187759,0.1428571555035948
102,48ab046e600edf59372e25d8f307e1dce30e6e5b93cbc241e6c75f8be0ab5e93,Bacterial-Spot(752),4,0.9999999999999949,0.1428571397707733,0.1428571412473929,0.14285712015379023,0.14285715855610082,0.14285717353875682,0.1428571167975202,0.14285714993566567
103,858299f30f991ef5860b3da40fb790c68d29350c4c3dfb24830ae8ada54fae9c,Bacterial-Spot(752),5,0.9999999999999943,0.14285714605476757,0.14285714448528186,0.1428571667463125,0.14285712633956613,0.14285711061692863,0.14285717031516074,0.1428571354419825
104,6c0514015e7c366e4a5a06bf4ca64368927b6eb04832265c38d3dea033bdb1e6,Bacterial-Spot(752),5,0.9999999999999716,0.1428571505305739,0.1428571467952048,0.14285719987585338,0.1428571034314684,0.14285706587031116,0.1428572083667971,0.1428571251297911
105,4097d0f7327d52a3240ee4197c70ab6a6d59809e2a208105adf30c32a0ea0f1e,Bacterial-Spot(752),5,0.9999999999999375,0.14285715431237409,0.14285714874752742,0.14285722789968913,0.1428570840545631,0.14285702802260955,0.14285724055118232,0.1428571164120544
106,52466e9a00a693918eac5c6fdb17f480ec48d7f107751af820c67fd51ffeaf78,Bacterial-Spot(752),5,0.9999999999999043,0.14285715706127444,0.14285715015988837,0.14285724831544416,0.14285706993809227,0.1428570004558698,0.14285726400535584,0.14285711006407517
107,907a60c0245a6215cd18655d3f58071d11fd0eb0ee792f30cf61dad536efe702,Bacterial-Spot(752),5,0.9999999999999776,0.14285714965084514,0.14285714635057228,0.14285719329649055,0.14285710798098977,0.14285707474825754,0.14285720079987932,0.14285712717296548
108,e5c1a3a698182772be3ac4147f1ad4b6d87e22aa7397a31df25bf7a786421a2d,Bacterial-Spot(752),5,0.9999999999999828,0.14285714875715955,0.14285714588037798,0.14285718676669795,0.14285711249650243,0.14285708357782018,0.14285719330818494,0.14285712921325705
109,f5e89e8a029a6957f03c62fadb84d0722a90f0af05332d5175e7ec897d2b78b7,Bacterial-Spot(752),5,0.999999999999999,0.14285714343757236,0.14285714313574605,0.1428571473643183,0.14285713974162684,0.1428571367941623,0.1428571480524041,0.14285714147417006
110,deadbba5b224bdfb24df640ab8dbdcc6c0f2b8b629cf69135824ee12333bcdd5,Bacterial-Spot(752),5,0.9999999999999902,0.14285714721604836,0.14285714509091518,0.1428571753184579,0.14285712041270307,0.14285709903524657,0.14285718015265944,0.14285713277396944
111,f6ad3b65ec33d933b1bb54cdc62e5d74aab850783ca9fc4772d2bc6707ca506e,Bacterial-Spot(752),5,0.9999999999999657,0.14285715130910404,0.14285714720552575,0.14285720560671186,0.1428570994694549,0.14285705812496644,0.1428572149379619,0.14285712334627515
112,325014be21cc74fe21b625624314ac694aaea73561f39e18636ffc7ce15a0919,Bacterial-Spot(752),5,0.9999999999999947,0.1428571459622873,0.1428571444413125,0.14285716603460694,0.14285712683172302,0.14285711157478587,0.14285716949371094,0.1428571356615734
113,0bb310b669349a82aac67ad3d1930eb2df3a382eabb93689a6235bd4c078dcd8,Bacterial-Spot(752),5,0.9999999999999137,0.14285715635423293,0.1428571498060222,0.14285724297658925,0.1428570736293127,0.14285700765436926,0.14285725786321657,0.1428571117162571
114,15bd56e611da5a8061772fcce85203b6d5273f50d2bd786583dc7955c21a4a04,Bacterial-Spot(752),4,0.9999999999999991,0.14285714218707654,0.14285714249785386,0.14285713801307068,0.14285714620694795,0.14285714941372624,0.14285713730656585,0.14285714437475874
115,0c234eb7e69c4981dcca060bbb41e1f296bb4e21e11946cb14818442a3ae5424,Bacterial-Spot(752),5,0.9999999999999899,0.14285714730498364,0.1428571451210998,0.14285717609966178,0.14285711987257096,0.14285709799530766,0.14285718106612386,0.14285713254025223
116,6bb18d66df9445e928aea45a3ffc359b84f64211425fd6cb3297c1d5e0a2e525,Bacterial-Spot(752),5,0.9999999999999474,0.14285715336704108,0.14285714826022855,0.14285722088597552,0.14285708890408005,0.14285703749403628,0.14285723249563984,0.14285711859299874
117,d2e0509f425af8f13c9d018be481ddcc15d034fd1e25e3df24acf9d77451ecef,Bacterial-Spot(752),5,0.999999999999985,0.14285714832074026,0.14285714565026025,0.14285718356718982,0.1428571147087191,0.14285708790330562,0.14285718963885682,0.1428571302109281
118,aa1a1cb5f11e0ebdc5e15da320b3153aa5e5e50d36fe836dea9d696c85d55bc9,Bacterial-Spot(752),5,0.9999999999999988,0.14285714387226434,0.14285714335209454,0.14285715065091287,0.14285713746920178,0.14285713236345257,0.14285715183509434,0.14285714045697961
119,8f4674bb8ddd82b3f1691b1c4ac497ad12d5928da750ac9d37ef697c58ee736f,Bacterial-Spot(752),5,0.999999999999948,0.142857153293983,0.14285714823154894,0.14285722025323705,0.14285708934112049,0.14285703833790717,0.14285723176102877,0.14285711878117466
120,bd1eb56995967cc2fd0d05a0c992dbea937e1eb8e30144f7467ff2fbea8ac357,Bacterial-Spot(752),5,0.9999999999999749,0.14285715006179414,0.14285714655343867,0.14285719641900946,0.1428571058220695,0.1428570705405354,0.14285720439523567,0.14285712620791716
121,cb78dff27c7cb5dbb1633e52f1c28d3aebe1f16b5bed6535619c1ae524191f40,Bacterial-Spot(752),5,0.9999999999999348,0.14285715456650758,0.1428571488808466,0.14285722975441764,0.1428570827718634,0.14285702551453877,0.1428572426798718,0.14285711583195432
122,6dfc577f199074011891af23a0fb219d634abfc86bb618faa56ee78c49e55f67,Bacterial-Spot(752),4,0.9999999999999984,0.1428571413545782,0.14285714205629188,0.14285713196464747,0.14285715038971503,0.14285715759655646,0.14285713037045605,0.14285714626775495
123,5b70c33067970db2c1e0ecb4782b04a3f37e9cacca404fe965b1fa28a6de9feb,Bacterial-Spot(752),5,0.9999999999999702,0.14285715070679283,0.14285714689146792,0.1428572011705675,0.1428571025368663,0.14285706411948554,0.14285720984624914,0.14285712472857084
124,259da5c39b0912d8f77d287d5ffb09773cb3182b26e647e6f688a670b1453f0e,Bacterial-Spot(752),4,0.9999999999999961,0.14285714029135274,0.14285714151283793,0.14285712405381384,0.14285715585980363,0.14285716827633646,0.14285712127887365,0.1428571487269818
125,6587ff6a6f79c156fbfceaf280d76aea71124b4b029a566805f70cbb75162c26,Bacterial-Spot(752),5,0.999999999999994,0.14285714622515888,0.1428571445885677,0.14285716785428224,0.142857125572692,0.14285710910246058,0.14285717157415037,0.14285713508268813
126,c3582fda2c562cc4f6f230778868cd8ddc9d1564b1c4f0159215b9365bb3ffa1,Bacterial-Spot(752),4,0.9999999999999992,0.14285714240346015,0.142857142611756,0.14285713959323285,0.1428571451142126,0.14285714727695423,0.14285713911946085,0.1428571438809233
127,fb900a151a1adbde17aaa0b5edce371399c6474abaa8ae9e15ebf413e4835266,Bacterial-Spot(752),4,0.9999999999999746,0.1428571355964436,0.142857139104262,0.1428570891336415,0.14285718000484812,0.14285721542226626,0.14285708115943777,0.14285715957910072
128,030fc1553314dac97aabae497ebce0eb735cb475f880ed752db761fb11624fbc,Bacterial-Spot(752),5,0.9999999999999909,0.1428571470864374,0.14285714505130914,0.14285717404891307,0.14285712128843348,0.14285710071439756,0.14285717867282938,0.14285713313768
129,a1012b524ae0a91929be0866cf19d70413f114a5c38e50fc3d508bace9cbd99d,Bacterial-Spot(752),5,0.999999999999999,0.14285714355576418,0.1428571432172127,0.1428571480198568,0.14285713928702423,0.14285713588336257,0.14285714878818478,0.1428571412485948
130,235cbfa8f4e10ceacfe20c7b3852c330151e69a22ba1718cca376cd873dec9a8,Bacterial-Spot(752),4,0.9999999999999795,0.14285713632420138,0.14285713947788706,0.14285709454489307,0.14285717626332456,0.14285720811629304,0.14285708737606215,0.14285715789733872
131,12bcde2cf9e3305e4cae12f324d2a46bcc2c676dafdaf054a16ddf4f21257207,Bacterial-Spot(752),4,0.9999999999999889,0.14285713815944512,0.14285714042538214,0.1428571081351525,0.1428571668662428,0.14285718976099715,0.1428571029845038,0.14285715366827653
132,036e5a72b4ae0e81b3004014757c5911f3aa04526bf11d3a6f3d2228fb65bfcc,Bacterial-Spot(752),4,0.9999999999999777,0.14285713604600803,0.14285713933696798,0.14285709245863482,0.14285717770576603,0.14285721093094364,0.14285708497753116,0.14285715854414852
133,fef45d6b12ef2dd5dc42bf4bbac9ada9a46027074e16245b0a370064da710e1f,Bacterial-Spot(752),4,0.9999999999999807,0.14285713651389217,0.14285713957174512,0.14285709599152543,0.14285717526326566,0.14285720616732472,0.14285708904105057,0.1428571574511964
134,a897c042610487adfbff5755bdbba72e8e1ac9fde01ee6001ae723587b054193,Bacterial-Spot(752),4,0.999999999999968,0.1428571346670121,0.14285713861822155,0.14285708232035518,0.14285718471640038,0.14285722463240888,0.14285707333936115,0.14285716170624074
135,76299a4c6ba94ec8ddeb3f0f177e7cd6d9966c55f7352c98b8350cbe8fc7bb97,Bacterial-Spot(752),5,0.9999999999999987,0.14285714392097054,0.1428571433952139,0.14285715084453807,0.14285713733470878,0.1428571320820576,0.14285715204068444,0.14285714038182654
136,0a1daf4c0b6f3558cc36011fa436e25e3026c45004675d8ed32c8fd87d60b161,Bacterial-Spot(752),4,0.9999999999999958,0.14285714007629144,0.14285714140647715,0.14285712242645762,0.14285715698507762,0.14285717046995128,0.14285711940490115,0.14285714923084378
137,fb22d45e69ef33e6d54ddcebb248fb8d98b91e533b221ae64bdea0b9b576b5a6,Bacterial-Spot(752),4,0.999999999999978,0.1428571361207352,0.1428571393774728,0.14285709300183144,0.14285717733026784,0.14285721019591455,0.1428570855990865,0.14285715837469173
138,8c5ec9cde7f5a5fa84961c5a4552b16ecbf329524c61a29eb7526cb42e977c6d,Bacterial-Spot(752),4,0.9999999999999888,0.14285713816291254,0.1428571404405752,0.14285710802147417,0.142857166944082,0.14285718989825966,0.14285710284241626,0.1428571536902802
139,14edf8ec0bd2c2ed2b7d87ce5df61062c4dcef05f889467880f1017070800aa4,Bacterial-Spot(752),4,0.9999999999999822,0.14285713678641873,0.14285713971802175,0.1428570979546663,0.14285717390558295,0.1428572035094079,0.14285709129072785,0.14285715683517458
140,d9b4a6568f87d8765d4cc63465b06495745a538b29dc51671ba64e0a3dc337db,Bacterial-Spot(752),4,0.9999999999999907,0.14285713855536752,0.14285714063259852,0.142857111036847,0.14285716485966551,0.1428571858384016,0.1428571063147594,0.14285715276236044
141,c04591f964a4c06637139bb4818258df71ce0f3fda614996a6dab3f289cae9a5,Bacterial-Spot(752),4,0.9999999999999766,0.14285713589220808,0.1428571392627676,0.14285709126859,0.14285717852840155,0.14285721253221634,0.14285708360608812,0.14285715890972836
142,fb2e1222afce16c30923a5f43d0d8440a3b4106227c8d8463d512d8b7c5e7d68,Bacterial-Spot(752),4,0.9999999999999944,0.1428571396314115,0.14285714118799409,0.142857118998893,0.14285715935409682,0.14285717508414922,0.14285711545982147,0.1428571502836339
143,6ba562fd2a5d6fcb2a6037a7c9dcbaf409f58add812b23d9a69a85f82ddefb46,Bacterial-Spot(752),4,0.9999999999999848,0.14285713727618465,0.14285713997231322,0.14285710156555392,0.14285717140870482,0.1428571986306423,0.14285709543667574,0.14285715570992544
144,8a9f784a35ddbbf8d13eb29f1a14873f276c48625a825bafdea7d701b81881e2,Bacterial-Spot(752),4,0.999999999999988,0.14285713794754407,0.1428571403150519,0.14285710656878464,0.1428571679492285,0.14285719187702892,0.14285710118679001,0.14285715415557196
145,298cbb353e435c5fc8217805d52f91d6687587dab27df480877117003518b5b9,Bacterial-Spot(752),4,0.9999999999999934,0.14285713933423067,0.14285714103912586,0.14285711675985083,0.14285716090223047,0.14285717810357795,0.14285711288375066,0.1428571509772336
146,87c789eb151e620cf93d48fa0d738261ab7396714dd1da4e2822da5ed3a9dd76,Bacterial-Spot(752),4,0.9999999999999989,0.14285714189506077,0.14285714236642863,0.14285713567539404,0.14285714782277703,0.142857152550089,0.1428571346033863,0.14285714508686426
147,ebd7c5baa89fa5bc0c537fb26a08e640abcb7fe103580e771992cdf43401c3be,Bacterial-Spot(752),5,0.9999999999999972,0.14285714491426682,0.142857143922565,0.14285715805788357,0.14285713234634811,0.1428571223227942,0.1428571603121527,0.14285713812398948
148,00b974f849d83ded15824b38f280cd6652b1f283489b6a17bf3c19db179f8c95,Bacterial-Spot(752),4,0.9999999999999756,0.14285713573381892,0.14285713917747028,0.14285709013108946,0.1428571793151062,0.1428572140726987,0.1428570823027833,0.14285715926703307
149,fa5fdbb476d371382ce6f07ab01357346cedb43c4ae0790358e78d3023e0dbd6,Bacterial-Spot(752),4,0.9999999999999796,0.14285713635363712,0.14285713949495132,0.14285709475139066,0.14285717612060034,0.1428572078358875,0.14285708761108984,0.14285715783244324
150,47c423adb7e7b71938c361aa3683a8201e5c427965a0753c58bc021b854a94c0,Bacterial-Spot(752),5,0.999999999999994,0.14285714620182693,0.1428571445760034,0.1428571676862161,0.14285712568890782,0.1428571093299963,0.1428571713816003,0.14285713513544918
151,f365c651fd70aa0a68e7f94c9c66dbd213dfe59f03375461caa958c076ae367d,Bacterial-Spot(752),4,0.9999999999999741,0.14285713551518212,0.14285713906180705,0.14285708854081056,0.14285718041487194,0.14285721622392006,0.14285708047875142,0.14285715976465685
152,1425c426f3b23af30eeb9e08db73ee04a48d831b4939d4bff7f63a218c53b765,Bacterial-Spot(752),4,0.9999999999999917,0.1428571388455505,0.1428571407780729,0.14285711323111536,0.14285716334267803,0.14285718288006008,0.142857108838584,0.1428571520839391
153,4fd5b6c378cc095170f5ac033de50819a54c95a7b75b3f996550dd8752fc9213,Bacterial-Spot(752),5,0.9999999999999689,0.14285715090978524,0.14285714701559968,0.14285720246812195,0.14285710163845158,0.14285706234314746,0.14285721132017584,0.1428571243047183
154,9866a52283531cdebd1007328fdb54a5e36e02fa0f73f17ca3ae15fc016f7fd6,Bacterial-Spot(752),5,0.9999999999999951,0.14285714581704687,0.1428571443803954,0.14285716480439337,0.14285712768137376,0.14285711321852093,0.14285716806927098,0.14285713602899872
155,d5f4d826974f2d1e60eedc71e86369dd79102aa09937f54caff5e80857d814bf,Bacterial-Spot(752),4,0.9999999999999961,0.14285714031611105,0.1428571415407949,0.14285712407815176,0.14285715584208158,0.14285716822500882,0.14285712129384898,0.14285714870400293
156,1e5f0665f41cedffb0cb27d3293a28d384a89d8ac8b98502286469d25d803ca0,Bacterial-Spot(752),4,0.9999999999999951,0.14285713985879242,0.14285714129777802,0.14285712075812326,0.1428571581380271,0.14285717271693765,0.14285711748707763,0.14285714974326388
157,3b0cb7c0b59fa67988587ce58ef28e727f766ed8308386540a8eb293b60ad9d1,Bacterial-Spot(752),5,0.9999999999999728,0.1428571503307802,0.14285714670071076,0.1428571983249295,0.1428571045037556,0.14285706795630662,0.14285720657686568,0.14285712560665165
158,0041a5045f01e89035ea2fd705b63bade00b4fa33ba70567830dd927e74d4d4f,Bacterial-Spot(752),4,0.9999999999999986,0.14285714144438658,0.1428571421067419,0.142857132587639,0.1428571499587258,0.14285715675020458,0.1428571310824127,0.14285714606988956
159,ad67513af3f296a2ccae5b8eb654e25562bae19291259b02025fdaf81c824420,Bacterial-Spot(752),5,0.9999999999999503,0.14285715309815478,0.14285714814058345,0.14285721870790735,0.14285709040927946,0.1428570404137367,0.14285722997680142,0.14285711925353684
160,6b014df65b042a04e02380daa0d9cf81a6473e35c4996a77292106a5955d1d05,Bacterial-Spot(752),4,0.9999999999999949,0.14285713980226544,0.14285714127345103,0.14285712029599865,0.14285715845742972,0.14285717333590117,0.1428571169516951,0.14285714988325884
161,8bab5b2bc2abf9b1fc8c8ec630b5512da8a26b435f9deeb3bf9014eeb531f90b,Bacterial-Spot(752),4,0.9999999999999941,0.14285713952171414,0.14285714112586312,0.1428571182378736,0.14285715988050218,0.14285717611806603,0.14285711459090314,0.1428571505250779
162,995a5c5a079ae5a5f305e1ff397362a8f7fde5abc9d0d35c56ff8b7ebd3f3d09,Bacterial-Spot(752),4,0.9999999999999938,0.14285713947290019,0.14285714110370631,0.14285711784493546,0.142857160152031,0.14285717664512335,0.14285711413698318,0.14285715064432059
163,c556da99dbf3701cba624bd294cd1a97463f1c0666c02652bb41a16ecca43335,Bacterial-Spot(752),5,0.9999999999999963,0.1428571452675549,0.14285714410326703,0.14285716067325852,0.14285713053763496,0.14285711879074417,0.14285716331859838,0.14285713730894212
164,1757c856cab4514637d2a81f834b1b99429d7fc509b29cbb9430b68acc7951b3,Bacterial-Spot(752),4,0.9999999999999811,0.1428571366154895,0.14285713963993452,0.14285709658465465,0.14285717485233235,0.14285720534760052,0.1428570897084459,0.14285715725154258
165,9be0ff5967de0f6fe5d63f109ce21cd13307bac35c7aca9abde7b98eaf6bcdd7,Bacterial-Spot(752),4,0.9999999999999967,0.14285714055172113,0.14285714166699043,0.14285712578496387,0.14285715466182716,0.14285716591511483,0.14285712324957864,0.142857148169804
166,5e6fa820e2fbd764b03d15d4984bf020381107e7305fa42463b59dda6bc9c9e7,Bacterial-Spot(752),5,0.9999999999999798,0.14285714928170495,0.1428571461502428,0.14285719064435326,0.14285710981496735,0.1428570783401699,0.14285719776360112,0.14285712800496067
167,e00876908436aebc909015e36e8c828a9b6501db9c2fbf42fceb0e13fc95e876,Bacterial-Spot(752),4,0.999999999999976,0.14285713580827808,0.1428571392142653,0.1428570907000678,0.14285717892178526,0.1428572133062679,0.14285708295764407,0.14285715909169144
168,dc725fe3c26498589ef0e3552a11e2b20b9c461be93314fac6ab880a37814708,Bacterial-Spot(752),4,0.9999999999999983,0.14285714129115856,0.14285714204330896,0.14285713130431826,0.14285715084547715,0.14285715846593272,0.14285712959409697,0.14285714645570755
169,a54e77335cadab76b351e1772c211913bb9459272beb1917f7e47730d08072bc,Bacterial-Spot(752),4,0.999999999999993,0.14285713919232543,0.14285714094606847,0.1428571159046537,0.14285716149448585,0.14285717928160496,0.14285711191924422,0.14285715126161744
170,096af4bca67a544705b6a865b9e18df1f0539c67cee0b736b7b4e50fbe0c21cc,Bacterial-Spot(752),4,0.9999999999999981,0.14285714122329818,0.14285714200934418,0.1428571307806687,0.14285715120729248,0.14285715917089412,0.14285712899243033,0.14285714661607202
171,79b25a73bf60412d55aadfe2b6f16365e2980bdadd9f76124ebc2ee1be6ed00a,Bacterial-Spot(752),4,0.9999999999999699,0.14285713490130858,0.14285713874309744,0.14285708400993605,0.14285718354780344,0.14285722234520662,0.14285707527679767,0.14285716117585012
172,e02876d00b1fc2d2f9b871275eafc336804c7e784916374d5eaa5440e1e9680a,Bacterial-Spot(752),5,0.9999999999999961,0.14285714543075304,0.14285714417344617,0.1428571620224278,0.1428571296054237,0.14285711698503187,0.14285716488060038,0.14285713690231705
173,cffb118890aa469c663c8b1fe64991e43afc7fe696dd00d628de0fab28e37317,Bacterial-Spot(752),4,0.9999999999999991,0.14285714243755296,0.14285714263688373,0.14285713977086134,0.14285714499101984,0.14285714702829633,0.14285713931679475,0.14285714381859108
174,16ae9d87231a75b27109125da54dd96f560e49921ee52ccae9184e757318d54a,Bacterial-Spot(752),4,0.9999999999999902,0.1428571384444487,0.14285714056553447,0.1428571103086273,0.14285716536357582,0.1428571868329581,0.1428571054873878,0.1428571529974678
175,5ac7de980f01458a3d4155d7eba30cd1276287c81f3a2e947f66b3e21d8f4e60,Bacterial-Spot(752),4,0.9999999999999971,0.14285714077948092,0.14285714177685915,0.1428571275338691,0.14285715345261246,0.1428571635606158,0.1428571252660215,0.14285714763054094
176,6a587345f2ea27e5390e1214f7d21a5f3edab2acee0a4348fb9750d0505c9cae,Bacterial-Spot(752),4,0.9999999999999971,0.14285714080062495,0.14285714180437523,0.14285712752916604,0.14285715345514013,0.1428571635479646,0.1428571252456146,0.1428571476171144
177,1c81c199d05cb49ecef956cf2830b21e4a4281be98b554f5d6b51c45052f9593,Bacterial-Spot(752),4,0.9999999999999937,0.14285713943332526,0.14285714107242722,0.1428571176618915,0.1428571602791599,0.1428571769052135,0.14285711393626097,0.14285715071172164
178,6a0b04ec21073d2ae0de8dc120b235ced48b2629889e0fe2e0fc2bae1aa926b0,Bacterial-Spot(752),4,0.9999999999999937,0.1428571394238734,0.14285714107225256,0.1428571175542308,0.14285716035356813,0.14285717704599488,0.14285711380781532,0.14285715074226493
179,1ecdc126eb746a8d6ccc42d48244d6d65694a4d24e0da560724a57595365d873,Bacterial-Spot(752),4,0.9999999999999963,0.14285714035294864,0.14285714156359766,0.14285712431638203,0.1428571556772429,0.1428571678991048,0.14285712156387223,0.1428571486268519
180,ab14990bd88a2c73adcf5c534ba14c3caa2a1b549a21ae85ec87a5890d30e35e,Bacterial-Spot(752),4,0.9999999999999988,0.142857141828117,0.14285714230656524,0.14285713542123643,0.14285714799951593,0.14285715292198764,0.1428571343346861,0.14285714518789164
181,8e089835704d27f422de6f40847b6346af287247d8023cf2ca78c17ab0e93f2d,Bacterial-Spot(752),4,0.9999999999999829,0.14285713695674535,0.14285713980127115,0.14285709926497006,0.14285717299983758,0.14285720174539027,0.14285709279962258,0.14285715643216298
182,7ef6dec5255c314ef487580dcd99607b2ab70aa921fc6ad335a8ee4368b90ae6,Bacterial-Spot(752),5,0.9999999999999806,0.14285714911339312,0.1428571460574933,0.1428571894805856,0.1428571106204685,0.1428570799210737,0.14285719643057468,0.14285712837641104
183,d89ddd85e5ab4993c098447ee11614e9bee6a9402d25a18316d0f77b19d9617f,Bacterial-Spot(752),4,0.9999999999999807,0.14285713651514026,0.1428571395695378,0.14285709604280214,0.14285717522823815,0.14285720610268757,0.1428570891015699,0.1428571574400241
184,915834599ada82fb873397c39bbd52a2aa6ff165b5fefbca1ab1f39816e0788a,Bacterial-Spot(752),5,0.9999999999999336,0.1428571546862645,0.14285714894474424,0.14285723063043376,0.14285708216624254,0.14285702432987135,0.14285724368349426,0.14285711555894934
185,a0e3b5232d7ee294c058a0d113df29a756785d46b672339166bd14b574b65251,Bacterial-Spot(752),5,0.9999999999999694,0.14285715083285747,0.14285714694754714,0.14285720217511483,0.142857101842301,0.14285706277147386,0.1428572110092272,0.14285712442147844
186,5445c2489944d73fd09213099b1e587cbb4465417467784cd23fac4654db28f5,Bacterial-Spot(752),5,0.9999999999999465,0.1428571534647222,0.14285714831616556,0.14285722157608607,0.14285708842708986,0.14285703655757662,0.1428572332818955,0.1428571183764643
187,f0c8fdb0bbb321663ff40a06ee6ddc35e91cecfbadecfaccc7b77bf9ff753d9c,Bacterial-Spot(752),5,0.9999999999999772,0.14285714969963187,0.14285714636524935,0.14285719375559025,0.14285710766390353,0.14285707413982587,0.14285720133694707,0.14285712703885212
188,a50019c9e67ec41a7e3f6403e3e50df7944d425267727f2a56022e389174c636,Bacterial-Spot(752),5,0.9999999999999188,0.1428571559493982,0.14285714959715992,0.1428572399849041,0.14285707569808792,0.14285701169556062,0.1428572544266185,0.14285711264827072
189,9d7102ff9516f7b5df1c81953fd92b078faeb28fe3ef6cdae8b314c59ceaaf7c,Bacterial-Spot(752),4,0.9999999999999953,0.1428571399033854,0.1428571413199552,0.14285712110291127,0.1428571578997866,0.14285717225285438,0.14285711788342478,0.14285714963768228
190,b42054ba9fcb16fb1c160a92687cbcaf6b1a3e3af5fa7b614bc15a54ee10ab17,Bacterial-Spot(752),4,0.999999999999991,0.14285713864433708,0.1428571406696499,0.14285711179147095,0.14285716433845497,0.1428571848302966,0.14285710718885317,0.14285715253693734
191,40aca97ce48939265d45bef95671e95670140b86b7b28999420b1c4e7b0f1fe3,Bacterial-Spot(752),5,0.9999999999999978,0.14285714448393333,0.14285714368266947,0.14285715503623445,0.1428571344362997,0.1428571264235434,0.14285715685830022,0.14285713907901948
192,dfc90a637d5d72318a4aeec38f3dd43fb81f42b06b90055188c72c1a0c63bd7f,Bacterial-Spot(752),4,0.9999999999999882,0.14285713796867314,0.14285714031724017,0.14285710682279198,0.14285716777423596,0.14285719154518725,0.1428571014855577,0.1428571540863139
193,c6ab0b6906047318997627892ca1182d1343687a1c988a1a6db1dc25f0d68795,Bacterial-Spot(752),4,0.9999999999999838,0.14285713707661907,0.142857139856582,0.14285710021687903,0.1428571723419214,0.1428572004672814,0.14285709389883167,0.14285715614188546
194,1c4ba79802fd256a90e3750da8769d3aee5488f7eccfaba9a50dc3792367f3c4,Bacterial-Spot(752),4,0.9999999999999905,0.14285713849502635,0.14285714059169508,0.1428571106938083,0.14285716509746962,0.1428571863137719,0.14285710592900105,0.14285715287922768
195,ae618b2b25ad2eda92854cc0bc8d8db2801a94d86499f3b3e8a803dc7f147ea7,Bacterial-Spot(752),4,0.9999999999999942,0.14285713954468687,0.14285714113448092,0.14285711845152796,0.14285715973316024,0.1428571758343919,0.14285711483842634,0.14285715046332575
196,4789bc58b53a2f033adfcd3a03149f023c12f59b624796366fea114e83d56311,Bacterial-Spot(752),4,0.9999999999999976,0.14285714106385183,0.1428571419507607,0.14285712939335973,0.14285715216603473,0.1428571610197312,0.14285712737604034,0.14285714703022148
197,51133c4e59034caf978f277493e503d54e92b7a761b57f610f358e12854f1212,Bacterial-Spot(752),5,0.9999999999999964,0.14285714526134896,0.14285714406663239,0.1428571609775477,0.14285713032920447,0.14285711842045742,0.14285716369663568,0.14285713724817353
198,e8264e01272c2b154787e534ff1ba761e770c949ba846b7ffb4fb89ed830e6b0,Bacterial-Spot(752),5,0.9999999999999968,0.1428571451741918,0.14285714404100985,0.14285716014843114,0.14285713090177318,0.14285711951851723,0.14285716272655033,0.14285713748952647
199,771bcbc1e788a72984526b57e5f76eaedc3f6e90f0aa912abe578fd0024f56fa,Bacterial-Spot(752),5,0.9999999999999967,0.1428571451608341,0.14285714402545335,0.14285716014068603,0.14285713090764213,0.14285711953953692,0.14285716272502355,0.14285713750082385
200,ac1d779c5bd568dfc716b5ca86d340935e3fddbe6929277d462296ac5b7e6c50,Bacterial-Spot(752),4,0.9999999999999941,0.14285713948231815,0.14285714109026193,0.14285711811916507,0.14285715996376075,0.14285717629824649,0.14285711446673555,0.14285715057951215
201,03073894a1cbf14826ef6fd0d105de0d42d81fa2d48fca235d2bd4ea32e68f83,Bacterial-Spot(752),4,0.999999999999994,0.14285713951755347,0.14285714111038156,0.1428571183543966,0.142857159800877,0.14285717597768374,0.14285711473561166,0.142857150503496
202,b5c361df90e3d81a7d78005c71580f7b4459298a444c52268c22d9bc398a3d68,Bacterial-Spot(752),4,0.9999999999999882,0.14285713799872063,0.14285714033998134,0.1428571069707529,0.14285716767153445,0.14285719133660077,0.1428571016492237,0.14285715403318616
203,08a59bea56280b1bb4ab2c44bd477dca8f32cc1aa5fef29986ddccb47d877ae5,Bacterial-Spot(752),5,0.99999999999999,0.14285714727856466,0.1428571451175893,0.14285717583026425,0.14285712005893242,0.142857098349898,0.1428571807459137,0.14285713261883776
204,ca5f512d22dd161bfd9ba58f9468c946a3024c824a539eb4ac91b2b98c8cf79f,Bacterial-Spot(752),5,0.9999999999999057,0.14285715698689652,0.1428571501366023,0.14285724763395646,0.1428570704090029,0.1428570013605324,0.1428572632079177,0.1428571102650918
205,a8fe80349a397ac750123883848396ad13a34406156e7fb170341e67e049e947,Bacterial-Spot(752),5,0.9999999999999484,0.14285715324368345,0.14285714819122952,0.14285722003574905,0.14285708949245354,0.142857038649546,0.14285723152317958,0.14285711886415886
206,fb5fa516100141749d280b51cd3d266407a56e6d57dab2efe529e723dc874ac9,Bacterial-Spot(752),5,0.9999999999999978,0.1428571444589306,0.1428571436627533,0.14285715491724899,0.14285713451883233,0.14285712659209399,0.14285715672812643,0.1428571391220143
207,61066aeb98e032cdd7dbcccd72d1cc9c7a2da9025974346c686a2e8e446b5f3d,Bacterial-Spot(752),5,0.9999999999999922,0.14285714672947872,0.1428571448443556,0.14285717163949468,0.1428571229557017,0.14285710399591428,0.14285717592522498,0.14285713390983007
208,0252ddcca2cac25fa8f77b98d83cac862aee778a8399a08e661ab8eae62f18e6,Bacterial-Spot(752),5,0.9999999999999989,0.1428571437299846,0.1428571432840598,0.14285714955511342,0.14285713822688967,0.1428571338382484,0.14285715057096063,0.14285714079474351
209,ff8d6358bdb4c341b3f539d7e950c4a5d8b342e1495fcb0798da969304f8aa86,Bacterial-Spot(752),5,0.9999999999999709,0.14285715060377677,0.142857146821882,0.14285720055579026,0.14285710296242812,0.14285706496751718,0.14285720915576655,0.1428571249328391
210,4b20096a6dd258330f1b0587721192c9dee3c61451fb68ed8da6b52da2c8d0a4,Bacterial-Spot(752),4,0.9999999999999988,0.1428571417832111,0.14285714227493476,0.14285713518525017,0.14285714816335732,0.14285715325175768,0.14285713407033085,0.14285714527115814
211,c0d15011e320af8a621297b842e4a509c8c3d10b63c9ed3f43032789f1786d06,Bacterial-Spot(752),5,0.9999999999999967,0.1428571451269595,0.1428571439945635,0.1428571600083087,0.1428571309995093,0.14285711973256351,0.14285716258588793,0.1428571375522076
212,253ebc73ea648bbd4192fde4fa9e6744d815f1aac544037803fc7c47158ad4ee,Bacterial-Spot(752),4,0.9999999999999987,0.14285714162608631,0.1428571421891239,0.14285713405670863,0.1428571489436761,0.142857154780341,0.14285713277915177,0.14285714562491234
213,f6e2f7f2d7c14049d07ea9f94152ee9c56a8f6afb417719d3064b5eb5c65ce82,Bacterial-Spot(752),4,0.9999999999999828,0.14285713690156995,0.14285713976874506,0.14285709889252188,0.14285717325748337,0.1428572022526992,0.14285709237572636,0.14285715655125425
214,8da7061c80ba2158574964abe8bfd8b7d4743786b508cccbea5c5d01835aaf5f,Bacterial-Spot(752),5,0.9999999999999899,0.14285714729032944,0.14285714512545103,0.14285717586782473,0.14285712003221018,0.14285709829404383,0.14285718078958237,0.14285713260055827
215,d177b0b1cf6f29377e24d652a28a7d8651681434be3b5841fb189265ca763bff,Bacterial-Spot(752),5,0.9999999999999986,0.14285714413554154,0.14285714348253173,0.1428571526693155,0.14285713607412706,0.14285712964509195,0.14285715415715786,0.14285713983623444
216,959072340b1200d5a1a3eb3dda13d0d10cc85285e2ce4720294e52d11289ed0f,Bacterial-Spot(752),5,0.9999999999999866,0.14285714803668836,0.14285714550465542,0.14285718147995738,0.14285711615246433,0.14285709072363653,0.14285718723895327,0.14285713086364485
217,4adde1744d559f72d97f3d8e51e63b8f54866565faca9819965687391581629a,Bacterial-Spot(752),5,0.9999999999999987,0.14285714404769276,0.14285714343655434,0.1428571520250775,0.14285713651962265,0.1428571305159386,0.1428571534177912,0.142857140037323
218,a993029b617016c9d19efae81ec66a035e694d0510823c7695a1e3b38a500159,Bacterial-Spot(752),5,0.9999999999999973,0.14285714477916264,0.1428571438199392,0.14285715738724108,0.14285713281169463,0.14285712326726266,0.14285715957097347,0.14285713836372635
219,55dcb4982211b19cb90523255b01f2c839eab023cd336cf0ae241db5ff1300d1,Bacterial-Spot(752),5,0.9999999999999992,0.14285714323928242,0.14285714302851502,0.14285714593076318,0.14285714073281588,0.14285713873471467,0.14285714641118322,0.1428571419227256
220,4b28fed650be462f4db9ec009b32febb49b8fd1505c4817169709d1272fb1807,Bacterial-Spot(752),5,0.9999999999999986,0.14285714410564498,0.14285714347068373,0.1428571524095157,0.14285713625353613,0.14285712999154312,0.14285715385577097,0.14285713991330531
221,1004293482e1db45f76a8d5a3dcbc8378d18b0bb130c172a344cb72531613635,Bacterial-Spot(752),5,0.999999999999986,0.14285714817197928,0.1428571455804738,0.14285718242129627,0.14285711550125396,0.1428570894452095,0.14285718831484684,0.14285713056494037
222,82b5fe994bd70f7bceb43e9b52524a803482dce8d30edd6ee4fad7467e286230,Bacterial-Spot(752),4,0.9999999999999675,0.14285713458725074,0.1428571385697028,0.14285708181829823,0.14285718506423176,0.14285722532052353,0.14285707276824108,0.1428571618717519
223,ff08ecf9df90f8003a34b0f6eba5ac71f880a5132b6a4f3e6ba5c22826306db6,Bacterial-Spot(752),4,0.9999999999999876,0.1428571378320311,0.14285714024590432,0.14285710582172234,0.14285716846653135,0.14285719289843574,0.1428571003363371,0.14285715439903807
224,f0582ce45f81aa4661c4b3375479b9c79febc50803a92bcd57401487bd8c67a4,Bacterial-Spot(752),4,0.9999999999999992,0.14285714263495278,0.14285714272196073,0.14285714143308179,0.1428571438431789,0.14285714480600276,0.14285714123862756,0.14285714332219546
225,5b0d042491d21ae067f0fcfa7e5c2c5dd941462bc1423906b7f3abbc95fa6080,Bacterial-Spot(752),5,0.9999999999999636,0.14285715156426404,0.1428571473373619,0.1428572074524567,0.1428570981923014,0.14285705562788584,0.14285721706057358,0.1428571227651565
226,b9457ccce4fb0a966c26b903afd2b46ec6e1316400a84d4d187d2919b5d10c56,Bacterial-Spot(752),4,0.9999999999999986,0.14285714175906752,0.14285714226727944,0.1428571349697176,0.14285714831238785,0.14285715353833056,0.14285713381777687,0.1428571453354402
227,9e30582346a65cc49db3534473272a57628e2eb37d9bb5c90a53b915237e7558,Bacterial-Spot(752),4,0.9999999999999966,0.1428571404603658,0.1428571416015177,0.1428571253055929,0.14285715499449325,0.14285716658533262,0.14285712271430812,0.14285714833838947
228,b61c08df6111cd5d844142aa30e9a26e588050c3c14872b643063e5ab52ec95c,Bacterial-Spot(752),4,0.9999999999999991,0.14285714222543103,0.1428571424998189,0.1428571385008768,0.14285714587104864,0.14285714877825506,0.14285713788092896,0.14285714424364052
229,df09d2d519d9d2f2a52ff67f5a5d3ff289bc34056eba3b54dead9d258edc6465,Bacterial-Spot(752),5,0.9999999999999902,0.1428571472224683,0.14285714507960878,0.14285717549081928,0.14285712029378922,0.14285709881754488,0.14285718036499362,0.14285713273077594
230,bf3f571e40c4549ef32a66ae6cc5a1bfee983e256e47de278a8a5ff30f7f80cd,Bacterial-Spot(752),5,0.9999999999999534,0.1428571527267273,0.14285714792250942,0.14285721623440706,0.14285709212118525,0.1428570437866594,0.14285722715837468,0.1428571200501369
231,1ed9959035fc1ca8d85ab48e85febfd7df81dcccdb735a59d8707f4b20e54785,Bacterial-Spot(752),5,0.9999999999999553,0.14285715251022182,0.1428571478086802,0.1428572146459971,0.14285709321948425,0.1428570459338729,0.1428572253362811,0.1428571205454626
232,ce1009fe7a0b7786fa547a677b747d1c96a4c8c39069c745cf4e200b3dfbda44,Bacterial-Spot(752),5,0.9999999999999883,0.14285714765342536,0.14285714530120555,0.14285717869871406,0.1428571180758676,0.14285709448669642,0.1428571840495639,0.14285713173452713
233,651612ee4cbe45d4318197f6f7f0f323817231f7509085306dbb26900904a705,Bacterial-Spot(752),5,0.9999999999999992,0.14285714297369323,0.14285714289799897,0.14285714390964727,0.142857142130246,0.14285714145788328,0.1428571440833086,0.14285714254722268
234,47d666e7b99384e37ee786b9bdfa726b8408078600ff922d6d70dfefa8afbabe,Bacterial-Spot(752),5,0.999999999999999,0.1428571434476542,0.14285714313363646,0.14285714751574505,0.14285713963735394,0.14285713659853613,0.14285714823255766,0.14285714143451658
235,aec7a953b44825972d80a154200260e6020fac01d4e5a6a40c7efd4f05a65992,Bacterial-Spot(752),5,0.9999999999999917,0.14285714682597764,0.14285714488899548,0.1428571724267472,0.14285712241203824,0.14285710294066464,0.14285717683258417,0.14285713367299266
236,99eb5e7eaa623c3cbf26f7a4c84c8420ca7ef3347a45ceab9d366c1eb8714ac1,Bacterial-Spot(752),5,0.9999999999999974,0.14285714479924902,0.14285714383930095,0.1428571574301716,0.14285713278124174,0.14285712319720892,0.14285715961337092,0.1428571383394568
237,e3168b4987516742fde81ae74d8c0924138e522cfb2e97878d50924d0deea087,Bacterial-Spot(752),5,0.9999999999999711,0.14285715057964796,0.14285714682382133,0.14285720024117143,0.14285710317943162,0.14285706537635579,0.14285720878114602,0.14285712501842585
238,b6dc18d863c145209850c1b743db838c2c1ac6f8c2c4f6aa8b068c579f144f31,Bacterial-Spot(752),4,0.9999999999999992,0.14285714248628587,0.1428571426489119,0.14285714030358093,0.14285714462417046,0.1428571463280111,0.14285713993755145,0.14285714367148827
239,28f34681c933105f82c784d47ab7dad0f7045710d15339b0fc2c901e7dd715b2,Bacterial-Spot(752),4,0.9999999999999963,0.14285714034509964,0.14285714155366258,0.14285712434324607,0.14285715565950308,0.14285716787221603,0.1428571215982056,0.14285714862806695
240,7c9e4d31923e6fd24c47520035ac4f39d0964ed816658f6595806570b9018b34,Bacterial-Spot(752),5,0.9999999999999565,0.142857152389195,0.14285714775761246,0.1428572136484366,0.14285709390896908,0.14285704726901363,0.14285722417960434,0.14285712084716887
241,8f97387d509651b010ea810463382b3e943afdecb70a9e42c3fa54281b7fa946,Bacterial-Spot(752),5,0.9999999999999382,0.14285715425300466,0.14285714871407845,0.1428572274993177,0.1428570843317771,0.1428570285676814,0.14285724009306913,0.14285711654107158
242,aad8621d8909079977b02d6362fa992b7b8eab99a0f94d4a2486996d6dc1581f,Bacterial-Spot(752),5,0.999999999999957,0.14285715233258073,0.14285714772435648,0.14285721325802914,0.1428570941788755,0.1428570477999431,0.14285722373556203,0.14285712097065306
243,3f1b9c01d8cc91972c0dd257f32f4f9c96d318a77d3e25987996fb2722df50b1,Bacterial-Spot(752),5,0.999999999999952,0.14285715286124892,0.14285714799123678,0.14285721724249503,0.14285709142427114,0.1428570424263918,0.1428572283164834,0.14285711973787288
244,5f1deaf11e5e31e98f348cb8e98403c25fedf9dea218becb197317304aa4b2b8,Bacterial-Spot(752),5,0.9999999999999739,0.1428571502045904,0.14285714662153154,0.14285719754969664,0.1428571050408809,0.14285706902160233,0.1428572056976797,0.14285712586401855
245,4d8252dac6164f10fcc62fab48b061e6e00aa1e9b87922e342cc0b677cfad319,Bacterial-Spot(752),5,0.9999999999999983,0.14285714429344992,0.1428571435730924,0.14285715374294597,0.14285713533120145,0.14285712818393892,0.14285715538258514,0.14285713949278614
246,2448b28ab5bafb1259bd0ab26d7a4cacc47e1626c92489ae3e7e8d1944989f08,Bacterial-Spot(752),5,0.9999999999999627,0.14285715169740945,0.14285714740680622,0.14285720845312655,0.14285709750079836,0.14285705427762613,0.14285721820777733,0.14285712245645596
247,2bc3a6b83fc66cc6199e22b0f210e37d3f36616e70da82e484ea23b610bc1e3c,Bacterial-Spot(752),4,0.9999999999999915,0.14285713876340775,0.14285714073625855,0.14285711261955478,0.14285716376557345,0.14285718370562145,0.1428571081355132,0.1428571522740709
248,aa8d33ea9e7efc54664dda89bb030273902cd477ac20ea46ef8f768df42e0928,Bacterial-Spot(752),5,0.9999999999999912,0.14285714696266505,0.14285714494850882,0.14285717354299446,0.1428571216406093,0.14285710144539737,0.14285717812480345,0.14285713333502156
249,ab7cdf4d226b3deb33507557ba6805afb781afe64e37a0e384cf4ad1a1d2b9b7,Bacterial-Spot(752),5,0.9999999999999712,0.14285715055141984,0.14285714680246087,0.14285720009363675,0.142857103281642,0.14285706558298417,0.14285720861813475,0.14285712506972162
250,df1c828753044cba1909db2083674fec5c4685c83c634ea0a41dd1d36513000a,Bacterial-Spot(752),5,0.9999999999999968,0.1428571450801351,0.14285714397680188,0.14285715959409362,0.14285713128552383,0.14285712028423042,0.14285716210472632,0.1428571376744889
251,0acb7fe3a104219395f8f941dafb718738c246dea47189537b9b93628dc189bc,Bacterial-Spot(752),4,0.9999999999999901,0.1428571384242097,0.14285714054974782,0.14285711022401254,0.14285716542259289,0.14285718695467448,0.14285710539415708,0.14285715303060556
252,6284a1e260da58d378637651f2349391418c83aeb08a320de44c9f459a1bd9d9,Bacterial-Spot(752),5,0.9999999999999991,0.14285714324504503,0.14285714303689523,0.14285714593167864,0.14285714073217196,0.14285713872835779,0.1428571464066308,0.14285714191922055
253,05c485dec070f8e958f3801ccaad9574e0ed39ae815aca6fe124bce482671bb0,Bacterial-Spot(752),5,0.9999999999999666,0.14285715118757472,0.14285714713020572,0.14285720481821879,0.14285710001497695,0.1428570592033137,0.1428572140444759,0.14285712360123423
254,3dfe65a6778f0a974087b28432784d0fdf9e9d022894626b7c9bcf305289b303,Bacterial-Spot(752),5,0.9999999999999497,0.14285715311591254,0.14285714813166275,0.14285721904419865,0.1428570901781447,0.14285703998301358,0.1428572303774657,0.142857119169602
255,4831c56d23611d49d5796a3aeb2a837e3d6c3d308549c80b021350f33aac6104,Bacterial-Spot(752),4,0.9999999999999992,0.1428571427686536,0.14285714278546713,0.14285714245653844,0.142857143135305,0.14285714342815578,0.14285714242042308,0.14285714300545688
256,8bcdb3935f816865ecefb9c4ea20e907adbd21c313021e25f8cf4276750a5090,Bacterial-Spot(752),5,0.9999999999999992,0.1428571431227816,0.14285714296278726,0.14285714513649958,0.1428571412825547,0.14285713981521642,0.14285714550307316,0.14285714217708737
257,44dceabb5d5b23159d686b7a097faa9ba10dd1068ae961907d52860d3d9e7d3c,Bacterial-Spot(752),5,0.9999999999999992,0.1428571432279194,0.14285714301443253,0.14285714594226614,0.1428571407255474,0.14285713873010436,0.14285714643077133,0.14285714192895882
258,7b67ef0ec56cd0a62d122f231f88386fa8cf88dff97e4765e76364e25a013ce3,Bacterial-Spot(752),5,0.9999999999999426,0.14285715384719805,0.14285714852100917,0.1428572243047151,0.14285708653937365,0.1428570328607281,0.14285723641119497,0.14285711751578098
259,e6b5d8bc76d7d732397bd4ed80fd80b6870d2c725e1ac3eecbd6a2e6c5b8ffbc,Bacterial-Spot(752),5,0.9999999999999841,0.1428571484948935,0.1428571457391018,0.14285718489591528,0.14285711379061225,0.14285708611263762,0.14285719116394544,0.1428571298028942
260,a588c3937d0c8cfd1d6bcf56023353b1063460a67cd86abe70ef8e89743d5ec5,Bacterial-Spot(752),4,0.999999999999999,0.14285714220645307,0.1428571424934541,0.14285713832465705,0.14285714599270036,0.14285714901211508,0.142857137675589,0.14285714429503138
261,e1c56c011b9ddfabe4220e843499f1127f28f3bacd03c286d79db56fcf1d9c11,Bacterial-Spot(752),5,0.9999999999999964,0.14285714529462454,0.14285714408709746,0.1428571611900471,0.14285713018208662,0.14285711812951418,0.14285716393784914,0.14285713717878104
262,85b305344d435a66d27660bf001f0f241159a3071cb14ba1b73bf35a795ba53d,Bacterial-Spot(752),5,0.9999999999999846,0.1428571483975423,0.14285714568615432,0.14285718419584562,0.14285711427468495,0.142857087060741,0.14285719036270533,0.14285713002232636
263,ba54ee04259f616035ae3c3fb70e3b0e53e1b01485f7c497cc474d6cf4732981,Bacterial-Spot(752),4,0.9999999999999971,0.14285714064274704,0.14285714168235344,0.14285712678198895,0.14285715397412632,0.14285716460621253,0.1428571244222371,0.14285714789033477
264,7b72fb029e1f6d912a305c0208a346eb0aa721638389902e5af7a64a392b4aa6,Bacterial-Spot(752),4,0.9999999999999917,0.1428571388282227,0.14285714075579428,0.1428571132443653,0.14285716333433993,0.14285718287858165,0.142857108865077,0.1428571520936191
265,7e2b5e54d0c2f281573aa043cfa9a5c9f4ad902bb19f80c3f4c317f74a5f08fe,Bacterial-Spot(752),4,0.9999999999999992,0.14285714217518294,0.14285714247852968,0.14285713807782024,0.1428571461632499,0.14285714934378482,0.14285713739122477,0.14285714437020783
266,b239fff49ebe72f6c59bf028e49cce3695edbc376239ce3a319a4ec1772c6076,Bacterial-Spot(752),5,0.9999999999999808,0.14285714909952732,0.1428571460540726,0.14285718934878242,0.1428571107115856,0.14285708009554568,0.14285719627534776,0.14285712841513856
267,3146071069ef1df76d14502f5f52c78aebbe5d6a7390ace379b4a0dbe242217f,Bacterial-Spot(752),5,0.9999999999999992,0.14285714328554977,0.14285714305541267,0.14285714626194218,0.14285714050406229,0.1428571382857082,0.14285714678763523,0.14285714181968984
268,99c2382be623943ccc9bf8568b5167b6b4c7fc521c752058f0a1fea84b64c3e7,Bacterial-Spot(752),5,0.9999999999999976,0.14285714470609934,0.1428571437845491,0.1428571568200549,0.14285713320370688,0.14285712403031117,0.14285715891768,0.14285713853759863
269,9c1325d2edcf6285021f8e089e0e4cd521892acfb27874d2e6939612a8aedd1e,Bacterial-Spot(752),4,0.999999999999987,0.1428571377236606,0.14285714019880383,0.1428571049263665,0.14285716908510993,0.1428571940969456,0.14285709930046958,0.1428571546686439
270,b16365925c80bfd82baf0e2416cac6e2b7cdb0600b22d467c1027d82a71a3018,Bacterial-Spot(752),5,0.9999999999999969,0.1428571450823653,0.14285714397759833,0.14285715963625217,0.14285713125686458,0.1428571202297774,0.14285716215196792,0.14285713766517427
271,04412439abe7b5f6a9c058c4e2c047352c160404661a59a2aadc679fa4a90bce,Bacterial-Spot(752),5,0.9999999999999277,0.14285715519616465,0.14285714921133963,0.14285723438564088,0.1428570795697838,0.14285701925529798,0.14285724799253804,0.14285711438923504
272,cc4a6a96e32847e75508446254d51388432719c2dadcfc119fa865b31324fe6d,Bacterial-Spot(752),5,0.9999999999999748,0.14285715004193364,0.14285714653549866,0.14285719636150218,0.14285710586248235,0.14285707062839306,0.14285720433514282,0.14285712623504723
273,20fdf63b813ccf65deec142de16ecc6dd4078e876899a6474086aa7fed130459,Bacterial-Spot(752),5,0.9999999999999957,0.14285714555281037,0.14285714422345883,0.14285716306859106,0.14285712888295027,0.14285711558843725,0.14285716609283364,0.1428571365909187
274,08efebb8efad774428cb0c38736e908200627c50a32ba72828b758d2cef5dfeb,Bacterial-Spot(752),4,0.999999999999988,0.1428571379439791,0.14285714030189184,0.14285710666531823,0.14285716788323838,0.1428571917608583,0.14285710130704254,0.14285715413767158
275,8c06f844b9626c2399b7b670eba70d5d25c001341ba2754d6d7a670d0936cbf8,Bacterial-Spot(752),4,0.999999999999999,0.14285714204547964,0.14285714241363098,0.14285713708960468,0.14285714684630949,0.14285715067540108,0.14285713625490204,0.14285714467467214
276,7d1f36bb87289a24faa0d70d1c00ec6ba6c324447f6b4148a2b8374b3d3194b5,Bacterial-Spot(752),4,0.9999999999999981,0.14285714119035722,0.14285714197112595,0.1428571307759445,0.14285715121216325,0.14285715920475428,0.14285712900399525,0.14285714664165955
277,833145b2e6de47f954d753ec796d0c9eb2606f014d5443b61960c2db1486b4d0,Bacterial-Spot(752),4,0.9999999999999984,0.1428571415094577,0.14285714213616396,0.14285713313553222,0.14285714958058518,0.1428571560174647,0.14285713171375536,0.1428571459070409
278,f8c5f9abf6a78204ea561737f1c94999f3195a07ba499169f1d53aa64d80289d,Bacterial-Spot(752),5,0.9999999999999949,0.14285714587766218,0.1428571443895484,0.14285716550412003,0.1428571271992511,0.14285711230219583,0.14285716889055972,0.14285713583666274
279,7355f64883b44b2fe42ed69176a8b4c327146b102633cb57b5a61e703d36563c,Bacterial-Spot(752),5,0.9999999999999872,0.1428571478658008,0.1428571454137052,0.1428571802393575,0.14285711701036877,0.14285709240219263,0.14285718581668963,0.14285713125188532
280,05e658d1c8d2054abeb450c0949bd62526fec56ec58b0e702a2a16d21f070060,Bacterial-Spot(752),5,0.999999999999999,0.14285714354769452,0.14285714320090545,0.14285714809625355,0.14285713923511822,0.1428571357957437,0.1428571488856861,0.14285714123859836
281,6d3af8aff828eaf1c788d32abfcbc35dc60018ddd4e646e68d32ad38757a671a,Bacterial-Spot(752),5,0.9999999999999902,0.14285714721164905,0.14285714507628886,0.14285717538752946,0.14285712036508913,0.14285709895436746,0.14285718024440114,0.14285713276067502
282,f47d240cb1174d3e80c0cb2c8395660d8ff60e410fe1565be1041ee2901fc1d9,Bacterial-Spot(752),5,0.9999999999999586,0.14285715215370157,0.1428571476238936,0.14285721201842944,0.14285709503648353,0.14285704948405326,0.14285722231879414,0.14285712136464457
283,af741fa8a42e47b73f19f377b7d90bd9b0c92dcee868279380792f9b6b0a9079,Bacterial-Spot(752),5,0.999999999999997,0.1428571449544729,0.14285714390787493,0.14285715870446383,0.1428571319008823,0.14285712149055058,0.1428571610865319,0.14285713795522353
284,1b1643c2c0d34c4522f38510ea581d2f479165352a43e88765aa5e4b62f74a6c,Bacterial-Spot(752),4,0.9999999999999992,0.1428571424140829,0.1428571426010716,0.1428571398350141,0.14285714494785492,0.14285714696950677,0.14285713941139394,0.14285714382107575
285,57778211cd1636b45e90574b55e0f9bd71580acaf68f331e2ec42dc0adc90175,Bacterial-Spot(752),5,0.9999999999999691,0.14285715083940745,0.14285714695652682,0.14285720215705433,0.14285710185429415,0.14285706278831184,0.14285721098424511,0.1428571244201603
286,43de3a768e975fa66e94f54069a48c206e55645c763d157d1b652baceeb19ee8,Bacterial-Spot(752),5,0.9999999999998938,0.14285715784026137,0.14285715056917356,0.1428572540313364,0.14285706598584236,0.14285699272928765,0.14285727056253353,0.14285710828156523
287,f2f94801a17b2af42297277069a4be3b05b96a008cfe4605e65c36b2747e6089,Bacterial-Spot(752),4,0.9999999999999811,0.14285713661658478,0.14285713961844856,0.14285709683927145,0.14285717467791145,0.1428572050319987,0.14285709001866972,0.1428571571971154
288,2db4d3bf7e16c28783ed7615599e9a036c3b8ba450a9f9029dc26e1886439921,Bacterial-Spot(752),5,0.9999999999999467,0.14285715344422958,0.14285714830642307,0.14285722142363283,0.14285708853262594,0.1428570367632201,0.14285723310554502,0.14285711842432344
289,10364b04888bd090356044ee9db9abb00010d0523cbce089f22df24bb77bba06,Bacterial-Spot(752),5,0.999999999999996,0.14285714554419246,0.14285714423090082,0.1428571629153454,0.1428571289889556,0.14285711578426682,0.14285716590430303,0.14285713663203592
290,21a484e9bd8b33aef40ec54295cf1deeb9b28b3c46d393fac32b46a0ca2badae,Bacterial-Spot(752),5,0.9999999999999933,0.14285714630786123,0.142857144614724,0.14285716865518386,0.14285712502019374,0.14285710804233112,0.14285717250709892,0.1428571348526071
291,49ef5e976ecab3a3b88a32b4b2865329de420c8957c98f72e15076bb50db1ec0,Bacterial-Spot(752),4,0.9999999999999962,0.14285714030039903,0.1428571415253794,0.14285712403659298,0.14285715587122308,0.14285716828982314,0.14285712125246366,0.1428571487241187
292,8e8127ac1f53c07ffd323f6568c014fc1be28d6103ce87cd9b128e6701b8c6b5,Bacterial-Spot(752),4,0.999999999999992,0.14285713892189675,0.14285714080311315,0.14285711395456915,0.14285716284344785,0.14285718192115643,0.14285710968125578,0.14285715187456088
293,ff2e234ea7d1ffa573c8f1122fc0f0101ae53a9740790b7e9a33784baf4a4bc3,Bacterial-Spot(752),5,0.999999999999975,0.14285715000805602,0.14285714651548537,0.1428571961390797,0.1428571060164738,0.14285707093203212,0.1428572040816908,0.14285712630718225
294,f3bb0cacd88aa1e8007bfe68980fae11fe4c1a292ea129843d763109b4a8a116,Bacterial-Spot(752),5,0.9999999999999661,0.14285715125660367,0.14285714716698042,0.14285720531463816,0.1428570996716064,0.14285705853115918,0.14285721461382075,0.14285712344519147
295,13e07ff625418df2f6955a4a9ae1c256e7af7c16089e3a42bee5be5149010faf,Bacterial-Spot(752),5,0.9999999999999634,0.14285715159400927,0.14285714734182273,0.1428572078111146,0.1428570979454562,0.14285705515905123,0.14285721748017355,0.1428571226683724
296,b48d32ab662bc5677b132585b09eb2c9f2175bf58756dd85cd2f86f18eab1f35,Bacterial-Spot(752),4,0.9999999999999993,0.14285714276376563,0.14285714278181544,0.1428571424454272,0.14285714314334047,0.14285714344577016,0.14285714240772235,0.14285714301215893
297,e352aca7875f38d8fac4e05c2e5bb6f588ec9df9261f734d128494009f2c727d,Bacterial-Spot(752),4,0.9999999999999959,0.1428571401446289,0.1428571414366992,0.14285712297413122,0.14285715660644402,0.14285716973533583,0.14285712003898365,0.14285714906377708
298,ce2e44a78b99b44a9dcee9a6daab1ff4d75fa5dfcfbf649afcafe0d805c58d47,Bacterial-Spot(752),4,0.9999999999999983,0.14285714142887485,0.14285714209703715,0.14285713250690085,0.14285715001498733,0.14285715686291525,0.1428571309900607,0.14285714609922384
299,ceefc6e58008eed2d339274190e8065d5fac662cd71eb35b283fc95d45814fd8,Bacterial-Spot(752),4,0.999999999999999,0.14285714222667578,0.14285714250904707,0.14285713841711978,0.14285714592840018,0.14285714888063047,0.1428571377776018,0.14285714426052482
300,6d253b7790e4f70553595b26bb936a0f09fa1d57a144992c9e720402bb0cdb7d,Bacterial-Spot(752),5,0.9999999999999973,0.1428571447260096,0.14285714380778256,0.14285715683744254,0.1428571331910441,0.14285712399158582,0.14285715892621947,0.14285713851991585
301,374e3499e4c9671428be5dcc6fd5ac42b92245ab3d47acfff16ade4efa6ba7c1,Bacterial-Spot(752),5,0.999999999999999,0.14285714364852117,0.14285714323758325,0.14285714899034557,0.14285713861750293,0.14285713460565894,0.1428571499266163,0.14285714097377183
302,3eff5f5721fa4dfa520c258ec9eef48f8ba3f5773251152efc8e8361be145236,Bacterial-Spot(752),4,0.9999999999999953,0.1428571399608513,0.14285714135548547,0.1428571214747339,0.14285715764250728,0.1428571717442377,0.1428571183049348,0.14285714951724945
303,9cac56df4e758a159c08a5953b951aa3405471da87ea16e0c6d5aead78bd5f4b,Bacterial-Spot(752),4,0.9999999999999976,0.14285714091314689,0.14285714183185222,0.14285712867437556,0.14285715266490448,0.14285716203769197,0.14285712658761962,0.14285714729040924
304,7b02f3ac7c75e3d0493db0f3121a874aede2adfc9c33b3889082f0d344ddf90c,Bacterial-Spot(752),4,0.9999999999999931,0.1428571392237496,0.14285714096089658,0.14285711615303587,0.14285716132284285,0.14285717894794628,0.1428571122056434,0.14285715118588538
305,28993b3ce0a4a0552ab11a8b4c809b68b594ae8710f0a16cf53627c1711ccdf0,Bacterial-Spot(752),5,0.9999999999999549,0.1428571525507746,0.14285714783378473,0.142857214888982,0.14285709305094085,0.14285704559931917,0.14285722561270897,0.14285712046348967
306,ae84d8bf36fb48d6850836433c834501b999c0e19170a4ed6e5f4670a8517ef7,Bacterial-Spot(752),4,0.9999999999999976,0.14285714095035712,0.14285714185026338,0.1428571289586174,0.142857152468416,0.14285716165479742,0.14285712691473654,0.14285714720281217
307,f4aaaf346f257bf88330a8204cafb1af379f78e664d1a8e8016f229a4ac17ef5,Bacterial-Spot(752),4,0.9999999999999992,0.14285714274736094,0.1428571427852123,0.14285714219392118,0.14285714331642432,0.14285714377049966,0.14285714210912717,0.14285714307745453
308,fd466c38461aaa25c40fabffd86f46edf7073702597542744e7a6f8edbf0bd2e,Bacterial-Spot(752),4,0.9999999999999912,0.14285713867174807,0.1428571406804337,0.1428571120271887,0.14285716417561303,0.14285718451577836,0.14285710746262154,0.1428571524666166
309,b2bdc9b141a11b100db14318e8a9b892eb712ff95f549dabaa29e3201fab3541,Bacterial-Spot(752),5,0.9999999999999988,0.14285714369274558,0.14285714327105425,0.14285714921611728,0.14285713846096595,0.14285713428870636,0.14285715017618206,0.14285714089422843
310,028a657e7b41902ba56e5f4d449953b44c327c7133f00181416a4f7cc17c083f,Bacterial-Spot(752),5,0.9999999999999989,0.14285714380631467,0.14285714332414018,0.14285715010608505,0.14285713784572618,0.1428571330925831,0.14285715120366052,0.14285714062149024
311,1da5d011362fdd12fff0db626083253af85a747b44650b99a8f7de3163c958f4,Bacterial-Spot(752),5,0.999999999999999,0.14285714341451802,0.14285714312201175,0.14285714721574963,0.14285713984452747,0.1428571369973257,0.14285714788313517,0.14285714152273227
312,4a18588d850769de8f7f6016f1639f46559a0e8d95855fda6827d849f1e84dc5,Bacterial-Spot(752),5,0.9999999999999973,0.14285714485378762,0.14285714387305382,0.14285715778705116,0.14285713253438315,0.14285712270952058,0.14285716001770052,0.14285713822450305
313,463dbae616d7158679c3138781822ee1e0b7919fc88bde83b27b4b76e4f3d0f9,Bacterial-Spot(752),4,0.9999999999999993,0.14285714246640174,0.14285714264810806,0.14285714002873678,0.14285714481306663,0.14285714668498142,0.14285713961570026,0.14285714374300507
314,9801e9a8f3d195f91c9e8ca43824e04939af3929da5a246ecb0ec53c9743532f,Bacterial-Spot(752),4,0.9999999999999867,0.14285713763851918,0.1428571401453118,0.14285710439194108,0.14285716945512328,0.14285719482998074,0.14285709869507748,0.14285715484404649
315,84ad2bde22e854cd85d91a73bd939a7360022bf27cc238601bb2576614921672,Bacterial-Spot(752),4,0.9999999999999971,0.142857140734602,0.1428571417377811,0.1428571273884377,0.142857153554533,0.1428571637783561,0.14285712511123064,0.1428571476950594
316,ada4b93db449cb0d2884d579665f67c308ae79dfc6d8c106af802aa8a2c555a1,Bacterial-Spot(752),4,0.999999999999999,0.14285714239311062,0.14285714259326407,0.14285713965927038,0.1428571450694276,0.14285714720428297,0.14285713920623036,0.14285714387441392
317,d5055450a9349ab2a39b53ca958b30411fa001ee1472edc88dd3087fcb7ddfdf,Bacterial-Spot(752),4,0.9999999999999925,0.1428571390686448,0.14285714088464785,0.14285711497041265,0.1428571621404755,0.14285718054114935,0.1428571108437225,0.1428571515509473
318,7b1265b4ee6dee0e2157767e3f8d70a6f9c7925df945dc356ee87743c6e44d92,Bacterial-Spot(752),4,0.9999999999999962,0.14285714027435456,0.1428571415012641,0.14285712395669126,0.14285715592711995,0.14285716841087553,0.14285712116973578,0.14285714875995886
319,d0d69d0e675cbb93e75f0ff77bdc90d66183e78df96556592601956cb13bf10c,Bacterial-Spot(752),5,0.9999999999999981,0.14285714434721344,0.14285714360090612,0.1428571541439644,0.14285713505398798,0.1428571276425708,0.14285715584287104,0.14285713936848612
320,423914b0d3d16fd1c40ec94e8ca965eb62c304e97377764c812aa8d742235571,Bacterial-Spot(752),4,0.9999999999999983,0.14285714135743305,0.14285714206116437,0.1428571319635932,0.14285715039052493,0.14285715759514725,0.142857130365445,0.14285714626669208
321,61d86ef4b87e3c2a59d8c3f6912add95dcf573469e9b431f66905e6b73cfe451,Bacterial-Spot(752),4,0.9999999999999956,0.14285714003207914,0.14285714137808508,0.14285712214290383,0.14285715718116682,0.14285717085832492,0.14285711908495533,0.14285714932248483
322,1dc75c92c2eb61e354bbf66f75718253e99ff7533cd7e569e5672a6ba16ec5f1,Bacterial-Spot(752),4,0.9999999999999976,0.14285714093024882,0.14285714183659814,0.14285712884342835,0.14285715254824535,0.142857161814298,0.14285712678528717,0.14285714724189422
323,a49b79b0030df937d9e2f87ca50d093350a71bcca37899c3a65a6c5bb5c3a6b5,Bacterial-Spot(752),4,0.9999999999999968,0.14285714050769885,0.14285714161923457,0.1428571257058851,0.14285715471767046,0.1428571660509464,0.14285712318115462,0.14285714821740994
324,6db62ff381edfb9554fe1d5be73b857f2590fbd4a8683d083dd53bd9c57941ee,Bacterial-Spot(752),4,0.9999999999999913,0.1428571387131494,0.14285714070958558,0.1428571122506356,0.14285716402062057,0.14285718420433535,0.14285710771271884,0.14285715238895477
325,df842bcf887aa9a4a53902dac6ba8fed2d08fe764a35c5cdb1c5d48d35ed6ca8,Bacterial-Spot(752),4,0.9999999999999959,0.14285714017153245,0.14285714146628586,0.14285712300553433,0.1428571565837399,0.14285716967344791,0.14285712006186596,0.14285714903759364
326,657dca0ead4970c8cc4081b8f2d59cc6c19b22b6bd3109745e0c765941c2b685,Bacterial-Spot(752),4,0.999999999999992,0.1428571388957417,0.14285714079758918,0.14285711366661857,0.14285716304185458,0.1428571822993629,0.14285710934445373,0.14285715195437934
327,c6ee78cc3018be73dc0e4ae45b26b819ce54d97eaecbce215d3475b8e30c6607,Bacterial-Spot(752),5,0.9999999999999991,0.14285714342988212,0.1428571431316776,0.14285714730484053,0.1428571397826805,0.14285713687428622,0.1428571479844184,0.14285714149221454
328,26395e93b0a7a8540677237ea892e1b431e488447f0f34d7b61f1e19a57f0339,Bacterial-Spot(752),4,0.9999999999999956,0.14285714004606392,0.14285714139238972,0.14285712217691957,0.1428571571573266,0.1428571708042097,0.14285711911766263,0.1428571493054279
329,4e81b07908204ab8f49da92eb735fc4131c13c3c298c90e6bf510f615aeec494,Bacterial-Spot(752),4,0.9999999999999984,0.14285714156913673,0.14285714217097967,0.14285713352901527,0.14285714930813664,0.14285715548052855,0.14285713216268417,0.1428571457795189
330,315fea8b317b2837ef677f419ef282602e26b0b97f8ae3ebf2bed49dae84f228,Bacterial-Spot(752),4,0.9999999999999943,0.1428571395636446,0.14285714114401257,0.1428571185994307,0.14285715963100906,0.1428571756354076,0.1428571150081872,0.14285715041830843
331,b5046c806f5320aeaef60210979597c14b34235e38367a17d9a130ac1f7bc625,Bacterial-Spot(752),4,0.9999999999999897,0.14285713833608177,0.14285714050697745,0.14285710954198494,0.14285716589400785,0.14285718787243012,0.1428571046085787,0.14285715323993906
332,6cf8af218ade52f98ce6e9329bcb119b4ff24b58ec0c19037642013bacd5c5e0,Bacterial-Spot(752),4,0.9999999999999923,0.14285713903449632,0.1428571408690186,0.14285711469422901,0.14285716233127602,0.14285718091150812,0.14285711052497668,0.14285715163449514
333,165b1b94ee240985a4ccb1b61589451b2413adc97b27642453613fea3912c758,Bacterial-Spot(752),4,0.9999999999999957,0.14285714008110298,0.14285714140207967,0.14285712251828722,0.14285715692165482,0.14285717035278522,0.14285711951730423,0.14285714920678586
334,bb5a7858eb6cd5ec287422473c3c7e17fa92f9b33e11ac3a82ffda79ec68a43e,Bacterial-Spot(752),5,0.9999999999999837,0.14285714860355933,0.14285714579650166,0.14285718567063022,0.14285711325451517,0.14285708506313613,0.14285719205369715,0.14285712955796032
335,4a22f6cc9e5a58275351148c29f93234bbb244edb2d689dbc13220b84881ebff,Bacterial-Spot(752),5,0.9999999999999988,0.1428571437805603,0.14285714330842839,0.14285714992993898,0.14285713796744126,0.14285713333240177,0.1428571510041295,0.14285714067709987
336,92768c72149160efb23b8150a2d0922c513b621c6c58d84546c83a2c0a7130b2,Bacterial-Spot(752),4,0.9999999999999934,0.14285713928992133,0.14285714100226282,0.1428571165742819,0.14285716103128965,0.1428571783708325,0.14285711268283363,0.14285715104857813
337,5dc29b571d311e32b3d62c984a3c7bb6bc682a8181bdc38059e5188bce5db5e7,Bacterial-Spot(752),4,0.9999999999999988,0.14285714182463274,0.1428571423073679,0.14285713536793593,0.1428571480362093,0.14285715299080678,0.14285713427127716,0.14285714520177015
338,b3afb4c1033052badc91c1cefc76017d151c3d21e87c215e4e50226a2092b59c,Bacterial-Spot(752),5,0.9999999999999818,0.14285714895373516,0.1428571459725475,0.1428571883065234,0.14285711143204197,0.14285708150817758,0.14285719508553102,0.14285712874144332
339,fc3e6a764aaf1d1d7aa8b8ebc84d5a99fdd69a1e92a8f418b0a9fddca5be2b7c,Bacterial-Spot(752),5,0.9999999999999967,0.14285714516817904,0.14285714402269045,0.14285716023786962,0.14285713084028254,0.14285711941386736,0.14285716284397162,0.14285713747313936
340,d70306d18b033171fa76bdd200e6649f7278f0a1f52c99882608f8c55ef82796,Bacterial-Spot(752),4,0.9999999999999974,0.14285714097376623,0.142857141861775,0.14285712913118043,0.1428571523489879,0.14285716142178007,0.14285712711386783,0.14285714714864256
341,0b9e679a10a06dc07ea036d445aeb700f3bd464b75cd41a960e00bd9cf87c1b9,Bacterial-Spot(752),4,0.9999999999999934,0.142857139327196,0.14285714101808875,0.14285711687567226,0.14285716082286512,0.1428571779669754,0.14285711303261403,0.14285715095658846
342,03cdc56ca76cfc44a25e49fe4e9c50e3da38374221ee83f210e2df22e7d430e5,Bacterial-Spot(752),4,0.9999999999999951,0.14285713981115383,0.14285714125935506,0.14285712055475153,0.14285715827956275,0.14285717300887435,0.14285711726502595,0.14285714982127642
343,58b01a501e01ced233dbea8a1b78eb58018027a44e4a4976f2a96f5ea3f3e105,Bacterial-Spot(752),4,0.9999999999999915,0.14285713876697875,0.14285714073174505,0.14285711270423368,0.1428571637072208,0.14285718359818883,0.14285710823875547,0.14285715225287743
344,5e1bcf5a8c6914718c044ccb2dd731481c3f42d86cd155401ac77fd4eeffee3e,Bacterial-Spot(752),4,0.9999999999999988,0.14285714189389587,0.14285714234115623,0.14285713590398838,0.1428571476657237,0.14285715226941628,0.14285713488844895,0.14285714503737065
345,029e68a0c493242cc4a10d18c526a6513f32f16ee4b2d114657106ff6cce4228,Bacterial-Spot(752),4,0.9999999999999951,0.14285713983786502,0.14285714128304697,0.14285712064931635,0.14285715821359735,0.14285717286917032,0.14285711736514622,0.14285714978185785
346,d02199c37cf4b1469f0359ea9fd2cd3312c7592bd3e51ff6ca13c1a103ddd9f7,Bacterial-Spot(752),4,0.9999999999999947,0.14285713965690727,0.14285714118541415,0.1428571193580903,0.14285715910677171,0.14285717461869218,0.1428571158854524,0.14285715018867193
347,3968a83abe0b1b061dd88012a538af659cadf94ce0b999706ade98dc6524b1a3,Bacterial-Spot(752),4,0.9999999999999978,0.1428571411244043,0.14285714194372942,0.14285713020638496,0.14285715160535933,0.14285715996482123,0.14285712834493244,0.14285714681036824
348,44259aa3d7112c6ab2b57d90d88e57339b9ea3ce5485505985faada7fcf89307,Bacterial-Spot(752),4,0.9999999999999941,0.14285713951327578,0.14285714110966072,0.14285711830682,0.14285715983368358,0.1428571760400779,0.1428571146797172,0.14285715051676473
349,79e187bd31ccce7dbbea57f23df27c24845c8ed498f61d009e41078666f4cf91,Bacterial-Spot(752),4,0.9999999999999989,0.14285714189009363,0.14285714233045033,0.14285713596544658,0.14285714762370227,0.14285715219687292,0.1428571349666236,0.14285714502681054
350,af53d0b1ce31875e37583b6847dbef90ad2f91c2e63da9a8156365979618d952,Bacterial-Spot(752),5,0.9999999999999991,0.14285714336025596,0.14285714309143308,0.14285714683375006,0.14285714010866118,0.14285713751573326,0.1428571474470717,0.14285714164309485
351,1304cdd6c6bf008f51c3ab6711d1d2af894ab291aece6b3f151db0dc9ebeea88,Bacterial-Spot(752),4,0.9999999999999921,0.14285713894662957,0.14285714082816756,0.14285711400096446,0.1428571628104704,0.14285718184279994,0.14285710972459822,0.14285715184636982
352,15e9272c37b9dedd8722ebdf30c9f916c082f39b59c409da66cfe646c7dbcc5b,Bacterial-Spot(752),4,0.9999999999999969,0.14285714065014948,0.1428571417026049,0.1428571266582679,0.1428571540585707,0.14285716475272087,0.14285712426654834,0.14285714791113785
353,ae62ddbfde1516f3d7f937a1309b5f7f58bbb7202ca057621b151d7d625be55e,Bacterial-Spot(752),4,0.9999999999999967,0.1428571404688917,0.14285714161168234,0.14285712528996306,0.1428571550045736,0.14285716659772565,0.14285712269265874,0.14285714833450497
354,c0558898cff098c90253d7186679d73b01520db29b54e88b40406e0884e29630,Bacterial-Spot(752),4,0.999999999999996,0.1428571402686552,0.14285714150304302,0.14285712385555552,0.14285715599657148,0.1428571685408245,0.14285712105018356,0.14285714878516664
355,bd42ab80145daad094af6f3bcda784cc6e01e3455a015d7e9e9c1c852554603a,Bacterial-Spot(752),4,0.9999999999999943,0.14285713954454585,0.1428571411314122,0.14285711847235708,0.14285715971873694,0.14285717580899476,0.14285711486553646,0.14285715045841674
356,cd341d33bb5fbf2484491982b7e5356de34247897abfd40ad89671c29ace9623,Bacterial-Spot(752),4,0.999999999999994,0.14285713950263848,0.1428571411097362,0.14285711816726082,0.14285715992980508,0.14285717622155628,0.14285711451484603,0.14285715055415701
357,72ea57b0ca7926fca8e1e6a5a6ca1b1f20c5a09d9c34b94595a132cf3937d23f,Bacterial-Spot(752),4,0.9999999999999972,0.1428571407940708,0.14285714176955264,0.14285712780093618,0.1428571532688903,0.14285716321835318,0.14285712558519897,0.1428571475629979
358,884bcb5bdeb6923d6c1ffb95684140b31bdd84981ccf69895bccb8ab59559a30,Bacterial-Spot(752),5,0.9999999999999913,0.14285714695275503,0.14285714496117036,0.14285717328455746,0.14285712181828908,0.14285710177290215,0.14285717781271542,0.14285713339761044
359,4d99da45c4792f05d589f27d460133de70a46494caaed001403b145984d8e2e0,Bacterial-Spot(752),4,0.999999999999996,0.14285714021222468,0.14285714147584466,0.14285712342160212,0.14285715629660617,0.14285716912498198,0.1428571205498527,0.14285714891888768
360,91630b7e61dd63ae835d5da5ba335957cc91b33c1594eba34a39efa1a13ee58f,Bacterial-Spot(752),4,0.9999999999999969,0.1428571405516601,0.14285714164902596,0.14285712595721506,0.14285715454346962,0.14285716570287582,0.1428571234637377,0.14285714813201572
361,eb227310f6242f8f638670fc0316a38fc465b68b669fcd8c99158e20d768e1a7,Bacterial-Spot(752),4,0.999999999999996,0.14285714023647664,0.14285714148661846,0.14285712361734967,0.14285715616131497,0.14285716886251215,0.14285712077630788,0.14285714885942014
362,1d547c0f3b7b4b66df42643d5ba2eba530c9492945227c04e856d4c95e35030a,Bacterial-Spot(752),4,0.9999999999999958,0.1428571400802037,0.14285714140474534,0.1428571224773108,0.14285715694976903,0.14285717040417956,0.14285711946767182,0.14285714921611986
363,591ed28125e9db5591e0400772c9b5febeceb8530568d4efbb511be0e75e809e,Bacterial-Spot(752),4,0.999999999999992,0.14285713889561774,0.1428571407949951,0.14285711368671844,0.14285716302799223,0.1428571822747693,0.14285710937005996,0.1428571519498473
364,bfd1b656b3c1f5a9bb1e2d49684604389f1c27464325d2305154fb4e78e37319,Bacterial-Spot(752),4,0.9999999999999983,0.14285714137259484,0.14285714206953334,0.14285713206587403,0.14285715031967924,0.14285715745592997,0.14285713048274012,0.14285714623364842
365,62e9b45801d5259076a4e4874104b77b27f3800226a0f2874e0616e1d0550eeb,Bacterial-Spot(752),4,0.9999999999999957,0.14285714010768324,0.14285714142614125,0.14285712260650196,0.14285715686004116,0.1428571702210355,0.1428571196098114,0.14285714916878553
366,8af13643e9759dc4bebd736055c23ddcc59da493d2fc2051e3d1d4b2d4ff2ff7,Bacterial-Spot(752),4,0.9999999999999958,0.1428571401063355,0.14285714142001726,0.142857122647449,0.14285715683192207,0.142857170171765,0.14285711966187026,0.14285714916064093
367,425e04a056b2ddbc4dde1950136f48d9dd26af902a9867e527b6025f46031b6a,Bacterial-Spot(752),4,0.9999999999999927,0.14285713909827558,0.14285714090453006,0.142857115139194,0.14285716202344298,0.14285718030736072,0.14285711103383203,0.14285715149336456
368,2f705b1222de19de666a7ff8fc1bf4b87829385c686882826525357bc7b21211,Bacterial-Spot(752),4,0.9999999999999992,0.14285714260047766,0.14285714269543212,0.14285714125023238,0.142857143969722,0.14285714506183908,0.14285714103734687,0.1428571433849499
369,f7163badca17b0cb3b828d5b3317a9b056e1515c373602f97f925fea74ad3f6b,Bacterial-Spot(752),5,0.9999999999999988,0.14285714381369174,0.1428571433307278,0.1428571501397692,0.14285713782245307,0.1428571330444276,0.14285715123940337,0.14285714060952723
370,c4ee1efab1ec3876ebfe64187d05890069e034443a819341f344c7935eaa026f,Bacterial-Spot(752),4,0.9999999999999977,0.1428571410704529,0.14285714191300838,0.14285712984034726,0.1428571518586961,0.14285716046301472,0.14285712792676408,0.14285714692771642
371,68b110bd90d0222da132f046b273098d080ae2050a2f8ab76276663c25d0ff4e,Bacterial-Spot(752),5,0.9999999999999993,0.1428571429616667,0.142857142887372,0.14285714385794027,0.14285714216607426,0.14285714153224408,0.1428571440282892,0.14285714256641352
372,1fd1a81a53c149cbc5696e644c60a8ade2d0047bd7a70be10ef5cd04b4b6f0b3,Bacterial-Spot(752),4,0.9999999999999991,0.1428571423516084,0.14285714257102944,0.1428571393605398,0.14285714527603455,0.1428571476087554,0.14285713886382012,0.1428571439682123
373,3aee890a2d4011a2200567c89b3e92548f4fb9483931c04e0b101fbe3bbd9af1,Bacterial-Spot(752),4,0.9999999999999992,0.14285714233464236,0.14285714256735552,0.14285713917745219,0.14285714540224637,0.14285714784945094,0.14285713864947652,0.1428571440193761
374,1d155148e162f8ea8eef3c1eacb470a2be85efe6111ff2abffe5d0d3253264ce,Bacterial-Spot(752),5,0.9999999999999988,0.14285714379472095,0.1428571433126545,0.14285715008429972,0.1428571378612464,0.1428571331293173,0.14285715118291084,0.14285714063485028
375,c208ebd50563398b2d42209a23286e497849672f5420561daf9f369f09a49c7f,Bacterial-Spot(752),4,0.9999999999999962,0.1428571403138488,0.14285714152233855,0.142857124237423,0.14285715573286736,0.14285716803045242,0.14285712149187582,0.14285714867119395
376,a0ee2fe14f728ec5a303b369541afc7db89df937e7e048b8f48ef38e2784b09a,Bacterial-Spot(752),5,0.999999999999999,0.1428571436992532,0.14285714326289387,0.14285714936871036,0.1428571383557922,0.1428571340950908,0.14285715036235727,0.1428571408559024
377,4ba5af6ad90341166212b8fb73303eb8d220ba948c331af945fc9ec24da7d5f3,Bacterial-Spot(752),5,0.9999999999998019,0.14285716340859614,0.14285715347287165,0.14285729495859653,0.14285703768459398,0.14285693741656347,0.14285731754320696,0.14285709551557127
378,c07b1e525b2cc9de9e725222073d5f2b49b276376d08b8ccab08a3428efa4843,Bacterial-Spot(752),5,0.9999999999998465,0.14285716093862352,0.14285715219094255,0.1428572767238972,0.14285705029319187,0.1428569620514958,0.14285729660735802,0.14285710119449097
379,b9a2dc3cde62ddeb14f97606c74b664df4078937e8752026e1145ebb0a777aed,Bacterial-Spot(752),5,0.9999999999998161,0.14285716265722898,0.1428571530851282,0.14285728938409023,0.14285704153893128,0.14285694494458534,0.14285731114132755,0.1428570972487084
380,08fa0f787dfc7d59cfd96785fc2e35f4b963ce166f74a61c1666d67fa4ee56d4,Bacterial-Spot(752),5,0.9999999999999217,0.14285715570819973,0.14285714946818626,0.1428572382115335,0.14285707692385485,0.1428570140928763,0.14285725239596206,0.1428571131993872
381,3611a9c930ddf2fb080144bd2ddd1d2027de00a3dd8358a5c9a3c308c576162b,Bacterial-Spot(752),5,0.9999999999998088,0.14285716304490614,0.14285715328683837,0.1428572922282657,0.14285703957199955,0.1428569411002974,0.142857314407223,0.14285709636046978
382,f4984f8fe1a66ca6662a39b3744a445df9df6643066c1d0e99bb52e0bd15e16e,Bacterial-Spot(752),5,0.9999999999998797,0.1428571588521587,0.1428571511228581,0.14285726117874273,0.14285706104148949,0.1428569830360452,0.14285727874586895,0.14285710602283683
383,8493ef7bb083bff309df61b61c394c7f6a695e32745b7ea26abfce46bbffae4f,Bacterial-Spot(752),5,0.9999999999998268,0.14285716207534221,0.1428571527818492,0.14285728509941467,0.14285704450164918,0.1428569507345019,0.14285730622319612,0.14285709858404674
384,9b79e99b46a67417a18dc28c2d0f73146aa253fd1998667cf90f961eb6b437c2,Bacterial-Spot(752),4,0.9999999999999957,0.142857140140477,0.14285714145263054,0.14285712277261708,0.14285715674511437,0.14285716998722153,0.14285711979084162,0.14285714911109776
385,8b114d7541270432cb0e8ea1f92f38db9d49537b7308c5ddb9c0b3ecaf478f72,Bacterial-Spot(752),5,0.9999999999999921,0.14285714678277678,0.14285714488701967,0.14285717187729824,0.14285712279041912,0.14285710365642898,0.14285717618527047,0.1428571338207868
386,a32c8181d3ca853267f9a99f90d9446554074bb775105989040208f16d8a40c5,Bacterial-Spot(752),5,0.9999999999999426,0.14285715385694348,0.14285714853479295,0.1428572242954136,0.14285708654550647,0.1428570328636067,0.14285723639234332,0.14285711751139346
387,28b7d702540825b5393b60e4f3352b560bececd3f3433ef8634deaf6a5d918ec,Bacterial-Spot(752),5,0.999999999999959,0.1428571521211025,0.14285714763805143,0.14285721145217203,0.1428570954261957,0.1428570502110777,0.1428572216419951,0.1428571215094055
388,42a123abf44c3cc629dbe72af1d9b601cc6e02e3c33433cbfe14941a2a363785,Bacterial-Spot(752),4,0.9999999999999946,0.142857139697257,0.1428571412182246,0.1428571195238343,0.14285715899130375,0.14285717437949677,0.14285711606607396,0.1428571501238098
389,e4ddead6cc12a17e26e9f364c5c8a30daa47db3721dd662580c41ac5328e8ec6,Bacterial-Spot(752),5,0.9999999999999715,0.14285715054952874,0.14285714683205555,0.14285719975989106,0.1428571035106304,0.14285706599652898,0.14285720820867304,0.14285712514269228
390,641a57dbd393c3435b8fb4731830673f1d1e6aea7261dd9efe5a7e99e7c8b7c9,Bacterial-Spot(752),5,0.9999999999999879,0.14285714782081435,0.14285714542907316,0.14285717951770313,0.14285711750742147,0.14285709333137553,0.14285718495384855,0.14285713143976386
391,0ff19ff5d0dc314d034924aff64b2a6b3545c00bd024c93c492abeba53883023,Bacterial-Spot(752),4,0.9999999999999934,0.14285713937273548,0.14285714105842753,0.14285711705398974,0.14285716069894927,0.14285717770724857,0.14285711322186403,0.14285715088678536
392,ffbeccab16b6e45b8ab0531fae4c3bd738f01cbfd911d8b3ab387334a163937e,Bacterial-Spot(752),4,0.999999999999999,0.1428571420482193,0.1428571424360652,0.14285713689743174,0.14285714697812305,0.14285715091004686,0.14285713601570538,0.14285714471440844
393,5930893a1adec1dd8dcceb94cc17e9fd6bee9f19b0ae970d26e2949e868fa72e,Bacterial-Spot(752),5,0.999999999999955,0.1428571526003353,0.1428571479017067,0.14285721484820213,0.14285709307739558,0.1428570456062096,0.14285722552730434,0.14285712043884644
394,6b406ae1236ff30532e37a3b7e4c5267fd9714b89ffeaea625472b6f4d5cb64a,Bacterial-Spot(752),5,0.9999999999999828,0.1428571487832677,0.14285714591497858,0.1428571867503501,0.1428571125068061,0.14285708357525315,0.14285719327057972,0.14285712919876473
395,583456a732398077968df6758a45882e9ae3e83ef23f41c6de9b8c81210e5809,Bacterial-Spot(752),5,0.999999999999895,0.14285715779150912,0.14285715057435838,0.14285725335980495,0.14285706644854923,0.14285699360000292,0.14285726976483068,0.14285710846094468
396,96e70e6a92a6060905bb0d9d6d184a92f2139d2ac9f8961ee7a0b5276a1ae5aa,Bacterial-Spot(752),5,0.999999999999867,0.1428571596975273,0.14285715156223094,0.14285726742250743,0.14285705672432636,0.14285697460086824,0.14285728591337085,0.14285710407916893
397,dc182c8161b380dbe13dac13739b44a54674aadb71c270d281d7d11a1c910629,Bacterial-Spot(752),5,0.9999999999997666,0.14285716516288913,0.14285715437725147,0.14285730795172905,0.1428570287002324,0.14285691986832438,0.1428573324677684,0.14285709147180511
398,14229ac4e6ea67ea1daff14379e5ecd212239c394bbc914428deb6285bd202bb,Bacterial-Spot(752),5,0.9999999999998734,0.1428571592725979,0.14285715133383148,0.142857264349998,0.14285705884893365,0.14285697875972694,0.14285728239365583,0.14285710504125612
399,3515c83a555b04ccc3a224bb3f7cade5e74d6329752d57df0303261f402adfc5,Bacterial-Spot(752),4,0.9999999999999988,0.14285714185759033,0.1428571423463832,0.14285713540820422,0.14285714800763732,0.14285715291213233,0.1428571342969317,0.14285714517112094
400,310b847220771ece7b94693b022198d495a008c6aefdd77ea2c41fd4c5265bd9,Bacterial-Spot(752),5,0.9999999999997506,0.14285716592589667,0.14285715477262056,0.14285731357450834,0.14285702481197965,0.14285691227116853,0.14285733892512953,0.14285708971869676
401,52daf0223626301d44b168d05bb43950d95edc88d7816450bd025ff5b9d2eaf2,Bacterial-Spot(752),5,0.9999999999999181,0.1428571560339089,0.1428571496610466,0.1428572404203531,0.14285707539626472,0.14285701108481988,0.14285725490795095,0.14285711249565583
402,64449da802b3aa7523f5faabd40f0f7dca9e2ff495f4ac50770b67303494517f,Bacterial-Spot(752),4,0.9999999999999992,0.1428571426303984,0.1428571427111331,0.14285714147107878,0.14285714381705042,0.14285714476337344,0.14285714129063448,0.14285714331633145
403,e5305a7996e1fe3175e3a1776acdd4269da1bce67c178482c978c8a689eca8f3,Bacterial-Spot(752),5,0.9999999999999385,0.1428571542497606,0.1428571487367589,0.14285722721460428,0.1428570845270931,0.14285702892202315,0.14285723974563402,0.14285711660412612
404,bb7d1ccb1c4008d94c53eb80be11a8dccdfef245057c3bfbef82d19889d572d0,Bacterial-Spot(752),5,0.9999999999999923,0.14285714668852656,0.14285714484677006,0.14285717109944004,0.14285712332795594,0.14285710469753907,0.14285717528415634,0.14285713405561196
405,b72fd81b964a64bcefd97142b58a2efb4de1f6f8788dcdc5d506adefed5785cf,Bacterial-Spot(752),5,0.99999999999988,0.14285715885403238,0.1428571511313059,0.1428572611211072,0.14285706108104176,0.14285698310546457,0.14285727867282744,0.14285710603422075
406,96b07eca341fbfd63a6d93dd60a3eca55aa826c73dab094b3dee36e1490a1b22,Bacterial-Spot(752),5,0.9999999999999251,0.14285715547805874,0.14285714938383567,0.14285723618806698,0.1428570783218474,0.1428570167877883,0.14285725003974303,0.14285711380065994
407,a1b2f262794b06b3d6fcdc1d5375fe4427ed4fd2a4133f6a22330279b9c70155,Bacterial-Spot(752),5,0.9999999999998864,0.1428571584171331,0.14285715090283782,0.14285725793195592,0.1428570632867094,0.14285698741780697,0.14285727501150008,0.14285710703205665
408,71945eb772168447530a30a57c948e6c5851540e3f16a0ec7eb9528fe57e5a9b,Bacterial-Spot(752),5,0.9999999999999662,0.1428571512540816,0.14285714719683454,0.14285720496544357,0.1428570999111383,0.1428570589644346,0.14285721418641806,0.14285712352164925
409,b7ca9aa463002426eae066e2214eedc179921f4a6b8bfe5c051e29164acd9705,Bacterial-Spot(752),5,0.9999999999998771,0.14285715904081944,0.1428571512297126,0.14285726249128436,0.14285706013366936,0.14285698125317944,0.1428572802442752,0.14285710560705966
410,b065b919bb43d7ccc6e074b53e381fc4118b81ab6e7184f36eaab3df48b35ad2,Bacterial-Spot(752),5,0.9999999999998243,0.14285716221909683,0.14285715286457815,0.14285728607556938,0.14285704382620526,0.14285694940573193,0.1428573073369671,0.14285709827185122
411,f524e49a21c0063add5eaf528a4fbe5102cc80c6e4578b9cb481bcb7f368715a,Bacterial-Spot(752),4,0.9999999999999928,0.14285713912306505,0.14285714093322258,0.14285711517354882,0.1428571619991183,0.1428571802432346,0.14285711105855112,0.1428571514692595
412,c6203344ca3988fc27987121103a166a10cf4c04d3887a04b3dae7d4aabc5c37,Bacterial-Spot(752),5,0.999999999999785,0.14285716427790024,0.142857153923923,0.1428573013654743,0.14285703325423613,0.14285692875992653,0.14285732490006794,0.14285709351847184
413,01a0266f8c0b4583b080aed9d0f17cc24bc5fc542b2f7a544d3536bb6d1e5602,Bacterial-Spot(752),4,0.9999999999999983,0.1428571413655394,0.14285714205181813,0.14285713216676596,0.1428571502508663,0.14285715733730497,0.14285713061024563,0.14285714621745965
414,a055cea571fe052f654ad2c84ed21407e907ca52c920765787237ee8ffebb403,Bacterial-Spot(752),5,0.9999999999999862,0.14285714812482814,0.1428571455827683,0.14285718179097587,0.1428571159354838,0.1428570902638757,0.1428571875683027,0.1428571307337655
415,dd6a1f114d16cb978cb4e42a00aa9e79a447c52c8594fcf521ecb4feb3801a5a,Bacterial-Spot(752),5,0.9999999999998123,0.14285716287466346,0.14285715320420983,0.14285729092355684,0.14285704047407516,0.14285694285709066,0.14285731290351172,0.1428570967628924
416,ba092b938b2399863a94f7f919b124cf8fe608e51c8a796d17c03c5c10758db6,Bacterial-Spot(752),5,0.9999999999999009,0.142857157383249,0.14285715037062904,0.14285725027319662,0.1428570685826105,0.1428569977612559,0.1428572662131419,0.142857109415917
417,5a4b94bb599d1c50559d93351816e7ea2b42c8f0aff31f9dc3b403246a02bdac,Bacterial-Spot(752),5,0.999999999999806,0.14285716320432332,0.14285715336980725,0.14285729340607164,0.14285703875764563,0.14285693950914294,0.1428573157590817,0.14285709599392757
418,8a426db6820dd22aeef2476919b16144056e75698e246e64602ffaf5ea9bae2c,Bacterial-Spot(752),5,0.99999999999993,0.1428571550550541,0.14285714916733203,0.14285723303695624,0.1428570805006107,0.14285702104160128,0.14285724641902486,0.14285711477942067
419,a03d65111d2e7e2f1d1134109e3dba6cde877b5222f74623d8b11c6a0370682f,Bacterial-Spot(752),5,0.9999999999999262,0.14285715537705534,0.14285714933351817,0.14285723544108095,0.14285707883866403,0.1428570177964138,0.14285724917893355,0.14285711403433418
420,f0a0768448117dd138435447cfece791b2a444aaf16363cba71aaf7542594769,Bacterial-Spot(752),4,0.9999999999999976,0.14285714095014723,0.14285714187372697,0.1428571287413743,0.14285715261789986,0.1428571619224367,0.14285712664298678,0.14285714725142815
421,9d600801dbfd315f5a7b943debc41ae61bf11f85cfee2b666b84356d46922190,Bacterial-Spot(752),5,0.9999999999998159,0.14285716266626972,0.14285715308877425,0.1428572894660667,0.14285704148240067,0.14285694483552122,0.14285731123605672,0.14285709722491072
422,1941a00e80fc43d19bb89348ff5a046716327f1a11e3c91921ce914106dc92bb,Bacterial-Spot(752),5,0.9999999999997898,0.14285716403519108,0.1428571537958561,0.1428572995897009,0.14285703448211484,0.14285693116097403,0.14285732286343847,0.14285709407272462
423,395609536bbd5e7d8bd27e8be1eed1f9cada491c129ed9e8b995b6cdce34e87d,Bacterial-Spot(752),5,0.9999999999998239,0.14285716222781916,0.14285715285983405,0.1428572862404372,0.1428570437128179,0.14285694919467154,0.14285730753399647,0.14285709823042372
424,82f077111f575cb6859cc9008ed4e85a266121e77d5da91f491c1b753a09fc5d,Bacterial-Spot(752),4,0.9999999999999873,0.1428571377915404,0.1428571402236316,0.14285710554260378,0.14285716865975032,0.1428571932776617,0.14285710001650162,0.14285715448831068
425,ea2887a99fdd8d5a642e4208345bf1c2254a698a03f6be3a1194b09e5c6a7f6c,Bacterial-Spot(752),4,0.9999999999999976,0.142857141032018,0.14285714192328713,0.1428571292554287,0.1428571522616943,0.1428571612177771,0.1428571272282231,0.14285714708157157
426,3ba704c97c1bb6f5cba155a612c634efc8ee95c42435325d5557f1788be4e665,Bacterial-Spot(752),5,0.9999999999999871,0.14285714797603197,0.14285714550197157,0.1428571807396873,0.1428571166628271,0.14285709168942146,0.14285718636368297,0.1428571310663777
427,e6dab5d14e6d532d85a23d0d10e49c80258510f735732b7ac414c1b317f3dd3a,Bacterial-Spot(752),5,0.9999999999999798,0.14285714928860418,0.14285714617347842,0.14285719050626872,0.1428571099096459,0.14285707850430823,0.14285719758705404,0.1428571280306406
428,aa3ec2e5a53fce9910bf140d66ba0969db02e68d440201c12a8e2fb98a174505,Bacterial-Spot(752),5,0.999999999999981,0.142857149077811,0.14285714607227165,0.14285718887814108,0.14285711103525245,0.14285708069518008,0.14285719570978858,0.14285712853155516
429,8035f352419582e32598ee24429f6cc4ef2857f0d658a2a242d4e77a39b95700,Bacterial-Spot(752),5,0.9999999999999791,0.1428571494771288,0.1428571462971394,0.14285719167427172,0.1428571091014793,0.14285707689922345,0.14285719890281687,0.14285712764794048
430,bd218a5f4d88aaa6cb7c9b7bf0dcdfe8dacb2890c77587ce0ad786d2725333f2,Bacterial-Spot(752),5,0.9999999999999969,0.142857145021598,0.14285714397016924,0.14285715893454465,0.14285713174063502,0.14285712114829496,0.14285716132565585,0.14285713785910217
431,adbd3a0feff73b0a81d20e117c19da4c68baebceffcf4fbb84e89c5104cb559b,Bacterial-Spot(752),4,0.9999999999999917,0.14285713881198764,0.14285714077754896,0.14285711281947883,0.14285716362659362,0.14285718341677645,0.1428571083506061,0.1428571521970084
432,68e08fdcb7edcc4623038c454592a6d01790b5560cd877a94dcfe3384594ae6e,Bacterial-Spot(752),5,0.9999999999998356,0.1428571615848049,0.1428571525406072,0.1428572813450107,0.14285704709703628,0.14285695579096622,0.14285730190072057,0.1428570997408541
433,f7560f12b20b4f53b8efb663764923fc913b668e924b7ddd9a49215ed1d56174,Bacterial-Spot(752),4,0.9999999999999987,0.14285714177899497,0.14285714230589927,0.1428571348120009,0.1428571484196003,0.1428571537159878,0.14285713361298788,0.14285714535452884
434,6d550f4dbc00c6c549293daf326a42b9dc185afc4061486471226e9c033ef715,Bacterial-Spot(752),4,0.9999999999999952,0.14285713998679453,0.14285714139308792,0.14285712144025783,0.14285715766548615,0.1428571717638831,0.14285711824284575,0.14285714950764455
435,a15461088e9dcf0a6934a49b7eae4230cf71e7b21382ffb570648c72aeb5fbdd,Bacterial-Spot(752),5,0.9999999999999659,0.14285715129411244,0.14285714719918632,0.1428572054326889,0.1428570995886882,0.14285705835368762,0.14285721474013885,0.1428571233914977
436,1ddba460009020895ff76dc30bb6c9490c86869732dda796b04443d1efb26fc6,Bacterial-Spot(752),4,0.9999999999999964,0.14285714037941355,0.14285714154394205,0.14285712485476376,0.1428571553068089,0.14285716721183675,0.14285712221109953,0.14285714849213532
437,eba248993253eba71f61604c6667a5cfde124116943293fa932b595070b6d38c,Bacterial-Spot(752),5,0.9999999999998682,0.14285715962196863,0.1428571515317,0.14285726679191224,0.14285705716022598,0.1428569754439585,0.1428572851807133,0.14285710426952133
438,fa1267a18fe0900f42b88e3945d6378fc239e3f34db588a11d8f0a4efc61062c,Bacterial-Spot(752),5,0.9999999999999731,0.14285715034987767,0.14285714675871788,0.1428571980138508,0.14285710471711255,0.14285706832265446,0.1428572061749895,0.14285712566279712
439,2a63d55db7cc4bd65ebb93c3904635b738b9cc0c7d5a1eb05e09f08ec5f2bda5,Bacterial-Spot(752),5,0.9999999999999922,0.14285714676757938,0.1428571448802401,0.1428571717669617,0.14285712286693514,0.1428571038054106,0.1428571760567319,0.14285713385614124
440,f7afe32848bb4e302295e3b9c65e66d69776f70409db8a6472532632b8b51cb9,Bacterial-Spot(752),5,0.9999999999998695,0.14285715951895708,0.14285715146259706,0.1428572661768108,0.14285705758607706,0.14285697629231697,0.14285728448914597,0.14285710447409503
441,56c0d9c06384ad97ffcabcb4c5f349853794c0e8fb8d72c6ceecc52119b0bd68,Bacterial-Spot(752),4,0.9999999999999987,0.14285714164927088,0.1428571422312863,0.1428571339363973,0.14285714902560237,0.1428571549083779,0.14285713261355187,0.1428571456355133
442,5c077bbbc0311153eb1986d62156b58fef7fca032112596ec0332dc3f83498ce,Bacterial-Spot(752),5,0.999999999999886,0.14285715843694,0.1428571509065861,0.14285725814216688,0.14285706314164928,0.14285698714137768,0.14285727525875472,0.14285710697252543
443,0ff796d39307203fb45c1e3e3a496377af98e3a682cce753a4c2030af9948be6,Bacterial-Spot(752),5,0.9999999999999716,0.14285715058509557,0.1428571468712719,0.14285719984194664,0.14285710345344554,0.1428570658637942,0.14285720828259996,0.14285712510184617
444,42595b889b3ecf6eac1655144416df6e8e75f50ae4aeb94b7cdd2f3ba1193ab0,Bacterial-Spot(752),5,0.9999999999999885,0.14285714766810725,0.14285714533313273,0.14285717855017563,0.14285711817709434,0.1428570946574795,0.14285718385829832,0.14285713175571227
445,1eb850e52da9efb4ddc3bd85a06eea476978cb51f6478816cb601bd28a2eb513,Bacterial-Spot(752),5,0.9999999999998834,0.14285715860660525,0.1428571510010261,0.14285725933822213,0.14285706231445847,0.14285698551870596,0.14285727662582073,0.1428571065951614
446,bfd01cdea9da1a5e7471dcfbc1f276c6021453a7af38dd1ebfbeb243fea893d4,Bacterial-Spot(752),5,0.9999999999998374,0.142857161482196,0.1428571524822629,0.1428572806669853,0.1428570475667164,0.14285695671567722,0.14285730112487424,0.14285709996128798
447,f05e7631e2c3bc3e0b8c64354f9deefefca24f91b3ce252dd544a52bb6550a99,Bacterial-Spot(752),5,0.9999999999999993,0.1428571428210996,0.14285714281051917,0.1428571428639548,0.14285714285366732,0.1428571428801462,0.1428571428902136,0.14285714288039933
448,f7d3625fde674ce92bce15d8bd5110e473c4c0e0d4972e43b857ca37c173bc7b,Bacterial-Spot(752),5,0.999999999999907,0.14285715691057718,0.14285715012058892,0.14285724680535183,0.14285707098018846,0.14285700244940452,0.14285726223750095,0.1428571104963881
449,34922b85a53e0a991f1e6c4180e31c2b0d08a1030dec8f105b842dda844aec95,Bacterial-Spot(752),5,0.9999999999998849,0.14285715851863703,0.14285715095578203,0.14285725867484417,0.14285706277294344,0.14285698641344127,0.14285727586445482,0.14285710679989713
450,398f95c6d6705b6aa28bffa9f22912fb46b8093b4b26ebbe226d9c9dae8f498f,Bacterial-Spot(752),5,0.9999999999997953,0.14285716374637003,0.14285715364633159,0.1428572974725953,0.14285703594638904,0.14285693402249666,0.14285732043113059,0.14285709473468677
451,f8e00f731ada89f416c0400d5b3f3c0e59825a54536bcec2b01d3211d3947b94,Bacterial-Spot(752),5,0.999999999999999,0.14285714365966398,0.1428571432673861,0.14285714885435336,0.14285713871082298,0.14285713476320966,0.14285714974763788,0.1428571409969261
452,c3af3da3007bcac43593545e6d6636fe5148a8817e301254458d0f59cb6d5a51,Bacterial-Spot(752),5,0.9999999999998116,0.1428571629091091,0.14285715322552023,0.14285729116282297,0.14285704030886368,0.14285694253165304,0.14285731317388944,0.1428570966881415
453,a1dc3793716b40eaf19b03efa6fea04a7f92a4992fc463edc0f3da83ac325c6b,Bacterial-Spot(752),5,0.9999999999998382,0.14285716143198643,0.1428571524518215,0.14285728032451073,0.14285704780341288,0.14285695718204924,0.14285730073660535,0.14285710006961394
454,b701304897ebb2a95d6242c4c3dcef8faedc76f4043351edc0454092a0e044ad,Bacterial-Spot(752),5,0.999999999999922,0.14285715572988336,0.14285714952155734,0.14285723800342198,0.14285707706680686,0.1428570143295201,0.1428572521160017,0.14285711323280856
455,5e1eec054b4d7d8300e24bb6404e0cc48175109dd1f7a50a0bfe381690547550,Bacterial-Spot(752),5,0.9999999999997895,0.142857164040887,0.1428571537912469,0.14285729970142239,0.14285703440510783,0.14285693101834784,0.14285732299883522,0.14285709404415278
456,f630a65bcf0ffdfe5a84b980a714f802b49d1232e0bef20d332daab022d4c6dd,Bacterial-Spot(752),5,0.9999999999998809,0.14285715879687477,0.14285715109784816,0.1428572607383877,0.14285706134588969,0.14285698362712257,0.14285727823671038,0.14285710615716674
457,fc4cc565179c0ecf53cf539647595e5f7c7a3b7a084c7ffc764f4d2fafedc5aa,Bacterial-Spot(752),5,0.9999999999999404,0.1428571540837443,0.14285714866896732,0.1428572258117413,0.14285708549636034,0.1428570307962609,0.14285723811818338,0.14285711702474255
458,42854a44f459cf2d68eb2b8850bb4b6814f64d49347b2fe8025b3c8ff3cc097e,Bacterial-Spot(752),5,0.9999999999999993,0.1428571429229061,0.14285714286747317,0.14285714359281257,0.14285714234987726,0.1428571418923669,0.14285714372215863,0.1428571426524054
459,6b1e87024266b8b07fc32ffa360ef6e58875b057328577df4df984c8e3a89730,Bacterial-Spot(752),5,0.9999999999998948,0.14285715781431355,0.1428571505842185,0.14285725352511902,0.14285706633385442,0.14285699337684948,0.14285726995792528,0.14285710840771987
460,7b7dcfe0136db79f12a5801e6e9e40ad41e81d501ed24c1c2712df2a0193863f,Bacterial-Spot(752),5,0.9999999999997525,0.14285716584507008,0.142857154735152,0.14285731294896842,0.142857025244633,0.1428569131124989,0.14285733820186924,0.1428570899118084
461,74afccc41bdebfe29a468cbc5bf6a66695494c910c4e4e9264b50ed12d4255dc,Bacterial-Spot(752),5,0.9999999999999023,0.14285715728112455,0.14285715032363838,0.14285724945949874,0.1428570691449611,0.1428569988535106,0.14285726527353682,0.14285710966372986
462,a606d72f71f281e846f120ff7960cd253821e6232e0e13ec7cfa8aad7c6febb3,Bacterial-Spot(752),5,0.9999999999999725,0.14285715040560998,0.14285714675188232,0.14285719876592126,0.14285710419847647,0.14285706734716688,0.14285720707141586,0.1428571254595271
463,aca105a73cbb866356f14a507ab20cdd7106a6358c571d59f56a1c52dd1a5e47,Bacterial-Spot(752),5,0.9999999999999983,0.14285714428915822,0.1428571435997068,0.14285715342468153,0.14285713554990126,0.1428571285801334,0.14285715499137078,0.14285713956504803
464,9ef20b4cd89ad002dd6e4b18d7647921e0eae40ecd1ffd5391014eef3dcb2711,Bacterial-Spot(752),5,0.9999999999999992,0.14285714303703373,0.14285714295401372,0.14285714415803238,0.14285714195763563,0.14285714109619926,0.14285714434706073,0.14285714245002443
465,7050f17ff344ae6911277709b2f282b9fc5c94fb53761affe512254890ab8372,Bacterial-Spot(752),5,0.9999999999999118,0.1428571565361552,0.14285714991711052,0.14285724412512138,0.1428570728337481,0.14285700608042118,0.1428572591688846,0.14285711133855916
466,87f312edcf0ded8d931003712ca655f9042e5e63b97fdea37835d9bf8bc58919,Bacterial-Spot(752),5,0.9999999999997172,0.14285716743213553,0.14285715555077358,0.14285732471889373,0.14285701710599788,0.14285689721830563,0.14285735172431252,0.14285708624958113
467,ecf08618fcab3ad238055d7a523edb5f74d9714247cdbf38a2c9f1be085f5a51,Bacterial-Spot(752),5,0.9999999999998693,0.14285715955495581,0.14285715148977574,0.14285726636222623,0.14285705745755298,0.14285697603227002,0.1428572846941616,0.14285710440905774
468,74983161b93ef471fe1f0d19f79ae3ca24209d3b038a7d2c654b0dfeded00922,Bacterial-Spot(752),5,0.9999999999998535,0.14285716051810626,0.14285715198214707,0.1428572735441547,0.14285705249181013,0.14285696633803116,0.1428572929468883,0.1428571021788623
469,0e44be2e48b2aa834a54d6c952ec86fa474e0f2a4366117ae7a0518cc2a41bab,Bacterial-Spot(752),5,0.9999999999999549,0.14285715258836326,0.1428571478561117,0.14285721515443373,0.14285709286759413,0.14285704523890705,0.14285722591388147,0.14285712038070866
470,55bd77ce93cd17fd48e731f5ee6b87eb72546b4925b20be232c09c1f38494170,Bacterial-Spot(752),5,0.9999999999999889,0.1428571475445637,0.14285714527408158,0.14285717756454402,0.142857118857894,0.14285709598090307,0.14285718272368547,0.14285713205432823
471,2fccecda6722565ead2283684547c9a4f006fb033008c8b94cbd67e63320e9f4,Bacterial-Spot(752),5,0.9999999999997692,0.14285716506121335,0.14285715433155477,0.14285730711745984,0.1428570292764834,0.1428569209858184,0.14285733150446187,0.1428570917230085
472,993bcb42ed3b5eb65f90522654bceb734e3515f1fd5ea2b7b14f4828bb61ae7f,Bacterial-Spot(752),5,0.9999999999998849,0.14285715852102782,0.14285715096236729,0.14285725863246465,0.14285706280184185,0.14285698646381487,0.14285727581149507,0.14285710680698852
473,b3f3a761065940adcc8eac001362b79b915049f24d3bcbe89c8a7cb1724817f5,Bacterial-Spot(752),5,0.9999999999999074,0.14285715689843806,0.14285715012592767,0.14285724661171834,0.1428570711137683,0.1428570026984909,0.14285726200401117,0.14285711054764555
474,c4dd921fdc3b0442d534fe987936d48bd9e4c521fee5be86c4053fb8d486a1fc,Bacterial-Spot(752),4,0.9999999999999979,0.14285714111109715,0.14285714195899638,0.1428571298978754,0.14285715181784223,0.14285716035659654,0.1428571279702146,0.14285714688737772
475,4aa261a3aaaefabce76b7db4f196c598939d348e4a2cf04e648f916a5885961c,Bacterial-Spot(752),5,0.9999999999998793,0.14285715888374545,0.1428571511389045,0.14285726141671526,0.14285706087698335,0.142856982715113,0.1428572790193153,0.14285710594922324
476,88beaa914780729a04ae728f83af98fd8db7d8d0261cf1c28ec382cb543a27f8,Bacterial-Spot(752),5,0.9999999999998044,0.1428571632787873,0.14285715340610008,0.14285729398494998,0.14285703835760563,0.1428569387303729,0.142857316425431,0.14285709581675304
477,58158ca95a8475aa885bea9d3ba2b4cbcf7b4aa2e4a38f0b6990b328c1350807,Bacterial-Spot(752),5,0.9999999999998497,0.14285716076145685,0.14285715210752284,0.1428572753206093,0.1428570512628901,0.1428569639362674,0.14285729498925906,0.14285710162199441
478,00a5203687fdbbb1ace72da1c6fe8ca23c7f597d220dc9ae0696acf4144e9cad,Bacterial-Spot(752),5,0.999999999999978,0.1428571496042653,0.1428571463363137,0.14285719282999865,0.14285710830257237,0.14285707536457593,0.14285720025700638,0.14285712730526778
479,44cc65204b01c18811d97b379ac653474d4cbd128cb337c01b4d6e4a8749d0d5,Bacterial-Spot(752),5,0.9999999999998035,0.14285716334150156,0.1428571534426561,0.14285729440180547,0.14285703806904798,0.14285693816188147,0.14285731690086478,0.14285709568224272
480,8e4944901f6e43f8c6eb47af0caca03583dd590adefd91e38c0d7768c3dbb611,Bacterial-Spot(752),5,0.9999999999999899,0.14285714731089325,0.1428571451223506,0.14285717617518115,0.1428571198207299,0.14285709789670906,0.14285718115353152,0.14285713252060453
481,29cf58c87d13cb43c9f28852899a29f98f1ed926baa216690069846433044320,Bacterial-Spot(752),5,0.9999999999999518,0.14285715292182463,0.14285714804321872,0.14285721746175328,0.14285709127119023,0.14285704210385247,0.14285722855144553,0.14285711964671516
482,edfdd3d8223cab2420decadfd39401b0cf5c68c1422435e5c87fcd10aaf04e7a,Bacterial-Spot(752),5,0.9999999999998032,0.14285716335292742,0.14285715345121164,0.14285729445591355,0.14285703803141656,0.14285693808534627,0.14285731696093212,0.14285709566225244
483,0af22d56e66d2f5fe6790078728dd6bdb36242da18516f5f9dc3253dba975ede,Bacterial-Spot(752),5,0.9999999999997723,0.1428571649158137,0.1428571542646068,0.14285730598595747,0.14285703005902992,0.14285692250701967,0.14285733019597344,0.142857092071599
484,af1b4140d9b28947a3450ac5238cf95617b57044547803c23af38e5bea8ec868,Bacterial-Spot(752),4,0.9999999999999992,0.1428571423076541,0.14285714258627288,0.14285713864784605,0.14285714576681782,0.14285714852608294,0.1428571380121963,0.14285714415313003
485,68b8858476de38dbfb7308f376e67497808a0f42dc35c8fc5d04f1000bc5f7cb,Bacterial-Spot(752),5,0.9999999999998566,0.14285716034040263,0.14285715190069614,0.14285727213530433,0.14285705346567693,0.1428569682297176,0.14285729131903424,0.14285710260916806
486,c941a229d7ffaeee1702fa7ef7a1fb3a492ccb8b7058e47d91a48f0435f01b5f,Bacterial-Spot(752),5,0.999999999999999,0.14285714362570523,0.14285714325399,0.14285714853919076,0.1428571389280727,0.14285713518188517,0.14285714938350513,0.14285714108765102
487,489af0793e93665c5fcd466b6d4e942ba5ee424933388fc37c4015415fe658b6,Bacterial-Spot(752),5,0.999999999999766,0.14285716520868025,0.14285715440483882,0.1428573082395051,0.14285702850080573,0.14285691947388623,0.1428573327955702,0.1428570913767136
488,f8e73bc10f3e50f30ea984f712068acad6443537a2659da0fdd27f9db5c8158e,Bacterial-Spot(752),5,0.9999999999999565,0.14285715241737448,0.14285714778382372,0.1428572137248891,0.14285709385520354,0.14285704715063088,0.1428572242581064,0.14285712080997198
489,167eb2da36d05ff0e0e21af6c68230985e24f59440cd20cfdb9edfeb3a0f7116,Bacterial-Spot(752),5,0.9999999999999649,0.14285715142772998,0.14285714729465845,0.14285720617108882,0.1428570990771158,0.14285705732661028,0.14285721556377515,0.14285712313902144
490,faf519dc40b3d181b3b7ec3487c063a5a80a76a825e94f779c474b3a03916cf6,Bacterial-Spot(752),5,0.9999999999999363,0.14285715445811908,0.14285714884524517,0.14285722875380488,0.14285708346287557,0.14285702684261736,0.14285724151224086,0.14285711612509708
491,726a1f108834ef12a1774f02b76060b8c721beb33f89f379c00b4263e5678316,Bacterial-Spot(752),4,0.9999999999999992,0.14285714247400774,0.14285714263624336,0.14285714026272603,0.1428571446524586,0.1428571463893558,0.14285713989711565,0.14285714368809294
492,58f0cd5aa470f4ade092a4a6bd8b536bae50f0ff11f96bfb5de6a8352f73756e,Bacterial-Spot(752),5,0.9999999999999991,0.14285714358505675,0.1428571432225442,0.14285714833838023,0.14285713906734082,0.14285713546500292,0.14285714916244693,0.14285714115922818
493,cb800c348fff24c5dd8f8f9fbe7b24aa24ac0d9e89a42e05728240afaea24d20,Bacterial-Spot(752),5,0.9999999999997132,0.14285716760249456,0.14285715563734724,0.14285732600516773,0.14285701621689,0.1428568954837266,0.14285735320209575,0.14285708585227816
494,bb03a3d6df382e9710b1866a32dfb92763807572e0eaa36d43424527e0fb5721,Bacterial-Spot(752),5,0.9999999999999453,0.14285715361078877,0.1428571484165641,0.14285722239858725,0.14285708785695606,0.14285703541649206,0.14285723420500362,0.14285711809560817
495,db335302409b89c7a99b359922a68c3fcece92dd88f5988f6c74342c973947d6,Bacterial-Spot(752),5,0.9999999999999688,0.1428571509007865,0.1428571470098958,0.1428572024083054,0.14285710167979454,0.14285706242478585,0.14285721125264442,0.14285712432378755
496,ab99a8c9376614059f073f1edda04336a756d6f6ada6912e6297a9bc60841200,Bacterial-Spot(752),4,0.9999999999999805,0.14285713651923518,0.14285713957973661,0.14285709598959465,0.14285717526457722,0.1428572061648081,0.14285708903346037,0.1428571574485878
497,df7a618c0c7e69b583dc1216a9dd24d1bf4f8abeac8966375a0029dc179594cf,Bacterial-Spot(752),5,0.9999999999999557,0.14285715249507672,0.14285714783967052,0.14285721415411926,0.14285709355787535,0.14285704655347942,0.14285722473638304,0.14285712066339573
498,ab3e52506d6f1926872c44033ae2ab64f47e97f8a2ea5fa88b39ee2f4622b47f,Bacterial-Spot(752),5,0.9999999999999216,0.14285715577362554,0.14285714953672796,0.14285723838529082,0.14285707680278698,0.14285701382092936,0.14285725256222923,0.14285711311841026
499,e2bcd902601f71c08ab27ca4372f2b15bd2021c4ed2c50a8a053328052210047,Bacterial-Spot(752),5,0.9999999999999781,0.1428571495712802,0.1428571463282765,0.1428571925349921,0.14285710850694427,0.14285707575615025,0.14285719990757884,0.1428571273947778
500,30978bc79f8e31766b07cc06477b2998995573a4750d74afc61599e2aa02ea9b,Bacterial-Spot(752),5,0.9999999999999872,0.14285714792840185,0.14285714546647196,0.14285718048375615,0.1428571168400655,0.14285709204672856,0.14285718608022674,0.14285713115434936
501,9ea98a8b403f3c4df08a3776b65486d265147f1844997d087ed3d2cbb7943444,Bacterial-Spot(752),5,0.9999999999999934,0.14285714637290128,0.14285714468473834,0.14285716878449595,0.1428571249292532,0.14285710782602898,0.1428571726224972,0.14285713478008502
502,ab31c21a058520ff3705e0883d79334692f9ddda483ccc4db3a4ebf48410843b,Bacterial-Spot(752),5,0.9999999999999956,0.1428571456015458,0.1428571442496402,0.1428571634296773,0.1428571286334445,0.14285711510054527,0.14285716650592659,0.1428571364792204
503,57686078d2686b795188eb4c36fb7257b5998776528ee2e1827d3da42e007763,Bacterial-Spot(752),5,0.9999999999999754,0.1428571500010201,0.1428571465432489,0.14285719574758496,0.14285710628509213,0.14285707142161358,0.14285720360595952,0.1428571263954808
504,17c2c2471b5cf58f7f2e17ad08d8998f909ec78b871f4cca3d4de30f70f490ea,Bacterial-Spot(752),4,0.9999999999999967,0.14285714046791537,0.1428571416175631,0.14285712523132624,0.14285715504506638,0.14285716667059786,0.1428571226188151,0.14285714834871593
505,bedfe5b8bc66e28b584dc262f785743443016165bf901fd5075824f98cb94e82,Bacterial-Spot(752),4,0.9999999999999912,0.14285713867799554,0.14285714069757466,0.14285711194189124,0.14285716423407227,0.14285718461539254,0.14285710735181315,0.14285715248126066
506,0d3780d84ecae49cb9a5c7ff4dfc091fee7933ba92edbbdd0fb1a8f038075a7e,Bacterial-Spot(752),4,0.9999999999999962,0.1428571402670531,0.1428571415223902,0.14285712366533945,0.1428571561276039,0.14285716877630408,0.14285712081227042,0.14285714882903897
507,a5bdaec1bdfa512ebbea40f3d782d28e602510286e21bb8ff45909d8c6f9f195,Bacterial-Spot(752),5,0.9999999999999424,0.14285715388961392,0.1428571485557123,0.142857224518447,0.14285708639154343,0.14285703255962123,0.14285723664343009,0.14285711744163196
508,4755c2721a9c683c59bb486d6611f3793b355d46ee874d34923fa1bc2314ec85,Bacterial-Spot(752),4,0.9999999999999932,0.14285713926633992,0.1428571409975281,0.14285711633068784,0.14285716119946643,0.14285717869168102,0.14285711239611906,0.14285715111817768
509,d26b3b7a270f7f9fadc13b37b142a3ecf34b5a4072cf66e8291c6100f9374268,Bacterial-Spot(752),5,0.9999999999999003,0.14285715742015462,0.14285715038607708,0.14285725057782947,0.14285706837204024,0.14285699735358237,0.142857266566522,0.1428571093237942
510,6bb249b25fe85835e0e1d869f71b8d3523ff084efab1f71263babf26fb2026d2,Bacterial-Spot(752),4,0.9999999999999873,0.14285713780279954,0.14285714025198845,0.14285710539797694,0.14285716875859508,0.1428571934463593,0.14285709983059108,0.14285715451168968
511,c03dbdfb2ba0c0e76ba651f6c55b2e2bd637363edb737e8e0de81ad2e65fd064,Bacterial-Spot(752),5,0.9999999999999488,0.14285715327025922,0.1428571482395459,0.14285721990584951,0.14285708958098967,0.1428570387862112,0.14285723134201658,0.14285711887512792
512,7d8cd180d91a15760c5e97677311bc0827295f0c11ee13c668c6dcee08fd07fe,Bacterial-Spot(752),5,0.9999999999999944,0.1428571460600878,0.1428571445056328,0.14285716662067993,0.14285712642580592,0.14285711076702567,0.14285717015453686,0.14285713546623116
513,12781ee05085370b4829ffb586640af776a74842993cfa29c7a4fe2f1c12a3eb,Bacterial-Spot(752),4,0.9999999999999769,0.1428571359480318,0.14285713927191845,0.14285709188192397,0.1428571781053414,0.14285721172718716,0.14285708432771602,0.14285715873788118
514,d2dd46b2c5897e3eb17aee486f7e0c3ad48b97860284c040ece65d9a7bcfe762,Bacterial-Spot(752),4,0.9999999999999992,0.1428571427814132,0.1428571428067183,0.14285714240703432,0.1428571431688757,0.1428571434780893,0.14285714235038127,0.14285714300748792
515,da265f47215d61ba768bfd773dd3dc7ce5e5b915465e0bd004615448992353f1,Bacterial-Spot(752),5,0.9999999999999469,0.14285715342786343,0.142857148314806,0.14285722112988514,0.14285708873482558,0.14285703713983325,0.14285723275353676,0.1428571184992499
516,1a6051857b1ef14301166791adc633f7a71e6534db4111a577bf185e7ed6d342,Bacterial-Spot(752),4,0.9999999999999893,0.14285713825853968,0.14285714048689654,0.14285710877967997,0.1428571664203741,0.1428571888797006,0.14285710371462343,0.1428571534601857
517,49ed4d1624603d391d1dff4d6c4aec00fb6a418dfeab1fb5cd5b392359f39b71,Bacterial-Spot(752),4,0.999999999999999,0.1428571426313389,0.14285714275028433,0.14285714109973585,0.14285714407208666,0.14285714522044302,0.14285714082934406,0.1428571433967672
518,d5c16bd18149ddfbe23d100ec057b170e98b69daf0af7aec2356568ee8d337c3,Bacterial-Spot(752),4,0.9999999999999727,0.14285713534128203,0.14285713898328728,0.1428570871588955,0.14285718137024825,0.14285721807890944,0.1428570788804053,0.14285716018697203
519,3cec1d70d14a945c3f4a6f603c7fad3bc4b92522fc98f9a3af64d5726f032ecf,Bacterial-Spot(752),5,0.9999999999998511,0.142857160676516,0.14285715206825633,0.1428572746696561,0.14285705171327237,0.14285696481242685,0.1428572942359917,0.1428571018238807
520,3bb2a6b92945987a5c0367948d64b86c32c52ac8b881750aa27d0412c923d3d6,Bacterial-Spot(752),5,0.9999999999999568,0.1428571523675929,0.14285714775856564,0.1428572133575369,0.14285709410931333,0.14285704764677246,0.14285722383542693,0.14285712092479194
521,61b5fb113e63b61176258072fcaa2da6b5f1b5358f419fd05843f94833e54edf,Bacterial-Spot(752),5,0.99999999999996,0.14285715200812538,0.14285714759142387,0.14285721051982234,0.14285709607075445,0.14285705145860908,0.1428572205593792,0.14285712179188562
522,f5f28f2a8eca16ebdf2ab33b3b136ec688b63e8bc8392dc58c7a1e2bb4d1f6e3,Bacterial-Spot(752),5,0.9999999999999444,0.14285715368682206,0.14285714845991282,0.14285722291800657,0.14285708749753154,0.14285703470992125,0.14285723479812845,0.14285711792967726
523,aef260e5a503b1f3f3f07be07b59a30532c843febc80c1c3a39f0677d50c4c02,Bacterial-Spot(752),4,0.9999999999999883,0.14285713800585634,0.14285714034902322,0.1428571069624302,0.14285716767686532,0.1428571913408202,0.14285710163542104,0.14285715402958366
524,7d26478e9412916c9c4772b574da4b0737f9edab5437fcb9a103fce81dfd4e1b,Bacterial-Spot(752),5,0.9999999999999992,0.1428571430628266,0.1428571429388832,0.14285714462541665,0.1428571416356669,0.14285714049757786,0.1428571449096216,0.1428571423300072
525,428d317d23bc0a2c00ef4e458400639f1560e39111f883a7285bccf686f41098,Bacterial-Spot(752),4,0.9999999999999796,0.14285713639031494,0.14285713951883997,0.14285709496958818,0.1428571759693984,0.1428572075350063,0.14285708785756565,0.14285715775928653
526,fb920329f473480a53ba41ec8809d68105f0d857920af4629d14cb72bc608224,Bacterial-Spot(752),4,0.9999999999999672,0.14285713459937713,0.1428571385966653,0.14285708168522313,0.14285718515489973,0.14285722547448976,0.14285707259812533,0.14285716189121955
527,904b7c892bde78b1241cffebb72dff8d2171e6397fca8fc826631a2b16b79122,Bacterial-Spot(752),5,0.9999999999999957,0.14285714562410207,0.14285714427897478,0.14285716339002846,0.1428571286593597,0.14285711513050445,0.14285716644671329,0.14285713647031734
528,98b28e9ce554748d6c3e47de6ebb026f804d1bf29be4cc9321059308fe643d42,Bacterial-Spot(752),5,0.9999999999999929,0.14285714654269738,0.1428571447553947,0.14285717018103763,0.14285712396378222,0.14285710595687745,0.1428571742435756,0.14285713435663505
529,736f6d3580ac740bfe1567106ae5370a5d0abc1c59312ca420187d1bfb72edbb,Bacterial-Spot(752),4,0.9999999999999818,0.14285713675521722,0.1428571396998562,0.1428570977419972,0.1428571740526907,0.14285720379880598,0.14285709104844124,0.14285715690299136
530,cfcb2b899e3815bcdf7ba1f0502b632f8bd6169f477e159813cc2ac8288d5e0b,Bacterial-Spot(752),4,0.9999999999999937,0.14285713945530323,0.14285714108596417,0.1428571178010639,0.14285716018279077,0.14285717671447995,0.14285711409426652,0.14285715066613144
531,8a5ae243bd9ba021159b12b0a0aee7e5aac06c7cac93abdf84f99ad252899bb4,Bacterial-Spot(752),5,0.9999999999999861,0.1428571481406523,0.14285714556458054,0.14285718214897566,0.1428571156887572,0.14285708980905104,0.14285718800433342,0.14285713064364977
532,d42dee556a850cd679de185ee84c4995f166eefcd520f9c085ecd821a53ee8f0,Bacterial-Spot(752),4,0.999999999999999,0.14285714238923045,0.1428571426297882,0.14285713925518537,0.14285714534716296,0.14285714770574814,0.14285713870731323,0.14285714396557173
533,4570385274d1091555e6bb480d4cc1e36d61c9435f94033f03c3ef59dc29aa4d,Bacterial-Spot(752),4,0.9999999999999943,0.14285713961676763,0.14285714117020454,0.1428571189920898,0.1428571593592911,0.14285717510520815,0.14285711546110175,0.14285715029533702
534,c387521185ef2661a3a7a7f843f08a8af0a49382c79fabb68e6b9c8fc286eabe,Bacterial-Spot(752),4,0.9999999999999868,0.14285713767363784,0.1428571401741318,0.142857104540992,0.14285716935145437,0.14285719461571783,0.1428570988570565,0.1428571547870097
535,0ac3951275a91c90c3b2a49d7ab586500651f6f40c1725f3b61d46233d8a5cd7,Bacterial-Spot(752),5,0.9999999999999499,0.14285715309411762,0.1428571481184414,0.14285721889528327,0.14285709028105506,0.14285704018576637,0.14285723020866326,0.1428571192166729
536,c42a95b1bc8340facdc04429fcab97ff350bdb3916ddc1faaeea6f635dc22a48,Bacterial-Spot(752),4,0.9999999999999837,0.14285713709065131,0.14285713988504473,0.14285710011431155,0.1428571724119239,0.14285720058143872,0.14285709376184852,0.14285715615478128
537,7ae7fdb7f0c7e29df2b1452986b9f6d3c8af276a080871514e21be6b8c643431,Bacterial-Spot(752),4,0.9999999999999936,0.14285713935320143,0.14285714105130884,0.14285711688600236,0.14285716081509015,0.14285717793127664,0.14285711302587434,0.14285715093724619
538,6ade03c7544c6e92c745cf92b2539dd7aff4373c2d1208311517c0cec7b73be6,Bacterial-Spot(752),4,0.999999999999974,0.14285713550029064,0.1428571390593811,0.14285708838082253,0.1428571805253017,0.1428572164340853,0.14285708029015246,0.14285715980996636
539,744302bc4112fa2822639bd4eb150b826646d2d193ed70efe5cab649aa23b4a1,Bacterial-Spot(752),4,0.9999999999999967,0.14285714053395412,0.14285714164238983,0.14285712579500834,0.14285715465538096,0.14285716591841985,0.14285712327561603,0.14285714817923087
540,2d280b9ee5f82d9660ad1c2e0123bdcf2089e3ba1f6a3f73383e5c64c4a2dbb7,Bacterial-Spot(752),4,0.9999999999999809,0.14285713663999147,0.14285713966394184,0.14285709667331933,0.14285717479091212,0.1428572052164517,0.14285708979882053,0.14285715721656292
541,d64d7001f191d74cfe75d8c7cff02310525681dbe79e07f84b7ea413f068c7a8,Bacterial-Spot(752),5,0.9999999999999817,0.1428571489915225,0.14285714601358576,0.14285718837609865,0.1428571113829835,0.14285708138940004,0.14285719514600712,0.14285712870040246
542,632aa478cfd88134c36552f63a3add1d89aa1f92164c9483d9227e1d4a2211d9,Bacterial-Spot(752),4,0.9999999999999872,0.14285713776055334,0.1428571402340181,0.14285710504777166,0.14285716900058384,0.14285719391489454,0.14285709942490468,0.14285715461727397
543,f96c00b744c358e8f40115309b191ce044c9577e1b32c48f31f0d84bd7d790e7,Bacterial-Spot(752),4,0.9999999999999846,0.14285713725641683,0.14285713997180471,0.14285710132619925,0.14285717157382152,0.14285719894285379,0.1428570951529041,0.14285715577599983
544,dfc09eff13a03d9c94ca3b4eae2ea866f9820d26230e97775aeb26912b8f3c2c,Bacterial-Spot(752),4,0.9999999999999714,0.142857135135631,0.14285713887916235,0.1428570856107762,0.1428571824405039,0.14285722016694727,0.1428570771008913,0.14285716066608803
545,4c29035ba71bb708ec9daa2f9456d04a118018603af5e5147e4db2715d312be0,Bacterial-Spot(752),5,0.9999999999999938,0.1428571462329636,0.14285714459947393,0.14285716784696356,0.14285712557749417,0.14285710910455748,0.14285717155938793,0.14285713507915937
546,cab033d63e89a7edcd601d46bccd754b364765ae66d843f15c55bd16600ebd16,Bacterial-Spot(752),5,0.9999999999999992,0.14285714344496497,0.14285714313812628,0.14285714743308797,0.14285713969414657,0.14285713670288228,0.14285714813266154,0.14285714145413042
547,15efa7783a9e65faa26f3c614da42448a55f400a3d23f3313dba823574cd82ed,Bacterial-Spot(752),5,0.9999999999999813,0.1428571489694598,0.14285714598588053,0.14285718839604597,0.14285711137041432,0.14285708138353964,0.14285719518204615,0.1428571287126135
548,e7ba98471b843506286463bd7b1b0ad1d622add943735663f6255d1efe4f2350,Bacterial-Spot(752),5,0.9999999999999807,0.1428571491457003,0.14285714609363717,0.14285718950343085,0.142857110603252,0.14285707986534082,0.14285719644101613,0.14285712834762274
549,26fa21be1dad0be70259d0004d4ecb16f766da6632d5fc2e83f10b18e4d9a57c,Bacterial-Spot(752),5,0.9999999999999832,0.14285714871170546,0.14285714589271994,0.1428571860556161,0.14285711298607973,0.14285708449468346,0.1428571924608771,0.14285712939831824
550,1b6edd64606c43b0c84e74f437a00b5f489fd6e5e53baebceb0a32f2e0e7a23c,Bacterial-Spot(752),4,0.9999999999999992,0.1428571424202754,0.14285714263135066,0.1428571396222389,0.14285714509391192,0.14285714722624995,0.14285713914219772,0.1428571438637755
551,97d10c4454779e3b994a7832894702be43a4ae5e7ec6603dcb474dda855739e5,Bacterial-Spot(752),5,0.9999999999999969,0.14285714513017259,0.14285714404498223,0.1428571595340923,0.14285713132479733,0.1428571203149447,0.14285716199876528,0.14285713765224553
552,b8393e5cd621557766057e0d44e619931a2ddbadc1e4798f85d5c5595bb1ae46,Bacterial-Spot(752),4,0.9999999999999604,0.14285713374704542,0.14285713815033474,0.14285707544766846,0.14285718946844478,0.1428572339074979,0.14285706543910365,0.142857163839905
553,f16cca6c03dd8540e1c3f11a10509dff3cdddee806a5519679c9d2596b8fc15c,Bacterial-Spot(752),4,0.9999999999999728,0.14285713532559197,0.1428571389808489,0.14285708698916275,0.14285718148739407,0.14285721830178327,0.14285707868025768,0.14285716023496137
554,1399a7541ab82a0e2c0f3cd3141b61ca18136b838ae654ccb7011936d4489231,Bacterial-Spot(752),4,0.9999999999999796,0.14285713634733974,0.1428571394934569,0.14285709469275235,0.14285717616117308,0.14285720791355866,0.14285708754182347,0.14285715784989586
555,a27e643ad6ccca7b881b11c7132ede74f7bf4000f5cd68bb653d5a3fdd2f33e3,Bacterial-Spot(752),4,0.999999999999994,0.14285713948375023,0.14285714110098233,0.14285711802803003,0.14285716002624363,0.14285717640946782,0.14285711435334783,0.1428571505981782
556,16e42a60081f63f33c3a230cbd2166c598f3cdec81cb2b8175e687039e65c4a8,Bacterial-Spot(752),4,0.9999999999999709,0.14285713506124104,0.14285713882610815,0.1428570851907428,0.14285718273132295,0.14285722074996782,0.1428570766325169,0.14285716080810043
557,a98b2e69cdf62640e97bac5bea3d896f4acd397ebfada9d5367b18be9e47e6e3,Bacterial-Spot(752),4,0.9999999999999889,0.1428571381102473,0.14285714040058772,0.142857107768778,0.14285716711962768,0.14285719025547397,0.14285710256292994,0.14285715378235542
558,74748ccd5baeae4835b0a7ec447a40b48194e804245645ae31237d52f0688eb8,Bacterial-Spot(752),4,0.9999999999999983,0.14285714140338734,0.1428571420836993,0.1428571323122083,0.14285715014945669,0.1428571571253558,0.1428571307671245,0.142857146158768
559,f81e2f550a3aceedc11c8ded17d0c8599ea13ef49567ab4672186269e7ad0a26,Bacterial-Spot(752),4,0.9999999999999771,0.14285713597097305,0.14285713929264393,0.1428570919638428,0.14285717804827633,0.14285721160622267,0.14285708441387945,0.14285715870416185
560,2810914319d23e56c773a15ea7f66ba0719005c4afc4d9df98fd3a71f72b387c,Bacterial-Spot(752),5,0.9999999999999665,0.14285715122476417,0.1428571471885317,0.14285720470738564,0.1428571000898011,0.14285705930754392,0.14285721388217906,0.1428571235997943
561,420db9e89b7dc2aa233e17022cb18a6a292790ab87ca36a2f6ab29078f9db7fe,Bacterial-Spot(752),4,0.9999999999999992,0.14285714248113784,0.14285714265168542,0.14285714016916654,0.14285714471596667,0.14285714649918077,0.14285713978116352,0.14285714370169933
562,18364be4be9247cd12d8a9ea36b11938b0d8b7063133ccb67ace0d34348290ee,Bacterial-Spot(752),5,0.9999999999999887,0.1428571475820361,0.14285714528822002,0.14285717791937994,0.14285711861331649,0.1428570955101544,0.14285718313414505,0.14285713195274805
563,f330f9cdc59cf9cadb467c9d894e98de911dc5840a4203e53ef995d9bb780171,Bacterial-Spot(752),4,0.9999999999999891,0.1428571381948824,0.14285714045408118,0.1428571082913498,0.1428571667576754,0.14285718953761375,0.14285710315484293,0.1428571536095546
564,5e3938381f2e5c6787a7428d7514739b2a6d44cd04c5b83ac07ab76b9dcc5029,Bacterial-Spot(752),4,0.9999999999999767,0.14285713593047453,0.14285713927640134,0.1428570916177758,0.14285717828734634,0.14285721206822097,0.1428570840122528,0.14285715880752817
565,cf2b665aeb4620ae0e01cee08f76be1149d2cba879b3b69512bc480468665750,Bacterial-Spot(752),4,0.9999999999999991,0.14285714219801718,0.14285714252492285,0.14285713789414467,0.14285714628841786,0.14285714955056833,0.14285713715006476,0.14285714439386432
566,87b2302823c9274f0ee00c400a634c7d146440bba2c016bbea3cc08e7de94e19,Bacterial-Spot(752),5,0.9999999999999674,0.14285715109368285,0.1428571470921254,0.14285720401039487,0.14285710057286766,0.14285706028134323,0.1428572131080469,0.14285712384153904
567,bca4ec5d439951e13fb48939b39287768efd1867189158552d31d4b798b37e94,Bacterial-Spot(752),5,0.9999999999999755,0.1428571499654358,0.14285714650439263,0.14285719570594654,0.14285710631524481,0.14285707150345256,0.14285720357515128,0.14285712643037632
568,7cffa7b701d6f2b4cfaeeeaf8a088b1a1cbfdb2c7911d7526817d290feafc67b,Bacterial-Spot(752),5,0.999999999999999,0.14285714356343793,0.14285714319880422,0.14285714831759308,0.1428571390826131,0.14285713550905513,0.14285714914880027,0.14285714117969628
569,027925e653679b8a770ae110260cef22ffe5a2c8fb83394184c2daba5a8e2ea4,Bacterial-Spot(752),4,0.9999999999999971,0.14285714076535908,0.14285714175235031,0.14285712761336733,0.1428571533987322,0.14285716347459737,0.14285712537179326,0.14285714762380042
570,1f140e210a9686684c8437314400a328c60c359f311e67f22f229d62ff0b23f3,Bacterial-Spot(752),4,0.9999999999999866,0.14285713762746285,0.14285714015295467,0.14285710418596,0.14285716959709385,0.14285719509343603,0.1428570984460483,0.14285715489704437
571,bef6455441abe2f5e9605695e21440514433685533fc42476f20240fa3bda29e,Bacterial-Spot(752),5,0.9999999999999927,0.14285714658331425,0.14285714476578806,0.14285717058552586,0.14285712368456516,0.1428571054228144,0.14285717471765064,0.1428571342403416
572,3dd97bff11f76699d04f473a68870aab95eda81f976118fa1bc19f3155495068,Bacterial-Spot(752),4,0.9999999999999848,0.14285713728783966,0.14285713997020458,0.14285710173798785,0.14285717128997386,0.14285719840771666,0.1428570956415852,0.1428571556646922
573,172947dd162b6d554158b72fe0d129283a0098467898f07199eccfbf831c5284,Bacterial-Spot(752),5,0.9999999999999082,0.1428571568080921,0.1428571500492428,0.1428572462433119,0.1428570713699748,0.1428570032313159,0.14285726160749823,0.1428571106905643
574,07143bff01f6b652ae3bbf219a96ec8089b2858579ca2371cc84e3dcd3a2d4d6,Bacterial-Spot(752),4,0.9999999999999978,0.14285714109592454,0.14285714193720492,0.1428571299011977,0.14285715181571218,0.14285716036622134,0.14285712798802436,0.142857146895715
575,c7f572785254930a5cbd8baf1cce8e28b403505ed5e0f58e1ab450471925ef5c,Bacterial-Spot(752),4,0.9999999999999942,0.14285713955039508,0.1428571411331302,0.14285711852976712,0.1428571596791285,0.14285717573304693,0.1428571149325438,0.1428571504419885
576,de93f89c2654618b97a7572f40b55513913bf1f2b85493c7489cb8f8521b02eb,Bacterial-Spot(752),5,0.9999999999999848,0.1428571484337667,0.14285714572496547,0.14285718424671331,0.14285711423818045,0.14285708696693136,0.1428571904043949,0.14285712998504785
577,a567813bb35ceae18791e8bcf7b1b838126b8e239d09e8a0dcbaf02a029bae96,Bacterial-Spot(752),5,0.9999999999999889,0.14285714754810724,0.14285714525988225,0.14285717776653598,0.14285711871933754,0.14285709572831323,0.1428571829688298,0.14285713200899397
578,b88433c244c6faf025fe1a84a50b43e7690a9ad19bcc448541af16331b6a111b,Bacterial-Spot(752),4,0.9999999999999948,0.14285713973782582,0.14285714123161306,0.14285711990311897,0.1428571587294851,0.14285717387641983,0.1428571165081498,0.14285715001338742
579,9a99b8813abe62279ab9d6dc5c53abd3c4655766e3e5def0dfc3a916cc2a40f8,Bacterial-Spot(752),4,0.999999999999999,0.14285714232292437,0.14285714256751889,0.14285713901908992,0.14285714551124856,0.14285714805509617,0.14285713846271475,0.1428571440614073
580,8a2bbd9f4fbabf5d95fc95cb0b4271e11f96d58d57824b52e67889b2779d1d50,Bacterial-Spot(752),4,0.9999999999999982,0.14285714130324034,0.14285714203038252,0.1428571315927415,0.14285715064713933,0.14285715809954552,0.14285712994184022,0.14285714638511066
581,4c12d78245ab0bb0af9d3397fb246dddf6777e734286d769fe361f773c217bfd,Bacterial-Spot(752),4,0.9999999999999937,0.14285713941706693,0.14285714107190392,0.14285711747649066,0.14285716040726767,0.14285717714768162,0.1428571137154426,0.14285715076414657
582,d165045070a0d125bc96639098895fb57aaf975aac43c974cbdbcd27b8781b4c,Bacterial-Spot(752),5,0.9999999999999138,0.14285715636476867,0.14285714982262296,0.14285724293801272,0.14285707365534167,0.14285700769287202,0.1428572578093424,0.14285711171703952
583,4d9294cb24aba0f479c5e16404bd3b8e91f2f994607a684919566886632fac8a,Bacterial-Spot(752),5,0.9999999999999744,0.14285715013550532,0.14285714660365792,0.14285719685688414,0.14285710551899544,0.142857069936109,0.1428572048864279,0.14285712606242024
584,358d889a39a212ffc5a0d9bd80f423838ea18ad1b8eed1e42a069d603fdfb698,Bacterial-Spot(752),4,0.9999999999999866,0.14285713761642496,0.1428571401404278,0.1428571041602415,0.1428571696149529,0.14285719513500894,0.14285709842337996,0.14285715490956388
585,223a1ff12b361e0832ba7a968eff1dfab13b37b483e3ddc159412e4937120f89,Bacterial-Spot(752),4,0.9999999999999937,0.14285713938276523,0.142857141051481,0.14285711725143935,0.14285716056305148,0.14285717745499588,0.14285711345924912,0.14285715083701797
586,b14fa61b1b8ff6060070761afa8746ee6c6eee310eaf057807164a34d39b052b,Bacterial-Spot(752),4,0.9999999999999853,0.14285713740707692,0.14285714003147879,0.1428571026232335,0.1428571706778704,0.14285719721236137,0.1428570966585793,0.14285715538939978
587,9ee94ce43e334ed684bd1e0a0d411894889cd3622c1aba9579f49983ee9a54c4,Bacterial-Spot(752),5,0.9999999999999002,0.14285715742627253,0.142857150392151,0.14285725060423196,0.1428570683538548,0.14285699731549578,0.1428572665935898,0.14285710931440418
588,b3f0e77ae41b0ffb692f87fb77506c76c92a0a6c1578141c8b4d7065b6aedee5,Bacterial-Spot(752),5,0.9999999999999456,0.14285715356157044,0.14285714838097024,0.14285722214382462,0.14285708803376831,0.14285703577325845,0.14285723392090818,0.14285711818569974
589,91615734d78dbfb8d89b0e37853f68d02ac52e77670685c5373dd322afbd44d6,Bacterial-Spot(752),4,0.9999999999999959,0.14285714015682185,0.1428571414819147,0.14285712268988876,0.14285715680138805,0.14285717007492743,0.14285711967706935,0.14285714911798986
590,7ab6ec5170eddc437f840a01426ef7a48cdafd30d8d837e369cc006c9d6a36bb,Bacterial-Spot(752),5,0.9999999999999742,0.14285715018049341,0.14285714663732124,0.14285719707072222,0.1428571053703024,0.14285706963369071,0.14285720512379535,0.1428571259836746
591,a67e623101c18ef3fbbcfa57ffd62793edef321684766c0aef90a7a135ae4e73,Bacterial-Spot(752),4,0.9999999999999989,0.14285714190519752,0.14285714233654795,0.14285713609966563,0.142857147531088,0.1428571520180969,0.14285713512192758,0.14285714498747637
592,5b876d759d94cfaf19df32b7f8152e882fd3429d77f01f95dc5e071bebbe1fd4,Bacterial-Spot(752),4,0.9999999999999967,0.1428571405517002,0.14285714166876934,0.14285712577683848,0.14285715466757987,0.14285716592489237,0.14285712323798108,0.14285714817223866
593,dacb85f28e16730fadef4ad1bb806d5418b64526b6a9733fe5f774c3a4ccc2b9,Bacterial-Spot(752),4,0.9999999999999958,0.14285714019905488,0.14285714149897946,0.1428571230514122,0.14285715655167475,0.14285716959235684,0.14285712009637383,0.1428571490101482
594,38614cef8f6d58424a42cb34e806299921dd24be0b99e9827338900a350af3ef,Bacterial-Spot(752),4,0.9999999999999779,0.14285713608810635,0.14285713936534084,0.14285709271476907,0.14285717752856764,0.14285721057823303,0.14285708526510477,0.1428571584598784
595,2c76f3da7d9af3dc6d1231b21185de66c6d44a39e281aa1f431c77eaf808bd85,Bacterial-Spot(752),5,0.9999999999999881,0.1428571477072625,0.14285714536312966,0.14285717874002316,0.14285711804529472,0.14285709438935643,0.14285718406782738,0.14285713168710615
596,4e6d1ceb0fc0e908bb7a88e3885dd107f694e8c9d59f1679c1342e937a67315e,Bacterial-Spot(752),5,0.9999999999999338,0.14285715467949053,0.14285714895524465,0.14285723040897014,0.14285708231803093,0.1428570246095529,0.1428572434188158,0.14285711560989506
597,f5c2c26e7f9ab0497ccde82fc4a909366651b77629873843ce614b4e0db1eaf2,Bacterial-Spot(752),5,0.9999999999999991,0.1428571433809028,0.1428571431307573,0.1428571466992058,0.1428571402002756,0.14285713766372565,0.14285714726719737,0.14285714165793542
598,e64a5c43506eff2d459bfb123b380af8a5a7833b326025ce487471ca2eb7ef9d,Bacterial-Spot(752),4,0.99999999999999,0.14285713839420794,0.14285714054565143,0.14285710988174002,0.14285716565857473,0.14285718740298814,0.14285710499137264,0.14285715312546504
599,67d821fff48fa549e6c45375063e064ba8f364dbaa39a513fc96b4a6043ba42c,Bacterial-Spot(752),4,0.999999999999999,0.14285714221018453,0.14285714252619783,0.14285713803711556,0.14285714618987105,0.14285714936365904,0.14285713731850028,0.14285714435447153
600,ef9713a58dd484af2cc7de4e77a1d9151cc5af3111df0d5e35fc939c83dbc108,Bacterial-Spot(752),5,0.9999999999998095,0.14285716302424722,0.14285715328264284,0.14285729201406727,0.14285703971986113,0.14285694138229188,0.1428573141552532,0.14285709642163638
601,04aac2468caf03559b2121fc6bfd81b19b874f96b9b77f27ac4a417aa1f94085,Bacterial-Spot(752),4,0.9999999999999992,0.14285714279235737,0.14285714281791598,0.14285714242485528,0.14285714315611725,0.14285714344674907,0.1428571423664574,0.14285714299554766
602,5696f94a209a91c72ab9b9c491764818fb8278828f1243d279433a90acd820b5,Bacterial-Spot(752),4,0.999999999999999,0.14285714200201252,0.1428571423879176,0.14285713679136078,0.14285714705250416,0.14285715108117722,0.14285713591586874,0.14285714476915898
603,625256815721182a3ed9de8e8570c480c75b78891f9329279aa4b0a3e6ea303f,Bacterial-Spot(752),4,0.9999999999999986,0.14285714159093416,0.14285714220156226,0.14285713349574233,0.14285714933017096,0.14285715550261394,0.14285713210742426,0.1428571457715522
604,b6c53074ac8abd66a3abb079cb8f829cb457efebf29de93e197ce35ee4f60785,Bacterial-Spot(752),4,0.9999999999999951,0.14285713983724904,0.14285714129163363,0.14285712055591404,0.14285715827774695,0.14285717298490289,0.14285711724996258,0.1428571498025909
605,b8e40f44e77842cea3665a910b80cac50d3b7f2af6d60e7fcbc7cd73ba71304f,Bacterial-Spot(752),5,0.999999999999983,0.14285714877444702,0.1428571459058898,0.14285718671223574,0.14285711253299274,0.14285708363037875,0.1428571932320436,0.14285712921201238
606,494c9b85900f3dfb504f0d8c44b9100f3500e54a2406b5e9b02fcf37600da33a,Bacterial-Spot(752),5,0.9999999999999899,0.14285714732322444,0.1428571451586787,0.14285717595895814,0.142857119968611,0.14285709815284953,0.1428571808791729,0.14285713255850527
607,f787015586983b46b52b78d1995d25cfdab16a7393c8cf6cbc7256c627c97507,Bacterial-Spot(752),5,0.9999999999999228,0.14285715562203208,0.14285714943493769,0.14285723747198767,0.14285707743489254,0.142857015079571,0.142857251535893,0.14285711342068605
608,7cba19ec72495bd043aeb9dd0ecaa9a44cc3396c1ca1c1970cfd9342ac8fc2d7,Bacterial-Spot(752),4,0.9999999999999947,0.14285713972512043,0.1428571412323668,0.14285711973126744,0.1428571588478554,0.14285717409952228,0.14285711630461717,0.14285715005925054
609,4a6a26e27c2c54e4b7b956145baac12d3e05478e4b2e4569cda4b65080393c9e,Bacterial-Spot(752),4,0.9999999999999886,0.14285713809163075,0.1428571403981656,0.14285710755228323,0.1428571672688353,0.14285719053879573,0.1428571023083586,0.14285715384193082
610,12b1d20b7823927f3f037eaf36efaf34c208d1573e5a7e58c936d4810d992b38,Bacterial-Spot(752),5,0.9999999999999785,0.14285714953074666,0.14285714631296345,0.1428571921785089,0.14285710875316554,0.14285707623099833,0.1428571994932087,0.14285712750040833
611,ab6301fd3ef35e3e6e39a7aaaab8c951f2b6f277a3b4b3e31ad9d3340569a831,Bacterial-Spot(752),4,0.9999999999999986,0.14285714165239322,0.1428571422309079,0.14285713396641245,0.14285714900466484,0.14285715486896475,0.14285713265067038,0.14285714562598653
612,d92761e57c213d98a94dc18828a462d78d97eff4cb9c71a49b5dcd06d555712f,Bacterial-Spot(752),4,0.9999999999999982,0.14285714128098131,0.14285714203925257,0.14285713121420043,0.14285715090768145,0.14285715858594053,0.14285712948970955,0.14285714648223405
613,6b06fdb7d2a8435aa70b1b403b72a4127eb654b465c8205b14c3608d805ee25a,Bacterial-Spot(752),4,0.999999999999995,0.14285713981369325,0.1428571412675267,0.14285712049761168,0.14285715831858042,0.14285717307732423,0.14285711719381444,0.14285714983144931
614,bb36d3053c7ca798037d47cf14b31799484358cdedb0531725d0533bcee49eb8,Bacterial-Spot(752),5,0.9999999999999082,0.1428571568342643,0.14285715008518665,0.14285724622410273,0.14285707138240059,0.1428570032320013,0.1428572615648034,0.14285711067724094
615,b078243dc9114cd92ace858e45fb2fe39f27f7f50b07f3e83d750d48503c79e1,Bacterial-Spot(752),5,0.9999999999999868,0.14285714801905655,0.1428571455269061,0.14285718100319653,0.14285711647990568,0.1428570913276682,0.14285718666579356,0.14285713097747335
616,b7cea25b1377c4c636a3de1561260c6826e8b887d261786633087d57dcd04a08,Bacterial-Spot(752),5,0.9999999999999791,0.14285714942485447,0.1428571462435578,0.14285719151665593,0.14285710921099293,0.14285707713985132,0.1428571987478037,0.1428571277162838
617,9629f1af7d796bde71a5e0a2a2cb57d7507fdaaf3f9ea79987e1f69425eba3fc,Bacterial-Spot(752),5,0.9999999999999621,0.1428571517684269,0.1428571474610203,0.142857208799545,0.1428570972603255,0.14285705378873112,0.14285721859033856,0.14285712233161266
618,a9ca39932dcef6d335b4158bfaf5c8bce770c11c9feabce1faf6c07b3e67c50e,Bacterial-Spot(752),4,0.999999999999993,0.14285713925475985,0.1428571409912322,0.14285711623848626,0.14285716126303596,0.1428571788156424,0.1428571122911499,0.14285715114569342
619,0557e1b082ffdffce2b1934045fcd4a8b4bb13eb0c4e6b625c842f1ee5e139d7,Bacterial-Spot(752),4,0.9999999999999905,0.14285713850839463,0.14285714061462917,0.14285711063335524,0.14285716513850916,0.14285718637663525,0.1428571058452995,0.1428571528831772
620,3aa0ba627a6834cf57960982a76573cfbbc9a49ee90f3b0b0607b0707399d287,Bacterial-Spot(752),4,0.9999999999999665,0.14285713449003926,0.14285713854144094,0.14285708086488533,0.14285718572210723,0.14285722658110905,0.1428570716547615,0.1428571621456567
621,1d58607ebee0385a8e9e56131083288628d6014ef97df37fd4ae21739a98d62f,Bacterial-Spot(752),4,0.9999999999999982,0.14285714128373353,0.14285714203491945,0.14285713130985983,0.14285715084219275,0.14285715846516348,0.14285712960347688,0.14285714646065403
622,cdca391542e86c389531dd77baca2bbe1b2b1e87bf012c011197d80b463dd0f1,Bacterial-Spot(752),4,0.9999999999999992,0.1428571424393307,0.14285714267710165,0.14285713941474096,0.14285714523583468,0.1428571474654313,0.14285713887140133,0.1428571438961593
623,c78741cc50058e53dff86f37651dbab4631e9ff71e6eeb0e273ce738825d841d,Bacterial-Spot(752),5,0.9999999999999941,0.14285714625620966,0.14285714463646404,0.14285716779812252,0.14285712561064542,0.14285710914401525,0.14285717147923135,0.14285713507531186
624,496462aff51cade22513994132b7f160eee5392fd75ea4644b9c0cf01b35c0ec,Bacterial-Spot(752),4,0.9999999999999895,0.1428571382426682,0.14285714045104864,0.14285710892009046,0.1428571663242527,0.14285718872069655,0.14285710390162384,0.14285715343961966
625,6d51fed51ed3f24c42e30337ccfe5321cffa321e389ae4cb33283b7953435590,Bacterial-Spot(752),4,0.9999999999999979,0.1428571411320521,0.14285714195442217,0.1428571301982777,0.14285715161069315,0.1428571599681105,0.14285712832946737,0.142857146806977
626,1085ec9deda5e40f6e4cae23263a0d029d3b419f39ee706b3bb2169300a5e4f9,Bacterial-Spot(752),4,0.9999999999999876,0.1428571378397799,0.14285714025614915,0.14285710580381047,0.1428571684783437,0.1428571929140566,0.14285710031108892,0.14285715439677138
627,b3e9621764f7f89f0e376bc70b1555408657be79974623d9ea58152e0961bb98,Bacterial-Spot(752),5,0.9999999999999986,0.14285714403572983,0.14285714344406897,0.14285715179069672,0.14285713668083713,0.14285713081555365,0.1428571531370575,0.14285714009605618
628,3f2b6b9185d9859c77d7982ac950423bdfffd1b150c2a347a49076a591510b32,Bacterial-Spot(752),4,0.9999999999999944,0.14285713963226299,0.14285714118167683,0.14285711907339438,0.14285715930292836,0.14285717499148096,0.14285711555133923,0.1428571502669174
629,d9d70b3617728cf3af4e49c2a3d2903de66d42d7eb0b4e07e5251841afcbe346,Bacterial-Spot(752),5,0.9999999999999616,0.14285715189572082,0.14285714755386716,0.14285720948357572,0.1428570967862811,0.14285705283422143,0.14285721935106738,0.14285712209526638
630,556cc90ddfe61811e06ac06be64428ad0c2af4b8787f140cad2ec58a915a6a5c,Bacterial-Spot(752),4,0.999999999999999,0.14285714219052295,0.14285714251171533,0.1428571379149297,0.14285714627414048,0.14285714953189355,0.14285713718335755,0.1428571443934405
631,f21e90203575c3733c4e373ec6c33bb68f61af69ec04d8333dc37f8e328e80a5,Bacterial-Spot(752),5,0.9999999999999597,0.14285715205073568,0.14285714760029286,0.1428572109341213,0.14285709578423458,0.14285705091136394,0.1428572210490273,0.14285712167022438
632,cec05312f33d77af95532b57d2917ae9b5af58783933e1012f8e157492916652,Bacterial-Spot(752),5,0.9999999999999988,0.14285714390276993,0.1428571434155781,0.1428571503922062,0.14285713764559854,0.14285713265611494,0.1428571514961647,0.14285714049156764
633,0cac017499f30d7adf2e0cc66c7822d8e32850fda8a3f68a9a271ee906158612,Bacterial-Spot(752),5,0.999999999999785,0.14285716430233025,0.14285715395713863,0.1428573013535851,0.1428570332617197,0.1428569287530647,0.14285732486730143,0.14285709350486017
634,4797e64e12005eb87d467ea0f57deb95f35abae622ad0d2ee952c49f190c1885,Bacterial-Spot(752),5,0.9999999999999443,0.1428571537320345,0.14285714848521885,0.1428572232225538,0.14285708728662863,0.14285703429522775,0.14285723514687573,0.1428571178314608
635,ddebaae478e31f2632d21bdf70b0d9fe63425a3be2fd0cdf2f1c2452f02dcc27,Bacterial-Spot(752),4,0.9999999999999897,0.14285713830463198,0.1428571404937261,0.14285710927720863,0.1428571660769008,0.1428571882263501,0.1428571043019728,0.14285715331920948
636,2b67b990f83d629002473fd1de1ceae1a428b11195997852f996f83d86a19d44,Bacterial-Spot(752),5,0.9999999999999305,0.14285715501104576,0.142857149155971,0.14285723258308175,0.14285708081357526,0.14285702163991956,0.14285724588867751,0.14285711490772912
637,ebd3bf2a9760bafa219a782e31fa4afc7face05d5d8b0a84e5ebfaa63556a8b9,Bacterial-Spot(752),5,0.9999999999999907,0.1428571471656433,0.14285714510055914,0.1428571745861643,0.14285712091725317,0.14285709998221668,0.14285717928016797,0.1428571329679955
638,b6f78a92ff1024f20667400b4330f02418edf3a056e333c16aca3b736408d2e6,Bacterial-Spot(752),5,0.9999999999999887,0.14285714763745272,0.14285714534513683,0.14285717803583803,0.14285711853118147,0.14285709531854165,0.14285718324353985,0.1428571318883095
639,5199bb70e5853c7ba547798d4ecb1b90f6458e998d5d39bb692e6d323d416b3f,Bacterial-Spot(752),4,0.9999999999999983,0.14285714146039327,0.14285714216977932,0.14285713218725526,0.14285715023348908,0.14285715722950296,0.1428571305721275,0.14285714614745268
640,39ea301bfefa5eba824dbe27fd0cf6ac884ef61ee98913034cbea2155ce9a0b6,Bacterial-Spot(752),4,0.999999999999978,0.14285713614706796,0.14285713940456626,0.14285709305463323,0.14285717729295,0.14285721010802177,0.14285708564824978,0.14285715834451096
641,a4f4b0fc217e796f3abb06e64229f40dc64f88af4284d9ef11a2aae5d908119a,Bacterial-Spot(752),5,0.9999999999999408,0.14285715406947394,0.14285714866442326,0.1428572256575964,0.1428570856023753,0.14285703099925287,0.1428572379400206,0.14285711706685772
642,597c7b93a3eaac8078255684fd2fb536885ff59834b61c8c4716da4c9fed4e3d,Bacterial-Spot(752),5,0.9999999999998488,0.14285716083826552,0.14285715217462602,0.14285727564502243,0.14285705103786078,0.142856963468765,0.14285729533553712,0.14285710149992303
643,43cc4d2f5f1377af4b88911d9357f5d2dc107c564eb1fd03c0a8b4a3140a22be,Bacterial-Spot(752),4,0.9999999999999869,0.14285713775780445,0.14285714024413307,0.1428571049075609,0.14285716909686666,0.14285719409031675,0.1428570992539625,0.14285715464935575
644,2d63eed8140134dadbbbbfe16f776259b217f71a85b069c133e2c327a4f71f7c,Bacterial-Spot(752),5,0.9999999999999151,0.14285715628660423,0.14285714980068778,0.14285724216530418,0.14285707418853447,0.14285700871398835,0.14285725690621112,0.1428571119386699
645,e4d39b392cd66d6bd25b0aece5f58c589b4737ea8235371166dd0102146e7c9c,Bacterial-Spot(752),5,0.9999999999998724,0.14285715933328222,0.14285715137173202,0.14285726473167762,0.1428570585846518,0.1428569782363487,0.14285728282634064,0.14285710491596693
646,a741051f5cd7cf597db9b34b5ddd95ccae81f0b884803c0c6114a23cadcbf0ae,Bacterial-Spot(752),4,0.9999999999999976,0.14285714094051627,0.14285714184176265,0.14285712892605498,0.14285715249123052,0.14285716170334845,0.14285712687995958,0.1428571472171276
647,1a6de49a38c0cec3636fd050787d75c31f7d3635650de6b91b6f41146ea3521b,Bacterial-Spot(752),5,0.9999999999998425,0.14285716119914235,0.14285715233876672,0.14285727850421268,0.14285704906120264,0.14285695962984044,0.1428572986413034,0.1428571006255318
648,a41c7f2e49709ef976146ee6a13d0cdef410f7307e3e93d94145e2583b2e446c,Bacterial-Spot(752),4,0.9999999999999976,0.14285714104587988,0.1428571419384673,0.14285712926378677,0.14285715225521714,0.14285716119570946,0.14285712723166707,0.14285714706927236
649,2768b784c2e8d3eec545cf42244d69b5c825b00e0909934b5c66c7cdf4cc0dba,Bacterial-Spot(752),5,0.9999999999999993,0.1428571432527227,0.1428571430842129,0.14285714554943948,0.1428571409942377,0.14285713919318827,0.1428571459295864,0.14285714199661256
650,55f0ef491f6f8ba4a17822bd3889c01137a886a7d2139400778c3369e7303980,Bacterial-Spot(752),5,0.9999999999999535,0.14285715277132494,0.14285714798569155,0.1428572161412495,0.14285709218317771,0.14285704386322098,0.14285722701725234,0.1428571200380831
651,3aae240e7872cee557883ab1c17c9d3fa9074fa7f91b6ff22eacb1272b96891e,Bacterial-Spot(752),5,0.9999999999998971,0.14285715768760918,0.14285715054649273,0.14285725230607468,0.14285706717533217,0.14285699499041893,0.14285726853359104,0.14285710876048113
652,f5bbd7281ab8ed4326e9746685dfc935d61cf21751d442fece537165e4834c02,Bacterial-Spot(752),5,0.9999999999998155,0.14285716269285864,0.1428571531021245,0.1428572896570878,0.1428570413501253,0.14285694457704554,0.14285731145643585,0.14285709716432232
653,579db28410f1249b25f6ed95566583a82c1d0e1b23cee881ca493e089c641046,Bacterial-Spot(752),5,0.9999999999999468,0.14285715342776775,0.14285714830787996,0.1428572211586913,0.1428570887144166,0.14285703710524594,0.14285723279534143,0.14285711849065702
654,ce1f873d98d932ebe1218b8ff5f935d378b4530325f0762e4d571f8b1994d1a2,Bacterial-Spot(752),5,0.9999999999999762,0.14285714986583797,0.1428571464795675,0.1428571946734697,0.14285710702724333,0.14285707286402247,0.14285720236775315,0.14285712672210593
655,077a2e50727cf1f30257225e7901520b42547709998224abfb0c1e935f5f610b,Bacterial-Spot(752),5,0.9999999999999196,0.1428571559196251,0.1428571496069389,0.14285723948203938,0.14285707604391454,0.14285701234230744,0.14285725382887718,0.14285711277629748
656,b5537aa3323969442a3f10c431662c945cb8a71efb21d1cc1d5f6548a4877108,Bacterial-Spot(752),5,0.9999999999997575,0.14285716561652254,0.14285715462648957,0.14285731114971878,0.14285702648799264,0.14285691553038363,0.14285733612807847,0.1428570904608143
657,22232f5d48d9c4a581c67b45e51e43a6277f57dc04df7df27de02090757efd2d,Bacterial-Spot(752),5,0.9999999999999925,0.1428571466880674,0.14285714483356154,0.14285717122269412,0.14285712324329783,0.14285710454597905,0.14285717543741588,0.14285713402898417
658,d536a71c32bd2d02e420f2e788e48923a09411af22267fff83e8b03b9816cad7,Bacterial-Spot(752),4,0.9999999999999977,0.14285714098865412,0.14285714187017196,0.14285712924272032,0.14285715227200632,0.14285716127109183,0.14285712724077723,0.14285714711457825
659,d142102bd5d9fc2e2819b71d27b7ad1ede303536e26e0dbbc7cda785a3608ef4,Bacterial-Spot(752),5,0.9999999999998563,0.14285716037290802,0.14285715192434614,0.14285727229732284,0.14285705335310142,0.14285696800183612,0.1428572914997028,0.14285710255078257
660,bd4c63971bfec09a18e7c10994ad03061454c5eecefd7a12cf5ab462d4f33e99,Bacterial-Spot(752),5,0.9999999999999905,0.14285714720505896,0.14285714511313796,0.14285717492466893,0.14285712068291326,0.1428570995311964,0.1428571796779327,0.14285713286509175
661,2de85ff8031dcd99ac097191dc5d74cdb63233aa67f60f112549ce16a67ff3e3,Bacterial-Spot(752),5,0.999999999999999,0.14285714370965535,0.1428571433330063,0.14285714881672001,0.1428571387346759,0.14285713476645184,0.14285714966983068,0.14285714096965985
662,46cd472dc47cf70e1736d020dee7e802c3c8fe2c9470886a4eb1577fd283083f,Bacterial-Spot(752),4,0.9999999999999978,0.14285714110360676,0.14285714195139773,0.14285712986408625,0.1428571518410451,0.14285716040516264,0.14285712793579305,0.1428571468989085
663,1c3a298d883c27f68f4019f836698dfafcf3142f34f79e7418ca07a712dca0f7,Bacterial-Spot(752),5,0.9999999999998347,0.14285716167102325,0.1428571526036163,0.14285728183449348,0.14285704675842167,0.1428569551115963,0.14285730244412104,0.1428570995767281
664,9a9412b0993fc8f2a6f71e6b08d53e953fabea8bbae23ae261c8bbe09eefaac4,Bacterial-Spot(752),5,0.9999999999998522,0.142857160601886,0.14285715202648178,0.1428572741315375,0.14285705208512664,0.14285696554131844,0.14285729362205768,0.14285710199159196
665,8e06280ba57112c67a0327290829a1a4adc1b7fd7b5d160143f5895c49d46a08,Bacterial-Spot(752),5,0.9999999999999766,0.1428571498239001,0.14285714646563386,0.1428571942971663,0.14285710728730056,0.14285707336432787,0.142857201927975,0.14285712683369634
666,0e223c826d61d6134efbfd0a05798e750c64599cb0c950be105f24d46c44e758,Bacterial-Spot(752),5,0.9999999999999848,0.1428571484458971,0.1428571457470818,0.142857184166727,0.14285711429247314,0.14285708705532518,0.14285719029926344,0.14285712999323244
667,ddb0adf46a52601bd6ad9498885b59e2e9f6bb9766d0729cd512183d3378cc69,Bacterial-Spot(752),4,0.9999999999999919,0.14285713894797708,0.14285714085695267,0.14285711373395135,0.1428571629938006,0.14285718217084922,0.14285710939279356,0.14285715190367548
668,c642c01615f71b8a86d7fe7d729e0a7cf88cc5b4ba4550483acb11fe08430b51,Bacterial-Spot(752),5,0.9999999999999508,0.1428571530750358,0.142857148148425,0.1428572183304226,0.1428570906691488,0.14285704089959278,0.14285722952632943,0.1428571193510456
669,69ce38517e09822a95969acb3e53228cdac5202bcd4e976454887eda8e7e6caf,Bacterial-Spot(752),4,0.9999999999999981,0.14285714123279478,0.1428571419940477,0.14285713106619594,0.14285715101112725,0.1428571588102312,0.14285712933737157,0.14285714654823153
670,5dc6d5d015cc3c48b23ebd0aa67fad7a000f0648f9c5546ae89b556d240d8776,Bacterial-Spot(752),4,0.9999999999999757,0.14285713579123174,0.1428571392205657,0.14285709044222772,0.14285717909973852,0.14285721363864995,0.14285708264685032,0.14285715916073596
671,26ae4ca98d418790e461b71e4b43323201cfeb1d73f026dc2875fdee50fd6ff8,Bacterial-Spot(752),5,0.9999999999998291,0.1428571619449763,0.14285715272211214,0.14285728408118115,0.1428570452058175,0.14285695210299376,0.1428573050455217,0.1428570988973976
672,3e9645f815965a6846e6d0049c9a1b5d81d09c0ef4700c84a858f42203fb0b5c,Bacterial-Spot(752),5,0.9999999999998976,0.1428571576350501,0.14285715050666245,0.1428572520628457,0.14285706734452416,0.14285699533563231,0.1428572682642163,0.14285710885106906
673,ca9396260d862347b7d5fa36fc081a54a2008ab7824751b09e5ad8bcc0ddfc95,Bacterial-Spot(752),5,0.9999999999998764,0.14285715907028693,0.14285715123066697,0.14285726283847264,0.14285705989400196,0.14285698079970477,0.14285728065659523,0.1428571055102715
674,f7aa9d05ae3e08aca17379bafe6acf62ddcdc3dab372a4e697fb20cb5d720e97,Bacterial-Spot(752),5,0.9999999999998835,0.14285715860709133,0.14285715099835986,0.14285725933478657,0.14285706231620807,0.14285698552333198,0.14285727662691688,0.1428571065933053
675,04a63f9bdfd31c7c1a696f31c29074f19475d7acbe5884509cfd23a37945755a,Bacterial-Spot(752),5,0.9999999999999811,0.14285714907716346,0.14285714608774774,0.14285718874111233,0.1428571111297556,0.1428570808642014,0.1428571955366947,0.1428571285633246
676,0f2f82c7d1b77a5d211ecb64b7f6fbbf9d99b078d42e55a02cb2f5b00c60c3fe,Bacterial-Spot(752),5,0.9999999999998679,0.14285715965978169,0.14285715155930473,0.1428572669691726,0.14285705703679322,0.14285697519291599,0.1428572853786191,0.1428571042034126
677,e06c0e677df338774e66197e5ca90cf8046fdb36629ff6b94546bb1a6554996e,Bacterial-Spot(752),4,0.9999999999999786,0.14285713620788287,0.14285713944397593,0.1428570934231826,0.1428571770376808,0.142857209600716,0.14285708606455688,0.14285715822200507
678,7ec9ca0cbffe87d5f29b845d743abd2f6a7d5d61759cccef1070dbdffeeb379a,Bacterial-Spot(752),5,0.9999999999998315,0.14285716183984243,0.14285715268631977,0.1428572830949397,0.14285704588637615,0.14285695341116258,0.14285730389798618,0.1428570991833732
679,184eace9d6a75fe338f547da224849587a7d395e4bcff910a4023ce13996fb76,Bacterial-Spot(752),4,0.9999999999999993,0.14285714277669928,0.14285714283209705,0.14285714208413328,0.1428571433905787,0.14285714388060716,0.1428571419555642,0.14285714308032035
680,37411a535cdff3b51cb279426956a6e76b94a5e81798366e5dc8c2f6c1eb90f3,Bacterial-Spot(752),4,0.999999999999992,0.14285713891555715,0.14285714080801543,0.14285711381217378,0.14285716294121978,0.14285718210260284,0.14285710951139244,0.1428571519090386
681,b9aead61f16c83594f72606ad9541d12cc2ff967a720fd974b2dedb733c7164f,Bacterial-Spot(752),5,0.9999999999998618,0.14285716005427865,0.14285715176499478,0.1428572698796319,0.1428570550244339,0.142856971260563,0.14285728871887438,0.14285710329722345
682,7a0eeb16d59f7d8a1a18ec90bdcf2619147f973a521b5cfc6742fbde89bed586,Bacterial-Spot(752),5,0.9999999999998661,0.14285715976092242,0.1428571516066627,0.1428572677601705,0.1428570564899467,0.14285697412976445,0.14285728629184358,0.14285710396068974
683,7d04d56cebe6e90be720af5eaece6f9166f1f5ca5a53447ed2570f9f6d0a5dfa,Bacterial-Spot(752),5,0.9999999999998028,0.14285716338802065,0.1428571534743656,0.14285729466434344,0.14285703788701695,0.14285693779781333,0.14285731719594702,0.14285709559249302
684,3ef0371548346bcf72d1a397b95f6292b8e4c9ab3643ee292bc30cdeb0e006f6,Bacterial-Spot(752),5,0.9999999999999498,0.14285715314331668,0.14285714817035475,0.14285721895795145,0.14285709023564952,0.1428570400665904,0.14285723025960986,0.14285711916652727
685,c917c66ade13b97be5f671a81743abb790c68a8bb91306ee8f4bde34a8a42415,Bacterial-Spot(752),5,0.9999999999999285,0.14285715517926936,0.14285714923083395,0.14285723393051933,0.1428570798820862,0.1428570198323511,0.14285724744803888,0.14285711449690114
686,0b1edbaac16d942b20883c4a8ec0a7237d808866777bb2525f9f58de087277df,Bacterial-Spot(752),5,0.9999999999997876,0.14285716415144534,0.14285715385923176,0.14285730041772923,0.1428570339094104,0.14285693003872235,0.14285732381141847,0.14285709381204245
687,1d6874add9ca7d50cabe453a40f3a61bae2d532c36f7d491d97b62393a43223f,Bacterial-Spot(752),5,0.9999999999999203,0.14285715586396733,0.1428571495757353,0.14285723907962702,0.14285707632197273,0.14285701288726294,0.1428572533698896,0.14285711290154504
688,f886034da6a297518acfe10261f59183964cace7d70ded23c12426a7348e14a7,Bacterial-Spot(752),5,0.999999999999928,0.14285715523009432,0.14285714926974477,0.1428572342062641,0.1428570796913566,0.14285701944749532,0.14285724775173334,0.14285711440331156
689,4f110afcae8f434ba692bec5fa0ffca8f963a2227b18bdfa9ac18ae00023b119,Bacterial-Spot(752),5,0.9999999999999536,0.14285715278140673,0.14285714800394203,0.14285721607837254,0.14285709222586093,0.14285704393226284,0.14285722693398475,0.14285712004417017
690,94b6c2d6c7a5210de96454ee10f045becba4c01e79e0a6844a7649dc35ae4dc9,Bacterial-Spot(752),5,0.9999999999999588,0.1428571522014729,0.1428571477170083,0.1428572116885822,0.14285709526122797,0.14285704984934483,0.1428572218792612,0.14285712140310258
691,238c0a7c09e4533efc3bdd03df941f818ca7fd3ce35a5f7973605a6a32aabd81,Bacterial-Spot(752),5,0.9999999999999969,0.14285714498065455,0.14285714391763793,0.14285715893333112,0.14285713174275655,0.14285712118560662,0.14285716135288049,0.14285713788713264
692,f64eb10c80cb0f486e3a956edd3ae3b96268077c8b070f41fea0e74115f4c2ca,Bacterial-Spot(752),5,0.9999999999999016,0.14285715733815293,0.1428571503552456,0.14285724983282422,0.1428570688861334,0.14285699834417348,0.14285726570224666,0.1428571095412237
693,9e8276f049ef9a79ecf9b42a7fcf9f55302db60f4803670d6a16487dc9ce722a,Bacterial-Spot(752),5,0.9999999999999477,0.14285715336281168,0.14285714829491922,0.14285722047245503,0.1428570891879207,0.14285703800803104,0.1428572319889551,0.14285711868490727
694,56ea1339f73b34d2895f618dcbd6b8edd8ec23963e902ae8f2392712b891fdaa,Bacterial-Spot(752),5,0.9999999999999625,0.1428571517640557,0.1428571474755027,0.14285720857916243,0.1428570974114554,0.14285705406480356,0.1428572183237849,0.14285712238123535
695,d2899b3504bd3213c9af858426cac7f8a26e6b403ccd310fb9fcb34977a41497,Bacterial-Spot(752),5,0.9999999999997898,0.14285716406879784,0.1428571538372679,0.14285729959695798,0.14285703447588985,0.142856931122844,0.1428573228505446,0.14285709404769784
696,1e15f837f878103bf6fc6e7de1c732e8302f3046028ea83bd2efa41d0df0a340,Bacterial-Spot(752),5,0.9999999999998449,0.1428571610481839,0.14285715226944,0.1428572773040691,0.1428570498907091,0.14285696124102498,0.14285729725505245,0.1428571009915203
697,187b454d7fe0bd0b4eaaa082c17e25159e73b05cd74cee51cc93adbb636a223b,Bacterial-Spot(752),5,0.9999999999998076,0.1428571631032893,0.14285715330829257,0.14285729275035675,0.1428570392114777,0.14285694040558788,0.14285731501434998,0.1428570962066458
698,28ccb85d11cbb0e85147ecdaf47c5962f044e48669a6dafb3e20a483f09f4272,Bacterial-Spot(752),5,0.9999999999998374,0.14285716151045352,0.142857152518605,0.14285728063226835,0.1428570475890953,0.14285695673451893,0.14285730106752179,0.14285709994753715
699,b3038840e06909cf126b81528346151471b2bcd07efe3c68ba519613e31cee79,Bacterial-Spot(752),5,0.9999999999999077,0.14285715686755274,0.14285715009566127,0.14285724650572024,0.14285707118732802,0.14285700285650832,0.1428572618963403,0.14285711059088907
700,7053d951a338f99599657a07bc4bc9ee0b8b331f7e5f8487f132f9b5a2f94c18,Bacterial-Spot(752),5,0.9999999999999831,0.14285714876355354,0.14285714591397397,0.14285718649369195,0.1428571126834131,0.14285708390934945,0.14285719296895485,0.14285712926706312
701,39da22448db659af2bc67809a6f6e30eca466093d42594f91927a318cb90c6e2,Bacterial-Spot(752),5,0.9999999999998904,0.14285715815032088,0.14285715078194117,0.1428572557876,0.14285706476859994,0.1428569902942598,0.1428572725338088,0.1428571076834695
702,b505cfa9a940c0a66ea263a1184e426c7e14fa1da01b43b551bd4da4b330621d,Bacterial-Spot(752),4,0.9999999999999932,0.14285713932842578,0.14285714101477662,0.14285711692551317,0.14285716078862612,0.14285717790439373,0.14285711309326504,0.14285715094499946
703,eceb01fd72e390ea87dbf476519dce988c02ecfa34c88b7d5dffe56d85f89fce,Bacterial-Spot(752),5,0.9999999999997591,0.14285716556736736,0.1428571546183798,0.14285731063201906,0.14285702684550855,0.14285691621112984,0.14285733551694568,0.1428570906086497
704,6e4aa8579e814ae36bb765bcd9607b300f0e8355d76cf2e675463fde2e307399,Bacterial-Spot(752),5,0.9999999999999365,0.14285715452243747,0.14285714891691,0.14285722883922822,0.14285708340178832,0.14285702668149752,0.14285724157670748,0.142857116061431
705,d66c2f30ddd779b1490a3c2aa6ab2fd65d0f81ccc72387aac7b7fdd91895869a,Bacterial-Spot(752),5,0.9999999999998093,0.1428571630486901,0.14285715330507204,0.14285729211997197,0.14285703964662533,0.14285694122995182,0.14285731426666468,0.14285709638302413
706,3c917cff941d667441d17a7a0e855a80cda56af6458926d33ddd1ec0caaba5b6,Bacterial-Spot(752),4,0.9999999999999817,0.14285713673809414,0.14285713972611427,0.14285709728853443,0.1428571743650338,0.142857204372425,0.14285709049492776,0.14285715701487062
707,47bb654e070ec84b9d4af95c404303f31618056482ee0ef4ffa2b2be6e455654,Bacterial-Spot(752),5,0.9999999999998843,0.14285715855303774,0.1428571509721067,0.14285725891413997,0.1428570626069026,0.14285698608915703,0.14285727614259247,0.1428571067220635
708,d44ec4081b22a4a672b722981eeb401e1eb94899a78df20ed0cdaecc14b029a2,Bacterial-Spot(752),4,0.9999999999999987,0.14285714176049177,0.14285714231764607,0.14285713446162132,0.14285714866081714,0.14285715416419636,0.1428571331917587,0.1428571454434685
709,45f109aa3730eb4940b540c6877cec80c2f622cee338e888743e4493b09f7eb7,Bacterial-Spot(752),5,0.9999999999998495,0.142857160771783,0.1428571521160054,0.14285727537415235,0.14285705122588696,0.1428569638610914,0.14285729504739667,0.14285710160368414
710,b6be1caa300847df0c7253b0bf5c12d9cd198cf2a40e51a57c07e0ffc8e1f729,Bacterial-Spot(752),5,0.9999999999999599,0.14285715206767552,0.14285714763985158,0.1428572107867387,0.1428570958853791,0.14285705107759247,0.14285722085010108,0.1428571216926616
711,4f7bfbeed1622976ea5be51227c276c748dbad6497ca06f83237f88958d934f9,Bacterial-Spot(752),5,0.9999999999998412,0.14285716124704123,0.14285715236016955,0.14285727889580904,0.14285704879066244,0.14285695910521112,0.14285729909376566,0.1428571005073409
712,dae55710363e0caa8538e89c55a0eed996497344a2198e8611d16c554574d3dd,Bacterial-Spot(752),5,0.9999999999999858,0.14285714822407436,0.14285714565413143,0.14285718233916178,0.14285711555576047,0.1428570895011799,0.14285718817910373,0.14285713054658825
713,572972955d68d2da36df3ec9a2888ac84c682e2398cc72754529a038a715bfc8,Bacterial-Spot(752),4,0.9999999999999923,0.14285713899917316,0.14285714084858891,0.14285711445348878,0.14285716249782235,0.14285718123912294,0.14285711025049846,0.1428571517113053
714,95cbd95fbb63e447743f9658f74a8a312a311099109fb4d39c51740ebfbcd576,Bacterial-Spot(752),4,0.9999999999999978,0.14285714110542286,0.1428571419697233,0.14285712971558526,0.14285715194312976,0.14285716058647718,0.14285712774904238,0.14285714693061927
715,408ee06c8da1f97df80845be20aba82728b63888d23a38b2256b15a982da08aa,Bacterial-Spot(752),5,0.9999999999997431,0.14285716630037157,0.1428571549834531,0.1428573161864785,0.14285702300535297,0.14285690872413234,0.14285734190854624,0.14285708889166532
716,742625ccd3c79284966acf8f87d061f6e3bd6f284fb1a3a004b97d7ee6fe3203,Bacterial-Spot(752),5,0.9999999999997939,0.14285716383582608,0.14285715370685995,0.1428572979982181,0.14285703558237453,0.14285693329641444,0.14285732102168042,0.14285709455862652
717,2370a56407d243e708407cde7a62d7d5e4bc27570d1b5b8d4296c68900aa790f,Bacterial-Spot(752),5,0.9999999999999414,0.14285715401077143,0.14285714862778465,0.14285722529189254,0.14285708585566678,0.1428570315011277,0.1428572375252366,0.14285711718752034
718,f8d9bbd06c59024ab08d4dc3d5e10381041c17e38dcbb2e34b21ea8bbc6203ae,Bacterial-Spot(752),5,0.9999999999998475,0.14285716089289693,0.14285715218681472,0.14285727622588495,0.14285705063733392,0.14285696270462067,0.14285729601577377,0.14285710133667498
719,1810c193b55c5f8378505d0dde2b2638b39c5d50e86950b78e45fc1f70310d73,Bacterial-Spot(752),5,0.9999999999999155,0.14285715623923148,0.14285714977137368,0.14285724186467305,0.14285707439666812,0.14285700912588245,0.14285725656514844,0.14285711203702273
720,e5b7518493de7e26b35086c269877c5eb6eeb8ba0fe4a8b7303460e22bcb296b,Bacterial-Spot(752),5,0.9999999999997462,0.14285716615095967,0.14285715490413944,0.142857315080253,0.14285702376990825,0.1428569102187529,0.14285734064142458,0.14285708923456214
721,d4252466b1d62794846c6636e938b421f590bf23aa2966789914d00f23548f4e,Bacterial-Spot(752),5,0.999999999999793,0.1428571638968352,0.14285715374524693,0.1428572983764626,0.14285703532040162,0.14285693277701658,0.14285732145030314,0.14285709443373398
722,4bd5ad4041e461a24c9bc479cc4026aa0d24233be0d86f1ee17aca82dff100da,Bacterial-Spot(752),5,0.9999999999998076,0.14285716311624724,0.14285715332280988,0.14285729277121,0.14285703919673678,0.14285694036858793,0.14285731503115984,0.1428570961932482
723,c458e19db7244879c0df3f66798c63e29797c3fbe66dd382c67aa6911fac4692,Bacterial-Spot(752),5,0.9999999999999785,0.14285714956865384,0.1428571463443439,0.14285719231613106,0.14285710865688406,0.14285707602899195,0.14285719964251783,0.14285712744247736
724,cceda8f3494facbe42df5dfc3663e6df2738b2bba1304a79dab778d4d1843d0b,Bacterial-Spot(752),4,0.9999999999999982,0.1428571412518288,0.14285714200000454,0.14285713124370947,0.142857150888529,0.1428571585748085,0.1428571295448157,0.14285714649630396
725,6d09d9c568275faf3b7f9507860606007d6fb676fa121c3f3dbefe5989466b8a,Bacterial-Spot(752),5,0.9999999999999324,0.14285715485899983,0.14285714907374925,0.1428572315064446,0.14285708155846485,0.14285702309947812,0.1428572446546256,0.14285711524823785
726,97a3c9b11a7025cc5f86ec1a1cc72b099dba4412d5c2309996abc13082ffd32f,Bacterial-Spot(752),5,0.9999999999999841,0.1428571485744811,0.1428571458348825,0.14285718492019114,0.14285711377076368,0.14285708601395403,0.1428571911445836,0.14285712974114398
727,5116f16f64ba8332317884603b8b04f9367a887899d2247ce33ee9c76087ed1d,Bacterial-Spot(752),4,0.9999999999999318,0.14285713086852486,0.14285713668020944,0.14285705400745302,0.14285720429339774,0.14285726284973582,0.1428570407984283,0.1428571705022508
728,8a55ed63a716a122028c4adc5ded3fdde2d03eeb220baa7ae0773b8312e92651,Bacterial-Spot(752),4,0.9999999999999551,0.14285713315057344,0.14285713786378298,0.14285707085241336,0.14285719264556518,0.1428572400922237,0.14285706014010935,0.14285716525533207
729,2122b7fb8af3abe17693f4423ecc9385ee5e5482d3bb8dbec5cf9e197b259fc3,Bacterial-Spot(752),4,0.9999999999999878,0.14285713793748822,0.14285714033853375,0.14285710623948186,0.142857168176188,0.1428571922911649,0.14285710078107142,0.14285715423607187
730,7ee27c8c70f62941c6172113a89e6a9aef3270266370944a0ff480e81e9266cf,Bacterial-Spot(752),4,0.999999999999965,0.14285713434052158,0.1428571384713166,0.14285707970969047,0.14285718652099175,0.142857228135298,0.142857070320268,0.1428571625019136
731,d7d40992f6e72ae366076812c051536229505b7869eee675bbf15085b9564d23,Bacterial-Spot(752),4,0.999999999999952,0.14285713282705897,0.1428571376950711,0.14285706845627252,0.14285719430211105,0.14285724332888763,0.14285705739080104,0.14285716599979761
732,fb8a6bee757c882b2385bbcffd01c0d089f672d561b49cc6e731eddc6bdf16d7,Bacterial-Spot(752),4,0.9999999999999732,0.1428571354077789,0.14285713901901845,0.14285708763538052,0.14285718104066078,0.1428572174335576,0.14285707942656575,0.142857160037038
733,e15d11b1b14d2eb897bac19d59583147e4b3a8e40fc89347cb74259cc65f54b5,Bacterial-Spot(752),4,0.9999999999999727,0.14285713534942965,0.1428571389820496,0.1428570872671003,0.14285718129554484,0.14285721793854106,0.14285707900996233,0.14285716015737224
734,27579900fee374d11501d78780ce2bc8f823ff26fb09f031518b29fcddc92e15,Bacterial-Spot(752),4,0.9999999999999589,0.14285713358229704,0.14285713807790218,0.1428570741037857,0.14285719039710584,0.14285723570801276,0.14285706388432654,0.14285716424656986
735,0db1f8c3a66ffa5a9e93b6f452eb6e5ec6757cd1372398d851c416b078895b1a,Bacterial-Spot(752),4,0.999999999999996,0.14285714017695736,0.14285714145232573,0.14285712322370064,0.14285715643391853,0.14285716939945572,0.14285712032658884,0.1428571489870532
736,92bdb563994b57903384dc965ec22229f8f22494cab7933748c5f51c126e4063,Bacterial-Spot(752),4,0.9999999999999573,0.14285713339749032,0.1428571379836028,0.1428570727361898,0.14285719134293937,0.1428572375549666,0.14285706231184755,0.1428571646729636
737,f8c59ea1adbe462e6ce09a113487fd3ea026140ea23a44a90e72152fada50201,Bacterial-Spot(752),4,0.9999999999999677,0.14285713467089184,0.14285713863899002,0.14285708217767437,0.14285718481447607,0.14285722480467575,0.14285707315780063,0.14285716173549115
738,31f4d89539fc05670a15544ddbb3636ee849ac0783aeadaec08e5698bac0d066,Bacterial-Spot(752),4,0.9999999999999358,0.1428571312420173,0.14285713687324875,0.14285705675218707,0.1428572023951219,0.14285725914061317,0.14285704395184212,0.14285716964496967
739,43a5ebc22522d228fe927122eba7ab55d0644384651e674f547d947e1cec800d,Bacterial-Spot(752),4,0.9999999999999655,0.14285713436738076,0.14285713848312015,0.14285707992055854,0.14285718637510655,0.14285722785208185,0.1428570705648548,0.14285716243689725
740,3ae874ae861dea16f9dd9f0eb7c85a0395d6bc42501b0e6f2d8179a7a35eb927,Bacterial-Spot(752),4,0.999999999999962,0.1428571339444219,0.14285713826694024,0.1428570767849798,0.1428571885435086,0.14285723208621687,0.14285706696045997,0.14285716341347257
741,5d031fe48eb22828aa73e1a2be366fa9e99b0fabd7e9bcde48574d94c5fa7e99,Bacterial-Spot(752),4,0.9999999999999579,0.14285713345503506,0.14285713801534458,0.14285707314959908,0.14285719105714645,0.14285723699494637,0.1428570627843339,0.1428571645435946
742,c3e8b77548a0558cc64ce4398d4d96837d5372e48d736a05a701dd1fd59d0ecf,Bacterial-Spot(752),4,0.9999999999999495,0.1428571325639851,0.14285713756238586,0.14285706647780028,0.1428571956700072,0.14285724599747135,0.14285705511567537,0.1428571666126749
743,33ed423f07afc092833f7ced85b10af94a5e408725c931ec0b80c32315a138ef,Bacterial-Spot(752),4,0.9999999999999499,0.1428571326102155,0.14285713758507135,0.1428570668367039,0.14285719542199846,0.14285724551454498,0.142857055528607,0.1428571665028588
744,78600ac51810efac16710ad8e86b56b141867ca32ae7be8129da8c0238bd8fd5,Bacterial-Spot(752),4,0.999999999999933,0.14285713098084185,0.14285713673582512,0.14285705484644678,0.14285720371303876,0.1428572617178063,0.1428570417652109,0.14285717024083025
745,7993d2224a577f70a5d79510c6b59166b0ffd5cb63fe8180fcac926b08cd3aab,Bacterial-Spot(752),4,0.9999999999999813,0.14285713671075315,0.1428571396972793,0.14285709722635362,0.14285717440859502,0.142857204473048,0.14285709043703956,0.14285715704693125
746,6393eaa5341bf53b88a4119bd6dd48dee8abb94ceb2945990bb6b7e7ea01542a,Bacterial-Spot(752),5,0.999999999999997,0.14285714501983868,0.14285714395068908,0.14285715910972802,0.14285713162046387,0.14285712093367295,0.14285716154315312,0.1428571378224543
747,ac2807ef3075b063c0ff4a2bca503a4d9a0663335b86afeaa49d57c404e5e94c,Bacterial-Spot(752),4,0.9999999999999417,0.14285713177581447,0.14285713714841547,0.14285706070570978,0.14285719966137617,0.14285725380107728,0.1428570484930828,0.14285716841452403
748,f748d7b7881eae1a84db26fb98de6f03de8dfaf0a11b48c7dff28e4da663f59c,Bacterial-Spot(752),4,0.9999999999999629,0.1428571340739274,0.14285713834369598,0.14285707765344474,0.1428571879426978,0.14285723090241237,0.1428570679485666,0.14285716313525507
749,678fd9ec474da623ddfa63371990dfce3acbfb6d4c0542bea3693d7826c00166,Bacterial-Spot(752),4,0.9999999999999826,0.14285713687342566,0.14285713978361128,0.14285709841609384,0.142857173586006,0.14285720286421447,0.14285709180080403,0.14285715667584475
750,2f2be8dc936e688d56f923dc6aeba47592f3504de7400440d0f63187fe1b270e,Bacterial-Spot(752),4,0.99999999999996,0.14285713371335437,0.1428571381522316,0.14285707501650843,0.14285718976586081,0.14285723446831078,0.14285706492608696,0.14285716395764705
751,8f6b7ce96ab0d9bf8955664864d2a6634b4651f0a9851c012e3ae961973bf703,Bacterial-Spot(752),4,0.9999999999999476,0.142857132371377,0.14285713745673656,0.14285706510639326,0.1428571966184274,0.14285724785632917,0.1428570535465995,0.142857167044137
752,a3d6a8adfb421d2dff99b02696a6320166c0ab1e6e0b5ac25106c5b0606af01f,Bacterial-Spot(752),4,0.9999999999999978,0.14285714124127838,0.14285714201780397,0.14285713093546412,0.14285715110057784,0.14285715896407708,0.14285712917004764,0.14285714657075088
753,242b4cf63b1f88b65ff1d82010d2e4c677a0f8e4a81f5a51a69f3ea0c2cfa43a,Bacterial-Spot(752),5,0.999999999999938,0.14285715430408044,0.1428571487719786,0.14285722755468222,0.14285708429179075,0.14285702845517909,0.14285724012921758,0.1428571164930712
754,4e463baa6d67cd5917d6bb1254099237bb92d0e5cc7efffb8a5e9bcb9c234f36,Bacterial-Spot(752),5,0.9999999999998973,0.14285715765134807,0.1428571505154643,0.1428572521884204,0.14285706725786462,0.14285699516643444,0.14285726840751872,0.14285710881294947
755,8f119dcf03c50ac5f270b60a3e43ab2cf512db99ca24744de8319ecf2eed49cf,Bacterial-Spot(752),4,0.9999999999999843,0.14285713719479962,0.14285713993418678,0.1428571009280323,0.14285717184942462,0.1428571994874511,0.14285709470075508,0.14285715590535064
756,e4a1325932311ff5e26a9ceef6d579914e0448e66b899845cbff3b72b8cf4bd3,Bacterial-Spot(752),5,0.9999999999998546,0.14285716046011485,0.14285715194504167,0.14285727316793426,0.14285705275190747,0.1428569668527724,0.14285729252238666,0.1428571022998427
757,00c4577910acf87971c2d124fc2e413a903153ffdd240515de148f562dfec02d,Bacterial-Spot(752),4,0.9999999999999964,0.14285714045800682,0.14285714159265914,0.1428571253431712,0.14285715496843376,0.14285716654153427,0.14285712276565302,0.1428571483305418
758,30956a897a4c51da53553581d21e7733e4d4dd5e443bbee6c0bf1150e5c125b6,Bacterial-Spot(752),4,0.9999999999999751,0.1428571357032676,0.14285713917927992,0.14285708973437594,0.14285717958866526,0.14285721458838854,0.1428570818312409,0.14285715937478186
759,2fa0b242c3d7eac282965e1f5b910a74908e75d8c03d99131948534337aab646,Bacterial-Spot(752),5,0.9999999999999981,0.142857144434924,0.14285714367018923,0.14285715454646317,0.1428571347743539,0.142857127070101,0.1428571562843482,0.14285713921962045
760,6226ea65ba8eedc81e304ec6a89c2a01333f7196d4545142a9712e91410447db,Bacterial-Spot(752),4,0.9999999999999933,0.1428571393280502,0.14285714103352526,0.1428571167557937,0.1428571609055291,0.14285717811351523,0.14285711288005074,0.1428571509835357
761,a1dde9edca9ce305e3bd1835ea98f98ada51c483b9fa5e1949487646a758596b,Bacterial-Spot(752),5,0.9999999999999988,0.1428571436523016,0.1428571432624146,0.14285714880643824,0.14285713874390188,0.14285713482879023,0.14285714969399327,0.1428571410121601
762,c4c412a6192f829a261779651e4cec9088cab8b5bcf0f029e046f718d8b066bf,Bacterial-Spot(752),4,0.9999999999999982,0.142857141378088,0.14285714211187198,0.14285713172557346,0.14285715055333847,0.14285715787052766,0.1428571300559664,0.1428571463046341
763,dfc5e896f2898723b5571d80b57197c609337663fec56b0aefe1becbe1276fa2,Bacterial-Spot(752),5,0.9999999999999972,0.14285714493030713,0.14285714395649615,0.142857157923543,0.14285713243805484,0.1428571224744492,0.1428571601349034,0.14285713814224613
764,0bc450f273f0f71ffafc8165b374ca4037ab4133cc9b91d7486e1b1e10182c91,Bacterial-Spot(752),5,0.9999999999999812,0.1428571490902919,0.14285714607926236,0.14285718895582059,0.14285711098131462,0.1428570805887339,0.14285719579914347,0.14285712850543328
765,82006476b4e567b39945cf5431f7626eba61aad686a3a8be4d37bd2fee6b1a12,Bacterial-Spot(752),5,0.9999999999999627,0.1428571517149368,0.14285714742411235,0.1428572084930262,0.14285709747265118,0.14285705421331746,0.1428572182467555,0.14285712243520057
766,beb788e7e83e1ac0fb9bceb1480688f46ac4b99b36208f42d4780a4c8f559f2c,Bacterial-Spot(752),5,0.9999999999998544,0.14285716048017413,0.14285715196828588,0.14285727318427544,0.14285705273991983,0.14285696681521767,0.14285729252995177,0.14285710228217527
767,6488e89ba8796a321aa5c1a6b7f61bcce62b18342bf21a046afb455f178eeb7c,Bacterial-Spot(752),5,0.999999999999996,0.14285714551749182,0.1428571442495868,0.1428571623578198,0.14285712937213377,0.14285711649584576,0.14285716523756598,0.142857136769556
768,e0a91bf90afed204a024177ef6db4f0efd8667cb4647ea4ec5250de57e675474,Bacterial-Spot(752),5,0.9999999999999638,0.1428571515415539,0.14285714733086538,0.14285720723305734,0.1428570983437697,0.14285705591813838,0.14285721680389324,0.14285712282872204
769,65077d8464c4841d1f505989c70dc5b94136fda5861a429695faaf26ca725231,Bacterial-Spot(752),4,0.9999999999999973,0.14285714089698623,0.14285714181731235,0.14285712861822716,0.1428571527040649,0.14285716212093688,0.14285712652851582,0.14285714731395663
770,c4cb9699d2e080f1a0144f63ab34d9af0bfabe9600e94fef8b2ffabec74cf34d,Bacterial-Spot(752),5,0.9999999999999982,0.14285714440018416,0.1428571436572406,0.14285715423345818,0.14285713499040922,0.14285712748645182,0.14285715592083137,0.14285713931142474
771,ed1a207eadc2f4c0cf31b5379189d55f0fe2c04c0bccd70d0f62ad5a63a9e17c,Bacterial-Spot(752),4,0.9999999999999926,0.14285713911057665,0.14285714093642524,0.1428571149786996,0.14285716213325445,0.1428571804944662,0.14285711082660263,0.14285715151997522
772,3c45dd0628ed49048a08ff26504dc80b00bf388641ec94355583b37ab0fd8034,Bacterial-Spot(752),5,0.9999999999999728,0.14285715036745103,0.14285714673225067,0.14285719848077072,0.14285710439560106,0.14285706773196946,0.14285720674398486,0.14285712554797209
773,de8bef462b3ab7421fad1261c03eede1c51e7f9ddd0b97e5003e8350cd90e673,Bacterial-Spot(752),5,0.9999999999999778,0.1428571496053608,0.14285714631803373,0.1428571930304906,0.14285710816494124,0.14285707511622334,0.14285720050370815,0.14285712726124214
774,38c3d534f19b86c323316bdb2d5e18d593ed0d8a90917d270b6046bb8451552c,Bacterial-Spot(752),5,0.9999999999999508,0.1428571530332191,0.14285714812178896,0.14285721810376575,0.142857090826802,0.14285704121469328,0.14285722926829597,0.14285711943143484
775,fc483e2ad980e6545292f21a12d41efacfb79b739688d4b92e30606a6f5f87c7,Bacterial-Spot(752),4,0.9999999999999944,0.14285713967232103,0.1428571412233377,0.14285711915675794,0.14285715924418485,0.1428571748539349,0.14285711562873696,0.14285715022072654
776,c4b313f06e1a324baf8767480541cba74a0bd128ade2277ed4e57b46725248bb,Bacterial-Spot(752),5,0.9999999999999012,0.1428571573418507,0.14285715034043842,0.14285725005739933,0.1428570687323126,0.1428569980632575,0.1428572659729415,0.1428571094917999
777,5dbe9398d3356f5318be33d1d3b60af96400a8f964fc1a39e9585cdf12dd8b3f,Bacterial-Spot(752),5,0.9999999999999921,0.14285714676287148,0.14285714487352977,0.14285717176957177,0.1428571228652231,0.14285710380638103,0.14285717606388557,0.1428571338585374
778,65885bee4332c01edfaf0ce250558c2e60650b5bb0552ab338ff2d11f9401fe6,Bacterial-Spot(752),5,0.999999999999918,0.1428571560449213,0.1428571496627327,0.14285724052636722,0.1428570753228274,0.14285701094481867,0.14285725503429492,0.14285711246403787
779,ecf028d9475696b022f6029e55b34efcc41a5b833aab1a63b2b7d5b3d95acbcc,Bacterial-Spot(752),5,0.9999999999999871,0.14285714795612228,0.1428571454979525,0.1428571805035883,0.14285711682521415,0.14285709199850705,0.14285718608874795,0.1428571311298678
780,b734e1c60cc0ca0a4735cd44d20d0c78a1a02f22ed6308337f9a54dfcea75119,Bacterial-Spot(752),4,0.9999999999999917,0.14285713877844072,0.14285714072645564,0.14285711290388245,0.14285716356977768,0.14285718334192637,0.14285710847779626,0.142857152201721
781,f1c9527b51f6e728310bf2d42991110e0c644abfcf799df7af6661613f079a2a,Bacterial-Spot(752),5,0.9999999999999832,0.14285714871631194,0.14285714588462023,0.14285718621663618,0.14285711287572855,0.1428570842915576,0.1428571926535956,0.14285712936154998
782,6f0663eb1aed7e0b24f39e79a770b83b23e4f98a9fa0d162ceb8530eaae81d86,Bacterial-Spot(752),4,0.9999999999999962,0.14285714026309862,0.14285714152253864,0.14285712359648825,0.14285715617473554,0.14285716886499583,0.14285712073244242,0.14285714884570083
783,881ef4d3a4d78f3e29645d82a021055473568ba06348a48f5fb69f650ce03823,Bacterial-Spot(752),5,0.9999999999999828,0.14285714883239795,0.1428571459527513,0.14285718697854258,0.14285711234815732,0.14285708325140312,0.14285719352244977,0.14285712911429796
784,53a39f7dc2826cf60516d5cf3f20450d769748fcb541f091d780d3588d7db886,Bacterial-Spot(752),5,0.9999999999999986,0.14285714408462324,0.142857143518864,0.14285715165378607,0.14285713677300177,0.142857130942046,0.1428571529361714,0.14285714009150755
785,85b3e2f13c99cf12c3426fd927f5e8fc260d37d2c38336715946783999c43c4b,Bacterial-Spot(752),5,0.9999999999999716,0.14285715058745557,0.14285714685443418,0.14285720000583813,0.14285710334027332,0.1428570656604231,0.14285720848914252,0.14285712506243314
786,2c43e16ba2878e19a93e465573db974977326dd234eeba6313aaab109d8e64ea,Bacterial-Spot(752),5,0.9999999999999151,0.14285715627490916,0.14285714978037167,0.1428572422174626,0.14285707415307491,0.14285700865990486,0.14285725697903515,0.14285711193524164
787,f3beb82ad7790e000a90dec57f6464263c4792f665a5e87aecd6e47c0c8d3ea8,Bacterial-Spot(752),4,0.9999999999999933,0.14285713930762683,0.14285714102918776,0.14285711651925337,0.14285716106829374,0.14285717842349333,0.1428571126044405,0.14285715104770455
788,7cf5c91cbe326f57714a7016d6a6cf52a497c65fa5cff0c821f6e3d7866e2786,Bacterial-Spot(752),4,0.9999999999999615,0.14285713385948673,0.14285713821931295,0.14285707616544815,0.14285718897148197,0.14285723292469948,0.14285706625416333,0.14285716360540737
789,821c237f3e6313f922ef3a4355ccbd007c6f5cf338c40513c817923cb49b598b,Bacterial-Spot(752),4,0.9999999999999994,0.1428571427293967,0.14285714280754377,0.1428571417493915,0.14285714362235027,0.1428571443341937,0.1428571415702676,0.14285714318685655
790,0e0cee4e8bb37b04b5ee68fb2fa28a7d567a726a808619727000802a34e80ff0,Bacterial-Spot(752),4,0.9999999999999805,0.14285713655024332,0.14285713961365226,0.14285709603545113,0.1428571752318886,0.14285720608142355,0.14285708907060998,0.14285715741673094
791,3f87452567bb72b48f13dc5bcb6db5de799dd4ee8bf57b38f0cdf2364bdd057a,Bacterial-Spot(752),4,0.9999999999999957,0.14285714009240663,0.14285714140664552,0.14285712263881017,0.1428571568388958,0.142857170193712,0.14285711965522435,0.14285714917430534
792,f8bfe8a24bdfcfe7a10bc7f34f8065ef60babf6c565822f1e7cbb073361703f4,Bacterial-Spot(752),4,0.9999999999999962,0.14285714034426353,0.1428571415556095,0.1428571242823258,0.142857155700861,0.1428571679487389,0.1428571215281892,0.14285714864001206
793,f6f14a5687d61eb010f2005455cd2a4c182535621401b48465a06383674f05cc,Bacterial-Spot(752),4,0.9999999999999951,0.14285713992996896,0.1428571413374224,0.14285712125068312,0.14285715779718056,0.1428571720477555,0.14285711805059748,0.1428571495863919
794,583a12326a0fcd8cee2b72426043c541de844aaeff2c08d4614eaa7ac29c4539,Bacterial-Spot(752),4,0.9999999999999991,0.14285714236136637,0.14285714260978113,0.14285713909275072,0.14285714545948813,0.14285714793059437,0.14285713852658105,0.14285714401943808
795,8d33eb3bcaecdb4e43c7ec29653ada1a01baa9e66a8867a5bbbb7bcd48f003e0,Bacterial-Spot(752),4,0.9999999999999972,0.14285714084572304,0.1428571418098365,0.14285712803521902,0.14285715310597294,0.14285716288480818,0.14285712584300753,0.14285714747543285
796,57bee4d060253db383ae17a2d340f73f7da06d49b137a3d030de9b26fd2cf10d,Bacterial-Spot(752),4,0.9999999999999928,0.14285713910540065,0.1428571409210119,0.14285711507006632,0.14285716207075178,0.14285718038623355,0.14285711094266096,0.14285715150387504
797,c977c62366935f5ab03cd4a83e70184e9af606afbbbe49e3b2a25e66ad04a146,Bacterial-Spot(752),5,0.9999999999999911,0.14285714700077543,0.14285714498019908,0.142857173679566,0.14285712154504912,0.14285710124441073,0.14285717827270505,0.14285713327729466
798,cf49e5f08364deb44203efaebba4ee0da8a2230bd46e5fb952bc076fa0e07734,Bacterial-Spot(752),4,0.9999999999999993,0.14285714282612275,0.14285714283771855,0.14285714264978527,0.1428571430004397,0.14285714314004616,0.14285714262278304,0.14285714292310459
799,dc95c30a96064d26f94503b1a3a8760c9ddb1b506ef970660bdf7510730a9f4b,Bacterial-Spot(752),4,0.9999999999999915,0.14285713873172193,0.14285714072729036,0.14285711229678363,0.14285716398809123,0.14285718413150728,0.14285710775920824,0.1428571523653975
800,23bc9a164a6ce960f44fbad0ab15439d5a372930666e0d034be7312718ec33ee,Bacterial-Spot(752),5,0.9999999999999966,0.14285714530861837,0.14285714411928496,0.14285716104142196,0.1428571302835814,0.14285711830069678,0.1428571637451973,0.14285713720119927
801,54691ec5013da0c0a2c520ee298f6f19e8beda7e69d2e89dc5d23f31e33aae86,Bacterial-Spot(752),4,0.9999999999999986,0.14285714164277152,0.14285714223984752,0.1428571337812772,0.14285714913253209,0.14285715510503527,0.14285713242401402,0.14285714567452232
802,64f6b2c91d92f78173d3acfc3c7577200ecfe23e6086a6dc612b26e61adaa9e1,Bacterial-Spot(752),4,0.9999999999999823,0.1428571368315122,0.14285713973366918,0.14285709838722652,0.1428571736073315,0.1428572029362156,0.14285709179279873,0.14285715671124635
803,4d752bf9e04ad8c0c2fecdbd29c55e9ce831c4a480a92ca01d2d2ac115e5ff9c,Bacterial-Spot(752),4,0.99999999999998,0.14285713642022096,0.14285713952757284,0.14285709525467108,0.142857175772541,0.1428572071574805,0.1428570881911499,0.14285715767636373
804,6a5d10065fe8debcd0411caa2e8f3d20cc637af58d1c0242e7f41d1a86812ff8,Bacterial-Spot(752),4,0.9999999999999976,0.1428571408899644,0.14285714183831347,0.14285712832827382,0.1428571529035297,0.14285716248441513,0.14285712617311166,0.14285714738239189
805,3d14468bfd9667e1f8060ccb3b2859a5912370fe46ebd5698a0a6babae5f1bfb,Bacterial-Spot(752),5,0.9999999999999849,0.14285714838849023,0.14285714570525315,0.14285718389209254,0.14285711448357713,0.14285708744320133,0.14285718999269462,0.14285713009469095
806,2e352a9c29f0e4ce7aee0a4dc65c859c55efcfbb9fe2737e8d5239ff6d6d2308,Bacterial-Spot(752),4,0.9999999999999947,0.1428571396710058,0.1428571411995552,0.1428571193753883,0.14285715909408855,0.14285717458548466,0.14285711590045164,0.1428571501740259
807,7ad75063b747a3156303412efcb1c7128f4eb629c5139540260afd5093f82c08,Bacterial-Spot(752),5,0.9999999999999951,0.1428571458118143,0.1428571443672914,0.1428571648663419,0.1428571276389805,0.14285711314671218,0.1428571681498508,0.14285713601900882
808,7426c207fedb2e8eb8296ea18cc63f68eec660c0712c16ebe133a88f0ad0f220,Bacterial-Spot(752),4,0.9999999999999792,0.14285713633153416,0.1428571394872565,0.14285709455029663,0.14285717625946603,0.14285720810307348,0.14285708737684638,0.14285715789152678
809,4041115d8c3e214c2977b84d8aa9c4c70f6b70ef513392b8748f1884c06c3714,Bacterial-Spot(752),4,0.999999999999987,0.14285713776059372,0.14285714022658944,0.14285710510789112,0.14285716895906803,0.14285719384104964,0.14285709950153774,0.1428571546032702
810,71206667697e0a595e619f6e93c8ba89ce0007b7a2583c8d006f1855adab95c7,Bacterial-Spot(752),5,0.999999999999799,0.14285716357456224,0.14285715356746606,0.1428572960995387,0.1428570368952669,0.14285693586515413,0.142857318845622,0.14285709515238992
811,fb5437edf622f49f31ebb0d5f39456cb4d45d4fc99deb59eb1573a3ade60899d,Bacterial-Spot(752),5,0.9999999999999694,0.14285715087231474,0.14285714700829039,0.14285720205673944,0.1428571019220275,0.14285706288335823,0.1428572108379696,0.1428571244193001
812,2810a3848c859c8b6d3a44a9704faf401ff7fe5d763d87248e9313c5fd390ae0,Bacterial-Spot(752),4,0.9999999999999853,0.14285713742767286,0.14285714005060174,0.14285710268925844,0.1428571706317613,0.1428571971130793,0.14285709672700764,0.14285715536061863
813,f320566dd539186fc8ebb0879193d824c76a3a6a3b83222cd62bd3d5f04336b8,Bacterial-Spot(752),4,0.9999999999999873,0.14285713781117002,0.14285714023392113,0.142857105692504,0.14285716855621877,0.14285719307563338,0.14285710018811992,0.14285715444243272
814,697b71ad27874e2f2eefae90715baed6f07811c7257fff5610519b4915b7954c,Bacterial-Spot(752),5,0.9999999999998249,0.14285716217327538,0.1428571528389238,0.14285728578012116,0.14285704403108182,0.1428569498094,0.14285730699783059,0.14285709836936716
815,0ae21af2463838949f64b95a1fcad3e35d4df0b3ba860eefe71738e536974357,Bacterial-Spot(752),4,0.9999999999999992,0.14285714230261895,0.14285714259162482,0.14285713856284624,0.14285714582586823,0.14285714863452414,0.14285713790541052,0.14285714417710704
816,4ba5488fdfad948b76b780bd79cf73d283c6c9b4917b1cec02dd84d764482888,Bacterial-Spot(752),4,0.9999999999999776,0.14285713602348762,0.14285713932707933,0.14285709228632995,0.14285717782507606,0.14285721116274788,0.14285708477730605,0.14285715859797318
817,0bcad2fd7d4ac39ef2edfa0ff8389f881e3ef60dae57837e294031e8194fef1f,Bacterial-Spot(752),4,0.9999999999999789,0.1428571362485207,0.1428571394489913,0.14285709390317702,0.1428571767069831,0.14285720897295784,0.1428570866286468,0.14285715809072322
818,0ab3b17cb4383619fdf93af1eec944f31eb770a6b8c68a04d11be3281f2dbf48,Bacterial-Spot(752),4,0.9999999999999959,0.14285714019779894,0.1428571414756823,0.1428571232362526,0.1428571564242908,0.1428571693662089,0.14285712033089806,0.14285714896886836
819,cb723b3e7fb1ae76d6f2a6d74edfde1181f36b6ac1cb877d0c5a6e5226168446,Bacterial-Spot(752),5,0.9999999999999887,0.14285714760155982,0.1428571453013992,0.14285717805442089,0.14285711852025934,0.14285709532612695,0.14285718328504024,0.1428571319111935
820,cfd95dc67fd1f9684a750bdab14d680a79b064a84943191be278a215a9f4e2f5,Bacterial-Spot(752),5,0.9999999999999912,0.14285714695068089,0.1428571449415608,0.14285717343424867,0.1428571217152624,0.14285710159052384,0.14285717800242015,0.14285713336530323
821,68fb3525d83027327a3c5e8ea4c9cdf6bc37b7bcb12142a1581b2ee85f6cf0d3,Bacterial-Spot(752),5,0.9999999999999992,0.1428571431152379,0.1428571429714617,0.142857144946419,0.14285714141319145,0.14285714005642525,0.14285714527419724,0.14285714222306742
822,dabad5d378773a3db5969e83bea9312f173fa71abf0ede8e0096d668144a465d,Bacterial-Spot(752),5,0.9999999999999492,0.14285715318818898,0.1428571481738951,0.14285721950937913,0.14285708985581322,0.1428570393469446,0.14285723090875022,0.14285711901702874
823,eaee4d40114d65176398b5ff8ecf41c5d8b927b2306906d5bc3218b6ccf66a08,Bacterial-Spot(752),5,0.9999999999999811,0.14285714906991917,0.14285714604906066,0.1428571890061202,0.1428571109475897,0.14285708054432505,0.14285719587407436,0.1428571285089109
824,c11f9b35d0ddd13941dc5d1b347ffe699c91fec484f9e219e8fb09bd0b596fc7,Bacterial-Spot(752),4,0.9999999999999705,0.1428571349938266,0.14285713878484355,0.14285708476667303,0.1428571830250901,0.14285722133131123,0.14285707615049004,0.14285716094776552
825,a0115c0362b395921246341a0f89c0ae054c5cb4c367b579ab938c663f982031,Bacterial-Spot(752),4,0.9999999999999681,0.14285713471793182,0.14285713865295133,0.1428570826150938,0.14285718451223717,0.1428572242245956,0.14285707367025016,0.14285716160694018
826,22c4481fe8a88a59270a1d8cbf95667897db86bc072ce95ed37c35fb2f979bb4,Bacterial-Spot(752),4,0.9999999999999973,0.14285714080236686,0.14285714178037842,0.14285712779138524,0.14285715327506343,0.1428571632230309,0.14285712556879585,0.14285714755897938
827,a56d10c111cde33e00e8fc7e09181d1e65ba118a2e2f731a37b255ecdd3a97d4,Bacterial-Spot(752),5,0.9999999999999526,0.14285715282973166,0.14285714799781943,0.1428572167644921,0.14285709175333805,0.14285704304367722,0.14285722774832896,0.1428571198626126
828,075040caf879d7d6662f7eaef4f0bf38ba73f2f86357687f9ae75c2f3c1e546e,Bacterial-Spot(752),4,0.9999999999999746,0.14285713558928825,0.14285713909003728,0.14285708920782192,0.14285717995453587,0.14285721533647544,0.14285708125250893,0.14285715956933243
829,3529c9695c2a3aaa2110cda129343864c4fc23aca054b4cd66d8ab36527cea2b,Bacterial-Spot(752),5,0.9999999999999934,0.14285714633209312,0.14285714464088023,0.14285716867078493,0.14285712500816117,0.14285710800267723,0.1428571725147699,0.1428571348306334
830,1896c3318135e9910929ec8e9cb24502f00ac37318c19d5f3ce4c37af346e501,Bacterial-Spot(752),4,0.9999999999999973,0.14285714078436773,0.14285714177193456,0.14285712764156316,0.1428571533784482,0.142857163423627,0.14285712539651385,0.1428571476035455
831,294e55838b8aec183155f0b52291fcca847d8c9581b7615663789ada6a9c6b9f,Bacterial-Spot(752),4,0.9999999999999934,0.14285713932409902,0.14285714100731892,0.14285711695253453,0.14285716077034197,0.1428571778746596,0.1428571131284599,0.14285715094258614
832,f2dfa6b333a61235e7cea996d4c3240171f5672db69e0e4eefcaaebea9047766,Bacterial-Spot(752),5,0.9999999999999993,0.14285714288501605,0.14285714284126444,0.1428571433491508,0.14285714251807033,0.142857142226437,0.14285714345016112,0.14285714272990033
833,ad1d6cf279246e618644c89ee0a24da5e8731ee860299121d790fc2501c7df2d,Bacterial-Spot(752),5,0.9999999999999145,0.1428571562879948,0.14285714976099004,0.14285724259542854,0.14285707389342886,0.14285700818190183,0.14285725743496755,0.14285711184528835
834,c7898dc5c504d990009cfeec9118673154b0c92f7e289e73f9d645d0759de5b8,Bacterial-Spot(752),5,0.9999999999999664,0.14285715122932874,0.1428571471537566,0.14285720509161495,0.142857099825503,0.1428570588302115,0.14285721435776053,0.14285712351182475
835,5310d97a4b13e55f4a31361867e1f839eecfc28f5de8e90dc48e63791a12c245,Bacterial-Spot(752),5,0.9999999999999653,0.14285715135911212,0.1428571472237945,0.14285720602228097,0.14285709918184084,0.1428570575696756,0.14285721542395582,0.14285712321934016
836,e0d1583f9ef973c5289a3312fbb226740e5fa4efdfba5f1f29333c88e49df3b3,Bacterial-Spot(752),5,0.9999999999999811,0.1428571490192591,0.14285714601286062,0.1428571887455426,0.1428571111285603,0.1428570809093472,0.14285719558273938,0.14285712860169078
837,6b54db6afd6729b034b11c7a6849cccf86d998a205157b7ba07e06572930e864,Bacterial-Spot(752),5,0.9999999999999631,0.14285715161480111,0.14285714734894214,0.14285720799655233,0.14285709781730663,0.14285705491239864,0.14285721769666512,0.14285712261333394
838,e8df0e8600b91c48e9b61b121b8b7f2de8bfbcb3efb5700e259b44de69ece7c7,Bacterial-Spot(752),5,0.99999999999998,0.14285714923999568,0.1428571461174837,0.1428571904530086,0.14285710994793824,0.14285707861225788,0.14285719755342077,0.1428571280758951
839,da399ec753f1b93c5994203b43aceccb3cb5dc850634ece1065220c4081690c1,Bacterial-Spot(752),5,0.9999999999999665,0.14285715121689915,0.14285714715074968,0.14285720497204932,0.14285709990815204,0.1428570589883344,0.14285721421698205,0.14285712354683347
840,e0a785cd055c969cafde8e499a6de8c504934ada95f793dd4eecb7abf29b0226,Bacterial-Spot(752),5,0.9999999999999725,0.14285715038002794,0.14285714671043898,0.14285719885397413,0.14285710413886704,0.14285706726088337,0.14285720719789602,0.14285712545791246
841,34479ee589dafb8a54ecae87f1ba75b80fae4d88ddf4f6486a83f3165278db7d,Bacterial-Spot(752),4,0.9999999999999986,0.1428571415585579,0.1428571421626203,0.14285713348800202,0.1428571493368144,0.14285715554009998,0.14285713211758555,0.14285714579631992
842,5eb356a19082b7d7f02770751883f55889c544f0a213e24cfa4a58ac3b8399b1,Bacterial-Spot(752),5,0.9999999999999981,0.1428571444711251,0.14285714366598642,0.14285715506116245,0.14285713441995102,0.14285712640350526,0.14285715689458137,0.14285713908368838
843,b4af2d4ad2929ce4d288b8c461e93649867cfe54aa253aa8d0dc73cb6c4dd735,Bacterial-Spot(752),5,0.9999999999999661,0.1428571512609644,0.14285714717341005,0.14285720527331874,0.14285709969930357,0.14285705857902906,0.14285721456479702,0.14285712344917714
844,5f1a8326e5b3843d308457fb0915a213147fb53ea1a7686c4e93c03727564ff1,Bacterial-Spot(752),5,0.9999999999999218,0.14285715569003,0.14285714945682776,0.1428572381263568,0.1428570769834663,0.1428570142130702,0.14285725229790477,0.1428571132323441
845,510258165acc276f2d633acd98c95ea4277a13f6d7b24adccbe4e6e29fd86bff,Bacterial-Spot(752),5,0.9999999999999862,0.14285714813457384,0.14285714557415527,0.1428571819876318,0.14285711579992025,0.14285709001312516,0.14285718780706938,0.1428571306835243
846,11d60bf174f169c86258e882441344897dab820a9f7d5ac26fd13cd33aca393a,Bacterial-Spot(752),5,0.9999999999999585,0.14285715215563602,0.14285714762667784,0.14285721200735765,0.14285709504389157,0.14285704949621525,0.14285722230499973,0.14285712136522183
847,694b804b9c453b233e9f7c403bec2c3ffc5cddd81ba9a1d83c92e88e8059f8f6,Bacterial-Spot(752),5,0.999999999999978,0.1428571495737081,0.14285714629954122,0.1428571928258726,0.14285710830670809,0.14285707539594167,0.1428572002700558,0.14285712732817255
848,39022f4a0e509d345752edded665d5054123b31a029142d58204c05a3f0c830d,Bacterial-Spot(752),5,0.999999999999997,0.14285714501473537,0.14285714394390722,0.14285715910128927,0.14285713162624547,0.14285712094881614,0.14285716153794348,0.14285713782706302
849,2267adc4581b7363da8a4be8e77ccc98726a725cab2099e787b92e1e81f2d031,Bacterial-Spot(752),4,0.9999999999999992,0.1428571422062327,0.14285714249940082,0.14285713823917007,0.1428571460510259,0.14285714911825298,0.14285713757358431,0.1428571443123333
850,ce69282a501eae6ed2b58b68eba8c6fb9db5b94e7c8b249f3cbb154be18d8d7a,Bacterial-Spot(752),5,0.9999999999999513,0.14285715294662926,0.1428571480397848,0.14285721780652083,0.1428570910335658,0.14285704165712307,0.1428572289618758,0.14285711955450045
851,6a45b2e134fb13f92856fe476a6e79b196c4a3ee90cfbbd99f35f52651d35b6d,Bacterial-Spot(752),5,0.9999999999999876,0.14285714782157857,0.14285714538799946,0.1428571799248919,0.14285711722762795,0.1428570928287433,0.14285718545910833,0.14285713135005057
852,354b845f3362cb059c51fcb3f83ae907b58027920ab534aabf696b58568e4090,Bacterial-Spot(752),5,0.9999999999999307,0.14285715492993067,0.14285714906686522,0.14285723244356807,0.14285708091213462,0.1428570218826604,0.1428572457709999,0.14285711499384104
853,f2991e3379e3f836ac09c7b94e3188bdd7c9a555c72fc6e3f831d043ab9fc2d1,Bacterial-Spot(752),5,0.9999999999999333,0.1428571547014133,0.14285714894821822,0.14285723075920007,0.14285708207685746,0.14285702415849866,0.1428572438370209,0.1428571155187915
854,9a082012b896d7231b3cfe4451dbd2c83ea2427181267ddf08bc82da96db6e30,Downy-Mildew(240),5,0.9999999999999283,0.1428571551373369,0.14285714917040662,0.14285723404642708,0.14285707980466525,0.14285701972494805,0.14285724761290247,0.1428571145033137
855,9d9e40fc1d45879a33ae9240b16922d8a7dd038fab931bc499bfbf2169dd8fa5,Downy-Mildew(240),4,0.9999999999999916,0.14285713880868858,0.14285714074935024,0.14285711304747234,0.1428571634699777,0.14285718313872864,0.14285710863676315,0.14285715214901928
856,8ec1834ce03e934290b362379d5956cfb23bbb783b0ceaff403e056ed1dc529c,Downy-Mildew(240),4,0.9999999999999981,0.142857141230896,0.14285714200036825,0.14285713098967134,0.1428571510639039,0.1428571589060498,0.1428571292423119,0.14285714656679876
857,9c67b01bce8b8d1d1e904d55177bce998e8ea2146517d175c5e819d57afcde6a,Downy-Mildew(240),5,0.9999999999999912,0.14285714694913915,0.1428571449470672,0.14285717340257006,0.1428571217377578,0.1428571016299834,0.14285717795759525,0.142857133375887
858,d3cfcc5271f8ce9498953afb3239dea7fcb0b6c8b49e1eeea97c30dc8ac2f865,Downy-Mildew(240),5,0.9999999999999193,0.1428571559033786,0.14285714956829462,0.1428572397017132,0.14285707589429703,0.1428570120846083,0.14285725410544137,0.14285711274226695
859,85cdcddf1c5f0289fd910940c86aa0828273885322da01de41a2e189230e09ea,Downy-Mildew(240),5,0.9999999999999021,0.14285715725329953,0.1428571502725842,0.14285724962199686,0.14285706903443252,0.14285699867724053,0.14285726549257824,0.14285710964786816
860,9567c23f00a9044d005be44822ec5b6bf4e4d4e973aa973de6623310306a0349,Downy-Mildew(240),5,0.9999999999999662,0.14285715123504314,0.1428571471540148,0.14285720518652056,0.14285709976055574,0.14285705870761536,0.14285721446742589,0.14285712348882454
861,5b90153bcf63c8c6ea66013f3880934b70d57720f460fa141e110f3ffeeba8eb,Downy-Mildew(240),5,0.9999999999999762,0.14285714982771702,0.14285714643473937,0.14285719469626806,0.14285710701384527,0.1428570728678229,0.14285720241260577,0.14285712674700166
862,37fc1d7283ce4725dbc3293cdee15083dde549f6483be833462e25074cf9191b,Downy-Mildew(240),5,0.9999999999999756,0.14285714995571838,0.14285714650466208,0.14285719560601567,0.1428571063846103,0.14285707163462025,0.14285720345403755,0.14285712646033583
863,21c58031df6699e01e565e27259dee3b7adf6427d8c8afb1ad19666a8455218d,Downy-Mildew(240),4,0.9999999999999973,0.14285714081766557,0.14285714178633982,0.14285712794502783,0.14285715316936332,0.1428571630197846,0.1428571257455684,0.14285714751625056
864,61934ed445e3891d5ca6bf54eba2f464d6a560ea0683de533b328f93c35265c0,Downy-Mildew(240),4,0.9999999999999958,0.14285714012442527,0.14285714143354947,0.14285712276490944,0.1428571567510396,0.14285717001059053,0.1428571197913549,0.1428571491241308
865,cd7aeb09ddb128e78d358940731405284d9010bb2191b39ec35c9d7c892e1d2e,Downy-Mildew(240),5,0.9999999999999991,0.14285714326877627,0.14285714303728267,0.14285714623574144,0.14285714052272097,0.14285713833243663,0.14285714676569303,0.14285714183734888
866,ed69001ae5866ad9e57ba250185e08041bc279f4e68fb81e289997f34094c5d8,Downy-Mildew(240),5,0.9999999999999932,0.14285714641951766,0.14285714466407726,0.14285716953762564,0.14285712440986123,0.14285710685755468,0.14285717352974145,0.14285713458162208
867,45c5a1d4516013d9273995256d5e173536a4a38146b5a2d1951b14c9915b8e57,Downy-Mildew(240),4,0.9999999999999989,0.1428571418319908,0.1428571423018043,0.14285713553700272,0.1428571479202119,0.14285715277539332,0.14285713447232515,0.14285714516127182
868,2506bf3f999e14ae2cefd35ff0c3dcf308796610a1f00a29634f38dc05356604,Downy-Mildew(240),4,0.9999999999999809,0.1428571365568239,0.142857139581334,0.14285709643701278,0.14285717495588637,0.14285720558053372,0.1428570895637107,0.14285715732469845
869,6ec2efecf5f92bbf74913ea5849bdfbf4ca3cb75aaf4a29d938388b92f9880fc,Downy-Mildew(240),5,0.9999999999999853,0.14285714824775078,0.14285714562345045,0.1428571829566589,0.14285711513115773,0.1428570887188146,0.14285718892543867,0.14285713039672884
870,6989eba44b8bcd4cd0481df5ea5a5a081d19ce464983b9efb5f11e4ad04b2fc1,Downy-Mildew(240),4,0.9999999999999949,0.14285713981779133,0.14285714126804336,0.14285712055430963,0.14285715827967047,0.14285717300362194,0.14285711725964817,0.14285714981691505
871,4879ccba28e91e3d132fe8f2004c5abeb173bf8456a7b0c17e37ab0ccbafcc98,Downy-Mildew(240),5,0.9999999999999988,0.14285714404336833,0.1428571434399508,0.14285715192866844,0.14285713658584,0.14285713063876057,0.14285715330262985,0.14285714006078207
872,fd948d91877cb431632dedfe568fc5a2ef9f8835d13af40251b2637f855276cd,Downy-Mildew(240),4,0.9999999999999968,0.14285714056839502,0.1428571416576449,0.14285712609134094,0.14285715445093816,0.14285716552270553,0.14285712361713523,0.1428571480918401
873,e877a47848b7599111703b37f203b89585c2b808e4880c51ccd0c9fdb8817b64,Downy-Mildew(240),4,0.9999999999999889,0.14285713813128573,0.1428571404047904,0.14285710800308368,0.14285716695819994,0.1428571899479664,0.14285710283712838,0.14285715371754545
874,19b6e5e6ce4a26ad70175e58a5b26ebbd04f9259e08ff812e775123ea7febf7f,Downy-Mildew(240),4,0.9999999999999926,0.1428571390590698,0.14285714088003632,0.1428571149045266,0.14285716218619018,0.14285718063054,0.1428571107672044,0.1428571515724327
875,81aef0b8da20c13164daeb8b8ed0ad7268a13cf813a2087bb923511d444e52ed,Downy-Mildew(240),4,0.9999999999999915,0.14285713873199285,0.14285714071108832,0.14285711247978222,0.14285716386272632,0.1428571839052099,0.14285710798269038,0.14285715232651008
876,8ef14891e998321b08c0e3f9d2d0a8760b7ed80a519de8eeefe773e9145b62cf,Downy-Mildew(240),5,0.9999999999998226,0.14285716230765727,0.14285715291530304,0.14285728669925615,0.14285704339507307,0.142856948559243,0.1428573080476565,0.14285709807581096
877,c279b79bfa02a4b5c7286229bc37d4c803e71d7a33a91a678be753516d3ffe13,Downy-Mildew(240),5,0.9999999999999367,0.1428571543731568,0.14285714876844516,0.14285722844850693,0.1428570836754701,0.14285702729302807,0.14285724119115087,0.14285711625024197
878,911b42583ec7e911aa7e2a69df2aaa85c18a18ed7f5e8ab2eee5c71934c41e0e,Downy-Mildew(240),5,0.9999999999998366,0.14285716151318636,0.14285715249447697,0.14285728093034256,0.14285704738471508,0.14285695636405163,0.14285730143097194,0.14285709988225542
879,43fce8dffd24903c01ea3522900e23c6a9fa71d1a745098cf0f87b096b76180d,Downy-Mildew(240),5,0.9999999999999202,0.14285715588109793,0.14285714960301785,0.1428572390849729,0.14285707631869946,0.14285701286438995,0.14285725335546506,0.1428571128923569
880,72e84b6965fc5c92facf16b7d8d0af159da2e856cbb735f8cf4c62173ebda010,Downy-Mildew(240),5,0.999999999999905,0.14285715707226443,0.14285715020375786,0.14285724802425764,0.1428570701377602,0.1428570008052629,0.14285726363645607,0.14285711012024088
881,7194a620e1bb16336ba2bf7face10b7dfef19398c944715b5945f4d7f2578b5d,Downy-Mildew(240),5,0.9999999999999638,0.1428571515613753,0.1428571473534455,0.14285720727431264,0.14285709831501336,0.14285705584968997,0.14285721683911312,0.1428571228070501
882,bb3aaa5b3d858b26ce8252040bdaf806f09ae5e365570caf4d87628aff0b8dda,Downy-Mildew(240),5,0.9999999999999986,0.14285714404583272,0.14285714347039494,0.14285715166090143,0.1428571367696755,0.14285713096679162,0.14285715296886997,0.14285714011753375
883,3e9854cc015821270301b237685f904d50e20bfad7af3c79900ab64667e9ea55,Downy-Mildew(240),4,0.9999999999999991,0.14285714229750343,0.14285714256348675,0.14285713877235862,0.14285714568209082,0.14285714838078714,0.14285713816911502,0.14285714413465816
884,b3addce0d23776cca7254e55268c1c9e17705a6fc17f6988138242d9b2f0a30c,Downy-Mildew(240),4,0.9999999999999962,0.14285714040043607,0.1428571416043994,0.14285712452282262,0.1428571555340796,0.1428571676028128,0.14285712178535945,0.1428571485500901
885,35da24a4a2d07d47927b89f2dce26398f213860f7895a4ceaaac0e55b6ff754c,Downy-Mildew(240),5,0.9999999999999231,0.14285715564630247,0.1428571494675656,0.1428572374815718,0.14285707742792755,0.1428570150459992,0.14285725152702594,0.14285711340360752
886,8cd24e0a9bcec5fdf8ac17fcd44dc33fd4321bc8f4ebb929c8119e683ae8912d,Downy-Mildew(240),5,0.9999999999998651,0.14285715977770516,0.1428571515834303,0.14285726823975214,0.1428570561606705,0.14285697352284316,0.14285728686844365,0.14285710384715503
887,d5dd519cd41a1b275daa018edf80487335dcd74ec1b9019b50a4441254323ab5,Downy-Mildew(240),5,0.9999999999999941,0.14285714618127346,0.14285714456712476,0.14285716752386862,0.14285712580124144,0.14285710954790912,0.1428571711931134,0.14285713518546925
888,dd21506715e874ccea2bfc6d6ddb2681468f338e9ef17342043da3b6ad2e7e35,Downy-Mildew(240),5,0.9999999999999442,0.1428571536536187,0.14285714840291183,0.14285722305960993,0.14285708740133846,0.1428570345643342,0.14285723499680783,0.14285711792137898
889,07687f842dc20363d46900307d4942bcdfcfd3f60378d145053099a13646bcb0,Downy-Mildew(240),5,0.9999999999998639,0.1428571598770112,0.14285715164275684,0.1428572688842777,0.14285705571440258,0.14285697264189406,0.14285728760221036,0.14285710363744725
890,84ce78419064dafea4d944e909d1b0f0dc9414dcf1cec0d1c6d7a80e4b1d0713,Downy-Mildew(240),5,0.9999999999999993,0.14285714290221838,0.14285714288773477,0.14285714312043848,0.1428571426747855,0.14285714249317003,0.14285714315284975,0.14285714276880312
891,7b189ace1e30d0837142b5a9581ee001631512797834ec7baecaa22e81165e3d,Downy-Mildew(240),5,0.9999999999998704,0.14285715945379987,0.14285715142554486,0.14285726574477384,0.14285705788532344,0.1428569768813634,0.1428572839948663,0.14285710461432832
892,3e3bd4a82f12aaa81897bae8c950f90ae7fd989a30ba38c7c743b3ff57ff227d,Downy-Mildew(240),5,0.999999999999977,0.1428571497445915,0.14285714641603647,0.1428571938271268,0.14285710761339893,0.14285707401216444,0.142857201393673,0.14285712699300882
893,e1e85a1e64dc273a7b6a1490019389665e3e38db121130def46a0541d83b155c,Downy-Mildew(240),4,0.9999999999999994,0.14285714279593656,0.14285714282351958,0.14285714242379888,0.14285714315688283,0.14285714344470382,0.14285714236123273,0.14285714299392563
894,c8728cfd47903cdf151344fa7677bcfa58d34f78774dc43b7fe6a970912de3e4,Downy-Mildew(240),4,0.9999999999999949,0.14285713978541442,0.14285714127029409,0.14285712013164714,0.14285715857113965,0.14285717355284075,0.14285711675694665,0.14285714993171725
895,93555196963accb3e3c72e703d5b02e194166855e872922355b9a165e67dfcc0,Downy-Mildew(240),5,0.9999999999999586,0.1428571521973364,0.14285714768714586,0.14285721193815124,0.1428570950900798,0.14285704954509823,0.14285722219024388,0.14285712135194456
896,85b7fc7b77de1217b27a4e7de31778048092f8dc4747f898184b0b30b28c261c,Downy-Mildew(240),4,0.9999999999999981,0.14285714125605892,0.14285714203215633,0.14285713097988534,0.1428571510695767,0.1428571588964236,0.14285712921495608,0.14285714655094306
897,f408ff56da6f1cbc1edd28185e73907d2c8561dfdf3e890aecd69a01dc68a614,Downy-Mildew(240),5,0.9999999999999988,0.14285714393119658,0.1428571434154852,0.14285715077120117,0.14285713738470293,0.1428571321635714,0.14285715194310733,0.14285714039073547
898,9f7647e3115d279cef39d1e9e56817fc4359b3bcbe47276c715480baa84d2f92,Downy-Mildew(240),4,0.9999999999999927,0.14285713909253464,0.14285714090690177,0.14285711505022428,0.1428571620848495,0.14285718042188159,0.14285711092643516,0.14285715151717307
899,fb5891e0aaefe6dd26a45b1760cd6ab02038e01b12ce46b1db09336755286319,Downy-Mildew(240),4,0.9999999999999969,0.14285714058297355,0.1428571416597834,0.1428571262374282,0.14285715434986185,0.14285716533017928,0.1428571237907294,0.14285714804904434
900,de05d9341b37327af2d397ddb3356ef50ada356409281f18beab6fb34deba1b0,Downy-Mildew(240),4,0.9999999999999968,0.14285714064699112,0.14285714172043915,0.14285712644915266,0.14285715420239292,0.14285716501318574,0.1428571240085353,0.142857147959303
901,f04ddb6e4480f8d721c332e466fd57cfc5e8e5f8bc33c9bbe44f188a43e459ab,Downy-Mildew(240),5,0.9999999999999855,0.1428571482846692,0.14285714564970506,0.1428571831295254,0.14285711501067033,0.14285708847419928,0.1428571891194977,0.14285713033173308
902,ac2db1b50f6f4beab52051a87621eb51047f9056c22a3f242e7b4ae4f6e20b66,Downy-Mildew(240),4,0.9999999999999989,0.14285714202739927,0.14285714244550182,0.14285713656209617,0.1428571472094321,0.14285715134126256,0.14285713561129773,0.14285714480301037
903,6f9a6a1707ef06071ee4084b81cbd12d23c3cd125cc9a179c3a5899592262eac,Downy-Mildew(240),5,0.999999999999963,0.1428571516577895,0.1428571474102056,0.14285720792842907,0.14285709786258816,0.14285705495897036,0.14285721758350464,0.1428571225985126
904,b7cd47d39e2d2b31461e48f4fef13ea34bfe855afa5cf3a4eeb1995bd0f849f6,Downy-Mildew(240),4,0.9999999999999917,0.14285713878328674,0.14285714075215933,0.14285711271391394,0.14285716370012552,0.14285718357187432,0.14285710823863512,0.14285715224000506
905,11f50e62df2512789e8a3e568333517fa526526c2c1fa3106e74f275f944a6ea,Downy-Mildew(240),5,0.9999999999999515,0.14285715294164314,0.1428571480471006,0.14285721768980533,0.14285709111418576,0.14285704180497968,0.1428572288177856,0.14285711958449995
906,d86c758e673470eb14eeb6109997ddbab2d91fcdbae403f7eb4f2b14b5d84d5e,Downy-Mildew(240),5,0.9999999999999281,0.14285715520143696,0.1428571492444433,0.1428572341137441,0.1428570797561536,0.14285701958618266,0.1428572476537865,0.14285711444425286
907,327a96f46d0ab1b87b45032ebfcc12461b015169f7dd7a0544565f519bf6e094,Downy-Mildew(240),4,0.9999999999999919,0.14285713888682244,0.14285714080982298,0.142857113442005,0.14285716319655054,0.14285718258390348,0.14285710907088633,0.14285715201000934
908,780615c1a2b15ec80ba6f8f69ad11501dce79cbb45edd4cd83c6f13c15cf3ef2,Downy-Mildew(240),5,0.9999999999999979,0.1428571444962357,0.14285714371630134,0.14285715487769216,0.14285713454507576,0.14285712660786856,0.14285715665047144,0.14285713910635506
909,04c1d2be9ec1f5a6cc362d5bdd126bba9f5ed4e79d6bd5cd0b3d5c08d109ba88,Downy-Mildew(240),4,0.9999999999999746,0.14285713562571123,0.14285713912722187,0.14285708928648408,0.14285717989908692,0.14285721520799774,0.14285708132703684,0.14285715952646127
910,c0ba228964effcf1be635732a541806ce6142e4efa2d5af48a38775597abe34d,Downy-Mildew(240),4,0.9999999999999852,0.14285713734229857,0.14285713999233407,0.1428571021932618,0.14285717097530484,0.14285719779904432,0.1428570961702931,0.14285715552746328
911,ffc2862e13b82cf42b1601e457fd300cd7d8c8071038a379dcce3acd4bc36671,Downy-Mildew(240),4,0.9999999999999971,0.14285714065965685,0.14285714171952105,0.14285712661448396,0.14285715408837618,0.1428571647983437,0.14285712420522031,0.14285714791439796
912,b344070749655e5ff2e49755a401eab197522d393bf35b2d0fc32d50e01bd6e8,Downy-Mildew(240),5,0.9999999999999994,0.14285714311852374,0.1428571430162267,0.14285714457678372,0.14285714166743663,0.14285714050861556,0.14285714480904035,0.14285714230337332
913,59a6d70e7a277702fa23179bc1a2902a64d928eab271ce08abd7691ab2044ca0,Downy-Mildew(240),5,0.9999999999999992,0.1428571430950444,0.14285714298992627,0.14285714453255155,0.1428571416984659,0.14285714058384946,0.14285714477161537,0.14285714232854713
914,b1aad0a933b747bc85acd988aa5cc3c38cbeba6e7272204216bdcc6cc83c3b8b,Downy-Mildew(240),5,0.9999999999999782,0.1428571495509885,0.14285714630291124,0.14285719251954054,0.1428571085180579,0.1428570757931765,0.14285719990397924,0.14285712741134607
915,0dd4f08e5104367e408df1113e4dc69041683d8707892a8d0c8f06bf82baea09,Downy-Mildew(240),5,0.9999999999999949,0.14285714591184406,0.1428571444381539,0.1428571654488018,0.14285712723601157,0.14285711234069814,0.14285716879949129,0.14285713582499934
916,6ecc21a244c4f2c9d505bb9a27a4ad46dac905185a3f2d36e3a92d2d10650bc8,Downy-Mildew(240),4,0.9999999999999944,0.14285713967783545,0.14285714121787685,0.14285711930084588,0.14285715914538588,0.1428571746710065,0.14285711580020494,0.14285715018684456
917,83c92cd26203382b648d04fe7d0e705d1f38207b0c55b87d97986830cb5de467,Downy-Mildew(240),4,0.999999999999999,0.1428571422765915,0.14285714254862905,0.14285713863736615,0.14285714577518868,0.14285714856591353,0.14285713801906175,0.1428571441772493
918,75e053945d418e473a32a361bc58b7b38fdbf1c0d69a71dcea341378ff8a1b4a,Downy-Mildew(240),4,0.9999999999999889,0.14285713817359968,0.14285714043152398,0.14285710825512057,0.14285716678341956,0.14285718960067778,0.14285710312309047,0.14285715363256793
919,ca68f74f4de5710b07ae813f405b33ae7b06a27d2e5498ea5c62ed36d03a7082,Downy-Mildew(240),4,0.9999999999999977,0.14285714109303646,0.1428571419437229,0.1428571298349539,0.1428571518618739,0.14285716044965688,0.14285712790247024,0.1428571469142857
920,0fb520e7e34b3039ed7efa268f98261f98e4067f965a76f982fa908e438d0b8d,Downy-Mildew(240),4,0.9999999999999936,0.14285713939128378,0.1428571410630949,0.14285711724356828,0.14285716056815917,0.14285717745732737,0.1428571134437445,0.142857150832822
921,95ceed77ecc09ef77b6a85e36708f5c9771f4bab0578b5f028382ae60a78ebbe,Downy-Mildew(240),4,0.9999999999999855,0.14285713741136782,0.14285714003075053,0.1428571026792119,0.14285717063919623,0.14285719713972087,0.14285709672583413,0.1428571553739185
922,b40ae69ec64ee6667d0e34b6718707ad8e45efa18abc0777cdb4a2854ea343d8,Downy-Mildew(240),5,0.99999999999998,0.1428571492880592,0.14285714617244336,0.14285719051414036,0.14285710990433362,0.14285707849497348,0.14285719759646603,0.14285712802958403
923,e9a603b59891a11fd6a7284e784abfaa57d71ef79e7016ba4d40ba464fa062e5,Downy-Mildew(240),4,0.9999999999999888,0.14285713812776754,0.14285714040833583,0.14285710790839343,0.14285716702309154,0.14285719006816094,0.1428571027246214,0.1428571537396293
924,72cfa6851bd474067718fc81809bca79c5496cef36a929a8057fc9f5dc27c747,Downy-Mildew(240),4,0.9999999999999978,0.14285714107986233,0.1428571419377172,0.14285712970547423,0.1428571519508592,0.14285716062133583,0.1428571277546619,0.14285714695008947
925,39d903fad601c7480b23ed5c34f7fda24e88a91d540d1a0caf3a87bcefcea655,Downy-Mildew(240),5,0.9999999999999579,0.14285715228275367,0.14285714774233094,0.14285721246780522,0.14285709472347247,0.14285704881748498,0.14285722278819105,0.1428571211779617
926,e5db4d1079289b6256eddfa57595138700a80d0a2cd99fa94b4447c5cc04c2da,Downy-Mildew(240),4,0.9999999999999991,0.14285714231612184,0.14285714259481028,0.14285713868533573,0.14285714574103797,0.14285714847206868,0.14285713805043057,0.1428571441401949
927,81c0878fda67d5cc678ade9bb06e18238973c3d7410e9ba5dda2418a2a7bf252,Downy-Mildew(240),4,0.9999999999999971,0.14285714079445552,0.1428571417810503,0.1428571276913831,0.1428571533441016,0.14285716335312404,0.14285712544931115,0.1428571475865742
928,0995ce01f742ef96e5d7336c75d28a7435bae5304fc4b37dfebd6d20a326f5ff,Downy-Mildew(240),5,0.9999999999998646,0.14285715984110986,0.14285715163365412,0.14285726852066755,0.14285705596528483,0.14285697312163972,0.14285728717649082,0.14285710374115307
929,6e47bd7bf4aad587b827f0fae88a09cb249f5f34ab7aeb380aa6392f6e7dedba,Downy-Mildew(240),5,0.9999999999999976,0.14285714477633701,0.1428571438539944,0.14285715701410515,0.1428571330680284,0.14285712372980258,0.1428571591107351,0.14285713844699735
930,f6de8ccaf4bf10c84e4aaedba5f5e0c8e26f69e7a4596626c63c716751f64743,Downy-Mildew(240),5,0.9999999999999507,0.14285715305717622,0.14285714812871117,0.14285721832607537,0.14285709067315822,0.1428570409199233,0.14285722952905872,0.14285711936589693
931,ec815a56d0bf4a00d90ef91c1ba37c71f39c46c4d3e813c243493f967cd786ce,Downy-Mildew(240),4,0.9999999999999969,0.14285714062507696,0.14285714169711264,0.14285712640859383,0.14285715423106304,0.1428571650821934,0.14285712397247116,0.14285714798348897
932,3535569367060161411c5dd07455c29570190f81eec79ca4f595cdd3d315e80a,Downy-Mildew(240),5,0.9999999999999851,0.1428571483017974,0.142857145633563,0.14285718350865437,0.14285711474980797,0.14285708799161598,0.14285718957689192,0.14285713023766933
933,d0d0918b38a2212b349088deb2ae5cf6583d5ae2edbb86fca4e0b5323f634dfb,Downy-Mildew(240),4,0.9999999999999937,0.14285713939203415,0.14285714106226827,0.1428571172592283,0.1428571605573487,0.14285717743739723,0.1428571134629366,0.14285715082878675
934,b85f2108808de7ca5809ecf3a077aa384468ff4e7c618cf641d589f2e2258ed7,Downy-Mildew(240),5,0.9999999999999992,0.142857143080888,0.1428571429727283,0.1428571445166193,0.1428571417097603,0.14285714061597743,0.14285714476273817,0.14285714234128846
935,0dc43a1d87afe18b588cfe9b134abf2a2e0d82237e8c651a2db211abcf8fbcf3,Downy-Mildew(240),4,0.999999999999999,0.14285714247652959,0.14285714266430338,0.14285714000387317,0.14285714482992268,0.1428571467066476,0.14285713957676247,0.1428571437419611
936,a11112cf7db6c9288b433d3ae678beaeb9801d8b6d7d494d26c0ab7583c50e54,Downy-Mildew(240),4,0.9999999999999883,0.14285713803372793,0.14285714036500757,0.14285710716567224,0.14285716753651684,0.1428571910657342,0.14285710186658504,0.14285715396675616
937,cf818ab1285b20568634a22f2c79e477478301b2eb7cf969571f0a6ac1c56624,Downy-Mildew(240),4,0.9999999999999846,0.14285713725630503,0.14285713996729885,0.14285710137335209,0.1428571715415052,0.1428571988847803,0.14285709521077056,0.142857155765988
938,e6af6dddf1082195834c83ffed4dc3abd5a6c09bf218b830c4ae51b85c5b6478,Downy-Mildew(240),5,0.9999999999999951,0.14285714581124662,0.14285714438965924,0.14285716464766238,0.14285712778933737,0.14285711341661672,0.14285716787780248,0.1428571360676752
939,be8bacd48c29e3c038c7539b8ecc7d6011e78586253f7b8522a1d43d98f7badc,Downy-Mildew(240),5,0.9999999999999991,0.14285714293360807,0.1428571429002203,0.14285714338351008,0.14285714249292394,0.14285714214158143,0.14285714345872472,0.1428571426894314
940,aac706eed49b501493d3dd241dd9f15877e542eecf45fa884642782b5bd3a808,Downy-Mildew(240),4,0.9999999999999988,0.1428571417207676,0.1428571422825544,0.1428571343186114,0.14285714876053024,0.1428571543749693,0.14285713304004863,0.14285714550251846
941,c7d285f19011ce50580ebd2819de8c1692ddcc8f7be884f2b3029aff70ba7b40,Downy-Mildew(240),5,0.9999999999998791,0.14285715890643075,0.14285715115037795,0.1428572616141967,0.14285706074101248,0.14285698245124698,0.14285727924451838,0.14285710589221678
942,0efbd1fb497564f2500ee63f1fc945ebbe55f5ca41fe7185f321a1f951e97bdf,Downy-Mildew(240),5,0.9999999999999273,0.14285715526066853,0.14285714926364756,0.14285723463100838,0.14285707939830697,0.14285701889760952,0.14285724826031992,0.14285711428843903
943,515ce66656b856f68f167fbf188d964cc97fbb5dda59147dcc92fb3668db2e21,Downy-Mildew(240),5,0.9999999999999987,0.14285714402091915,0.1428571434311324,0.14285715172456342,0.1428571367266246,0.1428571309102319,0.14285715306642846,0.14285714012010015
944,f3b6818ad7667825c091d463790510ab1f6937a07b00333a2fd3040f1cbd8912,Downy-Mildew(240),5,0.9999999999998717,0.14285715938489377,0.1428571513974942,0.14285726514705313,0.14285705829799314,0.14285697767869973,0.14285728330253933,0.14285710479132677
945,df61348bf8df6092b265655252894c43ce4456af553e87c3687409e10e91479a,Downy-Mildew(240),5,0.9999999999997844,0.1428571642939567,0.14285715392351178,0.14285730156373777,0.14285703311740694,0.14285692850163767,0.14285732513599603,0.142857093463753
946,627dc0a5a7c7c1dc224a2b18aa973ab3a44f5c348a9d784bf619a7cb27ca5acb,Downy-Mildew(240),5,0.9999999999997908,0.14285716397805245,0.14285715376643754,0.14285729917474516,0.14285703476922346,0.14285693172215988,0.14285732238618462,0.14285709420319698
947,03107b547cd29e052e5dae3794dee125cebdd673052b74cf666f5855c8d5c340,Downy-Mildew(240),5,0.9999999999998482,0.14285716084140898,0.1428571521511591,0.1428572759230366,0.1428570508469384,0.14285696312311985,0.1428572956767905,0.1428571014375466
948,29363d239e0d5ebc5d379c73a83d47fc11c0dcfab3b33a75ccec5c813fd3d912,Downy-Mildew(240),5,0.9999999999998593,0.142857160159974,0.142857151793866,0.1428572709022523,0.1428570543182343,0.14285696990794675,0.14285728991725213,0.1428571030004745
949,481c7063196c695f96c9aa06957b6863d774c0be743a4c6e471264984ae73417,Downy-Mildew(240),5,0.9999999999998923,0.14285715799700174,0.14285715068778082,0.1428572548112016,0.14285706544466784,0.14285699163143295,0.14285727142507942,0.14285710800283555
950,8e782576d383c25f3dfec50b8690eb04e86378f206926f97d4328452da4f3cc0,Downy-Mildew(240),5,0.9999999999998329,0.14285716173118335,0.14285715260641751,0.14285728253688837,0.1428570462735994,0.14285695419361905,0.14285730327754395,0.14285709938074836
951,5916abc9b051ddf7a3e5a3f89025353759f6e0433872234a46b3511bea7c52ae,Downy-Mildew(240),5,0.9999999999998779,0.14285715896837675,0.14285715117807662,0.14285726211030003,0.14285706039807622,0.1428569817856552,0.14285727981843852,0.14285710574107674
952,aa0640d148b53ccb5fe59344d278558bba2c95129d666186d952c4d951f3137d,Downy-Mildew(240),4,0.999999999999996,0.14285714022912419,0.14285714149033152,0.1428571234984174,0.14285715624341155,0.14285716901533174,0.14285712063233147,0.1428571488910522
953,2423f0c367c31838686343f945ef9a88c21316f61df90414695d97430068aac1,Downy-Mildew(240),5,0.9999999999998029,0.14285716336538481,0.1428571534554501,0.14285729459477137,0.14285703793602994,0.14285693790270773,0.1428573171206932,0.14285709562496282
954,04bd58a37724c2d62a097862f954cecc614e3eee41cb46c96b2daf5e2704de89,Downy-Mildew(240),4,0.999999999999997,0.14285714069492836,0.14285714171616729,0.14285712709481932,0.14285715375737884,0.14285716417514457,0.14285712477576487,0.14285714778579672
955,1c1e2357e940bcfe20fcd804f99d92b869b2dbd4209e071ce78cb7baead7634d,Downy-Mildew(240),5,0.9999999999998861,0.14285715842679317,0.14285715090713966,0.14285725799782098,0.14285706324093894,0.1428569873284508,0.14285727508858723,0.1428571070102692
956,60a71a4daab0beb6a26c91da8217c7a279b99476d86d65c67741a99453006d5c,Downy-Mildew(240),5,0.999999999999909,0.14285715676616068,0.14285715004065633,0.142857245795859,0.14285707167860037,0.14285700381975525,0.14285726108244443,0.1428571108165239
957,8b6c3fd66b5f141f923b9df87296541712f9f543897bb9ce1c3478a475c3ba03,Downy-Mildew(240),5,0.9999999999998255,0.14285716213976843,0.14285715282439956,0.142857285510863,0.14285704421726958,0.14285695017047226,0.14285730668568342,0.1428570984515437
958,a56b209bbda9e858ffe4cd298e061092620baf450244c701554bcfe61c2108de,Downy-Mildew(240),5,0.9999999999999875,0.14285714784993203,0.1428571454351664,0.14285717981895588,0.14285711729947703,0.14285709293462448,0.1428571853079995,0.14285713135384467
959,bbd9c777c7267f0d1c6d8e54a1088060ee8e08e33d88bbe349498a446f2b119a,Downy-Mildew(240),5,0.9999999999999447,0.14285715366009807,0.14285714842713906,0.1428572228973997,0.14285708751245327,0.1428570347588085,0.14285723479208853,0.14285711795201286
960,656404221056e8d0b4c72b1d907ae29f8d436f70ab8b89da286f014400f4f5e0,Downy-Mildew(240),5,0.99999999999994,0.14285715413501474,0.14285714869192392,0.1428572262396301,0.1428570852009291,0.14285703022373186,0.14285723861185132,0.14285711689691896
961,b6bf21e6000cc1f93859a7630aff7ae730c342cccc9a5c446ded0e08da931463,Downy-Mildew(240),5,0.9999999999999268,0.14285715529306342,0.14285714926965948,0.14285723498777053,0.1428570791523466,0.14285701842923498,0.1428572486788837,0.14285711418904135
962,23540c63110716fccaf86db118d27a7951a11892b86aa99ac8ae432238997718,Downy-Mildew(240),5,0.9999999999998882,0.14285715828242232,0.1428571508249972,0.14285725702792662,0.14285706391243352,0.142856988649549,0.1428572739798624,0.14285710732280893
963,283295c09dbab14392423c7670124c323809643a4cc6ec21e3d19cbe684186a3,Downy-Mildew(240),5,0.999999999999889,0.1428571582310794,0.14285715080825198,0.14285725655082762,0.14285706424186165,0.14285698928253152,0.14285727342321,0.14285710746223787
964,df79c6fd3b688ec4bb3d0f87d374e2bdc5304e11c5d428ba251a8dc2af706b88,Downy-Mildew(240),4,0.9999999999999992,0.1428571425487056,0.14285714269602154,0.14285714058507576,0.14285714442812944,0.14285714592739246,0.14285714024979038,0.14285714356488485
965,0d25ea093a63c0689b20846009300485e1ab91c099f25f4937086138bb0f8193,Downy-Mildew(240),5,0.9999999999999959,0.14285714548467263,0.14285714419229778,0.14285716250556799,0.14285712927167385,0.14285711634244666,0.1428571654438549,0.1428571367594861
966,bbc1c1ba7049a59ef3ebdbf84e7d938cb65d7904e681ed651c2a2b713cc93794,Downy-Mildew(240),4,0.9999999999999581,0.14285713346909326,0.1428571379931646,0.14285707352317806,0.14285719079975473,0.14285723652250967,0.14285706324112393,0.14285716445117574
967,68780c69d01b0aa0a45f7496c9fcd0b9046452d3153fb76cede686cd718732d1,Downy-Mildew(240),5,0.9999999999998236,0.14285716226053788,0.14285715289223117,0.1428572863274948,0.14285704365185029,0.14285694905890933,0.14285730762027432,0.1428570981887022
968,1a687982bed5e0760374a7a18d52671e482ab418c99843fcd6906ad6979b2457,Downy-Mildew(240),5,0.9999999999999926,0.14285714662052099,0.14285714480835301,0.14285717063221848,0.14285712365124015,0.1428571053327995,0.14285717475025658,0.14285713420461116
969,b94d5f2f0007cfd04541ce0540cb836d3b58c4bdc881fbbb2e00f3eeae3f2dfe,Downy-Mildew(240),5,0.9999999999999876,0.14285714785216153,0.14285714542747055,0.1428571799117288,0.14285711723549774,0.14285709281858583,0.1428571854232227,0.14285713133133288
970,5826bbeccc253c13b1873cf6f9911a1834b9978b379ab4333853f69c6790735e,Downy-Mildew(240),5,0.9999999999999301,0.14285715503511753,0.1428571491575662,0.14285723288137356,0.1428570806081105,0.14285702125079314,0.14285724624003146,0.14285711482700764
971,40dd6544053d6081c7504e9e826b38a77883e9167501f6cfc3736cd058159d00,Downy-Mildew(240),5,0.9999999999997652,0.14285716524143188,0.1428571544179909,0.14285730852694972,0.14285702830238906,0.14285691909077453,0.14285733312854,0.1428570912919239
972,d93979b25079688800f4551ae1faa44f37186cca28b68f64bde63d15c69f4b16,Downy-Mildew(240),5,0.9999999999998214,0.1428571623762281,0.14285715294387624,0.1428572872582513,0.1428570430085254,0.14285694781062366,0.14285730869685034,0.14285709790564502
973,30a8d42353d8e573326ae4c07b4e60d89912919c4d6490bde5dd305973e0bbee,Downy-Mildew(240),5,0.9999999999998667,0.14285715970838947,0.14285715156737303,0.14285726750395913,0.14285705666794618,0.14285697449110263,0.1428572860075795,0.1428571040536501
974,e2b323b183e32b998790ad4c45037b486fc226ba237e581f045f775a5dd467c6,Downy-Mildew(240),5,0.999999999999884,0.14285715857625247,0.1428571509820934,0.14285725912915825,0.14285706245882052,0.1428569858033001,0.14285727638973533,0.14285710666063986
975,7e839eefd4eabe672b11ae8816f975660e218cf3aa5bea3bcc46d84fb9918e82,Downy-Mildew(240),5,0.9999999999999408,0.1428571540514429,0.14285714864667182,0.1428572256468775,0.1428570856110004,0.1428570310273167,0.14285723793261973,0.142857117084071
976,b3cccd80ebd6d992aabc70dc4519b907930cef3dff499fab325233113d3a9bec,Downy-Mildew(240),5,0.9999999999999177,0.14285715606592594,0.1428571496788222,0.14285724064781752,0.14285707523898072,0.14285701077638444,0.14285725516789152,0.14285711242417767
977,40da00703b7ca1266572663e30fa758c07a4023a9929333ecb2bbed18f47a9d7,Downy-Mildew(240),4,0.9999999999999549,0.1428571331090166,0.14285713781000708,0.14285707082770024,0.1428571926633927,0.1428572401596946,0.14285706014304594,0.14285716528714287
978,93e84505b9d490ea3581027bbe525aacf0424f44eb947c8456077d821b812ca9,Downy-Mildew(240),5,0.9999999999998038,0.14285716331511308,0.142857153424946,0.14285729426234406,0.14285703816598955,0.14285693835651708,0.14285731674331825,0.14285709573177202
979,5160070a4765869fadaef4d10ce54f112e32e2cdac535a1c7a80a39bd8285158,Downy-Mildew(240),5,0.999999999999793,0.14285716388120226,0.14285715372368363,0.1428572983947235,0.14285703530842053,0.14285693276809458,0.14285732148326089,0.14285709444061473
980,2de94faf739b41a3271c75442546be6149680e2309affe05129c2d38e2c6fb5d,Downy-Mildew(240),5,0.9999999999998497,0.14285716075534202,0.14285715210984234,0.142857275240934,0.14285705131813178,0.14285696403944706,0.14285729489155066,0.14285710164475202
981,af4e37a3f29e52a622c5b60131f8e2a6729ddf63d139d07804c85bf531205541,Downy-Mildew(240),5,0.9999999999998097,0.14285716301521673,0.14285715328134468,0.14285729193723765,0.1428570397733185,0.14285694148441316,0.14285731406244284,0.14285709644602654
982,9711a470b5acd2330df1b54841e34e69857d778c47eddd6b0a3f9d2b0677aac7,Downy-Mildew(240),5,0.999999999999989,0.142857147538261,0.1428571452737193,0.142857177521824,0.14285711888798405,0.14285709603834248,0.14285718266985523,0.14285713207001394
983,423c323596e988457e5ed44891b05a08eb1de9e5f4699edec4a454c7ff36ce35,Downy-Mildew(240),5,0.9999999999999001,0.14285715742596813,0.14285715038735133,0.14285725062586418,0.1428570683386533,0.14285699728962128,0.14285726662406298,0.1428571093084787
984,37c26e63b8504fa88d41db8a1bc6013b67c9a8b924a2b74d3d71c54ac43bd4fc,Downy-Mildew(240),5,0.9999999999999887,0.14285714759833787,0.1428571453191096,0.142857177837657,0.1428571186692027,0.14285709559628118,0.1428571830188626,0.14285713196054906
985,6785f8bea293ff18714eb44c7319e21e1684e1eaf34a430e9d9c0dee68d472f7,Downy-Mildew(240),5,0.9999999999999195,0.14285715590935702,0.14285714958797097,0.14285723955514415,0.14285707599430586,0.14285701226078884,0.14285725392408752,0.14285711276834556
986,2b5bd6de7802984d0c52beff4282e606067158094e31ef1f83659281186b866d,Downy-Mildew(240),5,0.9999999999999742,0.14285715021240947,0.14285714667261998,0.14285719715223918,0.14285710531372525,0.14285706950467286,0.14285720519848807,0.14285712594584518
987,b80cbcb4e4aece0b0cd1044d3b7c111e3ee203e1d8f4b6017641cf672e924f14,Downy-Mildew(240),5,0.9999999999998118,0.1428571628839082,0.14285715319652253,0.14285729112464232,0.14285704033581742,0.1428569426008505,0.14285731314494896,0.14285709671331004
988,cc23e1ace07d53fdcceb12059bded907a1a15e2a7652d701d8b5bc3b420a5c5a,Downy-Mildew(240),4,0.9999999999999819,0.14285713673984338,0.14285713968372782,0.14285709772129498,0.1428571740676486,0.14285720383743555,0.14285709103117314,0.14285715691887646
989,2cddd520cb1ddfa6a5b1820470cfbf00e9f860a71f75da8cc9c3779447e19613,Downy-Mildew(240),5,0.9999999999999495,0.14285715319714729,0.14285714821057896,0.14285721927955372,0.14285709001367727,0.142857039622095,0.14285723061475133,0.1428571190621965
990,d2fec175bf95629ab42d4174264fa77757547748a9220fcf2567d09c94661e34,Downy-Mildew(240),5,0.9999999999999378,0.14285715432492857,0.14285714877828465,0.14285722773294623,0.1428570841683155,0.14285702821770796,0.14285724033928807,0.14285711643852902
991,38ed20ed607036c32249fef94befc6d2ad5b970268f93bdc078a9c09074fbd24,Downy-Mildew(240),5,0.9999999999998334,0.1428571617082428,0.14285715259674572,0.1428572823288624,0.142857046416989,0.14285695447050376,0.14285730303781205,0.14285709944084432
992,c65161d3dda39e43f8c42524bd39ad5df87677b38d7b366cec2238cf5598ffcf,Downy-Mildew(240),5,0.9999999999999092,0.14285715675000699,0.14285715003827543,0.14285724560150573,0.14285707181237575,0.1428570040738238,0.1428572608549713,0.142857110869041
993,338626519f30c9c835b621c8009f98913c800a5dad38276723802d047d76d7ea,Downy-Mildew(240),5,0.9999999999999504,0.14285715307644392,0.1428571481232527,0.14285721860309555,0.14285709048195325,0.1428570405619774,0.1428572298622013,0.14285711929107586
994,9c8ba65d2c65b8906665a181ed906b7f01bd097a1de4c3b49ab35b9c0dc4c78b,Downy-Mildew(240),4,0.9999999999999855,0.14285713746445017,0.1428571400761368,0.142857102904645,0.14285717048269156,0.1428571968153404,0.1428570969680014,0.14285715528873466
995,81a52fa77590cc2af1c931ff2d6e2578c237e1f363860231b3f78f602d752d40,Downy-Mildew(240),4,0.999999999999981,0.14285713661175828,0.14285713962225768,0.14285709672782657,0.14285717475438692,0.14285720517396686,0.1428570898859383,0.1428571572238654
996,77dcaaec4dac1c3e1df5d834b7c370c7c80c5aae8411afa1f0136f6db8744a76,Downy-Mildew(240),4,0.999999999999986,0.14285713753662863,0.1428571401048179,0.14285710352276815,0.14285717005566337,0.14285719599031738,0.14285709768565857,0.142857155104146
997,56d08145471a24760cceab6931ac05141a2ce4e400e9b41d516c674362a7973c,Downy-Mildew(240),5,0.9999999999999576,0.1428571523097795,0.1428571477487346,0.1428572127489982,0.14285709452952092,0.1428570484470783,0.14285722311747545,0.14285712109841303
998,af817257855c57845d69b7fb7921da96fe2b4d1d65e54cbe0f05a7d26a689480,Downy-Mildew(240),5,0.9999999999999934,0.1428571463390959,0.1428571446615906,0.14285716858365152,0.14285712506825424,0.14285710810329733,0.1428571723973826,0.14285713484672777
999,9f2e36c2c4173ef6f0ccdd0be84e832de40906908215ab2c5fcae48987afa0f8,Downy-Mildew(240),4,0.9999999999999744,0.14285713557727575,0.14285713910862133,0.1428570888491824,0.14285718020084098,0.14285721578971491,0.14285708082010695,0.14285715965425755
1000,b1c92c1d30bdfc7240658e7cbb4886dbab3308935ed37d1a729969a6accc23b1,Downy-Mildew(240),4,0.9999999999999909,0.14285713867521393,0.14285714070634675,0.14285711181837518,0.1428571643189577,0.14285718477017964,0.1428571072009782,0.14285715250994852
1001,639d5490d8fda38704deeb444672273696b9215a39c6b52d50ff73ac52e70708,Downy-Mildew(240),4,0.9999999999999971,0.14285714079140865,0.14285714181814516,0.1428571272885544,0.14285715362087803,0.14285716385241098,0.142857124951989,0.14285714767661367
1002,c3cf843c82f0a6c5c8b0ba2de5fdf1f50da62dba7b552e134ca454b994ce1910,Downy-Mildew(240),5,0.9999999999999162,0.14285715620779973,0.14285714976903408,0.1428572415246588,0.14285707463175715,0.14285700957184552,0.14285725616020575,0.14285711213469887
1003,20bce13bd9e558e160bb72eb47444947a293f6309967bcfae144864a9be89f29,Downy-Mildew(240),4,0.9999999999999992,0.14285714261091784,0.1428571427723937,0.14285714061767524,0.14285714440371455,0.14285714583276757,0.1428571402470779,0.14285714351545314
1004,37e71e6fb1fc7903e32a7c680433ff6f7a9af1bc02d2d25fc28563d340e2b5ce,Downy-Mildew(240),4,0.9999999999999771,0.14285713599144687,0.14285713931978566,0.14285709195675025,0.14285717805251413,0.1428572115970526,0.14285708439058808,0.1428571586918623
1005,c2dd31782a73b593f1d2cfd24720d1e431f54f771304224f10f9dc2346c611ad,Downy-Mildew(240),4,0.9999999999999969,0.14285714065195146,0.14285714172819478,0.14285712644242593,0.14285715420697234,0.14285716501688936,0.14285712399563058,0.14285714795793564
1006,3acdb4ed775b5e7b12284acb0f8a198809b54dfd58eac95d14be5f15190265bb,Downy-Mildew(240),5,0.9999999999998883,0.14285715829720325,0.14285715085580047,0.1428572568928157,0.14285706400444445,0.14285698880354059,0.1428572738050308,0.14285710734116466
1007,d63ed516e3bc0f9fa0b9df9bae206c5504bfa3db1d11dca9e6781190eed8fc95,Downy-Mildew(240),5,0.9999999999999508,0.142857153040296,0.14285714810920494,0.1428572182969337,0.14285709069358227,0.14285704097076085,0.14285722950595878,0.14285711938326354
1008,c351bffa12233bb49352c2a1bcc8ae255553d0b15e7700df69f5f367c5c7019c,Downy-Mildew(240),4,0.9999999999999986,0.1428571416990684,0.142857142288294,0.142857134005301,0.14285714897669313,0.14285715477983615,0.14285713266409913,0.14285714558670817
1009,16c1cfd8d7b39cacd221fe66431f8b62350e044ad13262e6ccb26ea7341425e4,Downy-Mildew(240),5,0.9999999999999805,0.14285714916994027,0.14285714611984204,0.14285718953405846,0.1428571105811481,0.14285707980680212,0.14285719646487863,0.1428571283233303
1010,6f8f7ee14cfa7865f1f88be6219e9d5b5f441361f9028017f7c0ad9b7e98b438,Downy-Mildew(240),4,0.9999999999999796,0.1428571363494654,0.14285713949405712,0.14285709470773844,0.14285717615071802,0.14285720789336617,0.1428570875598543,0.14285715784480058
1011,4a1dd21ca21ed116f6617d38a960b65ced638513008d48913a564ab03dab1929,Downy-Mildew(240),5,0.9999999999999389,0.14285715424308484,0.1428571487661699,0.14285722684470922,0.14285708478141218,0.14285702938382683,0.1428572392911784,0.14285711668961848
1012,43042355de5b8e61ac680d99c7652add940cf130a05d3b8b6ea70c70ce9ce22c,Downy-Mildew(240),4,0.9999999999999699,0.1428571349677461,0.1428571388026893,0.14285708426483784,0.14285718337064332,0.14285722197277267,0.14285707554608956,0.14285716107522112
1013,bf3a7bba577710e1ded6941367dd8c6ac0ece0c4845c6d7f991b983be23d3b6a,Downy-Mildew(240),4,0.9999999999999748,0.1428571356300446,0.14285713914314296,0.14285708917352405,0.14285717997635466,0.14285721534372614,0.1428570811857334,0.14285715954747424
1014,7125b45aeffde9fbb61d73e617dceffd4da7420783b434ece37ddea597530bc3,Downy-Mildew(240),5,0.9999999999999992,0.14285714313320008,0.14285714298868046,0.14285714500223975,0.14285714137425334,0.1428571399718667,0.14285714533109314,0.14285714219866663
1015,2e437064a8f085f257ad6ac28d7f242de3bfbe93ebb82aeb0a1ef636be6507c3,Downy-Mildew(240),4,0.9999999999999888,0.1428571381337523,0.14285714042577094,0.14285710780844812,0.14285716709148213,0.14285719018623144,0.14285710259717957,0.14285715375713554
1016,32e5d52aeb545f58583c52eda99138cb30df1b1afe5654106820fb991f820cf9,Downy-Mildew(240),4,0.99999999999999,0.14285713837989356,0.14285714054612975,0.1428571096978267,0.14285716578537497,0.14285718764221997,0.1428571047731182,0.14285715317543682
1017,61062d11e349e741fdddf75ef885dbba83205a76893e4c081dabc459944e22df,Downy-Mildew(240),4,0.9999999999999625,0.14285713398511468,0.1428571382772393,0.14285707716077045,0.14285718828350177,0.14285723158813515,0.1428570674037248,0.14285716330151374
1018,7a2c1826107033369530f1c0b8a6541fdf6dd59855da9db3f339d0c772a0e475,Downy-Mildew(240),4,0.999999999999985,0.14285713732799318,0.1428571399997791,0.14285710194262408,0.1428571711479511,0.14285719812058542,0.14285709586906792,0.1428571555919992
1019,0063ab3704a1770eb499b76da220cfb3f64da46c0f8e52cac7d9681428eaeba2,Downy-Mildew(240),4,0.9999999999999595,0.1428571336299574,0.1428571381035081,0.1428570744487925,0.14285719015854859,0.14285723524105687,0.14285706427952585,0.14285716413861088
1020,66b9431f9b4427ed77aa1c85f7c138567633ed14bd8046f9e5146be67ccfff4c,Downy-Mildew(240),4,0.9999999999999929,0.14285713923529653,0.14285714099763344,0.14285711593448602,0.14285716147253175,0.14285717920736024,0.14285711192711362,0.14285715122557854
1021,7f42b3d86b773e1ae065b3a400346abb09dba2acfaeace13850bfa9d3564fe1c,Downy-Mildew(240),4,0.9999999999999725,0.14285713529973676,0.14285713895598698,0.14285708689817558,0.142857181550561,0.14285721843680993,0.14285707858693325,0.14285716027179654
1022,9cf6af36699b422e05b2564e1aa5c3f9b10ac71a7d44e7100bb91b3ba3ae7da2,Downy-Mildew(240),4,0.9999999999999842,0.14285713720360393,0.14285713993788718,0.14285710100562005,0.1428571717958927,0.14285719938410238,0.14285709479035952,0.14285715588253428
1023,9f58490614d7cb9eb6a66608e9f4402fc4916b1070840521f5ae4664550bb9ff,Downy-Mildew(240),4,0.9999999999999799,0.142857136425922,0.1428571395359766,0.1428570952442365,0.14285717577952237,0.1428572071653678,0.14285708817420123,0.14285715767477347
1024,eae3c3d1b609707a134e4ab1b2b2bd667d9ee7a929bd01fbe5824524d1958c0b,Downy-Mildew(240),4,0.9999999999999647,0.14285713429359925,0.1428571384480972,0.14285707932961034,0.1428571867832845,0.1428572286452721,0.14285706988434388,0.14285716261579273
1025,e29e3b624dd8c1e06b7b3d9d9e1a6c447e9524968cf0b8cab7a86342106eeb1b,Downy-Mildew(240),4,0.999999999999971,0.1428571351025435,0.1428571388572501,0.1428570854038438,0.14285718258360952,0.1428572204511306,0.14285707686819452,0.14285716073342805
1026,d347470d11464fbacd332f4c7d45413b3020d55b8c4f1ef2a84dc245228e6b16,Downy-Mildew(240),4,0.9999999999999817,0.14285713673293754,0.14285713969441818,0.14285709751968995,0.1428571742061805,0.1428572040922763,0.1428570907875247,0.14285715696697274
1027,6b58cfa15190cf3e8c95dc5c5d07bd813c705a69b6ae95cac180c80df0b8597b,Downy-Mildew(240),4,0.9999999999999791,0.14285713631401978,0.14285713947554607,0.1428570944406904,0.14285717633523995,0.14285720825364437,0.14285708725378093,0.14285715792707843
1028,c4041d6084d67693c264553bff93634d9930471d430ae59c5746fb74bfc72e4f,Downy-Mildew(240),5,0.999999999999975,0.14285715002958232,0.14285714653946313,0.14285719615584275,0.14285710600395626,0.14285707089302374,0.14285720409050306,0.14285712628762873
1029,e1957d0c1b716e723a44eb0f60ca497a09b2738df1677f349b1175adde5966ef,Downy-Mildew(240),4,0.9999999999999695,0.14285713487120483,0.14285713873831438,0.1428570836798844,0.142857183775506,0.1428572227783689,0.14285707488816798,0.14285716126855366
1030,4591e7df3b0f93b90dd283c51e775ae7463e3547e63cc39b5c31ac3031c50636,Downy-Mildew(240),4,0.9999999999999802,0.14285713649326182,0.14285713956787255,0.1428570957735244,0.14285717541372722,0.14285720645403258,0.1428570887844955,0.14285715751308578
1031,9a18bc39941f2cf4245451ad88440acae3bdffa977cb9aea04a32fae5190f7df,Downy-Mildew(240),4,0.9999999999999837,0.14285713709455725,0.14285713987797405,0.14285710023243992,0.14285717233065248,0.14285720043244152,0.14285709390568188,0.14285715612625297
1032,b818689704e68a6b3743f1e3aeec94270e837c3aeccf7c2868a60bb19ee32152,Downy-Mildew(240),4,0.9999999999999912,0.14285713872525094,0.14285714071581615,0.1428571123385974,0.14285716395975825,0.14285718408537829,0.14285710781386882,0.14285715236133006
1033,8d6bc9561b7cb46fbd6e550a0740c0c17f46da734a55ac5d9479467d8eafcee5,Downy-Mildew(240),4,0.999999999999978,0.14285713613567994,0.14285713939672232,0.14285709299873725,0.1428571773318778,0.14285721018669328,0.142857085585209,0.1428571583650804
1034,ce601e327a9293da71c393ba081443d9139483ac9ca95d328165809e3900e59a,Downy-Mildew(240),4,0.9999999999999988,0.14285714181823558,0.14285714230598826,0.14285713529930755,0.14285714808352823,0.14285715308101374,0.14285713419086646,0.1428571452210603
1035,dc9943773f3952798c6d79722ffc4b6c1073356bd9c83d824409eb40aa816c46,Downy-Mildew(240),4,0.9999999999999903,0.14285713846648057,0.1428571405870825,0.1428571103726583,0.14285716531886072,0.1428571867347954,0.1428571055517395,0.14285715296838303
1036,e1e3f5ff3f7c47c5009dda515ddb6d228ddd39a7c2b2e58a85a88c293b1464c1,Downy-Mildew(240),4,0.9999999999999657,0.14285713439315031,0.14285713849324938,0.1428570801316134,0.1428571862290892,0.14285722756961097,0.14285707081081203,0.14285716237247473
1037,56005f1c1a2a23081f2481989388d77d52272c62b98e0cabe83e30f0da4c433e,Downy-Mildew(240),4,0.9999999999999906,0.1428571385577533,0.14285714063007526,0.14285711108478052,0.14285716482655214,0.14285718577735398,0.14285710637362023,0.1428571527498645
1038,7416d51b115a76f4d2fb2692bb9bfd7841fb169ce0486ab4b8dd6a47f34b6270,Downy-Mildew(240),4,0.9999999999999799,0.14285713640461303,0.1428571395250769,0.14285709508794286,0.14285717588764255,0.14285720737660237,0.14285708799443922,0.14285715772368304
1039,6ca5bcfacf4b7f5e766392a381a5f4d4ac7ca0775f988ab187af2407c0796fbe,Downy-Mildew(240),5,0.999999999999976,0.1428571498825089,0.14285714646257874,0.14285719508249056,0.14285710674631197,0.14285707234440906,0.142857202858184,0.14285712662351674
1040,154be311b5560dd9933f7a47e4ecc0bfd1d24b2747e0ba2ffea46c0ac0d4448a,Downy-Mildew(240),5,0.9999999999999973,0.1428571448055004,0.14285714384618595,0.14285715743577795,0.14285713277709539,0.1428571231849011,0.1428571596168532,0.1428571383336861
1041,571147fc370cf3479c5a31b6184e9408e98b9d34d4dcff3c5ef2818eb7260287,Downy-Mildew(240),4,0.999999999999997,0.1428571407122618,0.14285714174212025,0.1428571270629718,0.1428571537787722,0.14285716419918496,0.14285712472346931,0.1428571477812196
1042,a6d5befead8acfcc039379e2a51ea80be5b13e7b604e778fbd62e51fff171336,Downy-Mildew(240),5,0.9999999999999885,0.14285714769388877,0.14285714536336033,0.14285717859811814,0.14285711814366456,0.14285709457535342,0.14285718389665003,0.14285713172896466
1043,255ecafb743c9fb79506a5b19385c60f195f0fac57ec15941b66b4825a672f4d,Downy-Mildew(240),5,0.9999999999999991,0.14285714361604215,0.14285714323890872,0.1428571485927566,0.14285713889203308,0.14285713512363105,0.14285714945235367,0.14285714108427477
1044,b66b4d3ebc6eaf054649753157abacdd8ab973032d6b82ed3e1836f85bcb503c,Downy-Mildew(240),4,0.9999999999999938,0.14285713942063635,0.1428571410713797,0.14285711752292737,0.14285716037519441,0.14285717708739162,0.14285711377111335,0.14285715075135713
1045,277b76deb2985979633fb6f11fcd8e3c63d3346f07806f83e4bc2d6520640ae1,Downy-Mildew(240),4,0.999999999999983,0.14285713700162125,0.14285713983762863,0.1428570994670896,0.14285717285947114,0.14285720145706682,0.1428570930199592,0.14285715635716328
1046,f6b38d03017edea3bb0e8c92e8443b8f07f360df783215cc214c3d1633b3a857,Downy-Mildew(240),4,0.9999999999999755,0.14285713572567285,0.14285713917394127,0.14285709007192157,0.14285717935615325,0.14285721415257388,0.14285708223370056,0.14285715928603668
1047,dcaa828dd7935102f4cf00b55fface14773b87acbc7cd5b6453e6704a76e138a,Downy-Mildew(240),4,0.9999999999999991,0.14285714226574833,0.14285714255627346,0.1428571384279927,0.14285714591938772,0.14285714883346454,0.14285713776664316,0.14285714423048995
1048,9eefd9be93a4cbdf71a42e1710549c502dd8a73afb68bb30238c115dc3703420,Downy-Mildew(240),4,0.9999999999999902,0.14285713841294176,0.1428571405520342,0.14285711004967064,0.14285716554254074,0.14285718717968915,0.14285710518739944,0.14285715307572405
1049,72dcfe89acf0f172913eca284e0ea9498ace2b41d1b1c96c00a39ca9034602c9,Downy-Mildew(240),4,0.9999999999999976,0.14285714108791306,0.14285714193471144,0.1428571298430014,0.1428571518562445,0.142857160444561,0.1428571279185441,0.14285714691502446
1050,f97e5043a8f8ea74c4211cea85bcf362dbaec0cbd8da08e758826e03d14f222d,Downy-Mildew(240),5,0.9999999999999571,0.14285715231320836,0.14285714771159044,0.1428572131340265,0.14285709426458612,0.14285704796986745,0.14285722359611452,0.14285712101060652
1051,2bdd6daf060798195e01bb1c24e78a54f2237330637069f5308e149c5a367783,Downy-Mildew(240),5,0.9999999999999848,0.1428571483673401,0.14285714568460772,0.14285718380761114,0.14285711454193786,0.14285708756631027,0.142857189905971,0.14285713012622192
1052,268b09fa31d86fb86f3beef92789a1af664eac77ad87f887fbe9cb23cd8c58d6,Downy-Mildew(240),5,0.9999999999999322,0.14285715482667624,0.1428571490274789,0.1428572315593458,0.14285708152326004,0.14285702306241232,0.14285724474181855,0.1428571152590082
1053,55696454c7508a8a9d9997dd60de99186b3ac17b26d02338ed938d102c702b0a,Downy-Mildew(240),5,0.9999999999999836,0.14285714864470545,0.14285714584158718,0.1428571857576642,0.14285711319359823,0.14285708491959032,0.14285719213113068,0.14285712951172388
1054,8e23d123ad150b72cba4049b7278db40df2114c042a7e59c2c20be7d93cc3541,Downy-Mildew(240),4,0.9999999999999958,0.14285714009631426,0.14285714141617026,0.14285712256434485,0.14285715688940936,0.1428571702828706,0.14285711956495237,0.14285714918593828
1055,6fa8f7789a232c59037e0110d42e9ec0813bd063697c52ece2efbcd48a8d701d,Downy-Mildew(240),4,0.9999999999999686,0.1428571347680538,0.14285713868051025,0.14285708297455377,0.14285718426370303,0.1428572237376499,0.14285707408127224,0.14285716149425703
1056,146047d3d0880e12af4a2861d0ab41397dcdd9bad167eb172b7da45bcba590c7,Downy-Mildew(240),4,0.9999999999999686,0.14285713477475084,0.14285713868852706,0.14285708298780647,0.14285718425451435,0.14285722371526866,0.14285707409182452,0.14285716148730804
1057,c84bc327d02869d8ca448cddb8315657f98fb5e70d6c9d32a5451bbd151d08f2,Downy-Mildew(240),5,0.9999999999999994,0.14285714310679826,0.14285714297763275,0.14285714478338024,0.1428571415255009,0.14285714026472102,0.14285714507730526,0.14285714226466162
1058,86cb1ccf5544262b59a819ca758b3d8ae9faa6bf5ae8cb0860a8bfc3bc805d14,Downy-Mildew(240),4,0.9999999999999954,0.1428571399404064,0.1428571413331764,0.14285712143892498,0.14285715766779825,0.14285717180620314,0.14285711827434885,0.14285714953914205
1059,b7c1a388b10cd3d10096430c69c90a704447f92b9ca9cfe981e6915f35786f77,Downy-Mildew(240),4,0.9999999999999909,0.1428571386024581,0.14285714064584673,0.14285711149896724,0.14285716454072994,0.1428571852274819,0.1428571068551134,0.14285715262940277
1060,70e9da8060af1537ce59d38566cadb7ab3371fec0a905049e8ec255846df663e,Downy-Mildew(240),4,0.999999999999993,0.1428571392032862,0.14285714096706825,0.14285711583996846,0.14285716153860664,0.1428571793517122,0.1428571118308748,0.1428571512684835
1061,4b8b3d0b4a3e27dcc0a3c1bf99b037eb8df17c96eaf4d9f10d960af10f4e090c,Downy-Mildew(240),5,0.9999999999999548,0.14285715256480672,0.14285714784150166,0.14285721501014428,0.14285709296760563,0.14285704543717967,0.14285722574995527,0.14285712042880663
1062,0c5879c24eb8a0712fdf8eda6eed9d84384ad35adce800f709b41bb856ed0edc,Downy-Mildew(240),4,0.9999999999999961,0.14285714023673615,0.14285714148618975,0.1428571236306834,0.14285715615224404,0.14285716884568972,0.14285712079172036,0.14285714885673653
1063,cf4823f405e22f26fd8df5527c08c5b890710cc8e46025cfc73e22eaa600533e,Downy-Mildew(240),4,0.9999999999999897,0.14285713833197922,0.14285714051122553,0.14285710944825183,0.14285716595851605,0.14285718799158684,0.1428571044952563,0.14285715326318424
1064,c2b7e5ff1a7668f7c39c7d621cdde2221d509564996ba0d797fae6ec63336978,Downy-Mildew(240),4,0.999999999999999,0.14285714235820418,0.14285714259502896,0.14285713920587265,0.1428571453820202,0.14285714779371175,0.14285713866776978,0.14285714399739244
1065,dc57bd5a597b20462d111cb20fc267991e8acf8878eb51ddb5b5c9eb815e7324,Downy-Mildew(240),4,0.9999999999999752,0.14285713570243155,0.14285713916389456,0.14285708988484352,0.14285717948550827,0.14285721440340668,0.14285708201681135,0.14285715934310408
1066,58fc201d1ce49e0dbf0a5007bc744faeb171e5821786ff0ed6ec3a421911b73a,Downy-Mildew(240),4,0.999999999999979,0.14285713625671334,0.14285713944167044,0.14285709407042127,0.14285717659171238,0.1428572087598363,0.142857086831575,0.14285715804807128
1067,c14d1cf2a3589954d0816d7341a8d6984bdd81ddf758e3a71a652a023aadfa32,Downy-Mildew(240),4,0.9999999999999988,0.14285714174772737,0.14285714228960766,0.1428571345945056,0.1428571485702533,0.1428571540111273,0.14285713336251107,0.14285714542426767
1068,5e53c1ec9a9ee9372374f163bce599cef3c54b8fd55285ca6fd9e266da537b06,Downy-Mildew(240),4,0.9999999999999949,0.14285713976042547,0.14285714124656848,0.1428571200446569,0.14285715863160006,0.14285717368210377,0.14285711666733247,0.14285714996731289
1069,5761dfd129478637352ff2073e54635ba4db4da0e8b87b967805d924d78398b0,Downy-Mildew(240),4,0.9999999999999981,0.14285714128778865,0.1428571420299983,0.14285713140855127,0.14285715077425667,0.14285715834000237,0.14285712972315956,0.1428571464362431
1070,1cce0a3294ca026de8a7e084ab4133fcc151d140de1e7a72fc57782210c92653,Downy-Mildew(240),4,0.9999999999999992,0.14285714278899858,0.1428571427960044,0.14285714261994395,0.14285714302259628,0.14285714320863058,0.1428571426071787,0.14285714295664745
1071,dac86bbb711d5a4ca2670b2e6879efd9db792f963538ad25d9bcc8c842f704a9,Downy-Mildew(240),4,0.9999999999999993,0.1428571427375181,0.14285714276370487,0.1428571422973604,0.14285714324595855,0.14285714365115368,0.14285714224166648,0.14285714306263783
1072,c14559f878ec55276f6f1c6feb8b4a7e87a907ebc66bcfdec6bfaf00b1c968b0,Downy-Mildew(240),4,0.9999999999999967,0.14285714051378065,0.14285714162947172,0.14285712568271672,0.1428571547334038,0.14285716607417162,0.14285712314807109,0.1428571482183845
1073,f0ae6ec69b5ed343e0ea45e3805b1eb425f95e4123d0b65c0e19458fa3e29873,Downy-Mildew(240),5,0.9999999999999234,0.14285715555787593,0.14285714939763708,0.14285723706542056,0.14285707771678924,0.1428570156361542,0.1428572510708734,0.14285711355524944
1074,b5d44e7c2665ece2ec693a3ee79399665a6902269671d604d05b9f96b62bfdc7,Downy-Mildew(240),5,0.9999999999999906,0.14285714719874268,0.14285714510686612,0.14285717492482705,0.14285712068331885,0.1428570995361207,0.14285717967961292,0.14285713287051163
1075,053463762eb114c277420c006fb95f0c8df9afedd2bad3daf2b253260ce23c0e,Downy-Mildew(240),4,0.9999999999999932,0.14285713929023774,0.1428571410327626,0.14285711629542255,0.1428571612230805,0.14285717871397952,0.1428571123342348,0.14285715111028247
1076,40f1b20a14dd2e3f3617bdd3025470f394318f00fc5ccee2e7e9034cf54fd2da,Downy-Mildew(240),4,0.9999999999999664,0.14285713447517656,0.1428571385405368,0.14285708071375602,0.14285718582682333,0.14285722677987991,0.14285707147343543,0.14285716219039202
1077,95abd87645705f6371feaaece27013b5a0f95ebe1017be91eaf1060ea3996a63,Downy-Mildew(240),4,0.9999999999999765,0.14285713590414653,0.14285713927304167,0.142857091336763,0.14285717848149038,0.14285721243733787,0.14285708367937025,0.14285715888785022
1078,9af9c0fdc11e3c654758ad260f0de51bc5701c3c80564b65af2ebb4ab66dcd5f,Downy-Mildew(240),4,0.9999999999999885,0.14285713806232847,0.142857140397952,0.1428571072103968,0.14285716750501512,0.14285719098534633,0.14285710190085416,0.14285715393810727
1079,fe4cff011f3e074645093aeb35bd9b28f0bb109f7fd3afda246559edd895570b,Downy-Mildew(240),5,0.9999999999999549,0.14285715262770296,0.14285714792579068,0.1428572149592513,0.1428570930002834,0.14285704544527214,0.14285722564549946,0.1428571203962001
1080,fe7c891e43247963487fa68e2a4c903408ffa21c08d2750ca81c386359f100b1,Downy-Mildew(240),4,0.9999999999999974,0.14285714098981672,0.142857141912255,0.14285712883704954,0.14285715255048315,0.14285716177034646,0.14285712673807663,0.1428571472019725
1081,97f4ed7610f9635eeb0b8e0970f72a48d30e8650e2dec935af27f61064272e64,Downy-Mildew(240),5,0.9999999999999989,0.14285714371499147,0.14285714333075028,0.14285714892914897,0.14285713865766717,0.1428571346226135,0.14285714980184488,0.14285714094298368
1082,94094cb4e7ec30cf85caed3fc5bb1b1cd5ddbc0d148e829759d0d7357015d3c1,Downy-Mildew(240),5,0.9999999999999494,0.14285715321861697,0.14285714823905873,0.14285721925184708,0.14285709003171124,0.14285703963790933,0.14285723056838842,0.14285711905246817
1083,b444c2140656e33f6a6b3f1144c7b5aba6271f64c56f92271ad9fedd36dbee33,Downy-Mildew(240),4,0.999999999999972,0.14285713521632232,0.14285713890082022,0.14285708639526232,0.1428571818987698,0.14285721912964802,0.14285707802047587,0.1428571604387015
1084,cddd5cc7b1b31f686a72b7a29953ee9dda284ae72b0378f2b9dc0f4d244c9e67,Downy-Mildew(240),5,0.9999999999999901,0.14285714734679358,0.14285714520461365,0.14285717582635082,0.14285712005928142,0.14285709829526314,0.14285718069493342,0.14285713257276397
1085,2c0d24506c482e15c8e92fa67cee3469fe48421715fa8b85f8449294166193a7,Downy-Mildew(240),4,0.9999999999999657,0.14285713440460981,0.14285713851489365,0.1428570800709002,0.14285718627053784,0.14285722763430603,0.14285707072638335,0.14285716237836918
1086,ee06be071166f894254c6e870bdc36af26645e837104356e6e46468c436f00ca,Downy-Mildew(240),4,0.9999999999999912,0.14285713874051656,0.14285714073737768,0.14285711232380152,0.14285716396949927,0.14285718409014223,0.14285710778416802,0.1428571523544947
1087,dd55b36c86ef259fcd4a8395faec9db7bc5e88a9335fd914c398d89900fa0ce3,Downy-Mildew(240),4,0.9999999999999679,0.1428571346808827,0.1428571386473944,0.14285708221645904,0.14285718478743964,0.14285722474819776,0.14285707319965193,0.14285716171997456
1088,f79fda196268c79e9a6a09f556eefe839d5a38ca9ff4e224864a3b3beb13e731,Downy-Mildew(240),4,0.9999999999999738,0.14285713551868628,0.14285713909373685,0.14285708829671942,0.14285718058282687,0.14285721652120245,0.1428570801696505,0.14285715981717748
1089,4d7d9faec909317fb4be9c770c778e47a948d08fdb8f51c490b305678586e11a,Downy-Mildew(240),4,0.9999999999999962,0.14285714033512795,0.1428571415740329,0.14285712401425596,0.14285715588573006,0.14285716828662548,0.14285712119775124,0.14285714870647648
1090,0d41ebfcdf025871c495f4f2b1ab44981c26c17550299db7a5d6260e38ce5b4d,Downy-Mildew(240),4,0.9999999999999986,0.14285714157890309,0.1428571421805075,0.1428571335688222,0.1428571492806528,0.1428571554226539,0.14285713220360596,0.14285714576485453
1091,56d71ff109f7fc2e2e5c9ed0a1cce934bd0bc8a24bc27953da75a66d7a0e359a,Downy-Mildew(240),5,0.9999999999999869,0.14285714793671722,0.14285714544779657,0.1428571807598295,0.1428571166499785,0.14285709169934072,0.1428571864186868,0.1428571310876506
1092,48dfddd929fa6db3c3e0ae8d2d608737d0e46da0aa8d1b55547ee7a40dd8f511,Downy-Mildew(240),4,0.9999999999999944,0.1428571396198445,0.14285714116697168,0.14285711907734222,0.14285715930088141,0.1428571749971221,0.1428571155623392,0.1428571502754988
1093,12d67aa993302a328f4cd8d12e88e42c79de96688e993f0686fb01367a1655b3,Downy-Mildew(240),4,0.9999999999999936,0.14285713938138433,0.14285714103951427,0.14285711735361295,0.14285716049295122,0.14285717733019002,0.1428571135865711,0.14285715081577602
1094,7b696c83106ee8b49c76131cc099568ac685c8df1fcffa012f4bc63d5986ab72,Healthy-Leaf(1399),4,0.999999999999996,0.14285714027782567,0.1428571415088053,0.14285712391424252,0.14285715595596063,0.1428571684604258,0.14285712111661006,0.14285714876612998
1095,fd06463e1fb869145c28afc106fde4dd3cd678da3de385b2b8587c793e9151dd,Healthy-Leaf(1399),5,0.9999999999999502,0.14285715312492173,0.14285714817314746,0.14285721873622156,0.14285709038916333,0.14285704035518093,0.14285722999153086,0.14285711922983413
1096,20e15ca66aa00bd4b001fc8d553f90e1415e84d5c831a945533f18e9035bfba4,Healthy-Leaf(1399),5,0.9999999999999214,0.142857155722716,0.1428571494788957,0.14285723830927444,0.1428570768565889,0.14285701395921996,0.1428572525038704,0.14285711316943459
1097,81a84d48596ce27e2070da9c98f2ea79e526355ad3905e1aa9812263bcb043bd,Healthy-Leaf(1399),4,0.9999999999999787,0.14285713624744667,0.1428571394525176,0.14285709385327386,0.14285717674125697,0.14285720903553734,0.14285708656782664,0.14285715810214078
1098,01489f046347e459f2baf1698804f857e6feb56052530855568db1d36a4c9d01,Healthy-Leaf(1399),4,0.9999999999999635,0.14285713411924525,0.14285713835461045,0.14285707809167333,0.14285718763981958,0.1428572303231333,0.14285706846442484,0.14285716300709328
1099,7079d52f524fe9bcb691cc89099a25d20d2dccd9698027af407672ba29cc6215,Healthy-Leaf(1399),4,0.9999999999999817,0.1428571367324986,0.14285713971377015,0.14285709734595628,0.14285717432587514,0.1428572043063951,0.1428570905689818,0.14285715700652293
1100,42c89a2cf31e2db934f54c84efbc66ba3f801dc807123062bf4641a3ce4bcf04,Healthy-Leaf(1399),4,0.99999999999997,0.14285713494907645,0.14285713877925516,0.14285708428065022,0.14285718336072495,0.14285722196916295,0.14285707557540742,0.14285716108572286
1101,d2ad4c466b8b985d6a08c20c41ae5aba2aa9a8823c06cea396355928dc50d39e,Healthy-Leaf(1399),4,0.9999999999999661,0.1428571344560845,0.14285713853923596,0.14285708049327833,0.14285718597899424,0.1428572270682371,0.14285707121220548,0.1428571622519644
1102,8e3eaaad938da9ebd423b64161fe42c068780e8e3ee359c8264bc65cc3512f3f,Healthy-Leaf(1399),4,0.9999999999999398,0.1428571315953178,0.14285713705883507,0.1428570593427607,0.1428572006038275,0.1428572556385757,0.14285704692388368,0.14285716883679955
1103,51a43a00ace00253531e2d3b22db82371c8a866752b5c6dd54b534501fdddde7,Healthy-Leaf(1399),4,0.9999999999999701,0.14285713495864494,0.14285713879478135,0.14285708425029153,0.14285718338129974,0.1428572219981584,0.14285707553085333,0.1428571610859707
1104,35c3e9d16c9aba6451dfd9f8162dbdf842938457adf52a5c34d1cb0c4accb71c,Healthy-Leaf(1399),4,0.9999999999999519,0.14285713283083143,0.14285713770019892,0.14285706845153273,0.14285719430521232,0.14285724333146574,0.14285705738260449,0.14285716599815443
1105,8567c4e3272fe6575101bc4d54fd164340311d36095c58ec19011a14f1f79c95,Healthy-Leaf(1399),4,0.9999999999999668,0.1428571345387268,0.14285713857401786,0.14285708117160417,0.14285718551008533,0.14285722616016389,0.14285707199907927,0.14285716204632273
1106,1888c55cedb149199f767f63ab0d333f465e34184fdf33c27138a3a430e3385b,Healthy-Leaf(1399),4,0.9999999999999679,0.1428571346794779,0.14285713864317895,0.1428570822434234,0.1428571847690203,0.14285722471613563,0.1428570732335483,0.14285716171521554
1107,7aa577cf8439dbb875a40cc22667125b5faf6bfe78ddc9045d0d43efb3c71c98,Healthy-Leaf(1399),5,0.9999999999999486,0.14285715324493348,0.1428571482054029,0.1428572199048692,0.14285708958218513,0.14285703881001274,0.14285723136121328,0.14285711889138328
1108,b26bc52754dbfbccaf9896b1b75ec73151097f3b95ef66397704362760bb29be,Healthy-Leaf(1399),4,0.9999999999999667,0.14285713450776247,0.14285713855659954,0.14285708095870642,0.14285718565740424,0.142857226449593,0.1428570717557024,0.1428571621142319
1109,8b508f11b30b3168c6571f74d0439d2dbc1dcece4fa6caf97e1529765bf6aa58,Healthy-Leaf(1399),4,0.9999999999999608,0.14285713381150575,0.1428571382000634,0.14285707576806997,0.14285718924624752,0.14285723345621076,0.14285706579202737,0.14285716372587517
1110,f86d298c5ab6778afbbec5c4619137ccf214fa985413ba341e8af4891e786bbf,Healthy-Leaf(1399),4,0.999999999999996,0.14285714020639928,0.14285714150952147,0.14285712302386064,0.14285715657008835,0.1428571696203073,0.1428571200597297,0.1428571490100931
1111,db17b2a53e7e390aec2400bf3c27f2bf5f808d2f4250c1c714543905a38a16a5,Healthy-Leaf(1399),5,0.9999999999999287,0.14285715517506842,0.14285714925277204,0.14285723369835207,0.14285708004229403,0.14285702012141333,0.14285724715734718,0.14285711455275285
1112,00d9abb12735b0d0b81553468aeda36a5f7b562c772781d1f3668a12d9508227,Healthy-Leaf(1399),4,0.9999999999999951,0.14285713997435256,0.1428571413750011,0.14285712145708893,0.14285715765425697,0.1428571717540591,0.1428571182730307,0.14285714951221068
1113,27ea7fcca555c91ce66a4abc7cb0abaf70c8f548789e86730403905810d53817,Healthy-Leaf(1399),5,0.9999999999999835,0.14285714870326205,0.14285714590051563,0.1428571858696376,0.14285711311403576,0.14285708473139502,0.14285719223664425,0.1428571294445097
1114,23d04b24ca3f620b2900780ccb8d2f6ccc059cabb95904add89e79161b07c24f,Healthy-Leaf(1399),5,0.9999999999999877,0.1428571478398478,0.1428571454373483,0.14285717965005768,0.14285711741546633,0.142857093152146,0.14285718510886328,0.14285713139627065
1115,2af57f2502f6eed99f3ab7f3e2f1f96ccedc3439b89ebdfdfac6d19691cddb33,Healthy-Leaf(1399),5,0.9999999999998338,0.14285716168773582,0.14285715258838613,0.1428572821728647,0.14285704652512946,0.1428569546801994,0.14285730285546108,0.1428570994902235
1116,10d2c586d8e7b34051a213d73440c081a67b42b78f443e9bb708531db815c53e,Healthy-Leaf(1399),5,0.9999999999997851,0.14285716427801876,0.14285715392582754,0.142857301335462,0.14285703327463914,0.14285692879702325,0.14285732486479114,0.14285709352423825
1117,6635148717e126d6f5462cfdcbff085acbd09df25aaafaf4346a71f7742eb46e,Healthy-Leaf(1399),5,0.9999999999999919,0.14285714683053488,0.14285714492928073,0.14285717206212337,0.14285712266190856,0.1428571033868021,0.14285717638146744,0.14285713374788298
1118,6a92186f2b4df77f52828b2aa0eebeef0615e4274b68a304596d873462677ade,Healthy-Leaf(1399),5,0.9999999999999802,0.1428571492022635,0.1428571461030147,0.1428571901345467,0.14285711016813488,0.14285707903752268,0.1428571971824906,0.14285712817202686
1119,b0ec38f605fa9389a2f7d82282890c06527acfedfd0326843c8f24ae48e03982,Healthy-Leaf(1399),5,0.9999999999999234,0.1428571556102648,0.14285714944455094,0.1428572372329376,0.14285707759951843,0.14285701538451287,0.14285725124712903,0.14285711348108635
1120,42427443b69e74bb4e17408ef71a9349a74ca785828bd96e1f6609d435780543,Healthy-Leaf(1399),4,0.9999999999999967,0.14285714054327575,0.14285714166263896,0.14285712571038914,0.14285715471314536,0.14285716601466478,0.14285712316472166,0.1428571481911643
1121,de44a4887f654e91b6669bb0c4b1fb34fe0e1e3c2e567704c491ae05d374d240,Healthy-Leaf(1399),5,0.9999999999999902,0.14285714726924006,0.14285714513632478,0.1428571755092841,0.14285712027937908,0.14285709875422042,0.14285718035750353,0.14285713269404804
1122,0dae84379ca3cff7eca14817b6f9b8ac468e5569882dc2739aa20624ec129deb,Healthy-Leaf(1399),4,0.999999999999985,0.14285713738252387,0.14285714004936217,0.1428571021488112,0.1428571710046862,0.14285719781853418,0.14285709608577363,0.14285715551030873
1123,444e7ce9c31892e61533867c8812bcfcc92b44c717b42e5a1ef6f0f72b31c7b7,Healthy-Leaf(1399),5,0.9999999999999027,0.14285715723892634,0.14285715029149318,0.14285724921949783,0.1428570693107606,0.14285699918681094,0.14285726500916146,0.14285710974334964
1124,2eba911c1de63a0e840fd42e803fad086690096f4f8dad3e8ae0c5aed39359f5,Healthy-Leaf(1399),4,0.9999999999999931,0.14285713928404817,0.14285714102790553,0.14285711624812658,0.1428571612554886,0.14285717877810752,0.14285711228256312,0.14285715112376038
1125,d85be618ee8f6f165a657eb0cbafe379a65a8a53d5c23ee1f3181de613ecea55,Healthy-Leaf(1399),5,0.999999999999989,0.14285714754665604,0.14285714529951696,0.14285717735996706,0.14285711899865267,0.1428570962308017,0.1428571824655856,0.14285713209882003
1126,bf88e37971a9877456f2ed566cc67486e5763c3d0f03a0e24f9b97457114a0a9,Healthy-Leaf(1399),5,0.9999999999999584,0.14285715226750711,0.1428571477532802,0.1428572121687585,0.14285709492937826,0.1428570491994082,0.14285722242793575,0.14285712125373207
1127,041397c88fc026825ca2318314513e7a52f7fb9ffe7f0ec9e703dc60aec37e7e,Healthy-Leaf(1399),4,0.9999999999999991,0.14285714215323014,0.1428571424979849,0.14285713758512236,0.14285714650195808,0.14285714997094412,0.14285713679956413,0.14285714449119624
1128,e65378e9135386ab2fbf4237268288a388b95eb8ae31fd12dd51d45afded13e1,Healthy-Leaf(1399),4,0.9999999999999983,0.14285714139387215,0.14285714210359735,0.14285713198155406,0.14285715037662075,0.14285715754164754,0.14285713036620318,0.14285714623650492
1129,189e867d6c6a8761f7c9b338d2706283980fe0d430649506eab8ca7bf8bc63eb,Healthy-Leaf(1399),4,0.9999999999999667,0.14285713450195953,0.14285713853672236,0.14285708107670064,0.14285718557648389,0.14285722630922723,0.14285707190669283,0.14285716209221355
1130,1274e90b8d6e2ca1d57bf4193ebde3fc4f1853abeb5c1b9d7886d7adb459e51d,Healthy-Leaf(1399),5,0.9999999999999252,0.1428571554592636,0.14285714937421137,0.142857236047143,0.1428570784192554,0.14285701697793585,0.14285724987790388,0.14285711384428681
1131,3fe18875bf5471c52f08fba36ffd6848d8115192936eb2983d33c9cf3b4091b0,Healthy-Leaf(1399),5,0.9999999999999696,0.14285715082537628,0.142857146970009,0.14285720184323905,0.14285710207020863,0.14285706318757627,0.14285721060562448,0.14285712449796625
1132,1ef5a26f4a5d634b55c05dd894985fe75179ece83d7b82561fd542b5fb2b4074,Healthy-Leaf(1399),5,0.9999999999999917,0.1428571468793756,0.1428571449296171,0.14285717265471068,0.14285712225299554,0.14285710261394274,0.14285717708529738,0.14285713358406094
1133,1dff4e9bb2da4d5e2e67bbbe2366ccf110d4b9d14a009a0b326e2d256edcfbb9,Healthy-Leaf(1399),4,0.9999999999999963,0.1428571404111505,0.1428571415950996,0.1428571247247381,0.14285715539464153,0.14285716734505408,0.1428571220321338,0.14285714849718228
1134,9bc6698f78527ff35ee05733849fa9c3a37d674c79c6f52790f1599f8617b912,Healthy-Leaf(1399),5,0.9999999999999781,0.14285714956727733,0.14285714632481766,0.14285719247370532,0.14285710854842537,0.1428570758362078,0.14285719984151155,0.14285712740805492
1135,f4951ef62fb1993f3f380c94712356ace7e3d8977c406ca9326c2d89ec88fe95,Healthy-Leaf(1399),5,0.9999999999999319,0.14285715485376968,0.14285714904782945,0.1428572316884222,0.14285708143352557,0.14285702287989946,0.14285724488497237,0.1428571152115812
1136,bae6e2d8d69cae2aabd6f9b3572ac9ee9dc0b3f2471fdaaf4d091d99c2a75ee7,Healthy-Leaf(1399),4,0.9999999999999729,0.14285713537448774,0.14285713899959732,0.1428570874081727,0.14285718119781116,0.14285721774272608,0.14285707916779342,0.14285716010941155
1137,eedde74de9e5abeb1f6de496dd8637b239931206cdc794c37d343937b441516e,Healthy-Leaf(1399),4,0.999999999999992,0.14285713895788407,0.14285714084033427,0.14285711401143525,0.14285716280272265,0.14285718182027848,0.14285710973161342,0.1428571518357318
1138,1fde66460f1dcad613dbce4ce60d8ad38043e0bfcb2f03f4a0315c9abc14b978,Healthy-Leaf(1399),4,0.9999999999999977,0.1428571410555254,0.14285714194709628,0.1428571293490334,0.14285715219715814,0.14285716108106486,0.14285712732296196,0.14285714704715985
1139,e7b126e43fc52f4c7e49c6f84e41a6c3dde354e0fda2878fca469841aead5232,Healthy-Leaf(1399),4,0.9999999999999952,0.14285713994461843,0.14285714134587496,0.14285712135747938,0.1428571577234432,0.14285717190314282,0.14285711817198177,0.14285714955345935
1140,738fc5d2ec7b0234d8936f5b4e2a5d0b0714ce3a2ac6e03375d519f44a41d76c,Healthy-Leaf(1399),4,0.9999999999999867,0.14285713765365415,0.14285714016069967,0.14285710444746905,0.14285716941676618,0.14285719474789316,0.14285709875085928,0.1428571548226585
1141,eddd1ba7358ba59aa2ad27e13e95b912577e5c7ef360bf10eb8b06b305dbdbb5,Healthy-Leaf(1399),5,0.9999999999999983,0.1428571442845374,0.14285714361391774,0.1428571532423297,0.14285713567555358,0.14285712880862678,0.14285715476606423,0.14285713960897053
1142,38ebbe2ff0e050eb234a3094b4eafbb92ccda359072f44e288687bc1e89d3cd1,Healthy-Leaf(1399),5,0.9999999999999611,0.14285715189581344,0.1428571475323684,0.14285720967792684,0.14285709665250115,0.14285705259491477,0.14285721959481743,0.142857122051658
1143,6f30df579b656988d4005173e9e7666fcd8a75552661fbf47ae4d2234a3d2e19,Healthy-Leaf(1399),5,0.9999999999998836,0.1428571585843599,0.14285715097740445,0.1428572592995504,0.14285706234188877,0.14285698558556675,0.14285727659184863,0.14285710661938109
1144,0956fc34b37b927a08298e0e55fbbfb0c9dea462161367b65b730f4fc2f6ee46,Healthy-Leaf(1399),5,0.9999999999999646,0.14285715144663585,0.1428571472742476,0.14285720663447937,0.14285709875862246,0.1428570567382203,0.14285721612128185,0.14285712302651254
1145,e5cf3adfbdd35f40564c20cdf67bc09178c3a507effee86399e5099258d84656,Healthy-Leaf(1399),5,0.9999999999999993,0.1428571431152087,0.1428571430089343,0.14285714456633594,0.1428571416740626,0.14285714052527826,0.14285714480480327,0.14285714230537688
1146,475da27b56b14c8e26ef947e8eb6510917a05d6d98b2479ad988a6c096bc6f31,Healthy-Leaf(1399),5,0.9999999999999992,0.1428571433876108,0.14285714314026238,0.14285714667987354,0.14285714021316612,0.1428571376819361,0.1428571472402231,0.14285714165692792
1147,fc86b737af478e70d046c8628faaf701780e90db3687e7751436a8d1ffca94c3,Healthy-Leaf(1399),4,0.9999999999999983,0.14285714146122222,0.1428571421470083,0.14285713241331688,0.1428571500780671,0.14285715695020376,0.1428571308531124,0.14285714609706932
1148,44ddde866fdc6ba6052ef08f2d330cd1be3ba857c5cce6813fab97993543b13e,Healthy-Leaf(1399),5,0.9999999999999716,0.14285715056508955,0.1428571468384594,0.14285719987672857,0.1428571034296094,0.14285706583924201,0.14285720834529658,0.1428571251055745
1149,cec9ec9914d5beaf2d702ce6c181fd13ac0897e8d14a92c4378e58c0eb1719f0,Healthy-Leaf(1399),5,0.9999999999999656,0.14285715136817306,0.14285714726276927,0.14285720572542,0.14285709938498833,0.14285705792834752,0.1428572150540241,0.14285712327627792
1150,9fe74e1a076b8b34f689abe3f2b631403908efe4c6a0a6f64a6ae13cf1ba5060,Healthy-Leaf(1399),5,0.9999999999999908,0.1428571471223896,0.14285714507419495,0.14285717427903924,0.14285712112925067,0.14285710039918612,0.1428571789328374,0.14285713306310197
1151,92394434594230eef5a794144306dd43c31a61ca4bff669e0ed302fbb03422a2,Healthy-Leaf(1399),4,0.99999999999998,0.14285713643388584,0.14285713953269183,0.14285709539504038,0.14285717567599204,0.14285720697204035,0.14285708835276673,0.14285715763758292
1152,96106bcced96d59718e33a82dbe75e5bebad4dfd52cfa76f95ea67bdfc206dd6,Healthy-Leaf(1399),4,0.9999999999999981,0.14285714140071654,0.14285714213321468,0.14285713179798648,0.14285715050283337,0.14285715776153413,0.14285713013048643,0.14285714627322832
1153,211bda5efd09d6f0455d93e170258e85d4f7c0acfdc3a4e69091aaa22a837060,Healthy-Leaf(1399),5,0.9999999999999022,0.14285715727699866,0.14285715031448218,0.14285724948514245,0.142857069127277,0.14285699882571318,0.14285726531018253,0.14285710966020396
1154,9b1a26a2c577cc20df337aca509644b1b4d27bf9a77ac08b145728a1e02eb9bf,Healthy-Leaf(1399),5,0.9999999999998815,0.1428571587391594,0.14285715106921987,0.14285726029057633,0.14285706165528628,0.14285698422967807,0.1428572777219528,0.1428571062941273
1155,4dd0764f26580fb693b2d0e1c206421f9869c0aa0a9113dcb4dd98d83a4e90af,Healthy-Leaf(1399),5,0.9999999999999943,0.14285714613770636,0.14285714457187107,0.14285716691348518,0.1428571262216332,0.14285711033888418,0.14285717046902915,0.14285713534739072
1156,ad229896ccd117237bdbeeb461043bd2581f6c112ad2b35b79d9659886cf4ca4,Healthy-Leaf(1399),5,0.9999999999999759,0.14285714994210344,0.1428571465259184,0.14285719517028658,0.1428571066834206,0.1428570721849433,0.14285720293202853,0.14285712656129906
1157,4e10a052d6b954ee62acfc7a0b218b2fddadca0b4d5fa875650dd440ad145aa3,Healthy-Leaf(1399),4,0.9999999999999947,0.14285713976595837,0.14285714127556406,0.14285711981987012,0.1428571587856653,0.14285717395460024,0.1428571163863,0.14285715001204197
1158,5eccca98615e6ed21839277a4153c831ace2dd2428fe087e272c3358421b9586,Healthy-Leaf(1399),5,0.9999999999998068,0.1428571631574172,0.14285715335296187,0.14285729301997083,0.14285703902499364,0.14285694002523255,0.1428573153067629,0.14285709611266106
1159,598e164364c77c21ac792f6225dcdb55adec57ec55e80b3b6e5dd227e978ab3c,Healthy-Leaf(1399),5,0.9999999999999435,0.14285715377791308,0.14285714849156228,0.14285722373073034,0.142857086935994,0.14285703362876856,0.14285723574621262,0.14285711768881906
1160,c5ecb32f75d009ffc25e8a923c5c4f7df0444a391f73c0e26c914fd598d242a6,Healthy-Leaf(1399),5,0.9999999999999463,0.14285715350012404,0.14285714834831953,0.14285722167817005,0.14285708835537209,0.14285703640133557,0.14285723338826534,0.1428571183284133
1161,2d56bdaf1a2c34c8fa8ea94866fcd86e66b07eba47af2a418e13c24adefc8905,Healthy-Leaf(1399),5,0.999999999999989,0.1428571475609457,0.1428571452898511,0.1428571776264476,0.14285711881502128,0.14285709588997625,0.1428571827873831,0.14285713203037495
1162,1e712e6e0d7a226673ace21ae3d9df5c685f903646ee4502d7c693686c4911fd,Healthy-Leaf(1399),4,0.9999999999999876,0.14285713784342052,0.1428571402497798,0.14285710593926873,0.14285716838563287,0.1428571927432573,0.14285710047223787,0.14285715436640284
1163,f75c683c355c4280d1c0019b6bfc3bc8720dce29e799b3be38379219a5787e90,Healthy-Leaf(1399),5,0.9999999999999567,0.14285715239111052,0.1428571477813462,0.14285721341789248,0.14285709406689687,0.1428570475520659,0.14285722389583097,0.1428571208948571
1164,a3a89998ff5f5a99fc0958ae94210cb8b4773601eb31c8489cec9ff0168ffdf0,Healthy-Leaf(1399),5,0.9999999999998255,0.1428571621416744,0.14285715282226635,0.1428572855176839,0.14285704421189072,0.1428569501612488,0.142857306698878,0.14285709844635783
1165,afae933db5c49328e8f6764bd2c08e545e97308ead498dda3da35f0e246b4886,Healthy-Leaf(1399),5,0.9999999999998265,0.14285716206861096,0.142857152768873,0.14285728513485135,0.14285704447740916,0.1428569506967727,0.14285730627295576,0.14285709858052698
1166,430e0ad547cc4f545bddd12a867b5d468126b28a7d4e66beed354fe76236d75c,Healthy-Leaf(1399),4,0.9999999999999931,0.1428571393099878,0.1428571410518355,0.14285711633432957,0.14285716119535732,0.14285717864925815,0.14285711237227683,0.1428571510869548
1167,7e4ff46789eef49f33bd8fd5c390775392b8464a5d8812c00d84eb96010e305c,Healthy-Leaf(1399),5,0.9999999999997553,0.14285716571666493,0.14285715466968493,0.14285731198222315,0.14285702591289418,0.14285691441650578,0.14285733709134954,0.14285709021067755
1168,0479aa9676b0521f7159be8d107f0b96d4bfa827db8961cd8d6bbcdfc7e6aab0,Healthy-Leaf(1399),4,0.9999999999999776,0.14285713603355663,0.14285713933211097,0.1428570923568985,0.14285717777617646,0.14285721106706237,0.1428570848588809,0.1428571585753142
1169,574cae2361c80c3b6352b1cec1e6b7b0a65c362ebf263575bdb67f4acc48c007,Healthy-Leaf(1399),4,0.9999999999999988,0.14285714170162156,0.14285714225882384,0.14285713430777539,0.14285714876854635,0.14285715440510896,0.1428571330403778,0.14285714551774606
1170,4a85e4648ebaf3e93bd57ff72cc70ab5e145d23a2475d14ce2ddc982f619cd12,Healthy-Leaf(1399),5,0.9999999999999979,0.14285714463977123,0.1428571438011229,0.14285715584622363,0.142857133875126,0.14285712528836345,0.14285715775249097,0.1428571387969018
1171,316fe830902888b6d516621e324b8861d6ef0693fa349050a8757b100633eaa7,Healthy-Leaf(1399),5,0.9999999999999992,0.14285714325883947,0.14285714306097114,0.14285714585336523,0.14285714078526854,0.14285713881311654,0.14285714630238194,0.1428571419260571
1172,235d18d62990ec1f463d40bea23add07c342e68386ff0e343a3276075259b65a,Healthy-Leaf(1399),4,0.9999999999999881,0.14285713798655508,0.14285714035013616,0.1428571067097939,0.14285716785102942,0.14285719166914898,0.14285710133539883,0.1428571540979376
1173,696d13c9f095289c732a5fff6c965902546131a837d8d6e803d8b3ffee88224b,Healthy-Leaf(1399),5,0.9999999999999687,0.14285715089423232,0.14285714698090646,0.14285720262778298,0.14285710152953693,0.1428570621595336,0.14285721152663725,0.14285712428137043
1174,951392e7d8044933209c6cd7559e3840ead7feb498418cc71a973b11eeac74c0,Healthy-Leaf(1399),4,0.9999999999999942,0.1428571396247941,0.14285714119547374,0.14285711885918506,0.1428571594505579,0.1428571752616964,0.14285711528847986,0.1428571503198128
1175,2316b5afa8a623aafc8b572fb09feb59a029e58c2714947458074e2ad2080bf4,Healthy-Leaf(1399),4,0.9999999999999797,0.1428571363706918,0.1428571395051586,0.14285709485252276,0.14285717605036996,0.1428572076965722,0.14285708772674757,0.14285715779793706
1176,5b6f5b62a2a473b34d2ef0ca8bf0594905d44d111888d5b442c9ab2193eaa340,Healthy-Leaf(1399),5,0.9999999999999474,0.1428571533878932,0.14285714828957374,0.14285722083318683,0.14285708893922144,0.14285703754147883,0.14285723241998322,0.1428571185886628
1177,220c67b2cba15eca4ee80bd52f4021cdbb1a5468d896f0b96f665476de71a8d4,Healthy-Leaf(1399),4,0.9999999999999869,0.14285713772761127,0.1428571402209367,0.14285710475364446,0.14285716920353714,0.14285719430652485,0.142857099084364,0.14285715470338162
1178,c144e77a6bf0d09299da715964fcf62ee4ceada82b6c543cb44f38cdc6cc5c44,Healthy-Leaf(1399),4,0.9999999999999953,0.14285713991684737,0.1428571413344904,0.14285712111813106,0.14285715788871758,0.14285717222251487,0.1428571178947472,0.1428571496245515
1179,c7080ce2111b00f9803015f31f681f88c329e211a182011c9ced13de0d1960ea,Healthy-Leaf(1399),5,0.9999999999999962,0.14285714533185115,0.14285714412551137,0.14285716127588408,0.14285713012184378,0.14285711799119838,0.14285716401926807,0.14285713713444312
1180,c57e18b84d127b12679c335fd622c1f3cc1d2f9fb374b910b4a2761863c573d8,Healthy-Leaf(1399),4,0.9999999999999826,0.142857136909175,0.14285713979245515,0.14285709875916422,0.14285717334889614,0.1428572024104038,0.1428570922044904,0.1428571565754152
1181,4f7f9775df9923e6facb1af2e0770c37d0df0ce33b3d1a14d93a46390d12e724,Healthy-Leaf(1399),4,0.9999999999999866,0.14285713763213445,0.14285714016518683,0.14285710411595584,0.14285716964489184,0.14285719517576642,0.14285709835736465,0.14285715490870002
1182,2cca9e5cc88e88d57cad434e8a25d673d7d2d74efe15e8a626e2a1fabe188f39,Healthy-Leaf(1399),5,0.9999999999999941,0.1428571462023147,0.14285714460203516,0.14285716745432633,0.14285712584846338,0.1428571096150437,0.14285717109096585,0.14285713518685095
1183,34f2ac92145ceda939190f69c9066fa6aab3fe09a75da207bbae1c1ed6663350,Healthy-Leaf(1399),5,0.9999999999999962,0.14285714543482092,0.14285714419542087,0.1428571618555889,0.14285712971985073,0.14285711718715607,0.14285716467125717,0.1428571369359053
1184,6d81f073b5427c0f5dd051d27e37bbcdb197f7ca204a3e8e20ebcb88aa677e3f,Healthy-Leaf(1399),4,0.9999999999999761,0.14285713582828322,0.14285713922020504,0.14285709091466423,0.1428571787740928,0.14285721302369342,0.14285708320649576,0.14285715903256554
1185,990ab91823e7b471f195b00ba04416150bf268f4c9934e29260cf9df191ffccc,Healthy-Leaf(1399),4,0.999999999999999,0.14285714242772898,0.14285714263755578,0.14285713963834054,0.14285714508233044,0.14285714720025003,0.14285713915965895,0.14285714385413517
1186,19bad48d189dfdcc4ed468b668b500b0a52cc57019e2a5f914f4989180152606,Healthy-Leaf(1399),5,0.9999999999999988,0.14285714401464386,0.14285714344765946,0.142857151474098,0.1428571368987047,0.14285713122472282,0.14285715276169428,0.14285714017847695
1187,31852ff853fda62682797493536314d99b9724f739867a0467535fa3a826c45d,Healthy-Leaf(1399),4,0.9999999999999718,0.14285713521690704,0.14285713891694052,0.1428570862502987,0.14285718199841585,0.14285721930774295,0.14285707783938312,0.14285716047031177
1188,38721298a496e54639c99bbb99523b5b0c03c74dea137e44de7036cb57b48122,Healthy-Leaf(1399),4,0.9999999999999906,0.1428571385466929,0.14285714063481247,0.1428571109054639,0.14285716495018322,0.14285718600796246,0.14285710615795494,0.14285715279692987
1189,fc4fad5822dbc437ec545ad6cff77b53263c736a3850379e4328bb879a59415f,Healthy-Leaf(1399),4,0.9999999999999738,0.14285713547659898,0.14285713904954975,0.14285708818511944,0.14285718066058217,0.14285721669596727,0.14285708006301354,0.14285715986916891
1190,d479dd3a3eb0f4d2bd5f91c6ea8f6059266b870177c3fc3405aea5253b77fda2,Healthy-Leaf(1399),4,0.9999999999999599,0.1428571336966142,0.14285713813376,0.14285707497369737,0.14285718979558956,0.14285723453597088,0.14285706488675706,0.14285716397761078
1191,be45168c6629fae8b2809384d77e2b1852b1e5dc77b008405f0ba2d8bdd23bc2,Healthy-Leaf(1399),5,0.9999999999999803,0.14285714923612436,0.14285714616392634,0.14285718995630142,0.14285711028936113,0.14285707922779453,0.14285719693893892,0.14285712818755336
1192,678d7786a45d5319186ed96a4668d81a7fc219aea3f24f233283ff8e8f5f86f4,Healthy-Leaf(1399),5,0.9999999999999922,0.14285714671478925,0.1428571448433656,0.14285717146622162,0.14285712307522008,0.14285710422231282,0.14285717572026382,0.14285713395782676
1193,e3a95ac9a97bb84b5e222218a462e10c929332d66c34b10cb70a1949ddf7b0c8,Healthy-Leaf(1399),5,0.9999999999999546,0.14285715263788065,0.14285714790547446,0.14285721526328157,0.14285709279073444,0.14285704506211497,0.1428572260191558,0.14285712032135817
1194,e99be97efe793f60350b5040330b1ec6c8ec67483fd8643cec47976fa07bd8ee,Healthy-Leaf(1399),4,0.999999999999999,0.14285714222377252,0.14285714252663553,0.14285713818455342,0.1428571460878388,0.14285714917046888,0.14285713749495849,0.1428571443117724
1195,c11ddcc4f34d059a9ab5f11bbe5dfc1917f0c24963903e66ea2a4593b5c34e02,Healthy-Leaf(1399),5,0.9999999999999981,0.14285714442646363,0.14285714364164734,0.1428571547428755,0.14285713464009206,0.14285712683481389,0.14285715653019057,0.14285713918391693
1196,d64cf7cec4e2e562742ed84e464cdf0c07ea2d07c50ce32568f07f4a34d283db,Healthy-Leaf(1399),4,0.9999999999999938,0.14285713948720627,0.1428571411207261,0.14285711786081298,0.14285716014070812,0.1428571766129838,0.14285711414628113,0.14285715063128165
1197,2f69355bf4d91241a54a573a39cdaa0c99fb774f30fef754e3e0ea31be00007b,Healthy-Leaf(1399),5,0.9999999999999971,0.1428571449545208,0.14285714393814866,0.14285715838741092,0.14285713211831053,0.14285712188189273,0.1428571606966103,0.142857138023106
1198,d968778a3311035eb6832b690cd5f8783400292f32c6bcd10ed3f72896dab4ba,Healthy-Leaf(1399),4,0.9999999999999969,0.14285714057055127,0.1428571416737657,0.1428571259356869,0.14285715455737227,0.14285716571325627,0.14285712342651635,0.14285714812285127
1199,d81657024f5fe546043587481c765258187fab36cc3e835a59e94f5c03baa0de,Healthy-Leaf(1399),5,0.9999999999999863,0.14285714815571662,0.14285714559991558,0.14285718199648373,0.14285711579308827,0.1428570899837917,0.14285718780403728,0.1428571306669669
1200,6cec8f339f846ed28f89d9228442454d1f05df3304b807c3e429ed68a17683ef,Healthy-Leaf(1399),4,0.9999999999999905,0.14285713846269033,0.1428571405865821,0.14285711032835985,0.14285716534938575,0.14285718679275866,0.14285710549969946,0.1428571529805239
1201,b9794d389f7b061550f1e1a3eaf1fdb6bf5426f03eaadf48dd278dd8e55e93f1,Healthy-Leaf(1399),5,0.9999999999999944,0.1428571460782811,0.1428571445154703,0.14285716674151983,0.1428571263420229,0.14285711060238324,0.14285717029357395,0.14285713542674866
1202,06d2cd691bfa12c94ee4c119280d0bc1f0578393c0fa9bb15996d84e44c22257,Healthy-Leaf(1399),5,0.9999999999999759,0.14285714993394663,0.14285714652225667,0.142857195106821,0.14285710672732957,0.1428570722702732,0.14285720285848685,0.142857126580886
1203,2ac83f76558f029928f4c848195b03b95a825fe9116d99b1ecfaf84041bb0974,Healthy-Leaf(1399),4,0.9999999999999956,0.1428571400235616,0.14285714139196562,0.14285712189495955,0.14285715735166896,0.14285717117157806,0.1428571187841433,0.14285714938212288
1204,462b1d34f0192f1c332e41cf0933bbb596da4443a77658f497bc6636f225359b,Healthy-Leaf(1399),5,0.999999999999916,0.14285715623252696,0.14285714977279965,0.1428572417710646,0.142857074461261,0.14285700924704037,0.1428572564529851,0.1428571120623223
1205,ed4c0d1a19b337f54bca7a5c8cc760baba4e7965ec56782c1dfdaab8649af234,Healthy-Leaf(1399),5,0.9999999999998809,0.14285715876231733,0.1428571510692461,0.14285726059248877,0.14285706144734903,0.14285698383694365,0.14285727807850437,0.14285710621315073
1206,da1bad328b0d83282d9c699774e2fd42dc0255fc4e6cd1b5dfed9dcb1152c293,Healthy-Leaf(1399),5,0.9999999999999325,0.14285715479648103,0.14285714901670127,0.1428572312955901,0.14285708170557382,0.14285702341374962,0.14285724443407882,0.14285711533782527
1207,32cbe9adac9d80d8966f5778877b20f696ccaa71446c17bcb667336fa4b5bc9b,Healthy-Leaf(1399),5,0.9999999999999785,0.14285714950462106,0.14285714626936996,0.14285719228579352,0.1428571086804429,0.1428570761214205,0.14285719964314056,0.14285712749521137
1208,3f382510e8b34e77ee24e6d8828d97f4808ca7c7d819f9b97f82b6102b2c88eb,Healthy-Leaf(1399),5,0.9999999999999991,0.14285714338446104,0.14285714313365597,0.1428571466968345,0.1428571402014774,0.14285713766399621,0.1428571472647677,0.14285714165480712
1209,5e204a236896f4d29427ba9145d8eb19152e8a18fedf3d2a73d45986782deb2a,Healthy-Leaf(1399),4,0.9999999999999805,0.14285713650892012,0.14285713958127827,0.14285709583603837,0.14285717537023288,0.1428572063633523,0.1428570888516014,0.14285715748857666
1210,2f444a6fcb1afd27cc2817775c3e0bc50ae949993852ce0fbb016025932469fa,Healthy-Leaf(1399),5,0.9999999999998811,0.14285715876193658,0.1428571510669956,0.14285726061734969,0.14285706143040397,0.14285698380649495,0.1428572781084071,0.14285710620841222
1211,c9431f5bd9e38b072bca1e209554ba436adb33fe34c99f32df0e9bb4f8249bbd,Healthy-Leaf(1399),4,0.9999999999999813,0.1428571367004046,0.14285713968265856,0.14285709722143838,0.14285717441201462,0.14285720448851158,0.14285709044100126,0.14285715705397095
1212,97b080b5b7d7d21c6df695966f05dfd21ee992f87a4afe3b051250069c2958c7,Healthy-Leaf(1399),4,0.9999999999999695,0.14285713490375565,0.14285713877349104,0.14285708375538014,0.14285718372278916,0.14285722265659326,0.1428570749573932,0.1428571612305976
1213,4ff3a584f4c90e27c556f58f412f56466c69024b8d9ba4b69cc997e208d571e1,Healthy-Leaf(1399),5,0.9999999999999992,0.14285714350180584,0.1428571432111831,0.14285714740428473,0.14285713971164862,0.14285713668928926,0.1428571480617146,0.1428571414200739
1214,17ae73eb5b646e55504add2203164fec155e1395f867543b2144d64f27a50ed3,Healthy-Leaf(1399),5,0.9999999999999937,0.1428571463303722,0.14285714464545934,0.1428571685945867,0.14285712506040393,0.14285710809825292,0.14285717242296966,0.14285713484795534
1215,ceffa97d438fa7c356ce289910c82c9e65ff32229fa25f7e20fc3cd8b7be982c,Healthy-Leaf(1399),5,0.9999999999998685,0.14285715959169576,0.1428571515025765,0.14285726670355897,0.14285705722198616,0.14285697557918178,0.14285728509114629,0.14285710430985452
1216,c5937201348f4fa2d732c299ef9b48a86ab6a4c1f825042e99f852608bd416d8,Healthy-Leaf(1399),4,0.9999999999999895,0.14285713831459335,0.14285714051302145,0.14285710920107508,0.1428571661286814,0.1428571883116855,0.142857104202531,0.14285715332841215
1217,d566e2b88351475aba84fee0ddbbe4aaaddadc6bff057010a548cd65010ede7b,Healthy-Leaf(1399),4,0.9999999999999982,0.1428571413642573,0.1428571420992749,0.14285713169504052,0.14285715057509227,0.14285715791977843,0.1428571300245707,0.1428571463219858
1218,4c99fcfca21f35af3973cdd4a5759af6c67376ace3fa82e69b4d9d173c7f9e9a,Healthy-Leaf(1399),5,0.9999999999999891,0.14285714744873404,0.14285714520901927,0.14285717702670384,0.1428571192308904,0.14285709672709626,0.14285718211872617,0.14285713223882995
1219,32387fd63dd54a9fc1e8578cf8809cdd941f0400d605deb9cdb09ee92e805f93,Healthy-Leaf(1399),5,0.9999999999999869,0.14285714801253074,0.142857145526106,0.1428571809574107,0.14285711651202102,0.14285709138919855,0.14285718660904467,0.14285713099368827
1220,c96c4a52846e8952a3a9dce121c2855b2f63fe422094f8bafad14c81163607d3,Healthy-Leaf(1399),5,0.9999999999999842,0.1428571485306198,0.1428571457926133,0.14285718479143805,0.14285711386075045,0.14285708621085338,0.14285719101412606,0.14285712979959894
1221,519a0a4681b5092c44e575aa12ca921dd04857b592507cdb853e009fbbb569ff,Healthy-Leaf(1399),4,0.9999999999999744,0.14285713554728158,0.14285713908261866,0.1428570887391168,0.14285718027760863,0.14285721595138587,0.1428570807025564,0.14285715969943216
1222,000c3c7386e379989b44948ea677aa081b613a71f2892ebaf1224448d4090ea7,Healthy-Leaf(1399),4,0.999999999999975,0.14285713568616476,0.14285713916204884,0.1428570896950704,0.14285717961633743,0.14285721465160056,0.14285708179329726,0.14285715939548072
1223,16df6cfef1e374d137e6a9e9afd7e34e15ed584760f5d685553a1a147786c772,Healthy-Leaf(1399),4,0.9999999999999852,0.1428571374039825,0.14285714005884817,0.1428571023225762,0.14285717088460032,0.14285719758555193,0.1428570962868152,0.14285715545762567
1224,0a71ecffef3603e0dcd4e9cb683869ee3b921ee0b2a8981450f587cd9471c530,Healthy-Leaf(1399),4,0.9999999999999879,0.14285713794237773,0.14285714032974206,0.14285710636845828,0.1428571680871437,0.14285719212827552,0.14285710094055523,0.14285715420344747
1225,272feca9454ca665b9fb23603b7c84bd191b26a58885719bbfd8fa6d7bac4541,Healthy-Leaf(1399),4,0.9999999999999823,0.14285713686025872,0.14285713976770228,0.14285709838373437,0.14285717360829334,0.14285720291609633,0.14285709177341624,0.14285715669049878
1226,d712da436aff1f88c7bacfff36d58ca49827996ea7f4e18719df37489487b5f4,Healthy-Leaf(1399),4,0.9999999999999952,0.14285713991999685,0.1428571413397653,0.14285712110967863,0.1428571578944849,0.142857172230107,0.1428571178814908,0.14285714962447654
1227,b3da6a077349c5886793660cade75ed8e86c95dc8e73e903e36b796fd3f74b8b,Healthy-Leaf(1399),5,0.9999999999999983,0.1428571443670324,0.14285714366261937,0.1428571537842056,0.14285713530040556,0.1428571280688072,0.1428571553835092,0.14285713943342077
1228,5e6021e56256ebf26cc861a348e528806c5270c5010a014e0097e7a8f5c436e8,Healthy-Leaf(1399),4,0.999999999999972,0.14285713525788662,0.14285713894630794,0.14285708648709644,0.14285718183460858,0.14285721897971307,0.14285707810302334,0.1428571603913639
1229,884655a8070d18760a8a48f7372837988512735034fce800d6d88bbc5162a479,Healthy-Leaf(1399),5,0.9999999999999519,0.14285715287604767,0.14285714800433702,0.14285721726941167,0.1428570914048031,0.14285704238096456,0.14285722834444595,0.1428571197199901
1230,9cbd88a1c7ac813bbd66569f063a6ba85dc9d2730d48957e55395df40ae0e836,Healthy-Leaf(1399),4,0.9999999999999785,0.1428571362039421,0.142857139439858,0.1428570934417202,0.14285717702553416,0.1428572095806839,0.1428570860858822,0.1428571582223794
1231,164b8e8f4861510455004ffd373b3972818b8d7889143fe82a7f6526b412b495,Healthy-Leaf(1399),5,0.9999999999999992,0.14285714306695318,0.14285714295526983,0.14285714448964848,0.14285714172834765,0.14285714066194474,0.1428571447426455,0.14285714235519062
1232,40109a4b84a577150bcbda8091187104e0eedfe2298375fae01cd9eac1dd24e2,Healthy-Leaf(1399),4,0.9999999999999988,0.14285714181439962,0.1428571423133731,0.14285713516269588,0.14285714817722092,0.14285715325311907,0.14285713402665595,0.14285714525253537
1233,5eefc7136dab6716bca59dec259714071ec5122021a0f63a46a874c3295937ab,Healthy-Leaf(1399),5,0.9999999999998003,0.1428571634948258,0.14285715351448447,0.14285729558698593,0.1428570372494011,0.14285693656750909,0.14285731827013293,0.14285709531666083
1234,0d8b7ac59a1b0e19e533258ee525dd09c1757668389173ad4e1df183f83f2486,Healthy-Leaf(1399),5,0.9999999999999973,0.14285714489442916,0.14285714390634002,0.1428571579635229,0.14285713241174175,0.14285712245651627,0.142857160209545,0.14285713815790493
1235,5eee1b10563454c3b364fe145441fdac1f3fce8211009d66067c13edff59d3a7,Healthy-Leaf(1399),5,0.9999999999999601,0.14285715198022209,0.14285714754518952,0.14285721061377235,0.14285709600697039,0.1428570513673494,0.14285722069669074,0.14285712178980545
1236,acbb4682ba7d64bd963aa45eb487af33fc899c4ad63d0be13120513d230dfb36,Healthy-Leaf(1399),5,0.999999999999995,0.14285714581327605,0.14285714436451027,0.14285716493110243,0.14285712759477587,0.1428571130651072,0.14285716822612243,0.14285713600510572
1237,ac29c35f41e77e524de5205f2184069677b41d30a9a1402f121574d1f391e424,Healthy-Leaf(1399),4,0.9999999999999649,0.14285713432248476,0.14285713846006978,0.14285707958835142,0.14285718660484178,0.14285722830075362,0.1428570701830946,0.14285716254040398
1238,76a0e8428270923b896277c84b0f33753bdaedc03ca37ed0e25d6cd6b5576658,Healthy-Leaf(1399),4,0.9999999999999981,0.14285714131140043,0.14285714207427186,0.14285713129270355,0.14285715085341802,0.14285715846166028,0.14285712955968666,0.14285714644685932
1239,447b71f4e977092766a039e6acdc66c7b2ca9647cdfac085294151f3b19021ed,Healthy-Leaf(1399),4,0.9999999999999478,0.14285713236342443,0.14285713744808892,0.14285706510461102,0.14285719662013885,0.1428572478651029,0.1428570535477819,0.1428571670508521
1240,05fc4ac612baadc8ca9e01bbc168a80eea539c1e073e8c2e9a08b4f51cf660fc,Healthy-Leaf(1399),4,0.999999999999999,0.1428571421912499,0.14285714249643872,0.14285713806986558,0.14285714616763998,0.142857149340304,0.14285713737562308,0.14285714435887883
1241,7a296f1a2672a669fac131a5f85169f9cbd198a8d7135be7088fff770d5dd946,Healthy-Leaf(1399),4,0.9999999999999867,0.14285713767490138,0.14285714019380444,0.14285710438886326,0.14285716945631294,0.14285719480163625,0.14285709866358803,0.14285715482089367
1242,90101b8f2040de20d316a1283f96ec84aa030ebf1815d97bca375e149040b81d,Healthy-Leaf(1399),4,0.9999999999999925,0.1428571390402822,0.142857140893368,0.14285711455703531,0.14285716242579996,0.14285718107491466,0.14285711034624113,0.14285715166235874
1243,dc01c5deb1245eb452bdb7b9e9b1eb3a4b00c26181f3dfa8a638894a4ca60564,Healthy-Leaf(1399),4,0.9999999999999925,0.14285713905111297,0.14285714089604742,0.14285711465831977,0.14285716235573948,0.14285718094078476,0.1428571104656845,0.14285715163231114
1244,9071a62deec818c2e265d9b73620c503fe2eb2412ab19601d30750db562eab32,Healthy-Leaf(1399),4,0.9999999999999961,0.14285714027363203,0.14285714153107532,0.1428571236825802,0.14285715611586716,0.14285716874881269,0.14285712082597907,0.14285714882205364
1245,f3130f17ea036a1bb93ed2f010e1b45f37245fb295fd443ed9675635602ff10b,Healthy-Leaf(1399),4,0.9999999999999903,0.14285713853254833,0.14285714063397986,0.14285711076611957,0.14285716504684576,0.1428571861914342,0.14285710599017756,0.1428571528388947
1246,43b29d9383654aa728832b95c51d1cda2547c5e661e41a96c7c5b23342daab6a,Healthy-Leaf(1399),4,0.9999999999999872,0.1428571378110754,0.14285714026074922,0.14285710541883528,0.14285716874404472,0.14285719341333808,0.14285709985029096,0.14285715450166625
1247,b551f93d3f1bd7003539c473fb498a514a2e6a8b4b01b7b85e387200cb856950,Healthy-Leaf(1399),4,0.9999999999999819,0.14285713674727335,0.1428571397184464,0.14285709748962644,0.14285717422678293,0.14285720411623568,0.14285709073627734,0.1428571569653579
1248,e2a024940bf76db5d5b64f355aebac4f4fff021ef7f2230ff83a07598d84a586,Healthy-Leaf(1399),4,0.9999999999999828,0.14285713692180807,0.14285713979510267,0.14285709890771184,0.14285717324671107,0.14285720221585346,0.14285709237745897,0.14285715653535386
1249,672bd1a2db9a0be18f97696b473f9fffeb66ac8356154b2f40510533062d7bb0,Healthy-Leaf(1399),4,0.9999999999999744,0.14285713556916618,0.14285713909980124,0.14285708885779896,0.1428571801955755,0.1428572157856542,0.14285708083263318,0.14285715965937068
1250,6ae947c56841680e582297cd392653a2841d820e0430995bce8118ae6b9206f3,Healthy-Leaf(1399),5,0.999999999999999,0.1428571431862841,0.14285714303218178,0.14285714528030602,0.1428571411821583,0.14285713958181095,0.1428571456331505,0.1428571421041082
1251,b4d153a03b319d4f93dd2e88baaac45bfe0b708c81ade2ff2076a5aa78cba78b,Healthy-Leaf(1399),5,0.9999999999998975,0.1428571575794657,0.14285715043914032,0.1428572520183151,0.14285706737678475,0.14285699543929853,0.14285726824888245,0.14285710889811307
1252,3166429f2ffc72203fef03266183da2674cfbff6b83c3c757e0e075c4e5335f2,Healthy-Leaf(1399),4,0.9999999999999991,0.14285714276494363,0.1428571428075645,0.14285714221968798,0.1428571432985531,0.1428571437227549,0.1428571421250664,0.14285714306142944
1253,028033e8d4f824f481beeb37b9a05fd3dc7265fdaef8b8a02697433592ba8b0a,Healthy-Leaf(1399),5,0.9999999999999992,0.14285714317663442,0.1428571430215681,0.1428571452457001,0.14285714120596174,0.14285713963324967,0.1428571455996925,0.14285714211719344
1254,ce21711f255de112de5e020791fe4d3ebb0855a35cd446871a4f2f5832757e4f,Healthy-Leaf(1399),4,0.9999999999999923,0.1428571390496658,0.14285714089555457,0.14285711464080234,0.14285716236775153,0.14285718096373715,0.14285711044562124,0.14285715163686732
1255,e2ec3a90f6b648a881a4951276f8e0a811b0aca6cb769d39780cf7422d1f318a,Healthy-Leaf(1399),4,0.9999999999999858,0.1428571374706821,0.14285714008198322,0.14285710293615272,0.14285717046102325,0.14285719677077563,0.14285709700109087,0.14285715527829226
1256,f554c7f90317530c4bd55df62eba696115f1bfe9244f9cac3c01c20928496bc9,Healthy-Leaf(1399),4,0.9999999999999938,0.14285713944902867,0.142857141102548,0.14285711759142666,0.14285716032750967,0.1428571769777446,0.14285711383361072,0.14285715071813165
1257,d806351e86ffd5203d460b3c921ebf19a36a550fb283e10e47f6523782efd391,Healthy-Leaf(1399),4,0.9999999999999818,0.14285713674949646,0.1428571397132061,0.14285709756979734,0.14285717417165394,0.14285720401543103,0.14285709083402628,0.14285715694638887
1258,662d65514cc4e84d4e78da3b34f97f9283d0b8670bd81a92e9210a4efd0fae49,Healthy-Leaf(1399),4,0.9999999999999735,0.14285713540687509,0.14285713900608787,0.14285708775712594,0.14285718095717814,0.14285721728404607,0.142857079577164,0.1428571600115228
1259,98d9078eca99d548f8034492a96ddcc878dd29d17f9f6d752b2be201efaf57b2,Healthy-Leaf(1399),4,0.9999999999999913,0.14285713874132983,0.14285714071973443,0.14285711252245592,0.142857163833282,0.14285718384412194,0.14285710802752885,0.142857152311547
1260,4412d521e0e11f8241b6e3390c46011c30304ac0ea0b1e5b5b2c329c8c1acbe9,Healthy-Leaf(1399),4,0.9999999999999738,0.1428571354699118,0.1428571390427046,0.1428570881945528,0.14285718065475064,0.14285721668956508,0.1428570800751848,0.1428571598733304
1261,aa7feab4f8d4056d94bbe6eeb1a81ed6618d1a0e4e00497a278bd79c625f612a,Healthy-Leaf(1399),4,0.9999999999999912,0.14285713874509334,0.14285714073831807,0.14285711238741863,0.1428571639259123,0.14285718400736186,0.14285710785746944,0.14285715233842627
1262,6aba512e435483bef9c5e91f57d74bd235934d3eaf8259931f7e371324c40f5d,Healthy-Leaf(1399),5,0.9999999999999031,0.14285715718422481,0.14285715023767515,0.14285724908315978,0.14285706940655596,0.1428569994022511,0.14285726487438807,0.1428571098117451
1263,7ebde2a32e648ac26939ab2abf9adaad5aaf5950742fa581683c4e6aea6e83b9,Healthy-Leaf(1399),4,0.9999999999999895,0.14285713827204763,0.1428571404893629,0.14285710893719636,0.14285716631193657,0.14285718867340624,0.14285710389870135,0.14285715341734895
1264,80bfde4426ceecc023a8903922ba07ace323c0938200512a559dd08ab16249ff,Healthy-Leaf(1399),4,0.9999999999999891,0.142857138183579,0.1428571404503822,0.14285710822607925,0.1428571668035519,0.14285718962699104,0.14285710307532193,0.1428571536340948
1265,cd4f3e3cebce55bf1c756b0c15f0cd3ba9539f08391b633d9d942707e31a45f6,Healthy-Leaf(1399),5,0.9999999999999819,0.14285714894006596,0.1428571460044096,0.14285718785748322,0.14285711174149404,0.14285708207292327,0.14285719453256854,0.1428571288510554
1266,b91a6dfaa6f002de5d8e7bdd6804e5e68c11787db449d837b0d3a85bda0c2802,Healthy-Leaf(1399),5,0.9999999999999738,0.14285715021935275,0.14285714665018723,0.1428571974623887,0.1428571051005127,0.1428570691160837,0.14285720557787043,0.14285712587360438
1267,9fa303792a60e1c691e7a79854cff1a8b0bda10b45f120e3d55bd4586f5b8513,Healthy-Leaf(1399),5,0.9999999999999883,0.14285714763178903,0.14285714531273333,0.14285717831855357,0.1428571183377682,0.1428570949741374,0.1428571835923729,0.14285713183264553
1268,080a1095a4c9fd26aecca47dca8bb440440b13c52514e7e45b568225e096253e,Healthy-Leaf(1399),4,0.9999999999999747,0.14285713560238839,0.14285713911646897,0.14285708911686634,0.1428571800166412,0.1428572154370899,0.1428570811300476,0.14285715958049752
1269,85b69e315ecced45f1b38bcea58648e2f85ec693211ad3a9b49ffdb1b40caf28,Healthy-Leaf(1399),4,0.999999999999972,0.14285713523985163,0.1428571389251167,0.14285708647120576,0.14285718184615262,0.14285721901498338,0.14285707809539316,0.14285716040729673
1270,3d907c54dcbb521f5b3884241c5ab3576291d6ddcbf43dbd506f834315f3cade,Healthy-Leaf(1399),5,0.9999999999999963,0.14285714534538776,0.14285714414419962,0.142857161289819,0.1428571301122723,0.14285711796163877,0.14285716402287704,0.14285713712380552
1271,4d874295ffcc042d4ac349a930a642c93c07060a49756a5409b03d3438f7c154,Healthy-Leaf(1399),5,0.9999999999999675,0.14285715109372854,0.14285714710911718,0.1428572038722661,0.1428571006682009,0.14285706045093666,0.14285721293229245,0.1428571238734581
1272,dff027add51a3c50cf5b2811d9d1718b010d33008a8c1ce8c7dd9a11374b7f0e,Healthy-Leaf(1399),4,0.9999999999999988,0.14285714188034684,0.1428571423381862,0.14285713576886538,0.14285714775907768,0.14285715244767672,0.14285713472932354,0.1428571450765236
1273,416d641afe4c797ca3ac31d6cd158dcc7b22a840ecdc174b7d53e6feb3c4303e,Healthy-Leaf(1399),5,0.9999999999999921,0.1428571466888754,0.14285714481839376,0.14285717139396584,0.14285712312582463,0.1428571043338896,0.14285717564730308,0.14285713399174774
1274,6ff97d478e1c569628db83b0a982b8ab067e8070284148a118e582dce62cf844,Healthy-Leaf(1399),5,0.9999999999999929,0.14285714650299722,0.14285714472348646,0.14285717001760065,0.14285712407769843,0.1428571061924951,0.1428571740649039,0.14285713442081818
1275,55724b9a08860d38a4ce66516d7ac9e6acbc33f795ba6a054886c52b2c8f9ca0,Healthy-Leaf(1399),4,0.9999999999999811,0.1428571366465234,0.14285713964649452,0.1428570969240264,0.14285717461845368,0.14285720490172735,0.14285709010560171,0.14285715715717295
1276,d6b0fefba331a55b7f3e7ec7463f7a960c55cbb0972761d13cbb10c012233116,Healthy-Leaf(1399),4,0.9999999999999666,0.14285713450470378,0.14285713854777685,0.1428570809970596,0.14285718563101013,0.14285722640514742,0.1428570718069184,0.14285716210738383
1277,b02907cd6c51a13af0756c83057bf849662f3d9ebf25b3f0533de49234b16368,Healthy-Leaf(1399),5,0.9999999999999972,0.14285714483023493,0.14285714386144274,0.14285715761896606,0.14285713265083727,0.14285712293693867,0.14285715982337413,0.1428571382782062
1278,46052322dd8d9044bc6cb59b946be3d4631cf085d15433f1d1dd23a50f920599,Healthy-Leaf(1399),4,0.9999999999999731,0.1428571353790429,0.14285713899145155,0.14285708754297846,0.14285718110503798,0.1428572175725861,0.14285707933216957,0.1428571600767334
1279,a5906a61b1dd886264de51cd04231b9c13b9bec533f33c72443086a52c202a98,Healthy-Leaf(1399),4,0.9999999999999754,0.14285713571274963,0.1428571391687309,0.14285708997251798,0.14285717942504747,0.14285721428608447,0.14285708211752132,0.14285715931734821
1280,45683b3da12062f38132d4d295e3b5de5bf341ba4a5641a10c38fd952a1dad97,Healthy-Leaf(1399),4,0.9999999999999796,0.14285713637865735,0.14285713952441376,0.14285709479078837,0.14285717609296503,0.14285720776505703,0.142857087640383,0.14285715780773547
1281,14f6fbf2e1369f08330084f676db42f3c3d73e991934e6681e8d11e29c998ef9,Healthy-Leaf(1399),4,0.9999999999999777,0.14285713606720032,0.1428571393505626,0.14285709262827662,0.14285717758916286,0.1428572107024026,0.14285708516740356,0.14285715849499148
1282,dffcf2dc28da0183cdf37022dff7592022fb08aeb7be16570e464920d47a0207,Healthy-Leaf(1399),4,0.9999999999999978,0.14285714124268617,0.142857142022988,0.14285713092883834,0.14285715110551714,0.14285715897040074,0.14285712915665527,0.14285714657291426
1283,51afdbf48370e33393ad1469d34a21d80e0087983fbb22bd07be0256f2dea747,Healthy-Leaf(1399),4,0.9999999999999979,0.14285714115540507,0.14285714196856567,0.14285713037158074,0.14285715149120967,0.1428571597335361,0.14285712852523955,0.14285714675446323
1284,2a2f98bc95a405d4e76fc4aa48e5a392b4bc3ee4597ebe48b6e3eefb2ae76934,Healthy-Leaf(1399),5,0.9999999999999618,0.1428571517699675,0.14285714743806469,0.14285720905754673,0.14285709708327998,0.14285705346902933,0.14285721890709635,0.1428571222750154
1285,363da026625fec548738e2b30018ac41c4c0b16ffdfbc5a56ff1dd57d5a0c891,Healthy-Leaf(1399),5,0.9999999999999972,0.14285714489921478,0.14285714390405602,0.14285715807523544,0.14285713233532207,0.1428571223139485,0.1428571603401696,0.14285713813205353
1286,c466a100111933829183e56f13b1a25a3d2145a3d64907f4f3a7e72ddfd8b4bc,Healthy-Leaf(1399),4,0.9999999999999629,0.14285713404766884,0.1428571383138428,0.14285707760322564,0.1428571879778247,0.1428572309875704,0.14285706790658725,0.14285716316328034
1287,3696fccfd5c000f5c2e63ca0c24fe43e879a04003c85fa2eea1cc35159035d44,Healthy-Leaf(1399),4,0.9999999999999594,0.1428571336181148,0.14285713808415007,0.14285707448965473,0.1428571901308652,0.14285723520100915,0.14285706433845183,0.14285716413775418
1288,2b95d5c9d845b03c761e3c7fb8127018f169cc74ca66e2a7b5d377a14effe055,Healthy-Leaf(1399),4,0.9999999999999896,0.14285713833541855,0.14285714052675222,0.14285710935182955,0.14285716602484394,0.14285718810716752,0.14285710437129895,0.14285715328268922
1289,11952d520ae8dd28bc2068c7adc38c428094d182439cba01965d003618ea7440,Healthy-Leaf(1399),4,0.9999999999999923,0.14285713898417804,0.1428571408647323,0.14285711413283733,0.14285716271898058,0.14285718164693326,0.1428571098591318,0.14285715179320665
1290,c3413444cc72114d5f7c67bf7c0179024d20c468792ada3404c5984d5f288a62,Healthy-Leaf(1399),4,0.9999999999999825,0.14285713686241527,0.14285713976802483,0.14285709843999006,0.14285717357011146,0.1428572028441368,0.1428570918365711,0.14285715667875049
1291,eb0c55b77c630f5b0646eb527319e96acb916acb76569f45ce1463296afd5ed5,Healthy-Leaf(1399),4,0.9999999999999875,0.1428571378617627,0.14285714028945654,0.14285710577882244,0.14285716849521188,0.14285719292511387,0.14285710026082263,0.1428571543888099
1292,4fb66b5bc95be1ee5cb013ca498aeb902e95e9f677a3f5fa0bb494bb4606922e,Healthy-Leaf(1399),4,0.9999999999999927,0.1428571391296242,0.14285714093475804,0.1428571152582942,0.14285716194097592,0.1428571801326048,0.14285711115635613,0.14285715144738673
1293,12251abc5e3befd5ba581202538d4a425343817e09115ccf02f371bef80c5f52,Healthy-Leaf(1399),4,0.9999999999999923,0.14285713903714412,0.1428571408731285,0.14285711470422496,0.14285716232460718,0.14285718089639024,0.14285711053284145,0.14285715163166354
1294,694e2edd74b2971f7c6fe8ff2d9d261b0a9ff6f23fb1c91a6b7fa50bef62aa6b,Healthy-Leaf(1399),4,0.9999999999999648,0.1428571342734089,0.14285713843643527,0.14285707922222307,0.14285718685822135,0.14285722879459178,0.14285706976013304,0.14285716265498657
1295,7a74b3430caa65e49671c7902da8034f37dece70f43dfb998d0f850bf20c16bc,Healthy-Leaf(1399),5,0.9999999999999978,0.1428571444426201,0.14285714365500166,0.14285715481599578,0.1428571345893612,0.14285712673056136,0.14285715660948162,0.1428571391569782
1296,c4c79e7195c57c3d80dbad5c5c79655efe0065324a984dd305665b7403643fd7,Healthy-Leaf(1399),4,0.9999999999999869,0.14285713772007538,0.1428571402033672,0.14285710486891043,0.14285716912522042,0.14285719417012877,0.14285709922657894,0.14285715468571883
1297,b250dfe7504c86e7bd36e130fd7ac0ce60d8293fbb1c9e889b177206bcc6e1dd,Healthy-Leaf(1399),5,0.9999999999999944,0.14285714604888064,0.14285714448894615,0.14285716667053847,0.14285712639236253,0.14285711071469656,0.1428571702198699,0.1428571354647057
1298,06a38a8cace75568ee0b1050b09a7418e7f690f4f08d8b31480f880549a0434b,Healthy-Leaf(1399),4,0.9999999999999861,0.1428571375385694,0.14285714011327938,0.14285710346845915,0.14285717009297852,0.14285719605542263,0.14285709761630383,0.14285715511498717
1299,601b96cf1b9c0425be96d4c1764f4497528ab20e347e79394b4fad9c777b8150,Healthy-Leaf(1399),4,0.9999999999999951,0.14285713992127005,0.14285714133608768,0.1428571212011792,0.14285715783223446,0.1428571721152755,0.1428571179878521,0.142857149606101
1300,753fbab3235715f6e412f773b3a1c83186dea61c4164d3abf410001089ca0ae7,Healthy-Leaf(1399),5,0.9999999999999759,0.14285714990575452,0.142857146493121,0.14285719507980058,0.1428571067474825,0.14285707232724223,0.1428572028379754,0.14285712660862382
1301,836c1b6591140448eaf38812d37a1fe5472ff36522e12fa5f1c7e8b70990ee7a,Healthy-Leaf(1399),4,0.999999999999989,0.14285713814177842,0.14285714041593484,0.14285710802779508,0.14285716694092254,0.1428571899082246,0.14285710286015466,0.1428571537051899
1302,907cd2a4ce2ac68d28eb32a4e4a388f623d8c4d42b7731fd135fe4d0b1e3bdfe,Healthy-Leaf(1399),5,0.9999999999999953,0.14285714573802347,0.14285714434532693,0.14285716421459319,0.1428571280900314,0.14285711401332435,0.14285716738328502,0.14285713621541563
1303,5635d3fc94b589f5895a7509d04d58ffdf1011d4cb997992a5704c792d2da0ab,Healthy-Leaf(1399),4,0.9999999999999764,0.14285713588153237,0.1428571392555348,0.1428570912224995,0.14285717856068314,0.1428572125979953,0.14285708355364238,0.14285715892811243
1304,b216bc0394e68b4e6485f182641519120c1cfab5c236df69d429443a8244a84e,Healthy-Leaf(1399),4,0.9999999999999805,0.14285713650459694,0.14285713957715718,0.1428570958410264,0.1428571753672564,0.14285720636050225,0.14285708885781315,0.14285715749164765
1305,6785171680a616c99472f5c014ec22a882ed40969a238017affbbea232092ad6,Healthy-Leaf(1399),5,0.9999999999999575,0.14285715229835558,0.14285714772034636,0.1428572128692559,0.14285709444705724,0.1428570483090844,0.14285722327685998,0.14285712107904053
1306,a6ec52314b8d79a3c551498a370539c837ec12379833c52fbb7c849fdb0ec333,Healthy-Leaf(1399),5,0.9999999999999862,0.14285714810784272,0.14285714555372983,0.14285718189562496,0.14285711586469593,0.14285709014893386,0.1428571877046126,0.14285713072456002
1307,49e49c28b83ac5eecfce537c4fb530a3834ed76e558e787d341bf424224b35c1,Healthy-Leaf(1399),4,0.9999999999999754,0.1428571357104619,0.14285713916284817,0.14285709000653013,0.14285717940183776,0.14285721424608272,0.14285708216048623,0.14285715931175305
1308,08eeaa5cc6d1f046e8685cc5adb9e5f08cd08d55cc3b43082738238aee97559a,Healthy-Leaf(1399),4,0.9999999999999984,0.14285714148831866,0.14285714214180376,0.1428571328209524,0.1428571497974561,0.14285715642359115,0.1428571313372913,0.1428571459905867
1309,b128bc26ac020397a9f76dd0d8c0e16320c9cf1cda0dfd67caa13ab38d5362ae,Healthy-Leaf(1399),4,0.9999999999999701,0.14285713497523028,0.1428571387874986,0.1428570845102287,0.14285718320188945,0.14285722166366402,0.1428570758448549,0.142857161016634
1310,627fecc3952ead957b48d22bcc5a59e9066ad86ff17b96c6353b5b03307d0f6b,Healthy-Leaf(1399),4,0.9999999999999633,0.142857134073622,0.1428571383202686,0.14285707785360735,0.14285718780479714,0.14285723065650932,0.1428570682010915,0.1428571630901041
1311,b58f71001e3bb100d1796788b801d0c79d8831f5ccd643f03a5fa98737d7b1fe,Healthy-Leaf(1399),5,0.9999999999999534,0.142857152751629,0.1428571479574965,0.14285721620253727,0.1428570921422437,0.1428570438042084,0.1428572271018387,0.14285712004004636
1312,cb419501e4c9258bd883a56103e9b83dfd7c6bf72e9f7143c57f56cdd1dab94b,Healthy-Leaf(1399),5,0.9999999999999987,0.14285714391537993,0.14285714339748432,0.14285715077323757,0.1428571373842111,0.14285713217428397,0.14285715195280943,0.14285714040259365
1313,418534d31daf4b847c149bbcfbdc4b3d7380192bded0605320b0e46702f49add,Healthy-Leaf(1399),4,0.999999999999996,0.14285714017904322,0.14285714145774042,0.1428571232181853,0.14285715643799266,0.14285716940388818,0.1428571203149086,0.14285714898824164
1314,6a2f38857187d1cc0e3301e44d2364592ec70f3b7908bfb41243767a7576e944,Healthy-Leaf(1399),5,0.999999999999999,0.14285714361536053,0.14285714323876952,0.14285714858530388,0.14285713889716237,0.1428571351334545,0.14285714944364653,0.1428571410863028
1315,1e544526ada2dd076938732618652c8099356b6c078d4cc80481641d03e7d95f,Healthy-Leaf(1399),4,0.9999999999999969,0.1428571406485224,0.14285714171203825,0.14285712656108324,0.14285715412564262,0.14285716487352296,0.14285712414464943,0.1428571479345411
1316,c2b869ea8ddb43353787c958bac37f61c94cb86a8366dfcbc4241f892ed9db9a,Healthy-Leaf(1399),4,0.9999999999999702,0.14285713499580008,0.14285713881147738,0.1428570845562307,0.14285718316999801,0.14285722158841568,0.14285707588403743,0.14285716099404086
1317,d73bbc38aeb795ab6ef24fe227c4263d7d054287997d307b9175e72379582ff5,Healthy-Leaf(1399),4,0.9999999999999936,0.14285713940291903,0.14285714107264283,0.1428571173042617,0.1428571605262305,0.14285717737210685,0.14285711350962926,0.1428571508122097
1318,c4bec39c0c996fd1372c644724dd4ce753172fe3ea562db1f74196fa1f81a984,Healthy-Leaf(1399),5,0.9999999999999543,0.14285715264278803,0.14285714789324988,0.14285721548656077,0.14285709263791066,0.14285704478157396,0.14285722628602812,0.14285712027188857
1319,42a36a6da1a5f7b01c4f32f8e14cf3f6477a5df4b8fc0efbfffcfda430ffcfb1,Healthy-Leaf(1399),5,0.9999999999999707,0.14285715064723042,0.14285714687285672,0.14285720062055185,0.14285710291684625,0.1428570648492504,0.14285720920296954,0.14285712489029473
1320,e9f42a862a4632eefc05b926e8ce7b9154c9920bd67f5246950661ecba2bc2f3,Healthy-Leaf(1399),5,0.9999999999999893,0.14285714745963662,0.14285714522630166,0.14285717702074255,0.14285711923506647,0.14285709672427216,0.14285718209956783,0.1428571322344127
1321,b56a8dbe39a0a77ddfe78ebe176d6f5c73ba2febe2f4eb626927e53322ec3a6c,Healthy-Leaf(1399),4,0.9999999999999837,0.14285713710452888,0.142857139899429,0.14285710016267952,0.14285717237850373,0.14285720050928952,0.14285709380982664,0.1428571561357427
1322,093c5490836e54aa91f600aed5b63d6a59f16fa5e3b8bc33d9e287019c8b974b,Healthy-Leaf(1399),5,0.9999999999999661,0.14285715126101667,0.14285714718880085,0.1428572051672951,0.14285709977284825,0.14285705870866494,0.14285721442628152,0.14285712347509275
1323,882dfeb53b1ee0acec817b9b59a7ef56199b1dae89d9c4ede2c62f4d9cd6b18d,Healthy-Leaf(1399),4,0.999999999999964,0.1428571341488394,0.14285713835932454,0.142857078422839,0.1428571874114896,0.14285722988876867,0.14285706885369556,0.14285716291504325
1324,ee1c4e090b640029d9adbdb87c6d4e16a3b272bf6d9ce0760e5381789c8f994b,Healthy-Leaf(1399),5,0.9999999999999988,0.14285714394658408,0.14285714340579847,0.1428571510694256,0.1428571371795254,0.14285713178218606,0.14285715230074145,0.14285714031573904
1325,7924410ee1f9a9d647fcf1545b1937d3e6511a209145d196b5c822b0ad57f3c8,Healthy-Leaf(1399),4,0.9999999999999609,0.14285713380686038,0.1428571381885917,0.1428570758304659,0.14285718920368423,0.14285723338310263,0.14285706587130567,0.14285716371598958
1326,d364db421b3374334874024f1c5cc27544dcace58d82279e8dd76ae01dac8754,Healthy-Leaf(1399),4,0.9999999999999839,0.14285713713130754,0.14285713989018292,0.14285710057632836,0.14285717209328733,0.14285719997624102,0.14285709430636068,0.14285715602629212
1327,5d5e31acb48333399cc083845d76c1cd4009d98e912288be8821e27e5e6c7515,Healthy-Leaf(1399),4,0.9999999999999972,0.14285714079972903,0.14285714179266415,0.14285712768378228,0.1428571533498096,0.14285716335690504,0.14285712542990314,0.1428571475872066
1328,daffd3a99b687812564082742af377f3ce4a64037a186d15829e9bff05c89f7b,Healthy-Leaf(1399),4,0.9999999999999931,0.14285713926003396,0.142857140988823,0.14285711634302917,0.14285716119130024,0.14285717868174075,0.1428571124148261,0.14285715112024683
1329,09ff1a4b4304f4e73e559712fc36783e593c3c77217c5330d3905e9d217651a0,Healthy-Leaf(1399),5,0.9999999999999756,0.1428571499404208,0.14285714649730127,0.1428571954634971,0.1428571064826324,0.14285707182421206,0.1428572032914816,0.14285712650045473
1330,d774c69e7cfb8d7ed9f1934a22002289cd3535f94626c50bd8472d56b7f882aa,Healthy-Leaf(1399),4,0.9999999999999832,0.1428571370069234,0.14285713983411738,0.14285709959005352,0.14285717277519486,0.14285720130034002,0.14285709316531434,0.14285715632805654
1331,c92efeac77bdce7f97797c5863e75ba0873182ec0a1fe3f17b721585c7a9f283,Healthy-Leaf(1399),5,0.9999999999999843,0.14285714848177622,0.14285714575339153,0.14285718457952082,0.14285711400817538,0.1428570865143829,0.14285719078250178,0.14285712988025143
1332,7bfb40896b1dd7b854c1004d436e47ebb14587b8d45af541a4a7388c630c406e,Healthy-Leaf(1399),5,0.9999999999999793,0.14285714937840008,0.14285714621184925,0.1428571912736036,0.142857109379931,0.14285707747939952,0.14285719847394115,0.14285712780287535
1333,18fd601ae6d322c5f4880965c57c148565034e9820794f24f344c9f7bc5fd7a7,Healthy-Leaf(1399),4,0.9999999999999827,0.1428571368990757,0.14285713978790857,0.14285709868871488,0.14285717339780696,0.14285720250581582,0.1428570921222715,0.14285715659840667
1334,0520f3baa71ebb375629b5e2919227b4973d0f006b7e8126f67ef346dac41bb5,Healthy-Leaf(1399),4,0.9999999999999858,0.14285713745965783,0.14285714006869435,0.14285710293381787,0.14285717046308444,0.14285719678312553,0.14285709700490742,0.14285715528671253
1335,0e8d388f4357480a45e836e3d92a982be8d9aef001bb5e83084f4bae5982c1a4,Healthy-Leaf(1399),5,0.9999999999999571,0.14285715234135707,0.1428571477415177,0.14285721320756778,0.14285709421338055,0.14285704785426717,0.14285722366569595,0.1428571209762138
1336,a7ae7738979203547fdc1dbf345fc208cd2294c694a42cf116c27588ea79f136,Healthy-Leaf(1399),4,0.9999999999999761,0.14285713582323048,0.14285713922036086,0.1428570908471644,0.14285717882057555,0.14285721311140911,0.14285708312668713,0.14285715905057253
1337,ccb6ba32597302209806cf43b34ab33f408878e01f118bfc7292e26754d7cf3f,Healthy-Leaf(1399),5,0.9999999999999811,0.14285714906491984,0.14285714606457076,0.1428571888261125,0.14285711107196314,0.14285708076978595,0.14285719564877628,0.1428571285538715
1338,5348cf92b79e8af2d00f11d50dabfe4f610ca36aa7cb125eb3360910858a2f1e,Healthy-Leaf(1399),4,0.9999999999999792,0.1428571363251251,0.14285713949618137,0.14285709440694086,0.14285717635854026,0.142857208284854,0.14285708719962473,0.1428571579287337
1339,142334358dbf81ed7049fd9a49b059ae9dc0f4f5591ebd5f10709e0649292cea,Healthy-Leaf(1399),5,0.9999999999999648,0.14285715141388314,0.14285714726257617,0.14285720635061927,0.142857098954876,0.14285705711649804,0.14285721578989669,0.14285712311165066
1340,105896e7bb36f08730a5b34e6cd524158adc1b4e3b93ccb76f848b918cdafc2f,Healthy-Leaf(1399),5,0.9999999999999517,0.14285715290193074,0.14285714802212546,0.14285721743436722,0.142857091290897,0.1428570421546611,0.1428572285288095,0.14285711966720893
1341,943f6307bf34c85d30019853e63a1093492dd162c0296561453c4e409a0960ac,Healthy-Leaf(1399),4,0.9999999999999801,0.1428571364760517,0.14285713956308083,0.1428570956172754,0.14285717552182392,0.14285720666138857,0.14285708860062493,0.14285715755975473
1342,e495d2b278ee0705d376d268405e63e50cdb738e225caa5d1870474d288ae4c5,Healthy-Leaf(1399),4,0.999999999999984,0.14285713716340906,0.14285713990715246,0.1428571008200693,0.14285717192494474,0.1428571996475253,0.14285709458527507,0.14285715595162407
1343,28947f311f4d37321902d251d78f2eb9c0ae0f27ac65a662c72298457d5a51a9,Healthy-Leaf(1399),4,0.999999999999973,0.1428571353707806,0.14285713899221852,0.14285708744372286,0.14285718117368015,0.1428572177018842,0.14285707921290008,0.1428571601048135
1344,d7ebd5fc7050fd66c2b5790804e69969f8aa2ab1a0888932e6a3e269e0f1df44,Healthy-Leaf(1399),4,0.9999999999999958,0.1428571401279796,0.14285714144397627,0.14285712271879222,0.1428571567827852,0.14285717006405438,0.14285711972988427,0.14285714913252806
1345,ae2663739c30afa28077162418270724977d656743f94de186b7d77dba1d7262,Healthy-Leaf(1399),4,0.9999999999999979,0.1428571410841182,0.14285714194011642,0.14285712976693546,0.14285715190902085,0.14285716054111444,0.14285712782294702,0.14285714693574764
1346,7d78f420df9754b8e9b54b5615c2d151417ac72f27adbe73a9e640154ba4a6bc,Healthy-Leaf(1399),5,0.999999999999987,0.14285714794753263,0.1428571454713183,0.14285718067460254,0.14285711670832732,0.14285709179473283,0.14285718630398664,0.1428571310994996
1347,4c7c53c604850023ba69ccaf391453a70dbaa9218ca5d7d203c961ebf7313db5,Healthy-Leaf(1399),4,0.9999999999999778,0.14285713606337638,0.1428571393555145,0.14285709251877896,0.14285717766428968,0.1428572108410376,0.1428570850363059,0.14285715852069686
1348,578143f7da08cc772997648d8c33255abde8e2969ff389b6862891a4fa594c6c,Healthy-Leaf(1399),4,0.9999999999999705,0.14285713499196193,0.14285713878949277,0.1428570847099505,0.1428571830643149,0.14285722140257728,0.14285707607949097,0.1428571609622117
1349,5a5914589c3962b06c9a1dfea64ccea0245d999eb2e2ec1ac38db4cee0596121,Healthy-Leaf(1399),5,0.9999999999999931,0.14285714648419812,0.14285714474183708,0.14285716959583414,0.14285712436791975,0.14285710672910196,0.1428571735557869,0.14285713452532206
1350,8a934cbf7206e3f55b3f8be0ccb7653cf1b67ede2f455cc9b522fb3b5be068f5,Healthy-Leaf(1399),4,0.9999999999999837,0.14285713707186334,0.1428571398608928,0.14285710013523276,0.14285717239849474,0.142857200571558,0.14285709379764772,0.14285715616431072
1351,386063391d3e4f1be7137aaed1f0fa6429bb20d5d83925415f41bf85fbe0f2c5,Healthy-Leaf(1399),5,0.9999999999999991,0.1428571434874729,0.14285714319651552,0.14285714739172614,0.14285713972113534,0.14285713671678277,0.14285714805232028,0.14285714143404704
1352,69f8dca31ffa22be2e4ba157a66229dc6fa1c482eb037ce9475fdffa4eedaca4,Healthy-Leaf(1399),4,0.9999999999999722,0.142857135262723,0.14285713893342156,0.14285708666758215,0.14285718171036865,0.14285721875312707,0.14285707832456662,0.14285716034821094
1353,73a7d9bee607dbe555600cb6b01061f83d5ad24eb71af4550e3d272351e4071c,Healthy-Leaf(1399),4,0.9999999999999891,0.14285713819598947,0.14285714044032968,0.1428571084609104,0.1428571666415265,0.1428571893270604,0.14285710336105858,0.14285715357312506
1354,3f7a13df2bcba95022eed68bdb93888544849e04a29746795da1e8f23d079f9e,Healthy-Leaf(1399),4,0.9999999999999959,0.142857140101777,0.14285714141841882,0.14285712262613218,0.1428571568470481,0.14285717020152,0.14285711963538555,0.14285714916971826
1355,5e015c8545c0ce82eb75040322cea825589c44d60dfb1b31e2193700a976a93b,Healthy-Leaf(1399),4,0.9999999999999771,0.14285713599651714,0.14285713931179034,0.14285709210678366,0.14285717794942715,0.1428572114074536,0.1428570845718808,0.1428571586561472
1356,32615c1d5368f616a85ca41320a18d1ee4ca9cff31e9f831c3882101322b1875,Healthy-Leaf(1399),5,0.999999999999949,0.1428571532185362,0.1428571481976379,0.14285721965265133,0.14285708975633774,0.142857039143947,0.14285723106621834,0.14285711896467143
1357,aed3e27184778bbdb0733122fd347773f1eb2d22ba77584ca0601eebe6dcd663,Healthy-Leaf(1399),4,0.9999999999999756,0.14285713572451528,0.142857139169265,0.1428570901099773,0.14285717933016112,0.14285721410650437,0.14285708228063895,0.14285715927893805
1358,0d2bc69faf3cdef47815b72016f6c9cf00d4de4b7ef7ef5cd9a84709008c3562,Healthy-Leaf(1399),4,0.999999999999972,0.14285713523785104,0.14285713892104662,0.14285708647557557,0.1428571818430399,0.1428572190116311,0.1428570781038509,0.14285716040700497
1359,873acbe4814f9e809ec24489454ea89fb4f9efaeac70c237e4c2a114e0efd08e,Healthy-Leaf(1399),5,0.999999999999994,0.1428571461747482,0.14285714456860935,0.14285716745841578,0.14285712584691682,0.14285710963357376,0.14285717111158158,0.14285713520615448
1360,28053c1e2f85fc2ec7caf97bf7f43a3b1aab1ad648d6ea952aea645d184ce001,Healthy-Leaf(1399),5,0.9999999999999988,0.14285714390452844,0.14285714339498942,0.1428571506595421,0.14285713746262507,0.1428571323240577,0.14285715181963043,0.1428571404346268
1361,016900944867201a00de11d6148886cdc6438d692e32266169d5bdb3057fbbf9,Healthy-Leaf(1399),4,0.9999999999999755,0.14285713572580633,0.14285713917468823,0.14285709008133818,0.14285717934992923,0.14285721414049796,0.14285708224290702,0.14285715928483314
1362,9bb21b7d91cb9fcf0573e033092c83b710d23c7e99e3541cc5956c276adead76,Healthy-Leaf(1399),5,0.9999999999999932,0.14285714642857716,0.1428571446908404,0.1428571693919633,0.1428571245096663,0.14285710702920415,0.14285717334234915,0.14285713460739957
1363,5d81a5a149e30142928db9ae55a48aaa00c414512d9af667bd5e086be2dfa826,Healthy-Leaf(1399),4,0.999999999999968,0.14285713466553213,0.14285713861586913,0.14285708233155572,0.14285718470886735,0.14285722461970796,0.14285707335321732,0.1428571617052503
1364,c2566d5bb08d3637ec33f72b82347173434d8357c372beed34a8c308d45da91d,Healthy-Leaf(1399),4,0.999999999999999,0.1428571419653475,0.1428571423887427,0.14285713635773958,0.14285714735211033,0.14285715164697604,0.14285713539799438,0.14285714489108953
1365,2e97afccc322d9957b41253bf73a89ed44006e0c985180c2cee1d2c5b2a39908,Healthy-Leaf(1399),5,0.9999999999999906,0.14285714712557923,0.14285714504181743,0.14285717465933004,0.1428571208683073,0.142857099926967,0.14285717939863513,0.14285713297936378
1366,fa62203c98f5f2fed6a0c5ef1dc089a95523d44e420400e020c45bea33623a20,Healthy-Leaf(1399),5,0.9999999999999908,0.14285714710003133,0.1428571450367181,0.14285717439718618,0.14285712104933615,0.14285710027229634,0.14285717908987305,0.1428571330545588
1367,dfcce2e6fb35394aec2b6eee3107b63371571dd46928c654547e60b041f9525a,Healthy-Leaf(1399),4,0.9999999999999977,0.14285714102237956,0.14285714190234253,0.14285712934621575,0.1428571521997476,0.1428571611140838,0.1428571273464929,0.14285714706873784
1368,526e897f3ca88e844959c15764960a6e90e3b831b1c3cd529edb776acb40df7c,Healthy-Leaf(1399),4,0.9999999999999906,0.1428571385294854,0.14285714061090163,0.14285711094375245,0.1428571649247718,0.14285718597527297,0.142857106214204,0.1428571528016117
1369,be1f15920570c6d8cdb0308165f96b929ad4d0bf1dd031efb679b49437567dbd,Healthy-Leaf(1399),5,0.9999999999999746,0.14285715010388675,0.1428571465872003,0.1428571966065561,0.14285710569171872,0.1428570702727303,0.14285720460025217,0.1428571261376557
1370,8c0d5d64e8b8d7a30aa6264c5eca187f2b079a56b1eba62b87ed6aaa787f4711,Healthy-Leaf(1399),5,0.9999999999999617,0.14285715180911804,0.14285714746730477,0.1428572092560352,0.1428570969455671,0.14285705319018374,0.14285721912715404,0.14285712220463712
1371,c1504bda16d5b9f90381cbcb36a25af8404cad6a308307f3def63c0752abcd86,Healthy-Leaf(1399),4,0.9999999999999717,0.1428571351999646,0.14285713891179788,0.14285708610010112,0.1428571821023333,0.14285721950740565,0.14285707766293523,0.14285716051546207
1372,1409aa27b1a1ed55be1e6501dd040b73160896e27417b8e90147386ac6899b8e,Healthy-Leaf(1399),4,0.9999999999999868,0.14285713769720915,0.14285714018442772,0.14285710474884558,0.14285716920813601,0.14285719433851352,0.1428570990964812,0.14285715472638696
1373,21b875bb59b9458cdef208f58b677bfdc5c843c7f7f017bcca9f60db40fc42d3,Healthy-Leaf(1399),4,0.9999999999999992,0.1428571426903103,0.1428571427749201,0.1428571415644572,0.14285714375040834,0.1428571445966886,0.14285714137023098,0.14285714325298446
1374,453e6e4f1f02265d11801e7cb29a7329bb144d3ddd0039e5c3b7a6cb89e5c4fe,Healthy-Leaf(1399),4,0.9999999999999897,0.14285713835158065,0.14285714051897608,0.14285710962296236,0.14285716583795863,0.14285718775889125,0.14285710469762586,0.14285715321200518
1375,6412f6949b06acd56571be057c3939be90d046df3aa518742eb0116b041c19d0,Healthy-Leaf(1399),5,0.9999999999999744,0.14285715013823927,0.1428571466104678,0.1428571968192773,0.14285710554465061,0.14285706998020936,0.14285720483874553,0.14285712606841014
1376,eff6e414aa2c03081c5111e0cffbdc765f2f96987fa6ae948905abbcc93e42da,Healthy-Leaf(1399),5,0.999999999999996,0.1428571454235831,0.1428571441675686,0.1428571620185042,0.14285712960882868,0.14285711699541537,0.14285716487618796,0.1428571369099121
1377,4523f17db248d52028b5b4afc2da47c5fccc3ff1a8b0e9f1752429bbf3e70765,Healthy-Leaf(1399),5,0.9999999999999759,0.14285714991061574,0.14285714648965642,0.14285719517601272,0.14285710668125645,0.14285707220436736,0.14285720295374352,0.1428571265843478
1378,23b170af05e9a7d5d7d80b8c223a71066c73b225680012eb32fba8088b06a1cf,Healthy-Leaf(1399),5,0.999999999999984,0.14285714856832,0.14285714579446535,0.14285718527391453,0.14285711352858094,0.1428570855824082,0.14285719158202562,0.1428571296702854
1379,94a3cf6cf771e7d1c55be706775cabfc2bafb2af2f7ce7bbbf669985d2f73ae4,Healthy-Leaf(1399),4,0.9999999999999893,0.14285713831528232,0.14285714052759377,0.1428571091044388,0.142857166195654,0.142857188429412,0.14285710407626687,0.14285715335135216
1380,3041c981f24f0e93a1834dfe6e822d6dcf279f88a00b3bec8ba580943e3dbb93,Healthy-Leaf(1399),4,0.9999999999999606,0.14285713375684247,0.14285713815207934,0.14285707556279315,0.1428571893892063,0.14285723375674503,0.1428570655736304,0.14285716380870328
1381,c4435e7582655eb98e1dd59f22473e1d850cf5f109c5cf2148973b3dadf0898e,Healthy-Leaf(1399),4,0.9999999999999712,0.14285713513137982,0.1428571388741915,0.14285708561419724,0.14285718243842774,0.14285722016623537,0.14285707710681653,0.14285716066875187
1382,36eb4963f1939d9c541d168e326d63ee016ba1a515d6f5a81d7d22e48d26168f,Healthy-Leaf(1399),4,0.9999999999999921,0.14285713902497665,0.14285714086413318,0.1428571146395419,0.1428571623694326,0.1428571809867833,0.14285711046106678,0.14285715165406546
1383,85d1b4c84b0e3285410983410b2680307a170a6ace3201c86fe5ca5757249888,Healthy-Leaf(1399),4,0.99999999999997,0.1428571349461103,0.14285713877334935,0.1428570842953036,0.1428571833506668,0.1428572219537489,0.14285707559658398,0.14285716108423718
1384,18f368862a0ffec1d7fc6dd1db68bc80ce6210c1d70bc450e416eb553b8b55a8,Healthy-Leaf(1399),5,0.9999999999999943,0.14285714611792322,0.14285714453511067,0.14285716705050552,0.14285712612857113,0.14285711018669492,0.14285717064868145,0.1428571353325131
1385,0460bb3f05d749e54167aba7eda89de42d44552ea84dfab4b20456476dd4a7bb,Healthy-Leaf(1399),4,0.9999999999999676,0.14285713464943484,0.14285713861854799,0.1428570821055501,0.14285718486466795,0.14285722491237157,0.14285707308371293,0.14285716176571447
1386,1fbc51433b6009351df8ae7a3145c51e954e8821b7ddd086a7060124d17f9ef8,Healthy-Leaf(1399),4,0.9999999999999927,0.14285713912737869,0.14285714093175028,0.14285711524778127,0.1428571619480881,0.14285718014774482,0.14285711114673266,0.14285715145052416
1387,4aaa160972836eeeb75db93ace2aef62b78f5a19c851dd90a87b5ba58e15b8b4,Healthy-Leaf(1399),4,0.9999999999999964,0.14285714039454392,0.14285714157843907,0.1428571247072583,0.14285715540765082,0.14285716738044713,0.14285712201757536,0.14285714851408524
1388,82265e8fd4dc2b3310af53b86426f9e2f7ac38347e1a660c51d221d1ef08a288,Healthy-Leaf(1399),4,0.9999999999999992,0.1428571423543657,0.14285714258595694,0.14285713926613536,0.1428571453410877,0.142857147722262,0.1428571387420656,0.14285714398812674
1389,6f4155ff233403b6e911ac65553ce8a777ef7e187e6383fc8235481a2ae069f4,Healthy-Leaf(1399),4,0.9999999999999962,0.1428571404189038,0.14285714160428048,0.14285712476416837,0.14285715536783353,0.1428571672888897,0.14285712207058462,0.14285714848533934
1390,5c44361293efe4022a169bc9d60a9e09523ecc6c5ea85c5d5f108b5c54109406,Healthy-Leaf(1399),5,0.9999999999999991,0.14285714342042546,0.14285714314304185,0.14285714707438124,0.14285713994128446,0.14285713716661375,0.14285714770521188,0.14285714154904133
1391,3b765f4c0b95dcdc4cdcd4e3961b473fc2811343777e5b732a0759d9d10ab5c8,Healthy-Leaf(1399),5,0.9999999999999986,0.14285714401179828,0.1428571434598155,0.14285715134459112,0.14285713698817143,0.14285713138631093,0.14285715259903478,0.142857140210278
1392,af8455b6242c57f1ca4cebd9b726071775b0f764eeba51faa277c1ea42916d5d,Healthy-Leaf(1399),4,0.9999999999999928,0.14285713914205997,0.14285714093576285,0.14285711539384846,0.14285716184728925,0.14285717995485486,0.14285711131754528,0.14285715140863942
1393,c1dc9ae50ca985d3db25c063db27136a48602132ecfd6fe6d40478933f8c1b68,Healthy-Leaf(1399),4,0.9999999999999661,0.14285713442095088,0.1428571384995072,0.1428570804382516,0.1428571860178741,0.14285722716684998,0.14285707116884977,0.14285716228771647
1394,f759eaa4dc97f6123f8df916dec261e67ac81b06f81ddbcc472fd496bbb7136b,Healthy-Leaf(1399),5,0.9999999999999776,0.14285714965965093,0.14285714636943514,0.14285719322193274,0.14285710803191384,0.14285707483243426,0.1428572007013412,0.14285712718329177
1395,85a25cdf0ee20226068076487bfe6d174b5293cc5803823b8f5c62cde76ac1f7,Healthy-Leaf(1399),4,0.9999999999999821,0.1428571368180464,0.14285713973936864,0.14285709814385306,0.14285717377463164,0.14285720324848955,0.1428570915032194,0.14285715677239122
1396,45748bc182ee1f1236f94aeac58e4b6c5731627ea2ef1ec34e1e4977568318ce,Healthy-Leaf(1399),4,0.9999999999999913,0.14285713873578948,0.14285714073532807,0.14285711230394832,0.1428571639836168,0.1428571841183215,0.14285710775975244,0.14285715236324337
1397,406ba671f2a95fd7918a9c5735bc74d7a4103cb7350af4c96154c946b2177415,Healthy-Leaf(1399),4,0.9999999999999992,0.14285714244110576,0.14285714263676125,0.14285713984920348,0.14285714493764498,0.14285714692781248,0.1428571394063283,0.14285714380114378
1398,16ed866e2a5a427a5a45a7518a49c1f02ee249afc85497eb0d844298f4aed6e1,Healthy-Leaf(1399),5,0.9999999999999959,0.1428571455080669,0.14285714422436127,0.14285716252123964,0.14285712926075408,0.14285711630180925,0.14285716544132354,0.14285713674244538
1399,f59d28d7868f228878ef4716ef62b22a444a0dccca71f09b7fe435d9ea68cb51,Healthy-Leaf(1399),5,0.9999999999999988,0.14285714397389354,0.1428571434278872,0.14285715119644454,0.14285713709140743,0.14285713160173613,0.14285715243922287,0.14285714026940835
1400,2231ea747d2599e12e5101630c6f7d7ca3487c2cd907c5ea2560a2631eef8956,Healthy-Leaf(1399),4,0.9999999999999921,0.14285713893089302,0.14285714083158285,0.1428571137802885,0.14285716296273862,0.14285718212831908,0.14285710946017005,0.14285715190600792
1401,d077fee6fde559ee5909c5f081cc5462c78ea11ce9595a8b351aaa5957603132,Healthy-Leaf(1399),4,0.9999999999999962,0.14285714029954474,0.1428571415271096,0.14285712401772946,0.14285715588435435,0.1428571683136021,0.14285712122826516,0.14285714872939456
1402,b8d2efa7e4b7c195aaceea0ad2f6eac676c27d61ed828a7bb6c9b49e5112b806,Healthy-Leaf(1399),4,0.999999999999987,0.14285713777112277,0.14285714024946725,0.14285710504152974,0.14285716900472803,0.1428571939131217,0.14285709940787364,0.14285715461215692
1403,5fcf8d55071e12cec311f4845bffed976eca1eda4048d036e323a7f12e6d0616,Healthy-Leaf(1399),4,0.9999999999999954,0.1428571399831695,0.14285714136510824,0.14285712165210107,0.1428571575198188,0.1428571715061888,0.14285711851077496,0.1428571494628387
1404,1a2b52cc189dcffcb5017580c93cb9026482c975eaf9d93ce90bc62a8d7d73f2,Healthy-Leaf(1399),4,0.9999999999999833,0.1428571370487905,0.14285713986635615,0.1428570997836256,0.14285717264061804,0.14285720102546942,0.142857093378901,0.1428571562562393
1405,d2f672ceacf03cf28dfe300f5e42055d49f09d2190d1fbda2aad55321bae4e8e,Healthy-Leaf(1399),5,0.9999999999999512,0.14285715296738888,0.14285714806686103,0.14285721781930297,0.1428570910243996,0.1428570416228177,0.14285722896055417,0.14285711953867558
1406,5f3c00f728a5b3852a0578a0a6e0c56cb386d5ae03b6f717a4b85f73e73321e2,Healthy-Leaf(1399),4,0.9999999999999971,0.14285714074183348,0.14285714176956157,0.14285712714024956,0.14285715372432253,0.14285716407864735,0.14285712480276858,0.14285714774261696
1407,62d68398663e9f36020547b4792ec776be8696f4767185f8dc3c68b288b51d5e,Healthy-Leaf(1399),5,0.9999999999999717,0.1428571505421959,0.1428571468381499,0.14285719963044777,0.1428571036001418,0.14285706616200755,0.1428572080496842,0.1428571251773729
1408,c20dca7de3f31e9ac40ad4aa9265035004f1d6259e185671ca5b6d7778a355cf,Healthy-Leaf(1399),5,0.9999999999999714,0.14285715059092385,0.142857146849266,0.14285720012058878,0.14285710326168685,0.1428570655153993,0.14285720862578283,0.14285712503635245
1409,09a1d934c26cca911ae7658fe14c81576917a4982db92acb78b0cdcd9b24617f,Healthy-Leaf(1399),4,0.9999999999999655,0.14285713436235473,0.1428571384816756,0.14285707987968263,0.14285718640348719,0.14285722790667202,0.14285707051634877,0.14285716244977903
1410,00375a6242a41f1c366417ead3f8c153c813822343f70b8600f1a19870f8aa6b,Healthy-Leaf(1399),4,0.9999999999999992,0.14285714260271276,0.14285714273631492,0.14285714087191037,0.14285714422941814,0.14285714552644344,0.14285714056750365,0.14285714346569678
1411,c4bc166e4fd39ed7b6898e752d0611fc0233e0ff27985d8cdc8ca9b1fe86a816,Healthy-Leaf(1399),4,0.9999999999999959,0.14285714023865095,0.14285714153092186,0.14285712324067154,0.1428571564204794,0.1428571693242929,0.14285712030282338,0.14285714894215984
1412,80b53a4b6608f623c6a61eb0004a9789ebdce2a0472eee1c99901225a6a6a5e7,Healthy-Leaf(1399),4,0.9999999999999757,0.14285713574380207,0.14285713918630158,0.14285709018100398,0.1428571792806828,0.1428572140021813,0.14285708235600744,0.1428571592500208
1413,13a615a7fb97ee05cb64d8e1d3c47eaa7f3c5758cac0d83ce6b9ccabfdea4fdd,Healthy-Leaf(1399),4,0.9999999999999983,0.14285714142694486,0.14285714213750558,0.14285713210176917,0.14285715029359172,0.1428571573637194,0.14285713048643306,0.14285714619003628
1414,274853820134db4c0c89975bc8df8750a4e8f8c96fb0a7f26e39e093e0cc8804,Healthy-Leaf(1399),4,0.9999999999999785,0.14285713620412738,0.14285713944228948,0.14285709341325306,0.14285717704496498,0.14285720961578666,0.14285708605156527,0.14285715822801306
1415,c26a50ddf84672fc5fe8e8c626844580c6bc4380f0608ecae8b65a923136f56a,Healthy-Leaf(1399),4,0.9999999999999741,0.14285713553124585,0.14285713908959138,0.14285708848986292,0.1428571804496733,0.14285721627224873,0.1428570804013053,0.14285715976607247
1416,6c2dc1ee21b7922c6faee5a23b9c5ced0b7697b54523c8f046b97a04b6682680,Healthy-Leaf(1399),4,0.9999999999999727,0.14285713531378003,0.14285713896170005,0.14285708701058838,0.14285718147276452,0.1428572182861009,0.14285707871787565,0.1428571602371905
1417,69f49ea101038aeda8f74badaad52a2906f5b326581eae4a218ad6827df8c402,Healthy-Leaf(1399),5,0.9999999999999504,0.14285715309680105,0.14285714815207465,0.14285721857551256,0.14285709050023163,0.14285704057818244,0.14285722981397436,0.14285711928322337
1418,c0c0083cc7691f32ed24479715e0b43052fc48f65cea0d465607760f0348e1c6,Healthy-Leaf(1399),4,0.9999999999999987,0.14285714164249205,0.1428571422272678,0.14285713388815194,0.1428571490589166,0.14285715497383944,0.1428571325588259,0.14285714565050628
1419,4e06f920354bb12233ffec2ac3f3313164179469f09d10e2c1e0e5a469b130c9,Healthy-Leaf(1399),4,0.9999999999999681,0.14285713470719982,0.1428571386536896,0.14285708249211887,0.14285718459736912,0.1428572243851621,0.14285707352216107,0.14285716164229936
1420,916c130743a5d89ccd1fca5190ec648ce32ab28999711df4883afa139fbbc5c2,Healthy-Leaf(1399),4,0.9999999999999613,0.14285713383960208,0.14285713819668913,0.1428570761380483,0.1428571889909548,0.1428572329758352,0.14285706623389036,0.14285716362498024
1421,2183f2d3795b8104468ee76dc3a698aa1964ee36363ac9fdad574c321e80e50c,Healthy-Leaf(1399),4,0.9999999999999961,0.14285714018118711,0.14285714147826073,0.14285712303518755,0.142857156563479,0.14285716962786296,0.1428571200878513,0.14285714902617144
1422,3f7627c5205ca3931aa2ba6ce99623dccfb0180567a692841942946ac13acfdd,Healthy-Leaf(1399),4,0.9999999999999888,0.14285713815989137,0.1428571404381209,0.1428571080399476,0.1428571669320189,0.14285718987743554,0.1428571028623112,0.1428571536902744
1423,932143d9f480f01665776ffb011c8d1952a1cfa0fe6226e96ec7f654cc1ce867,Healthy-Leaf(1399),4,0.9999999999999769,0.1428571359664956,0.14285713931179275,0.1428570917268819,0.14285717821130506,0.14285721190209844,0.14285708412199136,0.1428571587594349
1424,d2ed80782aeb6c2230192db7c13b63a52c740015466a8105adce5e31625e3dcb,Healthy-Leaf(1399),4,0.9999999999999599,0.1428571336993314,0.1428571381264575,0.14285707508283357,0.14285718972059602,0.14285723439898096,0.14285706501967896,0.14285716395212156
1425,5ec76f3d3628bcd7e3efb203a73370fd8fd36a7071f057d35a03309383ea5313,Healthy-Leaf(1399),4,0.9999999999999789,0.14285713625362728,0.14285713944841347,0.14285709396002064,0.14285717666755535,0.14285720889873357,0.1428570866976761,0.14285715807397356
1426,7426d704bb4f26a7e421bf622e2d8d3d77da5a01a645c18841dd9b82573152f4,Healthy-Leaf(1399),4,0.9999999999999905,0.14285713849080972,0.14285714059606502,0.14285711060154038,0.14285716516104738,0.14285718643107836,0.14285710581692285,0.14285715290253626
1427,a0e9ee141ef417434b60aa52aa4f57873defd6c04fbf976f71ff6cb08ca293da,Healthy-Leaf(1399),5,0.9999999999999976,0.14285714469440464,0.1428571438138479,0.1428571563978429,0.14285713349429266,0.14285712456080413,0.1428571584002791,0.14285713863852867
1428,9f74b8bcbdd1104a2ff9fcb14f04771879247b9e9805f04365b9f0a37000ebbe,Healthy-Leaf(1399),5,0.9999999999999684,0.14285715100500063,0.14285714707302336,0.14285720308676653,0.14285710121020379,0.14285706149754343,0.14285721202361604,0.1428571241038463
1429,26fdaa3e8017da4418c510c9fbf7d7f451f7ac59271832edc0d4cfe6f5daf3eb,Healthy-Leaf(1399),5,0.9999999999998429,0.1428571611548146,0.14285715231345392,0.14285727821977523,0.1428570492584083,0.14285696001873607,0.14285729831546873,0.14285710071934316
1430,44bbb532917a875f6d938fa646666f0ae3d724193d7f733d2210549a0549c98f,Healthy-Leaf(1399),4,0.9999999999999989,0.14285714198418953,0.14285714242326958,0.14285713625163163,0.1428571474243172,0.1428571517614792,0.1428571352539957,0.14285714490111723
1431,57f5c61b570fb878b19aae25ef36e91d39376a545f71ca4024417ab3e27186b4,Healthy-Leaf(1399),5,0.9999999999999495,0.1428571531970823,0.14285714820202564,0.1428572193558634,0.14285708996114355,0.14285703952825263,0.14285723071052642,0.1428571190451061
1432,90921757430cf4c4afaa4d6ac67480189e24342e17f9088ccc1eb69f036ce70f,Healthy-Leaf(1399),5,0.9999999999999987,0.14285714403781016,0.14285714346322556,0.14285715162218382,0.1428571367964025,0.14285713102170325,0.14285715292773188,0.1428571401309429
1433,2e100b87dba9af8b367280dc285b30dd143b5c26024ec207a04132eeb002fcf4,Healthy-Leaf(1399),4,0.9999999999999885,0.1428571381072834,0.1428571404204962,0.14285710755269926,0.14285716726841297,0.14285719052412402,0.14285710229441895,0.14285715383256523
1434,4d23275432216cff64559cf4ac48da72b185912df5a6a3105f329d056906f6dd,Healthy-Leaf(1399),4,0.9999999999999956,0.14285714006208458,0.14285714142006037,0.14285712211422535,0.14285715719999567,0.14285717086732685,0.14285711902762208,0.14285714930868504
1435,a8755a5ad13ddacb5ee7436f1fd7c9d6a84b61927f160cdcdcde8f0f10572af7,Healthy-Leaf(1399),4,0.9999999999999707,0.14285713504905434,0.14285713883063023,0.14285708501908018,0.14285718285005516,0.14285722097169032,0.14285707642399212,0.14285716085549766
1436,e537a7af3eb42d364a7310108dfa2030905713ffa57ec3086be17151b9e5e969,Healthy-Leaf(1399),4,0.9999999999999807,0.14285713656154184,0.14285713962048502,0.1428570961339497,0.14285717516425409,0.14285720594959786,0.142857089181179,0.14285715738899255
1437,7b0a5590a675d382a44ba7903ccce13042893578186724602af135ca4616e9a5,Healthy-Leaf(1399),5,0.9999999999999714,0.14285715058769963,0.14285714685365042,0.14285720006182484,0.1428571033025728,0.14285706559008643,0.14285720855120798,0.14285712505295792
1438,44763205a4c5398e75fa02fbc715eae287368fb9a4b648158224cf390c53a915,Healthy-Leaf(1399),4,0.9999999999999846,0.14285713724172155,0.14285713995580546,0.1428571013015355,0.14285717159128894,0.14285719898608384,0.14285709513204264,0.14285715579152208
1439,283541fe693417e3e3375ca546242e425e0bb28359ada45fa340b68d0a7ed09b,Healthy-Leaf(1399),4,0.9999999999999698,0.14285713494465713,0.14285713878407966,0.142857084171736,0.14285718343557793,0.14285722210745147,0.14285707544436804,0.1428571611121295
1440,13cd4c4dbcf3e9cee8d049d32c80b309a20b7d1dce15f9bfc18d5184a57c484b,Healthy-Leaf(1399),4,0.9999999999999969,0.14285714064144775,0.14285714171663833,0.1428571264176298,0.14285715422424122,0.14285716505683688,0.1428571239731434,0.14285714797006266
1441,6b8944a330e7f4cd4442ff040c64350d1876b72338b857c1b4ece4681b4e519c,Healthy-Leaf(1399),4,0.9999999999999841,0.14285713715134274,0.14285713991934768,0.14285710055102285,0.14285717211017024,0.14285719998977106,0.14285709425965018,0.14285715601869545
1442,b7dc230390e7af21007b5e4487371ad70ff8f103a5067dc861198befff28b862,Healthy-Leaf(1399),5,0.9999999999999595,0.14285715211666253,0.14285714765269028,0.1428572112554049,0.14285709556152784,0.1428570504575055,0.14285722140065782,0.14285712155555108
1443,ad136fe0216df4bc465d6591bec356bf483e2b6580d778f948cabab60d1f91e5,Healthy-Leaf(1399),5,0.9999999999999982,0.14285714433691238,0.14285714361546537,0.1428571538646357,0.14285713524606722,0.14285712799612718,0.1428571555047378,0.14285713943605438
1444,239220055ff863c5447425639ee5303a70e00af713d5d8aa03148cbdfae723d6,Healthy-Leaf(1399),5,0.9999999999999721,0.14285715045904862,0.1428571467840549,0.14285719909479522,0.14285710397040552,0.14285706689558875,0.1428572074464963,0.14285712534961073
1445,a62e6ac29bb5bddc497cb2a0844068aa00436da4575bd57822d7b6b95fe65bef,Healthy-Leaf(1399),4,0.999999999999931,0.14285713078489143,0.14285713662084604,0.1428570535138919,0.1428572046347153,0.14285726353187306,0.14285704024831167,0.14285717066547057
1446,13c8a1443b42a222b94bff78f2df5c5f36a5499d3436fdf777c2090e7149f401,Healthy-Leaf(1399),4,0.9999999999999912,0.14285713864818436,0.1428571406794415,0.1428571117346711,0.14285716437719923,0.14285718489711238,0.14285710711718688,0.14285715254620454
1447,be82f6b6ce481a2474b7cd02d4da19d22e9e933cdaf09194f5b843f720180454,Healthy-Leaf(1399),5,0.9999999999999944,0.14285714608172947,0.14285714450730755,0.14285716686394107,0.14285712625781324,0.14285711044845634,0.14285717044314916,0.1428571353976032
1448,a891dd9c28e0b6de5bc0755564fea4880302d0cc4736901915d44e8174fce460,Healthy-Leaf(1399),4,0.9999999999999971,0.14285714067604896,0.1428571417175123,0.14285712683562832,0.14285715393588738,0.1428571645113849,0.14285712446880486,0.1428571478547334
1449,a8d75bee0a9059502a0fd377cd5c08a31390c4f5810822d0130baae463f1e291,Healthy-Leaf(1399),5,0.999999999999894,0.1428571578461259,0.14285715058409815,0.14285725395110552,0.14285706604063983,0.14285699282319375,0.14285727046015284,0.14285710829468407
1450,c5100bc6fc72bb390f38fa077c7a26c39321af68fb2d7cff5df0db1ea62a3dde,Healthy-Leaf(1399),4,0.9999999999999853,0.1428571374105658,0.14285714004012862,0.1428571025792812,0.14285717070790177,0.14285719726355553,0.1428570966021262,0.14285715539644092
1451,c1390cffaa57bae8f07cbf62fc440c80d1d187bbd29db9e5eb0ce2f49f8f2fcf,Healthy-Leaf(1399),4,0.9999999999999981,0.1428571413081187,0.14285714205771363,0.1428571313810407,0.14285715079231834,0.14285715835636806,0.14285712967668648,0.14285714642775416
1452,b9963c4ce5b7d841bd7d7c16ed76b4674c9c2e72c99a21e312d7908c69235de2,Healthy-Leaf(1399),4,0.9999999999999915,0.14285713875079428,0.14285714073175465,0.14285711250092256,0.14285716384740024,0.14285718386296203,0.14285710799782406,0.1428571523083422
1453,194b1712e818971315a58f2e7e009b67eab6ea70da956cbc2e78d817e124510a,Healthy-Leaf(1399),4,0.999999999999982,0.14285713677518377,0.14285713972060646,0.1428570978047601,0.14285717400918813,0.1428572037036473,0.1428570911099856,0.14285715687662864
1454,0b71cfea5a7cae7a5da67fd04434287971a9ba1a2c741a57d34fbccfe20b5608,Healthy-Leaf(1399),4,0.9999999999999878,0.1428571378933135,0.14285714029434993,0.14285710610717683,0.1428571682683291,0.1428571924931284,0.14285710064930474,0.1428571542943976
1455,bc00c2adf9964cc2fb360cf41bd089c738092da57ae7b6e829ac09bde7233bec,Healthy-Leaf(1399),5,0.9999999999999987,0.14285714382394385,0.14285714335091843,0.1428571500685351,0.14285713787101165,0.14285713312336848,0.14285715114428318,0.14285714061793917
1456,4a6a87be290827912f7d85153c9b73530e653cf62890e46b69076d55e26be140,Healthy-Leaf(1399),4,0.9999999999999986,0.14285714154779747,0.14285714219255508,0.1428571330574959,0.14285714963284094,0.1428571560803117,0.14285713159143928,0.14285714589755968
1457,aaaef9c9b75b46072c8e35c6e41289e800741e46dfc7ea8ee8871c97c58498e9,Healthy-Leaf(1399),5,0.9999999999999988,0.14285714389919135,0.1428571433971062,0.14285715055547388,0.14285713753402138,0.14285713245736814,0.14285715169682509,0.14285714046001396
1458,363e551c71d44b96cb88678c7dca93dc0e804c040e56c984c49d0a8a0831627d,Healthy-Leaf(1399),4,0.9999999999999992,0.1428571426819042,0.1428571427435845,0.14285714180751005,0.1428571435844152,0.1428571443034358,0.14285714167093833,0.14285714320821194
1459,1b1a55861d7a00ebea072a1e34737bf459256ddda9468913af8d18e17b317fc8,Healthy-Leaf(1399),5,0.9999999999999958,0.14285714555717197,0.14285714423996385,0.14285716295871925,0.1428571289582249,0.14285711572021006,0.1428571659539973,0.14285713661171268
1460,760bcb7d9c4aece818456d2488ad0d6a826b5349589146adf6b6639db1ee5d8f,Healthy-Leaf(1399),5,0.9999999999999967,0.1428571451549737,0.14285714402627656,0.14285716004260304,0.14285713097493305,0.14285711966599907,0.14285716261005532,0.14285713752515927
1461,3075da7b13d7582dd12c1c26f23f5d8bbb646dcb8244b329c5c839ab5adb8a13,Healthy-Leaf(1399),5,0.9999999999999871,0.1428571479264811,0.14285714545640427,0.14285718057519592,0.1428571167775942,0.14285709193531368,0.14285718619233095,0.1428571311366799
1462,c51ae25063a5ae3609c5788d2fa0b142ae0639fa92d433381e00f5b5b9988b24,Healthy-Leaf(1399),4,0.9999999999999841,0.1428571371765753,0.14285713992513233,0.14285710078279,0.14285717194969294,0.1428571996825529,0.14285709453408166,0.14285715594917484
1463,22285ac9dbcb963580937babfc3be0075b737c792487172ca1d2a92b720a6fcd,Healthy-Leaf(1399),5,0.9999999999999984,0.14285714411585887,0.1428571434880257,0.1428571523763991,0.14285713627609495,0.14285713002326506,0.14285715380624858,0.1428571399141078
1464,b6f816a5482e8c9af03832a25a945b8832e19152a801ece2cf8a72757746cf2a,Healthy-Leaf(1399),5,0.9999999999999812,0.14285714903117572,0.14285714602905278,0.14285718871970626,0.14285711114563343,0.1428570809312353,0.14285719554512058,0.1428571285980759
1465,6af4573442546e15f02f6a6dc45f1b8432b45515f61873278b1715b7fda6863b,Healthy-Leaf(1399),5,0.9999999999999887,0.1428571475972233,0.14285714528832757,0.14285717812301563,0.1428571184731876,0.1428570952455227,0.14285718337395215,0.14285713189877108
1466,592e093016cdae195af7da8295c3099297c962dc4627b8cdd50d26282fa29393,Healthy-Leaf(1399),5,0.9999999999999428,0.14285715381848005,0.14285714850034795,0.14285722418682426,0.142857086621945,0.1428570330302301,0.14285723627851823,0.14285711756365435
1467,01900f25ad9ac34d1051b16e7f7a54ee1387569ce8a3d4b3daf6b12064641798,Healthy-Leaf(1399),5,0.9999999999999791,0.14285714936682747,0.142857146186095,0.14285719138267922,0.1428571093054214,0.1428570773549524,0.1428571986169205,0.14285712778710405
1468,9004ec645eba53c083112aa75f1e8262aaa91ace7c72b188c922ebfa3d57e807,Healthy-Leaf(1399),5,0.999999999999962,0.1428571517570846,0.1428571474341704,0.14285720894642165,0.1428570971602337,0.1428570536170028,0.1428572187762263,0.14285712230886052
1469,1eafe0d8f1a4a328fe2278aa6d121793218fd61316c1d71eba200aa14aa9b602,Healthy-Leaf(1399),5,0.9999999999999419,0.1428571539150065,0.14285714855774428,0.14285722481392166,0.1428570861877081,0.14285703217324683,0.1428572369928665,0.14285711735950615
1470,399cd83deacdf6301773d0edb8ba4e5e997216763a8c3bee161eda04a42afcfc,Healthy-Leaf(1399),5,0.999999999999991,0.14285714699268512,0.14285714496880908,0.14285717369767936,0.1428571215330092,0.14285710122897716,0.14285717829952754,0.1428571332793126
1471,81ab2330f99a9b234f6bcf8d1b35e3fec9f9ad773aacfefed4d2693a899c4e2f,Healthy-Leaf(1399),5,0.9999999999999556,0.1428571524732672,0.14285714779643788,0.14285721431414924,0.14285709344882583,0.1428570463749985,0.14285722494841624,0.14285712064390507
1472,d80333574ab436cbf0cde4d2038cee3fd6ac52e167eafe76d2daccda07fbc34a,Healthy-Leaf(1399),5,0.9999999999999616,0.14285715178987252,0.14285714743995168,0.1428572092966577,0.14285709691852366,0.1428570531566419,0.14285721918861724,0.1428571222097352
1473,b7ade6c03016d9611ddcc9395d1a782cd8c18f4e109b9ce12eb5bf13c1021c13,Healthy-Leaf(1399),5,0.9999999999999971,0.14285714504124913,0.1428571440040437,0.14285715885318848,0.14285713179594758,0.14285712123132402,0.14285716121050682,0.14285713786374038
1474,246d8f99841b799147dd557550d1b31c9597fd7ed80a626a3ac3fda1647f8ea7,Healthy-Leaf(1399),5,0.9999999999999605,0.14285715190721546,0.14285714750750292,0.14285721009661134,0.14285709636506005,0.14285705206809568,0.14285722010115467,0.14285712195435984
1475,025ea225cfa086f752b9e1970cb61a0e046eb5bb011c6a3626262a6ddd2e1082,Healthy-Leaf(1399),4,0.9999999999999954,0.14285713995399216,0.142857141336227,0.14285712159389038,0.14285715756115475,0.14285717160293476,0.14285711845485993,0.142857149496941
1476,5f9cdde3ff1188db9df309d3a1297adecd116ea84229bae770e2844ca2488dac,Healthy-Leaf(1399),5,0.9999999999999843,0.14285714844702155,0.1428571457215564,0.14285718447884752,0.14285711407884402,0.14285708666838454,0.14285719067797867,0.14285712992736738
1477,8d449fe54b29f50c31949640a920585f5ad8f09da864593a64a6a650e8fbcd13,Healthy-Leaf(1399),5,0.9999999999999754,0.14285714997418264,0.14285714649727016,0.14285719587669146,0.1428571061975375,0.14285707128552544,0.1428572037822656,0.1428571263865273
1478,fb8f7e18bec29a68677b1129f44946bb0d5719f4bc9913c1b45021f204d3cf47,Healthy-Leaf(1399),5,0.9999999999999759,0.14285714989469653,0.1428571464662918,0.14285719520831697,0.14285710665963824,0.14285707217840193,0.14285720300433905,0.14285712658831545
1479,76af0fd4c1caed5e0d7b269c078b3384b7963869fe76793fe0ab9605c2467016,Healthy-Leaf(1399),5,0.999999999999976,0.14285714989878556,0.14285714646921294,0.14285719521497428,0.14285710665467008,0.14285707216701396,0.1428572030123029,0.14285712658304042
1480,aaecf0ef1125c8b516ad96087e13facc08c55868ba6cbfb967bcc12edfed7b46,Healthy-Leaf(1399),5,0.9999999999998952,0.14285715773967878,0.1428571505203688,0.14285725324576923,0.1428570665286748,0.142856993785743,0.14285726965818812,0.14285710852157724
1481,d1a0a36bd4dc9ff8ef898671979b817fe2df52e22aced8c5f86502380a54d158,Healthy-Leaf(1399),5,0.999999999999997,0.14285714502765418,0.14285714396384322,0.1428571590649817,0.1428571316507189,0.14285712098234865,0.14285716148446032,0.14285713782599305
1482,54eda21ba2592a62067494510bb97f1b7ec3e8ad920f38c70104171e1d038f01,Healthy-Leaf(1399),5,0.9999999999999725,0.14285715037937904,0.14285714672050873,0.1428571987619111,0.1428571042023793,0.14285706737457496,0.14285720708182026,0.1428571254794265
1483,cb1e30e7c9dd48d52f1426450fa1e95a1e49547551a7d7bfe061b268b82ede0e,Healthy-Leaf(1399),5,0.999999999999991,0.1428571470682084,0.1428571450161303,0.14285717420774724,0.14285712118062754,0.14285710053353085,0.14285717887567118,0.14285713311808454
1484,a8cf1b41967aac3af047b3844a77b78f903e14c6d5f6df77c3d1c647e9cd827e,Healthy-Leaf(1399),4,0.9999999999999837,0.1428571370780677,0.14285713987331972,0.14285710006463415,0.14285717244635016,0.14285720065384275,0.14285709371000993,0.14285715617377562
1485,0e4841bfb32b847f0ad28942b10f0d197e8581b33986f87e2429232dacfecaf2,Healthy-Leaf(1399),5,0.9999999999999961,0.14285714539165434,0.14285714414669226,0.14285716182647767,0.14285712974183612,0.14285711726000716,0.14285716465950304,0.14285713697382946
1486,5bc1cb054552b775fdd5387a1dff9b151a7d2f81f86eb4277eb62d38c32e9bcc,Healthy-Leaf(1399),5,0.9999999999999991,0.14285714336772568,0.1428571431014526,0.1428571468269953,0.14285714011302567,0.14285713751754775,0.14285714743388933,0.14285714163936364
1487,cabd369666ced552103bc768be486f6a951fbb8aea2927c0279a658e4c3593af,Healthy-Leaf(1399),5,0.9999999999999982,0.14285714433797653,0.14285714359477714,0.14285715407714666,0.1428571351000042,0.14285712773324513,0.1428571557681382,0.14285713938871214
1488,455459943d49245094fdff47a5511f384de3b2316d4b643b63cd5449ab061a3c,Healthy-Leaf(1399),4,0.9999999999999961,0.14285714025755922,0.1428571414982751,0.14285712377425008,0.14285715605297045,0.14285716865048603,0.1428571209552515,0.14285714881120762
1489,441376d2d1ff5e9d355201246fc5e23b8ac4285824664c6467ecf2082469427d,Healthy-Leaf(1399),5,0.9999999999999987,0.14285714394856006,0.1428571433933155,0.14285715121058215,0.1428571370824087,0.14285713160660224,0.1428571524753792,0.14285714028315216
1490,4c81fd2fc8639c933a7c56df1e73c5309c95fbbb85b70f44d4f5f20c0d527f71,Healthy-Leaf(1399),4,0.9999999999999958,0.14285714012706363,0.14285714143002726,0.14285712282783267,0.14285715670765123,0.14285716993083855,0.14285711986831748,0.14285714910826927
1491,71f23ebdddc8d16ee06d430968c6e6e4ac3ba2038f04b4bfb6b91d09e1b6420f,Healthy-Leaf(1399),4,0.9999999999999943,0.1428571395837509,0.14285714115258394,0.14285711877151133,0.1428571595122224,0.14285717540558132,0.14285711520707717,0.1428571503672729
1492,89bafc8d3d6e78331352c86c988640bd07bbd759a04fbdc78bc0aa51acdfaaab,Healthy-Leaf(1399),4,0.9999999999999926,0.14285713904040986,0.14285714087196366,0.14285711475924118,0.14285716228675685,0.14285718082572113,0.14285711059838327,0.14285715161752413
1493,c74695f5e254dd454815ffca882da4d34ec8c9104c69f41b8bce5d12cd3be359,Healthy-Leaf(1399),4,0.9999999999999512,0.14285713271451217,0.14285713761072535,0.14285706787140987,0.14285719470752192,0.14285724414823037,0.14285705674324453,0.14285716620435568
1494,e7ebc626f0303bc80fd122052ab150e349e323d217238cf3291ccd3c51bd29a7,Healthy-Leaf(1399),5,0.9999999999999992,0.14285714315058745,0.14285714298502444,0.1428571452803904,0.14285714118303344,0.1428571396132207,0.14285714566021535,0.14285714212752817
1495,c0a5304e55344081bc63f5b0d532c0f3ab94543c76f61874e7d6224881a8ee92,Healthy-Leaf(1399),4,0.9999999999999956,0.14285714006113517,0.14285714143191405,0.1428571219636635,0.1428571573030825,0.14285717105421206,0.14285711884510346,0.14285714934088925
1496,48f5c849bba8d0d3515a8357c96475b37f306a3226f29647e8ca8f3453a0127d,Healthy-Leaf(1399),5,0.9999999999999787,0.14285714946908537,0.14285714625248505,0.14285719200969538,0.14285710887132239,0.14285707649274096,0.14285719932462104,0.14285712758004981
1497,6357ce275dd2f9d421cb0d10a23667626f63ca47577b6ff4c466162924c96494,Healthy-Leaf(1399),5,0.999999999999971,0.14285715061735527,0.14285714684939213,0.14285720046868758,0.1428571030220189,0.14285706506277496,0.14285720903640584,0.1428571249433653
1498,be283796a9d0930512eca90e2c2231b91fb89db6e82dee15374225e589d4826c,Healthy-Leaf(1399),4,0.9999999999999951,0.14285713983024317,0.14285714127627283,0.14285712063401268,0.14285715822459522,0.14285717289432254,0.1428571173492266,0.14285714979132688
1499,f73a6204c310be7e1830f822e29f8fca819c6aa36ba45ece57303c0344de5a79,Healthy-Leaf(1399),5,0.999999999999997,0.14285714496775498,0.1428571439290582,0.14285715868124493,0.14285713191669155,0.14285712150716398,0.14285716104572738,0.14285713795235888
1500,b475b34592903db018a1670e9fbfd5606a12b7180b6a86b7202fd5bc717cf5d1,Healthy-Leaf(1399),4,0.9999999999999911,0.1428571386703906,0.14285714067826125,0.14285711205668356,0.14285716415582092,0.14285718447996196,0.14285710749613603,0.1428571524627457
1501,afc6d6bf3f4c7bf83ee1f7bba0dcc17fe0c1a3eeacd34bfbdf2b6574fe35941e,Healthy-Leaf(1399),4,0.9999999999999964,0.14285714033945676,0.14285714153326962,0.14285712446822166,0.14285715557378353,0.1428571677230599,0.14285712175774726,0.1428571486044614
1502,f4b7fd3164926b6a94868d9545350fdd4dfc8b1bbdd248ff01d4545b67336cd8,Healthy-Leaf(1399),4,0.9999999999999815,0.14285713666671096,0.14285713964893285,0.14285709715795308,0.142857174457189,0.14285720459558182,0.14285709038103742,0.1428571570925949
1503,15a0b06ba0b5934bd1d8365c7c99570cb322deaf4f451722df664cc45ca127e2,Healthy-Leaf(1399),4,0.9999999999999906,0.14285713850328932,0.142857140587389,0.14285711084708996,0.14285716499204007,0.14285718611736045,0.14285710611220787,0.14285715284062342
1504,78a0d107f18164d7f3d1c4f9d7b4cffe4a92b38fd7731604e84c95838b8215d9,Healthy-Leaf(1399),4,0.9999999999999811,0.14285713663092311,0.14285713963764735,0.14285709682504727,0.14285717468711287,0.14285720503717209,0.14285708999205568,0.1428571571900416
1505,1e404fc49350114fd426a0b6dde537100ed492ecb5c670992bf68784fc521ecd,Healthy-Leaf(1399),4,0.9999999999999858,0.14285713746346168,0.1428571400503978,0.14285710315002118,0.1428571703142767,0.14285719651348028,0.1428570972721369,0.14285715523622544
1506,881201fbab7e933d7c97f0c28ba6b8a5badae968607456a44a1f7a3f13c45f55,Healthy-Leaf(1399),5,0.9999999999999767,0.1428571498038014,0.14285714644249323,0.14285719427780358,0.14285710730136206,0.1428570734055773,0.14285720191689746,0.1428571268520649
1507,9925550bf7ce4c3f68befce66fa1780ee4dd20c9d7739da5612470480b369e1b,Healthy-Leaf(1399),5,0.9999999999999677,0.14285715103441082,0.1428571470550734,0.14285720365006663,0.14285710082262854,0.1428570607769174,0.14285721269898868,0.14285712396191452
1508,375093a36809ad531f1bfb2861b94ff02226d82df1d284bedc0dfe37763ca892,Healthy-Leaf(1399),4,0.9999999999999812,0.14285713667810435,0.1428571396597765,0.14285709718366868,0.14285717443897133,0.14285720455420825,0.14285709040678354,0.14285715707848715
1509,fb74664830f941e4f1c9d730ae8199d794c48a2c54e1ad240a4639f5a05ba27e,Healthy-Leaf(1399),5,0.9999999999999214,0.14285715574118,0.1428571494950377,0.1428572384023458,0.14285707679237677,0.14285701382791158,0.14285725260340684,0.14285711313774138
1510,c7a75a1ce738ca743b53a8a2b6fa444da54b0f5b2a3aea10a6ac601055a6e7b7,Healthy-Leaf(1399),5,0.9999999999999835,0.14285714864604712,0.14285714582415346,0.142857185950164,0.1428571130614167,0.1428570846809685,0.14285719236819688,0.1428571294690534
1511,bdd28741bdbc237aa4cade71f32c0e85f2cde0ea4b0128d580688fb39bffb276,Healthy-Leaf(1399),5,0.9999999999999838,0.14285714858228674,0.1428571457956125,0.14285718543933912,0.14285711341452095,0.1428570853662716,0.14285719177728876,0.14285712962468045
1512,b6380dcadec02c69ab5edac1c670d3d29af35fac5c2cd27a629c041a082e9ce7,Healthy-Leaf(1399),5,0.9999999999999629,0.14285715162308538,0.14285714735276572,0.14285720807234767,0.14285709776513683,0.1428570548114639,0.14285721778344382,0.14285712259175665
1513,b198eacad99d21f35e6ce90d233020cd857f2d620363fc4fc972163872cba812,Healthy-Leaf(1399),5,0.9999999999999475,0.14285715335302962,0.1428571482562341,0.14285722077541782,0.142857088980912,0.14285703764197735,0.14285723236407677,0.14285711862835238
1514,c541b3e6e6225d936cd1d93a7ebd96e6051a67b47d575135f600cecaeee520e0,Healthy-Leaf(1399),5,0.9999999999999727,0.1428571503586005,0.14285714670558372,0.14285719863885896,0.1428571042874308,0.1428570675446471,0.14285720694495388,0.14285712551992508
1515,837d49d21a45321ce1143e239b016682f7d2a4711fc6acc382796c5b7b59ddfe,Healthy-Leaf(1399),5,0.9999999999999776,0.14285714964156274,0.14285714633516516,0.14285719333596347,0.14285710795426215,0.14285707470756753,0.14285720085446704,0.14285712717101187
1516,aac7122aa96cc3abfcf15efcfef5675132fcb2b78ba03dabb78f6498799f759d,Healthy-Leaf(1399),5,0.9999999999999567,0.1428571523748678,0.14285714775470185,0.14285721347574318,0.1428570940277057,0.14285704749494682,0.14285722397874887,0.14285712089328578
1517,da2dbdc9713226ab74f706cf3f000f1dbb2f9bf1115ee5cfeedc97e63b394a63,Healthy-Leaf(1399),5,0.9999999999999986,0.14285714405092004,0.14285714347239187,0.14285715168541632,0.14285713675235087,0.14285713093254776,0.1428571529988834,0.14285714010748982
1518,8c03b7d2d8541c2ea348423ca28466e718ce2b9d0baf1c10d07f13cb27b6541d,Healthy-Leaf(1399),5,0.9999999999999908,0.14285714706011712,0.14285714498928995,0.14285717434247472,0.14285712108790466,0.14285710037508936,0.14285717905262013,0.14285713309250406
1519,494419d66a164e07a9beea27d421ae8137b188c1e26dd02310fdf3ca2c74c4c9,Healthy-Leaf(1399),5,0.9999999999999944,0.14285714599026925,0.1428571444358506,0.14285716643577012,0.1428571265552093,0.14285711105575238,0.14285716997240586,0.14285713555474233
1520,b67ee083ad00a3ac61bacff6ff4f4d384d5ffbe95451b61fcb8a31d6cb47efd6,Healthy-Leaf(1399),5,0.9999999999999845,0.14285714845152642,0.1428571457249759,0.14285718447089313,0.1428571140836569,0.14285708667495797,0.14285719066989835,0.14285712992409116
1521,de789f9c5ef613a44b7a8c488b1d3746567ef2160a31a32d23dfaa5336002903,Healthy-Leaf(1399),5,0.9999999999999218,0.1428571556954582,0.14285714945799508,0.1428572381828479,0.14285707694449473,0.14285701413864976,0.14285725236422245,0.14285711321633182
1522,72d67c5b1efc2e7e2e918aea107ba2c1ef1f53983aede075774f17d52c1ee443,Healthy-Leaf(1399),5,0.9999999999999872,0.1428571478996154,0.14285714544043882,0.14285718038933293,0.14285711690605343,0.1428570921880221,0.1428571859812338,0.14285713119530352
1523,668c77b5306219ec502468de6f1659165e67a4142be23ba9b0693375d325a0b5,Healthy-Leaf(1399),5,0.9999999999999624,0.1428571517366812,0.14285714744336045,0.1428572085755734,0.14285709741522318,0.14285705409258298,0.142857218334337,0.14285712240224183
1524,ee107d3005043f040924979ee97b121afdca2a6e56e0a10cf3ab11ce12de2538,Healthy-Leaf(1399),5,0.9999999999998801,0.14285715882559344,0.1428571511027021,0.14285726105992602,0.14285706112424557,0.14285698320533963,0.14285727861420472,0.14285710606798854
1525,c0e0b0d6ff3ed19a678828b3de4e90754a337eda1dd56a98810ff04646333559,Healthy-Leaf(1399),5,0.9999999999999976,0.14285714477421593,0.14285714384284512,0.14285715707893323,0.14285713302328015,0.14285712365216352,0.14285715919546005,0.14285713843310208
1526,9c43526fa3284a2c3bd4da9a1501c4c181b9be6c3f367672443d372ed37e60ea,Healthy-Leaf(1399),5,0.9999999999999389,0.1428571542212481,0.14285714872972707,0.1428572269333925,0.14285708472130443,0.14285702929344904,0.14285723941540768,0.14285711668547124
1527,4844a3e4dd7cb4c9c61cc36a6e581398361f5fa1f2dc14268089103e64dc23b4,Healthy-Leaf(1399),5,0.9999999999999429,0.14285715383819247,0.14285714853336395,0.1428572240627412,0.14285708670574618,0.14285703316711942,0.1428572361185599,0.14285711757427683
1528,a9e2481309e253df8997f83199cb34f9027675645f8be3c996c37819ffcdb15c,Healthy-Leaf(1399),5,0.9999999999999484,0.14285715331795668,0.14285714827857868,0.14285722008872115,0.14285708945327433,0.1428570385198511,0.14285723154107077,0.14285711880054727
1529,5c7264dbf382b39339f1a9a30703f5bbd016dade8a6d2c44306f72d6ef95e47b,Healthy-Leaf(1399),5,0.999999999999766,0.14285716519644662,0.14285715439925564,0.14285730815534856,0.1428570285592544,0.14285691958799832,0.14285733269734693,0.14285709140434946
1530,16621c0a3de19401c850b4cfd06061d4b735b78259897dd1f6cf6cb673b6cae6,Healthy-Leaf(1399),5,0.9999999999998435,0.14285716112673713,0.14285715230518495,0.1428572779475326,0.14285704944631078,0.14285696037887785,0.14285729799741081,0.1428571007979459
1531,a677086f167bb155ca100d530b7c00c898ab7244bea409ff83721ace4cd0dc0e,Healthy-Leaf(1399),5,0.999999999999827,0.14285716206677523,0.142857152784353,0.1428572849833965,0.14285704458188717,0.14285695088462347,0.14285730608267883,0.1428570986162858
1532,0fbc76318da8fdc5db4deb75c76ab53aff03608c55dab9f390599705c775aab7,Healthy-Leaf(1399),5,0.9999999999998231,0.14285716227212425,0.1428571528825733,0.14285728655732716,0.1428570434934452,0.14285694876563762,0.14285730789890835,0.14285709812998412
1533,bd3a01564a88ab5da229edf9adc185a5ab53a2b248537b01f785fb17dee31baf,Healthy-Leaf(1399),5,0.999999999999897,0.14285715765019127,0.14285715049271466,0.1428572523834371,0.1428570671237408,0.1428569949272711,0.1428572686522829,0.14285710877036215
1534,95857c0561561d3384d94665da7f1a04d6d414506a32c71caf09304fdfdae0d2,Healthy-Leaf(1399),5,0.9999999999999059,0.14285715698088716,0.14285715014280662,0.14285724748220316,0.14285707051318527,0.14285700155321507,0.1428572630263173,0.14285711030138543
1535,6a7965a4f7cf22f89c0d859c934785ce8240884b020a728b44d7eaf1f07bab27,Healthy-Leaf(1399),5,0.9999999999998479,0.14285716087562328,0.1428571521793389,0.14285727607248286,0.14285705074311136,0.14285696290905256,0.1428572958390335,0.14285710138135757
1536,f0e9179e511616f24c6c26f88035a1904f7670cecf7f4b68837358310fdc640d,Healthy-Leaf(1399),5,0.9999999999997358,0.14285716661831072,0.142857155134725,0.14285731865927526,0.14285702129592945,0.14285690539850837,0.14285734476065878,0.14285708813259249
1537,e17904391631061b33cbf026a75e89c014253416d91d55951b4aa194a0cc2a9d,Healthy-Leaf(1399),5,0.9999999999999275,0.14285715525368256,0.1428571492602923,0.14285723459399785,0.14285707942425482,0.1428570189489225,0.1428572482164307,0.1428571143024192
1538,2c3e73890397fdbfd4c93d61900fb41d3a6ff0f2b19daf5bdbd97fa6e3d8be09,Healthy-Leaf(1399),5,0.9999999999998105,0.14285716295875814,0.1428571532364536,0.14285729166093233,0.14285703996482127,0.1428569418745188,0.1428573137600845,0.14285709654443127
1539,a7626348e86cad424227013b2e7caef03c782e0893bf10a9f5f41564eee9e6eb,Healthy-Leaf(1399),4,0.9999999999999815,0.1428571367206728,0.1428571396971731,0.14285709735338412,0.142857174321054,0.14285720430770465,0.14285709058743654,0.14285715701257484
1540,a165aeef578ae331afbeca15f53a94835a940c4e5dc5050d0a44c78762052fd7,Healthy-Leaf(1399),4,0.9999999999999597,0.14285713369776315,0.14285713816038853,0.14285707474092046,0.1428571899556603,0.1428572348216517,0.1428570645950822,0.14285716402853382
1541,d99ea67cf326589fa0928d9d48a845d350e0cf7dce3ce8658d3b71826141e2b8,Healthy-Leaf(1399),4,0.9999999999999819,0.14285713676839837,0.14285713973101918,0.1428570976201181,0.14285717413627055,0.14285720393717036,0.14285709088528376,0.14285715692173964
1542,2684222b78f7b3fa9a34da60a321127803b327966d272ed730d207f842f9be81,Healthy-Leaf(1399),4,0.9999999999999838,0.14285713712995904,0.14285713991113055,0.14285710034675958,0.14285717225089622,0.14285720026058396,0.14285709402372282,0.14285715607694796
1543,122e1507837844b4c6bb93d75ce5eec71a58e998038d22aca31080cdbe295639,Healthy-Leaf(1399),4,0.9999999999999943,0.14285713966166602,0.14285714124448262,0.14285711885052885,0.14285715945544028,0.1428571752399826,0.14285711525079636,0.14285715029710325
1544,b331114a1251f475212eb6c10e5d4d96c0f8a6b1facc5b267da85beb94fa4589,Healthy-Leaf(1399),4,0.9999999999999807,0.14285713658508684,0.14285713963294183,0.14285709629453575,0.14285717505296983,0.14285720573134844,0.14285708936606964,0.14285715733704757
1545,d8c5365ef8619f43ff640d3074b98ad168d31a8ed229e37af7a02dafc67083d0,Healthy-Leaf(1399),5,0.9999999999999909,0.14285714712001646,0.14285714507002115,0.14285717430861006,0.14285712110930884,0.1428571003643707,0.14285717896821684,0.14285713305945597
1546,0cfe3218f9a9c024bcfd3948de85ee8b73f209a814b310f775eb296e44cc164c,Healthy-Leaf(1399),4,0.9999999999999625,0.14285713400312597,0.14285713830661273,0.14285707712161216,0.14285718831018296,0.14285723162015512,0.1428570673390859,0.14285716329922513
1547,5a9c3c544b6121b04abaa256b89cc3720485c01efc0c466e3c74cc44332b8824,Healthy-Leaf(1399),4,0.999999999999995,0.14285713987094903,0.1428571413401533,0.1428571205256502,0.14285715829780485,0.14285717299223136,0.14285711718554092,0.1428571497876703
1548,97bd934d49c771c281d0439f0eddc11128e4f1b9603c8691db5ff8884a4856ea,Healthy-Leaf(1399),4,0.9999999999999634,0.14285713415475018,0.14285713838401368,0.14285707825537686,0.14285718752632642,0.1428572300901092,0.14285706864184497,0.14285716294757847
1549,7304f03f28f2bba5724655a63aad5a9ba60f7a5e0fd2474429d6924719604955,Healthy-Leaf(1399),5,0.9999999999999973,0.14285714487317253,0.14285714391519722,0.14285715762324913,0.1428571326463634,0.14285712289432984,0.14285715980015606,0.14285713824753188
1550,b7e52ad156eeae9ec49170b7f3fc3589b79e5209d575923e329b2e463c9ffeba,Healthy-Leaf(1399),5,0.9999999999999714,0.14285715058815535,0.1428571468493087,0.14285720008328445,0.1428571032873661,0.14285706556391764,0.1428572085817729,0.14285712504619497
1551,e93f1de324c95bc51524cc96e4af0394e0fc8c64fa950ef8c34b116988c12c42,Healthy-Leaf(1399),4,0.999999999999992,0.14285713891970592,0.142857140847835,0.14285711349216057,0.14285716316119004,0.1428571824930559,0.14285710910872793,0.1428571519773246
1552,f676004b36a4f94ac646b304b66f5ac5701ad4a46b39dddffbf9d1425d86e08a,Healthy-Leaf(1399),4,0.9999999999999869,0.14285713774495448,0.14285714023833487,0.14285710483053835,0.14285716915063737,0.14285719419591858,0.14285709916299438,0.14285715467662177
1553,8ef0b127d1fe1275214c0c45bd8c5c2e06b4249b703af9b078ddc4f6a4d60be3,Healthy-Leaf(1399),4,0.9999999999999426,0.142857131880145,0.14285713721477294,0.1428570613565807,0.14285719921078177,0.14285725290762108,0.14285704922931816,0.14285716820078026
1554,1349f743f9208f1a22ab150e338dbe7d0b8df1894ece65253f5f4e9132e05618,Healthy-Leaf(1399),4,0.9999999999999767,0.14285713593247362,0.14285713929897886,0.14285709143567699,0.142857178412593,0.14285721229066542,0.14285708378278858,0.14285715884682362
1555,79766595cac76a4c483c4007e48c5dfec223b68423c70b8a193a54767b714030,Healthy-Leaf(1399),4,0.9999999999999639,0.14285713418947782,0.14285713840488606,0.1428570784831866,0.14285718736866299,0.1428572297789899,0.142857068900878,0.14285716287391864
1556,b6e977527495358820dd6c5db9a5053af529c7ac210a62a35ba88452c10110c8,Healthy-Leaf(1399),4,0.9999999999999422,0.142857131819655,0.14285713717829907,0.14285706096910641,0.14285719947913045,0.14285725343787495,0.14285704878840763,0.1428571683275265
1557,9deb26c8138139d20619389e7b8a0b27847f2d45366ed273a7c14e51fc297448,Healthy-Leaf(1399),5,0.9999999999999984,0.1428571441472432,0.1428571435458526,0.14285715220090595,0.14285713639557737,0.14285713021221608,0.14285715356726264,0.1428571399309421
1558,09d22f03ed15bd95bee7ce817f58bc7339592e1a825cb65a754b930fb52a6184,Healthy-Leaf(1399),4,0.9999999999999788,0.14285713626002167,0.14285713948214096,0.14285709373416636,0.14285717682288185,0.1428572091710587,0.14285708640925335,0.1428571581204771
1559,fe5834dfe7df714a0503b0ab7c4de8db953aad7f4e27b82dde6558d9d02f81be,Healthy-Leaf(1399),4,0.9999999999999929,0.14285713923821522,0.14285714102127808,0.14285711575550686,0.14285716159563028,0.14285717942509457,0.14285711170057153,0.1428571512637034
1560,4284d26e618d08482b84175ee16ba5067e0232d128afd9d7bd072d7853ca1564,Healthy-Leaf(1399),4,0.9999999999999666,0.14285713454313145,0.1428571385807368,0.14285708115976656,0.14285718551805332,0.14285722617089688,0.1428570719815362,0.14285716204587867
1561,89416f4974e14e68383b18a6b1441d2068bd97ecaff9013730cd07d46527fd43,Healthy-Leaf(1399),5,0.9999999999999402,0.14285715410187855,0.14285714866791593,0.14285722605369777,0.14285708532963648,0.14285703048205717,0.14285723840506226,0.14285711695975195
1562,527c622920f6f9effc424d8c7efe8199776dfff86356803d1cb59c1b203a7b69,Healthy-Leaf(1399),5,0.9999999999999981,0.14285714439979996,0.14285714366381635,0.14285715418053793,0.14285713502703884,0.14285712755163693,0.1428571558528745,0.14285713932429547
1563,c2dcc4adcbeda19baec1c836c2b15f992a0672f7f17f6698c899405120322bc7,Healthy-Leaf(1399),4,0.9999999999999488,0.14285713248958784,0.14285713752893903,0.142857065881341,0.1428571960822778,0.14285724679758485,0.14285705442596147,0.142857166794308
1564,cac3f80a19e3e53c4da2a1496412d23ddd02b1577bd2884a07947bd3439cc962,Healthy-Leaf(1399),4,0.9999999999999688,0.14285713482573037,0.1428571387326119,0.14285708319300686,0.14285718411186335,0.14285722341775658,0.14285707431141018,0.14285716140762078
1565,a54f98377aedb683836d193b773defdb05ce3914b280aeda12f21bfb07607b9a,Healthy-Leaf(1399),4,0.9999999999999744,0.1428571355894914,0.14285713911561765,0.14285708895994112,0.14285718012479331,0.14285721564194526,0.14285708094488614,0.1428571596233251
1566,aa8f6cba607abdb29d8285b8df91e223f4896dd3174102513db62cf05be6dc1b,Healthy-Leaf(1399),4,0.999999999999967,0.1428571345869605,0.1428571386138627,0.14285708137707154,0.1428571853672296,0.1428572258648821,0.14285707222197888,0.1428571619680147
1567,457860ae7a45439e487b388a66cf62b0584cfadc8875a3768d741d5137299f35,Healthy-Leaf(1399),4,0.9999999999999974,0.14285714092347782,0.1428571418752737,0.14285712839251333,0.1428571528584032,0.1428571623758105,0.142857126228644,0.14285714734587748
1568,9997e8acf60bd0385538bf16c713e62cdea020bdca0e42115940dddb8139ebd0,Healthy-Leaf(1399),4,0.9999999999999578,0.14285713346538526,0.14285713802729597,0.1428570731520633,0.1428571910549487,0.14285723698309397,0.14285706278184973,0.142857164535363
1569,ceaeb9671f138dd042d7e0ba50f501ec6011540b03faf36c719be23190541266,Healthy-Leaf(1399),4,0.9999999999999732,0.14285713540932074,0.14285713903020109,0.14285708754340004,0.14285718110377185,0.142857217545565,0.14285707931167052,0.1428571600560708
1570,d2622473304d87ecd3ad43d8781cdb26aa1eea5c2fc2dea5ecabdee2044a60a1,Healthy-Leaf(1399),4,0.9999999999999948,0.14285713974824824,0.14285714126769405,0.14285711970097342,0.14285715886833453,0.14285717411608675,0.14285711624694336,0.14285715005171962
1571,fde88282c863a97decbbc341c76d68a0245a68cee49a13a0463f86b3ca1e5ab4,Healthy-Leaf(1399),4,0.9999999999999972,0.14285714084029008,0.1428571418425396,0.14285712767000355,0.1428571533573934,0.14285716333925066,0.1428571253900834,0.14285714756043932
1572,c82dc85af2b3c71e0c25eecef9e33556a9f973b325c62b453898be51b06ceca2,Healthy-Leaf(1399),5,0.9999999999999813,0.14285714904070793,0.14285714606300973,0.1428571885225687,0.14285711128100928,0.1428570811655578,0.14285719529142238,0.14285712863572417
1573,409790d9be9aac778e05266cea90ef2237823a97dee0fe010ffdccdca13811b0,Healthy-Leaf(1399),4,0.9999999999999785,0.1428571362008095,0.14285713944848238,0.14285709331657473,0.1428571771115662,0.14285720973774096,0.14285708593305896,0.14285715825176723
1574,4da3c4952222c156b50c04f4368b95b9d191c115521e83adf16d9e9952475682,Healthy-Leaf(1399),4,0.9999999999999574,0.14285713341754513,0.14285713799868213,0.14285707283375582,0.14285719127517094,0.1428572374173,0.14285706241994905,0.14285716463759696
1575,d2e3491776b2bd8a34115308c03801bdcb551eaca06baa0bae1734f34c7d00fa,Healthy-Leaf(1399),4,0.9999999999999841,0.1428571372030171,0.14285713995322505,0.1428571008535109,0.1428571719004841,0.14285719957202161,0.14285709460123228,0.14285715591650905
1576,cd8977c53d78b16818cb4a31e4738e149a2cab281958edc2ee1de782d4f04c86,Healthy-Leaf(1399),5,0.9999999999999992,0.14285714326697949,0.14285714308889907,0.14285714568622068,0.14285714089987403,0.14285713901202765,0.14285714608876185,0.14285714195723734
1577,eddaf2d7536756a13d0429256fc27dc24110032862cb32c5b5f9cfaa73da4a5c,Healthy-Leaf(1399),4,0.9999999999999921,0.14285713898546973,0.1428571408901705,0.1428571138881763,0.14285716288679878,0.1428571819476916,0.14285710955661576,0.14285715184507744
1578,cce8bd05fcbdbe96abb598845fd5410ffca08e10209442aacdde208e5f29082d,Healthy-Leaf(1399),5,0.9999999999999981,0.1428571446007972,0.14285714380162007,0.1428571553506168,0.1428571342167719,0.1428571259334776,0.14285715716509922,0.14285713893161733
1579,9f2674aa3e885c7201bde8715124cc2a41b517268a1852d98d60913a531ba0bb,Healthy-Leaf(1399),5,0.9999999999999949,0.14285714594292015,0.1428571444779963,0.14285716544171678,0.14285712723975835,0.1428571123223947,0.14285716877023924,0.14285713580497442
1580,8eab91cee32bca578e5671f1fdf54062d62c2b12de1f4bc136af9ba7641744d0,Healthy-Leaf(1399),4,0.9999999999999493,0.14285713253832336,0.14285713755031407,0.1428570662677528,0.14285719581501452,0.14285724627896804,0.14285705487394007,0.14285716667568707
1581,5a36eb5187a44c0b29b44e74227f80058ba9dd5900176c4c00ab0bbb1cfad181,Healthy-Leaf(1399),4,0.999999999999988,0.14285713800658614,0.1428571403894364,0.14285710660197362,0.1428571679248608,0.14285719178402143,0.14285710118367786,0.1428571541094438
1582,d7980bb9c87e2b26067a1eda646aaa6ce82e9ed5d82443f74f7622cfdc6b54a3,Healthy-Leaf(1399),5,0.9999999999999992,0.14285714325049453,0.14285714309763997,0.14285714540763877,0.142857141091996,0.1428571393695779,0.1428571457524539,0.14285714203019895
1583,c5b0bc92456c0c9f7c8a3d6ee2bdf28a4ff2d868d062b86f46462d1feebdc03c,Healthy-Leaf(1399),4,0.9999999999999948,0.14285713972572484,0.14285714124286616,0.14285711966172027,0.14285715889603726,0.14285717418414565,0.14285711621383904,0.14285715007566688
1584,68bcba5047bc57e94a6c7a5b5a7d04a5ad9c2921bc5cdb209cddca65daa1940e,Healthy-Leaf(1399),4,0.9999999999999716,0.14285713519123341,0.14285713892036164,0.1428570859189836,0.1428571822272263,0.1428572197380913,0.1428570774423766,0.14285716056172715
1585,74c66e41fe6bd129edff9605ea11b8e4b22887fc90cf659239106aefcebbebfe,Healthy-Leaf(1399),5,0.9999999999999888,0.14285714763181986,0.14285714535666644,0.1428571778887569,0.1428571186329939,0.14285709550405035,0.1428571830592225,0.14285713192649005
1586,beaaec046e31b010e944920da5af818fa1f34e9fe579846b0e51360ad9d49d17,Healthy-Leaf(1399),4,0.9999999999999992,0.1428571424074117,0.14285714264706312,0.14285713932997282,0.1428571452954528,0.1428571475973123,0.1428571387849631,0.14285714393782417
1587,43cbcf3898a5c03b1ec204f0ce65d7756b069b755fe1d6c779ce1d930d7207bc,Healthy-Leaf(1399),4,0.9999999999999825,0.14285713687412605,0.14285713978905706,0.1428570983761306,0.14285717361351233,0.14285720291276735,0.1428570917499996,0.14285715668440702
1588,a7932ac1d856e7ba64d67eb4fbfdb3796ffb0cb96f38e001a2d5a71903330ba0,Healthy-Leaf(1399),5,0.9999999999999984,0.14285714416123121,0.1428571435696501,0.14285715212537792,0.14285713644670764,0.1428571302935389,0.14285715346673988,0.14285713993675433
1589,4284ebd874f260d4cdefd05d20e92e63dd8fd674bf219dd4a9c33f86b3e3f1b3,Healthy-Leaf(1399),5,0.999999999999933,0.14285715479789846,0.14285714905552435,0.14285723091844896,0.14285708196433453,0.14285702387783553,0.14285724396767535,0.14285711541828283
1590,25abd2cfb8fd585fda959f705c4a58544768338a6f15f19da8cfdc401413dfc0,Healthy-Leaf(1399),5,0.9999999999999365,0.1428571544899804,0.14285714889441622,0.14285722865896078,0.14285708352676643,0.14285702693199956,0.14285724137458328,0.14285711612329335
1591,93a710095f189bdc21e51cb6afba84bfffa03660feb78bbcfe0ac4e0b99a5d8b,Healthy-Leaf(1399),4,0.999999999999991,0.14285713867531372,0.14285714071676092,0.14285711173243254,0.14285716437823157,0.1428571848756894,0.1428571070919539,0.14285715252961792
1592,8d523b00a6f07e9edf724dafbadd87b12e3ab67472baf990bfda020560bad293,Healthy-Leaf(1399),4,0.9999999999999988,0.14285714189527285,0.14285714238461442,0.1428571355064722,0.14285714793890758,0.14285715275803357,0.14285713439270115,0.14285714512399836
1593,b2ee05c4c5ea5890bcdfcdaf0920fbb48064103e8a3e213d4893901c36024a30,Healthy-Leaf(1399),5,0.9999999999999473,0.14285715346653652,0.1428571483756349,0.14285722100223228,0.14285708882097106,0.1428570372637906,0.14285723257110028,0.14285711849973443
1594,823bccc4a7d10757cb738ef5f5451269726e799e6f5d6cc89de5dda85860c4e1,Healthy-Leaf(1399),4,0.9999999999999823,0.1428571368281139,0.1428571397390449,0.14285709827517648,0.1428571736841293,0.14285720307775054,0.1428570916588292,0.1428571567369557
1595,70b73ff0b61cf7de0f5885a01c9f6cd01f7680982f87ffdbc558697bcb1efe71,Healthy-Leaf(1399),4,0.9999999999999852,0.14285713742860626,0.142857140084125,0.1428571023894728,0.14285717083792968,0.14285719748148465,0.14285709635184524,0.1428571554265363
1596,29bd0e53767ffafa8c0d76533236683d61451d7f591fcac9d917950089826b61,Healthy-Leaf(1399),5,0.9999999999999357,0.1428571545313914,0.14285714891028048,0.14285722902714,0.1428570832725889,0.1428570264418339,0.14285724180189913,0.14285711601486614
1597,bd18231b687535ee633bab0ec822040336af7740e101a424124873ccb9cd6072,Healthy-Leaf(1399),4,0.9999999999999973,0.14285714093428264,0.14285714189987048,0.1428571282924186,0.142857152926889,0.14285716248968616,0.14285712609617862,0.1428571473606746
1598,cbc230d5331dfb4a591ed33e91223e720688e72d31694326a6b2b87968a4d208,Healthy-Leaf(1399),5,0.9999999999999921,0.1428571468283098,0.14285714494444035,0.14285717190650962,0.14285712276920445,0.14285710358016118,0.1428571761866897,0.14285713378468487
1599,b5f15e919aede28ac0f09e991e43c87db285a85b516e09270f06fe4394fcb33e,Healthy-Leaf(1399),4,0.9999999999999847,0.14285713728317317,0.14285714000235517,0.14285710137075966,0.14285717154247585,0.14285719886440698,0.14285709518834944,0.1428571557484798
1600,4a9a563f8df272f06b7707a073c6c2df3d8c89d9d885afd90b1b4d13273b2cf4,Healthy-Leaf(1399),5,0.9999999999999785,0.14285714957877868,0.14285714635867724,0.1428571923052604,0.14285710866406753,0.1428570760334325,0.14285719962159443,0.1428571274381893
1601,a4f08cd24641df040f75a7dc5515b7c0a3360246f9940fc8441d15ea4a52c839,Healthy-Leaf(1399),4,0.9999999999999986,0.14285714166773025,0.1428571422753632,0.14285713376491427,0.14285714914325587,0.14285715510300748,0.14285713238351364,0.1428571456622153
1602,7a2afd9583e93e84630ae8209ef0053c7e9ec6b55fad02ae05a19e44442c18ad,Healthy-Leaf(1399),4,0.9999999999999983,0.14285714148923243,0.14285714219500095,0.1428571323098322,0.14285715014848127,0.1428571570529679,0.14285713070293451,0.14285714610155076
1603,c7be10b59cc23c0950bdd9bfffad28b26aba6abb347e091539a10464c38dab15,Healthy-Leaf(1399),5,0.9999999999999973,0.14285714483011186,0.14285714389618442,0.14285715727903536,0.14285713288436125,0.14285712335612163,0.14285715940151716,0.1428571383526683
1604,2477458991171182830cb44e60a6c4dfd6f88c8a6394d15c72e76fc7de81ffcf,Healthy-Leaf(1399),5,0.9999999999999952,0.14285714582012762,0.14285714442554134,0.14285716442066987,0.1428571279451828,0.1428571136884111,0.14285716758803876,0.1428571361120284
1605,e98837244dc2ea21a677ff27dbb3f8f7ad1ccb40fbb943d6b0fff82fcffbad28,Healthy-Leaf(1399),5,0.9999999999999105,0.1428571566411504,0.14285714997676527,0.14285724486536222,0.14285707232199812,0.14285700507591823,0.1428572600130752,0.14285711110573046
1606,ef93f66d1c1bd965acfe2d6c452ca68ec2f0153cee4e8a7e02c3c64d6f41bb7e,Healthy-Leaf(1399),5,0.9999999999999739,0.1428571502355903,0.14285714665835617,0.1428571975540689,0.14285710503648294,0.14285706898967507,0.1428572056853903,0.14285712584043628
1607,275002c06be8c8ea7c1356aef3c91c6f8bdbb85dfe12c4e33fc4841ecb3ebed6,Healthy-Leaf(1399),5,0.9999999999999982,0.14285714437033178,0.14285714367294183,0.14285715373672067,0.1428571353331013,0.14285712812424647,0.14285715532040774,0.14285713944225015
1608,b9049361a62be24fded417440010072ee0bc1b4ae9d5a7b1610aa626268e6562,Healthy-Leaf(1399),5,0.9999999999999442,0.14285715372161625,0.14285714848647285,0.14285722308106474,0.1428570873841816,0.1428570344787676,0.14285723497835737,0.14285711786953953
1609,8ec66675d0321c111f514563eee75e76a8cef828b5bea12028d4d77c0592e84d,Healthy-Leaf(1399),5,0.9999999999998409,0.1428571613031906,0.14285715241774424,0.1428572790518109,0.14285704868194457,0.14285695886341992,0.14285729924586088,0.14285710043602887
1610,24313d550ca8706f57da3458c53baba729321690d58efed8773a1dfea7c2f2fc,Healthy-Leaf(1399),5,0.9999999999999001,0.14285715745561003,0.1428571504213108,0.14285725065558444,0.14285706831711542,0.1428569972272722,0.14285726664189538,0.14285710928121173
1611,bbdad77b37d37c3bd1a4db7e00b97eee191fb882e899213681bb6f292daaa689,Healthy-Leaf(1399),4,0.9999999999999944,0.1428571397283358,0.14285714128306115,0.14285711929787284,0.1428571591458195,0.14285717463048533,0.14285711576121748,0.1428571501532078
1612,33f3c32d120ffcc388fe01c4197ce303864d5085a00ba193697353d198d0b1e8,Healthy-Leaf(1399),4,0.9999999999999767,0.1428571359458921,0.14285713931057614,0.14285709149442663,0.1428571783718714,0.14285721220642258,0.1428570838457164,0.14285715882509478
1613,f43c45c6a0f7116efda724facc4a9b3f8ff45bcc3f0e22853baa7312053ad866,Healthy-Leaf(1399),5,0.999999999999991,0.1428571470629745,0.14285714505658095,0.1428571737153835,0.14285712151849161,0.14285710114584638,0.14285717827344727,0.14285713322727583
1614,df7d9cd4c3278ae8182aa90f95771f907e152e899cb6d7cfbc13a2a1e6b8600d,Healthy-Leaf(1399),5,0.9999999999999746,0.1428571501553451,0.14285714665496882,0.14285719658452434,0.14285710570512178,0.1428570702550232,0.14285720453784298,0.14285712610717385
1615,e6d787aa3bb141d99075c57708ccdd84b7e9e1a291285e1f4e118558e30764a3,Healthy-Leaf(1399),4,0.9999999999999951,0.14285713990750623,0.14285714135928443,0.14285712076248308,0.1428571581333758,0.14285717266908304,0.14285711745941984,0.1428571497088476
1616,04ad7378fd69514d2ea4037ae1465977c8ed15d6f7712d47d2a942c8bc6c6935,Healthy-Leaf(1399),4,0.9999999999999709,0.1428571351135931,0.14285713888867,0.14285708524794197,0.14285718269055592,0.1428572206333714,0.14285707666506475,0.14285716076080276
1617,f27a593b7c8b4a1e0a2d2be292d8642806c5e12a58aa0b96521b5022a5479937,Healthy-Leaf(1399),5,0.9999999999998587,0.14285716022511408,0.14285715184389786,0.14285727125280215,0.14285705407572066,0.1428569694182692,0.14285729030316052,0.1428571028810355
1618,833b6b211a346182bc3860659900c789ca5ade84c34cd9de50220072acc85fdc,Healthy-Leaf(1399),5,0.9999999999999616,0.1428571518754871,0.1428571475424368,0.14285720934634463,0.14285709688127574,0.14285705302101154,0.14285721919413533,0.14285712213930887
1619,ed23c7269bf64489b535c89cdd9bcdac8ffcfee59fcc31d797784ce9a0198b82,Healthy-Leaf(1399),4,0.9999999999999954,0.14285714004215005,0.14285714141885103,0.14285712188519506,0.14285715735811375,0.1428571711668891,0.14285711875589763,0.14285714937290336
1620,e044ccd19e91a9e107fe734e09d07801b21223aa1f07fd3bba87ce24f93f14f7,Healthy-Leaf(1399),4,0.999999999999986,0.14285713757486318,0.1428571401567208,0.1428571034895541,0.14285717007716278,0.14285719599791885,0.14285709761867796,0.14285715508510224
1621,0d136844edf45bfaec186191539f2192e75e035795a67177f1aeef147b2ebd5d,Healthy-Leaf(1399),4,0.9999999999999812,0.14285713669326175,0.14285713970304417,0.14285709695283988,0.14285717459707856,0.14285720482543302,0.14285709010951406,0.14285715711882863
1622,c0ece39350a44942f06188301d27ca292def69211d2ad630fa3ee8661a40c786,Healthy-Leaf(1399),4,0.9999999999999951,0.1428571399485382,0.14285714138154024,0.14285712107859444,0.14285715791523515,0.1428571722430771,0.14285711781997001,0.14285714961304483
1623,bf6d541b0d1291128c3915c1ad6689af92b95cb4f40cf0771cef7f6c41019b72,Healthy-Leaf(1399),4,0.9999999999999919,0.14285713894205015,0.14285714084815906,0.14285711376222077,0.1428571629748498,0.14285718214081672,0.14285710942933472,0.14285715190256873
1624,7f57443ab0d9ba80ffd5bc535cf5f18327046bf4e32ed4c268d393401b406f1c,Healthy-Leaf(1399),5,0.9999999999999772,0.14285714975355304,0.1428571464488936,0.14285719362060875,0.14285710775500388,0.14285707425887662,0.14285720113088,0.14285712703218403
1625,a8f25b87d55ce18aede36603871b6db9cb05ae1cbb73768b1da83d2e59b7ac5c,Healthy-Leaf(1399),4,0.9999999999999694,0.14285713489919863,0.14285713877668763,0.14285708367318134,0.14285718377949425,0.14285722276183274,0.1428570748576117,0.14285716125199366
1626,88f6469edeb20227c887fc445699553d44e94ab041e9aa79edeec5eec2623e1f,Healthy-Leaf(1399),4,0.9999999999999971,0.1428571408137056,0.1428571418218991,0.14285712755172,0.14285715343972435,0.14285716350805644,0.14285712525973757,0.14285714760515691
1627,556d9d4ce58f8bf0c4cf5d003a26de7435739d52153801d021e49b76a1786283,Healthy-Leaf(1399),4,0.9999999999999984,0.14285714151741896,0.142857142190429,0.14285713271748274,0.14285714986770606,0.14285715652558845,0.14285713118754464,0.1428571459938301
1628,6b076c038abf2a1630cf71ea575156d18d5ae6eb3d92c2a5116cdd1a1ffee0c0,Healthy-Leaf(1399),5,0.999999999999997,0.14285714499469604,0.14285714394636959,0.1428571588326241,0.14285713181155366,0.1428571212973917,0.14285716121750047,0.1428571378998644
1629,afde4c08233a8d7bd7ba6a05c90292817add9c7868bbe1d72b81bba8b6bae9d5,Healthy-Leaf(1399),4,0.9999999999999978,0.1428571411594982,0.14285714199553023,0.14285713016088944,0.14285715163582408,0.1428571599897674,0.14285712826073524,0.14285714679775532
1630,5dcadcb37662fa2d1112e8f3992eeb5c91213d7a987645ff66722fbdc650526e,Healthy-Leaf(1399),4,0.9999999999999801,0.1428571365223581,0.14285713961837257,0.1428570956639195,0.1428571754883992,0.14285720656325585,0.14285708862520566,0.14285715751848901
1631,b3d354b258cc82bbe353b801850fa38228f2bcb582203e33fd67db88902a66b0,Healthy-Leaf(1399),4,0.999999999999987,0.14285713775782888,0.1428571402448167,0.14285710490861234,0.1428571690962598,0.1428571940888661,0.14285709925408616,0.14285715464952992
1632,1f5963bd48239b7073e0edb6767070b2e747b27feed7dc1582af5fbc63645616,Healthy-Leaf(1399),4,0.9999999999999989,0.1428571420273954,0.142857142457523,0.14285713642477882,0.1428571473034262,0.142857151511027,0.14285713544411027,0.14285714483173928
1633,b9a628e787eabba99ab1d69c450d50001ec1edeae68f327bd84a4c982dbb6945,Healthy-Leaf(1399),4,0.9999999999999815,0.14285713675343403,0.14285713972401315,0.14285709748826816,0.14285717422711416,0.14285720411305905,0.14285709073414465,0.14285715695996673
1634,c0e929925274ea84658730873e293d056951d74a8d426fd27d1e006d265bbb6e,Healthy-Leaf(1399),4,0.9999999999999919,0.14285713894734933,0.1428571408680666,0.14285711361666603,0.14285716307437213,0.14285718231597827,0.14285710924784087,0.14285715192972676
1635,a721ca31d18ddeaa0b9a6e1b86001056507b400faa3986905d55c99f45d4b409,Healthy-Leaf(1399),2,0.9999999999999992,0.14285714291838242,0.14285714291964363,0.14285714299669416,0.14285714275902348,0.1428571426319054,0.14285714299040683,0.14285714278394399
1636,4c7300ec31d58a4007e7cc6b218beea881029b42f278e9403af25c12bf49bd62,Healthy-Leaf(1399),4,0.9999999999999779,0.14285713614654308,0.14285713941658415,0.14285709295183038,0.14285717736393116,0.14285721023475584,0.1428570855176973,0.142857158368658
1637,10fddea2f9be969dd0e3b9e65c173bf88d444b0ecbee1ed339db2976a74ad377,Healthy-Leaf(1399),4,0.999999999999992,0.14285713894723825,0.14285714087653414,0.1428571135491326,0.14285716312105168,0.14285718239892592,0.14285710916146918,0.14285715194564821
1638,9fb5dbf22b4890f5ac50e7c24a7e0ac7dff9617c14fd898add940ad129c7ef8e,Healthy-Leaf(1399),5,0.9999999999999989,0.14285714377365813,0.1428571433735264,0.14285714922676346,0.14285713845101888,0.14285713420484072,0.14285715013339592,0.14285714083679638
1639,9926a72c6097b3f56576f32fec512e095c9d862e537609f1bf863294c6fa6cc0,Healthy-Leaf(1399),5,0.9999999999998924,0.14285715798751322,0.14285715067186686,0.14285725481666617,0.14285706544070081,0.14285699163367724,0.14285727144342047,0.14285710800615525
1640,1ae80e95ff919970e263606d36e30cbbbf4b5da9ded5062ae0e0d455dd0e0322,Healthy-Leaf(1399),4,0.9999999999999992,0.14285714256778892,0.1428571427358366,0.14285714044910947,0.14285714452114176,0.14285714607797842,0.1428571400655986,0.1428571435825462
1641,1f04fffd93142da22049a00cbbeacbf53d9b500ff9ee1523c4ede5b209c3050e,Healthy-Leaf(1399),5,0.9999999999999684,0.1428571510240438,0.14285714710922542,0.14285720298526838,0.1428571012795325,0.14285706160570955,0.14285721188228903,0.1428571241139313
1642,28ec3be91424e4bd0e5459d04ca5d5bd0e24f26392d2331e3a6bbee252e053ad,Healthy-Leaf(1399),5,0.9999999999999631,0.14285715169675145,0.14285714745632222,0.1428572079583052,0.1428570978406769,0.14285705488826891,0.14285721759472592,0.1428571225649494
1643,1c5a4a748717abd20b389ee94b179b221b092dde4b1726254d65676676764381,Healthy-Leaf(1399),5,0.999999999999994,0.14285714629452986,0.14285714466540908,0.14285716799660375,0.1428571254730813,0.14285710886579345,0.14285717169865536,0.14285713500592717
1644,598d5b995e288cd385508366291a6b4df3cbbdfe3d2a1762f776af00d0a34b0a,Healthy-Leaf(1399),5,0.9999999999999922,0.14285714675550837,0.1428571448979992,0.1428571714487462,0.14285712308600898,0.1428571042081494,0.14285717566928383,0.142857133934304
1645,5619584205fa98910e811f90d30dc954665c7ef0795b7611ca4d7190d8516f01,Healthy-Leaf(1399),5,0.9999999999999994,0.14285714313292372,0.1428571430283452,0.14285714464172125,0.1428571416224152,0.1428571404158778,0.1428571448791382,0.14285714227957863
1646,0e8dbcd41986fa6bf0e9695f4694e205cf46a881935d300ba07923c2da3bf56e,Healthy-Leaf(1399),4,0.9999999999999746,0.14285713560929694,0.14285713914331172,0.14285708893461566,0.14285718014150176,0.14285721565589649,0.14285708090014768,0.14285715961522982
1647,96ac766dda18328ef239ed01b483ad94b1d443acca2e6f674a82766dd481d4ec,Healthy-Leaf(1399),4,0.999999999999994,0.1428571394985062,0.14285714114884324,0.1428571177400103,0.14285716022352996,0.14285717675173665,0.14285711398657294,0.1428571506508008
1648,d5f12e11fe05c79e7e92c620044a3851c546f4612221e10f3126d479627c1615,Healthy-Leaf(1399),5,0.9999999999999967,0.14285714524828685,0.14285714412786166,0.14285716020385547,0.14285713086090918,0.14285711938595266,0.1428571627476428,0.14285713742549147
1649,15e88749961af803aa141f15bca213468f26830c9adc9bfc0f2a94428f9c3285,Healthy-Leaf(1399),4,0.9999999999999943,0.14285713960643154,0.1428571411933904,0.14285711866854364,0.14285715958241352,0.14285717551242266,0.1428571150616942,0.14285715037510407
1650,c14ae350a87588543f73a812e945417da45448a85c1cbc694127d97146624258,Healthy-Leaf(1399),5,0.9999999999999214,0.14285715577355557,0.1428571495325827,0.14285723839782946,0.14285707679371681,0.14285701380620988,0.1428572525821742,0.14285711311393148
1651,9c98b8ab85b83ff61d505c5a5cdf5bc92f9d18a532e6a9d8b865fbd68564415c,Healthy-Leaf(1399),5,0.9999999999999689,0.14285715095094836,0.1428571470640252,0.14285720251290013,0.14285710160639972,0.14285706225193384,0.14285721134677104,0.14285712426702168
1652,f5c274c969d405f131a3b3ce24f15a9612aa976e7870c97daf60e8cc53aa1dab,Healthy-Leaf(1399),4,0.9999999999999859,0.14285713751035106,0.14285714012183448,0.14285710304902435,0.14285717038229398,0.1428571965968244,0.14285709711269323,0.14285715522697864
1653,ac828175420e149564ade8be6eccb62d16143c9941c94db9a6cc61227838a874,Healthy-Leaf(1399),4,0.9999999999999722,0.14285713527930646,0.14285713896317528,0.1428570865711618,0.14285718177584525,0.14285721885777447,0.14285707819553958,0.14285716035719712
1654,9d9c08137aa268019570213bb18a7f0dba7d5c5ea83c5b8477dd3654a004b6f0,Healthy-Leaf(1399),4,0.9999999999999745,0.1428571356051381,0.14285713913314327,0.1428570889762501,0.1428571801129477,0.14285721560835157,0.14285708095559094,0.1428571596085783
1655,ea2b57932a118fb990a807030121c8fbdcd5ec567df43fdfe838a0a573f3126e,Healthy-Leaf(1399),4,0.9999999999999818,0.1428571367664524,0.1428571397331773,0.14285709757762013,0.142857174165577,0.14285720399119878,0.14285709083344014,0.1428571569325343
1656,73ae1b1d482d53af5e675f5297d8e5f54712d348cbe636bf396cfdc953b7c098,Healthy-Leaf(1399),5,0.9999999999999882,0.1428571477329837,0.14285714541881203,0.1428571785307361,0.1428571181884316,0.14285709462459245,0.1428571837883046,0.14285713171613948
1657,ef5a647a70b036b0469a59f0b35b3f3cc990bf88be538564fbbe205abbff02d5,Healthy-Leaf(1399),4,0.9999999999999908,0.14285713866351016,0.14285714071900144,0.14285711155879496,0.14285716449782143,0.14285718510012813,0.1428571068853517,0.14285715257539208
1658,371c1112714d71cc0dd0960a9e5384455cc22dbed8a2dfd256a4cc13e633764f,Healthy-Leaf(1399),5,0.9999999999999224,0.14285715572789764,0.14285714953661804,0.14285723779955714,0.14285707720637422,0.1428570145832665,0.14285725186954268,0.14285711327674375
1659,b510c1b10a2c09896fef07d4302e97fc635959ec23c17b95c44407cf3e4a9421,Healthy-Leaf(1399),4,0.999999999999991,0.1428571386643428,0.14285714071107025,0.14285711162077314,0.14285716445478766,0.14285718502359335,0.14285710696581144,0.14285715255962128
1660,a17890c8cea997f1c35fdc429a5037962f3170d9f91abf78d39aac4006a7ed7c,Healthy-Leaf(1399),5,0.9999999999999798,0.1428571493436723,0.14285714623812854,0.14285719056689136,0.14285710986626504,0.14285707838134157,0.1428571976236017,0.14285712798009956
1661,4bf28b68277e7e6fc1d47feccd601dff5e2ed5b8444cab13725e1e0c8becd1f4,Healthy-Leaf(1399),5,0.9999999999999295,0.14285715507212784,0.14285714916636852,0.14285723325805816,0.14285708034814623,0.142857020754103,0.14285724668181143,0.1428571147193848
1662,33dbb5c3fa1aebbced02f7eaae4153ed8aa116367d1191bf6b1286be3884dd41,Healthy-Leaf(1399),5,0.9999999999999988,0.1428571438511278,0.14285714339321123,0.14285714999811105,0.14285713791853918,0.1428571331863939,0.1428571510376527,0.14285714061496413
1663,a0a9f925a2854d2dcd227f06c3e47332911ad3ab12daae3e7ba42e9bb5b146ba,Healthy-Leaf(1399),4,0.9999999999999869,0.14285713773238404,0.14285714023096804,0.14285710472492522,0.14285716922325964,0.14285719433756738,0.14285709904390953,0.1428571547069862
1664,69c8033ced784efd14a512e1a8e4266ff59c4c645ac59c0ce8523f0f209f4c4f,Healthy-Leaf(1399),4,0.9999999999999972,0.14285714082126436,0.14285714182318446,0.14285712761324942,0.14285715339686883,0.14285716342607896,0.14285712533411532,0.14285714758523874
1665,f23fb366115bcf73ff582b7301a48ce9313ee5a0a1972daf9e6cfe841ef6150e,Healthy-Leaf(1399),4,0.9999999999999792,0.1428571363586171,0.1428571395262227,0.1428570945172774,0.1428571762814076,0.14285720811993874,0.1428570873157199,0.1428571578808166
1666,cfad373b61f0c1d1de09b189736cdb1df9c5571188299c55089f101bddfc8c3c,Healthy-Leaf(1399),5,0.9999999999999954,0.14285714573897246,0.14285714436231534,0.1428571640164863,0.14285712822535024,0.14285711425780223,0.14285716714384178,0.14285713625523172
1667,3e7667e72632ef9859a1f9434d01368004cbdbfc5d08fade603ab7be18ed528d,Healthy-Leaf(1399),5,0.9999999999999283,0.14285715521879402,0.14285714927112897,0.1428572340685208,0.14285707978662143,0.1428570196268147,0.14285724758594176,0.14285711444217827
1668,85049d2fdd2f69fd5937f545d52115ac354666dd5dbe84fcd6d9b962a6862555,Healthy-Leaf(1399),5,0.9999999999999992,0.14285714332457017,0.14285714311739628,0.14285714612392814,0.14285714059725693,0.1428571384222273,0.14285714659263943,0.14285714182198178
1669,79075f051c984107b5f62fc1a24f56ff6e5cd9c8c72b82dc5af26dd195447d44,Healthy-Leaf(1399),4,0.9999999999999982,0.14285714136396782,0.14285714210000192,0.142857131674024,0.1428571505893592,0.14285715794624038,0.1428571300003436,0.14285714632606322
1670,946cf7da43150cda4e025533b28388748b5c4fc4787153ac1bcf2f1a1692b922,Healthy-Leaf(1399),4,0.9999999999999933,0.14285713933972588,0.14285714105060043,0.14285711672466195,0.1428571609263543,0.14285717814199997,0.14285711283499677,0.14285715098166066
1671,6f264278c0bb68bacf169392b63c5db60d7b8698977f551b6b71d5f0fb17abff,Healthy-Leaf(1399),5,0.9999999999999906,0.14285714725616375,0.14285714517072354,0.1428571750219847,0.1428571206147476,0.1428570993661164,0.14285717975997803,0.1428571328102861
1672,00c4f884eb6cc5f77fa5c3bbb690ee78f7d8037f1a01b509d2fc4ffc4ddadc6e,Healthy-Leaf(1399),5,0.9999999999999454,0.142857153587892,0.1428571483994198,0.14285722228627534,0.14285708793495527,0.1428570355747497,0.14285723408044176,0.1428571181362662
1673,facdec94256f8b84e961258efeec54709e068ca943a28681c3f41e3c3bee9b4b,Healthy-Leaf(1399),5,0.9999999999999838,0.14285714863970905,0.14285714586764817,0.14285718541341988,0.14285711342977686,0.14285708534901617,0.14285719171181405,0.14285712958861585
1674,a067298f6fd02ff35ab38ae86ac2807fb835fc7ece1be08aaf93523a7bc81b47,Healthy-Leaf(1399),5,0.9999999999999041,0.14285715714433175,0.1428571502483103,0.14285724850291406,0.14285706980681678,0.14285700015186525,0.14285726417844533,0.14285710996731643
1675,2393a37af45dba2167d74d96eb9fa0a40ccb1108709debcd45fa848a030218d2,Healthy-Leaf(1399),5,0.9999999999999881,0.14285714779209258,0.1428571454570474,0.1428571788955514,0.1428571179358899,0.14285709412318892,0.14285718420015944,0.14285713159607036
1676,05737221e327cbcbd5cc823e63324d4e2ae91a7dff78668b45935599853adca3,Healthy-Leaf(1399),5,0.9999999999999966,0.1428571453603771,0.14285714418781342,0.1428571610322914,0.14285713028837835,0.14285711826644562,0.1428571636959677,0.14285713716872656
1677,68fe8ab76bb127d7e5abdfb80deb04f0bc91b92acd62a8ad0f889350d12b4767,Healthy-Leaf(1399),5,0.9999999999999993,0.14285714322842935,0.14285714308127057,0.14285714528683666,0.14285714117561554,0.14285713953791151,0.1428571456186158,0.14285714207132055
1678,9e8ad2c59fe01d670d8e74489d3fc6dbd90d520408f71feaab76502bafd29ddb,Healthy-Leaf(1399),4,0.9999999999999909,0.1428571386413086,0.14285714071913783,0.14285711126635275,0.14285716469921375,0.14285718548033147,0.14285710654001216,0.14285715265364357
1679,0ca9bafcd165d5177ab23ab18ba0b3cb875a48412702a4a1c80c0ee03ad88f49,Healthy-Leaf(1399),4,0.9999999999999936,0.14285713942863032,0.14285714111749737,0.14285711719171232,0.14285716060277745,0.14285717748826537,0.14285711335154838,0.14285715081956885
1680,39085c485025d734d0b33b794a0a240b2ff8316af491e2650bb79d388b916f70,Healthy-Leaf(1399),5,0.9999999999999006,0.1428571574207415,0.14285715041204694,0.14285725032371538,0.14285706854644759,0.1428569976665339,0.14285726625208675,0.1428571093784279
1681,cb0846e8a6ca584e0d0fd78bf3ad5715e65de6f8ce17ee1bb696ded64e7c7420,Healthy-Leaf(1399),4,0.9999999999999923,0.14285713899860114,0.14285714088606719,0.14285711409036012,0.14285716274745205,0.14285718168707198,0.14285710979873256,0.14285715179171493
1682,ebf75750607957c2a14d37e1a7e6343f7456e4a1b985dbbfe5de28036f7ce363,Healthy-Leaf(1399),5,0.9999999999999969,0.1428571451616818,0.14285714406898659,0.14285715971306523,0.1428571312011453,0.14285712006629103,0.1428571621959166,0.14285713759291344
1683,4067052f80f78862dd6db0366151eae82db01eee9e13f378ae8b2ade73dfac3f,Healthy-Leaf(1399),5,0.9999999999999064,0.14285715694536094,0.1428571501259009,0.14285724719931742,0.14285707070859904,0.14285700193307405,0.1428572627005005,0.14285711038724716
1684,79a9290dbb41cfe74eb70d2d106ad2bec1bceecfe4be9d233ff0660db2027d5b,Healthy-Leaf(1399),4,0.999999999999996,0.1428571401559264,0.14285714145572753,0.1428571229156698,0.14285715664600818,0.14285716979783578,0.1428571199608313,0.1428571490680011
1685,64d987df36c88d051477456f901be3dfaadce7a7887efce7df8b1b9a39efc11e,Healthy-Leaf(1399),4,0.9999999999999769,0.14285713595263036,0.14285713928473223,0.14285709180939823,0.14285717815492868,0.1428572118127073,0.14285708423532292,0.1428571587502803
1686,39113786c2f04f82a874ae297cb35734ccba9ab8bbad69be799fa824d5c8dc85,Healthy-Leaf(1399),4,0.9999999999999917,0.14285713876735268,0.14285714073262687,0.14285711270359586,0.14285716370770282,0.14285718359853325,0.14285710823717032,0.14285715225301826
1687,85c6178f67b2380ba3540b801bccd54e66039f2f8bac8e885497857c1f9fa040,Healthy-Leaf(1399),5,0.9999999999999963,0.14285714530021107,0.14285714410840525,0.14285716102663273,0.14285713029375002,0.14285711832666212,0.14285716373522206,0.14285713720911677
1688,0c74ffff324eef449993bd4b17863d4e16787b08c6a159d76c954a48b66dc2bd,Healthy-Leaf(1399),5,0.9999999999999984,0.14285714409697556,0.1428571434854814,0.1428571521418522,0.14285713643745312,0.1428571303293968,0.14285715353200498,0.1428571399768359
1689,574d3d3a99ac4444c67d90b3472e9b05359d977947ff66a9ef9882d029053285,Healthy-Leaf(1399),4,0.9999999999999949,0.14285713978533762,0.1428571412618976,0.14285712019815408,0.14285715852520928,0.14285717347126434,0.14285711684186636,0.14285714991627074
1690,f55626d736b8c832ae3950286f2e33883633bd05bedd3cc33586879bf30ea585,Healthy-Leaf(1399),5,0.9999999999999973,0.14285714481037434,0.14285714385645293,0.1428571573976897,0.14285713280312543,0.14285712322762564,0.14285715956602216,0.1428571383387098
1691,0354503b0b15eb8d947aed200327e83c208ae7e51cc1ce3a1f8d15c21fc61b51,Healthy-Leaf(1399),4,0.9999999999999956,0.14285714004593775,0.14285714139609879,0.14285712212425017,0.14285715719326644,0.1428571708695707,0.1428571190547587,0.1428571493161175
1692,6719aac13fe4aa27d787fceb018a183a64b154c111f6d032018b757876716458,Healthy-Leaf(1399),4,0.9999999999999984,0.14285714144639108,0.1428571421260614,0.14285713242239467,0.14285715007213554,0.14285715695222181,0.14285713087627283,0.1428571461045226
1693,1d182a507005cba3e4823a2f19f2c0321b705136fa189751cb4204a2b5e31595,Healthy-Leaf(1399),4,0.9999999999999867,0.1428571376652896,0.1428571401675499,0.14285710449425196,0.14285716938372067,0.14285719468079924,0.1428570988059185,0.1428571548024702
1694,6765965dd26cc40ee7355c7094144031d2874c909fb6d11803a07098480f1907,Healthy-Leaf(1399),5,0.9999999999999903,0.1428571472330197,0.14285714512391928,0.1428571751890103,0.14285712050076194,0.14285709918041062,0.1428571799833261,0.14285713278955198
1695,d4c60ac827b4001a08f480ebf3cb9a7628b9506818d0248ab0c2bc104fcc8614,Healthy-Leaf(1399),5,0.9999999999999164,0.14285715616191444,0.14285714971981364,0.14285724141203682,0.1428570747102977,0.14285700975119583,0.14285725605538063,0.142857112189361
1696,594f2641f14a25116f0bc5160c0a00c8e5de0d18c0779c1215215ce8054b1631,Healthy-Leaf(1399),5,0.9999999999999787,0.1428571494769333,0.14285714626997814,0.14285719189836887,0.14285710894689455,0.14285707662404254,0.14285719918721765,0.14285712759656494
1697,af3bddd377c9864b5ed4ac84f3e37a6e867ec130230e97ce41e44494cb569bb9,Healthy-Leaf(1399),4,0.9999999999999982,0.14285714130236268,0.14285714204220512,0.14285713144988196,0.14285715074503263,0.1428571582767689,0.14285712976780543,0.14285714641594321
1698,0a2556b4cc7ac4ea40fcb0f5e3c9c652a2d0dcc1af263b4ebd3a7b68b6a6293a,Healthy-Leaf(1399),4,0.9999999999999994,0.14285714265528773,0.14285714275409053,0.1428571413425018,0.14285714390422669,0.14285714490063392,0.1428571411171014,0.14285714332615793
1699,2e6d053712c801e4e4ee6eea1800b8b8dfb2e3208d88625baa97d731b3299d98,Healthy-Leaf(1399),5,0.9999999999999992,0.14285714333592123,0.14285714309822584,0.1428571464426827,0.1428571403777566,0.1428571380195582,0.14285714698195154,0.14285714174390393
1700,016d2b76be6836f6f3a7a6812ae1714d890547f375903c7022214ee6c6b0bfb9,Healthy-Leaf(1399),4,0.9999999999999764,0.14285713586814985,0.14285713924610816,0.14285709113754166,0.14285717861932212,0.14285721271461718,0.1428570834590269,0.14285715895523401
1701,eb2da52c20c7da7bc3fd1aecce9ab3312be4d7ec8b7ec6368c78850eab84839b,Healthy-Leaf(1399),5,0.9999999999999929,0.14285714653670234,0.14285714476376632,0.14285717001832993,0.1428571240756521,0.14285710616286998,0.14285717404681506,0.1428571343958642
1702,849b71b64fce830624e6c04ff46ae8e3f420bfe164a73563777cddf738ede441,Healthy-Leaf(1399),5,0.9999999999999861,0.14285714817900852,0.14285714561060778,0.14285718218911764,0.14285711566009168,0.14285708972584632,0.14285718802600775,0.14285713060932032
1703,d218a8a3906962dbf28744f9c6961bf9a8e0a498bb0b20e1bb417e215207c1e8,Healthy-Leaf(1399),4,0.9999999999999976,0.14285714096537455,0.142857141879633,0.14285712886440655,0.1428571525327327,0.14285716175765406,0.1428571267866592,0.14285714721353995
1704,2d967b8b75604e628c4416abc0ee81f21deb625cba6f78da24dea770f43dca35,Healthy-Leaf(1399),5,0.9999999999999971,0.14285714503316624,0.1428571439779343,0.1428571589786536,0.14285713170954722,0.14285712108435786,0.14285716137633384,0.14285713784000695
1705,262d18ed982fbf7a0b497c5f6f9e66d2bea3e00c482dc7df5c87937fe2a82c93,Healthy-Leaf(1399),4,0.9999999999999485,0.1428571324643205,0.14285713750779244,0.14285706575902665,0.14285719616691134,0.14285724697075297,0.14285705429373938,0.14285716683745672
1706,f962fb8180e5173dc6439b56e27cb78b945e8300ba79c61fe7cdbe831259efdf,Healthy-Leaf(1399),4,0.999999999999988,0.14285713794686325,0.1428571403140702,0.14285710656999878,0.14285716794841669,0.1428571918761059,0.14285710118875325,0.14285715415579198
1707,51aa2a66bd9da1802a5dc1b30ceacce70c64300eb04a63de1c376a380f08cc97,Healthy-Leaf(1399),4,0.9999999999999925,0.14285713904137615,0.14285714087631973,0.14285711470494566,0.14285716232362786,0.1428571808923427,0.14285711053414277,0.1428571516272453
1708,1ddb40f69d747569fbe4ff13628e8bd9ea4ff49df9a928e0db394f48e1cadb78,Healthy-Leaf(1399),5,0.999999999999978,0.14285714957617937,0.1428571463200123,0.14285719266248592,0.1428571084189634,0.14285707559504907,0.14285720006472075,0.14285712736258913
1709,718b9f3930293df9b366f9ce17b9510e02559c5b15dab5f19832ee7dcc9ec86f,Healthy-Leaf(1399),4,0.9999999999999822,0.1428571367990911,0.14285713972991704,0.14285709799495153,0.14285717387746497,0.1428572034486807,0.14285709133226795,0.1428571568176267
1710,65bbb5cb5a3500b5b67eb6a303dcc3d0add8773408d6113eebd195e56d8af5e4,Healthy-Leaf(1399),5,0.999999999999993,0.14285714648458692,0.14285714472399608,0.14285716975966148,0.14285712425510938,0.1428571065271752,0.14285717376122561,0.14285713448824536
1711,643ad163c35fd1c9f62cff3f63b7e1e80e1c8be8308608da8bffb1fdcccc27e9,Healthy-Leaf(1399),4,0.9999999999999862,0.14285713758962348,0.14285714013640463,0.14285710385968697,0.14285716982220753,0.14285719552905288,0.14285709806977645,0.14285715499324797
1712,3aaa5ed61fb709cdf2f08fbc2390863cd891695b70b7fad00d8dbb007ea5e4df,Healthy-Leaf(1399),4,0.9999999999999885,0.14285713808118436,0.14285714038890374,0.14285710751714792,0.142857167293394,0.14285719059113006,0.14285710227120219,0.14285715385703768
1713,6b25102b03b2abaa53401457f204ba9f5f9d771395000b692d5402518c678510,Healthy-Leaf(1399),5,0.9999999999999954,0.14285714568688204,0.1428571443024201,0.14285716395266937,0.1428571282709373,0.14285711438186532,0.14285716710031637,0.14285713630490948
1714,d3ae11ba7886bcf241f4454d94d1fee079c6201b825150ef1afce73746e7396b,Healthy-Leaf(1399),4,0.9999999999999952,0.142857139920076,0.14285714132661823,0.14285712125100108,0.14285715779759978,0.14285717205552473,0.1428571180548842,0.14285714959429607
1715,08d4247e51a1be0a578bf75dd6a380c538415d1e0d909ab3f5d9c52494714464,Healthy-Leaf(1399),4,0.9999999999999855,0.14285713741921569,0.14285714003679334,0.1428571027273396,0.14285717060603442,0.14285719707323108,0.14285709677867015,0.14285715535871576
1716,623c769391f0fbcc048506bc047d045f9c18bfa8fc98c12f5fe0f4ac12153863,Healthy-Leaf(1399),5,0.9999999999998017,0.14285716342395682,0.1428571534816227,0.1428572950566083,0.1428570376166242,0.14285693728253662,0.14285731765556406,0.1428570954830873
1717,5393834c3915b7deac22cb6a67ce7206cebbc755a9367ca79b5641dae3e254b4,Healthy-Leaf(1399),4,0.999999999999982,0.14285713678284295,0.14285713971501365,0.1428570979604485,0.14285717390207678,0.1428572035048965,0.14285709129701524,0.1428571568377064
1718,3ce32c8454409095290107d01d7bafcc1201d872a4ceb5b1c05891d6a2e3c7a5,Healthy-Leaf(1399),4,0.9999999999999767,0.14285713595941676,0.14285713931655394,0.14285709159547832,0.1428571783018594,0.1428572120702286,0.14285708396328,0.14285715879318286
1719,94554ef311d4156e9bdbe901129fc85ced50d261327108f88d698dbb4b6c90ab,Healthy-Leaf(1399),4,0.9999999999999893,0.14285713833925676,0.1428571405526458,0.14285710913789465,0.14285716617152877,0.14285718836775277,0.14285710410463626,0.14285715332628499
1720,fd1d7cbc8e71a6a9612e75efd2b5109f4a67ffea46328fa90132543dc46dca82,Healthy-Leaf(1399),5,0.9999999999997576,0.14285716561622666,0.14285715462204698,0.14285731121202155,0.14285702644557452,0.14285691545332338,0.14285733620198685,0.14285709044882008
1721,ec8b13c81141e8f0b17166b7f15eaf98886fd6eaaefa5289495f533eb3c543e3,Healthy-Leaf(1399),5,0.9999999999999476,0.14285715337882787,0.14285714829730298,0.14285722065745776,0.14285708906044858,0.14285703776575762,0.1428572322061366,0.14285711863406858
1722,5b63356b4c383ae0bd28cb269be39ba62548c4cac403b02679247b68bd02e58d,Healthy-Leaf(1399),4,0.9999999999999992,0.14285714282631687,0.14285714285131673,0.142857142516167,0.14285714309216516,0.14285714330463395,0.1428571424573791,0.14285714295202107
1723,f43751785f5c9ced3ba891a1da26587ab15a438794d7234b67496def73192f07,Healthy-Leaf(1399),5,0.9999999999998103,0.1428571629990905,0.14285715327779447,0.14285729173767545,0.14285703991038798,0.14285694174524075,0.14285731383120445,0.14285709649860642
1724,ef2ff3397120e0d705b334d87974c08fb6265b0a685064a2f45822638c55a4c0,Healthy-Leaf(1399),5,0.9999999999999712,0.1428571505947462,0.1428571468576944,0.14285720006025307,0.14285710330257476,0.14285706558703792,0.14285720855238682,0.14285712504530676
1725,63cfc5783f3ea85e07730910bf511905d0c7ab4142581bca5495d6561f777328,Healthy-Leaf(1399),4,0.9999999999999812,0.14285713666522062,0.14285713968226912,0.14285709680548886,0.14285717469922257,0.14285720503161245,0.14285708994604543,0.14285715717014102
1726,fbabb866737564a8215c2307cd86ccfa0fe58079d3f64e5b74ba585bd07f6b98,Healthy-Leaf(1399),5,0.9999999999999976,0.14285714467911487,0.14285714381366332,0.14285715616269629,0.14285713365555927,0.14285712486502494,0.14285715812638816,0.14285713869755304
1727,4521824d92949b9bde8f0c320ed66e5139a7e12ed1d2ce99f5a707d292a247ba,Healthy-Leaf(1399),5,0.9999999999999547,0.14285715263951798,0.14285714791462512,0.14285721519538794,0.14285709283733655,0.14285704514434006,0.1428572259336254,0.14285712033516704
1728,4ce95156e4c36dae95784809782529864a1759f5e9f9d9376a8f78b73e2a975d,Healthy-Leaf(1399),5,0.9999999999999465,0.14285715348385122,0.14285714834355998,0.14285722154273875,0.14285708844930084,0.14285703658205162,0.14285723322803948,0.14285711837045803
1729,2c463a263f07237fc98c26855387621e90c49ba5d8c44c92942e34129723fa36,Healthy-Leaf(1399),5,0.9999999999999759,0.14285714994692011,0.14285714653176,0.14285719517236686,0.14285710668181775,0.1428570721782257,0.14285720293145307,0.14285712655745647
1730,ae4f8a97787b4fe69d9344fc02d6288f583163a1a7a86eed7d6346c1f4c5a810,Healthy-Leaf(1399),5,0.9999999999997556,0.1428571657142176,0.14285715467131307,0.14285731192059617,0.14285702595505023,0.14285691449493815,0.14285733701898864,0.14285709022489623
1731,1ff714978cbce2bf93e2409e7525025fe4171d67831659da6ad0e0a254292212,Healthy-Leaf(1399),5,0.99999999999994,0.14285715412310068,0.1428571486804482,0.1428572261657867,0.14285708525143517,0.1428570303260631,0.14285723853439516,0.14285711691877107
1732,330057a2937eb742d3c19ee7f404a7abf4e3bfc777a439844b533dde63707b14,Healthy-Leaf(1399),5,0.9999999999999546,0.14285715266381127,0.14285714794356838,0.14285721525051412,0.1428570927992447,0.14285704505441166,0.14285722597977488,0.142857120308675
1733,a4b984aa67d48be2ebef6ab3cc34d14342d95d60060e188c1d6fef8f114d6be8,Healthy-Leaf(1399),5,0.9999999999997906,0.1428571640262276,0.14285715381658998,0.14285729927707752,0.1428570346971877,0.14285693155411802,0.1428573224814379,0.1428570941473613
1734,3a69579f15e953675a7c1eab0c9c917901fa710a8b245e55431f961871205ec2,Healthy-Leaf(1399),5,0.9999999999999059,0.14285715702561494,0.1428571502017353,0.14285724746728024,0.14285707052199362,0.14285700153244488,0.14285726297663096,0.14285711027430012
1735,832865bb93a216f0c27af99bbf38dce27712848f653cceb0e1d8d5dacae7b14a,Healthy-Leaf(1399),5,0.9999999999999599,0.1428571520534761,0.14285714762116727,0.14285721076495597,0.14285709590036086,0.14285705111753907,0.14285722083717972,0.14285712170532103
1736,88f8a166fa2b11527e7dbcee06140a2a18994dfc309c621c5fb70bc4c80761d1,Healthy-Leaf(1399),5,0.999999999999899,0.14285715753284656,0.14285715046239425,0.14285725122605364,0.14285706792282082,0.14285699645629604,0.14285726729528495,0.14285710910430366
1737,6831db1b62a1cabb0f0045e5c47a8328a346d2805b09da0dc650cb59fd884ace,Healthy-Leaf(1399),5,0.9999999999999992,0.1428571430435419,0.14285714296766067,0.14285714407317868,0.14285714201515523,0.1428571411958736,0.14285714424254112,0.14285714246204886
1738,62f36a47ab40473c51fe145807e2bb83258b74fc91aa096e4836f6afaf85dee7,Healthy-Leaf(1399),5,0.9999999999999342,0.14285715469360946,0.14285714899829363,0.14285723015291257,0.1428570824932606,0.14285702491318192,0.14285724309328554,0.14285711565545628
1739,1a9c5c028e26a79c3c3619f5ee3c41f0a67846d857462f850c352d128f8b3e1f,Healthy-Leaf(1399),4,0.9999999999999871,0.14285713776484033,0.14285714022951176,0.14285710514195743,0.1428571689356819,0.14285719379516237,0.14285709953935943,0.1428571545934867
1740,9db288ab16ff21919cb6737d2580dd26d17509ef30fbdd53583e522db3407354,Healthy-Leaf(1399),5,0.9999999999999045,0.14285715712298255,0.1428571502373662,0.1428572482958456,0.14285706994897843,0.14285700042691796,0.14285726394381731,0.1428571100240921
1741,07787fe1980cf0c634511cb5cd0aee3ed8d1bf464060581cced173662585764f,Healthy-Leaf(1399),5,0.9999999999999353,0.14285715458756648,0.14285714893339563,0.14285722949826862,0.14285708294704763,0.1428570258119453,0.14285724234841474,0.14285711587336164
1742,0837de0ef87f4b05951f103d4ebcd3f2d1825bd622eae9b43969d141ce382a02,Healthy-Leaf(1399),5,0.9999999999999623,0.14285715177277622,0.1428571474621116,0.1428572088155223,0.14285709724874168,0.14285705376592253,0.14285721861159145,0.1428571223233343
1743,463900ef3ca29b627c20ebd90839ca60c47c87d89980112b521662018d2512e7,Healthy-Leaf(1399),5,0.9999999999999992,0.1428571432640892,0.14285714307659317,0.14285714576033975,0.1428571408488883,0.14285713892339108,0.142857146184313,0.1428571419423855
1744,b24e94bd9e0856596655220082d81271842ae2115b924c001efba4819813dd84,Healthy-Leaf(1399),5,0.9999999999999524,0.1428571528663362,0.14285714802711877,0.1428572169123268,0.14285709165019073,0.1428570428300282,0.14285722791020258,0.14285711980379664
1745,41e6f2c11fd11d86afee65e249615c98417b57e906be9d953d926ddb8edd3d2c,Healthy-Leaf(1399),5,0.9999999999999966,0.14285714525376053,0.14285714411559877,0.14285716037714435,0.14285713074143438,0.14285711916790184,0.1428571629612614,0.14285713738289865
1746,aec7b8f30d539200887e59492c25ff8660bc93e880be35eb4d3ee349a89f68b4,Healthy-Leaf(1399),5,0.9999999999998903,0.14285715813669944,0.14285715076764727,0.14285725575002725,0.1428570647947408,0.14285699035263277,0.14285727249771252,0.14285710770053994
1747,f1292e52e1f0b66f99612d852fad1e7dc15d6720da55fc084787a95ababe9b0a,Healthy-Leaf(1399),5,0.9999999999997831,0.14285716437938642,0.14285715397966356,0.1428573020927636,0.14285703275137004,0.14285692777458084,0.14285732573178792,0.14285709329044763
1748,1ba4984d98e45b03df17459385f31dc1cf20021b9e3bf5fad554937081b8692b,Healthy-Leaf(1399),5,0.9999999999998265,0.1428571620905743,0.14285715279221428,0.14285728518946583,0.14285704443930286,0.14285695061013837,0.14285730632425367,0.14285709855405077
1749,b2ef68277c2c9f52e405db27f62033ebff64828cc77473211e741c2dcd885bf8,Healthy-Leaf(1399),5,0.9999999999998881,0.14285715829435452,0.14285715084737685,0.14285725693974388,0.14285706397230613,0.14285698874821048,0.14285727386518682,0.14285710733282125
1750,99bc570d68ddd81e00850070e50a286f96526ca8938c3ed3e12fbf970adbd978,Healthy-Leaf(1399),4,0.9999999999999892,0.1428571382335921,0.14285714048166057,0.1428571085147746,0.14285716660309494,0.14285718922812424,0.14285710340384655,0.14285715353490697
1751,f982662fcd08f1071a26a77c0d9b84143cde2e64821dfd2c4baf52465485a620,Healthy-Leaf(1399),5,0.9999999999999257,0.14285715543116417,0.1428571493743837,0.14285723568848924,0.14285707866644903,0.14285701744479423,0.14285724945325132,0.14285711394146833
1752,fcb47a8f588b3c5a9029e21afa68a94c8fd64fd3a542d0a94b21df8a543c40f6,Healthy-Leaf(1399),4,0.9999999999999944,0.14285713969697758,0.14285714123709772,0.14285711932779477,0.14285715912584346,0.14285717462160316,0.142857115824341,0.1428571501663422
1753,a3eb97493e41cd45d7df233450efec3e0987525c45a983e75b75a79978a9add5,Healthy-Leaf(1399),4,0.999999999999999,0.1428571422978487,0.14285714259195642,0.1428571385170532,0.1428571458577587,0.14285714869477645,0.14285713784916687,0.1428571441914396
1754,78ced8fbe3c4b3706a1c59b6b09bb5c208c89124788403bdb98f30cf00d5bd1f,Healthy-Leaf(1399),4,0.9999999999999845,0.14285713727701893,0.14285713999170727,0.14285710139880567,0.14285717152343408,0.1428571988351412,0.14285709522724746,0.1428571557466454
1755,efce95b32b4318c9998f8066b2e4b242daa7758ebc8edb1eff68bbd6bc5db46a,Healthy-Leaf(1399),5,0.9999999999999993,0.14285714312306438,0.1428571429994248,0.1428571447536818,0.14285714154504264,0.1428571402875346,0.14285714503242444,0.14285714225882729
1756,a10143ac9db6fef54626cbe5cd7542f35ed605df7fc8b1044ce228a6e37e684e,Healthy-Leaf(1399),5,0.9999999999999556,0.14285715252111367,0.14285714785828676,0.14285721428908485,0.14285709346415995,0.14285704636452332,0.14285722488724573,0.14285712061558578
1757,a930debb8e5f82d149d5d731114b87bf92a05ffce0050efcd0ef84c097464697,Healthy-Leaf(1399),5,0.999999999999926,0.1428571553655469,0.1428571493080259,0.14285723552167137,0.142857078783268,0.14285701770762932,0.14285724929079582,0.14285711402306267
1758,7a59f5dc94e5c9bf753f5aebe3884ccaa5b885e227aeb515f91c6ea7e043c884,Healthy-Leaf(1399),4,0.9999999999999917,0.14285713890993632,0.14285714085633444,0.1428571132652359,0.14285716331704099,0.14285718278180873,0.14285710883738517,0.14285715203225838
1759,921ab81dd0abadfa667af165a89706270231d986a661f19541e20ddd110eb375,Healthy-Leaf(1399),5,0.9999999999998159,0.14285716268482518,0.1428571531162048,0.14285728943639006,0.14285704150228382,0.14285694485567646,0.1428573111854031,0.1428570972192166
1760,d98ff391796841e3bfc27d605ab3c91a1ec1267e7cfcbb5acde29efbf19ab606,Healthy-Leaf(1399),5,0.9999999999999991,0.14285714291056514,0.14285714290367948,0.14285714305567968,0.14285714271878572,0.14285714256597437,0.14285714306886538,0.14285714277645015
1761,c2a9c089551e30561615bbe885ac5187e80d84502581e05f428c6b0d889c5c45,Healthy-Leaf(1399),4,0.9999999999999961,0.1428571402773287,0.14285714153507803,0.14285712366577136,0.14285715612690653,0.142857168766869,0.14285712080635027,0.14285714882169603
1762,b3911cd15a275863462682be42ef4af784a85ffc00f0f257fddb3454a0c74ee2,Healthy-Leaf(1399),5,0.9999999999998668,0.14285715973428573,0.14285715159308063,0.14285726755470768,0.1428570566318748,0.1428569744063956,0.14285728605614106,0.1428571040235145
1763,021f7d60a352812cd742048d41683be8c74a3bdb8ca7259233be89c01ceee4f3,Healthy-Leaf(1399),4,0.9999999999999991,0.14285714257800738,0.14285714272286848,0.1428571406740042,0.1428571443658379,0.14285714579240144,0.14285714034227445,0.14285714352460607
1764,1073b891bc45792b19cd17d602e115411894d2d848ea2dcdccfbf047ae2bd82d,Healthy-Leaf(1399),5,0.9999999999999989,0.1428571438696368,0.142857143403476,0.14285715011319688,0.14285713783862286,0.1428571330286332,0.14285715117020356,0.14285714057623067
1765,2837fcda85013a4df4f823d3bb1c5bbb6ae27f5386d0abfed1bc0ce256adfdf4,Healthy-Leaf(1399),5,0.9999999999999606,0.1428571519448189,0.1428571475687425,0.1428572099319002,0.1428570964763726,0.14285705223912257,0.14285721987660294,0.14285712196244033
1766,9d7f257ffb99aecce1fc75973694332f383e23f58530a1efea133328eabdd3f5,Healthy-Leaf(1399),5,0.9999999999999377,0.14285715438729923,0.14285714884012907,0.1428572279092023,0.14285708404521438,0.14285702794586044,0.1428572405147597,0.1428571163575349
1767,c1aaed6d0d257af05743f009b535fbd184345dfc64b375c745dd01430e140b6b,Healthy-Leaf(1399),4,0.9999999999999823,0.1428571368457381,0.14285713977035788,0.14285709817496825,0.14285717375215165,0.14285720318618256,0.1428570915246479,0.14285715674595384
1768,3bbd4062ad8219ca80ecc8f8c4cfc8876984938d0c36d8902efb670b46e3e59a,Healthy-Leaf(1399),5,0.9999999999999988,0.14285714391156504,0.14285714341407404,0.1428571505390307,0.14285713754481336,0.1428571324670025,0.1428571516687406,0.1428571404547738
1769,1cfb1121447349f96e5c76d8e5db3a2372e598b52ecedf8f3c305b3b3721fb56,Healthy-Leaf(1399),5,0.9999999999999595,0.1428571521005872,0.14285714763686935,0.14285721119815192,0.14285709560120027,0.14285705054236333,0.1428572213424621,0.14285712157836586
1770,b1ce18ca06d7f34ef3251e40037f113b93194a1ab5be214153a1d5ce59c3e092,Healthy-Leaf(1399),5,0.9999999999999375,0.14285715437058621,0.1428571488002768,0.1428572280731469,0.14285708393286742,0.14285702775878015,0.14285724073234907,0.1428571163319936
1771,4566513ceb7f8739243c9161986c77a138e5e71ba307d11a4ebc42b6adc9bc7b,Healthy-Leaf(1399),5,0.9999999999998879,0.14285715831926526,0.1428571508527738,0.1428572571792856,0.14285706380662933,0.14285698843163433,0.142857274148237,0.1428571072621746
1772,72ec7a852a81a488a9b2c5a68463edaeff1ac74607d809ce857bda052bb5f123,Healthy-Leaf(1399),5,0.9999999999999724,0.1428571504548728,0.1428571467983196,0.14285719893324186,0.1428571040820164,0.1428570670977287,0.14285720724414822,0.14285712538967238
1773,4f7a4683df281a9492a652d6a4e2bf474ed28c405568816a2048561c90b9e4fe,Healthy-Leaf(1399),4,0.999999999999993,0.14285713924382504,0.14285714101475672,0.14285711589086167,0.14285716150249453,0.14285717925330269,0.14285711186439876,0.14285715123036058
1774,2b0b472e94ed88ad653e9e08b99a1ee2c67dc24544c649ddc20d1018c0caed69,Healthy-Leaf(1399),5,0.9999999999999665,0.1428571512683702,0.14285714722146559,0.14285720489788087,0.14285709995698384,0.1428570590354116,0.14285721409363572,0.1428571235262522
1775,7b65182ae57ec3eb0535fd7d3c130e9c7448cc95abeb468b92b75abd6f91b8f0,Healthy-Leaf(1399),5,0.9999999999997737,0.14285716485298688,0.1428571542366325,0.14285730546210207,0.1428570304207278,0.14285692320799018,0.14285732959133007,0.14285709222823048
1776,7f1207288d9ac4a461df546ceb905b104faff6d9c773b1374fba5f32cc3af95a,Healthy-Leaf(1399),5,0.9999999999999971,0.14285714502071287,0.14285714400939475,0.1428571585190908,0.14285713202571015,0.1428571216616487,0.1428571608141672,0.1428571379492755
1777,b20c015a4850e64e94afd4bbd08237d2cd125a9b2985eabd5b99aecaecd9604f,Healthy-Leaf(1399),5,0.9999999999999454,0.1428571536176162,0.14285714841781852,0.14285722243880508,0.14285708782855244,0.14285703536171493,0.1428572342554489,0.14285711808004398
1778,c677bc6acf391a5f353b191c38aa0cf65bdc3e1078d2dd4c7dd9ddbe6c61efeb,Healthy-Leaf(1399),4,0.9999999999999989,0.14285714196591187,0.1428571424233563,0.14285713599189687,0.14285714760282928,0.1428571520983097,0.14285713494921212,0.14285714496848384
1779,2517c8716316db4006a43b9ad83411efdd8cfb7cce73840f86fd7ddeb598d0ea,Healthy-Leaf(1399),5,0.9999999999998056,0.14285716322720002,0.14285715338598615,0.1428572935298302,0.14285703867180521,0.14285693933662924,0.14285731589749612,0.14285709595105295
1780,53015cd09ebb7d006706ec29b3f8b911c5eb90a5cb5183e130c97ecf4d78c664,Healthy-Leaf(1399),5,0.9999999999999273,0.14285715527848739,0.142857149285902,0.14285723463308253,0.14285707939624454,0.14285701887952462,0.14285724825110663,0.14285711427565226
1781,4b0a8255a62e54696bd1599a273f626b507363a9184bb13fea5de3c3ecba72c6,Healthy-Leaf(1399),5,0.9999999999999019,0.14285715728600482,0.14285715029970356,0.14285724971100405,0.14285706897131362,0.14285699854015368,0.14285726558913495,0.1428571096026853
1782,4edc59e1c3e5099714c3a3db8e618fbaca89a2020a71964274debc0d406690a6,Healthy-Leaf(1399),5,0.9999999999997334,0.1428571667512021,0.1428571552286536,0.1428573194009367,0.14285702078208415,0.1428569043681061,0.14285734558932323,0.14285708787969417
1783,92d3c3cdbd2263b0e89073da358473bc2d915522f0a542c6f4f67b53c7a5fd63,Healthy-Leaf(1399),5,0.9999999999999983,0.14285714428427038,0.14285714360852172,0.14285715329351217,0.14285713564043062,0.1428571287457294,0.14285715482944733,0.14285713959808843
1784,3bdbe8847f67fd3a853ba6e912c7b89dc19062d2681b8cdc1d8b4b0699822cbc,Healthy-Leaf(1399),5,0.9999999999998616,0.14285716006312094,0.14285715177146963,0.14285726992117156,0.14285705499550844,0.14285697120179172,0.14285728876523032,0.14285710328170748
1785,ca634482dea06452df12cf9e6b39c6658e952d1cae491dbb8fcc576396421c11,Healthy-Leaf(1399),5,0.9999999999999307,0.14285715499164686,0.1428571491324813,0.14285723255562252,0.14285708083283744,0.14285702169100867,0.142857245870309,0.14285711492609426
1786,5b9623fb44b17f1818bb66f7b35b8bc2d84ec60f08ca4fe357068a1e46a082c9,Healthy-Leaf(1399),5,0.9999999999999796,0.14285714935057822,0.14285714621392445,0.14285719086649687,0.142857109659843,0.14285707800657355,0.14285719799427873,0.1428571279083052
1787,bf1d4326014eabc4ef58a2ae5cfe29a74f274356d07a463b88ce76de67ae2bee,Healthy-Leaf(1399),5,0.9999999999997449,0.14285716620746064,0.14285715493031304,0.14285731553975406,0.14285702345256082,0.14285690960273154,0.14285734117107585,0.142857089096104
1788,4178ef85504b1a1b4513080af0a6d78ef952b6ecb1a3e40dff6a2726f3df8872,Healthy-Leaf(1399),4,0.9999999999999982,0.14285714133084174,0.1428571420815991,0.14285713141313408,0.1428571507692216,0.14285715829733325,0.14285712970378237,0.14285714640408786
1789,642c5cc886e2c8aeddbb42e74a6ee8b24e5321f6178432faedf8cf810d920713,Healthy-Leaf(1399),5,0.9999999999998607,0.14285716009785143,0.1428571517851477,0.1428572702413941,0.1428570547747317,0.1428569707761605,0.14285728913538495,0.14285710318932965
1790,05f1787464016a10794189cad16b7a82143b1a311b65fc384dbf00322597a1b6,Healthy-Leaf(1399),5,0.9999999999997766,0.14285716470319085,0.14285715414987848,0.14285730443615025,0.14285703113036213,0.14285692460371555,0.14285732842210644,0.1428570925545963
1791,605863e10a6c7efd0acb9384edbcd4b4e81c5a71c7ff63b6e0be1b03a3f29f60,Healthy-Leaf(1399),5,0.9999999999999988,0.14285714397997615,0.14285714348066736,0.1428571507383612,0.14285713740557457,0.14285713216154383,0.14285715186958386,0.1428571403642931
1792,33b1a8c66ef6bd7e86c473baf526d420a2ec83128f0fb48e9299ebdd6dab8b50,Healthy-Leaf(1399),5,0.9999999999998477,0.14285716090103337,0.1428571521965471,0.14285727618064734,0.14285705066729357,0.14285696275443394,0.14285729596228294,0.14285710133776172
1793,13bc37d7e0a5bedaae8f5167620670a6bc23d1dd7a2d69ee099b9819b8da25e1,Healthy-Leaf(1399),5,0.9999999999999991,0.1428571433271738,0.14285714311045034,0.1428571462254945,0.1428571405274305,0.14285713829464813,0.1428571467166685,0.14285714179813427
1794,08ce5d6c1d19c858a5f40a0cecb0a6d946ab86b150e08841ebdc26ba01b9ab56,Healthy-Leaf(1399),5,0.9999999999999707,0.14285715068706262,0.1428571469229756,0.1428572006063298,0.14285710292495346,0.14285706483248092,0.14285720916133607,0.14285712486486155
1795,d85c26eb498d9b89ba240a339df0c5ce0c8abba97988f267b01568d5f9dbd39c,Healthy-Leaf(1399),5,0.999999999999912,0.14285715655941197,0.1428571499530683,0.142857244103446,0.14285707284851445,0.14285700608595872,0.1428572591197366,0.14285711132986398
1796,aa8cf2354ebb0decc92d3cc8ad9de7eeeab9920f7414c9efd6f7579072dd645e,Healthy-Leaf(1399),5,0.9999999999999609,0.14285715195206605,0.1428571475884795,0.1428572098427003,0.142857096537628,0.1428570523424776,0.14285721975883156,0.14285712197781697
1797,bd3f6868bb4b1522392c762cedf2970b67c647b6c267297dcf3231d52cdc481f,Healthy-Leaf(1399),5,0.9999999999999805,0.142857149165376,0.1428571461188278,0.1428571894837198,0.14285711061582917,0.14285707987288646,0.1428571964060789,0.14285712833728187
1798,53b08cea937323c1f6f8d6be1a93ea28a88b4f8594d91f5eede9cf068faebb7d,Healthy-Leaf(1399),5,0.9999999999998326,0.14285716177054975,0.14285715265044172,0.14285728260014804,0.14285704622887332,0.14285695408122775,0.14285730332863444,0.14285709934012497
1799,8771e950963d91622ffa0d059f1a69989c1a1c977cbd817b4bac620bcf3905ce,Healthy-Leaf(1399),5,0.9999999999999982,0.14285714436801025,0.14285714364614166,0.1428571539283061,0.14285713520089416,0.1428571278910108,0.14285715556628056,0.14285713939935651
1800,e4ade5586b1bb63ee02880d95d2c7e975ef6d27c7da702ac9ca7aa4e1bb0989c,Healthy-Leaf(1399),4,0.999999999999983,0.1428571369889141,0.14285713985481827,0.14285709914050823,0.142857173084232,0.14285720187075385,0.1428570926235011,0.14285715643727243
1801,58ddf98c0aa36813cd5c51377ace527e1d5d61747fcdcc3807f07e85cc3315aa,Healthy-Leaf(1399),5,0.9999999999999106,0.14285715666414245,0.14285715001318833,0.14285724478607117,0.1428570723755415,0.1428570051537356,0.14285725990053333,0.1428571111067876
1802,da68598de23cca9e396168bbdb14170a69f3d22bb945eb64550a2b4625072143,Healthy-Leaf(1399),5,0.9999999999997848,0.1428571643235961,0.14285715397145862,0.14285730146535872,0.14285703318400897,0.14285692859702911,0.1428573249935262,0.1428570934650223
1803,0eb4f76f8e9cbd1ede51e9dfd1edb302de89fc430821c68d14ebacb9e257c4c3,Healthy-Leaf(1399),5,0.9999999999998131,0.14285716285009906,0.14285715321006903,0.14285729055113086,0.14285704073056957,0.14285694333784282,0.14285731245970368,0.14285709686058498
1804,e1fd1c44a8c2d669604d76073a2e1a3bb624d985fe57e7439286613cd92daffa,Healthy-Leaf(1399),5,0.9999999999998949,0.14285715783750363,0.1428571506186521,0.14285725348410835,0.14285706636135231,0.1428569934069735,0.14285726989012645,0.14285710840128363
1805,477cb2045de5ae255ed37b3adceb43c8cd38fb7729462f9440aa35daea9d9e0d,Healthy-Leaf(1399),5,0.9999999999999989,0.1428571436392527,0.14285714327397314,0.14285714852812192,0.14285713893547633,0.1428571351833996,0.14285714935804736,0.142857141081729
1806,8fdab2304425392d1d6cb004f2f180b0ab3b4335bbb1fb9071c96fa58a87eb9f,Healthy-Leaf(1399),5,0.9999999999999798,0.14285714934707783,0.14285714622929357,0.1428571906741385,0.142857109792131,0.14285707824663751,0.14285719775775726,0.14285712795296435
1807,c1e2412388a40814e1b7d2684c6faf918030b21f4e1adfdc13d60f7000e0b2ba,Healthy-Leaf(1399),5,0.9999999999999923,0.14285714672047217,0.14285714488035392,0.14285717117540095,0.14285712327479977,0.14285710457592404,0.14285717535558543,0.14285713401746364
1808,6c0ebb2a7bb4d56c60d00eb5714c2e2177459644c1581965dcc229fd358fa6a2,Healthy-Leaf(1399),5,0.9999999999998874,0.14285715837705942,0.14285715090674178,0.14285725737788646,0.14285706366837042,0.14285698813618655,0.14285727435415171,0.1428571071796037
1809,96288d88cd4b9110fa2f8be2032b4f0b434859be696b56b278a1c61b5abf1f06,Healthy-Leaf(1399),5,0.9999999999999459,0.14285715359426,0.14285714843271802,0.1428572220288215,0.14285708811140302,0.14285703588686674,0.14285723375851594,0.1428571181874148
1810,9965f222ccbf473876c4f36a0b01b407ead8f3c79444bc35de45e2fe95fad989,Healthy-Leaf(1399),4,0.9999999999999633,0.14285713413609408,0.14285713837870637,0.14285707805002534,0.14285718766760253,0.14285723036008552,0.1428570684037715,0.14285716300371457
1811,b23649cdef2aeeef2877b34a18881f5ed52ff96d60db3580b1ee4ad7e994c403,Healthy-Leaf(1399),5,0.9999999999999843,0.1428571485202126,0.14285714580572392,0.1428571845393533,0.14285711403436366,0.142857086530519,0.1428571907075485,0.14285712986227886
1812,159d14a97011017508eba6f13ad02034050c4351798ef06737529b7844fb5e91,Healthy-Leaf(1399),5,0.9999999999997538,0.14285716579418098,0.14285715471662092,0.14285731249752465,0.14285702555646307,0.14285691371341927,0.1428573376763467,0.14285709004544428
1813,b56d0f1def970c88ec52ad7a11fd3e56466217f36a70141ad7fff9ed1f007b7c,Healthy-Leaf(1399),4,0.9999999999999758,0.14285713578643816,0.14285713923063764,0.1428570902855401,0.1428571792075639,0.1428572138358949,0.1428570824554653,0.14285715919845995
1814,53ece64609e54790dfa7ec55486145e0f51c10b79ed7f40058c9dae426b70c92,Healthy-Leaf(1399),5,0.9999999999999029,0.1428571572279167,0.14285715028686613,0.1428572491194962,0.14285706937968096,0.14285699931994808,0.14285726489393294,0.14285710977215896
1815,cb12e869212791bf7b48594dc82f2acff4c9239c06043457bb49c5f30c344f16,Healthy-Leaf(1399),5,0.99999999999991,0.1428571566933791,0.14285715001163743,0.14285724517060078,0.14285707211050047,0.14285700465410822,0.14285726035681995,0.14285711100295403
1816,e889b3fbe604b9d73bdca7d701ce4853b6bf9695bf9f7eac38a34404ef93af79,Healthy-Leaf(1399),4,0.999999999999983,0.1428571369717542,0.14285713982175466,0.14285709925404244,0.14285717300688128,0.14285720174569086,0.14285709277543637,0.14285715642444013
1817,80e89e2cda1296df9b10014eb85878bec66a7b25b2fe67a3c1829860635413fb,Healthy-Leaf(1399),5,0.9999999999997682,0.1428571651300314,0.14285715438459431,0.1428573074789791,0.1428570290262238,0.14285692047955076,0.142857331902351,0.14285709159826976
1818,35e742ac223ffc7f5c1d62464f82f467df34fc6a50a8e83321cea0b12fdeef19,Healthy-Leaf(1399),5,0.999999999999796,0.1428571637267413,0.14285715364963864,0.1428572971522068,0.14285703616640497,0.1428569344356067,0.14285732005399884,0.1428570948154027
1819,0b14df8c28d96886acf749df2e86983260132e32a393502f2ca09f8babd8fb9a,Healthy-Leaf(1399),5,0.9999999999999982,0.14285714433834915,0.14285714364473917,0.1428571535849501,0.1428571354379458,0.14285712833991693,0.14285715515859385,0.142857139495505
1820,33a4c8a462f99d7677136946beeef59a719cc6b0192e2382e0728e88cda69840,Healthy-Leaf(1399),5,0.9999999999998574,0.1428571602924041,0.14285715186555858,0.14285727183821956,0.14285705367064785,0.14285696863880173,0.14285729099005573,0.14285710270431248
1821,870d3a776d06edaa742ac83fe10b7fdfdd8c8de7bee2b3062261bf85934d8b03,Healthy-Leaf(1399),5,0.9999999999999585,0.1428571522329538,0.14285714772169106,0.14285721206201632,0.14285709500409577,0.14285704936091137,0.14285722231674655,0.1428571213015851
1822,65bfef2f3461ba5f5f788dab410f1565830721fa5f3053bdbe11838043b5feb6,Healthy-Leaf(1399),5,0.9999999999997994,0.1428571635558387,0.1428571535595455,0.14285729591577007,0.14285703702166289,0.14285693610876535,0.14285731863488604,0.1428570952035314
1823,ac05045d30110bdff0cd24c39f680e2f61711f36a1d4e8e224f276e84750c259,Healthy-Leaf(1399),5,0.9999999999999958,0.1428571455664383,0.1428571442546415,0.14285716290734066,0.14285712899281808,0.1428571157759979,0.1428571658876322,0.14285713661513139
1824,d4a72b2eecf859fbd58cfad1b8b3543c4d2a626a1ab57d421a69cee2aed7850b,Healthy-Leaf(1399),5,0.9999999999998617,0.14285716005118762,0.1428571517688285,0.14285726979572919,0.14285705508204355,0.14285697136689648,0.1428572886181602,0.14285710331715448
1825,166234ad21e6f81d3b884b96cb5a4f2eaf5ade9ed06ef3c40f4e99f82a43903c,Healthy-Leaf(1399),5,0.9999999999999549,0.14285715265028276,0.14285714795879476,0.14285721491815187,0.14285709302776514,0.1428570454761875,0.14285722557904967,0.14285712038976836
1826,b7a76ea484df07e6d1bcb8715d994274dd57bf8f1c6f7de229765cfd06ed2654,Healthy-Leaf(1399),5,0.9999999999998753,0.14285715916842726,0.14285715129686172,0.14285726341727198,0.1428570594931897,0.1428569800004193,0.1428572813070876,0.1428571053167425
1827,6655b3c602d6544c0d4bd3eac9e2631d37218e3530065ee5ea7de441fe8990d6,Healthy-Leaf(1399),5,0.9999999999999989,0.14285714389677168,0.14285714340821462,0.14285715042426397,0.1428571376243528,0.14285713262111424,0.14285715153450215,0.1428571404907807
1828,01ba17298e086e6366b7301fd93de2534f41644561c0101c135262b1336f9390,Healthy-Leaf(1399),4,0.9999999999999962,0.14285714030298716,0.14285714153128606,0.14285712400866765,0.14285715589027445,0.14285716832202963,0.14285712121642669,0.1428571487283285
1829,0ca14508117185f1d4555db24ba2779bf72d6e3700f19025500775f0cbe08af6,Healthy-Leaf(1399),5,0.9999999999998566,0.14285716039203875,0.14285715196155566,0.1428572721609029,0.14285705344598723,0.14285696815350715,0.14285729131913064,0.14285710256687773
1830,ae0b9cef4be1d03bf5746998256e6e77773a2d29f36bb75b5a2a114acd74f60d,Healthy-Leaf(1399),5,0.9999999999998516,0.14285716066700166,0.14285715207300118,0.142857274489967,0.14285705183677191,0.14285696504259904,0.14285729402193278,0.14285710186872633
1831,14085cf887479110ae841f4401be5ff46c296fd3d47373ded47c542d5a067889,Healthy-Leaf(1399),4,0.999999999999982,0.14285713681922627,0.14285713977004447,0.14285709786996284,0.14285717396292769,0.14285720358480108,0.14285709116080872,0.1428571568322289
1832,cf13c7473b7e3f0c07f393b4c1056770ca32c0378fcc81a91552be28fdabe5c1,Healthy-Leaf(1399),5,0.9999999999999065,0.14285715695265036,0.14285715013659891,0.14285724716237347,0.1428570707333426,0.14285700197279066,0.14285726265339527,0.14285711038884877
1833,515364bbc62ea0f3886e654b4444d7a333dbc3f171ad964992139a79a8fc11ae,Healthy-Leaf(1399),4,0.9999999999999946,0.14285713974888148,0.14285714129512303,0.14285711943487514,0.14285715905101,0.14285717444365054,0.1428571159173023,0.14285715010915745
1834,41edc3890c12eefce04b03d954debc59b0986bfb79f61106e26874574ead91cf,Healthy-Leaf(1399),5,0.9999999999998407,0.14285716128728398,0.14285715237856936,0.1428572792166332,0.14285704856892512,0.14285695867458229,0.1428572994644012,0.14285710040960495
1835,07825d0e1bf2f0d7408b0e975a04063589eb0bb96c66a46a6b75f881118c247c,Healthy-Leaf(1399),5,0.9999999999997912,0.14285716398324705,0.14285715378782132,0.14285729901431232,0.14285703487898233,0.14285693191577517,0.1428573221861867,0.14285709423367507
1836,17007a7bb6df204f3d026c0749fdb672254a7d5587800ec67ca847200dd3a929,Healthy-Leaf(1399),5,0.9999999999998699,0.142857159542286,0.14285715150540615,0.1428572660612483,0.14285705766488246,0.1428569764140861,0.1428572843278738,0.1428571044842172
1837,4414b6493d52befc60a57b9707e08b30eaa9c22010787e6d61bfebc895744339,Healthy-Leaf(1399),5,0.9999999999997636,0.1428571653217422,0.14285715447282876,0.14285730899136878,0.14285702798067376,0.14285691844813747,0.14285733364986009,0.14285709113538891
1838,d65e3fc50eecd73649ce1628d4b6d5af7e497dc3b562c7bdb69f5903aa96ecd9,Healthy-Leaf(1399),5,0.9999999999998704,0.1428571595120377,0.14285715149531197,0.14285726576352595,0.14285705787008712,0.1428569768079524,0.142857283982284,0.14285710456880088
1839,ae9a1d1cf0bd7e3463df06729b4f93e0013d160f44ff3bd3ad966d38b87cf96e,Healthy-Leaf(1399),5,0.9999999999999927,0.14285714665135302,0.14285714481785727,0.1428571709069952,0.14285712346118878,0.14285710496748313,0.14285717507270637,0.1428571341224163
1840,09125c1bc08d46c2ff8f2f4d1ff0756587b84cfd54932ded41baafb9f6f63ccd,Healthy-Leaf(1399),5,0.9999999999998853,0.14285715851125133,0.142857150966737,0.1428572584575111,0.1428570629221696,0.14285698668826366,0.1428572756027855,0.14285710685128186
1841,ef6b4a76c8a1e773f614906fde3724818c3173e3c05c743bc41dd6dcb4e9f1ed,Healthy-Leaf(1399),5,0.9999999999999559,0.14285715252451955,0.14285714787255657,0.14285721420434694,0.14285709352246478,0.14285704646574987,0.14285722477782792,0.14285712063253433
1842,365465031ce61f16a88e6f5dafe9938779d51e6ee924781e36303cceb2f5cc05,Healthy-Leaf(1399),5,0.9999999999999561,0.14285715249350173,0.14285714785143971,0.1428572139860992,0.14285709367278185,0.14285704676279093,0.1428572245343687,0.14285712069901782
1843,932c1e740443251e3f3e281e393688e89f9cf9c192076acaf32daa51f4bd8b02,Healthy-Leaf(1399),5,0.9999999999999968,0.14285714514775089,0.14285714404832836,0.14285715970959187,0.14285713120346424,0.142857120083493,0.14285716220622155,0.14285713760115012
1844,75fb484a64a754a4bd7f411a1f7048e68fca3da567ed649a5ffe0c5b02f19f9e,Healthy-Leaf(1399),4,0.9999999999999793,0.1428571363327439,0.14285713951397783,0.14285709431542623,0.14285717642094425,0.14285720839133909,0.14285708708285724,0.14285715794271142
1845,9c1a411582503a04a63597350e93f9c4914edc5c8bbd0189dacef2295e1750c1,Healthy-Leaf(1399),5,0.9999999999999758,0.14285714996009713,0.1428571465318798,0.14285719533486385,0.14285710656973058,0.14285707196641964,0.14285720312414252,0.14285712651286656
1846,0005ea5c86f398fd30cdb534062ea308258eadce00f0df100da130bd45f388c5,Healthy-Leaf(1399),5,0.999999999999993,0.14285714652012604,0.1428571447623685,0.14285716984887248,0.14285712419298632,0.14285710638572416,0.14285717384418134,0.14285713444574114
1847,9b0fb5a3779a6cb876e781fae544cc931c43e8dc017d8f78ddcbab574b79c94d,Healthy-Leaf(1399),5,0.9999999999999942,0.14285714617273432,0.1428571446009838,0.14285716710382973,0.1428571260903368,0.14285711007284357,0.14285717067510934,0.14285713528416247
1848,5299134b2c679ed39e030e72666c711999bdc6dcc56a0eb114d9f3b0775fe36e,Healthy-Leaf(1399),5,0.9999999999999875,0.14285714790501897,0.142857145496091,0.14285717992423086,0.1428571172255465,0.14285709275647135,0.14285718539867284,0.14285713129396846
1849,371a293b198166a0ef97c514db16e75e3ee2e2036f6e64ca57a93a8cca4d9906,Healthy-Leaf(1399),5,0.9999999999997775,0.14285716467226003,0.14285715414438888,0.14285730411937744,0.14285703134923747,0.14285692502086442,0.14285732804786117,0.14285709264601062
1850,381186f18970a393ec7b561c642ca3f4daecd2119b2deea2ede7b1ed6c5f4a3f,Healthy-Leaf(1399),4,0.9999999999999885,0.1428571380602654,0.14285714038012706,0.1428571073398288,0.14285716741585539,0.142857190828069,0.1428571020659011,0.1428571539099532
1851,9a3becd0cf1db40b1f46320511529e4292beba44b3f67de1d1c6da9796475b40,Healthy-Leaf(1399),5,0.9999999999999826,0.14285714882311967,0.14285714594571017,0.14285718691692145,0.1428571123905492,0.1428570833358784,0.14285719345472642,0.14285712913309467
1852,6abc68ec91418e53d9b9fc5b5f543cb5de301b39ca7ddfcd01273c9aac9ca9d4,Healthy-Leaf(1399),5,0.9999999999998346,0.14285716166595988,0.14285715259455456,0.14285728182636354,0.1428570467636214,0.14285695512677493,0.14285730244284778,0.14285709957987788
1853,c5023bbfaa33eefa069f46e603b7d460adb574cc5182408ce9534ae60facd792,Healthy-Leaf(1399),5,0.9999999999998999,0.14285715746373961,0.14285715041708483,0.1428572507822384,0.14285706822957964,0.14285699706435842,0.1428572667960147,0.1428571092469843
1854,2ef629c542c5831f82570c1b5407a70f4145946cabbb14a985fb98521fcd91cb,Healthy-Leaf(1399),5,0.999999999999993,0.14285714652686074,0.142857144777253,0.14285716976118157,0.1428571242525751,0.1428571064885262,0.1428571737349415,0.14285713445866194
1855,ba4b610c32a9630d17fb52b9987dab5a683241c49bf1be1e55a15226ea2bb471,Healthy-Leaf(1399),4,0.9999999999999986,0.1428571416758494,0.14285714228826912,0.14285713372487144,0.1428571491702424,0.1428571551456513,0.1428571323306906,0.14285714566442578
1856,a552745ab1d57ca78a3943a2389253168bd7b979bede8bb6b43832267cef1758,Healthy-Leaf(1399),4,0.9999999999999826,0.14285713690274515,0.142857139799371,0.14285709861250928,0.14285717344986146,0.1428572025968294,0.1428570920267915,0.14285715661189222
1857,0cbb276bb0a0a0f34af04ce4501612bda4393ead8f2a1a59420f9fc147ca75cc,Healthy-Leaf(1399),5,0.9999999999999197,0.14285715591717946,0.1428571496126991,0.14285723940361877,0.14285707609800177,0.14285701244092838,0.1428572537319096,0.1428571127956629
1858,d183c6c387e2131a6ec75a250c9212c5b9a9407f5379f9163608fa8528981e2e,Healthy-Leaf(1399),5,0.9999999999999171,0.14285715615682268,0.14285714975322733,0.1428572410101845,0.14285707498630465,0.14285701025132153,0.14285725556217752,0.14285711227996178
1859,61919545aa2e9bb1f7092dec5bac592c5329af02fe0c3dc4c873d867a6b0730e,Healthy-Leaf(1399),5,0.9999999999998792,0.14285715892232717,0.14285715118278874,0.14285726148178113,0.1428570608312102,0.14285698260088273,0.14285727907155057,0.14285710590945935
1860,8b72d0933de223848d0a781c39316dc219f73b913cf42fd861f36537fe4f892e,Healthy-Leaf(1399),5,0.9999999999999923,0.1428571467057773,0.14285714487177129,0.14285717106342036,0.14285712335199424,0.14285710472707333,0.14285717522875102,0.14285713405121245
1861,6d9b7ae75ae91b64e770a491ccbad93550c8127d3f2e1419eb8af8433f73983f,Healthy-Leaf(1399),4,0.9999999999999899,0.14285713838287495,0.1428571405517348,0.14285710968150922,0.14285716579650617,0.14285718765970573,0.14285710475062796,0.14285715317704117
1862,84842e99bdb0e1e820c9518fd0a6f08398887a8edb0245c9aabc011f8752c544,Healthy-Leaf(1399),5,0.9999999999998611,0.1428571600923578,0.14285715178928285,0.14285727011342741,0.14285705486249803,0.14285697093922065,0.14285728898343963,0.14285710321977368
1863,619fe2e65b6eb3ea102153992e7bd307ea6b915ec0e7e23504869d92312a45fb,Healthy-Leaf(1399),5,0.9999999999999896,0.14285714742260397,0.14285714522892567,0.1428571764961931,0.14285711959600436,0.14285709740417576,0.1428571814800587,0.1428571323720385
1864,8c77ccdcb46b01cc68c6cfa9713150dd1f5a0a04217c4f6511bfe58d74600439,Healthy-Leaf(1399),5,0.9999999999998833,0.14285715864595294,0.14285715103745358,0.14285725945591304,0.14285706223202196,0.14285698533961153,0.1428572767475654,0.14285710654148143
1865,107d0a8d8831e78ac0fb7290a4904143869e6ec09d77c696e48c68096fb4f12a,Healthy-Leaf(1399),5,0.9999999999998823,0.1428571586907345,0.1428571510473191,0.1428572599023734,0.1428570619235871,0.1428569847505127,0.14285727727326725,0.14285710641220592
1866,4373f667020e8713b7cf785263b3b733b034d5ee0bee0604f0b3d7ba78a369e4,Healthy-Leaf(1399),5,0.9999999999999978,0.14285714462806123,0.14285714379266803,0.1428571557308331,0.14285713395391578,0.14285712544200946,0.14285715762565307,0.14285713882685935
1867,1f4bfd31a8474bc8c795f1cdf95d2abd4eace463ea9930b39635d1cc62092879,Healthy-Leaf(1399),5,0.9999999999999417,0.14285715396073995,0.14285714860529683,0.14285722489737784,0.14285708612848855,0.14285703203097475,0.1428572370685552,0.14285711730856693
1868,5310c818f6c58dd7b1c6f9994a2e1ab5bb68dfe347f7d8dd2da5bd7587fd36ed,Healthy-Leaf(1399),5,0.9999999999998685,0.14285715959554185,0.14285715151696743,0.14285726658414033,0.14285705730344403,0.14285697572372025,0.1428572849446221,0.14285710433156407
1869,9bf4a7a51d6600a4c384a4955b415544b2d845e2fecaec7f07fceee91ecd2045,Healthy-Leaf(1399),5,0.999999999999995,0.14285714588383497,0.14285714443169767,0.14285716512929145,0.14285712745586204,0.1428571127597992,0.14285716842763313,0.14285713591188157
1870,ff8c6dde05b1ae6c62bdae2878460e1a4ec1b65c9159644511a8efac211de0b8,Healthy-Leaf(1399),5,0.999999999999975,0.14285715006473879,0.14285714658488674,0.14285719612074618,0.14285710602639531,0.1428570709062969,0.14285720402757637,0.1428571262693597
1871,9d9cf6a0bda8d1442955953f10ddccabbaa5b2802a0d31c8207172d801dbe700,Healthy-Leaf(1399),5,0.9999999999999986,0.14285714420359852,0.14285714355847187,0.14285715274520033,0.14285713601923042,0.1428571294928955,0.14285715420952708,0.14285713977107634
1872,2f14bbc7ac5d3dfddd4707665181f509af5e7cce15fd384c7d061574cc1cf9b2,Healthy-Leaf(1399),5,0.9999999999999902,0.14285714723412954,0.14285714512583095,0.14285717515801527,0.14285712052157334,0.14285709921827833,0.14285717994830108,0.14285713279387138
1873,70a24de8d2899200f6c6a3eb137215d43edd9bbaf9a4bcb4aef8cafc4de90f87,Healthy-Leaf(1399),5,0.999999999999828,0.14285716201736645,0.14285715277205163,0.14285728446208548,0.14285704494120322,0.14285695157099265,0.14285730547383824,0.14285709876246222
1874,e6ae1554ae1b2b025d66dc647a67fa06a7f1f92d3d57522547a4ab50b7d4b54f,Healthy-Leaf(1399),5,0.9999999999998233,0.14285716228921053,0.14285715291954265,0.14285728643720536,0.14285704357585927,0.14285694889811038,0.1428573077336815,0.1428570981463903
1875,dc014b52db8ba9cb6a170dc21877264e0bd50f5c1907aefa010b305b07c54a93,Healthy-Leaf(1399),5,0.9999999999999928,0.1428571466179671,0.14285714482612827,0.14285717045203003,0.14285712377552134,0.14285710555657305,0.14285717452442248,0.14285713424735774
1876,eeb115e09cbd207d6784f8f532d907471c5d3765d9ddb40fc3838a5937315c00,Healthy-Leaf(1399),5,0.9999999999999414,0.142857154009139,0.14285714863050095,0.1428572252422639,0.14285708588976523,0.14285703156384477,0.1428572374652303,0.1428571171992559
1877,9c469b66b1d640d8c5122eb0d9c7822a0bf50d7e9740ad285aa990463d244a68,Healthy-Leaf(1399),4,0.9999999999999923,0.14285713900596653,0.14285714086903864,0.14285711433219883,0.14285716258080822,0.1428571813828372,0.14285711009633095,0.14285715173281963
1878,271de686e9c8b58e10bd8416f0efc4e5f1a86d8bc8e229857cf1eb3511076a4d,Healthy-Leaf(1399),5,0.9999999999999729,0.14285715035430813,0.14285714672510688,0.14285719836006525,0.14285710447850855,0.14285706789290878,0.14285720660750145,0.14285712558160088
1879,f288f0b8e9b002cde88bb9397bef10e8d967fb82b00f4c3df81a19256fbdf817,Healthy-Leaf(1399),5,0.999999999999902,0.14285715731492335,0.14285715033640925,0.14285724971577077,0.14285706896712047,0.14285699850900505,0.1428572655747737,0.14285710958199746
1880,86769485e07c5277a62b5bcb9ce2d4174cb1005a7493f1f3baca4fc19603632d,Healthy-Leaf(1399),5,0.9999999999999846,0.14285714845715666,0.1428571457560208,0.1428571842195432,0.14285711425581674,0.14285708698038765,0.14285719035710306,0.14285712997397193
1881,3d780e4c836ac7a2750a6496adb663a0c5d35da2f27027545b5932b954c6c527,Healthy-Leaf(1399),5,0.999999999999917,0.14285715613284397,0.14285714971067287,0.14285724113042078,0.14285707490456218,0.1428570101240006,0.14285725572726382,0.1428571122702357
1882,ad68fb12d81c2829690abdf309285098459334d51cd74e67edde643c6c320918,Healthy-Leaf(1399),5,0.9999999999999968,0.1428571452049117,0.14285714410011283,0.1428571599418421,0.14285713104245892,0.14285711974667176,0.14285716245108804,0.1428571375129147
1883,8a0596f15a0f3047094974b550788f955a0c40b1b70c0880324bb3ac6ed4938d,Healthy-Leaf(1399),4,0.9999999999999946,0.14285713972322883,0.14285714124178028,0.14285711961499248,0.14285715892777417,0.14285717424453953,0.14285711616176927,0.14285715008591546
1884,db9ce67e158a40b25b033b4f5288b8927a420ade1536c29c78ba24a97c095c7e,Healthy-Leaf(1399),5,0.9999999999999991,0.14285714324912063,0.14285714306173813,0.14285714571181585,0.14285714088260493,0.1428571389964664,0.1428571461354987,0.14285714196275537
1885,9b051074f77d6a444feadb30b0d61bae25f2b15680b81d0e2a641a9f30c20347,Healthy-Leaf(1399),5,0.9999999999999802,0.142857149219874,0.14285714614583023,0.14285718990002,0.14285711032804568,0.14285707931214817,0.14285719688513976,0.1428571282089422
1886,f98508bfd2e94ecceee8e3f9eb78ef4e69287183be4526bed50f9c5ec9a8eb4d,Healthy-Leaf(1399),5,0.9999999999999714,0.14285715059450935,0.142857146871241,0.14285719993274584,0.14285710339029717,0.14285706574432425,0.14285720839312474,0.14285712507375764
1887,2363408be0f3b300d7a7a9be3b06317115107e9302abaecc2478d8a0eb6b1034,Healthy-Leaf(1399),4,0.9999999999999988,0.14285714192504792,0.14285714240229744,0.14285713569368058,0.14285714780912284,0.1428571525015226,0.14285713460636526,0.14285714506196326
1888,9895564bb6dc6f23fc7073b90ee3858671a4ef5c21755ee8a015bbe653b366de,Healthy-Leaf(1399),4,0.9999999999999868,0.14285713773594658,0.1428571402356174,0.14285710471953197,0.14285716922677297,0.1428571943412161,0.14285709903548113,0.14285715470543386
1889,587dfdb83150b57026f1a28f341dd20066ce81c88258abb497e8f0922e9e9c19,Healthy-Leaf(1399),5,0.999999999999864,0.14285715988783038,0.14285715166690605,0.1428572687471276,0.1428570558076486,0.14285697280240425,0.14285728743041287,0.1428571036576702
1890,c72a4823255b8c19018d221863c2b81312b9e542bd09c661af7b2ac65fd22e65,Healthy-Leaf(1399),5,0.9999999999998521,0.14285716060885192,0.14285715202956614,0.14285727417222638,0.14285705205668717,0.14285696548543406,0.14285729367031422,0.14285710197692017
1891,3708060e8016d55cf31a2e977d07d93fefbe1689c1ea8912b3c09079839da439,Healthy-Leaf(1399),4,0.9999999999999928,0.14285713917960277,0.14285714096749316,0.14285711554636,0.14285716174119015,0.1428571797342204,0.14285711148189045,0.14285715134924315
1892,80ccc40540b83f8e07fd1df7cf29c3802963243c02dadc0b8aaf7396a2488d4c,Healthy-Leaf(1399),5,0.9999999999999146,0.14285715634872687,0.14285714985562137,0.14285724241616912,0.14285707401434772,0.1428570083501715,0.14285725717278677,0.14285711184217675
1893,6fcc60630acb220aa896106e973b8255d27b3ca20120bfcec183ca778f0b8b94,Healthy-Leaf(1399),5,0.9999999999999981,0.1428571444170592,0.1428571436940713,0.14285715409022387,0.1428571350883513,0.1428571276481709,0.1428571557305551,0.1428571393315683
1894,5c5784278c96fda47dbd998aa557c021e85bfe2635514667cb3ea149c5634b41,Healthy-Leaf(1399),4,0.9999999999999973,0.14285714091150367,0.14285714186333814,0.14285712833896888,0.14285715289524503,0.1428571624527514,0.142857126173743,0.14285714736444988
1895,017df46043b902977441887c39fbd3d57ae9ab42e5c4a12d4762d3a5190c4a8a,Healthy-Leaf(1399),4,0.9999999999999669,0.1428571345762539,0.14285713860298524,0.14285708134365707,0.14285718539044145,0.14285722591552896,0.1428570721888359,0.14285716198229736
1896,6d7f9e2e10a915347a2ec3cac7d0161abf60cff90bd6b73e2a0ed6e23b696148,Healthy-Leaf(1399),5,0.9999999999997208,0.1428571672878631,0.14285715548903097,0.14285732354985634,0.14285701791427244,0.14285689878483157,0.14285735036860234,0.14285708660554325
1897,fb19eca33aeb3cde2f47b6069fadcb9eef3ab15f8c8286a89b8b42a87cb4db1f,Healthy-Leaf(1399),4,0.9999999999999982,0.14285714153587384,0.14285714219788367,0.14285713285853685,0.14285714976993613,0.14285715633596324,0.14285713135247688,0.1428571459493293
1898,6e6435d63565ba965d3fc8842feaedf1b961ae8099c84d7436b2a8698c51824e,Healthy-Leaf(1399),5,0.9999999999997847,0.14285716430435014,0.14285715394707638,0.1428573014745208,0.1428570331785339,0.14285692860225987,0.1428573250163614,0.1428570934768975
1899,ca38714412c23779b19face4172e7717842f66f49f469c770a17a53b5939c916,Healthy-Leaf(1399),5,0.9999999999999982,0.1428571444357232,0.1428571436707644,0.14285715453092246,0.14285713478467107,0.14285712708902498,0.14285715626769016,0.14285713922120383
1900,c42e422248a09176d7049ebe5a7157b2c2dd1ca7fa3283082d213f4a39d995d1,Healthy-Leaf(1399),5,0.9999999999999044,0.1428571571424903,0.14285715025647713,0.14285724836128774,0.14285706990351918,0.14285700032901943,0.14285726401020551,0.14285710999700074
1901,e3888785d88ae0fca1707a592bf43e85eb49de0f11b72f81e55b4104085deb75,Healthy-Leaf(1399),4,0.9999999999999959,0.1428571401819228,0.14285714149265377,0.1428571228945983,0.1428571566598788,0.14285716980073657,0.14285711991437364,0.14285714905583624
1902,be5919123f20f152fd44e91c0c13c30f3a2117d8f405896005606636fd628cab,Healthy-Leaf(1399),4,0.9999999999999755,0.14285713574800155,0.14285713921007168,0.14285709001029243,0.14285717939796252,0.1428572142087534,0.14285708213986043,0.14285715928505807
1903,281fe8f3f8191513f3a6b5910d86c7cd6950a2116da7b210b11867b977d6d533,Healthy-Leaf(1399),5,0.999999999999834,0.14285716167576842,0.14285715258046602,0.14285728207673776,0.14285704659114873,0.14285695480975213,0.14285730274828512,0.14285709951784176
1904,e0f59453fee3c013931adf8acf9c8a24bf1c1e468049edbf9a314bb395a3ce6c,Healthy-Leaf(1399),4,0.9999999999999888,0.1428571381588149,0.14285714044656075,0.1428571079112663,0.14285716701991097,0.1428571900377246,0.1428571027086003,0.14285715371712215
1905,165e435df82f6161b45271aa27d43095e9cc3fb6aee85d924a12081b21aff0c5,Healthy-Leaf(1399),5,0.9999999999999807,0.14285714915880046,0.1428571461091442,0.1428571894974945,0.1428571106065966,0.14285707986166418,0.1428571964275074,0.1428571283387927
1906,d9f64d8f06fc53bafa67497fda8bec67acce85bd5f261979e175352beee31539,Healthy-Leaf(1399),5,0.9999999999999953,0.14285714579257,0.14285714437698258,0.14285716453200023,0.14285712786929447,0.14285711357573283,0.14285716774819787,0.14285713610522202
1907,7b820bc6df3ca235a74863496e02047322c4facf95934970d9cabe840ea20be3,Healthy-Leaf(1399),5,0.9999999999997442,0.14285716624533773,0.1428571549576131,0.14285731574232036,0.14285702331209926,0.14285690932001952,0.14285734139690293,0.14285708902570712
1908,ff898f6df43e3a9b9a84234d360a247ab9677ded4c948eee38ac70c1803a41f5,Healthy-Leaf(1399),5,0.9999999999998705,0.14285715949054417,0.14285715147881528,0.1428572656609059,0.1428570579413579,0.14285697695317431,0.14285728386905155,0.14285710460615078
1909,a581508578e4b6c40a70342fd0241684b09e26013096e7c011ed3b0bd38d06bc,Healthy-Leaf(1399),4,0.9999999999999879,0.14285713797648722,0.14285714037918418,0.1428571063081576,0.14285716812739108,0.14285719217287352,0.14285710084275463,0.1428571541931518
1910,093993f5c2a57197cceff13738be35ba0fc9fb74a9b894ded62ec2d976859cc4,Healthy-Leaf(1399),5,0.9999999999998833,0.1428571586183873,0.14285715100006552,0.14285725946313252,0.1428570622277419,0.142856985355143,0.14285727677772964,0.1428571065578002
1911,3c12b227818f1a8c68a317a0c10abdc3c397019b03c6c12809fbf02a261e3b28,Healthy-Leaf(1399),5,0.9999999999999095,0.1428571567366996,0.14285715004144559,0.14285724544203282,0.14285707192296995,0.1428570042811404,0.1428572606602868,0.1428571109154248
1912,7787f44d326d61c511b37987dda7c6db3f718db1e0b79890e7d1f3654cc471e6,Healthy-Leaf(1399),5,0.9999999999998076,0.142857163147424,0.14285715336376834,0.142857292755632,0.14285703920634385,0.14285694036060884,0.14285731499110707,0.14285709617511586
1913,3c7553a4aab2c747488ff770b4a1b3aaf514d9054f9b3157d1d0144dbb48a8bf,Healthy-Leaf(1399),4,0.9999999999999987,0.14285714162007312,0.1428571422311464,0.1428571335900621,0.14285714926474058,0.14285715536048788,0.14285713220128193,0.1428571457322081
1914,a00c8ec541ed38175031faac3d1162d5ab72a08ac6fdf423006f0e841451ac88,Healthy-Leaf(1399),5,0.999999999999719,0.14285716737833926,0.14285715554155606,0.1428573241630919,0.14285701748999005,0.14285689794989212,0.1428573510676527,0.14285708640947792
1915,be98ed94edb6eb540921a64de5c54adb2bc997cd7b8321d44bc542ff5e3e2c22,Healthy-Leaf(1399),5,0.9999999999998124,0.14285716285922573,0.14285715319008452,0.1428572908551587,0.14285704052133955,0.14285694295517348,0.1428573128314678,0.1428570967875503
1916,8e91d26ac1ae245a26cc5359979489da6b655aa5589551da0e2f000cbbc33bf3,Healthy-Leaf(1399),5,0.9999999999999708,0.14285715067629493,0.14285714689399184,0.14285720072364172,0.14285710284418948,0.1428570646980316,0.14285720931932894,0.14285712484452154
1917,b222489091c80e5840892da5275efb421bab694bdac73403dd0e9b675da42bca,Healthy-Leaf(1399),5,0.9999999999997873,0.14285716417035063,0.14285715387859146,0.1428573004505493,0.14285703388601492,0.1428569299820825,0.14285732384136182,0.1428570937910494
1918,e9a943e834a94c28ca6f369229eff7e6f962554c359f2201a8a21b478904232c,Healthy-Leaf(1399),5,0.9999999999999019,0.14285715730534232,0.14285715032369806,0.14285724972698818,0.14285706895984085,0.14285699850343592,0.14285726559423725,0.14285710958645742
1919,6df4e2ee1afa41d1466fff35e4fe39f99c744eda2763ef74849b19641ec7fe76,Healthy-Leaf(1399),5,0.9999999999999638,0.142857151583483,0.1428571473864305,0.14285720724298284,0.14285709833605603,0.1428570558686683,0.14285721678265162,0.1428571227997278
1920,1fbdef158239698a2e723eb80d5756d497bcc8b83583da663c71e2942f39e5de,Healthy-Leaf(1399),5,0.9999999999998467,0.14285716096955217,0.14285715223837087,0.14285727666152015,0.1428570503352698,0.14285696210101234,0.14285729650629886,0.14285710118797587
1921,01d5c5a424c1b05b640a18d97b675d8f0b2dc868007d9b09d9fb7892a015e752,Healthy-Leaf(1399),5,0.9999999999999426,0.14285715385950856,0.14285714853680528,0.1428572242934344,0.14285708654653329,0.14285703286412163,0.14285723639041759,0.1428571175091792
1922,84dc596593e96078689ce5b81a50b9f49ac82e69952ae6c35da61cf630615f6e,Healthy-Leaf(1399),5,0.9999999999998579,0.14285716025163137,0.14285715184074435,0.142857271575995,0.1428570538521925,0.14285696899761402,0.14285729069208689,0.1428571027897359
1923,5739eb0b0f95d3b365f91a6ab0368943b9092346e13bfebfca60fc095c7f4a86,Healthy-Leaf(1399),5,0.9999999999999667,0.14285715120509457,0.14285714717666145,0.14285720453439077,0.14285710020856515,0.14285705953905506,0.14285721368801388,0.1428571236482191
1924,1f1bce6512e336d1f8c6e88dfa3a5f958d70fe6e0ef1504a5326e0a7ff08f2cd,Healthy-Leaf(1399),5,0.9999999999998949,0.1428571578115294,0.14285715058939477,0.14285725342831834,0.1428570664002488,0.1428569934988762,0.14285726984158456,0.14285710843004787
1925,a037db83c0ca591a1596e9d1414355fab77740fdc878c0856fe7ee78d07d0279,Healthy-Leaf(1399),5,0.999999999999938,0.1428571543174879,0.142857148781122,0.14285722760855515,0.14285708425393984,0.14285702837770067,0.1428572401907071,0.14285711647048732
1926,f97b4dac60942c173dc2c5c3f97fcdd4747e22698d6cda83e37df4204754a9b3,Healthy-Leaf(1399),5,0.9999999999998219,0.14285716235367102,0.14285715293454296,0.14285728706376447,0.14285704314279904,0.14285694807022578,0.14285730847174577,0.14285709796325097
1927,e2eb738bd5aa6a5c73d6ba5e5c667da73cccc0456efc7047b636b0dd32d5f850,Healthy-Leaf(1399),5,0.9999999999999951,0.14285714579469058,0.14285714437254096,0.14285716459988693,0.14285712782256418,0.1428571134902037,0.142857167831265,0.14285713608884865
1928,bb8c2a2e5f0c78e24864fa325e7f8ec8c51f3fa5fa03f31665fe6a23c2f25d8c,Healthy-Leaf(1399),5,0.9999999999999409,0.1428571540663335,0.1428571486676032,0.14285722557978425,0.1428570856557992,0.1428570310980823,0.14285723784685397,0.14285711708554363
1929,ebf4882fe70f217f87a8eb7904dfef9e7d32bd17641524f88bfc302a7d5dba2c,Healthy-Leaf(1399),5,0.9999999999999863,0.1428571481177336,0.14285714557946042,0.14285718173562587,0.14285711597374728,0.14285709033825095,0.14285718750438198,0.14285713075079995
1930,eb186aa1498d26db4e52ab479d7c2ae5fec8d2c4c245bbe8e639de28a28ad1c5,Healthy-Leaf(1399),5,0.9999999999999648,0.14285715147609523,0.14285714734304134,0.14285720633932333,0.14285709896056423,0.14285705707611826,0.1428572157333154,0.1428571230715423
1931,b0d7334b985a2de9ee64465125eca0bd45d14543c953750922f880ec398558f7,Healthy-Leaf(1399),5,0.9999999999999212,0.14285715580041056,0.14285714955079856,0.1428572385493117,0.14285707668868078,0.1428570135961179,0.14285725275255895,0.14285711306212145
1932,38f7f8959db76a5c10311bf02deddef7c16a7fc8ee72d89c3fcfa5720d984c9b,Healthy-Leaf(1399),5,0.9999999999998425,0.14285716119399647,0.14285715233589263,0.14285727847427843,0.14285704908203165,0.14285695967114764,0.142857298606731,0.14285710063592225
1933,f52147bba792e04633b37238f2ab9abc78cbe2aeaaa92cdc77522bb66e7dcc15,Healthy-Leaf(1399),5,0.9999999999998873,0.1428571583548081,0.1428571508742627,0.1428572574073635,0.14285706364868558,0.14285698811956205,0.14285727440765736,0.14285710718766065
1934,c749487578f6b6a9fefc06443cc3baea63dfa97ec1548ee2e676228c02377f0e,Healthy-Leaf(1399),5,0.9999999999997757,0.1428571647353067,0.1428571541674461,0.14285730466435356,0.14285703097252597,0.142856924294388,0.14285732868330767,0.142857092482672
1935,8bbbd70f6bacd9367d4403e07bf5079db092c389b3c753e58bf1aeaa0610ff98,Healthy-Leaf(1399),5,0.9999999999997894,0.14285716407587024,0.1428571538247528,0.14285729980167472,0.14285703433493127,0.14285693086442636,0.14285732310060134,0.14285709399774338
1936,9177e7179319334d813d9bc667e4decc6dffb5926f6709b442bcfc2907f70cce,Healthy-Leaf(1399),5,0.9999999999999694,0.1428571508933428,0.14285714703641061,0.14285720205302474,0.14285710192403045,0.1428570628693677,0.14285721081751973,0.14285712440630396
1937,f243d5aeff61ed0830d5927651e07a9fae64b98a4a96b36fab378317a68db796,Healthy-Leaf(1399),5,0.9999999999998805,0.14285715880329453,0.1428571511021048,0.14285726077495908,0.142857061320513,0.14285698357645707,0.14285727827799594,0.14285710614467553
1938,c23c4e5bf3d9797891fd61fbe75e4379fb876876bd9679cdbf1f3768acb355b3,Healthy-Leaf(1399),4,0.9999999999999667,0.14285713453605917,0.14285713856841062,0.14285708118987145,0.14285718549757292,0.14285722614003912,0.14285707202408143,0.14285716204396515
1939,75abf0d7a98a65ef434b7ef52b1bd240ed8e2a3cf58fe92a907a0558ccacb541,Healthy-Leaf(1399),5,0.9999999999999956,0.14285714568654048,0.14285714432280022,0.14285716374347152,0.1428571284145567,0.1428571146401693,0.14285716684190203,0.1428571363505597
1940,7aec850607ec517530fbf1eb7186a17e932aab23ef749357d612340cfdcc68fd,Healthy-Leaf(1399),5,0.9999999999997901,0.1428571640225756,0.14285715379856032,0.14285729939584355,0.14285703461552537,0.14285693141120584,0.14285732263320056,0.14285709412308867
1941,c6f1b9d6df9ad514a8882dc2a91d8a5f79b52d2e62e4bcbbc5b6dcb8586a1f14,Healthy-Leaf(1399),5,0.9999999999998662,0.14285715972554272,0.14285715156643886,0.14285726772665427,0.14285705651438171,0.14285697420160665,0.14285728627219557,0.14285710399318033
1942,858e001176d0e8a37dc3abd323eb680612d5a02009a030d57fc850db54416879,Healthy-Leaf(1399),5,0.99999999999982,0.14285716246392213,0.14285715299760263,0.1428572878396653,0.1428570426064308,0.14285694701706095,0.14285730935603977,0.1428570977192785
1943,fbec80c283c4fcdad297ea9567120a5836210bc1cea267834fcc4547f3be483c,Healthy-Leaf(1399),5,0.9999999999998634,0.1428571599333955,0.14285715169838584,0.14285726904488352,0.14285705560221404,0.14285697239464146,0.14285728776265386,0.14285710356382578
1944,f2f0167f52c20bb5134e90ebbe9495f4e47cda3232ab051351dbde8a799e7ad1,Healthy-Leaf(1399),5,0.999999999999909,0.14285715676905217,0.14285715005052654,0.14285724571415062,0.14285707173426765,0.142857003918459,0.14285726098250093,0.1428571108310431
1945,0819116a8f927a1268ca73765c600bb1686aa2ca6c1b31353fb9c2c622b687ba,Healthy-Leaf(1399),4,0.9999999999999726,0.14285713533061725,0.14285713899681463,0.14285708690293217,0.14285718154657984,0.1428572184035279,0.14285707856869104,0.14285716025083725
1946,4ecf4295d7962794a5624736661d1198f23fd2de0b04a5694ef707b45ab83b99,Healthy-Leaf(1399),5,0.999999999999922,0.14285715575117877,0.1428571495407061,0.1428572380450881,0.14285707703686545,0.1428570142604644,0.1428572521589763,0.14285711320672081
1947,71f518d3633d968dfb077767212f17bf8a22526efd14af686f4c83ff17b44908,Healthy-Leaf(1399),5,0.9999999999999588,0.14285715217577755,0.14285714768942878,0.14285721163201037,0.14285709530085008,0.1428570499415898,0.14285722182759736,0.14285712143274604
1948,230fc31cc567ac20ef44a21b6ccb48fb23d14231e4c64e4187774d6437e05cef,Healthy-Leaf(1399),5,0.999999999999847,0.14285716093759926,0.142857152216204,0.14285727647370935,0.1428570504652352,0.1428569623606098,0.1428572962961743,0.14285710125046805
1949,ce2d76ac01e13cb7b6dd08eaa0d1d7a35b66d0054feec6394185e5c21a80efe3,Healthy-Leaf(1399),5,0.9999999999997478,0.14285716608605503,0.14285715487787848,0.14285731455353504,0.14285702413430848,0.14285691092415734,0.14285734002830003,0.14285708939576555
1950,e8d31f9da300793cd87dee79059b52bcb6e1cf611edcbb23ca7330d824b3a5c9,Healthy-Leaf(1399),4,0.9999999999999851,0.14285713734680366,0.1428571400136608,0.14285710204427376,0.14285717107754967,0.14285719797877539,0.14285709598184293,0.1428571555570939
1951,a11833cb420564e3c2e436d82e0b3ca9b456507e06c3f23d53e2a04dab08084b,Healthy-Leaf(1399),5,0.9999999999999909,0.1428571471420772,0.14285714509093553,0.1428571743522878,0.1428571210781324,0.14285710029188584,0.14285717901159845,0.14285713303308276
1952,c33dec47e0d2f51c07e13c808f4edf1ef7ec677bb9f639825ad2474944ac4a62,Healthy-Leaf(1399),5,0.9999999999999037,0.14285715716683983,0.14285715025780238,0.14285724864262908,0.14285706970929776,0.14285699996114723,0.14285726434405369,0.14285710991823009
1953,61b64bf8f2b579988311a8379b9f0bc84451f889c0eda099fe4b746a43a17e87,Healthy-Leaf(1399),5,0.9999999999998639,0.1428571599010791,0.14285715167193602,0.1428572688603029,0.1428570557294192,0.14285697265136463,0.1428572875622015,0.1428571036236967
1954,e411763047d2bfe437ee7fdb966021f3a734db09ac35867e47ae5bee6838262b,Healthy-Leaf(1399),5,0.9999999999998525,0.1428571605942667,0.14285715203117558,0.14285727398093157,0.14285705218868502,0.14285696573386214,0.14285729344196474,0.1428571020291143
1955,d9f0f183667611caff2a569ab731ba91d36f33f768814f1fc8dabd7709ab0fd9,Healthy-Leaf(1399),5,0.99999999999984,0.14285716134652568,0.14285715242426647,0.142857279514196,0.1428570483626348,0.14285695825591654,0.1428572997921021,0.1428571003043585
1956,dc914690389d208c9c9c9a5c337470088b5eb3fc4253e32da469f93c4c5d56a4,Healthy-Leaf(1399),5,0.9999999999997982,0.14285716363706746,0.14285715361577836,0.14285729641125752,0.14285703667913696,0.14285693542626712,0.1428573191888067,0.14285709504168584
1957,ad0c658193f4366e949dc6d953817f7ddeb721c072de989cb6daa1a7dddc6a1d,Healthy-Leaf(1399),5,0.9999999999999166,0.14285715620431438,0.14285714978200778,0.14285724131784874,0.14285707477333418,0.1428570098306156,0.14285725591182977,0.14285711218004948
1958,2639f5a0b4dedbb419d0b1fcef3818e91eac4153d03a80dee7540fdb343be62e,Healthy-Leaf(1399),5,0.9999999999998783,0.1428571589791587,0.14285715120813083,0.14285726192960904,0.14285706052148345,0.1428569819995131,0.14285727959030167,0.14285710577180308
1959,5faa46e70ed5b7e2fbaebd36df9ac9a10131348106551c42849933136797d35e,Healthy-Leaf(1399),5,0.9999999999999613,0.14285715190691695,0.14285714754723938,0.14285720965021081,0.14285709667082044,0.14285705261992043,0.14285721955615222,0.14285712204873977
1960,0e24d65b32c7f5c3b0d799803f48eeb9922b942f0e14187d60909a0e46f2bfe0,Healthy-Leaf(1399),4,0.9999999999999876,0.14285713787838109,0.14285714031972777,0.14285710569455445,0.1428571685526274,0.1428571930143477,0.14285710014415806,0.14285715439620353
1961,92307e0f2f7179a2777e2ff91cb338d64b3d41a45727416b334403fd60a6a770,Healthy-Leaf(1399),5,0.9999999999999566,0.1428571524059317,0.14285714778320693,0.14285721357484354,0.14285709395842847,0.14285704734588892,0.14285722408193263,0.1428571208497679
1962,48481e91832536d7dbf435e3969a17ba1dd4f881033e4360dbab274dd82c1ef1,Healthy-Leaf(1399),5,0.9999999999997611,0.14285716544670585,0.14285715453335832,0.1428573099432116,0.1428570273224333,0.14285691716596774,0.14285733474747744,0.14285709084084572
1963,598e25eb2bd01c36beb94fb8c23ee3556424ef3998075541682760b06a5e2f62,Healthy-Leaf(1399),5,0.999999999999969,0.1428571509496536,0.1428571470667516,0.1428572024405623,0.1428571016556514,0.14285706234290313,0.1428572112626154,0.14285712428186262
1964,d83bf0bb9c50228db2a34894c5423640c7dea1ec0280ff380b928c785dad21d3,Healthy-Leaf(1399),5,0.9999999999999066,0.14285715694365522,0.1428571501376802,0.14285724705542863,0.14285707080736867,0.14285700211211133,0.1428572625243651,0.1428571104193908
1965,1a6261881807d99b14faa5322cd18b9af8755b417d667f72fbd58d5585ac35c5,Healthy-Leaf(1399),5,0.9999999999997521,0.1428571658789439,0.14285715476631397,0.1428573130561202,0.14285702516972398,0.1428569129510785,0.14285733831330494,0.14285708986451445
1966,258b0f1ba686033535aac4924c5c87cddfa1c60e00ec97b3cf9177a97d651e3d,Healthy-Leaf(1399),5,0.9999999999998184,0.142857162552177,0.1428571530414684,0.14285728850048726,0.14285704214938483,0.14285694612555427,0.14285731011712427,0.142857097513804
1967,9d783fa42f1a2a18f293d448166f7597dcea570ca0620e734a232dbaba520809,Healthy-Leaf(1399),5,0.9999999999997552,0.14285716573118773,0.14285715468650673,0.14285731200235707,0.1428570258986362,0.14285691437893724,0.1428573371058283,0.14285709019654683
1968,87f0b2da07f30689f653189d4faaf3c37325325243df6381a7df1fa7a5657f75,Healthy-Leaf(1399),5,0.9999999999999389,0.14285715423984277,0.1428571487492469,0.14285722696150005,0.14285708470116376,0.14285702924285112,0.14285723943958725,0.1428571166658082
1969,ba557ccf8cc05a508b48af4e3fd54f5dbc563fa35dfb7eaea80a76cb42fac938,Healthy-Leaf(1399),5,0.9999999999997811,0.1428571644970958,0.14285715405120405,0.14285730285512693,0.1428570322236642,0.14285692673213682,0.14285732659793976,0.14285709304283256
1970,dc3aeb183b61fea4fc34a5dffd9c1f9f55acc097a7d32af0e3bddec031c2c66f,Healthy-Leaf(1399),5,0.9999999999999377,0.14285715435013668,0.14285714879934772,0.14285722783629734,0.14285708409639208,0.1428570280684509,0.14285724045107606,0.1428571163982993
1971,5116595d0d620f4e7c7e5868d94f74b8aec2acf8fc32500e053da521703685f4,Healthy-Leaf(1399),5,0.9999999999999369,0.14285715443669625,0.14285714885792067,0.14285722835294992,0.1428570837387665,0.14285702735576433,0.14285724103118566,0.14285711622671673
1972,ef12eac5d4d79fe7062716450a86a414584402393d9fa993fefeeb1e2adf38e5,Healthy-Leaf(1399),4,0.9999999999999964,0.14285714047086392,0.14285714161903795,0.14285712523057534,0.14285715504510058,0.14285716666948206,0.14285712261954997,0.14285714834539015
1973,78ae7a003223b31a8b5c7b50a4a52acc2b70e2c4ecd6289587f044473ec85df0,Healthy-Leaf(1399),5,0.9999999999998915,0.14285715806370544,0.14285715072710156,0.1428572552163002,0.142857065163475,0.1428569910747289,0.14285727188871059,0.14285710786597836
1974,ee13cb11def5e766ace8e012eea033f345ac6a280945a749eb2ff12c5384c395,Healthy-Leaf(1399),5,0.999999999999864,0.14285715987960107,0.14285715166204008,0.14285726869836432,0.14285705584152647,0.14285697286950783,0.14285728737453915,0.14285710367442106
1975,c7bd6ac7f2eb90a2098ae7d464cf7f2a53e29906538e4b913d5489f647d54148,Healthy-Leaf(1399),5,0.9999999999997177,0.14285716743880808,0.14285715557874223,0.14285732453138608,0.14285701723462207,0.14285689744355853,0.14285735148668777,0.14285708628619512
1976,e5dcc141322ea284e4e1ba00e013c69abe84b6091c171c0f91d5cd3763f96518,Healthy-Leaf(1399),5,0.9999999999999238,0.14285715563241158,0.1428571495076423,0.1428572369058693,0.14285707782367918,0.14285701576803855,0.14285725082402004,0.14285711353833913
1977,221c9c8fe7e2f92c1db4140db8cd4bc6db50902ec73d7fd7a191d487b990a4c5,Healthy-Leaf(1399),5,0.9999999999999263,0.14285715537544294,0.14285714932758334,0.14285723542350812,0.1428570788498703,0.14285701782074126,0.14285724916708356,0.14285711403577056
1978,a1fa61214478930bcebdd7c4c4ee358cc3bade47e764cffae4f18e384079f034,Healthy-Leaf(1399),5,0.9999999999999154,0.1428571562740396,0.14285714979954386,0.1428572420101086,0.14285707429539232,0.14285700891652914,0.14285725672384275,0.1428571119805438
1979,edac2a83b15e358045f8d85d2c33cab8f2b9fe165b56cdd1c1178bca0c2508a1,Healthy-Leaf(1399),5,0.9999999999998602,0.14285716014036495,0.1428571518088236,0.14285727050103006,0.1428570545943285,0.14285697041988574,0.1428572894345928,0.1428571031009743
1980,9e2d8f4e0c04479c1b3e19c8eea87fb11c6ec7788a771a3009fb40bd25552864,Healthy-Leaf(1399),5,0.9999999999999413,0.1428571540510519,0.1428571486738818,0.1428572253471006,0.1428570858164689,0.14285703139782735,0.14285723756557211,0.14285711714809737
1981,5331bd54ab0ef9a0e087bc2188e352df497a9f8c44b8019bcb1eeea7e4d18636,Healthy-Leaf(1399),5,0.9999999999998932,0.1428571579191348,0.14285715064097887,0.14285725427782794,0.14285706581331178,0.14285699235734592,0.14285727081988206,0.1428571081715185
1982,736c5514da50de3b43deb10d55d2393b4a297acf0adebdf110d45bf108e0a696,Healthy-Leaf(1399),5,0.9999999999998239,0.1428571622671075,0.1428571529113407,0.14285728621213745,0.14285704373070135,0.14285694919560032,0.14285730747432854,0.14285709820878423
1983,ff993daf20f17a3e398651f75b6b16a47e8ffd77edf874b935a9ec419c39cab2,Healthy-Leaf(1399),5,0.9999999999999992,0.14285714335564045,0.14285714311347777,0.14285714653638687,0.1428571403126827,0.1428571378868987,0.14285714708517272,0.14285714170974087
1984,d2a8fb328ca891e74f052138210f5a747d256b4290626f15a5e97ad72ef36cfd,Healthy-Leaf(1399),5,0.9999999999997657,0.1428571652295761,0.14285715442630675,0.14285730829568813,0.14285702846160636,0.14285691938628473,0.14285733285009708,0.14285709135044078
1985,dae9064d5aeea36769cae9a07b926a727a271ec4284165622bc6a0d8a9a99e91,Healthy-Leaf(1399),5,0.9999999999997836,0.14285716435513296,0.14285715397274878,0.1428573018418106,0.14285703292429067,0.1428569281055256,0.1428573254396383,0.14285709336085312
1986,90a8dce76f39a039e50475010156e4e5e51bc95f8115729904928ac1086615b0,Healthy-Leaf(1399),5,0.9999999999998211,0.14285716237869348,0.14285715293850065,0.14285728734431993,0.14285704294936677,0.14285694770230117,0.14285730880151912,0.14285709788529874
1987,bff4c74809d3a86a5e8c0eb1ee4a0d27ec21dd2ae516f151e83939533d50201c,Healthy-Leaf(1399),5,0.9999999999997828,0.14285716440136162,0.14285715399877658,0.14285730215872036,0.14285703270498348,0.14285692767458222,0.14285732580194171,0.14285709325963414
1988,e0696a488f8df84b08140a2f273c4945e64ce44e4c71c3e585283d07e20972c2,Healthy-Leaf(1399),5,0.9999999999996781,0.14285716908837345,0.14285715641644678,0.1428573368883494,0.14285700869104004,0.14285688077063716,0.14285736569087662,0.14285708245427647
1989,c4135958461919e4d9a359dabcad5b4a5ffc34d8ee9e948334a017594fbb2304,Healthy-Leaf(1399),5,0.9999999999999145,0.14285715634572177,0.1428571498264255,0.14285724262960525,0.1428570738672718,0.14285700809045035,0.14285725744512925,0.14285711179539615
1990,799dfc95b62a849f4cc0a92a37365deeaccf2a8fbd57e9ab03c562f765f3dc80,Healthy-Leaf(1399),4,0.999999999999991,0.1428571386707955,0.14285714073129888,0.14285711152322222,0.14285716452192598,0.1428571851377006,0.14285710683720373,0.14285715257785314
1991,0298d5d6247e97ef1aa20d9901513bb1e2d09efd81e4e35b4073d45c66ae415d,Healthy-Leaf(1399),5,0.9999999999999959,0.14285714555439555,0.14285714428066681,0.14285716253137043,0.14285712925195215,0.14285711624928465,0.14285716542487584,0.14285713670745456
1992,1a278a4add55b4304979f8efb63d9b5e1664d5727ab63a6661bbb4ce6fea695b,Healthy-Leaf(1399),5,0.9999999999998895,0.14285715821722897,0.14285715081436648,0.14285725629689086,0.14285706441640028,0.14285698960814455,0.14285727312109622,0.14285710752587272
1993,ad5a87981a09d7c2cbc66737800d708a597df758b4721fc2e3dc9733ec30effa,Healthy-Leaf(1399),5,0.9999999999998312,0.14285716184413746,0.14285715267287744,0.14285728327219488,0.14285704576435682,0.14285695318903685,0.14285730411616435,0.14285709914123212
1994,4775c93216531ea9d91616fe2ac897fdff89e1879bcfb2a3b4c53c34f8ec5e27,Healthy-Leaf(1399),4,0.999999999999994,0.14285713953496668,0.14285714113742518,0.142857118289785,0.142857159844398,0.1428571760424929,0.14285711464627973,0.1428571505046524
1995,c623aac057be8741ff3717a80abca3131fa9ad46e7602ef8aaa436d8188e644a,Healthy-Leaf(1399),5,0.9999999999997765,0.14285716472270654,0.14285715417448494,0.14285730447114647,0.14285703110621129,0.14285692454273854,0.1428573284470085,0.14285709253570375
1996,313781b081263e11df7db7222be2fc45971810cae743227df5cd30da87765b64,Healthy-Leaf(1399),5,0.9999999999999887,0.1428571476577779,0.14285714536602284,0.14285717808281093,0.14285711849820298,0.14285709524302762,0.1428571832882772,0.1428571318638806
1997,7cc0354b39076ff1ce2217881a60fbe55742d938b3e55bd14390324acb681c88,Healthy-Leaf(1399),4,0.9999999999999866,0.1428571376626995,0.14285714019777293,0.14285710416966374,0.14285716960682607,0.14285719508313674,0.1428570984044869,0.14285715487541412
1998,ab686f420a440ff44112438044266127d60bcf95c8e527d1cc17ff5523afd590,Healthy-Leaf(1399),5,0.9999999999997948,0.1428571638088619,0.14285715370711954,0.14285729764608318,0.1428570358249407,0.14285693375434969,0.14285732060540035,0.14285709465324453
1999,7c45fdbcd57b2a0ce8a8c2709973ad5df8d29ba54c3b26fff84c9f0b99d49e18,Healthy-Leaf(1399),5,0.9999999999997765,0.14285716471884577,0.14285715416627845,0.1428573044698971,0.14285703110664022,0.142856924548444,0.14285732845342167,0.14285709253647272
2000,07a5aa6c29d41e4ce6cb3bce6a17c71a49cf115f698bc75fa8c4d8dee5a3e042,Healthy-Leaf(1399),5,0.9999999999999045,0.142857157141629,0.14285715026314452,0.14285724830927762,0.1428570699396734,0.14285700039334664,0.14285726394245737,0.14285711001047144
2001,8b737cf061aac28a1053b9e92e78eeb65a26c506e57e90908ad503ac487d9f61,Healthy-Leaf(1399),5,0.9999999999999981,0.14285714449440481,0.14285714373807587,0.14285715465264318,0.14285713469990033,0.1428571268866617,0.1428571563708572,0.14285713915745685
2002,49f21b2ded8856e52c2292bf46072a4368f3962ff10b427359b7a5d7370c1945,Healthy-Leaf(1399),5,0.9999999999998118,0.1428571629347491,0.1428571532579618,0.14285729114387824,0.14285704032067156,0.14285694253308606,0.14285731313625022,0.14285709667340307
2003,ca92e78824554e2f6315ebb0609f222b978ff24f08c2261192e90587912b56e5,Healthy-Leaf(1399),5,0.999999999999804,0.14285716330892648,0.14285715342917094,0.14285729415015044,0.14285703824336324,0.14285693850002587,0.14285731660736462,0.14285709576099845
2004,0a0bf2907697460a9d984f28d958cbe8cc1f14cdf8ef8d2da9ea9beb203c4984,Healthy-Leaf(1399),4,0.9999999999999928,0.14285713923550372,0.14285714101112246,0.14285711581382105,0.14285716155555728,0.14285717935572192,0.14285711177591282,0.1428571512523607
2005,82b53f5a60aefee6b746d70ac97216b655ee53d6f7ab70e21d8bd26019872cc3,Healthy-Leaf(1399),4,0.9999999999999841,0.14285713719027715,0.14285713993497068,0.14285710085864498,0.14285717189714348,0.14285719957710324,0.14285709461862534,0.14285715592323509
2006,d88733a2b0f3b19fe8a0009b0e36a230cb52b56955f342b470b0ddd5148ab435,Healthy-Leaf(1399),5,0.9999999999999414,0.142857154035118,0.14285714866392102,0.14285722526246578,0.14285708587540255,0.1428570315157083,0.14285723746884005,0.14285711717854427
2007,56b10fd3f187997bc2cfc516e13307cc72889b3547cf00cae2f85c73f28f8aa7,Healthy-Leaf(1399),5,0.9999999999998065,0.14285716319248457,0.142857153376007,0.14285729321673885,0.14285703888839954,0.1428569397523977,0.14285731552929934,0.14285709604467292
2008,e8edee0c9ae047f4b4d700c1231a7baa19daef48a513f1b443f2ee211d35951f,Healthy-Leaf(1399),5,0.9999999999999831,0.1428571487558616,0.1428571459366518,0.14285718618468987,0.1428571128960811,0.14285708429672794,0.1428571925894918,0.14285712934049574
2009,53db99287d4c1d91874760b2ecff0d913013feae5a7b36251a69c8cef14e7f9f,Healthy-Leaf(1399),5,0.9999999999999987,0.14285714411973782,0.14285714352916143,0.1428571519989083,0.1428571365348794,0.14285713048574125,0.14285715333904256,0.14285713999252928
2010,f4165833b3664985f9836b4f376bf83272dd74275289560a63d85e63e0f28f9a,Healthy-Leaf(1399),5,0.9999999999998141,0.1428571627846684,0.14285715316576195,0.14285729019913057,0.14285704097504995,0.14285694382818964,0.1428573120629373,0.14285709698426216
2011,6bf609d95f4fa6275059755e1aec3a0b34c7283c11ddd7423fe1846e21418a2a,Healthy-Leaf(1399),5,0.9999999999999324,0.14285715483800193,0.14285714906039915,0.14285723134829517,0.14285708166735214,0.1428570233134009,0.1428572444770879,0.14285711529546283
2012,e0dd090e42860d7a77a3fd530b292f52253c255e0e3232d8e90ece98ea0ff3e5,Healthy-Leaf(1399),5,0.9999999999999956,0.14285714569958552,0.14285714433579969,0.1428571637668101,0.14285712839787285,0.14285711460039907,0.1428571668639063,0.14285713633562644
2013,a94d7dab85aca632c1b62d1470c51941e29f9792e9c88b8bc3c97ea0d7944bf2,Healthy-Leaf(1399),5,0.9999999999999735,0.14285715031505392,0.14285714672873762,0.1428571978634903,0.14285710482138997,0.1428570685386792,0.1428572060138044,0.14285712571884449
2014,8d11d525ae54284ab844d57a3cd19f0521842999a7df9dd4d0b0345020eb8e26,Healthy-Leaf(1399),5,0.9999999999999092,0.14285715676685318,0.1428571500636022,0.142857245604768,0.14285707181024304,0.14285700405414628,0.14285726084099065,0.14285711085939665
2015,8e1fe12f29cc340db69a8a3ee4dedef9fa914a536f54d4a56f95ab7501cbef24,Healthy-Leaf(1399),5,0.9999999999999919,0.1428571468509567,0.14285714494956195,0.1428571721571854,0.14285712259655883,0.1428571032509436,0.14285717647926383,0.14285713371552972
2016,e770813eb9fba12bde6891c27b2894279f57849898092fd0c45435ee1baeae03,Healthy-Leaf(1399),5,0.9999999999999978,0.14285714464008992,0.14285714377135325,0.1428571560982459,0.14285713370127542,0.14285712497841,0.1428571580718034,0.14285713873882208
2017,f7f7bfff3f3bd845d216f0b609143e3469db0516303b0a9475a15d32b8868ba3,Healthy-Leaf(1399),5,0.9999999999997868,0.14285716419074085,0.14285715388578932,0.14285730064318825,0.14285703375314351,0.14285692972664968,0.14285732406501012,0.14285709373547836
2018,e0071ac434756bb19837703502a5498b928fb58cb5afc5eeb28fc0ccb18e4c92,Healthy-Leaf(1399),5,0.9999999999999039,0.14285715718220707,0.14285715027624712,0.1428572486587002,0.14285706969782536,0.14285699992776277,0.1428572643527,0.14285710990455763
2019,c58f01de641f43df51231d62415752eb8007658c8693169ac5975baabd956fc9,Healthy-Leaf(1399),5,0.9999999999999608,0.14285715195463963,0.14285714757281995,0.14285720998798923,0.1428570964370796,0.1428570521620172,0.14285721994368322,0.1428571219417712
2020,f54cb1d7907bf5483843cdccb7153e1a37ef3dd794eebe862a8142b231f973e5,Healthy-Leaf(1399),5,0.9999999999999903,0.14285714727512164,0.14285714517391032,0.14285717520638885,0.14285712048710608,0.14285709912266192,0.14285717997908465,0.14285713275572653
2021,085f3ca7b4251eccd24d72e9e2a45b8d2b38ba286d9ecc2f16daf0bda60fc34c,Healthy-Leaf(1399),5,0.9999999999999066,0.14285715695939377,0.1428571501549426,0.1428572470626639,0.14285707080154472,0.14285700208989296,0.1428572625257789,0.14285711040578308
2022,e4affe46a7c29c30e407c257555b665b24a9e4099a15ad82c0796befe9f89086,Healthy-Leaf(1399),5,0.9999999999999885,0.1428571476788032,0.14285714536707547,0.1428571783240665,0.14285711833160886,0.14285709492745227,0.1428571835748634,0.1428571317961303
2023,6976630c28ea0bd2f7dd11f43ad4c40fb4aef6baea9b37788f155d9f3fbcf371,Healthy-Leaf(1399),4,0.9999999999999989,0.14285714202622443,0.14285714245122566,0.14285713650675017,0.1428571472477397,0.14285715141019165,0.14285713554102622,0.14285714481684225
2024,9082c7aaa1e57eefc6acdc72ec021fd6d4a69038bd7f3cc4abe2fabbdf8a321b,Healthy-Leaf(1399),5,0.9999999999999646,0.14285715149896477,0.14285714734445193,0.14285720656392814,0.14285709880473949,0.14285705678035565,0.14285721600375126,0.14285712300380873
2025,f50ca187d1065306553feced37fc75bd5543335207f70d70081e158ec7e7bd00,Healthy-Leaf(1399),5,0.9999999999999309,0.14285715495862297,0.14285714911231784,0.14285723235158534,0.14285708097426636,0.14285702197118283,0.14285724563810961,0.14285711499391515
2026,23c21b7e34b9e522c69deefe704e0312d6d05942bf835e6e80fe36db43296b19,Healthy-Leaf(1399),5,0.9999999999999892,0.14285714753100986,0.14285714530949167,0.14285717707574597,0.1428571191945514,0.14285709659468007,0.14285718212235685,0.1428571321721641
2027,865ac6c3689fbb7e970ec79b339deebd8138c7ba70e846a20d561c15ab776508,Healthy-Leaf(1399),5,0.9999999999999961,0.14285714540120892,0.14285714417370293,0.1428571616507629,0.14285712986170576,0.14285711746901564,0.14285716443985158,0.14285713700375222
2028,c5cfdfa3ce1cc2be80e9626e06b351cbf32519cb5ca694c95a5f382e94972ecc,Healthy-Leaf(1399),5,0.9999999999998178,0.14285716258048664,0.1428571530560587,0.14285728871220346,0.142857042003028,0.1428569458398633,0.14285731036020363,0.14285709744815622
2029,dfd324c56ec130f3fc0e891df91285bdf75d94c40c5ec128221958862f29e65c,Healthy-Leaf(1399),4,0.9999999999999809,0.14285713662887042,0.14285713967657626,0.14285709642175237,0.1428571749642586,0.1428572055360802,0.14285708949265602,0.14285715727980622
2030,4c0a0caf1fbf9f0d0a87e02392ac548e698757d55648c91290b704c2355c1159,Healthy-Leaf(1399),5,0.999999999999956,0.14285715250063272,0.14285714786484538,0.14285721397538023,0.1428570936804368,0.14285704676895908,0.14285722451115063,0.14285712069859516
2031,175a9d6cfaa9ef526fdde585e62af9ae3a585b59fbc3b02c62a20faf932e3e8b,Healthy-Leaf(1399),4,0.999999999999972,0.1428571352490403,0.14285713894724794,0.14285708635774919,0.14285718192358918,0.14285721914714594,0.1428570779501917,0.14285716042503574
2032,ba07ea0fde43857a349c6a6df87b3adc93410eb96231375dce4447cec18b9432,Healthy-Leaf(1399),5,0.9999999999999262,0.14285715539888993,0.14285714935864816,0.14285723547092985,0.142857078817492,0.1428570177404236,0.14285724920049486,0.14285711401312168
2033,63b26a3fbff62b4952718877a1b38fff7fcfd1edccf793b24b3318ecee8fca7d,Healthy-Leaf(1399),4,0.9999999999999895,0.1428571383116361,0.14285714054107052,0.14285710892621892,0.14285716631817547,0.14285718865235103,0.1428571038578269,0.1428571533927212
2034,3f1c6abcd81299cf7cb5922b9ae569874d40ad0ea6dafcceed1f28d21572756e,Healthy-Leaf(1399),5,0.9999999999999798,0.14285714936249336,0.14285714624800988,0.14285719070523367,0.14285710977061913,0.14285707819431165,0.14285719778230116,0.14285712793703123
2035,2fd4343594f7f05fbb2aff9936aca1a814ed7bdef35a1a158d4a968ee25a6397,Healthy-Leaf(1399),5,0.9999999999999474,0.14285715344004646,0.14285714836178715,0.14285722081319915,0.14285708895180857,0.1428570375197783,0.14285723235377554,0.14285711855960473
2036,4af410b10885a01186e7c1954590838add409fe57bfda1a6f3d9488e3de6816d,Healthy-Leaf(1399),5,0.9999999999997192,0.1428571673650219,0.1428571555339839,0.1428573240684382,0.14285701755540872,0.1428568980782639,0.1428573509597763,0.1428570864391071
2037,76b2429653a62bd27abc41a6ef65c98d98c7b407222f198b971ba8da3b631b97,Healthy-Leaf(1399),5,0.9999999999999024,0.14285715727064083,0.1428571503198373,0.1428572493255529,0.1428570692366467,0.1428569990287138,0.14285726512099933,0.1428571096976091
2038,7b7e5dd68e01e6996f1e9523a54bdcb1061bbfc41ba33f1af606ad760493f792,Healthy-Leaf(1399),4,0.9999999999999986,0.14285714166169286,0.14285714223737223,0.14285713401283495,0.1428571489723555,0.14285715480377567,0.1428571327029073,0.14285714560906151
2039,db4b0bb23def5f696120e6588f425ebf773158f5f06084452914ad547baf11b5,Healthy-Leaf(1399),5,0.9999999999998861,0.14285715843818952,0.14285715091783927,0.14285725802990584,0.14285706321842442,0.14285698727907375,0.14285727512147847,0.1428571069950887
2040,0b040940e4323c31e0bec4d2d640a51079ec00f7138a785cc3398a3979558568,Healthy-Leaf(1399),5,0.9999999999998435,0.14285716115177347,0.14285715233411528,0.14285727799184192,0.1428570494152737,0.14285696030206352,0.14285729803286865,0.1428571007720636
2041,eca8c4796af2ceb92f1a3ab7f499946a0f0accb59a613fdbe98ebfc9e076e3da,Healthy-Leaf(1399),5,0.9999999999999584,0.14285715224444043,0.14285714773255595,0.1428572120618706,0.14285709500319987,0.14285704935186525,0.14285722231461107,0.1428571212914569
2042,9a9a224f7324e7035662da1cf9c981a8522f5db4fb6d47e09d3e38dab6fbdafd,Healthy-Leaf(1399),5,0.9999999999998651,0.14285715982375125,0.1428571516333409,0.14285726828377088,0.14285705612819966,0.14285697342938913,0.1428572868982514,0.14285710380329678
2043,883062d100585b9d0931a54c8004aa6c4250936905bee37372eeb1b23a28d16f,Healthy-Leaf(1399),5,0.9999999999998993,0.14285715748922354,0.14285715042644395,0.1428572510237826,0.14285706806305631,0.14285699674405872,0.1428572670758045,0.1428571091776303
2044,22199bc48b38f812b4f0e34bfd2a8bddd0ceac11932642833da5a8054d200be7,Healthy-Leaf(1399),5,0.9999999999997755,0.14285716476492083,0.1428571541918994,0.14285730480818967,0.14285703087296253,0.14285692409083073,0.14285732883929253,0.14285709243190428
2045,a5cc3bc9810807f34b2b79172d3360a6d8171107c12381e4c2245885b8ca09b2,Healthy-Leaf(1399),4,0.9999999999999928,0.14285713912580925,0.14285714094650523,0.14285711507063853,0.14285716206959453,0.14285718036787753,0.1428571109301676,0.14285715148940747
2046,5fdb402c3f8c390dcae9e1c88b1b79e11300ec69196e3fe25c261bbb5e5e16a8,Healthy-Leaf(1399),5,0.9999999999999234,0.14285715562710175,0.14285714947582343,0.14285723713638993,0.1428570776652619,0.14285701548890217,0.14285725111595204,0.14285711349056873
2047,675a616705bdfb8a971d34bfafc7078c19cc091dcc5562a6a401cd9ba5b48380,Healthy-Leaf(1399),5,0.9999999999998145,0.14285716276084331,0.14285715315051703,0.14285729002872158,0.14285704109252792,0.14285694405961924,0.14285731187141518,0.14285709703635585
2048,0dcdb294e7f0d87d9effeebbb0a7bdd8c1ce01be2878612bd1d22472b8f9e226,Healthy-Leaf(1399),5,0.999999999999925,0.1428571555109885,0.14285714941925498,0.14285723624613264,0.14285707828074087,0.1428570166876402,0.14285725009026445,0.1428571137649784
2049,9fe3859a4611736a5d5b70df61506e980e2d3997206e8020baaf66381c96996d,Healthy-Leaf(1399),5,0.9999999999999983,0.1428571443524622,0.14285714364186852,0.14285715380830866,0.1428571352843747,0.1428571280517937,0.1428571554229292,0.142857139438263
2050,3c817e8a43c19d08b8b5e78bc2050ba30accb0b4e523292c90d30d19bf7cfca2,Healthy-Leaf(1399),4,0.999999999999999,0.14285714214253414,0.1428571424872584,0.1428571375695296,0.14285714651323478,0.14285714999930144,0.1428571367854949,0.14285714450264678
2051,0c20a4ba677a2985a03d132cd06c0670fecb7d6f121129e7784e86356eab9c16,Healthy-Leaf(1399),5,0.9999999999999462,0.14285715354772988,0.14285714839709046,0.14285722179217678,0.14285708827543972,0.1428570362192823,0.14285723349754023,0.14285711827074074
2052,0eb59282f0a49bc7d5c18a8c339384ddf44370ff5ef81b2005d039a35557eb58,Healthy-Leaf(1399),5,0.9999999999998339,0.14285716172359617,0.14285715264179583,0.1428572821091749,0.14285704656786324,0.14285695472724463,0.1428573027500973,0.14285709948022787
2053,bd0a31295237377dc6a517244a27f2b635dac0840b4bc49c925fafac59507fb8,Healthy-Leaf(1399),5,0.9999999999999932,0.14285714647363396,0.14285714475424438,0.1428571693139484,0.14285712456142208,0.14285710708652755,0.1428571732178969,0.14285713459232674
2054,b90055b5c7debf92a0fb0962e5dc37b1273feb5652f4274d0490f2f8f97568b4,Healthy-Leaf(1399),5,0.9999999999999751,0.1428571500634363,0.14285714660407406,0.14285719596512392,0.1428571061341418,0.14285707109816645,0.14285720382771544,0.14285712630734193
2055,030a71b5eb93323a34eab654f99ff8cf53ab2f3854fc259674e2cf4d3d7aa82a,Healthy-Leaf(1399),4,0.9999999999999895,0.1428571383630927,0.14285714056682228,0.14285710931414206,0.14285716604995993,0.14285718812922887,0.142857104304154,0.14285715327260015
2056,4910b825c33e9a1de755071a8b8858a0af688c411932f74d5c1fd6cc13373bb4,Healthy-Leaf(1399),5,0.9999999999999603,0.14285715206528077,0.14285714766183083,0.14285721052926276,0.14285709606211253,0.14285705139747185,0.14285722053435268,0.14285712174968862
2057,7f3a7c77f2767577f3560e7ea4689bb0dea4a334a0a1584c20ea5184942645b9,Healthy-Leaf(1399),5,0.9999999999999156,0.14285715624064363,0.14285714977854655,0.1428572418012374,0.14285707444001725,0.14285700920314326,0.1428572564872329,0.14285711204917892
2058,a17d47e418efbd38f6f1021d35fddf8ed675e2bb311b39503fe71de633e1241a,Healthy-Leaf(1399),4,0.9999999999999822,0.14285713688677978,0.14285713980942727,0.14285709834059077,0.14285717363760514,0.14285720294538015,0.14285709169631583,0.14285715668390095
2059,8d0c6ad43e4f1b36daa8e3b06d1863e95b26e58297a1d625cee5c797f85b56f0,Healthy-Leaf(1399),5,0.9999999999999365,0.14285715450326072,0.14285714890323573,0.14285722873834772,0.14285708347179354,0.1428570268225279,0.1428572414639826,0.1428571160968517
2060,39803edf8f2b7199c7220335b82ce65bd59244ad1b22b8bff77e37532ddc197f,Healthy-Leaf(1399),5,0.9999999999998574,0.14285716032801457,0.14285715191196927,0.1428572718494492,0.14285705366209142,0.14285696859342234,0.14285729097627548,0.14285710267877777
2061,5f897c2e55544439318881167f21cb3970d4862f9992500f833e59a9d9894285,Healthy-Leaf(1399),4,0.999999999999997,0.14285714065307462,0.14285714171553643,0.14285712656555258,0.14285715412211394,0.14285716486450475,0.1428571241499375,0.1428571479292802
2062,373653c18e375253c99010333fb4852f5e3aeb6f159cf582eef86155912b6688,Healthy-Leaf(1399),5,0.9999999999999992,0.14285714312659872,0.14285714301657879,0.14285714463414886,0.14285714162710686,0.14285714043174427,0.14285714488105386,0.1428571422827687
2063,647b321689e440c3d0b39e21283aa9e3fbea8873aee8e18b82e98da05d49b809,Healthy-Leaf(1399),4,0.9999999999999947,0.14285713975946657,0.14285714126534432,0.14285711985754626,0.14285715876030453,0.14285717391333477,0.1428571164345133,0.14285715000949023
2064,bbbee24866d905d4cd3c22720e00ca9a5a427e0ccf106586370568ace2c9fa02,Healthy-Leaf(1399),5,0.999999999999855,0.14285716046741956,0.1428571519933755,0.1428572727960185,0.14285705300730642,0.14285696730464342,0.14285729205446357,0.14285710237677293
2065,7fe9294efd6a6ef0a42a6504705621051b2e8237288d84965487d20595864515,Healthy-Leaf(1399),5,0.9999999999999991,0.14285714358830098,0.1428571432571181,0.14285714803283106,0.14285713927698668,0.1428571358389976,0.14285714878243247,0.1428571412233332
2066,79070d87676ec0fa226c04210a22ed6de78f9107f50e85ace2e602a4830b70f4,Healthy-Leaf(1399),5,0.9999999999999568,0.14285715241933256,0.1428571478200659,0.1428572133862119,0.14285709408764113,0.14285704756656223,0.1428572238380043,0.14285712088218205
2067,dffde58d3110016f7a484655a6c4f963cae25e8770ee5dc9f5bb610aa46b42a5,Healthy-Leaf(1399),5,0.9999999999999808,0.14285714918058262,0.14285714617284323,0.14285718918035847,0.14285711082429176,0.14285708023276483,0.14285719601372004,0.14285712839543896
2068,0c4743195a79422fdbebd001525b91939807a2f4bf60237a6076a514cedbd12b,Healthy-Leaf(1399),4,0.9999999999999992,0.1428571426011921,0.14285714275646091,0.14285714068387748,0.1428571443590975,0.14285714575891761,0.14285714033080746,0.14285714350964682
2069,cb1fdd44fbf43012f72bffaa8f763b01a630cc52f482f4ba3d362203c278ba27,Healthy-Leaf(1399),5,0.9999999999997733,0.1428571648570558,0.1428571542251249,0.14285730563295704,0.14285703030335148,0.14285692299368322,0.1428573297993054,0.14285709218852205
2070,3e3d902caacc84063878706f1890612a128cd41f441b81559307cff708612aa5,Healthy-Leaf(1399),5,0.9999999999999638,0.14285715156714174,0.14285714736826732,0.14285720718894968,0.14285709837324928,0.14285705595017217,0.14285721673125512,0.14285712282096474
2071,2de924ec3bf4ad0c71406fde03e73d1d5140e3d398ef0b0c7d2c64bff1fc6b54,Healthy-Leaf(1399),5,0.9999999999999623,0.14285715178176384,0.14285714747954334,0.14285720879215758,0.14285709726506704,0.1428570537860736,0.1428572185708769,0.14285712232451775
2072,f848a23282403c31569eaa8d7aed9dd5bb458e56c357e27e31aabddc57c9b0c0,Healthy-Leaf(1399),5,0.9999999999999649,0.1428571514092341,0.142857147271616,0.1428572061769758,0.1428570990738585,0.1428570573352849,0.14285721558197012,0.1428571231510606
2073,ac0385326ec63ccb7b88cc7a7c7998a8e060de6f06743572e7911e48f1efb8d4,Healthy-Leaf(1399),5,0.9999999999999967,0.1428571451688864,0.1428571440867359,0.1428571596495088,0.1428571312449053,0.1428571201378582,0.1428571621089121,0.1428571376031933
2074,6890368c6788ff30500d7081c75e55f9ab3bc11edb9109af94cd29cf113a5a76,Healthy-Leaf(1399),5,0.99999999999972,0.14285716733047063,0.14285715551431383,0.14285732381739477,0.14285701772879836,0.14285689841819624,0.14285735067398894,0.14285708651683726
2075,dac6cf1ea3fc51f0f2c60399531e8f5bf9bf88500e6f1424ded6e00d71b083c3,Healthy-Leaf(1399),5,0.9999999999998687,0.1428571595729808,0.14285715149212402,0.14285726657131168,0.14285705731343337,0.1428569757585959,0.14285728494006975,0.14285710435148444
2076,82b7c22712239fe95ef6d751c12e1bd57ac67b1e66f23f88f5953d6607447ccf,Healthy-Leaf(1399),5,0.9999999999999061,0.14285715700233176,0.1428571501902161,0.14285724730768037,0.1428570706327082,0.1428570017491345,0.142857262791676,0.14285711032625298
2077,0d9ea995046c06858295310e28746192e19d2287f8e39e6d18c0bcde7f18e020,Healthy-Leaf(1399),5,0.9999999999999709,0.14285715066585236,0.14285714692039939,0.14285720038646085,0.1428571030770103,0.14285706512161403,0.14285720890000747,0.14285712492865554
2078,aee95124302c76df73a0ad960d90945b6762c6d893a89c519aefc2e6379c6b38,Healthy-Leaf(1399),5,0.9999999999998607,0.1428571601250703,0.14285715181033978,0.14285727032765158,0.1428570547144683,0.14285697064621605,0.1428572892248404,0.1428571031514137
2079,b1f38e661e97ac37dc3b5e3141dca57d5c247db9bfe3bf0a2ded1e04211a9746,Healthy-Leaf(1399),5,0.9999999999998238,0.14285716227059866,0.14285715291045256,0.14285728626417776,0.1428570436948308,0.14285694912842042,0.14285730753653167,0.14285709819498812
2080,47f433ecf815af52b82f381645bb2ea1deea76f7f98072779cd35b1caa6c74b2,Healthy-Leaf(1399),4,0.9999999999999883,0.14285713802467384,0.14285714038397612,0.14285710688120754,0.142857167732457,0.14285719142399178,0.14285710151766598,0.14285715403602783
2081,427b24dad469905040ef0563e45425ca009bfa50da18aa975c47385b41433b67,Healthy-Leaf(1399),5,0.9999999999998938,0.142857157896434,0.14285715063682505,0.14285725406025568,0.14285706596394332,0.14285699264476862,0.14285727056152883,0.14285710823624448
2082,36e778b813091579af2521c5f02e5c714207a4aa8f36d73d1c344fb8d6fbb9f9,Healthy-Leaf(1399),4,0.9999999999999988,0.14285714187131213,0.1428571423711557,0.14285713532749408,0.14285714806245572,0.1428571529997854,0.14285713418894352,0.1428571451788534
2083,8d30bbd2391a86ab84b65212cec3e87133aa0495d8094e8744d9a63353d87819,Healthy-Leaf(1399),4,0.9999999999999943,0.14285713957288998,0.14285714114778078,0.1428571186702892,0.14285715958190112,0.1428571755401442,0.14285711509097185,0.14285715039602284
2084,4236dfeb38a219114c4777a80b455099e5a53b0f42ba8e7fd2a07a71bf10f3cd,Healthy-Leaf(1399),5,0.9999999999998453,0.142857161010193,0.1428571522338832,0.14285727717768032,0.14285704997878432,0.14285696143000653,0.14285729712432213,0.14285710104513047
2085,2427fa86d0fa08c5a83f9f24ac6d5743e1bd178c02dc914ea0be6c964e7cc6a8,Healthy-Leaf(1399),5,0.9999999999998654,0.14285715978228564,0.14285715159821535,0.14285726810529903,0.14285705625210005,0.14285697368571196,0.14285728670598996,0.142857103870398
2086,a5433cc53278c78d8d43b1ac413d85a8c26dff2926d80f3b3c0f14f4b71c27ba,Healthy-Leaf(1399),5,0.9999999999998961,0.14285715772636404,0.14285715054459816,0.14285725280901607,0.14285706682857718,0.1428569943365344,0.14285726913083047,0.14285710862407958
2087,7e602d5ab4ddf0303e0c0b28e9fe690a51e27962ce46eaf03e141d9d367ee6ef,Healthy-Leaf(1399),5,0.9999999999999573,0.14285715234526705,0.14285714776740635,0.14285721295111134,0.1428570943885483,0.1428570481682315,0.14285722335313716,0.14285712102629833
2088,faa3e0963ce017fd4ec911247ae85816fc03b3c87644b9def5c3a1a4e0c1508a,Healthy-Leaf(1399),5,0.9999999999998653,0.1428571598028718,0.14285715162376383,0.14285726811930793,0.1428570562419104,0.14285697365025402,0.1428572867081314,0.1428571038537605
2089,969e3cf413e9cab01699a2aa585c44b2bd4aa421eec80e307fed0fd77fc8d463,Healthy-Leaf(1399),5,0.9999999999999408,0.14285715407104851,0.14285714866910174,0.14285722566332537,0.14285708559890223,0.1428570309901018,0.1428572379409953,0.14285711706652499
2090,0ba5c8f0a593edf3e6fcbb6d98e3b4948c6a44b4fcc37bbedf6c076dabebe821,Healthy-Leaf(1399),5,0.9999999999999767,0.1428571498481675,0.14285714648975872,0.14285719436588237,0.14285710723932246,0.14285707325837804,0.14285720199628102,0.14285712680220983
2091,786011c07aae2f0c1d8aaa3f47809348aa55798265d2e2c60f46bcffd0a1801e,Healthy-Leaf(1399),5,0.9999999999999372,0.1428571544410783,0.14285714888379897,0.14285722818797672,0.14285708385250456,0.1428570275544485,0.14285724081818937,0.1428571162620036
2092,c5e247b003a247c45b7df8c0a8e536affc51675ac68011ad30dc27a02e7adae0,Healthy-Leaf(1399),5,0.9999999999997513,0.14285716590467296,0.14285715477328895,0.1428573133189742,0.14285702498847427,0.1428569126043393,0.14285733862015754,0.1428570897900928
2093,faa91bde1c38ff5408f5593ceb3629596e1262922e2c454063f4837290ec6b84,Healthy-Leaf(1399),5,0.9999999999999738,0.14285715026733214,0.14285714670631805,0.1428571974580965,0.14285710510097585,0.14285706908075815,0.1428572055482319,0.14285712583828736
2094,83cbf3294557b7574cda7615d94e62f453c6bd99f8583e404f98bb5639b8775b,Healthy-Leaf(1399),4,0.99999999999999,0.14285713835501393,0.14285714051530393,0.14285710969476412,0.14285716578839755,0.14285718766757807,0.1428571047854562,0.14285715319348616
2095,3db39e863b393e231931bb8695cf2b1da7d165327b6e54af86db501492147d6e,Healthy-Leaf(1399),5,0.9999999999999335,0.1428571547676559,0.14285714904610242,0.1428572306370434,0.1428570821587085,0.1428570242510619,0.14285724363870406,0.14285711550072377
2096,dc8bb60b7e8635fb7e081e9fbf3af5291ab70b6aca93f759595d64dee2cecd3e,Healthy-Leaf(1399),5,0.9999999999999049,0.14285715707778035,0.1428571502119269,0.1428572479925759,0.14285707015899704,0.14285700083994868,0.14285726359665904,0.1428571101221121
2097,4c70181408ffed0aff87e2b41c8363dc742ef78cf072386ff6d7ebc1e90c63ac,Healthy-Leaf(1399),5,0.9999999999999027,0.14285715725183412,0.14285715031387397,0.1428572491820794,0.14285706933637207,0.14285699922126668,0.14285726495067141,0.1428571097439023
2098,f54c2d4028cf2ecd5b45a5385c30cc9bbeb58face19ff1ef3c988d21860c9dec,Healthy-Leaf(1399),5,0.9999999999999191,0.14285715597621906,0.14285714964612006,0.14285723980653192,0.14285707581915708,0.14285701189284955,0.14285725419239878,0.1428571126667235
2099,ba7edd727035ad63f84166300fb9619980d03e4e62da27974892188b72029355,Healthy-Leaf(1399),4,0.9999999999999967,0.14285714056912754,0.14285714171348987,0.14285712553556024,0.14285715483238035,0.14285716620760006,0.14285712293012984,0.14285714821171214
2100,3aa4554828aad421548f79c5576b780e793b8507c066a169b17eccdc89426d39,Healthy-Leaf(1399),5,0.9999999999997977,0.14285716366072074,0.14285715362738977,0.14285729658920382,0.14285703655605242,0.14285693518628492,0.14285731939393198,0.1428570949864163
2101,78bd6818258dc8f697dbd0ae99893119a100a3c339ad4f67130d6761afcb11e3,Healthy-Leaf(1399),5,0.9999999999999212,0.14285715582587558,0.14285714958434018,0.1428572385466347,0.14285707668979866,0.14285701357697014,0.1428572527305799,0.14285711304580087
2102,f7ce94d995d92753d741b9497e1117e33f1db0edd14934eaafa5aed7bf9652d2,Healthy-Leaf(1399),5,0.9999999999999684,0.14285715103305419,0.14285714710862077,0.14285720308563338,0.14285710120999753,0.14285706147451616,0.14285721200349016,0.1428571240846879
2103,0fc54e10018c638da4b3b4c6600153a57ddc6f4f59bd9dfe2a5ef19818070bbf,Healthy-Leaf(1399),5,0.9999999999998039,0.14285716334167783,0.1428571534647234,0.14285729418032053,0.14285703822104123,0.1428569384349654,0.14285731662726373,0.14285709573000785
2104,7997e55e0231389b9ef37cdce02fade93788da832fadf4f0f1633a81b2c533bd,Healthy-Leaf(1399),5,0.9999999999999702,0.14285715074757674,0.1428571469431488,0.1428572011224655,0.14285710256769787,0.14285706414439364,0.14285720976682403,0.1428571247078934
2105,97dd18f9e5d4270bd99632f1284850a0f9c4859089aaca21ada857cfb02155eb,Healthy-Leaf(1399),4,0.9999999999999991,0.14285714215124087,0.14285714246796846,0.14285713787656046,0.14285714630219928,0.1428571496129308,0.1428571371588862,0.14285714443021386
2106,b7e74aeb917f9a76cb455f32199d919072c04e7c8e3bf7d5b9ea9c71f42d39fb,Healthy-Leaf(1399),4,0.999999999999988,0.1428571380005253,0.14285714037236033,0.14285710667397206,0.1428571678752928,0.14285719170095115,0.14285710128023218,0.14285715409666622
2107,f6d2754f6ce9795576994c32485623fadbdc2a8c6f6ea28671e5a7f2bfbdf8c1,Healthy-Leaf(1399),5,0.9999999999999329,0.14285715479782649,0.1428571490360885,0.14285723110251483,0.14285708183781362,0.14285702365115266,0.14285724419690154,0.14285711537770238
2108,ec89f9acc4aafa78f407117ecdfc818c8667584347932e51c8d7c466ff5c4716,Healthy-Leaf(1399),5,0.999999999999835,0.1428571616559185,0.14285715260040027,0.1428572816621698,0.14285704687705028,0.14285695533751938,0.14285730224312007,0.1428570996238218
2109,c918c96a125b410dcc4257c3cfca7817b95c237cc62d4d49903c833680d4fe77,Healthy-Leaf(1399),5,0.9999999999999951,0.14285714586394976,0.14285714442966954,0.1428571649057695,0.14285712761014804,0.1428571130526277,0.1428571681632077,0.14285713597462782
2110,31201200a072bb3f759c162115f4a769d22c949fc441acfdad4c327286ff9171,Healthy-Leaf(1399),4,0.999999999999983,0.14285713699044014,0.1428571398366875,0.1428570993478851,0.142857172941912,0.14285720161351897,0.14285709287797999,0.14285715639157628
2111,4eb883e9b0c193cc31548128370f168f45f3b2fa5c1495fe2aeedd9a24c15270,Healthy-Leaf(1399),5,0.9999999999998282,0.14285716199538565,0.14285715274980393,0.1428572844153336,0.14285704497421323,0.14285695164757903,0.1428573054293219,0.1428570987883627
2112,977f3b35883105065184f688dc970c438b6c27689118ae824dfd68f4db30a696,Healthy-Leaf(1399),5,0.9999999999998997,0.14285715745900704,0.14285715040619418,0.14285725082821066,0.14285706819813312,0.14285699701189017,0.1428572668565318,0.14285710924003298
2113,3d58eda0ecbd8a40216e70d72763850dc31fc7da948ae7c3cd600dae05d64a52,Healthy-Leaf(1399),5,0.9999999999999429,0.14285715384195227,0.14285714854276158,0.14285722403618317,0.1428570867241608,0.14285703319606835,0.14285723608012202,0.14285711757875177
2114,2890de45d26cec6e195a97ec81dcbacf1003d93667ea86672ad73be019b9866c,Healthy-Leaf(1399),4,0.999999999999999,0.14285714239631242,0.14285714265348015,0.14285713911860054,0.14285714544085074,0.14285714786782833,0.14285713853198087,0.14285714399094698
2115,1dc4a3b7fad0767ef17290f5c1fc98f5bb09725d6551e6fcc1a222d9d66e3d46,Healthy-Leaf(1399),5,0.9999999999999141,0.14285715637357094,0.14285714984089273,0.14285724283879633,0.14285707372269646,0.14285700780824614,0.14285725768507057,0.14285711173072688
2116,9119d13d0a1c087a7e3ee36055264b3299d2f321a8c242dcd9b81fc3daf13d65,Healthy-Leaf(1399),4,0.999999999999994,0.1428571394796849,0.14285714110102626,0.14285711796932996,0.14285716006657845,0.14285717648555551,0.14285711428451522,0.14285715061330975
2117,fae6fc1e04d59f9f8ca451ecd879607275272493f7855dc8de911325fbb78981,Healthy-Leaf(1399),5,0.9999999999997543,0.14285716576218294,0.1428571546955136,0.14285731229551732,0.14285702569613434,0.14285691399063058,0.14285733744914772,0.14285709011087347
2118,9f5c2fdbe56d456c6a0872114ca83cc4be7c232e1626f21e1b358455b3830195,Healthy-Leaf(1399),5,0.9999999999998396,0.1428571613793018,0.14285715244549696,0.14285727972065745,0.14285704821981524,0.14285695797266024,0.14285730002494815,0.14285710023712023
2119,b0852e4e894c46936d217eab3afc8168953927b4f039c93c98a8427a99776fbd,Healthy-Leaf(1399),5,0.9999999999998189,0.14285716250832364,0.14285715301064145,0.14285728825024743,0.14285704232266258,0.14285694647249136,0.14285730983748213,0.1428570975981514
2120,ff22abb221c47437aa30dc81b7b86736d4362541c0d64858279fa1fddd2f8862,Healthy-Leaf(1399),5,0.9999999999999443,0.14285715370966454,0.1428571484680207,0.14285722310437154,0.1428570873684293,0.14285703446066325,0.14285723501676473,0.14285711787208596
2121,609605ebe86978f0208abb0f95cd3f6f57aaf4ce82d4fbd94f878c82c92d6293,Healthy-Leaf(1399),4,0.9999999999999992,0.14285714282845943,0.14285714286287762,0.1428571424641681,0.14285714312838307,0.14285714336611488,0.14285714238594338,0.14285714296405358
2122,9414a95336355d4d5c1abb9b03e0c491df4dd47a88c0e17fc32deec2a847eee1,Healthy-Leaf(1399),5,0.9999999999998415,0.1428571612534127,0.14285715237113056,0.14285727889563726,0.14285704879102926,0.14285695909923332,0.14285729908479136,0.14285710050476563
2123,177e3f03df7c66e54e710a65220e99272c3350f403a13e91de9e69c990d2c267,Healthy-Leaf(1399),5,0.9999999999998771,0.14285715904203952,0.14285715122711207,0.14285726255132303,0.1428570600927045,0.14285698117763773,0.14285728031484538,0.14285710559433776
2124,221d691822ec634b1e26b64ea605e5faa2e2100f8c03ca03579ce9a2bfce5595,Healthy-Leaf(1399),4,0.9999999999999992,0.14285714271124203,0.14285714278715425,0.14285714174600303,0.14285714362566554,0.14285714435372468,0.14285714157474175,0.1428571432014686
2125,26a719d9ddb615cfc8c8aca34725a41960cc80fd98641e4d4af0836393f89ca2,Healthy-Leaf(1399),4,0.9999999999999926,0.14285713914285267,0.14285714095462387,0.14285711522679626,0.14285716196213957,0.14285718015991603,0.14285711110854768,0.1428571514451238
2126,70392ea3308d7b63294cab2653c699503350c4e48cffcc1f69aafeccfebcded2,Healthy-Leaf(1399),5,0.9999999999998516,0.1428571606540067,0.14285715205523022,0.14285727449320357,0.14285705183483885,0.14285696505010823,0.14285729403618935,0.14285710187642306
2127,decdd3072f5e0582e9c3f25bdd624ae3efe77facf58dec45b0a695453783a266,Healthy-Leaf(1399),4,0.9999999999999878,0.14285713789271937,0.14285714027902055,0.1428571062448727,0.14285716817367694,0.14285719232402624,0.1428571008213099,0.1428571542643742
2128,e1137ecdb14447db8a9b5ea56c87640f63333dd71e52f11cda34d0d2d3d5155a,Healthy-Leaf(1399),5,0.9999999999999979,0.14285714452871054,0.14285714375128059,0.14285715493873158,0.142857134502035,0.14285712650427967,0.14285715670428806,0.14285713907067454
2129,5cba37ecb104818083de531720cb39e878dd73fb4902332e69bb8684e026d529,Healthy-Leaf(1399),5,0.9999999999997412,0.14285716637197962,0.1428571550114337,0.14285731679972632,0.14285702258161276,0.142856907905794,0.1428573426212989,0.14285708870815464
2130,d419df48f1736ed6cac7d9868121179d07feda36542a1c32afe8cda3713a3b2c,Healthy-Leaf(1399),5,0.9999999999998564,0.14285716036150412,0.14285715191534826,0.14285727221566655,0.14285705340911528,0.14285696811313242,0.14285729141059061,0.1428571025746427
2131,b464b9e06256b9bfef45e170a136659802dbe1c478f43dad8c51d7a007759025,Healthy-Leaf(1399),5,0.9999999999998418,0.1428571612358482,0.14285715236921895,0.14285727866947168,0.14285704894654117,0.14285695939392054,0.14285729882036413,0.1428571005646354
2132,2ed33899764d4bc0a4fce3bdbdd338d80bb8c4ac168f4f470a094d4a349172de,Healthy-Leaf(1399),5,0.9999999999998566,0.1428571603543094,0.1428571519145404,0.1428572721416323,0.1428570534603393,0.14285696821044866,0.14285729132243158,0.1428571025962983
2133,6c006666c50dc0b2a12b19039e6c8b90437f4223f8c85c8f11f5fbb4ea020afc,Healthy-Leaf(1399),5,0.999999999999789,0.14285716407749682,0.14285715382189776,0.14285729987306017,0.1428570342862268,0.1428569307744497,0.14285732318434996,0.14285709398251878
2134,995a5b8711d8aca0e4cb8c50f971573eb05286eed9594d0498a0210fd6b2e7bc,Healthy-Leaf(1399),4,0.9999999999999607,0.14285713380417286,0.14285713820981463,0.1428570755745397,0.14285718937932762,0.14285723370132278,0.1428570655580148,0.14285716377280772
2135,503a9a1dfc964cf97144f11d4a8634f88220fa9f8189b3e05cecdce59a6d4631,Healthy-Leaf(1399),5,0.9999999999999399,0.14285715415846634,0.14285714872075442,0.14285722621961558,0.14285708521338927,0.1428570302286115,0.14285723857585247,0.14285711688331035
2136,78db5a8bb9e1e944579396e5cf076c892a111a320ded439f2210dcdf70f51557,Healthy-Leaf(1399),5,0.9999999999998365,0.14285716154959924,0.14285715252635744,0.14285728104475132,0.1428570473044478,0.14285695619189426,0.14285730155243107,0.1428570998305189
2137,81e1baae7f2710e7b30568e7f22b4f1f4543da9e1e29dd7fcafa624624510c4d,Healthy-Leaf(1399),5,0.9999999999998767,0.14285715907838512,0.14285715125034987,0.14285726274468544,0.1428570599581246,0.14285698090821178,0.14285728053504504,0.14285710552519812
2138,3ba1ea411b6cca8dea717ba3f9993ddfc027e0c011e29f2a8bc37bb1c7c93f3d,Healthy-Leaf(1399),4,0.9999999999999889,0.14285713813327228,0.1428571404001072,0.14285710805934865,0.14285716691924072,0.1428571898771917,0.14285710290784906,0.14285715370299046
2139,0000b2c815a6c24eb628c0a5440a61d904ff00656cff6197d4844d36b3ec6da6,Healthy-Leaf(1399),5,0.9999999999997207,0.14285716730239995,0.14285715549646524,0.1428573236455401,0.14285701784784288,0.1428568986545017,0.1428573504794192,0.14285708657383106
2140,7c6951d9ae25d55927a934c76f550885bcf09ad469b98cbdcb8f640e886a1496,Healthy-Leaf(1399),5,0.9999999999998983,0.14285715760254872,0.1428571505048627,0.1428572516696133,0.14285706761565123,0.14285699584888628,0.14285726779949434,0.1428571089589435
2141,f034fdb018f04128e82489281bb6f7994d0f3ac6797164144d5d80d696ba68c6,Healthy-Leaf(1399),5,0.9999999999999761,0.14285714994291973,0.14285714654121967,0.14285719503335798,0.14285710677748858,0.14285707235299178,0.14285720276120803,0.14285712659081423
2142,c3cbea7432b85e36cade2e608545b431a88ccfb49a2c8ac2bb49e62828f2ba1f,Healthy-Leaf(1399),5,0.9999999999999563,0.14285715247175274,0.14285714784208117,0.14285721380711475,0.1428570937964843,0.14285704700230625,0.1428572243270557,0.14285712075320517
2143,9c11b5c9aa41a3fda5955713b6849459ab3654b4d95f8ae29226f7dbf5e9bbc9,Healthy-Leaf(1399),5,0.9999999999999963,0.1428571453605983,0.14285714418486875,0.14285716105255533,0.1428571302742672,0.14285711824147643,0.14285716372275012,0.14285713716348392
2144,3b563917b06e9c670833f1b0c4468a8bdfcae89845a2569c34dfa3c7143fbc69,Healthy-Leaf(1399),4,0.9999999999999963,0.1428571404041456,0.14285714160558535,0.14285712453696117,0.14285715552389142,0.1428571675826534,0.14285712180365767,0.14285714854310544
2145,4dafba7261b0771e957ea31d3c1bd8eaaa4a8f20159eb5a99979004c9fe49b1e,Healthy-Leaf(1399),5,0.9999999999999413,0.14285715403154284,0.14285714866233148,0.14285722524649846,0.1428570858867104,0.14285703153816956,0.14285723744939302,0.1428571171853543
2146,1cfe246ed80f50d2791da158477f20c049a53afef3bc95d36ec0797a042797d3,Healthy-Leaf(1399),5,0.9999999999998779,0.1428571589885661,0.14285715120582268,0.14285726207167965,0.14285706042360885,0.14285698181610443,0.14285727975978244,0.14285710573443577
2147,4a6055810884e5ecd04c3be8ce22dd946726bd3ec8a8a40c3f7a0fee4f6e8584,Healthy-Leaf(1399),5,0.9999999999999982,0.1428571443694585,0.14285714366096405,0.14285715382636852,0.1428571352712742,0.1428571280148392,0.14285715543485766,0.14285713942223785
2148,c4d5071fce225c6117a9bdc457a564b563d55b90e060643abd9f510a0dbfb89d,Healthy-Leaf(1399),4,0.9999999999999992,0.1428571427347692,0.1428571428039139,0.14285714186682846,0.14285714354174103,0.14285714418441392,0.14285714170991462,0.14285714315841888
2149,a0abca87a372f8f630e9fa64a5a0a4995e411fbe53dc6d9ae000d1307aa1979e,Healthy-Leaf(1399),5,0.9999999999999908,0.1428571470892632,0.14285714502422114,0.14285717436036802,0.14285712107457538,0.1428571003277484,0.14285717905549775,0.14285713306832612
2150,cca39c393fb8ce67938e5e3f7f46d5338261fdc27e33f6c5aa63576ce346b393,Healthy-Leaf(1399),5,0.9999999999999983,0.14285714431457983,0.14285714362608384,0.14285715349933747,0.1428571354980147,0.1428571284655518,0.14285715506413965,0.14285713953229268
2151,07c09b895a33b15f5ab4da3425246fab7cf77c3a4c5bb47acaec5256d63d1c0d,Healthy-Leaf(1399),4,0.9999999999999889,0.14285713822306173,0.14285714049245435,0.1428571082793057,0.14285716676521198,0.14285718952761023,0.14285710311873198,0.14285715359362397
2152,3ea8815b7835c9512643ca0039cb7f619b78024a9b95daf5c67cc2d9fbb00a0a,Healthy-Leaf(1399),5,0.9999999999999903,0.14285714729228552,0.14285714518158574,0.14285717534557646,0.14285712039092366,0.14285709893611265,0.14285718013997473,0.14285713271354122
2153,030d1fd30c5d846fd59adb4f5e8e4d8c6d2d70232378565ececd530343d8fe55,Healthy-Leaf(1399),5,0.9999999999999927,0.1428571466066706,0.14285714481951745,0.14285717034521456,0.14285712384875626,0.1428571056987813,0.14285717440451176,0.14285713427654803
2154,652a61e0f0baf47b37e1ec14307ab661343da81700eb95265ef4dab6fe41c199,Healthy-Leaf(1399),5,0.9999999999999672,0.14285715115756842,0.1428571471736452,0.14285720399184973,0.14285710058317463,0.14285706024888212,0.14285721304418744,0.1428571238006923
2155,f92d683a72470f7865eaf1b820ad6abae11aa2d32fb67f6a3d544d38406e1b5d,Healthy-Leaf(1399),5,0.9999999999998914,0.14285715810266855,0.14285715076410002,0.1428572553551572,0.14285706506702864,0.14285699086923004,0.14285727203196177,0.14285710780985378
2156,2a3731963d9c9c775752ad60020b6fd997446394ee34b6d65fc361c668dccbf1,Healthy-Leaf(1399),5,0.999999999999849,0.1428571608311031,0.14285715217067185,0.14285727561188588,0.14285705106114574,0.1428569635155255,0.14285729529655108,0.1428571015131169
2157,3cfc7418908991f65a09b69250ee7d211c8ad8a6fac0fb0c8a21fda2dbac1a88,Healthy-Leaf(1399),5,0.9999999999999922,0.1428571467477858,0.1428571448807225,0.14285717148935037,0.1428571230578429,0.14285710416552552,0.14285717573004394,0.142857133928729
2158,47febf4fd308c92058679b3df71de4b93c284231c646bf8ee1d6b6d737f3d38b,Healthy-Leaf(1399),5,0.9999999999997797,0.14285716454895372,0.14285715407566366,0.14285730326444265,0.14285703194080107,0.1428569261822325,0.14285732706994014,0.14285709291796633
2159,d7c76544df46b4a7b74b25d9337f85e1e5dc84a06ac7366ba9ed0b5a1cf9aa67,Healthy-Leaf(1399),5,0.9999999999999656,0.14285715135932608,0.14285714725685195,0.14285720570559182,0.1428570993994301,0.1428570579598103,0.14285721503030271,0.14285712328868702
2160,2113d7c73632ebbfddd5aa0e294d9fc11b0a5bfda1b8d051d0be13e532f32566,Healthy-Leaf(1399),5,0.9999999999999073,0.1428571568994633,0.14285715012091862,0.1428572466909913,0.14285707105956208,0.14285700259948064,0.14285726209886546,0.1428571105307186
2161,4da1756c149eb50b8bb05352db6a45f457ba4115a27a2b5581cf9f9fd76568cf,Healthy-Leaf(1399),5,0.9999999999999968,0.1428571451263787,0.14285714401019198,0.14285715984339623,0.1428571311127264,0.14285711993655317,0.14285716238246982,0.1428571375882837
2162,cc355e1b0eca044d298ebe4b4336a33adfe472d322782b0e8f6f60958975dc4f,Healthy-Leaf(1399),5,0.9999999999999649,0.14285715145446853,0.14285714732837426,0.1428572061966158,0.14285709905903304,0.142857057271359,0.14285721557370087,0.14285712311644852
2163,3cd2e0095298550aca8b6d9a17e765e530d5a08763643634f4706a6700effee2,Healthy-Leaf(1399),5,0.9999999999999224,0.142857155704732,0.14285714950579664,0.14285723780200082,0.1428570772053004,0.1428570146007455,0.14285725189002732,0.1428571132913974
2164,7eef658dddc807d62cd5ce69488e97748dd493eb2dbda29c5263251ff8c99a96,Healthy-Leaf(1399),5,0.9999999999999186,0.14285715601098337,0.14285714966901977,0.14285724001706146,0.1428570756734001,0.142857011602943,0.14285725442962538,0.14285711259696693
2165,23a610bb0e1934f1ae72d749f047b40260d5d63065e3aa4ab990796dfd4c3104,Healthy-Leaf(1399),5,0.9999999999999855,0.14285714830969282,0.14285714569688374,0.14285718296965572,0.1428571151194782,0.14285708864963206,0.14285718890572513,0.14285713034893233
2166,e3e89e7801824c0a4b948bb23a4a7846881517da3dfe8cae1d6ec08f23e169d4,Healthy-Leaf(1399),4,0.9999999999999952,0.14285713995399274,0.14285714138531333,0.14285712108804788,0.14285715790819853,0.1428571722271378,0.14285711783142138,0.14285714960588822
2167,9d1a6d8338c8ad3b7106edb75bc5a11bcd4e815cd0acad29b61d488288add31e,Healthy-Leaf(1399),5,0.9999999999999296,0.14285715511859,0.1428571492314717,0.1428572331968977,0.14285708038853923,0.1428570207889997,0.14285724657476181,0.14285711470073995
2168,80a9804d9e26778554deb49d985c477b4e47bbb55720e49397c16aa7b83f941a,Healthy-Leaf(1399),5,0.9999999999999923,0.14285714673183358,0.14285714487748596,0.14285717134976278,0.14285712315471646,0.1428571043509161,0.1428571755633894,0.1428571339718958
2169,1ad0aac9a022200e8306e34329ae3bdf2e9992c8cf75ec00f655e397a242f92f,Healthy-Leaf(1399),5,0.9999999999997791,0.14285716456923353,0.14285715407650978,0.1428573034911727,0.14285703178408427,0.14285692588539456,0.14285732734018522,0.14285709285341985
2170,d1c9c10a6ea5692e621d88de0de8d59b58a7ee4d0af743497e3a6662fea06bd2,Healthy-Leaf(1399),5,0.9999999999999379,0.14285715436050395,0.14285714883459139,0.14285722766708822,0.142857084213042,0.14285702826689936,0.14285724022669788,0.1428571164311772
2171,9435ffc33ede7e708f9ce176a69eb33360b8d2d91480c117a0683b5a23295be2,Healthy-Leaf(1399),5,0.9999999999999912,0.1428571470153084,0.1428571450270179,0.14285717339905127,0.1428571217371914,0.1428571015776725,0.14285717791539812,0.14285713332836042
2172,3b5f66a589cd2ad499d6f7b85100804f0cf21b7a5d6d9d79d339caeefb21c428,Healthy-Leaf(1399),5,0.9999999999999185,0.1428571559716739,0.14285714960894386,0.14285724013576426,0.14285707559352834,0.1428570114903948,0.1428572546003753,0.1428571125993196
2173,c85b2a9269df2b73937d99d89ede99dbd57af8b8b299871d593c87d222d129d3,Healthy-Leaf(1399),4,0.9999999999999728,0.14285713537530392,0.14285713902305977,0.14285708719320228,0.14285718134552522,0.14285721800695186,0.14285707889985394,0.142857160156103
2174,3049779f3ea3b2e5558c63aa140d0676f472294debfde756dcc1fb6180b2336b,Healthy-Leaf(1399),5,0.9999999999998954,0.14285715780631944,0.14285715060587179,0.1428572531976392,0.142857066558794,0.14285699378789693,0.14285726955970568,0.1428571084837731
2175,6ccd4d696fdf79b96d4a09c5e200314c63c4b8a2202a057d1381bbcfcaffa985,Healthy-Leaf(1399),5,0.9999999999998873,0.1428571583692797,0.14285715089593062,0.14285725740147562,0.14285706365267145,0.1428569881135958,0.14285727438638324,0.14285710718066355
2176,25601b2b3b8dfca1379d3a4c72b10b625748056b74e22b9cc52ea6e1b1af8301,Healthy-Leaf(1399),5,0.9999999999999871,0.14285714795299398,0.14285714549818623,0.14285718047263593,0.14285711684675184,0.1428570920392075,0.14285718605086517,0.14285713113935933
2177,731d8063bbc8c70c6ec7f1c14dd063e0cd5502b3dfa242e4c58b74ef5170b0ad,Healthy-Leaf(1399),5,0.9999999999999474,0.14285715339587696,0.14285714830245727,0.14285722081264385,0.14285708895316063,0.14285703755970727,0.14285723238810388,0.14285711858805017
2178,8d34678c8957770d8505f135e0b6fec6b981e05e5e2a9266bcc93db2d6567fed,Healthy-Leaf(1399),5,0.9999999999997915,0.14285716396615886,0.14285715378002906,0.1428572988840462,0.1428570349691425,0.14285693209109604,0.1428573220352164,0.142857094274311
2179,c30c4c5533d1db836c7434f6711a31ba850017aa1e42b383868165e702d0dc5e,Healthy-Leaf(1399),5,0.9999999999999553,0.14285715259936435,0.14285714791737866,0.14285721467740511,0.14285709319465092,0.1428570458177782,0.14285722531696932,0.14285712047645346
2180,4e96e9b4ff435c61503189664610afdd3157a64a634cefe3c75a916021969921,Healthy-Leaf(1399),5,0.9999999999997394,0.14285716647395177,0.14285715507258673,0.14285731747653732,0.1428570221133525,0.14285690698228334,0.1428573433906198,0.1428570884906685
2181,a6c962a2d9c940592e4c6345167592e46a4d3fc51bce0c16f29623e81007af60,Healthy-Leaf(1399),5,0.9999999999999835,0.14285714866096574,0.14285714584888246,0.14285718586040844,0.1428571131220056,0.14285708477937797,0.14285719225202909,0.14285712947633084
2182,b4323598e59f905c64076d74e26d6c4c0dd360ad3a32aee877c96caaad1b628d,Healthy-Leaf(1399),5,0.9999999999999721,0.14285715052278275,0.1428571468545515,0.14285719920664472,0.14285710389154624,0.14285706670195333,0.14285720754061212,0.14285712528190925
2183,4f26146a428cc09ff7fdd73959dfd714946a89898f38364dc6f5eb280fd35413,Healthy-Leaf(1399),4,0.9999999999999704,0.1428571349746317,0.14285713877181153,0.14285708465286087,0.1428571831038817,0.14285722148839397,0.14285707602272593,0.1428571609856943
2184,e0012ef1dc24ed5d4ea4fae0a7645cf4426d07cbc52a588e72ac9ce2d958578d,Healthy-Leaf(1399),5,0.9999999999998294,0.14285716194317735,0.1428571527189905,0.1428572840700122,0.1428570452132295,0.14285695211878463,0.14285730503596455,0.14285709889984138
2185,5c0f72060a66b9fe6b3a10f1449a1e9ba89128b683698869506b11b86e6964c7,Healthy-Leaf(1399),5,0.9999999999998945,0.1428571578512965,0.1428571506168986,0.1428572536606446,0.14285706623941818,0.14285699317763895,0.14285727010172705,0.1428571083523762
2186,7538df118aca1015f1b9856b702fb7486a0d342e35ecd9d7534f2164b78914b7,Healthy-Leaf(1399),5,0.9999999999999103,0.14285715670157034,0.14285715004146046,0.14285724499785626,0.14285707222915764,0.1428570048595525,0.1428572601342498,0.14285711103615303
2187,d3936d2d22f7b7cb72350ee12acf59fd0b2ccb0759326cd5e819fa24b614ee3e,Healthy-Leaf(1399),5,0.9999999999999954,0.14285714573786998,0.14285714438010802,0.14285716384180286,0.14285712834560113,0.14285711447374894,0.14285716692580203,0.14285713629506702
2188,98b066a762714b4b9982e3b597a997ce63dcfa89a50ea7e3266fd9b917e9eb57,Healthy-Leaf(1399),5,0.9999999999999404,0.1428571540917338,0.14285714866658647,0.14285722592967787,0.14285708541498304,0.1428570306440281,0.14285723825984364,0.14285711699314718
2189,e449a7832be7597c276b4c1fd23fb654e41497205c81bbe7ef3e18f17cd20482,Healthy-Leaf(1399),5,0.9999999999998674,0.1428571596905382,0.1428571515762096,0.1428572672071882,0.14285705687259706,0.1428569748721787,0.14285728564968875,0.14285710413159955
2190,579e6bc07cef07dfc1da8fb872ad3c28e3ee686c19a4036dd45b1ad7c30925d3,Healthy-Leaf(1399),5,0.9999999999998549,0.14285716045750502,0.1428571519570055,0.14285727301221204,0.14285705285885578,0.1428569670471967,0.14285729233199418,0.14285710233523075
2191,642d25818d40c7709dc14b69cc0ea801ec3326428fe203a58c8f076255fcc1af,Healthy-Leaf(1399),5,0.9999999999998038,0.1428571633345569,0.14285715345902325,0.1428572941729039,0.1428570382268115,0.14285693844965444,0.14285731661881396,0.14285709573823605
2192,6282a948025bc4bd680e886b44788f54fc678d103ca1b764f8cfbc5e0bcf20a3,Healthy-Leaf(1399),5,0.9999999999998892,0.14285715819988987,0.1428571507748127,0.14285725645187078,0.14285706431025863,0.14285698943260733,0.14285727332771775,0.14285710750284292
2193,164bc1abc7250cfef0462eb0966ae01ec8cea809c92b41f199737bec73c189c7,Healthy-Leaf(1399),5,0.9999999999999655,0.14285715139726204,0.1428571472831408,0.142857205887047,0.1428570992729573,0.1428570577038057,0.14285721523495107,0.14285712322083613
2194,7602131c0f5fca231fd2151d164a7080155bde97627eb6f02d66c9018f8ff56e,Healthy-Leaf(1399),5,0.9999999999999981,0.14285714433089994,0.14285714358338159,0.14285715409061883,0.14285713509082676,0.142857127722994,0.1428571557912331,0.14285713939004577
2195,8e560f89fa1ec9c91000465eebcf28ce690a0856579793e444fb4639e398190c,Healthy-Leaf(1399),5,0.9999999999999626,0.14285715174772975,0.14285714747206485,0.14285720843358307,0.1428570975123906,0.14285705425796966,0.14285721815049335,0.14285712242576867
2196,15e4b1384d9a017d282e50bb6694c1306029ae1043a64fc5eebf24245f7bc692,Healthy-Leaf(1399),5,0.9999999999998702,0.14285715949320318,0.1428571514631432,0.14285726583482317,0.1428570578215843,0.14285697673677122,0.14285728408499582,0.14285710456547895
2197,f0d697c81fcc5a54a98dc366ec07c4ba692818f240d7c4cda5ef80aa5d8bc757,Healthy-Leaf(1399),5,0.999999999999897,0.1428571576688343,0.14285715052393702,0.1428572523134349,0.14285706717123844,0.14285699499725235,0.14285726855224873,0.14285710877305433
2198,b7b7504e1143c4b95c3ee86d203bc9a688419a5731538080e9f03b8795d5679f,Healthy-Leaf(1399),5,0.9999999999999698,0.1428571507964738,0.1428571469420459,0.1428572017738502,0.14285710211913386,0.14285706329795256,0.14285721053653241,0.14285712453401134
2199,99202f66e2100081d65c9c85f75f95bf7e3a45821784995a469d6fe4de57f593,Healthy-Leaf(1399),5,0.9999999999998512,0.1428571606786048,0.14285715207363128,0.14285727462514888,0.1428570517434672,0.14285696486587662,0.14285729418223822,0.14285710183103292
2200,890902e6dc721a3bd36836b4c0e3a5508b042e461756b2ef1f847c7ef6107e25,Healthy-Leaf(1399),5,0.9999999999999739,0.14285715022991663,0.14285714667107566,0.14285719734211233,0.14285710518198932,0.1428570692563389,0.14285720542901856,0.14285712588954846
2201,f7f27cf053fa84d5978e485a4aa00848beb78496a7287786ee6ab18bb9348789,Healthy-Leaf(1399),5,0.9999999999999774,0.1428571497239442,0.14285714641599423,0.1428571935543538,0.14285710780118951,0.14285707436686917,0.142857201071955,0.14285712706569412
2202,7a75eec4f8edab5204c5eac14e74d58886b796a941b5a5a535e44a453dad45f7,Healthy-Leaf(1399),5,0.9999999999998894,0.14285715821390868,0.14285715080937175,0.14285725630017068,0.14285706441418303,0.14285698960712248,0.14285727312810137,0.14285710752714204
2203,1f5a9189355771bac586ef5c46b51a2bc753a7f72da9bc617154c619062b142b,Healthy-Leaf(1399),5,0.9999999999999813,0.1428571491058251,0.14285714610981654,0.142857188831975,0.14285711106555202,0.14285708072821074,0.1428571956378681,0.1428571285207525
2204,7d556c45f200bf70575a77e131d49418297139b60ca82966eca4a3ca5ae8baaa,Healthy-Leaf(1399),5,0.999999999999802,0.1428571634043906,0.14285715347263755,0.14285729488168902,0.14285703773711855,0.1428569375156593,0.14285731745494978,0.14285709553355516
2205,c9af053235b541472f6cf275208f2b43c72d7382eaf7b5452093fc7ddd71bb4c,Healthy-Leaf(1399),4,0.9999999999999936,0.14285713931371752,0.1428571410025402,0.14285711685895702,0.14285716083478958,0.14285717799928835,0.14285711302120604,0.14285715096950122
2206,1a41bb8f4128757274a0741da431e2f0568531364074be3eaf43bc18e13fae0f,Healthy-Leaf(1399),5,0.99999999999979,0.1428571640364199,0.14285715381056655,0.14285729946443543,0.14285703456817064,0.14285693131424365,0.14285732270668777,0.14285709409947595
2207,94ba9383250fefcff0d2f09bf8c6c2106eb18e0b35d94a2b9e6c88c4d9f6a1c0,Healthy-Leaf(1399),5,0.999999999999879,0.1428571589451678,0.14285715119185632,0.1428572616790949,0.1428570606949317,0.1428569823376564,0.1428572793005083,0.1428571058507847
2208,aa18d3e17d743455e9111055385b3d2a9bd14b3fa309305369bd0ad4e4656dd9,Healthy-Leaf(1399),4,0.9999999999999934,0.14285713939034322,0.1428571410848118,0.14285711701369547,0.1428571607259996,0.14285717774163134,0.14285711316012767,0.14285715088339085
2209,445807fb856018b1625e30e68589bdf3081fd2beb28ea205f6e7a04532de871a,Healthy-Leaf(1399),4,0.9999999999999809,0.14285713661545232,0.14285713964708996,0.1428570965214958,0.14285717489583796,0.14285720542531924,0.14285708962897106,0.14285715726583367
2210,5f586258c0f584e1529ef57da6346fbd7413843b537bbc29a7d7097c325bb3bb,Healthy-Leaf(1399),5,0.9999999999999175,0.14285715610344485,0.14285714970959476,0.14285724078221515,0.1428570751448695,0.14285701057868652,0.14285725531413546,0.14285711236705376
2211,0d51d6a7441ddfad1d86306a1fd5330301202ae84f213a86fc0287ccb2ca2cfd,Healthy-Leaf(1399),5,0.9999999999999647,0.1428571514817461,0.14285714732442054,0.1428572065364076,0.14285709882407435,0.14285705682948568,0.14285721598276785,0.14285712302109782
2212,e99cba5160c4f00994dc54470e1d49c75f83258b1eaef9ba8463cb63b19e49d9,Healthy-Leaf(1399),5,0.9999999999999791,0.14285714945273284,0.1428571462985913,0.14285719131485836,0.14285710934849674,0.14285707736453696,0.1428571984801724,0.14285712774061143
2213,3414cbf3f4db39e470c24a0471f16258cba1b8b5de868889c2e79fc3a8588f7d,Healthy-Leaf(1399),5,0.9999999999998586,0.14285716024575293,0.1428571518637698,0.1428572712990106,0.14285705404300802,0.14285696934371886,0.14285729034907066,0.14285710285566908
2214,1f93e7b90e9d4c27e8a0bdc5e28da8b035c7472fb8b37061501261b952baac08,Healthy-Leaf(1399),4,0.9999999999999969,0.14285714075596775,0.14285714179466422,0.14285712708378495,0.1428571537628478,0.14285716413563224,0.14285712472100573,0.1428571477460972
2215,432dff3e73209f33e81e433bcc6a003559e2dcccb2b348ea072642d0cf1e6891,Healthy-Leaf(1399),5,0.9999999999997562,0.1428571656779198,0.1428571546512602,0.1428573116751435,0.14285702612505038,0.14285691482900223,0.14285733673757323,0.1428570903040506
2216,a09586daee0258713196c26c0386fb6c0b89b54474d92d8c83b0a2a26cb59bc8,Healthy-Leaf(1399),4,0.9999999999999916,0.1428571387966286,0.14285714074160785,0.14285711298791762,0.14285716351154162,0.1428571832223235,0.14285710856873401,0.1428571521712467
2217,b82bf4d85d8132f2eb4916368632a37b7149237d60142aedf5e67ff81e963b5b,Healthy-Leaf(1399),5,0.9999999999998198,0.14285716247009828,0.14285715299754612,0.14285728790650712,0.14285704256013465,0.1428569469295177,0.1428573094364387,0.14285709769975746
2218,2d45aed1ebbb93458c6347beaeed78a5de3036386021b6e3e2a6f8cbc51b008c,Healthy-Leaf(1399),5,0.9999999999999611,0.14285715190172138,0.14285714753757148,0.1428572096863911,0.14285709664624308,0.14285705257975004,0.14285721960358627,0.14285712204473658
2219,dd89441f041d1d0d7c607c24af176fdf26f25c91836d996e495040799abbd9f6,Healthy-Leaf(1399),5,0.9999999999998547,0.1428571604455213,0.14285715194181597,0.14285727301233742,0.14285705285918807,0.14285696705750148,0.14285729234018257,0.14285710234345309
2220,d12409f393b1a934b6c226a371d5341d090093d365210c3e5584a57a4934faae,Healthy-Leaf(1399),5,0.9999999999998356,0.1428571615818571,0.1428571525350729,0.14285728135297154,0.14285704709150082,0.14285695578397514,0.142857301914134,0.14285709974048846
2221,c51c84a60fa2aa3124a1e4d0621ee72fd969812f8f4e38a22aaa2486cc0dfbee,Healthy-Leaf(1399),5,0.9999999999997596,0.14285716552403768,0.14285715457676534,0.1428573104828197,0.1428570269491835,0.14285691643326945,0.1428573353640214,0.14285709066990304
2222,fcc49174c718fa213b86af58bdc92e1ac886a9bc9d351699a81468ccca6195f5,Healthy-Leaf(1399),5,0.999999999999735,0.14285716664466255,0.1428571551507253,0.1428573188239127,0.14285702118183552,0.1428569051726626,0.14285734494805688,0.14285708807814435
2223,ee9ecd48425bcff40a33606559ff217f7d7df4abcf9ef4d58bad7cd8eadd7cc9,Healthy-Leaf(1399),5,0.9999999999999986,0.1428571440810049,0.14285714350534606,0.14285715174017344,0.14285713671375774,0.14285713083873286,0.14285715304594596,0.14285714007503908
2224,3f52be1ddf3339bad9bad650f5e1189d5b812d7a9849d26637c079a7f3aa5e9e,Healthy-Leaf(1399),5,0.9999999999999675,0.14285715113059794,0.1428571471465221,0.1428572039169202,0.14285710063547374,0.14285706036490245,0.14285721297031642,0.14285712383526716
2225,2310c7f2712b22704d61a1cbd33e3a08c65b19a50717a88792e827603797fa75,Healthy-Leaf(1399),5,0.9999999999997632,0.14285716535154108,0.1428571544854613,0.14285730924271675,0.14285702780708776,0.14285691811219287,0.14285733394075112,0.14285709106024905
2226,b7a7b38937bddafd04e3786a8e496bf4d85fc1865b1379d15421f36dc0853f5d,Healthy-Leaf(1399),5,0.9999999999998301,0.14285716189173164,0.14285715269516283,0.14285728365318312,0.1428570455011424,0.14285695267776738,0.1428573045553858,0.14285709902562682
2227,6eb2eef0fa6e27303310294afd2cde6acfcd706400a7fbdb5bad93d09bcfc1e5,Healthy-Leaf(1399),4,0.9999999999999994,0.14285714268600216,0.14285714275589317,0.14285714170994482,0.14285714365083657,0.14285714442079955,0.14285714155159004,0.1428571432249337
2228,c69758889752f0840210f3a3eadf56424454c42b06738b7bc702db74f731f4e0,Healthy-Leaf(1399),5,0.9999999999998889,0.14285715824416134,0.14285715081315117,0.14285725663519255,0.14285706418295913,0.1428569891678452,0.1428572735238575,0.14285710743283306
2229,5ae56e9427c3a43542306d72e1c07cecc7025039f6156282f3f873094aac0709,Healthy-Leaf(1399),5,0.9999999999998403,0.14285716132021983,0.14285715241597316,0.1428572792949865,0.14285704851455797,0.1428569585484882,0.14285729953372925,0.14285710037204513
2230,85287998f387710218d1f7c38ae761220c76047f061a0ade5210be94506f63fc,Healthy-Leaf(1399),4,0.9999999999999876,0.14285713791268762,0.1428571403342828,0.14285710595268308,0.14285716837371465,0.14285719266678587,0.14285710044526498,0.14285715431458096
2231,e1349bc0d184e6fdcec95fa2025616b536cd5c875c16aab7c7756b5bec3aa51e,Healthy-Leaf(1399),5,0.9999999999999041,0.14285715714673414,0.14285715024871581,0.1428572484965766,0.14285706981055998,0.14285700015839237,0.14285726417410616,0.14285710996491488
2232,518bdc76183ec1c9b4ef3198303bb1cc4a5a1d6307ab44f59c68ada977617b09,Healthy-Leaf(1399),5,0.9999999999998056,0.14285716322334224,0.1428571533800698,0.14285729353713275,0.1428570386668837,0.14285693933106672,0.14285731590957332,0.14285709595193138
2233,4287352b5e2f247851d243021476ff602040c241908174ad1589d6214bf9f35b,Healthy-Leaf(1399),5,0.9999999999999836,0.14285714866001126,0.14285714588329554,0.14285718550706938,0.14285711336467252,0.14285708521589657,0.14285719181510803,0.14285712955394675
2234,49343e5df35e7241dabc5f9ee935a61a6f2936ef74ef0750fa29193c8b131e2d,Healthy-Leaf(1399),5,0.999999999999853,0.1428571605696093,0.14285715202283442,0.14285727378231938,0.14285705232638457,0.14285696599958933,0.1428572932081003,0.14285710209116279
2235,70ef0ecb98a7c96c1efc5af585b75d1090a5467a07caa9716723f40cfb0f2081,Healthy-Leaf(1399),5,0.9999999999998628,0.14285715999583587,0.14285715173740804,0.14285726940934212,0.1428570553492443,0.1428569718915879,0.14285728817724652,0.14285710343933522
2236,27f46558eaba2358d20c95aa844f3057616c846b65c732d92f4f7ec1bb9c079c,Healthy-Leaf(1399),5,0.9999999999997112,0.14285716769709014,0.1428571556940912,0.14285732662313022,0.14285701578912582,0.1428568946394896,0.14285735390506996,0.14285708565200306
2237,dc796aca34c3fa1dadb39b626a49b95c7d810c72cee5392110340154fc55d0b2,Healthy-Leaf(1399),5,0.9999999999999727,0.14285715039039457,0.1428571467522412,0.14285719854027124,0.14285710435344656,0.14285706763936348,0.14285720680706587,0.142857125517217
2238,8782bdfc745ce6e1c96149167fcb889fc1792a02123b2710b6438518c0b601d7,Healthy-Leaf(1399),4,0.9999999999999668,0.1428571345405759,0.14285713857921276,0.1428570811331227,0.14285718553628415,0.14285722620617822,0.14285707195176747,0.1428571620528589
2239,68261bdf0aa61d140a6e57139abc7c065ad1175b576b5e115ba3a1aca8e5e46d,Healthy-Leaf(1399),5,0.9999999999997871,0.1428571641718901,0.14285715387028344,0.14285730055788848,0.142857033812339,0.14285692984830978,0.14285732397239373,0.14285709376689545
2240,7d0f7174ec883c03fa2f33e661a613006f0cf2f5baba3507deca4aa9075601b1,Healthy-Leaf(1399),5,0.9999999999998983,0.14285715754697953,0.14285715043792724,0.1428572516158003,0.1428570676542008,0.14285699596414747,0.14285726777324376,0.142857109007701
2241,88d0861f216ea4e2c669ee81f403788fbf66e69269c3e247863a7182d8a48829,Healthy-Leaf(1399),5,0.9999999999998148,0.1428571627505321,0.14285715314980676,0.14285728990457316,0.14285704117811204,0.14285694422172523,0.14285731172485774,0.14285709707039296
2242,9b25ed08ef52c843b0d1aa35dd2795ca082a77962e1917bba5904a6c5b3cd2c4,Healthy-Leaf(1399),5,0.9999999999998449,0.14285716106362886,0.1428571522844568,0.14285727737478157,0.14285704984202433,0.1428569611397513,0.14285729732823324,0.1428571009671239
2243,e12f03ede2d3598cfed75c666d83e43aa4025d4da9cf56691018578238b75351,Healthy-Leaf(1399),5,0.999999999999981,0.14285714910625866,0.14285714610967856,0.14285718885996812,0.14285711104665896,0.1428570806929142,0.14285719566891605,0.14285712851560547
2244,54836aa4c969d45e0d7f676b2e899c57150638868a223d95f71a92ad5988619a,Healthy-Leaf(1399),5,0.999999999999957,0.14285715237586244,0.14285714778119843,0.14285721322184378,0.1428570942019643,0.14285704780717567,0.1428572236642124,0.14285712094774286
2245,821ec7658a269e6018b58601a7a049d7b2090b34f38e211894053da17e31711b,Healthy-Leaf(1399),5,0.9999999999999626,0.14285715174027624,0.14285714745984984,0.1428572084359368,0.1428570975106273,0.14285705426214315,0.14285721816235794,0.1428571224288087
2246,54fa8faf74f3a9d2b65855267118657509fb967dabb811b1fff0c7fc88660daa,Healthy-Leaf(1399),5,0.9999999999997699,0.14285716504984963,0.1428571543435691,0.14285730687548598,0.14285702944335107,0.14285692129368902,0.1428573312093468,0.1428570917847084
2247,c11bc3ae73e6b3f55a794bc5465ab2bd3b2d9cddc4268e5994c328058ba271db,Healthy-Leaf(1399),5,0.9999999999998993,0.14285715750256972,0.1428571504442919,0.14285725102579688,0.1428570680613952,0.14285699672966018,0.14285726706754917,0.14285710916873695
2248,6ebd270fb963abe16f405cf609ad95ca060056675a0646f6323dc66e7fcf5908,Healthy-Leaf(1399),5,0.9999999999997577,0.14285716561095832,0.14285715462052995,0.14285731115330635,0.14285702648595894,0.1428569155304812,0.14285733613399879,0.1428570904647665
2249,008542f0da32432533c13d2088a13425562b65a8982747c340b3be3ba4e97872,Healthy-Leaf(1399),4,0.9999999999999992,0.1428571426243874,0.14285714276619274,0.14285714087616752,0.14285714422620474,0.1428571455016369,0.14285714055376295,0.14285714345164774
2250,a6fe5ebd763f21839f9c1624b7942aa29fd974bfdca8187d48dbd37a3753d832,Healthy-Leaf(1399),5,0.999999999999892,0.1428571580334867,0.1428571507117197,0.1428572550051613,0.1428570653097642,0.14285699136110017,0.1428572716450442,0.14285710793372375
2251,e492fac1fc37b2bb6ea096c8c2479501544990a6ec7d6551ba261698e085546f,Healthy-Leaf(1399),5,0.9999999999999707,0.1428571506873925,0.14285714690701132,0.14285720072776778,0.14285710284087075,0.1428570646834232,0.14285720931796256,0.14285712483557184
2252,0359033b166cec5f7331f15f44cc602294461e72ba93ef2e271fce006580249d,Healthy-Leaf(1399),5,0.9999999999998783,0.14285715896432763,0.14285715118884293,0.1428572619187911,0.1428570605291641,0.14285698202611133,0.1428572795893511,0.1428571057834118
2253,f78aceba5cea4053eeb54f8f6e72158812b29140306707652f373b90fc5c36f7,Healthy-Leaf(1399),5,0.9999999999999869,0.14285714803192887,0.14285714555702086,0.14285718089159524,0.142857116556504,0.14285709145350323,0.14285718651498244,0.1428571309944654
2254,08a445ea724fad00b9c327f3685d2e41d7718f35a582d19a4aa7bdff46a852a6,Healthy-Leaf(1399),5,0.999999999999873,0.14285715932065327,0.14285715137551638,0.14285726454460224,0.1428570587136997,0.1428569784777357,0.14285728260172084,0.14285710496607182
2255,43b1e5d8f7864051e5b84735e0cd80b5d11a75c56bfc117483eac4521e92a494,Healthy-Leaf(1399),5,0.9999999999998112,0.14285716294276,0.14285715324591486,0.14285729135205946,0.14285704017723108,0.14285694226971338,0.1428573133905674,0.14285709662175394
2256,9c5b31c0f0f8c23d9cd3d4af91cee1114fd40a73781ce31e88b605cb337806c4,Healthy-Leaf(1399),5,0.9999999999999625,0.14285715171226984,0.14285714741724553,0.14285720850879854,0.14285709746160416,0.14285705419665332,0.14285721827104322,0.1428571224323854
2257,22b52e7e01aa1031558264a4e228301e8c98774826345ae557ecbca26f237f3e,Healthy-Leaf(1399),5,0.9999999999999859,0.14285714823900175,0.14285714565767155,0.14285718248123846,0.14285711545750837,0.1428570893132589,0.14285718834664995,0.14285713050467092
2258,983eeca3ac10bb3736c88e41745a66210f843ac36c421cbe96aa9856de0265cb,Healthy-Leaf(1399),5,0.9999999999999978,0.142857144687935,0.14285714382617987,0.14285715616572314,0.14285713365344105,0.14285712485326574,0.1428571581216583,0.14285713869179695
2259,8f24c33309b2b0f95dd9d694f4b470ef1342578b0712f875f9dfef4093f67791,Healthy-Leaf(1399),4,0.9999999999999986,0.1428571416260552,0.14285714222164922,0.14285713372780515,0.14285714916942627,0.14285715518611497,0.1428571323728036,0.14285714569614544
2260,060121d182b76790e6a50d9dbe54fc47808fb1625a0608ab88ef2535c9acc4c3,Healthy-Leaf(1399),4,0.9999999999999797,0.14285713641481074,0.14285713953808293,0.1428570950965657,0.14285717588152008,0.14285720735687757,0.14285708799678895,0.14285715771535404
2261,09fbe0cd30e93b4073f957d17caa914479cd77a1fe3c2c072541d92408425363,Healthy-Leaf(1399),5,0.9999999999999598,0.14285715207453428,0.14285714763408042,0.14285721090048756,0.14285709580654266,0.14285705093210285,0.14285722099102882,0.14285712166122344
2262,d19e62d4b362d2c965487462c3ac500f0753fab1083da05ee029e9199245f1fb,Healthy-Leaf(1399),5,0.9999999999999145,0.1428571563295333,0.14285714982402417,0.14285724245665843,0.14285707398669384,0.14285700831772613,0.14285725724081333,0.14285711184455077
2263,ff4267103ad0fee11f768d18f62c7f04d3de65aad290dcdbbae6449bbc44ce92,Healthy-Leaf(1399),5,0.9999999999999033,0.14285715719942038,0.14285715027039642,0.14285724892772592,0.14285706951240784,0.14285699958119347,0.14285726467512602,0.14285710983372998
2264,804eaba2b1e14e915c447fcf5c247f57c95e0280364b3721cc7540988cfc55d8,Healthy-Leaf(1399),5,0.9999999999997855,0.14285716427706185,0.14285715394030316,0.14285730119599405,0.14285703337069414,0.14285692896959357,0.1428573246902223,0.14285709355613094
2265,77d83e22da2e10ea208ff94fd3a47ea6daa0039dab8d0e8c8e3f2df4b1acd924,Healthy-Leaf(1399),5,0.9999999999998679,0.14285715963032564,0.14285715152336778,0.1428572669525393,0.1428570570491961,0.1428569752391722,0.14285728537826423,0.14285710422713474
2266,8fe78ef6b53bba58241bfd9a37fe6a83a3cbdccc80c251c56707d56ac43f67d4,Healthy-Leaf(1399),4,0.9999999999999936,0.1428571394336314,0.14285714111854728,0.1428571172350654,0.14285716057269285,0.14285717743062065,0.14285711340329132,0.14285715080615105
2267,f17b000ea8dbede4cbe3b7bb9dcecef81cb7c2ce9d9e5a0720da0aa59df727b7,Healthy-Leaf(1399),5,0.9999999999999879,0.14285714778547687,0.14285714540634945,0.1428571792839227,0.14285711766892836,0.1428570936507924,0.14285718469046385,0.14285713151406643
2268,5b6bf5101a1caf53a0ebce249a54ae21668259e610a8287c4223c878bc77cb65,Healthy-Leaf(1399),5,0.9999999999999987,0.1428571439660112,0.14285714342600933,0.1428571510894154,0.1428571371647361,0.14285713174123646,0.14285715231615173,0.14285714029643967
2269,a624217e9e977d974b550941cd13d612039e99b77bffe8ed00fa8299106b2894,Healthy-Leaf(1399),5,0.9999999999999475,0.1428571534140912,0.14285714833022123,0.1428572207815268,0.1428570889741469,0.14285703758189208,0.14285723233491412,0.14285711858320777
2270,a712abbe7aaf2bd65667862ad761684cb0c1f1889c7bbd0e0a113dd3dd7c4abc,Healthy-Leaf(1399),5,0.9999999999999992,0.14285714327592905,0.142857143066629,0.14285714602839686,0.14285714066474525,0.1428571385820959,0.14285714650510042,0.14285714187710352
2271,bbfa4eddc8beb15cb1f493c83f5598dd804dd38ab0a80e0b94f80deecb9c4019,Healthy-Leaf(1399),5,0.999999999999807,0.14285716314511118,0.14285715334415253,0.1428572929372822,0.14285703908195022,0.14285694013828656,0.142857315215045,0.14285709613817224
2272,af82d0f3685469737f590c25ee7ded19c2dc97a523c0a9bd8efd795a10301b76,Healthy-Leaf(1399),4,0.9999999999999992,0.14285714244508885,0.14285714265961305,0.14285713968010277,0.14285714505373664,0.14285714713274586,0.1428571391930668,0.14285714383564602
2273,64085986df87c6117bab68d409a65397cf3e0d9ed87cd68e3e4de56a132193c0,Healthy-Leaf(1399),5,0.9999999999999621,0.14285715179568895,0.14285714750007358,0.14285720875592578,0.1428570972893543,0.1428570538187257,0.1428572185178142,0.14285712232241746
2274,cb866676d6836532beebd260460241cbb4aadd2547833fabf1108e80e430a734,Healthy-Leaf(1399),5,0.9999999999998591,0.14285716017583128,0.14285715179867975,0.14285727104678173,0.14285705421832118,0.14285696971606848,0.1428572900866884,0.1428571029576293
2275,8cdf14fa4b412d2666c3e31262b09fb00dd5429395f1d9bf1d0aa6814b442bc2,Healthy-Leaf(1399),5,0.9999999999998154,0.14285716269733817,0.14285715310770541,0.1428572896526558,0.14285704135292648,0.14285694457874576,0.14285731144878142,0.14285709716184686
2276,8608d0accc5507dd24329296107887953f4cc1190abc6e41f4f4e23c4a264155,Healthy-Leaf(1399),4,0.9999999999999982,0.14285714141421527,0.14285714215566048,0.14285713174179704,0.14285715054089332,0.14285715781909267,0.1428571300523341,0.14285714627600707
2277,44913cc3fe90e743d06a3ee5b63192a4eaea7960598448d7c7c8960b509518ca,Healthy-Leaf(1399),5,0.9999999999997083,0.14285716783455268,0.1428571557762627,0.14285732752915153,0.1428570151621093,0.14285689340266866,0.14285735493570004,0.142857085359555
2278,d95b23fff67149e208af1b900be526e0debb75d3ffb8af14eee3f7e92f0c2e33,Healthy-Leaf(1399),5,0.9999999999999819,0.14285714903794935,0.1428571461001844,0.14285718810148879,0.14285711156995856,0.14285708168760072,0.1428571947746436,0.14285712872817458
2279,e896b619e16559a8a51fa5415ddf6964390e9940307637e377c502d1fc76dff8,Healthy-Leaf(1399),5,0.999999999999891,0.14285715809913196,0.14285715074324218,0.14285725551264,0.14285706495893638,0.14285699067825233,0.14285727223011963,0.1428571077776777
2280,c90a079b40938ccf5fb72c504aa21b36a83f33b92993e4a02b9d050afdfd755f,Healthy-Leaf(1399),5,0.9999999999999848,0.14285714845990066,0.14285714577986378,0.14285718406110695,0.14285711436523232,0.14285708717231219,0.14285719015219558,0.14285713000938857
2281,786d022f6252cb7fd4a3b0e01435e881e27947208bd1274d7a99e19ad5221f3e,Healthy-Leaf(1399),5,0.9999999999999878,0.14285714780934633,0.14285714543076505,0.14285717934250813,0.14285711762788628,0.1428570935577054,0.14285718474684883,0.14285713148493995
2282,9a578c7ae00a5eb93d96cdd1aa7e7161966095e3cf8abb7cb55efdfb5549c94c,Healthy-Leaf(1399),5,0.9999999999999475,0.14285715341851538,0.14285714833972207,0.1428572207579686,0.14285708899042704,0.14285703760674295,0.14285723230039243,0.14285711858623154
2283,8b6e6c9006ec6250ace8dc5975a81531a278a49f22987ce17ce3057eeded14b5,Healthy-Leaf(1399),4,0.9999999999999711,0.1428571351325929,0.14285713887921572,0.14285708558256296,0.14285718246014886,0.1428572202042052,0.14285707706636386,0.1428571606749105
2284,83bfa2c37b65330cb6e8b225efbdae773199f12596d8657d7a73fca9fd0dff5b,Healthy-Leaf(1399),5,0.9999999999998342,0.1428571616706001,0.14285715258774487,0.14285728194522102,0.14285704668172786,0.14285695497637713,0.14285730258801874,0.14285709955031034
2285,4b7e9310236bd11083e079ebfcbccf912781991c1dfa4f6d4f7db2bf24c69344,Healthy-Leaf(1399),5,0.9999999999999696,0.14285715083402584,0.14285714698694582,0.14285720179633551,0.1428571021023311,0.14285706323758396,0.14285721053977965,0.14285712450299806
2286,6fd961c4cdef2f2085cdb28e9f2522b2462186f1d5c69903379abfd6061e7f69,Healthy-Leaf(1399),5,0.9999999999999907,0.1428571471905762,0.14285714509949513,0.14285717487075372,0.14285712072031692,0.142857099610539,0.14285717962203293,0.14285713288628618
2287,d72c603bb7c75114ead62703962135f357483637c2d062a3c0c92279d1b857ef,Healthy-Leaf(1399),5,0.9999999999999719,0.14285715052592077,0.1428571468503116,0.14285719929807028,0.14285710382883107,0.14285706658618552,0.1428572076501252,0.1428571252605556
2288,21817d06138b23c587054856be1a65935e2a9382847a981379499866b463b782,Healthy-Leaf(1399),5,0.9999999999999761,0.142857149949414,0.1428571465418476,0.14285719513486256,0.14285710670798876,0.1428570722216217,0.14285720287842976,0.14285712656583566
2289,a52de3ce37915472915e1f7ed79bfc199be9d54016bc91dbc32f5db746c56214,Healthy-Leaf(1399),5,0.9999999999999991,0.14285714362510504,0.14285714329374882,0.14285714814568898,0.14285713919843943,0.14285713566748337,0.14285714889531034,0.14285714117422396
2290,b147e4b26a7f76f25f60928e4d6bd36cbcc52e1b59441938f0bf14bc8a353db8,Healthy-Leaf(1399),5,0.9999999999999929,0.14285714655539913,0.14285714477400951,0.14285717014947547,0.14285712398490488,0.14285710598494683,0.1428571741970079,0.14285713435425618
2291,ffc6911f4411a33afd37da10678b533fdb8d75a8da7d16aa912ae4d1763929e0,Healthy-Leaf(1399),5,0.9999999999998249,0.1428571621720671,0.14285715283430428,0.14285728580016435,0.14285704401718674,0.142856949785979,0.1428573070251299,0.1428570983651688
2292,46d80764830330f4a88f68b782e758f758581ab0d675fb4538700668b572e062,Healthy-Leaf(1399),4,0.9999999999999992,0.14285714245066414,0.14285714266105895,0.1428571397067556,0.1428571450347717,0.14285714709568675,0.14285713922688809,0.14285714382417478
2293,b91c841eab5350b0f5d5c1e55d7cfe32757e75751c1f386d696cc59afb695e2c,Healthy-Leaf(1399),5,0.9999999999999573,0.14285715239357236,0.14285714781143513,0.14285721315202096,0.14285709424942417,0.14285704787767148,0.14285722356466224,0.14285712095121372
2294,6c9cac0bfeb3ebc9aa660dca10a81bb541087575808e6516ec3cf2e5f50cbbfa,Healthy-Leaf(1399),4,0.9999999999999801,0.1428571364863486,0.14285713959241245,0.14285709546708408,0.14285717562477876,0.1428572068374137,0.14285708840593261,0.14285715758602985
2295,3b6f2dafecc25e3b69e39c7e5202ebbc8ca25de136537603fbcda3f47ba86e7e,Healthy-Leaf(1399),5,0.9999999999999225,0.1428571556910891,0.14285714950446032,0.14285723765930206,0.14285707730401062,0.14285701478828736,0.14285725172006705,0.1428571133327836
2296,d8f64e19eef9a1ac16dd17a882bc302b7bf832264d7579db29048f706dd1251c,Healthy-Leaf(1399),5,0.9999999999999746,0.14285715014552663,0.14285714664237273,0.14285719659571983,0.14285710569792082,0.14285707024951658,0.14285720455679213,0.14285712611215126
2297,34977dc2807b856c370e12c8af57f893be68e947dbcb0a9ac38af57ff94be6f5,Healthy-Leaf(1399),5,0.9999999999999853,0.14285714835081811,0.142857145720011,0.14285718324834448,0.14285711492653855,0.14285708827039817,0.1428571892246043,0.14285713025928534
2298,ad08d168f386cf9d7a73563707005c727fcfbab1d11fd9c02819c3e189af36fe,Healthy-Leaf(1399),5,0.9999999999998894,0.14285715821114883,0.14285715079541778,0.14285725639437452,0.14285706434943213,0.1428569894935864,0.14285727324811387,0.14285710750792657
2299,a7de9afdf2f0a83953d954752041df8b237858714720a9a743f34f04907a7280,Healthy-Leaf(1399),4,0.9999999999999993,0.14285714268593994,0.14285714277053393,0.142857141562677,0.1428571437519353,0.14285714460253263,0.14285714136946337,0.14285714325691776
2300,b479f2d49b461915cd312e2ba9183c9c78d61e5e57703006f4eafc29576f6cce,Healthy-Leaf(1399),5,0.9999999999999738,0.14285715026127568,0.1428571466891558,0.14285719756788948,0.1428571050260441,0.1428570689502855,0.1428572056857929,0.14285712581955656
2301,5cd3cde88154c9e8b29fe21a7243a412652ab17f4c32faa643c6ec886b6ca9f1,Healthy-Leaf(1399),5,0.999999999999964,0.14285715156362014,0.14285714737607855,0.14285720706216307,0.14285709846035485,0.14285705610968585,0.14285721657740466,0.1428571228506929
2302,81ad78a011225546f09ed53bf83ad0d1f9c9de69bed9e2278295e0349336824a,Healthy-Leaf(1399),4,0.9999999999999905,0.14285713853422963,0.14285714064563299,0.1428571106542878,0.14285716512330482,0.14285718632824113,0.14285710585326955,0.14285715286103404
2303,675bc2f1f2db28eee099629492fb3a2fabbb091d36354e12dd142ba9b09cf1cc,Healthy-Leaf(1399),5,0.9999999999999294,0.14285715512267577,0.1428571492137528,0.14285723341732984,0.14285708023692195,0.1428570205137731,0.14285724684603962,0.14285711464950682
2304,41813dd5f024231e5c86e668d21095956faa06c49d109845793570ea258cde7c,Healthy-Leaf(1399),4,0.9999999999999991,0.14285714245270853,0.14285714266518287,0.14285713969601774,0.14285714504215,0.14285714710697206,0.1428571392115047,0.14285714382546408
2305,6046ba944055eecb2e5d939ee706e5e75aec4fd25e11c4210bba71c18a480591,Healthy-Leaf(1399),4,0.9999999999999705,0.1428571350122848,0.1428571388171789,0.1428570846840864,0.142857183081261,0.14285722141696144,0.1428570760348513,0.14285716095337622
2306,bea5e30db93353ee7e4b68b390dd49157cbd6c6a8056dc56fd66fdedf1d77be8,Healthy-Leaf(1399),5,0.9999999999999969,0.14285714510023612,0.14285714402401553,0.14285715937444937,0.14285713143559678,0.1428571205376719,0.14285716181983343,0.14285713770819677
2307,f720ed88a7df3ee6a6f558365d0d08cd20ef5191d9a7ce66e43018ab556e8596,Healthy-Leaf(1399),5,0.9999999999999365,0.14285715442290367,0.14285714881484352,0.14285722861458192,0.14285708355971788,0.14285702704491615,0.1428572413632299,0.14285711617980695
2308,d0b0be837b3db700c1c8f2272018b9e8ef41655442e25b87108be41441789988,Healthy-Leaf(1399),5,0.9999999999999877,0.1428571478607016,0.14285714544176883,0.1428571798542195,0.14285711727431555,0.1428570928825013,0.14285718534987818,0.14285713133661507
2309,f87604ff7d729cadd84981901b76660ee5f72395afdc460e3071aa5f6d613bd3,Healthy-Leaf(1399),5,0.999999999999905,0.14285715708766442,0.1428571502150959,0.14285724808115677,0.14285707009775436,0.14285700072223706,0.14285726370039037,0.14285711009570118
2310,d5d13df63a1fac7907a9c1ee8c823a9c8b0bd8ab1460e393a5f375dcdeddf73c,Healthy-Leaf(1399),5,0.9999999999998176,0.14285716262218295,0.142857153093458,0.1428572888712872,0.14285704189244272,0.14285694560716652,0.14285731052823875,0.14285709738522384
2311,d35be333c94b045d1be53d4984e4f9975ce71927df511a042b0e2d697780b6e2,Healthy-Leaf(1399),4,0.9999999999999921,0.14285713896530794,0.1428571408649102,0.1428571138599805,0.14285716290645423,0.14285718200058478,0.14285710953922198,0.14285715186354056
2312,e5b1d395f4a43074165db37dd8ddedad31db33f80b8c3b57b7d77ab8892ea3ad,Healthy-Leaf(1399),5,0.9999999999998153,0.14285716272476437,0.1428571531357069,0.142857289726819,0.1428570413011667,0.1428569444631834,0.14285731152105882,0.14285709712730094
2313,0a17606e50a37fb174deef63926a39de42c2bdb3228d0d78c2890a1ae32dc75d,Healthy-Leaf(1399),5,0.9999999999998213,0.14285716237916515,0.142857152943885,0.14285728728813846,0.14285704298778537,0.1428569477713592,0.14285730873298838,0.14285709789667844
2314,5d3ed9bf54ccf6178e614a39388fcc839f9112c0ce77aad7d6a9e67d35b7be0d,Healthy-Leaf(1399),5,0.9999999999999992,0.14285714302466435,0.14285714296352658,0.14285714390205412,0.14285714213373282,0.14285714142277406,0.14285714403936497,0.14285714251388315
2315,42e991d4205a4b8310c5d7d3081562f8b4db8513fce9587a012b22f645eba836,Healthy-Leaf(1399),5,0.9999999999998116,0.14285716291820158,0.1428571532283649,0.1428572912231236,0.14285704026671875,0.1428569424499463,0.14285731324650797,0.14285709666713695
2316,711a46b76aef47b0fa91d2afb8ee7fe5a88735c4529afb883f8e05b24d002b4a,Healthy-Leaf(1399),4,0.9999999999999868,0.1428571376616739,0.14285714017368475,0.14285710441261187,0.14285716944030627,0.1428571947841043,0.1428570987033809,0.14285715482423814
2317,90416555e1f6845977d35f7b728c62452b047ccc22e0628027a26991f79b89e9,Healthy-Leaf(1399),5,0.9999999999999517,0.14285715297613386,0.1428571481106176,0.14285721750343092,0.14285709124113039,0.14285704200453622,0.1428572285622207,0.14285711960193032
2318,2954736cd1242ffe18206fb39416befaab3b8c1406661f1762f361948a476294,Healthy-Leaf(1399),5,0.9999999999999925,0.1428571467093923,0.1428571448522157,0.14285717128772563,0.14285712319760083,0.14285710444765884,0.14285717550644825,0.14285713399895855
2319,72a5b2e6fd632194c0cce3896b6cdb02d00f2d529c71aa2292525fbcfe85bc95,Healthy-Leaf(1399),4,0.9999999999999737,0.14285713546665454,0.14285713904317587,0.14285708812729453,0.1428571807006929,0.14285721677584365,0.14285707999748204,0.1428571598888564
2320,2c3562ca4939bab1d1f7e14a807ea57d9dd7556b90b4a867f0b84d31fffa67c3,Healthy-Leaf(1399),4,0.9999999999999472,0.14285713231581418,0.14285713743293063,0.14285706465576822,0.14285719692998416,0.14285724846009676,0.14285705302408022,0.1428571671813258
2321,7e6ea43d95fb52710abd60c41efa42b134ff2eb63ab66030b4eef8d95127a5fe,Healthy-Leaf(1399),4,0.9999999999999863,0.14285713758942226,0.14285714016065656,0.14285710366658982,0.14285716995562475,0.14285719576620295,0.14285709782294964,0.14285715503855398
2322,610955cb885b8be9fa965ccc20b460f9820eac4aa41d8f4a14cc7f6a8d5717af,Healthy-Leaf(1399),4,0.999999999999948,0.14285713242280018,0.1428571374848183,0.14285706548318608,0.14285719635805322,0.1428572473466716,0.14285705397723594,0.14285716692723452
2323,c095285efbac38191cd43405cb07bc15c3c88fd7646214fb14c59c1a8533c5bd,Healthy-Leaf(1399),4,0.9999999999999485,0.1428571324533261,0.1428571375002186,0.1428570657063857,0.14285719620360748,0.1428572470450259,0.14285705423431766,0.14285716685711847
2324,e7ae3a71299006a2641cb2ab923e01d493b0091a6cd2b492e32e06b026f26f17,Healthy-Leaf(1399),4,0.9999999999999384,0.1428571314708043,0.14285713699543842,0.14285705841545912,0.1428572012450509,0.1428572568903096,0.14285704585783754,0.14285716912510016
2325,f32fc2ad2c8b7c4b17abf31889f990ff139048c95ff55006cde048b5d8f5639b,Healthy-Leaf(1399),4,0.9999999999999449,0.14285713209244785,0.14285713731865854,0.14285706299474157,0.14285719807853048,0.14285725070264857,0.14285705111523528,0.1428571676977377
2326,00032718d49e1d8029d818735de431db609f4070091bd65353a3517185f0ad43,Healthy-Leaf(1399),4,0.9999999999999966,0.14285714049956508,0.14285714165401703,0.1428571252931009,0.142857155001963,0.1428571665662582,0.14285712267005163,0.14285714831504423
2327,87f5ea6735c18823595d4fb9531871c39afc95073c9e23045fe597a05e83f2da,Healthy-Leaf(1399),4,0.9999999999999961,0.14285714030045443,0.14285714154006468,0.1428571239227041,0.14285715594992288,0.1428571684295595,0.14285712110652504,0.14285714875076932
2328,1f40e5cd15c191cc9b589342c6d6a88c810c33dd84693ea99e4a3fa552f1111c,Healthy-Leaf(1399),4,0.9999999999999679,0.14285713467226627,0.14285713864311061,0.14285708216194923,0.142857184825361,0.14285722482266255,0.14285707313615312,0.14285716173849722
2329,4a6258b81c980dad4bf6633195c5bd56d0ab32e85edf744776605eecb6902115,Healthy-Leaf(1399),4,0.9999999999999515,0.14285713276719264,0.1428571376623557,0.14285706802741086,0.14285719459866214,0.14285724390989563,0.14285705690009565,0.14285716613438745
2330,9d82b7fc9a16ccfc218569466e2bd712c121f656b1d1cc904b5b05927731ca6b,Healthy-Leaf(1399),4,0.9999999999999846,0.14285713727844582,0.14285713998402805,0.14285710151336356,0.14285717144504248,0.14285719869222135,0.1428570953649477,0.14285715572195098
2331,b2c62ac89740230e4401b3ac96f8608b5257fb1b899acb08a4fb1da070612c1e,Healthy-Leaf(1399),4,0.9999999999999732,0.1428571354283595,0.14285713903645803,0.14285708773244687,0.1428571809734829,0.14285721729565148,0.14285707953115054,0.14285716000245072
2332,23e032c31e058f8cc1c80b5721a04b899093107681021c733d8d139e76d336ab,Healthy-Leaf(1399),4,0.9999999999999711,0.1428571351174175,0.14285713886842444,0.14285708550869047,0.14285718251157153,0.14285722030823236,0.14285707698352923,0.1428571607021345
2333,ac11ade6e5492a233fe06a99d658f4e85bf9b6575f66e8ffd70537ad946369e5,Healthy-Leaf(1399),4,0.9999999999999333,0.14285713100021238,0.1428571367523722,0.14285705492940226,0.14285720365546267,0.1428572615985662,0.1428570418543578,0.14285717020962635
2334,7b3d69bc4b188a5fc2fb064d515ad30c6e821e0c5997f82201bca2de13c13759,Healthy-Leaf(1399),4,0.9999999999999579,0.142857133478651,0.1428571380285743,0.14285707330948705,0.14285719094644606,0.1428572367773402,0.1428570629673536,0.14285716449214766
2335,776ff633a16681cded0a040d0207c2ea0b45e2998b71a53b3479635e9d96a19b,Healthy-Leaf(1399),4,0.999999999999981,0.14285713661722466,0.14285713964275798,0.14285709660464702,0.1428571748389651,0.14285720532086352,0.14285708972795094,0.14285715724759085
2336,7b283edf12f8767957c09bf08537e77bbfd094d4b94831726bd06cd53fc44cb9,Healthy-Leaf(1399),4,0.9999999999999795,0.1428571363478219,0.14285713950532847,0.14285709459435572,0.1428571762289419,0.14285720803419075,0.1428570874175684,0.14285715787179287
2337,6b455ba22ad6777ad8f9c017f5e9dd5787cc95c78fc0aeaadca2c0bf6d0a2070,Healthy-Leaf(1399),4,0.9999999999999645,0.14285713424868565,0.1428571384207024,0.14285707906052805,0.142857186970002,0.14285722901566905,0.1428570695776004,0.14285716270681256
2338,31bbfdf33a09081bd6a64d5d263cd00fa22a4445d00ff92ccbef96cb326ef72e,Healthy-Leaf(1399),4,0.9999999999999911,0.14285713867066727,0.14285714069731917,0.1428571118545587,0.142857164294332,0.14285718472941028,0.1428571072482501,0.14285715250546246
2339,b54c17d2dda1ac2594953334d2de53a19ae96dd7f3239f3cee89c84e35ac1c4f,Healthy-Leaf(1399),4,0.9999999999999776,0.1428571360632925,0.14285713935824765,0.1428570924856318,0.14285717768696574,0.14285721088215358,0.14285708499610422,0.14285715852760456
2340,61cecae92496d8733362d50b23cb9915e643899680afcbce7a5ecfde72d78f46,Healthy-Leaf(1399),4,0.9999999999999514,0.14285713276016368,0.14285713766242353,0.1428570679417007,0.14285719465781868,0.1428572440216339,0.14285705679815655,0.1428571661581029
2341,a334d8991c22a44748d47230705f4f6a4d20ca507385de879fcf84ba0b91cba9,Healthy-Leaf(1399),4,0.9999999999999822,0.1428571368261788,0.14285713975455755,0.14285709810496403,0.14285717380120413,0.1428572032891746,0.14285709144811956,0.14285715677580135
2342,19b94de8c708532119fbd557d37ebdc96b56c521f78713fb21d8156cab20e217,Healthy-Leaf(1399),4,0.9999999999999597,0.14285713367219446,0.14285713813444503,0.1428570746839271,0.1428571899957999,0.1428572349140811,0.14285706454059646,0.14285716405895593
2343,87a64dd5d772059b10990e13eb00a29cb0f13c685ab3682c7a299448dbf0d806,Healthy-Leaf(1399),4,0.9999999999999586,0.1428571335645042,0.14285713807762523,0.1428570739033471,0.14285719053570137,0.14285723597021405,0.1428570636448506,0.1428571643037575
2344,0f25d39f9a74c13f75105b1d3d0d24e6e065d9317739d8de48f48c9b4b95b61a,Healthy-Leaf(1399),4,0.9999999999999583,0.14285713349488802,0.14285713803373848,0.14285707345327392,0.14285719084699586,0.14285723658610536,0.142857063135931,0.14285716444906746
2345,98646528044d64da30b23e8231147cf95af67e0f8ed5ce3315e458187243b6ed,Healthy-Leaf(1399),4,0.9999999999999993,0.14285714272095612,0.1428571427943399,0.14285714179886133,0.1428571435890558,0.14285714428001559,0.14285714163336857,0.14285714318340276
2346,d42e9b9281b0e752baf231fe391967be3848e4684b37f6403607e16e76a8b66c,Healthy-Leaf(1399),4,0.9999999999999738,0.14285713546989098,0.1428571390492428,0.14285708811750192,0.14285718070746434,0.14285721678490154,0.1428570799816628,0.14285715988933556
2347,f4e2654b9b2965d379bd7ff65dfec80fcac0144e8daaaa2ab36f933a954be681,Healthy-Leaf(1399),4,0.9999999999999919,0.1428571388749795,0.1428571408073233,0.14285711332342219,0.1428571632784771,0.14285718274032375,0.1428571089311657,0.1428571520443086
2348,3b8fc004753e474f4b666d80cd16494289a2d0f870331d141018ffffead04555,Healthy-Leaf(1399),4,0.9999999999999645,0.14285713423187507,0.14285713841329356,0.14285707891624588,0.14285718706954917,0.14285722920841462,0.1428570694112507,0.1428571627493709
2349,3bc5aae9bcec15a41bc4984fd8224256e39e52c60131cf2fc2f6f97c1186bd26,Healthy-Leaf(1399),5,0.9999999999999538,0.1428571526656512,0.14285714789595372,0.14285721573472426,0.1428570924665058,0.14285704445592942,0.14285722657991978,0.1428571202013158
2350,bcd4c160008931373bc49769b92d986ace7015a27ea8038174a14cc1ed43e832,Healthy-Leaf(1399),4,0.9999999999999744,0.14285713557079355,0.1428571391053592,0.14285708882691028,0.14285718021679947,0.14285721582221844,0.14285708079268317,0.14285715966523593
2351,18bf5221b54473cfd989c4e8d768debc225af7e2dfc3a99ebac732e7e6a8ba89,Healthy-Leaf(1399),4,0.9999999999999479,0.1428571323904402,0.14285713746338194,0.14285706527934408,0.142857196498998,0.14285724762643517,0.14285705374806915,0.14285716699333148
2352,560534bdcf803430ee5dd425aba493a655b54bf4f2bb734dab055c278c5bb745,Healthy-Leaf(1399),5,0.9999999999999953,0.1428571457691143,0.1428571443757194,0.14285716429696865,0.1428571280322716,0.14285711388483743,0.142857167465496,0.14285713617559256
2353,ef353741a9650ecbe12763806345e679aa1da0d282cd469acc1d0c26ea4295d2,Healthy-Leaf(1399),4,0.9999999999999681,0.14285713470750858,0.14285713866290092,0.14285708241597717,0.1428571846498153,0.14285722447854454,0.14285707342590456,0.14285716165934903
2354,602bc976c313fddb2bf35499db688e43d0faf635b7adefd2552cbede97f11c31,Healthy-Leaf(1399),4,0.9999999999999866,0.1428571376530589,0.14285714019063178,0.14285710414533162,0.14285716962428355,0.1428571951209645,0.14285709837676822,0.14285715488896134
2355,dc4cd084f0ffb66de418f1f0e5906e8460ba11023a0df5359dcf0861038e077d,Healthy-Leaf(1399),4,0.9999999999999658,0.14285713440345563,0.1428571385002427,0.1428570802024031,0.1428571861802948,0.14285722747314752,0.14285707088989946,0.1428571623505567
2356,8b0eb38652c5bdaab06127f62be621eed9bb09e8b28c941bff31469faae8411e,Healthy-Leaf(1399),4,0.9999999999999903,0.14285713849217396,0.142857140613993,0.14285711045796268,0.1428571652598662,0.14285718660657448,0.1428571056355395,0.14285715293389023
2357,e4e601225fe573900d37964c715f2f8ac3abfdabe784b8fc9e5d7e16aee132d2,Healthy-Leaf(1399),4,0.9999999999999725,0.14285713530754088,0.14285713896740995,0.14285708690092191,0.1428571815486925,0.14285721842619672,0.14285707858229393,0.14285716026694395
2358,d9789c2946d5abc88203c30dddab03159f48a50d0ce267f4a48b2d1163677da3,Healthy-Leaf(1399),4,0.9999999999999447,0.14285713208783027,0.14285713731557118,0.14285706296145811,0.1428571981014514,0.1428572507478559,0.14285705107804034,0.14285716770779278
2359,da319f094ad00c532b716006f7474728607a5ebfddc309d484277357488d2c17,Healthy-Leaf(1399),4,0.9999999999999645,0.1428571342585574,0.14285713842771228,0.14285707910645268,0.14285718693797964,0.14285722895067823,0.14285706962919792,0.1428571626894218
2360,32d2761ea21c5e9658c931ed46a50d3711bc68a5edf62ef4f2ddb1ce185bd9fc,Healthy-Leaf(1399),5,0.9999999999999445,0.14285715365304577,0.14285714841491878,0.14285722295594713,0.14285708747291265,0.14285703469215913,0.14285723486527804,0.14285711794573844
2361,eb2d10d6599ed81fab5fd3bba57897eb804b34f846f669f756d55220b0e2c191,Healthy-Leaf(1399),4,0.9999999999999327,0.14285713094806368,0.1428571367294903,0.14285705450757777,0.14285720394704107,0.1428572621639962,0.14285704136599003,0.14285717033784096
2362,9793048c1462372cc23ef39cadac48f60d0cb863b0a3f447f7d97205584eaf24,Healthy-Leaf(1399),4,0.9999999999999752,0.14285713569624608,0.1428571391699409,0.14285708977007014,0.14285717956490912,0.14285721454979747,0.1428570818752485,0.14285715937378798
2363,7fd383893ee63acf06d21dd302d768cc6fce5e12f0609cb4e2cf12032c5ec3c1,Healthy-Leaf(1399),4,0.9999999999999666,0.14285713451836335,0.14285713856582688,0.14285708099844568,0.14285718562971966,0.14285722639139073,0.14285707179810023,0.14285716209815347
2364,29c81459bf86b0348dcee60569b13314de6b51443335c168eb16566257088536,Healthy-Leaf(1399),4,0.9999999999999553,0.14285713317823415,0.1428571378757117,0.14285707106874093,0.1428571924958429,0.1428572398016957,0.14285706039145973,0.14285716518831493
2365,83a30a4d078a81af483eba7074b86fc1c1343de48218eedee5d65f96787cdc1c,Healthy-Leaf(1399),4,0.9999999999999992,0.1428571421791403,0.14285714252330733,0.1428571377134658,0.14285714641380362,0.14285714978894612,0.1428571369326473,0.14285714444868963
2366,06bfbfb8efef0a9f6cb00a3a6bebf27076e2dbb31ca82e04d8852736590db1d7,Healthy-Leaf(1399),4,0.9999999999999571,0.1428571333768829,0.14285713797277766,0.14285707258474134,0.142857191447657,0.142857237759675,0.1428570621381122,0.14285716472015395
2367,54af7a84d6953959eb07bcb061646a1c5fa01f24aa337382e1d2eb6a42a2b6ee,Healthy-Leaf(1399),4,0.9999999999999664,0.14285713447198875,0.14285713853764095,0.14285708069405917,0.14285718584032675,0.1428572268071577,0.1428570714524926,0.1428571621963341
2368,878acfa01ee0eb21cc16614a8cfc7280fefc638dba1360146d4c0bc683884263,Healthy-Leaf(1399),4,0.9999999999999517,0.14285713278328957,0.14285713766382827,0.1428570682160188,0.1428571944686082,0.14285724366326094,0.14285705712268604,0.14285716608230828
2369,ff4ef8e1e89dbf9618141bdba6fede3a5a871f868cf3f085aec92638831c8395,Healthy-Leaf(1399),4,0.9999999999999197,0.1428571298290487,0.14285713614122297,0.1428570463207583,0.14285720960826936,0.14285727323310982,0.14285703197314095,0.14285717289444982
2370,a770e05174ebddfdf476d11e07ea81cf184437bfa5f798ccb37a86b021815188,Healthy-Leaf(1399),4,0.9999999999999519,0.1428571328128861,0.14285713768622552,0.14285706836056528,0.14285719436823496,0.142857243459374,0.14285705728263698,0.14285716603007717
2371,85f9d96022d14d7f76c0641efe34d1d629a7e322dc07127d5b05de60393813fe,Healthy-Leaf(1399),4,0.999999999999999,0.14285714204612857,0.14285714241613995,0.14285713706940234,0.14285714686011353,0.1428571506998096,0.14285713622997973,0.14285714467842625
2372,b10a74cf56a0f7ea0975c1aa752670796eca9c7c7ac5fb45ddf511c8bb44de6b,Healthy-Leaf(1399),4,0.999999999999948,0.1428571324263209,0.14285713748752474,0.14285706549904928,0.14285719634701569,0.1428572473241055,0.1428570539947492,0.14285716692123462
2373,3d4fe61c2c202359cf1610833c6b207f656144c2f89e5615390e514c1781c9c5,Healthy-Leaf(1399),4,0.9999999999999554,0.1428571332019425,0.14285713789185187,0.14285707120926933,0.14285719239856695,0.1428572396076725,0.1428570605491337,0.14285716514156316
2374,d018f558838b81001b0c971cfc8f775bc8578d377301eded836f0344286e5963,Healthy-Leaf(1399),4,0.9999999999999373,0.14285713134952302,0.1428571369312802,0.14285705753148228,0.1428572018563307,0.1428572580859133,0.1428570448440493,0.14285716940142124
2375,088228836f12e539e021b99117bd3989d35a8247e8d9d482d5e060e9a745e8e4,Healthy-Leaf(1399),4,0.9999999999999986,0.1428571417242597,0.14285714229575777,0.14285713426608587,0.14285714879703434,0.14285715443593153,0.14285713296727084,0.1428571455136599
2376,13263d3a433c169f7cfdd59cf839447cc57ea242b68be1f1c3c902552218c8c7,Healthy-Leaf(1399),4,0.9999999999999586,0.14285713355415836,0.1428571380761531,0.14285707378769003,0.1428571906154758,0.1428572361218513,0.14285706350861277,0.14285716433605855
2377,1cc4e59da8c8c5114640e7f9a64a45c263242739670db8583ce3bca402d58d2a,Healthy-Leaf(1399),4,0.9999999999999459,0.14285713219974294,0.14285713737396893,0.14285706378268523,0.14285719753355117,0.1428572496378275,0.1428570520207527,0.1428571674514716
2378,6f9b604b5843c4128615c3bd6989df2d58054e50941a16e2c642690c8e7641d2,Healthy-Leaf(1399),4,0.9999999999999326,0.14285713094371924,0.1428571367180361,0.14285705456100609,0.1428572039104083,0.14285726210204713,0.14285704143595235,0.14285717032883083
2379,039786d35c415b620e05a20cb1f9675d98e1013dcdfc2115c96c83c43c1802ba,Healthy-Leaf(1399),4,0.9999999999999469,0.14285713228216548,0.14285713740802677,0.14285706447643132,0.14285719705423647,0.1428572487106781,0.14285705282515618,0.14285716724330555
2380,5600826529e9656d90b7cd70f773fc393586bd12d297d1e8f63c2e775f1867a1,Healthy-Leaf(1399),4,0.9999999999999701,0.14285713497575808,0.1428571387998858,0.1428570844009918,0.1428571832769934,0.14285722179777918,0.14285707570813402,0.14285716104045773
2381,de936e7a92d30fd60f50f59cfa2cf1020a2a943861ed4856a6249fa6bb447512,Healthy-Leaf(1399),4,0.9999999999999851,0.14285713736698485,0.1428571400292028,0.1428571021580725,0.14285717099893872,0.14285719782056372,0.1428570961069633,0.14285715551927416
2382,4e2adf91cc4a9ad445c2d7828863728e494350de2b7036190ea2cc1f1d65c50e,Healthy-Leaf(1399),4,0.9999999999999926,0.14285713906863534,0.14285714089870205,0.14285711483580996,0.14285716223298878,0.14285718070700734,0.1428571106762522,0.14285715158060433
2383,1aa3c167c190898f5b7c8ca1ac6db603b403b45d6a12648020bc7f453fb718c5,Healthy-Leaf(1399),5,0.9999999999999841,0.14285714850432693,0.14285714574102562,0.14285718499895342,0.1428571137195984,0.1428570859772254,0.14285719128463792,0.14285712977423234
2384,41f8b364a989414a39f109e18aae1c9662e189bc49caae182ce883b26295575a,Healthy-Leaf(1399),4,0.9999999999999469,0.14285713229167657,0.14285713741761288,0.14285706450017968,0.14285719703759123,0.14285724867311203,0.1428570528482807,0.14285716723154682
2385,ecfb06cf2fbac81d492ccede61519d3b80b9bb70cc0f4c8b1e0d99011f3960ca,Healthy-Leaf(1399),4,0.9999999999999737,0.14285713551691107,0.14285713908602846,0.1428570883711358,0.14285718053212532,0.14285721643048038,0.14285708025980648,0.1428571598035124
2386,91549392d45fc37b81c3b03087ba3ab1b10faa0c6605765946c8f1e7e42a1e54,Healthy-Leaf(1399),4,0.9999999999999677,0.14285713466440986,0.14285713864623784,0.14285708204081363,0.14285718490895527,0.14285722497868053,0.14285707299007708,0.14285716177082583
2387,a0ed0cc18a4c822f99d26f09b92d21db6fc259e944e88e0511c88427616d5fbb,Healthy-Leaf(1399),4,0.999999999999979,0.1428571363026908,0.14285713948236506,0.14285709425082369,0.14285717646633767,0.1428572084972108,0.14285708702312358,0.14285715797744816
2388,ad3bfcc433bd724ad4151d2c8f9290ef12d9d961525bd3f72552033dcb12e70b,Healthy-Leaf(1399),4,0.9999999999999736,0.14285713545106657,0.14285713904158498,0.1428570879625275,0.14285718081462692,0.14285721699228346,0.14285707980150897,0.14285715993640152
2389,9b66fb98e1a71ed1c724a880a62d7627b2f5108f0fc1a45a5e30c78e4f98146d,Healthy-Leaf(1399),4,0.9999999999999385,0.14285713147688608,0.14285713700284847,0.14285705841414054,0.14285720124567014,0.1428572568867485,0.1428570458527998,0.14285716912090654
2390,a4008efdabc9b8e0de9c2a9f7415ea7ec87edfbc04a690b9dabd8f73234918bd,Healthy-Leaf(1399),4,0.9999999999999677,0.14285713464893773,0.14285713863261573,0.14285708197654717,0.14285718495353897,0.1428572250715414,0.1428570729216667,0.14285716179515234
2391,8d19f412b73a5e8e03f383cd83f889d4edcacacd708764644b42bcc7deb63f8f,Healthy-Leaf(1399),4,0.9999999999999687,0.14285713479681758,0.14285713870488692,0.14285708311047057,0.14285718416963986,0.14285722354463548,0.14285707422771732,0.14285716144583224
2392,3c9b257646171dcce0c1b880c8a2e0bd15d018fd3c2340a1d257fb78d040500a,Healthy-Leaf(1399),4,0.9999999999999544,0.1428571330788003,0.1428571378231577,0.14285707033692951,0.14285719300176147,0.14285724079081022,0.14285705955256187,0.14285716541597887
2393,2fc3e5ed3b31bc001270791dddbd3fd88d56095aa23ff3813d20ae760be1cfe7,Healthy-Leaf(1399),4,0.9999999999999635,0.14285713415118018,0.1428571383736602,0.14285707830539238,0.14285718749197704,0.14285723003174663,0.14285706870741838,0.1428571629386251
2394,ba20f1fb0f680cbbb4a8f93980b5da44b9fcf6c4b25e776b4e61a78d2598d640,Healthy-Leaf(1399),4,0.9999999999999986,0.14285714164774305,0.14285714221807067,0.1428571340347225,0.14285714895790752,0.14285715478878805,0.14285713273848663,0.14285714561428156
2395,e497744500fef72445bd97d2b561dde17aecf4f6224d611b6e1dcb60577754ba,Healthy-Leaf(1399),4,0.9999999999999722,0.14285713527297672,0.14285713895391622,0.1428570865993756,0.142857181756946,0.14285721882822025,0.14285707823224494,0.1428571603563202
2396,66e83e82fead32cd459a31c52f54fd76dbe98ee588d40efdeefa1bc1603723fd,Healthy-Leaf(1399),4,0.9999999999999791,0.14285713631928024,0.14285713948912102,0.14285709439128375,0.14285717636929482,0.14285720830958848,0.14285708718607404,0.1428571579353576
2397,ab865a18405bede62c07b8fe2b6c01340f5dc272adc3da40ad5eb90b73fe4397,Healthy-Leaf(1399),4,0.9999999999999832,0.14285713703134784,0.14285713986199147,0.142857099625892,0.14285717274982662,0.14285720123475032,0.14285709319243747,0.14285715630375423
2398,7df73e56f22f2c737baf97df83b69816b68a18d77a42ad92bcd620ae7ed9be8e,Healthy-Leaf(1399),4,0.9999999999999833,0.14285713702910482,0.14285713985944481,0.14285709962002235,0.14285717275388993,0.14285720124403078,0.142857093187136,0.14285715630637133
2399,25e3f9c166e391e106153cf0461498f757e6373e8763247da22a9174d7da5abf,Healthy-Leaf(1399),4,0.9999999999999473,0.14285713233791167,0.14285713743840595,0.14285706487954122,0.1428571967755579,0.1428572481649315,0.142857053286292,0.14285716711735966
2400,0d4592640c9033c0f36e9984f345eaf44648bae61726a551ee48fba9efb0cb39,Healthy-Leaf(1399),4,0.9999999999999575,0.1428571334140595,0.142857137995342,0.142857072831479,0.14285719127699198,0.14285723742292847,0.14285706241815793,0.1428571646410412
2401,df451804d93b06fed26a25655b2d09f6cef8d11fdbb3fc529ff2194f59ae4b4d,Healthy-Leaf(1399),4,0.9999999999999785,0.14285713616647158,0.1428571394113505,0.14285709325275572,0.14285717715656995,0.14285720984638006,0.14285708587719786,0.14285715828927434
2402,d193ebb924bedde59e412fa77c3c8492073e8ed70c472f5a4844ddedc8b12b43,Healthy-Leaf(1399),4,0.9999999999999983,0.142857141311948,0.1428571420807699,0.14285713124117155,0.14285715088889114,0.1428571585245863,0.14285712949454715,0.14285714645808606
2403,bce822525e8b80b380fcfce04d7141132893f50f5071fd76bb263c3b778b5f11,Healthy-Leaf(1399),4,0.9999999999999736,0.14285713542993594,0.1428571390301209,0.14285708781365916,0.1428571809176348,0.14285721719419528,0.14285707963087763,0.1428571599835764
2404,34bd6b2628c3aaf5aaaf76af913cccce080fb35f98b3ab88b02d2d01e4e44096,Healthy-Leaf(1399),4,0.9999999999999679,0.14285713467881953,0.14285713864828714,0.14285708218455007,0.14285718480947152,0.14285722478930943,0.14285707316107615,0.1428571617284862
2405,ca5ef1569a06ed7aaad6f8f0e4e9d3d29db571740ab480fe5dd28506d66fb65d,Healthy-Leaf(1399),5,0.9999999999999409,0.14285715401164173,0.1428571486019269,0.1428572255973874,0.1428570856464787,0.14285703112283502,0.1428572378970045,0.14285711712272575
2406,e71bc3425c2b3042d300be0f8522130d206b67ae6c2ff6aac32cac36444eb861,Healthy-Leaf(1399),4,0.9999999999999531,0.14285713293312816,0.14285713774638192,0.14285706927958094,0.14285719373306383,0.14285724222127086,0.14285705833920473,0.14285716574736965
2407,534ff041783842e3405f51ae1d588106483322cd04751b8c3f6436c17ac8e1c5,Healthy-Leaf(1399),4,0.999999999999951,0.14285713272750653,0.14285713764550453,0.1428570677043486,0.1428571948220221,0.14285724434263075,0.14285705652534916,0.14285716623263828
2408,839a9ccac196ae811d6f346442c78c3f2819b3de31af349981a26c01d01b41fb,Healthy-Leaf(1399),4,0.9999999999999655,0.14285713435031844,0.1428571384775509,0.1428570797743706,0.14285718647629558,0.14285722804692969,0.14285707039324408,0.14285716248129063
2409,d6138ebf39cf6bc196c4921405d5a179dd1721d01aedbd8f8a500b6d1de8f687,Healthy-Leaf(1399),5,0.9999999999999981,0.14285714448219514,0.14285714370784589,0.14285715480215183,0.14285713459770635,0.14285712671284292,0.14285715656371875,0.14285713913353915
2410,c525975f232e95a8bfda017fd6ae202d4d87f084f007a15df4b79469b541bb55,Healthy-Leaf(1399),4,0.9999999999999748,0.14285713563594074,0.14285713914577158,0.14285708925808782,0.14285717991866717,0.14285721523352105,0.142857081280786,0.14285715952722577
2411,9c90ebccac5f7da120cdd2bd6c9c1e3e347900aa50bcb69d4fe0ae7a5da0da79,Healthy-Leaf(1399),4,0.9999999999999805,0.14285713654976817,0.142857139614323,0.14285709605622843,0.14285717521818006,0.14285720605546606,0.1428570890914157,0.14285715741461857
2412,71587a09c23a1c9525b8a8a41a9496b5dac70233e7f3a8792a950eeaec1cb8c1,Healthy-Leaf(1399),4,0.9999999999999529,0.14285713290346394,0.14285713772347358,0.14285706912705687,0.14285719383871928,0.14285724243535708,0.14285705817134434,0.14285716580058497
2413,b1b5493ab1cc5d7e67a1582088cf633e7e5cfa8f180c4a7a4425944030db9e23,Healthy-Leaf(1399),4,0.9999999999999709,0.1428571350700539,0.14285713884928652,0.1428570851091515,0.14285718278765816,0.14285722084208113,0.14285707651966856,0.14285716082210023
2414,49626725dd8861abf169743db65d8ab85947e411c7331bc6bdaf8e60277eb36b,Healthy-Leaf(1399),4,0.9999999999999658,0.14285713441259518,0.14285713850294238,0.14285708029535485,0.1428571861162243,0.14285722735044565,0.14285707099810616,0.14285716232433143
2415,5ab504d5868ab9ebc687d7201072cf759577cb67a89c2e8a52926a6d49f359bb,Healthy-Leaf(1399),4,0.9999999999999537,0.14285713299580413,0.14285713778032916,0.14285706972538703,0.1428571934246816,0.14285724161703284,0.14285705884996663,0.14285716560679865
2416,0043630a48c1daf822c9d6dd36b059bb5cc67b9837eae907d9197f5a76210146,Healthy-Leaf(1399),5,0.9999999999999903,0.14285714716882245,0.14285714505166977,0.14285717509340606,0.14285712056854077,0.1428570993543411,0.14285717990895513,0.14285713285426482
2417,c89fd1cffef3fbcc163e0b7075fe8d6ef0fb072b7f01e3f1c1d3751064cfd591,Healthy-Leaf(1399),4,0.9999999999999563,0.14285713327418864,0.14285713792258564,0.14285707180296786,0.14285719198822933,0.14285723881289808,0.14285706123727152,0.14285716496185896
2418,cc4fefe0e4960fd7cfa8b9b782a1545b51141cec84cdd78bfee7276a666ba34f,Healthy-Leaf(1399),4,0.9999999999999551,0.1428571331731923,0.1428571378715011,0.1428570710390498,0.1428571925162751,0.1428572398429087,0.14285706035934528,0.14285716519772765
2419,16b0de4fc9243dc7ccccfbce8062d6a527aafca72ec5c2180ac1ddbb25ed553d,Healthy-Leaf(1399),4,0.9999999999999583,0.14285713351535,0.14285713805334882,0.14285707352804372,0.14285719079514433,0.14285723647575505,0.1428570632128626,0.1428571644194954
2420,829df637eaa9da428e8688ac89e2dd6b0fcc055133139dbb9393fdd271a14ad8,Healthy-Leaf(1399),4,0.9999999999999577,0.14285713341904674,0.14285713799151212,0.14285707292392674,0.1428571912132014,0.14285723730478583,0.14285706253058997,0.14285716461693718
2421,b9ff575956978d822f0e28068314053504ea5b24deb4e820a4471e8616c70d0b,Healthy-Leaf(1399),4,0.9999999999999585,0.14285713353196333,0.1428571380535869,0.14285707373657167,0.14285719065141034,0.14285723620412544,0.14285706345959895,0.14285716436274332
2422,21a40f53d0b60cdafb1b7ae928a38623d0656a6801936f46c70b9eab59fd7cce,Healthy-Leaf(1399),4,0.9999999999999561,0.1428571332857715,0.14285713793514765,0.14285707180866347,0.1428571919836663,0.14285723879611864,0.14285706123895073,0.14285716495168183
2423,d1e6495e0efd637548859c612377c44be411302df6326b0e3c87e4a3ee9d198e,Healthy-Leaf(1399),4,0.9999999999999832,0.14285713703204564,0.14285713985615692,0.1428570996781447,0.14285717271368595,0.14285720117007764,0.14285709325893883,0.14285715629095036
2424,0984b8bbe4f764118bb2b0da448a6103634c31d7a7e563259fa5c7d8351bb9b8,Healthy-Leaf(1399),4,0.9999999999999953,0.14285713998068955,0.14285714138503625,0.1428571214473925,0.142857157660861,0.1428571717603199,0.14285711825517486,0.14285714951052608
2425,a8ad62d012816d025dbab8caa5e8e54814a2e5bbead94cfb53d28630a97548cf,Healthy-Leaf(1399),4,0.9999999999999306,0.14285713076539336,0.142857136641329,0.14285705310621508,0.14285720491598608,0.14285726405067473,0.14285703975022446,0.1428571707701773
2426,312e3cdca5bb3efdb55c35c3b5edd461ff9af0075ae3271aee02e0c99197a4fe,Healthy-Leaf(1399),4,0.9999999999999316,0.142857130860017,0.14285713668451264,0.1428570538475313,0.142857204403336,0.14285726305462196,0.14285704060772936,0.14285717054225172
2427,292fcd164b5a56a0794da3e5bc8a95f997a52eda9e86f5b870760b7359ddb0e6,Healthy-Leaf(1399),4,0.9999999999999836,0.14285713703317554,0.14285713982814316,0.14285709996628151,0.14285717251573327,0.1428572008137801,0.142857093615592,0.14285715622729442
2428,71cffadedd6da4538f5d80d0570a39f8346d3e1977f423ba2b7c1f14d2c22842,Healthy-Leaf(1399),4,0.999999999999953,0.1428571329026579,0.1428571377273951,0.14285706907081766,0.1428571938772521,0.1428572425055554,0.142857058103368,0.14285716581295393
2429,cf33d127d90ee78ccb39acbbaf94e4d157549c46264f427cfa95d7c4e01d07e4,Healthy-Leaf(1399),4,0.9999999999999448,0.14285713208742656,0.14285713731536717,0.1428570629499802,0.1428571981092082,0.1428572507625418,0.14285705106542274,0.14285716771005333
2430,d24766a442faeb6f574e1cbacf8a07cccf1b6585844ced63f10f6f8ce270823c,Healthy-Leaf(1399),4,0.9999999999999414,0.1428571317383522,0.14285713713804932,0.14285706034844112,0.14285719990817808,0.14285725427401041,0.14285704807415073,0.14285716851881808
2431,dcea550d1a7ebe4924002f7715802b404fef21fffdf6aebfa5f7a02258614415,Healthy-Leaf(1399),4,0.9999999999999658,0.14285713441686076,0.14285713851906445,0.14285708020934357,0.1428571861754739,0.14285722745228915,0.14285707088554528,0.14285716234142293
2432,aaebdcc17921e7c0cf47deb17fc8249ba54d429aac82a860f1ac4ad1626fcb2a,Healthy-Leaf(1399),4,0.999999999999989,0.14285713820561263,0.14285714046657502,0.14285710833247486,0.14285716672956472,0.14285718947685158,0.14285710319381892,0.14285715359510226
2433,3eecdb314aa7df3a5b30b835974eb8104d118c70442bafc716004492449bed09,Healthy-Leaf(1399),4,0.9999999999999586,0.14285713354554389,0.1428571380683564,0.1428570737485449,0.14285719064251934,0.14285723617780025,0.14285706346721777,0.14285716435001763
2434,b425a8141bda9486f2dd5624e43c96ddb41c8c74cf77efb4fe141347d2a3cff3,Healthy-Leaf(1399),4,0.9999999999999326,0.14285713093624006,0.14285713671785868,0.1428570544657865,0.14285720397600607,0.142857262226035,0.1428570413235286,0.14285717035454507
2435,f8095c3aacd5c763ae76b4d6132aefef4b2535d64ee079ed7a2f42cf64d39ccd,Healthy-Leaf(1399),4,0.9999999999999772,0.14285713603014633,0.14285713935739366,0.1428570920899045,0.14285717796005892,0.14285721139868668,0.14285708452638732,0.1428571586374227
2436,b534de460cadd8167a4f42f2402d2fe5c8a6b342d245648dabea185e0e39d7bc,Healthy-Leaf(1399),4,0.9999999999999732,0.14285713540566222,0.14285713901926553,0.14285708760977459,0.14285718105837694,0.14285721746690228,0.14285707939573228,0.14285716004428628
2437,b3440e515081f5d0b796e8c7f2017d5ac7b1ace0216e605df7300318b47494ca,Healthy-Leaf(1399),4,0.9999999999999929,0.1428571391986898,0.1428571409879811,0.14285711561697184,0.14285716169258175,0.14285717962971076,0.1428571115512061,0.14285715132285853
2438,72bdbf8990854f57e06b3415beebf5337788273dc85a6f463d85d930060c255e,Healthy-Leaf(1399),5,0.9999999999999318,0.14285715483514239,0.14285714901937221,0.1428572317616037,0.14285708138433434,0.14285702280529536,0.14285724498419036,0.1428571152100616
2439,9ef8bdabf4a00da5be0c09e3a8e5b0e9793e3251efa70bd036e908e0057a7a01,Healthy-Leaf(1399),4,0.9999999999999543,0.14285713305350442,0.14285713781060988,0.1428570701498665,0.14285719313120043,0.14285724104334827,0.1428570593368976,0.1428571654745729
2440,dbb72d0cf9566ef63a108a1dba9d2909b338ddac5f578beceda40d0a73f36e70,Healthy-Leaf(1399),4,0.9999999999999811,0.14285713667150501,0.14285713967993183,0.14285709691665519,0.14285717462281025,0.14285720488884504,0.14285709007808503,0.14285715714216757
2441,6697a1ae38ac1957f5737178c08bfda2bce5618b6786a7ff0f929b23db2fdd63,Healthy-Leaf(1399),5,0.9999999999999355,0.1428571545331168,0.1428571488894506,0.14285722929142888,0.14285708309163409,0.14285702611354276,0.14285724212237266,0.14285711595845427
2442,af0fbadf04c9a56b55139c13c945c17823f5c50d3b7165d57e88ae0761236835,Healthy-Leaf(1399),4,0.9999999999999808,0.142857136602792,0.1428571396513842,0.14285709636347962,0.1428571750054969,0.14285720563017582,0.1428570894349396,0.14285715731173187
2443,b3dbe630901df3556ef9452bab5428af2cb07431e8e10b879b66784262d6ff7a,Healthy-Leaf(1399),4,0.9999999999999785,0.14285713619553822,0.14285713942956374,0.14285709344714664,0.14285717702224318,0.14285720958112114,0.14285708609684986,0.14285715822753728
2444,1814789c3f201a6ba0bef7f38b05b0113c96a4e8ab2e43938bd44ad38f41d4f0,Healthy-Leaf(1399),4,0.9999999999999266,0.1428571304164807,0.14285713645264772,0.14285705059255244,0.14285720665417584,0.14285726745426386,0.1428570368718768,0.14285717155800254
2445,1b5f48732cb69abdf94e5ad6be63c20dde54b8327ebfa1e760159d9a4cc38299,Healthy-Leaf(1399),4,0.9999999999999887,0.14285713809118786,0.14285714040071507,0.14285710754798445,0.14285716727224002,0.14285719054387547,0.1428571022991659,0.1428571538448313
2446,0ff8174d717c172d2bebe3c07b4b421aaf709ff259d2b7d5b39360b38b47468c,Healthy-Leaf(1399),4,0.9999999999999478,0.14285713237097816,0.14285713745030357,0.1428570651652055,0.1428571965780595,0.14285724778412887,0.14285705361969056,0.14285716703163387
2447,20cce75c745caf3907c55b5802f62cc7aa3f41b33c3095ba0b73a456dee1d8e9,Healthy-Leaf(1399),4,0.9999999999999584,0.14285713352491292,0.14285713805306782,0.14285707364625266,0.1428571907135585,0.14285723632181374,0.14285706335358053,0.14285716438681378
2448,8204eae201e7bb5828451cce5a2de76a02d27fa45902880eb7a202d282e2dd0a,Healthy-Leaf(1399),5,0.9999999999999987,0.14285714384489853,0.1428571433790679,0.1428571500832115,0.14285713786069756,0.14285713308635906,0.14285715114359848,0.14285714060216684
2449,9f8446e79cf9f3439726591497f892aca8fba2a6119665e6e561eaeb767fa11b,Healthy-Leaf(1399),5,0.99999999999995,0.14285715307064978,0.14285714810091488,0.14285721875993648,0.1428570903745893,0.14285704037340577,0.14285723005905274,0.14285711926145103
2450,09d6b03d717c02ab4a59b16048eb63ae2a11268028831c266100515049f3bf57,Healthy-Leaf(1399),4,0.9999999999999308,0.14285713077981102,0.1428571366447932,0.14285705324526476,0.14285720481988232,0.14285726386683847,0.14285703991393942,0.14285717072947088
2451,1c9c8b502f2dd7cf94169ea6f6b327fb986fb856c836af4f0d5267d078d5f821,Healthy-Leaf(1399),4,0.9999999999999517,0.14285713278823492,0.14285713767630984,0.1428570681501091,0.14285719451362458,0.1428572437403247,0.14285705703842802,0.14285716609296886
2452,83ce71e52e2655fab4d7f23fcca3fa77301601e9e3c67995aeedd55b9e06b389,Healthy-Leaf(1399),4,0.9999999999999616,0.14285713389703478,0.14285713824664856,0.1428570763818102,0.14285718882185477,0.1428572326248745,0.14285706649444027,0.14285716353333688
2453,c1e27a4d5a9dc01a60bdbb5fba56073db2d7829a465fa69cc86dc72bbea0402d,Healthy-Leaf(1399),4,0.9999999999999288,0.14285713060942068,0.14285713654773116,0.14285705205869745,0.1428572056404518,0.14285726547863817,0.14285703856028809,0.1428571711047726
2454,cea763871fd5f91b9cbebf191633ec2677cd334f45de63f04c16fe339a9347ae,Healthy-Leaf(1399),4,0.9999999999999777,0.1428571360879832,0.14285713938370423,0.14285709255292148,0.14285717764006367,0.14285721077742336,0.1428570850613519,0.142857158496552
2455,69bbccf5fbd773c28c5a487e69a5cd71685439772ea1d9e183addab33a0dc6e6,Healthy-Leaf(1399),4,0.9999999999999372,0.14285713135810643,0.1428571369448025,0.14285705752053054,0.1428572018638006,0.1428572580915996,0.14285704482232411,0.14285716939883614
2456,538b95c5b45de2ed7d3dc5d2898598f1310810298598be4aa1cc6bdbcfe6c5fc,Healthy-Leaf(1399),4,0.9999999999999583,0.14285713349738957,0.14285713803991143,0.14285707341996137,0.14285719086973173,0.14285723662507094,0.14285706309354546,0.1428571644543896
2457,242c6be303f74bb034b2e940c64b1d40f356a702a54bd294be53ca47b9b9fd4d,Healthy-Leaf(1399),4,0.9999999999999469,0.14285713232726874,0.14285713744534223,0.14285706467890777,0.1428571969137332,0.14285724842151773,0.14285705304468108,0.14285716716854918
2458,60c1eaad60ae65b4de7a8ceadf010917bf9de78efdab2ffed30a7d8191e2dadc,Healthy-Leaf(1399),4,0.9999999999999515,0.14285713276116768,0.14285713765843558,0.14285706799123823,0.14285719462372184,0.142857243959739,0.14285705685924663,0.1428571661464511
2459,9956144a59d77254dae9f4e462d8c3a9349e69c9384bc8e4c40cf4d5b1172f4f,Healthy-Leaf(1399),4,0.9999999999999623,0.142857133956648,0.14285713827334884,0.14285707686600713,0.14285718848729312,0.14285723197589387,0.14285706705401668,0.14285716338679227
2460,b2f7771aa1092d6c151fb67886cf9ad9cb8434e4cdc50af25e10ea7711659c96,Healthy-Leaf(1399),5,0.9999999999999962,0.14285714532136629,0.14285714410596811,0.14285716135245138,0.14285713006986267,0.1428571179056382,0.14285716411888036,0.14285713712583295
2461,1091cb93498b0714f949579759a806162d60167f5c123912dbb20660ff64f08c,Healthy-Leaf(1399),4,0.9999999999999748,0.1428571356508164,0.14285713914077958,0.14285708948172818,0.14285717976437562,0.14285721494508208,0.14285708154974466,0.1428571594674735
2462,10abccfa304cfad2375f90f226a4fbf14841d2e5c85ddb22a248e1e551c82312,Healthy-Leaf(1399),4,0.999999999999996,0.1428571402622962,0.14285714154019552,0.14285712344913162,0.1428571562765661,0.14285716904653772,0.14285712054457292,0.14285714888069992
2463,5450778660f56f7fa58ec237a7196983176ec75e02d8bd98007e76769d986685,Healthy-Leaf(1399),4,0.9999999999999691,0.14285713484087348,0.1428571387296199,0.14285708340817563,0.1428571839635077,0.14285722313941263,0.14285707456845853,0.14285716134995222
2464,1904049b40455853c9a0769ec2b362f133b6e9545608bb7216259493ad56f89f,Healthy-Leaf(1399),4,0.9999999999999675,0.14285713463648253,0.1428571386218389,0.14285708192808286,0.14285718498727165,0.14285722514213053,0.1428570728698322,0.14285716181436126
2465,d1b47784fb7fbc5ccb3bd4b55f371e18eef25821b0bea4b23bc09e6dad8ca3fa,Healthy-Leaf(1399),4,0.9999999999999868,0.14285713770526415,0.1428571402094949,0.14285710461471632,0.14285716930016426,0.14285719449670703,0.14285709892289059,0.1428571547507628
2466,cb44f5057fdb41477c8c2830a4f4352fbd910999d036a3f6ff6b31997773edd7,Healthy-Leaf(1399),4,0.9999999999999433,0.142857131921338,0.1428571372207507,0.1428570618214394,0.14285719889024603,0.14285725229838064,0.14285704977628946,0.14285716807155582
2467,e0d7fa14f4a25cf9172b09107dc77ca9c65fac4a861d12c3b585017180378a84,Healthy-Leaf(1399),4,0.999999999999964,0.1428571341840628,0.14285713839089254,0.1428570785424071,0.14285718732799527,0.14285722971094134,0.14285706897967,0.1428571628640311
2468,07b93d15806832e3400867a8830d1e07fd19a08f0ecf1da6017e337507be589c,Healthy-Leaf(1399),4,0.999999999999973,0.14285713538801323,0.14285713900965044,0.14285708748299075,0.14285718114604218,0.14285721763862153,0.14285707925064203,0.1428571600840398
2469,e05a32943bf8209510d824db64aecf7c6276d0ae4d8785c63270172691e41212,Healthy-Leaf(1399),4,0.9999999999999718,0.14285713522475532,0.14285713892564894,0.14285708627277896,0.1428571819828695,0.14285721927298212,0.14285707786035254,0.1428571604606125
2470,ea7e875f1ec10935e2ab0afa0e386a5577318a823f4e0bb58426b97da6a67d0a,Healthy-Leaf(1399),4,0.9999999999999727,0.14285713535359218,0.1428571390033711,0.1428570871250732,0.1428571813932125,0.14285721810966595,0.14285707882860432,0.1428571601864808
2471,07cc6b50e1e9ab3aca3004c9cfff49120becba5443d74e516410a63099ba6252,Healthy-Leaf(1399),5,0.9999999999999297,0.14285715501173873,0.142857149105934,0.14285723310055168,0.14285708045842685,0.14285702100086783,0.1428572465270527,0.1428571147954282
2472,f19a7428e30b0e9bc368e4c448fb4c9e41ae95dbbb6c4422bd77db5f7712f255,Healthy-Leaf(1399),4,0.9999999999999916,0.14285713877165815,0.14285714076023043,0.14285711251517083,0.14285716383744826,0.1428571838264015,0.14285710799605505,0.14285715229303586
2473,efe876f8e6b0985938f1460b3aeef3cd74de31a1be06183456e4f6c2383b11f8,Healthy-Leaf(1399),4,0.9999999999999729,0.14285713541451106,0.14285713904324931,0.1428570875053797,0.14285718113011833,0.1428572175873596,0.142857079257015,0.1428571600623669
2474,a142f5bbd72b0d2dfd877d0e49682c76009515da030f2a69b624cfc0ac19490a,Healthy-Leaf(1399),4,0.9999999999999778,0.14285713608529793,0.1428571393737282,0.1428570926131491,0.14285717759871638,0.14285721070562785,0.1428570851385193,0.1428571584849613
2475,f39c63424dc9ec63a58efd1e5b94bd11e4fa704f46b25ff3c63335524c54b527,Healthy-Leaf(1399),4,0.9999999999999837,0.142857137058644,0.1428571398696168,0.1428570998769287,0.14285717257623382,0.1428572009018212,0.14285709348754289,0.1428571562292126
2476,ba97d0a25c667e8761c3c07016c5f17cc95a97afdd1392bbc698263fe15136f4,Healthy-Leaf(1399),4,0.9999999999999772,0.1428571360210842,0.14285713933507962,0.1428570921956966,0.14285717788770186,0.14285721127619172,0.14285708466372543,0.14285715862052048
2477,44b65d21becddeea4732f83886f723db60f7cbd814940ffbdde2935b322f6d68,Healthy-Leaf(1399),4,0.9999999999999656,0.14285713436845066,0.1428571384880937,0.14285707989481836,0.1428571863929113,0.14285722788267247,0.14285707053066724,0.14285716244238628
2478,1a4cb0c010fdc6619557673d0525c4bb9594aaff430e4e4d48348fab65b5a7a0,Healthy-Leaf(1399),4,0.9999999999999558,0.14285713323110838,0.14285713789515858,0.14285707152892604,0.1428571921778254,0.14285723918843687,0.142857060927592,0.14285716505095278
2479,0bfd38c6a91c26a1276b50dbd6b8b1546eeaf5903472006bf98aaa7c996b820f,Healthy-Leaf(1399),4,0.9999999999999625,0.14285713400110667,0.14285713829460037,0.1428570772143725,0.14285718824653829,0.14285723150757096,0.14285706745548632,0.14285716328032483
2480,18faff93987bc0f0d279d280dd114aabdfe5b43320dda53c946c5bc8316d95e8,Healthy-Leaf(1399),5,0.9999999999999626,0.1428571517415566,0.14285714746576586,0.14285720844506042,0.14285709750515763,0.1428570542486169,0.14285721816469096,0.14285712242915155
2481,9c5ea6a2ff63aeacfe0f26c7c3626787ab107813b606ff617919aa917247b08e,Healthy-Leaf(1399),4,0.9999999999999846,0.14285713724496138,0.14285713995563443,0.14285710136491145,0.1428571715479925,0.1428571989046273,0.14285709520506887,0.14285715577680416
2482,28fd43c967f8a8e71e7ce9b5102bbe9e29597cbd221b88cf62deb9de4506fde0,Healthy-Leaf(1399),5,0.9999999999999544,0.14285715261637857,0.14285714786049755,0.14285721546283145,0.14285709265484814,0.14285704483418482,0.1428572262770088,0.1428571202942506
2483,54e2d120838093a2859bd0cc41957d86b866dadbe12e8ea33612ee9b170c46a5,Healthy-Leaf(1399),4,0.9999999999999558,0.14285713324074245,0.14285713790905522,0.14285707151492932,0.14285719218715073,0.1428572391972454,0.14285706090335573,0.1428571650475212
2484,8264f0d3ed4b2da6758a9a7ad5b9e83fad298870dcb66cf1a2e2ceb0710acf53,Healthy-Leaf(1399),4,0.9999999999999479,0.14285713239880649,0.14285713747045642,0.14285706531953443,0.14285719647119405,0.1428572475694718,0.1428570537914035,0.14285716697913337
2485,6ed9a8b73b5a6a1e65587719023db55f168143a1093aae77f8f43fca8155cd90,Healthy-Leaf(1399),4,0.9999999999999354,0.14285713119225726,0.14285713685306403,0.14285705633515694,0.14285720268334456,0.14285725969801677,0.1428570434675743,0.14285716977058613
2486,cfcb8092ff209ac526bf41222e181d9ebde4a5511cdfdf784702061cf0a9508e,Healthy-Leaf(1399),4,0.9999999999999702,0.1428571349832447,0.1428571388033373,0.1428570844615925,0.1428571832351298,0.14285722171645582,0.14285707577803616,0.1428571610222037
2487,fdeeb5b37e1b08811ebf5822def11a9fdf77488ec2724cbf8fbb7b4fa9d54dbb,Healthy-Leaf(1399),4,0.9999999999999524,0.142857132882271,0.14285713773374528,0.1428570687658835,0.14285719408757921,0.14285724289900367,0.14285705773722496,0.14285716589429234
2488,d2f5d335209b8f005d285beee3135c9587b8c3184c67a1a4372a3615daa5cf40,Healthy-Leaf(1399),4,0.9999999999999788,0.142857136277706,0.14285713947593073,0.14285709401923546,0.1428571766265284,0.14285720880409963,0.14285708675021705,0.14285715804628263
2489,9cc0cb12c9cc87ee30ee6e5a142d616a21348923608c278d9aed76f4ee3e17dd,Healthy-Leaf(1399),4,0.9999999999999514,0.1428571327409314,0.1428571376499481,0.1428570678388499,0.14285719472935912,0.14285724416484283,0.14285705668133875,0.14285716619472996
2490,14048a3a57e9339f90e7478fec931d5f132f1cc2b5b32f2aebaf7350e8373015,Healthy-Leaf(1399),4,0.9999999999999586,0.14285713354022997,0.14285713805740674,0.14285707379591278,0.14285719061026542,0.14285723612392534,0.14285706352857985,0.14285716434367998
2491,eb85a1252b778646424c1688e77025bfcdac499528b4292cc958c37c57dc6731,Healthy-Leaf(1399),4,0.9999999999999976,0.142857141049906,0.14285714192830917,0.1428571294602074,0.1428571521209337,0.1428571609490178,0.14285712746512919,0.14285714702649677
2492,91c1b5f89b1e47cc5b1f7db61456a30c707451f2972b932aa4d05434b4f1aefe,Healthy-Leaf(1399),4,0.9999999999999581,0.1428571334792379,0.14285713802087863,0.14285707338096407,0.14285719089714286,0.14285723668896516,0.14285706305739743,0.142857164475414
2493,1fa4612d1ed63a10bba3a7e0788e12c1536bf9d0555116ce9fc3247a5e97c17c,Pest-Damage(513),4,0.9999999999999987,0.14285714167757874,0.14285714224156187,0.14285713416993553,0.14285714886391054,0.14285715459623086,0.14285713288693566,0.14285714556384682
2494,2c2ffea3c4c633b589057958bc8ade9e091c8b9098137aa8dd0cc0404e2c2283,Pest-Damage(513),5,0.9999999999999761,0.14285714989548912,0.14285714648649445,0.1428571950058221,0.1428571067984671,0.1428570724277073,0.14285720275491004,0.14285712663110992
2495,4b0c7252b848d06f427ae9f74f6dbef1e0850e4aeac5bc5da529bc3009b9ef35,Pest-Damage(513),4,0.999999999999978,0.14285713610753747,0.14285713936896807,0.14285709291016344,0.14285717739350703,0.14285721032065601,0.142857085496032,0.14285715840313598
2496,b379fc08a627800111b81f5bc2b9ef0a12386b84bb465a38ca8b34d434b48365,Pest-Damage(513),4,0.9999999999999868,0.14285713768612276,0.1428571401866496,0.1428571045721886,0.1428571693295716,0.1428571945664479,0.14285709888755024,0.1428571547714694
2497,3de77227c29477a8fd59fcb0e01c34d45cea58d9b963ea13199919b90c2ab199,Pest-Damage(513),4,0.9999999999999731,0.14285713540408113,0.14285713901413646,0.14285708762702742,0.14285718104636075,0.1428572174472785,0.14285707942030496,0.1428571600408107
2498,973f4a172d5942ce6ba0d3e2c1247760d0b4568e40ed6e69ea8efb24bdd50cc5,Pest-Damage(513),5,0.9999999999999971,0.14285714502609365,0.14285714398605104,0.1428571588063166,0.14285713182808982,0.1428571213030732,0.14285716116810765,0.14285713788226803
2499,4242dacc64b380758393f1b8d5422d8d93b919171cf494e1840ee56bd2679514,Pest-Damage(513),4,0.9999999999999772,0.1428571359761837,0.14285713929162583,0.14285709204812372,0.142857177990364,0.14285721149751685,0.14285708451339443,0.14285715868279147
2500,246ec55e3d371aede5f70a5c6cbde6ebeb700859d2ee7248d5d988f8431ff55e,Pest-Damage(513),4,0.9999999999999992,0.142857142416393,0.14285714262491037,0.14285713961078,0.1428571451014749,0.142857147244352,0.14285713913479076,0.14285714386729903
2501,67f41f2c49b13a1d0a597f0bb1952275b3920fba842b0763249f87f2746808e9,Pest-Damage(513),4,0.999999999999978,0.14285713610885875,0.14285713936927116,0.14285709293463852,0.14285717737683468,0.1428572102890748,0.1428570855237438,0.14285715839757823
2502,2f0aec0482b2cc8c70745b7e9486573fe37906f1b05b1d28bb2ee5b2ebf1ab80,Pest-Damage(513),4,0.9999999999999961,0.14285714026290952,0.14285714150615766,0.14285712375200063,0.14285715606787944,0.14285716867350542,0.14285712092586889,0.14285714881167846
2503,087c7c22e59169a512f6d8e8e0e7a3a5ceddfcb2704acc15f18c4f6b3cac22e3,Pest-Damage(513),4,0.999999999999975,0.1428571356537136,0.1428571391337408,0.1428570895629592,0.1428571797080942,0.1428572148429175,0.1428570816522956,0.14285715944627905
2504,023619aa04e8cc75895992c7ee40674c5ef80e1c158ae6bfbd789d50e1e96e0f,Pest-Damage(513),4,0.9999999999999952,0.14285713995445792,0.14285714134218394,0.14285712152973562,0.1428571576050203,0.14285717168187154,0.14285711837678813,0.14285714950994244
2505,d1f75f976ecdeccef46686e5ec59396fb5c4a44b2125c6264990b0016396d07b,Pest-Damage(513),5,0.9999999999997705,0.1428571649801457,0.14285715428528784,0.1428573065758379,0.1428570296515094,0.1428569217239527,0.14285733088536545,0.14285709189790097
2506,1f2525fd63985cbd1aff85633805b6f306d4963b62c3ea64d0cb11e3d0d67074,Pest-Damage(513),4,0.999999999999988,0.14285713795719554,0.1428571403245501,0.1428571066100725,0.14285716792078385,0.14285719181734166,0.14285710122919587,0.14285715414086053
2507,02090df45c8ad7420cbcacd8a288497683fe3ef3e6249a5eb025a4e7d99187d1,Pest-Damage(513),5,0.9999999999999885,0.14285714760260665,0.14285714530056629,0.1428571780631845,0.14285711851398877,0.1428570953147203,0.14285718329718064,0.14285713190775284
2508,a90bca853cf119dcb0ea0d898ce8d3111ae21e4f2f4229c81de98c4f36eac66c,Pest-Damage(513),4,0.9999999999999899,0.14285713836900935,0.14285714052212212,0.1428571098008617,0.1428571657150306,0.14285718752455256,0.14285710490775702,0.14285715316066663
2509,7bc0902dfcb59a6849937a81ab6af21ebce5b3050671b0e42ea84c166a315e18,Pest-Damage(513),5,0.9999999999999992,0.14285714330078436,0.14285714306711794,0.14285714631735189,0.14285714046516468,0.14285713820453289,0.14285714684912976,0.1428571417959185
2510,f73e68a1fb9d99d991c960779b1975e6762f5082ea078fbf2cd7ba58827d962c,Pest-Damage(513),5,0.9999999999999974,0.14285714479863307,0.1428571438564753,0.14285715726586642,0.14285713289431176,0.14285712340004803,0.14285715940815996,0.1428571383765054
2511,8e056edafba3a24be7120eee7aa81e3cee97cdefeb9b917fdba413484fc4c54c,Pest-Damage(513),5,0.999999999999962,0.14285715174884941,0.14285714743551473,0.14285720881706337,0.14285709724915058,0.1428570537839387,0.14285721862352174,0.1428571223419614
2512,469d425a0493fc5d5a279a69a26f3132a6bbd6db24928fee472d3eda48364d88,Pest-Damage(513),4,0.9999999999999493,0.1428571325072866,0.1428571375042678,0.14285706631614423,0.14285719578257086,0.1428572462466992,0.1428570549575725,0.1428571666854589
2513,32267b7a6171c8ed32d3107863ce45da72c1426d37d031318e2b7e3ab5eec84d,Pest-Damage(513),4,0.9999999999999685,0.14285713473113143,0.14285713865931468,0.14285708271882813,0.14285718444056797,0.14285722408511545,0.14285707378968285,0.14285716157535946
2514,de6968dad2bc2a81eb459f6ba3721be4fad29153d91fe8067be8a0cf1d3723cb,Pest-Damage(513),4,0.9999999999999798,0.1428571364117399,0.14285713951995396,0.1428570952267297,0.14285717579206966,0.1428572071992624,0.1428570881617677,0.14285715768847676
2515,9cc3a70178c8a01c0d6b31986e428409256793b0d603418577b46622d5e24cdd,Pest-Damage(513),5,0.9999999999999876,0.14285714781504458,0.14285714540926056,0.1428571796320583,0.1428571174289368,0.1428570931955981,0.14285718510085413,0.14285713141824752
2516,ba4a17df8d4886865995c9a6bb3ac9b172b788da702681e7684e9170db063132,Pest-Damage(513),5,0.9999999999997917,0.14285716393578374,0.1428571537435477,0.14285729887032966,0.1428570349797179,0.14285693213441325,0.14285732203766302,0.14285709429854476
2517,4a18a2fc07b1a8140d1edd9a4cbfef815189adee61e97e27efcef608b3c55299,Pest-Damage(513),4,0.9999999999999991,0.14285714277819545,0.14285714280939543,0.1428571423312229,0.14285714322090493,0.14285714357455778,0.14285714226005441,0.14285714302566904
2518,37831692a76c35440ec99be59c8090d278667c83ce4c250f396f76635ffa845f,Pest-Damage(513),4,0.9999999999999856,0.14285713744652453,0.14285714006242417,0.14285710281313166,0.14285717054611727,0.14285719694384721,0.14285709686708095,0.1428571553208742
2519,4b4c5b7288af8b25f1019c178dab7986220ff72d3ecabf1444d046c8a6f839b8,Pest-Damage(513),4,0.9999999999999852,0.14285713740250205,0.1428571400306466,0.1428571025776561,0.14285717070938567,0.1428571972724779,0.1428570966046361,0.1428571554026957
2520,1826a059bac9e56d08f55ebd50d4d2d2c813c26364c6b8bccefc1f3fbaa22982,Pest-Damage(513),4,0.9999999999999856,0.14285713744786865,0.14285714005424444,0.1428571029079516,0.1428571704809148,0.14285719682577255,0.14285709698408594,0.14285715529916213
2521,28c8ff3362efc93040a6614e05dc4ccb2fdcf3a58851f490c561b3830f490943,Pest-Damage(513),4,0.999999999999996,0.14285714026038085,0.14285714151685247,0.1428571236266104,0.14285715615427488,0.14285716883003843,0.14285712077033044,0.14285714884151252
2522,d39685cfa5c7f079d9e03734b748be66b47b74daf2989c0d982e28a7dcae2596,Pest-Damage(513),4,0.9999999999999788,0.14285713623866267,0.14285713943658707,0.1428570938963297,0.14285717671191972,0.1428572089901824,0.14285708662775645,0.14285715809856195
2523,32dfdb111d20e93f307ed609d1012077880f8ac8cc1949890ec331ee818f7d8d,Pest-Damage(513),4,0.9999999999999893,0.1428571382522224,0.14285714047396064,0.1428571088200875,0.1428571663927093,0.14285718883555326,0.14285710377023733,0.14285715345522956
2524,fa322f123a2c9f669089d5ec64e04c8804a4ec6c9a788e6214d858cc83f0a8eb,Pest-Damage(513),5,0.9999999999999971,0.14285714493404517,0.14285714392940901,0.14285715824380507,0.14285713221807647,0.14285712207619092,0.14285716052827066,0.14285713807020273
2525,39e214c4558494bed4f50c3fc6dd446cbc8afc0c40fd82c42ad3e7b3c342de06,Pest-Damage(513),4,0.9999999999999892,0.1428571382177919,0.14285714045531353,0.14285710857864065,0.1428571665598017,0.14285718916312812,0.1428571034933851,0.14285715353193912
2526,4469e775b69cd54439f706dfd5e0e1272a8c1f57c1d4d5184431deeee5373e96,Pest-Damage(513),4,0.9999999999999782,0.14285713614963838,0.14285713938842387,0.14285709325342388,0.14285717715645466,0.14285720986054143,0.14285708589169818,0.1428571582998195
2527,848cb3f8993d4d2e3592b287b0b7d2cd6e9f59348d6955ba968d304fa1fcc375,Pest-Damage(513),5,0.999999999999911,0.14285715662455883,0.14285714998876667,0.14285724454867962,0.1428570725402231,0.14285700548057426,0.14285725963034362,0.14285711118685382
2528,178de2cde5a36070300074fb051ad501ff258889de258c2011113dadf012e1a5,Pest-Damage(513),4,0.9999999999999906,0.14285713857292293,0.14285714064547006,0.1428571111493464,0.14285716478212251,0.14285718568397537,0.1428571064392172,0.14285715272694546
2529,a97295a8322deb61ac9839c404ca79618094388add9257bca2a6987b6527d86b,Pest-Damage(513),4,0.9999999999999942,0.14285713952692516,0.1428571411365441,0.14285711821619523,0.14285715989551645,0.1428571761398608,0.14285711455761835,0.14285715052733994
2530,6df9256c954570acbcde09e7cf325981fb75cfc2f555a451e00da7cc572bb626,Pest-Damage(513),4,0.9999999999999721,0.14285713524831697,0.14285713892076915,0.14285708660623325,0.14285718175290238,0.1428572188414651,0.14285707825916805,0.14285716037114507
2531,a992ac69716f2126337960cff8cb135b0f76847388d423dacf786dc12478efb1,Pest-Damage(513),5,0.9999999999999956,0.1428571456331686,0.14285714427882182,0.1428571635312277,0.14285712856251961,0.14285711494789807,0.14285716661142425,0.14285713643493986
2532,1436102da5a4ce1badcab2cfd34cea91e26fbe17e9e6eca885221d85a4961a4a,Pest-Damage(513),4,0.99999999999999,0.14285713841154046,0.14285714056912951,0.1428571098747005,0.14285716566294332,0.14285718739638517,0.14285710496975698,0.142857153115544
2533,448c0cec0069c1edc71b3b97055b99ab4c71907c92b024d065b3f85405606f33,Pest-Damage(513),5,0.9999999999999803,0.14285714920268353,0.14285714614090447,0.14285718977942918,0.14285711041221313,0.1428570794747013,0.1428571967400375,0.14285712825003088
2534,8fc97e714c3ef9803e8513c9ef4b9e1e60b01d43eb7ec9bf9fdead7a3972998f,Pest-Damage(513),4,0.9999999999999927,0.14285713909954945,0.1428571409141146,0.14285711508009585,0.14285716206431595,0.14285718037859033,0.14285711095662965,0.14285715150670406
2535,004f52ea1ad42601a0eaf436335f3369e7759162074c3ad318f41edf6060f3cf,Pest-Damage(513),4,0.9999999999999843,0.14285713721043697,0.142857139944187,0.14285710103328014,0.14285717177673105,0.14285719934392313,0.14285709481935308,0.14285715587208872
2536,e091210c105f06c72bcd0d1e69f9d0edc6478a2c536e11b39b41cbfa5db34229,Pest-Damage(513),4,0.9999999999999826,0.1428571368754422,0.14285713977630612,0.14285709850507144,0.14285717352470148,0.14285720275290537,0.14285709191099327,0.14285715665458007
2537,0dc42cfe7403cf3bc94185bba6eaa5e93db86ddecf579a3b27b5b6c869c48a42,Pest-Damage(513),5,0.9999999999999502,0.14285715309628166,0.14285714813889833,0.14285721872165705,0.14285709040023709,0.1428570403979701,0.14285722999186865,0.14285711925308714
2538,f1836c177b157fcc84c8ca5c3f83294b043462ad7a2da7dc19eface23c2c3931,Pest-Damage(513),5,0.9999999999998987,0.1428571575225993,0.1428571504370696,0.1428572513304115,0.14285706785122523,0.14285699633704885,0.14285726743424537,0.14285710908740012
2539,b9ce8d7d37dbf246f9e551e638bd82db405c333b4e9e4224d7829f49ee7e8bc0,Pest-Damage(513),4,0.9999999999999886,0.1428571381092346,0.1428571404109064,0.14285710767047102,0.14285716718744318,0.14285719037722572,0.14285710243924457,0.1428571538054744
2540,eddd75e61828473223bae5d9dfa90ba7e40671e854d4b295236c2bc6f30726ba,Pest-Damage(513),5,0.9999999999999977,0.14285714469123448,0.1428571438022795,0.14285715645747737,0.1428571334532027,0.1428571244903228,0.1428571584786641,0.142857138626819
2541,6a983718d9adc8f403f466d50cb8014002789b4025fd459a2703ed54428caced,Pest-Damage(513),4,0.9999999999999675,0.14285713463810681,0.14285713860729013,0.14285708207939798,0.14285718488309138,0.14285722495439865,0.14285707305821915,0.1428571617794958
2542,6787cc5a28541f204656a4e37d79c23fc822b0e3c8e8bee3d191e0eec5e7a966,Pest-Damage(513),5,0.9999999999999921,0.14285714672176128,0.1428571448323164,0.14285717166778397,0.14285712293664488,0.14285710396751664,0.14285717596449973,0.14285713390947707
2543,169e1ed1aa5443b8793e38f2069f1c432fabdb5af203545210c770f6f81c05d4,Pest-Damage(513),4,0.9999999999999641,0.14285713419817248,0.14285713838305053,0.14285707878888376,0.14285718715812137,0.14285722939486997,0.14285706927675607,0.1428571628001459
2544,73bb398ab78b01025c1ea27277ee7cef92e8b12cc0ba1553ad8ff1eba258c91d,Pest-Damage(513),4,0.9999999999999987,0.1428571417076176,0.1428571422664609,0.14285713433035743,0.14285714875319627,0.14285715437159227,0.14285713306073097,0.14285714551004455
2545,d5455f7e8cbe2a4fb6bc763fc95caf614169fc2352da13b4c8176fb021320938,Pest-Damage(513),4,0.9999999999999992,0.14285714252913753,0.14285714267678026,0.1428571405634964,0.14285714444417183,0.14285714597020105,0.14285714023096788,0.14285714358524498
2546,759ba4bdb98abf9a9cda82424f82a2f4ade825ee8a6dae39712932733d1d130b,Pest-Damage(513),4,0.9999999999999506,0.14285713265103844,0.14285713758360918,0.14285706734702436,0.1428571950698731,0.14285724485007162,0.14285705613583374,0.1428571663625495
2547,e7a7204cdc54d3e7d44f6d86388f74d796ee9906df299a3cc7762a60345f9e77,Pest-Damage(513),4,0.9999999999999752,0.1428571357126809,0.14285713916762666,0.14285708998223257,0.1428571794183655,0.14285721427420958,0.1428570821296672,0.1428571593152176
2548,774a6f10be84c298313d73f4de64049f804e9d8d50a7228b6e5046e25893b953,Pest-Damage(513),4,0.9999999999999906,0.1428571385690472,0.14285714063346788,0.1428571112047804,0.14285716474395033,0.14285718561925212,0.14285710651280414,0.1428571527166979
2549,a751c6225acb69bae5c1645e68acc2be7b31eee629ad7b9ae7d39dfc343b9308,Pest-Damage(513),4,0.9999999999999973,0.14285714086640708,0.1428571418287764,0.14285712812984108,0.1428571530406481,0.14285716274963806,0.14285712594275402,0.14285714744193534
2550,023776a5fea013f4a41f333d64d6f4b77d362d80f43320997c4930a2efe88fc2,Pest-Damage(513),4,0.9999999999999953,0.14285713997626043,0.14285714137611674,0.14285712148152996,0.14285715763759513,0.14285717172200074,0.14285711830022257,0.14285714950627446
2551,a456b38460f422836d22ed5341e1917bc53caccb250ba3ce92643224caf41096,Pest-Damage(513),4,0.9999999999999815,0.1428571366944944,0.1428571396701419,0.1428570972805131,0.142857174371801,0.142857204420597,0.14285709051669024,0.14285715704576227
2552,82ee576e7fb90c0703fba27e8571d30f815e0ddd1212fcb3657352e992b60633,Pest-Damage(513),4,0.999999999999985,0.14285713731312588,0.14285713999107605,0.14285710185385112,0.14285717120961988,0.1428571982427199,0.14285709576728683,0.14285715562232046
2553,7a9e0ba572e6ff5f53d709186b88e9783d6b891f1bc315f46a87987ee145b7bd,Pest-Damage(513),4,0.9999999999999759,0.14285713578669137,0.14285713920405912,0.14285709054759074,0.1428571790275272,0.14285721351267397,0.142857082780576,0.14285715914088157
2554,b8d132f6e4d86e87db9e00e3e6a98ece919afeb6322d3bf5261f365fcdaef5af,Pest-Damage(513),4,0.9999999999999638,0.14285713414389423,0.14285713835485236,0.14285707839061595,0.1428571874335524,0.14285722993318167,0.14285706881937696,0.14285716292452638
2555,e2cf868693255d0720ca4f9c1898d99fc9db0381915fcacbddaf0ca7cde0c04f,Pest-Damage(513),5,0.9999999999999983,0.14285714428624746,0.14285714357946455,0.14285715359802797,0.1428571354311098,0.1428571283686721,0.14285715520658152,0.1428571395298966
2556,78ba0e08e359dab9ddda8421dcd55435b18177aadc6e2bf9c40f0bcbdc6a93eb,Pest-Damage(513),4,0.9999999999999806,0.14285713652709892,0.14285713957970672,0.1428570960854266,0.14285717519844449,0.14285720603984442,0.14285708914738357,0.14285715742209526
2557,3ce6e4d36c3194e9e7ded9837d96a4e00b967fb532680969ffb91db023f843b5,Pest-Damage(513),4,0.9999999999999969,0.1428571405740537,0.1428571416677839,0.1428571260790934,0.1428571544594317,0.1428571655324489,0.14285712359547353,0.14285714809171476
2558,eab6ba02962732635869d8a724815b7b37e6a6b4261ace720d9026d6e03f8b2e,Pest-Damage(513),5,0.999999999999976,0.1428571499003592,0.14285714648525247,0.14285719511317002,0.14285710672512963,0.14285707229028868,0.14285720287929501,0.14285712660650499
2559,df7b8076acd503466ed7825c529a04cad7ebd812ca17e3e10dda77883e6336f7,Pest-Damage(513),4,0.999999999999988,0.1428571379469693,0.14285714031264893,0.14285710660180193,0.14285716792685024,0.1428571918363667,0.14285710122548825,0.1428571541498746
2560,09f790d038de08cd204dd13399f6fb534a855c6b5668835bc948add2e7ad826f,Pest-Damage(513),5,0.9999999999999252,0.14285715546827704,0.14285714938261682,0.14285723605200668,0.1428570784151986,0.14285701696464284,0.14285724988180173,0.14285711383545632
2561,f8f40037aaeb74b57dd3dc14bc40be9de35b681bd6c7a0c130077e377690abd5,Pest-Damage(513),4,0.999999999999978,0.14285713609799555,0.14285713936094982,0.14285709290046308,0.1428571774009988,0.14285721034020465,0.14285708548562753,0.1428571584137606
2562,b660e584a11c5230a4459e0192279df41aa427bb55683b35d700486712613eff,Pest-Damage(513),4,0.9999999999999896,0.14285713832275337,0.14285714052016504,0.14285710926705938,0.1428571660836376,0.14285718822252993,0.14285710427341738,0.1428571533104374
2563,61f7ea02291aef0a2a955bce075f45916cfad8828e95e376695fa5992f55d083,Pest-Damage(513),4,0.9999999999999754,0.1428571356953231,0.14285713915209727,0.14285708991316945,0.14285717946632273,0.14285721437457571,0.1428570820565622,0.14285715934194967
2564,e685937b3881d3bc84a2911b004fbd6076113cfe0fd7611022f4cb16b0f74e79,Pest-Damage(513),5,0.9999999999999991,0.14285714335194447,0.1428571430940198,0.14285714670856023,0.14285714019499715,0.14285713767718072,0.142857147296863,0.14285714167643465
2565,8e707b39cc0202f180a2376db6bda1cdebc4a64abcfd063cf3588e2dd29a8d25,Pest-Damage(513),4,0.9999999999999805,0.1428571365135864,0.14285713958386256,0.14285709588105036,0.14285717533935594,0.14285720630354704,0.14285708890233897,0.14285715747625877
2566,25ca3bcf73fe5997144488d2e0e857de8be336b22708238d3e28f185260b6634,Pest-Damage(513),4,0.9999999999999771,0.1428571360136084,0.14285713933304395,0.14285709211743436,0.14285717794163216,0.14285721137926718,0.14285708457253946,0.1428571586424745
2567,ec803f8f5c160ce5deb533725d2c585266906f57cd221e7967befb3c19262b27,Pest-Damage(513),4,0.9999999999999934,0.14285713928810148,0.1428571410027536,0.1428571165599987,0.14285716104136992,0.14285717838976428,0.14285711266427406,0.14285715105373803
2568,8efffac7dd623e18f4e56463057004b191d64be760f9f206db20edb4cb4b7ffa,Pest-Damage(513),4,0.9999999999999897,0.14285713832206035,0.1428571405094213,0.14285710935540646,0.14285716602284781,0.142857188114333,0.14285710438476973,0.1428571532911612
2569,b0033f8988f2dd15bb8acf420a966e29a0f170584d9e82392ce532dfae2c1c71,Pest-Damage(513),4,0.9999999999999878,0.14285713789197593,0.14285714028065535,0.14285710623089548,0.14285716818348698,0.14285719234161806,0.14285710080268785,0.1428571542686804
2570,c6ff4d05301336591060970cc30cdaad1dc417e390e49a11a3905cf21b61e725,Pest-Damage(513),4,0.9999999999999908,0.14285713859571894,0.14285714066376298,0.1428571112520969,0.14285716471074641,0.14285718553738327,0.14285710655150616,0.14285715268878538
2571,5d07a70b69e3b13d9438e218a92e6095edd4c085f9a8e0ec1042bf8b1644ec22,Pest-Damage(513),4,0.9999999999999949,0.14285713983142817,0.14285714129066487,0.14285712049157753,0.14285715832211335,0.14285717306932486,0.14285711717433103,0.1428571498205602
2572,58506751ebc9529f1c5cb122100f65986d801341303ac9ab0307639e7bd6be78,Pest-Damage(513),4,0.9999999999999872,0.1428571377951875,0.1428571402532869,0.14285710530452497,0.14285716882327254,0.14285719356789062,0.14285709971763003,0.14285715453820735
2573,93e8a6b217a0e8a2a9714397d43a13d0027f7adda295c8a87276291f97635947,Pest-Damage(513),4,0.9999999999999748,0.14285713564417182,0.14285713914029655,0.14285708940223085,0.1428571798191834,0.14285721504889967,0.1428570814558888,0.142857159489329
2574,9c644ded6443fef1c47e643b78668e73897c4e8e09ba0c4e3fa9262ad99b9358,Pest-Damage(513),4,0.9999999999999784,0.1428571361784031,0.14285713941375758,0.14285709338175367,0.14285717706763093,0.14285720967680174,0.14285708602846392,0.14285715825318906
2575,2147e00f1d305c1c4fd01fc1e3c9c4709de5f349fbdc690253cc6207fc8a555f,Pest-Damage(513),4,0.9999999999999993,0.142857142405407,0.14285714263368277,0.142857139449358,0.1428571452137377,0.14285714745156677,0.14285713893230834,0.14285714391393953
2576,a58c529ffb4485fe205197701306a6a631e5e6fe885a7e3ca682231473972174,Pest-Damage(513),4,0.9999999999999833,0.14285713702038422,0.14285713983407275,0.1428570997335379,0.1428571726757821,0.14285720111223307,0.14285709333803623,0.14285715628595375
2577,d54d8618786e972b07bbdf7b6cc35715a1aa047db528a52c9f6c478aa6a46a0a,Pest-Damage(513),4,0.9999999999999849,0.14285713733805858,0.14285714000647823,0.14285710200186505,0.1428571711069149,0.14285719803875557,0.14285709593579363,0.1428571555721341
2578,22260f9e619e30defe88ae890042cd83e18cee859dbbe32b578159d80eaeee57,Pest-Damage(513),5,0.9999999999999991,0.14285714345365727,0.14285714315405332,0.14285714735749988,0.14285713974530168,0.14285713678914394,0.14285714803745625,0.1428571414628876
2579,e9c5db8772b81f7d01ea2305058d389ffbfc0228f86872b7cc94622143b157a4,Pest-Damage(513),4,0.9999999999999901,0.14285713844742237,0.14285714057268822,0.14285711027241493,0.14285716538829368,0.14285718687510926,0.14285710544097766,0.14285715300309393
2580,8ac8a2c9af7d3a4fdee450a6d548a0668f2ad4af22d7cfa8f0e143dde504729b,Pest-Damage(513),4,0.9999999999999868,0.14285713767540156,0.1428571401762065,0.14285710453742997,0.1428571693537505,0.14285719461871513,0.14285709885228803,0.14285715478620836
2581,b1652b1bfbc944a32f93d54d14dadc8f770cc2a990b6301aa42c94166a9f365c,Pest-Damage(513),5,0.999999999999937,0.14285715438884994,0.14285714880642164,0.1428572282593554,0.14285708380464926,0.14285702751286025,0.14285724094791252,0.1428571162799509
2582,0a0a19724a8886debf8a2adc9f9f5431c6e9d7395ccdb6daa3965ea0dfbe8998,Pest-Damage(513),5,0.99999999999998,0.14285714924818357,0.14285714614864578,0.14285719024504098,0.14285711009043162,0.14285707886161225,0.14285719729065702,0.14285712811542886
2583,ff935a3a0294b25bb046b3f53933511aaae9f467975711630c3353387bd8959f,Pest-Damage(513),4,0.9999999999999974,0.14285714090861865,0.14285714184130185,0.14285712851435778,0.1428571527747963,0.1428571622391475,0.14285712639397175,0.14285714732780627
2584,cf6cbb1a07e640291a6937c970091cdb1396932fa4dd593286469ff9fb507159,Pest-Damage(513),4,0.9999999999999881,0.14285713797584518,0.14285714033227484,0.14285710675594943,0.14285716781976562,0.14285719162150906,0.142857101399188,0.1428571540954679
2585,2e3cb2acaad0aa725127801ee7a42c823c7d7ac58a02e57e2f7a81e08cebd723,Pest-Damage(513),4,0.9999999999999976,0.14285714103473718,0.14285714190590912,0.1428571294534209,0.14285715212549632,0.1428571609714534,0.14285712747293366,0.1428571470360494
2586,563f1380ec2e7cf8504bce391accf3b56bd8b09ccb2212e40f8b719eb28be9a9,Pest-Damage(513),5,0.9999999999999941,0.14285714619868095,0.14285714456874266,0.1428571677198969,0.14285712566591338,0.14285710929116724,0.14285717142524337,0.14285713513035542
2587,ef35138214147d7577902ba3586fff033ad0b6952f31a88c4db8196b04e07af0,Pest-Damage(513),5,0.9999999999999856,0.14285714826172025,0.1428571456397918,0.142857182926107,0.14285711515093988,0.14285708874531772,0.14285718888511123,0.14285713039101222
2588,13f45c7d775e0cc544df0fc4506894e973382d7a3502ed3d7e9ec7dacb37013f,Pest-Damage(513),4,0.9999999999999968,0.1428571405858203,0.14285714167410363,0.14285712612655493,0.14285715442582025,0.14285716546452415,0.14285712365224756,0.1428571480709292
2589,765923b9abeb3574da738754a9dc8fd1bd33bb13e4ba22177402387209d6a5d5,Pest-Damage(513),4,0.9999999999999954,0.14285713996288923,0.1428571413440155,0.14285712160861855,0.14285715755041153,0.1428571715774543,0.1428571184702072,0.14285714948640382
2590,2fe7755b462ffeb6406afadca882329f491a2673cf16aad1d34a3612aeae068f,Pest-Damage(513),5,0.9999999999998103,0.1428571629675594,0.14285715324316267,0.14285729169897285,0.1428570399382905,0.142856941820101,0.14285731380224193,0.14285709652967168
2591,b3a3d1f0f21a17627ce44e232ecf359dbedee7edfb6b41611a7b07ea1b0cf1a3,Pest-Damage(513),5,0.9999999999999083,0.1428571568231561,0.1428571500705864,0.14285724620424253,0.1428570713960037,0.14285700326674128,0.14285726155161704,0.14285711068765292
2592,bb84c7a66f254bb8f254753b0a6ddfac92c133427f4d19f157c55b28ae53196c,Pest-Damage(513),4,0.9999999999999925,0.1428571390710327,0.1428571408936728,0.1428571149135061,0.14285716217951014,0.14285718060918862,0.14285711077124072,0.1428571515618489
2593,ebfdeba2f62fb6ef4462c649160ae64a602bd761d70336c0790a8a7b9bc8ce45,Pest-Damage(513),5,0.9999999999999944,0.14285714604406455,0.1428571444951721,0.14285716651214553,0.14285712650071053,0.1428571109150328,0.14285717003260823,0.14285713550026624
2594,f206f68ea8e77ef6d5cf3a4032ccc3dec2dd5e8a2698572d1f358021c3bbf282,Pest-Damage(513),5,0.9999999999999908,0.14285714712330563,0.14285714505573943,0.1428571744663767,0.1428571210004572,0.14285710016750952,0.1428571791653303,0.14285713302128122
2595,f2af0ac48653e4a43c2ff8bcdca7a450d780adb088c2dea88e529054a08e4218,Pest-Damage(513),5,0.9999999999999447,0.14285715366688387,0.14285714844088937,0.14285722283565022,0.1428570875544426,0.14285703482929174,0.1428572347127497,0.14285711796009243
2596,43471b7f45431e96d37239fa5e47e930f3789b140287831774354bf9a95a6633,Pest-Damage(513),4,0.9999999999999944,0.14285713958564947,0.14285714116873524,0.14285711862289124,0.1428571596140098,0.1428571755874888,0.14285711502368023,0.14285715039754532
2597,7b2d2bec0ca602834df041005320e15c03c4d454799e0511cf9dab42c4242d19,Pest-Damage(513),4,0.9999999999999968,0.14285714056920354,0.14285714167532582,0.14285712591364594,0.142857154572732,0.14285716574134588,0.14285712339848494,0.14285714812926187
2598,3a2ad3e4fbc00193c0dadb7c115ece7e9720dd37577d69e2630a63f157b8d405,Pest-Damage(513),5,0.9999999999999986,0.1428571440657941,0.14285714347156775,0.14285715188042428,0.14285713661792782,0.14285713067913108,0.14285715323039364,0.14285714005476133
2599,f473b68e8c6e87557b7813f655c642fae3f3f397cc4582fadb8355adb15822d1,Pest-Damage(513),4,0.9999999999999919,0.14285713887503818,0.14285714079803352,0.14285711339897242,0.1428571632263121,0.14285718264751396,0.1428571090273947,0.14285715202673516
2600,b238f393d107b045ef7361ba8f2462ea81cc3f1ac5e164699bf4f46c12911650,Pest-Damage(513),5,0.9999999999999923,0.1428571467207881,0.14285714486074197,0.14285717136650586,0.1428571231434464,0.1428571043401064,0.14285717559318134,0.14285713397522978
2601,bc818d4e5e4055a4fc7056878b57ad7267acf3504d19a0cc7fc27d5c03f4c187,Pest-Damage(513),5,0.9999999999999873,0.14285714788979456,0.14285714545305678,0.14285718013532117,0.14285711708073756,0.14285709250988737,0.14285718567411945,0.1428571312570831
2602,864b08bfcac6b9c13a973e2837f4171d8b67ef72bc9aa83c3b874a3de774ffe1,Pest-Damage(513),5,0.9999999999999923,0.14285714671312663,0.14285714485649453,0.1428571712968695,0.14285712319127544,0.14285710443303032,0.1428571755145239,0.14285713399467967
2603,b7209014b8351e3a1123b7c5e88edca270be6ef0d86ea6a4d56d2f3512ec2dbd,Pest-Damage(513),4,0.9999999999999988,0.14285714179515846,0.1428571422986899,0.14285713508831366,0.14285714822932383,0.14285715336116372,0.1428571339440492,0.14285714528330123
2604,f371de17e1fabab58b7d32046526f77342460f8455b751eb91ff446122f8888b,Pest-Damage(513),4,0.9999999999999958,0.14285714015432535,0.1428571414685434,0.14285712277378496,0.14285715674358054,0.14285716997410758,0.14285711978536764,0.14285714910029046
2605,4155d93bac5435b7c7aa6509a22c9570795a41567e993d5b89df2d453f91fe7b,Pest-Damage(513),5,0.9999999999999916,0.14285714692990287,0.14285714495395985,0.14285717305505027,0.1428571219764504,0.14285710207613164,0.1428571775460264,0.14285713346247866
2606,9de3c2c87673fbe25b3aa43ff8507f7cb27aba1969d2d73cf0787328e74d5eb6,Pest-Damage(513),5,0.999999999999906,0.1428571569894206,0.1428571501640577,0.1428572473703234,0.14285707058957278,0.1428570016839666,0.1428572628833595,0.14285711031929943
2607,783ad00ed27e9b4e5836c73361c936bd83736f1adde8fd6d7d0480773fa88f1c,Pest-Damage(513),4,0.999999999999985,0.14285713733252509,0.14285714001127842,0.1428571018891778,0.14285717118455998,0.14285719818242504,0.14285709579926098,0.1428571556007727
2608,0278bb932df2ea1c489d9df1d909ab074a45777e3c9954e3ff3e7d699695dd39,Pest-Damage(513),4,0.9999999999999932,0.1428571392734686,0.1428571410054139,0.1428571163235373,0.1428571612038372,0.14285717869463482,0.1428571123853694,0.14285715111373873
2609,76f8c8fd3a04742cec74f2794c3cc15f86647e2f7a4d1e3d564dee94c94e9d13,Pest-Damage(513),5,0.9999999999999981,0.14285714445805708,0.14285714367054805,0.142857154821146,0.14285713458472876,0.1428571267115134,0.14285715661090317,0.14285713914310344
2610,10a54b9832f0357740027d7e64f7f8c0ba935231aa2e46e13ff45030ab13e808,Pest-Damage(513),4,0.9999999999999744,0.14285713555970206,0.14285713909767486,0.14285708875264425,0.14285718026799862,0.1428572159237082,0.14285708070989295,0.14285715968837906
2611,4083091f4cdefc987b4817651c2ec99d750f67476f0f3beb7643ce8009f330ee,Pest-Damage(513),5,0.9999999999999988,0.1428571438479773,0.14285714336282226,0.14285715023567067,0.14285713775512673,0.1428571328967342,0.14285715133775062,0.14285714056391827
2612,fab28d4b566a28686f9e2b5cc35641fc67c7984c3096bc82bf36ec90861d420e,Pest-Damage(513),5,0.9999999999999976,0.1428571447750154,0.1428571438615176,0.14285715690417525,0.1428571331432575,0.14285712386695618,0.1428571589784507,0.1428571384706274
2613,379f76115c38dec083d4b1e728f1052b5a6bdfe218de82ca75985d533de34924,Pest-Damage(513),5,0.9999999999999635,0.14285715160585089,0.14285714737836774,0.1428572075872126,0.14285709809862504,0.1428570554250879,0.1428572171965439,0.14285712270831197
2614,1232b68517402b5c81aa5dec6e839e810b6d98d71fd2c30828326cef92248d17,Pest-Damage(513),4,0.9999999999999988,0.14285714182335313,0.14285714232451166,0.14285713518112278,0.1428571481645269,0.14285715322224699,0.1428571340408815,0.142857145243357
2615,8d3f6ae8fe994caf4dbad54e1cdc616a83e9417655b66466dd326173e8df1b1b,Pest-Damage(513),4,0.9999999999999862,0.14285713753924265,0.14285714010908107,0.1428571035094774,0.14285717006463525,0.14285719600454413,0.14285709766805912,0.14285715510496033
2616,20606ef7544c0e09463943f68c64e43d306284fb2e720a648ba3d20ee0124a82,Pest-Damage(513),5,0.999999999999962,0.14285715179757658,0.14285714747192851,0.14285720904471205,0.14285709709074282,0.14285705346134137,0.1428572188763887,0.14285712225730993
2617,f2f8188087f36042393719845f37600ab82c7e6edba0b0674c5f68e21ae09620,Pest-Damage(513),5,0.9999999999999922,0.1428571467284844,0.14285714486279263,0.1428571714310611,0.14285712309866128,0.1428571042540552,0.14285717566978998,0.14285713395515542
2618,8862662d28941d87fd17576ffa64c24003711bac957e1b86a789413ead2e5dbf,Pest-Damage(513),4,0.9999999999999912,0.14285713869995428,0.14285714070948075,0.14285711209081817,0.14285716413089597,0.14285718441282277,0.1428571075228936,0.14285715243313443
2619,92ce988eecaac870fa98f2a38613ab47d351bc54873102122ede3e596f747fa4,Pest-Damage(513),5,0.9999999999999992,0.14285714294784865,0.1428571428985179,0.14285714357976154,0.1428571423576706,0.14285714188718143,0.14285714369213892,0.14285714263688096
2620,e7f6886953474f98b3acedbd942e96a0b3eceee41920f0191bab2741b15916c1,Pest-Damage(513),4,0.9999999999999817,0.14285713674764525,0.14285713971603456,0.14285709750227363,0.1428571742178302,0.14285720410067498,0.14285709075417222,0.14285715696136916
2621,88ed307a7ecb62b3b65c574dd65c1be278a327ffe772746d1096ed538411c856,Pest-Damage(513),5,0.9999999999998817,0.1428571587300914,0.14285715106753177,0.14285726021804868,0.14285706170581614,0.14285698432646338,0.1428572776343461,0.14285710631770257
2622,0914aa94f623c7d47951e373694f875bfd3bc4ded898ae94c4b465e0247dce4f,Pest-Damage(513),4,0.9999999999999989,0.14285714190665758,0.14285714236360805,0.1428571358391927,0.14285714770973698,0.1428571523382328,0.14285713480000828,0.14285714504256364
2623,9bb35b1fbe07b1f1a70b9d922d08adb54cb1f6552e2c395c0fe4399716d39ed3,Pest-Damage(513),4,0.9999999999999993,0.14285714264514437,0.142857142741293,0.14285714134138822,0.14285714390533008,0.14285714491086818,0.1428571411226063,0.14285714333336977
2624,98cc0419adb92ae9d12d174f5177f4abbab4985b9e885c29c78a2c81f8710aba,Pest-Damage(513),4,0.9999999999999937,0.14285713937445954,0.1428571410635309,0.14285711703366638,0.1428571607129742,0.142857177730655,0.1428571131941952,0.1428571508905188
2625,f565dbecbd4025715d90a6eea289ecc307a5ac69190dbebf5508a6b8c3724413,Pest-Damage(513),4,0.9999999999999986,0.14285714166627483,0.14285714223114312,0.14285713414276147,0.1428571488831533,0.1428571546393274,0.14285713285906107,0.1428571455782788
2626,d01735cdd73ce5bfa022cdce0f8c01122f39f4f819a65719dab2900be78c22be,Pest-Damage(513),5,0.9999999999999966,0.14285714517151207,0.14285714403699679,0.1428571601364033,0.14285713090982055,0.14285711953611627,0.1428571627162945,0.14285713749285647
2627,774cbcd98968da2f8e63fbe649ae8f7e370da433552bbc69bd2a0322b2cae1ba,Pest-Damage(513),4,0.9999999999999979,0.1428571411823398,0.14285714198375613,0.14285713053476973,0.14285715137780589,0.14285715950949157,0.14285712871308964,0.1428571466987473
2628,34dd3eb63aaf0b88d1d19191435f4600627285f911002f2b3c6051247d0f0a2b,Pest-Damage(513),4,0.9999999999999972,0.14285714081186493,0.14285714178948258,0.14285712783238655,0.14285715324676757,0.14285716316395025,0.1428571256113157,0.14285714754423243
2629,b00a5da73f0dd8e475073596d0d7ee7a248a0348237b5e9ea6fe641492115bb7,Pest-Damage(513),4,0.9999999999999901,0.1428571384304726,0.14285714056244614,0.1428571101664982,0.14285716546170715,0.142857187020324,0.1428571053203268,0.14285715303822513
2630,22b050c5c35bfbd7b42ca8d5a1ce04ccbe0eac1c814f96d48a0e57f108d88047,Pest-Damage(513),4,0.9999999999999972,0.14285714081906625,0.14285714178499723,0.14285712794893368,0.14285715316619005,0.14285716301434834,0.14285712575369328,0.14285714751277115
2631,c447d91021d25365e74770e210144c9f418fcacdcb3f78bb0ac405f51dbd9c82,Pest-Damage(513),4,0.9999999999999896,0.14285713832650307,0.1428571405088021,0.14285710940080046,0.14285716599124432,0.14285718805493658,0.14285710444059124,0.1428571532771222
2632,03214ab8cf1ebb5d8cfe2af1588ea84f5461f39969985b728509598ca7e1a2a2,Pest-Damage(513),4,0.9999999999999988,0.14285714186239684,0.14285714233911345,0.14285713553059812,0.14285714792325518,0.14285715275721073,0.14285713444686185,0.14285714514056388
2633,6b16332c474e2b0e7a504111a43dc16e86c713923f718edb1bb9ead4d1fe04e9,Pest-Damage(513),4,0.9999999999999942,0.14285713959391907,0.1428571411657105,0.1428571187632654,0.14285715951743622,0.14285717540703965,0.1428571151909449,0.14285715036168414
2634,ae08efc7f5479b9113eb2c39e3179ba97b855310187aae66c6b817cde810eaa4,Pest-Damage(513),4,0.9999999999999789,0.1428571362347103,0.14285713943625736,0.1428570938422181,0.1428571767490915,0.14285720906051003,0.14285708656460624,0.14285715811260652
2635,c33977e317920b2a75b1e7af5bde7d535d768c0e57f82149a1fabc361488a05a,Pest-Damage(513),4,0.9999999999999934,0.14285713932274324,0.1428571410188864,0.14285711681363303,0.1428571608656495,0.14285717804726888,0.1428571129584803,0.1428571509733387
2636,2941081127c54da6b7f829a65f38030996c96283f44ae0ddff031c662676cd0d,Pest-Damage(513),5,0.9999999999999415,0.14285715395087623,0.142857148576794,0.14285722506038115,0.14285708601696503,0.14285703183845438,0.14285723727636246,0.1428571172801667
2637,e5883bc2d89ee53d645aae8e01fcbb8ba07f42a0633376bb07ff0c68802fed8c,Pest-Damage(513),4,0.9999999999999942,0.14285713955974524,0.14285714114396292,0.14285711854723718,0.14285715966692833,0.1428571757032343,0.14285711494674047,0.14285715043215153
2638,8409bb56feac2f14c3012761767778b69f20674487d5ea229def927f024c2f9e,Pest-Damage(513),4,0.9999999999999992,0.1428571427752676,0.14285714281052042,0.14285714227274712,0.14285714326099266,0.14285714364943167,0.14285714219125922,0.14285714303978128
2639,85054634effc366d0716c0cc6430e56f9023b0ace45b66666a37717c3b790d79,Pest-Damage(513),4,0.9999999999999909,0.14285713859490037,0.1428571406489771,0.14285711137171192,0.14285716462835624,0.14285718539102749,0.14285710670280186,0.14285715266222504
2640,59466489f44ea7373c3eb5ebc60aae4151ecc7ae10b8ef1378b2d5d5bcc9cd2f,Pest-Damage(513),5,0.9999999999999225,0.14285715567883822,0.1428571494815853,0.1428572377354617,0.14285707725220143,0.1428570147049478,0.14285725182207729,0.1428571133248883
2641,28c181a48ead6e759d96a30e2ec198458895861fa88d749cf3447db496c35b2e,Pest-Damage(513),4,0.9999999999999983,0.14285714137576155,0.14285714208184608,0.14285713198961134,0.1428571503720419,0.14285715754702927,0.1428571303852095,0.14285714624850024
2642,64d3c9b23fde9895e910ef481f73532bf63c70042a69202c8312412fe85ba1f5,Pest-Damage(513),5,0.9999999999999807,0.14285714913749703,0.14285714608795916,0.14285718946935758,0.14285711062714285,0.1428570799142452,0.14285719640234323,0.14285712836145503
2643,0dfb6ec48d500a88385a09e88335522dc1c69c3a887af70c416cb84d91c77d87,Pest-Damage(513),4,0.9999999999999855,0.14285713743136047,0.14285714004740407,0.14285710276803512,0.14285717057755243,0.14285719701273455,0.14285709682196623,0.14285715534094726
2644,5902773724053cfe90eced571d492babd98df0e3a9f6588ea8ea673d059bca7a,Pest-Damage(513),4,0.9999999999999979,0.14285714110226427,0.14285714193666552,0.14285712999623232,0.14285715175040267,0.14285716024329162,0.14285712809986953,0.14285714687127415
2645,b72ee4d0637ad2f5c3009d4c98f16956d3047a46ab6970787e30e1c99b41d1de,Pest-Damage(513),4,0.9999999999999989,0.14285714222259532,0.14285714253409085,0.1428571381013044,0.1428571461451368,0.14285714927401655,0.1428571373917796,0.14285714433107644
2646,327c2760561a6ae6ef1db5dae8af182ea29c2225d1fe40905a5dc1e90ab92f90,Pest-Damage(513),4,0.9999999999999908,0.14285713860385146,0.1428571406518894,0.1428571114554537,0.1428571645705428,0.1428571852799823,0.14285710680046942,0.1428571526378109
2647,d5d93b19fe65765015c9a0bd8438478d1d93439182136d4476c0a3ac2c20010f,Pest-Damage(513),5,0.9999999999999984,0.14285714420440512,0.14285714353834722,0.1428571529617163,0.1428571358706332,0.14285712922499838,0.1428571544760287,0.14285713972387099
2648,55f18e3945647e8240efe04be0cc35cc5e05c8ebe13061a39ee20629296c52bb,Pest-Damage(513),4,0.9999999999999672,0.14285713458772736,0.14285713858923846,0.14285708161636534,0.14285718520264512,0.1428572255694682,0.14285707252007782,0.1428571619144776
2649,3147b6a1888455300465cec3a27cb4d0e2bf0f65aebdd7bc09c7d79add06407d,Pest-Damage(513),5,0.999999999999928,0.14285715520971598,0.14285714923208429,0.1428572343316332,0.1428570796060958,0.14285701931052333,0.14285724791943705,0.14285711439051044
2650,a90ea7a74679d87823b45a2b389b316601778d28668f98d73e34aa8697d62869,Pest-Damage(513),4,0.9999999999999934,0.1428571393649044,0.142857141056155,0.1428571169861588,0.14285716074592386,0.14285717779755372,0.1428571131418708,0.14285715090743356
2651,2cbbcfb2b3a102f1f67c55f5dbe08cf6d435fc143c4f6b36afd888371be57b5a,Pest-Damage(513),4,0.999999999999973,0.14285713535724628,0.14285713898213723,0.14285708736293626,0.14285718122944605,0.14285721781357363,0.14285707912362053,0.14285716013104005
2652,550b2de83171a9069b82f0d1adde8c89ffc37e6bbe68a12cef247cc97198bd8a,Pest-Damage(513),5,0.999999999999994,0.1428571462035951,0.14285714458686344,0.14285716762741693,0.1428571257296654,0.14285710940033156,0.1428571713034213,0.1428571351487063
2653,224e2872b41eb4d8efbeeb9ad05ea4d43e2388e5550ed3ff27b03b7c7becf054,Pest-Damage(513),4,0.9999999999999653,0.14285713434198144,0.14285713846048964,0.1428570798172258,0.14285718644680276,0.14285722800177944,0.14285707045528726,0.1428571624764335
2654,7129f1d8489c06dee6a0f62709c864b9f9b645619e42b279e08b7bd712dcb7f6,Pest-Damage(513),5,0.9999999999999992,0.1428571428378682,0.14285714282824397,0.1428571428954091,0.14285714283143505,0.1428571428268237,0.1428571429184291,0.14285714286179102
2655,71683d5da00accc440aa129d5c05da789c142d295923c2ab5bc577d0d044d2d7,Pest-Damage(513),4,0.9999999999999958,0.14285714011463874,0.14285714143119999,0.14285712263670944,0.1428571568389377,0.14285717017785984,0.14285711964364656,0.14285714915700773
2656,d2d07ae0dcec45211d7c3e4268eb71bbf8058879ac018542891662ee6f6f2a19,Pest-Damage(513),4,0.9999999999999865,0.14285713763584,0.1428571401535279,0.142857104272801,0.14285716953696173,0.1428571949793419,0.14285709854996137,0.1428571548715661
2657,f2af5141f08cb7536df09769ec37601557a8564b3ca155a6c68785312bad66e0,Pest-Damage(513),4,0.9999999999999821,0.14285713678509443,0.14285713971437902,0.1428570979732552,0.14285717389285044,0.14285720348763867,0.1428570913147775,0.14285715683200478
2658,34d0831b0433a47730016d35cbbb63620dffab36707de9be8c5eb2162ab2d4ae,Pest-Damage(513),5,0.9999999999999277,0.142857155207336,0.14285714922628867,0.14285723436521225,0.14285707958321264,0.14285701927104308,0.14285724796169458,0.14285711438521279
2659,95aa01a5a88005f3a523d39486abceb2da1f34019fa2b0f0184d5e5b72db90c4,Pest-Damage(513),5,0.9999999999999992,0.14285714304779393,0.1428571429505963,0.14285714432555968,0.14285714184218454,0.14285714088028892,0.1428571445475572,0.1428571424060195
2660,34f3ad9d091f79d93b32c201f1ca8e14830f20eb80719725dc6aa802a29e843f,Pest-Damage(513),5,0.9999999999999738,0.14285715025366277,0.14285714667744454,0.14285719761700336,0.1428571049930495,0.14285706889573638,0.14285720574723068,0.14285712581587284
2661,eb68b6a6c9c356277ffd1e370a6ca0eef174bea1231acb5f10df3f62d1c099c7,Pest-Damage(513),5,0.9999999999999442,0.14285715369829463,0.14285714843924338,0.14285722326227637,0.14285708726064583,0.14285703427543628,0.14285723521751215,0.1428571178465915
2662,1964d3a2e113cd2a2bfcdf8bb495da14103c3ff5cb848d51b92009243a4b5249,Pest-Damage(513),4,0.9999999999999684,0.1428571347417751,0.1428571386665505,0.14285708277717266,0.142857184400063,0.14285722400405865,0.14285707385537547,0.1428571615550046
2663,b9ebe6a6811ab1206d9150f9d8caafdbbb7d602dd2d296368ed36cf2a4b28b55,Pest-Damage(513),5,0.9999999999999988,0.14285714388035523,0.14285714339980407,0.14285715030415433,0.14285713770744268,0.14285713278340942,0.1428571513963503,0.142857140528484
2664,6af742a595703592c4cfa1117b2a39465e489f15682ad666bb77f63f1cc4ef3d,Pest-Damage(513),4,0.9999999999999888,0.14285713812160047,0.14285714040909764,0.1428571078228581,0.14285716708203278,0.14285719017902784,0.14285710262292772,0.14285715376245553
2665,7c4271355e67467f2027cce315097b67c727dcfbf8501e4c82308cbaf672f84a,Pest-Damage(513),5,0.9999999999999957,0.1428571455932042,0.1428571442626693,0.142857163190535,0.14285712879785717,0.1428571154028771,0.14285716621618808,0.14285713653666912
2666,a473f02f960ee514700e1c6076cdb76a7cca6f53eb79d7beb636748230e82f33,Pest-Damage(513),5,0.9999999999999697,0.14285715079306785,0.14285714693598167,0.14285720180080466,0.1428571021008973,0.14285706326745035,0.1428572105706917,0.14285712453110644
2667,46abedd96804a048ef40ad49734bd516e649d96effee435463c91ee27f3eb083,Pest-Damage(513),4,0.9999999999999891,0.1428571382017332,0.14285714045081133,0.14285710841757274,0.14285716667089188,0.1428571893758497,0.14285710330533705,0.14285715357780404
2668,399c4e71d1487df5557843c24a9c2a114209731ffacf78dedc2ba1395a4c6817,Pest-Damage(513),4,0.9999999999999942,0.14285713951502185,0.14285714113362571,0.14285711809590415,0.14285715997852763,0.1428571762985123,0.14285711441659765,0.1428571505618109
2669,72785c31f1c2cdfa881defe0cbce2b74f4d09af2ec92b49385768179177e80f3,Pest-Damage(513),4,0.9999999999999993,0.14285714274150554,0.14285714277763467,0.1428571421767464,0.14285714332810978,0.14285714379714468,0.14285714209472497,0.1428571430841339
2670,a79774c2f51904b62cdd68d4aea6fbc91f59b5fa956394cd55867e3c21e7bbc8,Pest-Damage(513),4,0.9999999999999636,0.14285713412712456,0.14285713834676042,0.14285707825236513,0.14285718752893867,0.14285723011844786,0.14285706866065392,0.1428571629657095
2671,7a95b5696aa4eca64d7502cd337e1b931fbdf0432af2b57b95a157312624accf,Pest-Damage(513),4,0.9999999999999976,0.14285714092800023,0.14285714185703915,0.14285712860193198,0.14285715271398347,0.14285716211429167,0.14285712648937895,0.1428571472953747
2672,09372430c4484b8cc46a5bf9fb1beb03cdc031d24d24e3c295e4a80d730f9459,Pest-Damage(513),4,0.9999999999999832,0.1428571370145938,0.1428571398417458,0.1428570995936501,0.14285717277218293,0.1428572012896332,0.14285709316729928,0.1428571563208949
2673,c5dfa39af205fa89a2c6c00f07199522bf4e4ceefc3ae9a6cfb5c3d813455efb,Pest-Damage(513),4,0.9999999999999654,0.14285713435355193,0.14285713846134454,0.14285707994970726,0.14285718635536546,0.14285722782842084,0.1428570706122671,0.14285716243934296
2674,32b4aaf74829ffa75387f75c3f2fa274df162f8cf7bec1bf65215f0b4393173d,Pest-Damage(513),4,0.9999999999999859,0.14285713748958895,0.14285714007585007,0.14285710321577874,0.14285717026804565,0.14285719640992173,0.1428570973376021,0.1428571552032127
2675,e030540f2c816d3fbb209949fecd97bdfd78ebd1f6cc0f2c9158d513b2783c8c,Pest-Damage(513),5,0.9999999999999951,0.14285714582222012,0.14285714437696873,0.14285716491767483,0.14285712760363561,0.14285711307400223,0.14285716820384556,0.14285713600165295
2676,58f4cfcd2a19a29426b16d01396a29fb735dd447653ce355c8a6ce2ceab79f6b,Pest-Damage(513),4,0.9999999999999936,0.14285713938160427,0.14285714106763478,0.1428571170751681,0.14285716068410162,0.14285717767343556,0.1428571132419872,0.14285715087606843
2677,102d3eefeb8f905f4d37e67eb7f72603ca1e6c63bef493cd353e4c98533b757e,Pest-Damage(513),5,0.9999999999999879,0.14285714780424502,0.14285714541314196,0.14285717946830861,0.1428571175419167,0.14285709340672675,0.1428571849036895,0.14285713146197154
2678,0cfbc5ec19eaab2bf0055b6ce09791bd6fe6e49f04b3517cda1820185a650586,Pest-Damage(513),4,0.9999999999999771,0.14285713598492977,0.14285713930322802,0.14285709203279698,0.14285717800041553,0.14285721150909053,0.14285708449012485,0.14285715867941426
2679,594404e35f31fbeffd0eda11647a0db50467b71b1c47eb27995114bdf5082124,Pest-Damage(513),4,0.9999999999999806,0.14285713652706397,0.14285713957665236,0.14285709611083466,0.14285717518092034,0.142857206008665,0.14285708917956544,0.14285715741629829
2680,6a564ead81dc9e5fd559ce6d7a7731d094bcaecf9925045d5457c43431f868b3,Pest-Damage(513),4,0.9999999999999957,0.14285714010623551,0.14285714142788913,0.1428571225746611,0.14285715688201453,0.14285717026148015,0.1428571195707737,0.14285714917694578
2681,5c14ffd6ce4941ff4c6b5ec0c6e9efe194963a3298008dd5c3ee83367c4dbf0a,Pest-Damage(513),4,0.9999999999999751,0.1428571356726622,0.1428571391461642,0.14285708968330138,0.1428571796248831,0.14285721467791695,0.1428570817877469,0.14285715940732524
2682,7b7fd1a4069851204e8cfe8ea82b24216e21b2cd5e4122d27333e6a24305342d,Pest-Damage(513),5,0.9999999999999271,0.14285715527881263,0.1428571492685642,0.14285723483294688,0.14285707925937374,0.14285701863226094,0.14285724849463755,0.142857114233404
2683,dccf006affaceaa65ea4e58cba861779fcdcb4c538d2e6393b814ca9678bc8dd,Pest-Damage(513),4,0.9999999999999871,0.14285713775026668,0.14285714021173,0.14285710513013128,0.14285716894422523,0.14285719382255463,0.14285709953529477,0.14285715460579754
2684,e3db9073657628fe353e806328651677e1cbf196f754d0afcec20a8adf1949f7,Pest-Damage(513),5,0.9999999999999987,0.14285714395425347,0.14285714342291198,0.14285715097771096,0.14285713724193033,0.14285713188908036,0.1428571521848887,0.14285714032922417
2685,bbee5f9ad625b6db561f087a43c6f53c47954837aa08b45d8d20fcdba095cdce,Pest-Damage(513),4,0.9999999999999765,0.14285713587084098,0.14285713924275104,0.14285709120840256,0.14285717857062788,0.14285721262483203,0.14285708354438081,0.1428571589381647
2686,c28a95d2ef4f3592c34cc3a6a88fb9a1683c96be015cf520da3872a602ca6a1e,Pest-Damage(513),4,0.9999999999999944,0.14285713960159274,0.14285714116497128,0.14285711886046493,0.14285715945031652,0.1428571752806096,0.14285711530718617,0.14285715033485893
2687,2c8e1c2cadc74411f5563cb9f0086dc3d9ed9a1321fba3c9222bc15d1b3fe499,Pest-Damage(513),4,0.9999999999999563,0.14285713326718383,0.14285713790611396,0.14285707186379018,0.14285719194646765,0.14285723874431291,0.1428570613195795,0.14285716495255193
2688,3b69066c74056a9fe3a5c891f8e784698ce45710f8a81fd2d4ec49fb9a6a8008,Pest-Damage(513),5,0.9999999999999982,0.14285714432645652,0.1428571435998493,0.14285715388918954,0.14285713522957708,0.14285712797491565,0.14285715554200418,0.14285713943800782
2689,78e3df749a7d4591dca3990997380bf3199799b76da5cace9d3460c7a317e3dc,Pest-Damage(513),5,0.9999999999999751,0.14285715003993615,0.14285714655874246,0.14285719610364817,0.14285710603957658,0.14285707094817154,0.14285720401752086,0.14285712629240438
2690,b35e507a1d7bfd8376c3f3684aff2d5fbfc487bb6061d0d371a00e15fca7e729,Pest-Damage(513),5,0.9999999999999881,0.14285714775519517,0.14285714538538416,0.14285717914339566,0.14285711776699425,0.14285709384965747,0.14285718453174479,0.14285713156762858
2691,ba935dbda653a6418b794d7ecd4c6caab13ac20cfb967270429464c0ac0e22d0,Pest-Damage(513),4,0.9999999999999574,0.14285713337186984,0.14285713796087396,0.14285707263435204,0.14285719141367523,0.14285723770295178,0.14285706220376898,0.1428571647125083
2692,3f5a91b98814fce1c3eaecbf22b9ec3dc959f979921176e03dcad101a443d91f,Pest-Damage(513),4,0.999999999999982,0.1428571367824973,0.14285713972181513,0.14285709787833792,0.1428571739582951,0.14285720360670814,0.14285709119720277,0.1428571568551436
2693,c07593fcfb06e761269d39b711b51e6c6995b1c72f73d6d1b95b2296719cea6f,Pest-Damage(513),4,0.999999999999991,0.14285713864683508,0.1428571406802415,0.14285711172239343,0.14285716438587823,0.14285718491317329,0.14285710710090105,0.14285715255057757
2694,9d243d77c3f893eb7d2756ff2a0c5631904a6c02c04dd4eec3c24aed65ba6b0d,Pest-Damage(513),4,0.9999999999999751,0.1428571356788743,0.14285713915076406,0.14285708972189876,0.1428571795982578,0.142857214624786,0.14285708183041837,0.1428571593950006
2695,d4c96f64f3c429c51abcfedcec29f11c956a6e6e0cc63e0f293ce7d7ec497c0f,Pest-Damage(513),4,0.9999999999999967,0.1428571405727051,0.14285714166982147,0.14285712602927617,0.14285715449347594,0.14285716559535583,0.1428571235366779,0.1428571481026876
2696,7ee80d68debd5459c5c6f9b6548b9de00a0fb55c2541633a975955a1cc4f4116,Pest-Damage(513),4,0.9999999999999992,0.14285714245892694,0.14285714265384086,0.14285713989611587,0.1428571449046763,0.1428571468546328,0.1428571394536462,0.14285714377816097
2697,93b562879da2e985455c8568f418aed06fd07213272006575e156c9f198c6d9a,Pest-Damage(513),4,0.9999999999999926,0.14285713912109319,0.14285714092575896,0.14285711523262726,0.14285716195877363,0.14285718017185495,0.14285711113149702,0.14285715145839495
2698,9485eb804ca4fd8f8d85c7311c4b211ce7eb3946c5e086c7e5a965fc2151ec11,Pest-Damage(513),4,0.9999999999999623,0.142857133946097,0.14285713825966792,0.1428570768612635,0.14285718849078713,0.14285723199107744,0.14285706705645834,0.1428571633946487
2699,a300b680520a9110d58b26eaa3c1ae1990cd4031451aa86f6d9627c925f05033,Pest-Damage(513),4,0.9999999999999784,0.1428571361533746,0.1428571393962159,0.14285709322679507,0.14285717717466956,0.14285720989003584,0.14285708585563453,0.14285715830327458
2700,927e185bd175f42dec4e556b89036bd34a48848519f7fd690e14b23d0c5234ab,Pest-Damage(513),4,0.999999999999991,0.14285713870371994,0.14285714071832273,0.14285711205296736,0.1428571641567951,0.14285718445613244,0.14285710747310032,0.1428571524389621
2701,9e3b81f1d5ef0a196954d028fc68c53291c7033749374f8e55b7fc960a14a6ee,Pest-Damage(513),4,0.9999999999999823,0.14285713681847823,0.14285713974321745,0.1428570981111597,0.14285717379705917,0.14285720328841073,0.14285709146245215,0.14285715677922278
2702,0cec735ae21e9c2a6574958d664683e16876541b798c19f438e7cf4a251e2280,Pest-Damage(513),5,0.9999999999999986,0.14285714409806252,0.14285714350599157,0.1428571519668597,0.14285713655781018,0.14285713054393576,0.14285715331225246,0.14285714001508773
2703,36e7bdb55d017f7779d257595b761f4aff1e3be24dd83aa70c8f9710405aa460,Pest-Damage(513),4,0.99999999999997,0.14285713495374036,0.1428571387807723,0.14285708430501676,0.14285718334352,0.14285722193547087,0.14285707560545502,0.14285716107602472
2704,5996dc64ed731c2b44df33012ccfc4c1895090076e6485fdfdd0dc35fedb1475,Pest-Damage(513),5,0.9999999999999925,0.14285714665111734,0.14285714482546155,0.14285717084414953,0.14285712350459695,0.14285710504490057,0.14285717499262243,0.1428571341371515
2705,783a7dd3930b95e8ecb446aa36f2ba312f5ea30f421bc846697580bec88a2e07,Pest-Damage(513),4,0.9999999999999748,0.14285713563094873,0.14285713912410086,0.1428570893872533,0.14285717982977122,0.1428572150791162,0.14285708144769663,0.14285715950111297
2706,c0b26f00287c173e6ca3d68ce691c4486ece736bbb7cf0353b692eeb0c5ab859,Pest-Damage(513),4,0.9999999999999631,0.14285713407760298,0.14285713833285515,0.14285707778649614,0.14285718785086293,0.14285723073562995,0.1428570681141079,0.14285716310244478
2707,fd72fea390a2d301d015ecaf524543be7782066172c4026cbc39f071a665c466,Pest-Damage(513),4,0.9999999999999752,0.14285713569204178,0.1428571391545394,0.14285708984749176,0.14285717951152233,0.14285721445849534,0.14285708197747704,0.14285715935843246
2708,deaf990ac693f98a777ab938e314ceaded3bd4c7b1bdf807bc3749ca59125051,Pest-Damage(513),4,0.9999999999999823,0.14285713682151152,0.1428571397414397,0.14285709816975423,0.14285717375677137,0.14285720321345619,0.1428570915325102,0.14285715676455674
2709,5f4c12ee1731ce2719e1366911737af6d6ef330ebba73c66c876b028d65d9512,Pest-Damage(513),5,0.9999999999999919,0.14285714678956205,0.14285714487205145,0.14285717211142263,0.14285712262940814,0.14285710336180227,0.1428571764705754,0.14285713376517806
2710,28eee6cd910fcd7dde9a50ee45d62a0e52678159f8cf165397446625ef4467e6,Pest-Damage(513),4,0.9999999999999609,0.14285713380785886,0.14285713819968507,0.1428570757230228,0.14285718927726515,0.14285723351496352,0.14285706573913537,0.14285716373806936
2711,1b20722b1647da916ab7ac6b07e3674defd7f9373626a19fe13b578ef94a08ed,Pest-Damage(513),4,0.9999999999999886,0.14285713809558956,0.14285714039690423,0.14285710762562953,0.14285716721850628,0.14285719044467432,0.14285710239479749,0.14285715382389874
2712,06513b563bea71b2e60a7cdd0e80ea3b55f006b8171463cd689a249b5f12f0c2,Pest-Damage(513),5,0.9999999999999607,0.14285715192127427,0.14285714752591583,0.14285721006691707,0.14285709638457006,0.1428570520930307,0.14285722005864798,0.142857121949644
2713,0c7e99e6bc68f2cd7390b1c00cfb72bdf8de2a01f7a96b9c22da273ce75396a9,Pest-Damage(513),4,0.9999999999999943,0.14285713967127028,0.14285714122964152,0.1428571191209524,0.1428571592694665,0.14285717489809732,0.14285711557880812,0.14285715023176385
2714,93b588aef8570a14afdfc7c6b4ef2667fdf8f25574813cc9d0fe1b18764a8cdf,Pest-Damage(513),5,0.9999999999999925,0.14285714667942798,0.14285714483167267,0.1428571711505634,0.1428571232934084,0.14285710464205204,0.1428571753511128,0.1428571340517627
2715,4f42fe743dc4985ddc33c8c609f320ca52897e3aebbb151eaecc252b18502ae0,Pest-Damage(513),5,0.9999999999998622,0.14285715997940487,0.14285715170246147,0.14285726954957537,0.142857055253525,0.14285697173300532,0.14285728836189734,0.14285710342013055
2716,3a9d02be406fa008c42dfe399731f94e3bb042f76754b8903df9f7b1dc928657,Pest-Damage(513),4,0.9999999999999974,0.142857140938718,0.14285714187145646,0.14285712860110694,0.1428571527143003,0.14285716210579702,0.14285712647998344,0.14285714728863783
2717,f729be1ae7c610038d47bbfdb4e0960a79ceea37c36b019296db2f69d19cffef,Pest-Damage(513),5,0.9999999999999903,0.14285714726788248,0.14285714514183825,0.14285717543830123,0.1428571203281822,0.14285709884287756,0.14285718027037736,0.14285713271054085
2718,6f0dbdbf42c4e5222e1b1218fdf9a2263e30b99d8ad3b787c6542776b2aae653,Pest-Damage(513),5,0.9999999999999949,0.1428571459771145,0.14285714447940565,0.14285716584252184,0.1428571269631062,0.14285711179870156,0.14285716924594072,0.14285713569320962
2719,e50e0b6e25b1dec590a430e127fba7d18039b499781e2b5f953bd879dfa93ec5,Pest-Damage(513),4,0.9999999999999668,0.14285713454241325,0.1428571385746522,0.142857081204418,0.1428571854873079,0.14285722611661686,0.14285707203835935,0.14285716203623255
2720,d72c503caab0e10565b28bb64e22b3265a6e48b9c571bbd509889a1086ff6500,Pest-Damage(513),4,0.9999999999999974,0.14285714092045118,0.14285714185835083,0.14285712849898624,0.142857152785023,0.14285716224767916,0.1428571263661914,0.14285714732331828
2721,d7382064a7011959cf9387fe59e0f37f2b7726ff19b02d0e491577ad0a93a92d,Pest-Damage(513),4,0.999999999999999,0.1428571422115272,0.14285714251898857,0.1428571381159927,0.14285714613550532,0.14285714926542034,0.1428571374167644,0.14285714433580138
2722,ff5bd2791de5b93e97d502e65688cc940261f1ffe34a32a03b4fd8ebdd99b7b6,Pest-Damage(513),5,0.9999999999999809,0.14285714912908604,0.1428571460926518,0.1428571893110891,0.14285711073602278,0.14285708011682327,0.1428571962129434,0.1428571284013835
2723,8317b51c43c338816fd2d70007e8bf673255cec6f016c3b1dd61742fa517ebfa,Pest-Damage(513),4,0.9999999999999915,0.14285713874092287,0.14285714073045425,0.14285711240036775,0.1428571639169656,0.1428571839952998,0.1428571078782634,0.1428571523377264
2724,bcba90e723d8785cc7523d74b46611b86142596928a7bc28379cd04339d69668,Pest-Damage(513),5,0.9999999999999988,0.14285714383542727,0.14285714336168445,0.1428571500902244,0.14285713785546134,0.1428571330869334,0.14285715116590444,0.1428571406043646
2725,99ad89f9b9cdbdfd03272ba0d8576c0dbd129aa1f9cb2a39a337ca6bbc6d257e,Pest-Damage(513),4,0.9999999999999983,0.14285714142966852,0.14285714211355152,0.14285713234415726,0.14285715012657352,0.14285715706306326,0.14285713078936516,0.14285714613362088
2726,0b88a03e68e41e6c7e5ea299407c4b9260798fb7dc9f2344988ce75d86f452e1,Pest-Damage(513),5,0.9999999999999992,0.14285714305263353,0.14285714295127938,0.14285714435966884,0.14285714181827783,0.14285714083441794,0.14285714458966067,0.14285714239406175
2727,61ffed984058daa8dd6713c8bd305bbe70d2dae6e489ed3db672652a5aa51f75,Pest-Damage(513),5,0.9999999999999457,0.14285715357722437,0.14285714840549962,0.14285722208150942,0.14285708807576689,0.14285703583680223,0.14285723383568727,0.14285711818751026
2728,ec22e4933574b786b81966aea1f93d25593991e07350dd9d107be87377315659,Pest-Damage(513),4,0.9999999999999936,0.1428571393458815,0.1428571410463149,0.14285711682980062,0.1428571608537114,0.1428571780072488,0.14285711296335019,0.14285715095369278
2729,1b0b6b389e184a744defb4afdea335989bab78d987814f9bfa5c0c060b871a5f,Pest-Damage(513),5,0.9999999999999675,0.14285715109401112,0.14285714711834296,0.14285720375359245,0.14285710074918365,0.14285706059773717,0.1428572127899386,0.14285712389719396
2730,640eb79cbd747b70576df62a65c1661149de261b58b3b6a48e6c20fd85826814,Pest-Damage(513),5,0.9999999999999439,0.1428571537322297,0.1428571484747796,0.14285722334300344,0.14285708720415713,0.14285703414618262,0.1428572352936139,0.14285711780603355
2731,915a1e721c2961f36e9dfe3a054c699a2f5f3928b97bb09b8d599d948feb8883,Pest-Damage(513),4,0.9999999999999885,0.1428571380700816,0.14285714038099062,0.14285710745752198,0.14285716733475085,0.14285719067428929,0.1428571022045873,0.14285715387777823
2732,da46b4c8aa763fd11341ffa6ce682e21fd59c65e09d6a97c39df1b192fdf7f1c,Pest-Damage(513),4,0.9999999999999708,0.14285713504329567,0.1428571388304807,0.14285708493651164,0.14285718290676586,0.14285722107877505,0.14285707632743908,0.14285716087673203
2733,69d866adbc2438c7a312dd5b90e7d1a5e0a8c754678010370a474ee910e0410e,Pest-Damage(513),4,0.9999999999999953,0.1428571399451833,0.14285714135663047,0.1428571212687342,0.14285715778455063,0.14285717201179712,0.14285711805998866,0.14285714957311563
2734,1a4f41cbf61297197d6965df2513c1a92eeb598255700f2af0fb535d83faa8e6,Pest-Damage(513),5,0.9999999999999339,0.14285715465447496,0.1428571489472994,0.14285723020271998,0.14285708246100387,0.14285702488502372,0.14285724317561638,0.14285711567386156
2735,85f0758b698418adc3b7a934935567e34459688bef2eec7a1773105ff538ae5f,Pest-Damage(513),4,0.9999999999999839,0.14285713712707135,0.14285713990906987,0.14285710033063195,0.1428571722620763,0.1428572002829919,0.142857094005729,0.14285715608242958
2736,c4648218e93e15810f1efc56d79a2d2ea35e8eaa93e83e32788a2d9b1be9d12f,Pest-Damage(513),4,0.9999999999999988,0.14285714182924833,0.14285714232929891,0.142857135210399,0.14285714814426873,0.14285715318093567,0.1428571340727502,0.14285714523309914
2737,f21dce3105f672be3652db5f491a3e3f68b1c086b1891cdb7a79183bc9d40745,Pest-Damage(513),4,0.9999999999999766,0.1428571359283971,0.14285713928530544,0.14285709150841258,0.14285717836260467,0.1428572122047702,0.14285708387742144,0.14285715883308855
2738,3f0982a44d1e41e29539de68361616165186d6871f0747aa89f851db6531a07f,Pest-Damage(513),4,0.9999999999999984,0.14285714153136764,0.14285714216583392,0.14285713309335993,0.14285714960840776,0.1428571560508799,0.14285713165044797,0.14285714589970278
2739,b312ddde4033de4c9b7cf0dcb71a361e08fb590f599aefd0bb75a3d10e6f6f64,Pest-Damage(513),5,0.9999999999999993,0.14285714324382356,0.14285714306951844,0.14285714558693952,0.1428571409688521,0.14285713915465126,0.14285714598144128,0.1428571419947739
2740,ca1e5a288b301db2e66cdeaa5a91fe323c92a4b2b414d35031dcef49a2d4df10,Pest-Damage(513),4,0.999999999999995,0.1428571398636799,0.14285714131089103,0.14285712070124632,0.14285715817710837,0.14285717278253682,0.14285711741151552,0.142857149753022
2741,5f7debcea9dbf7ccf3ff487e94133e30f91031b25d6a2d23cb0ca0cd3ac763ad,Pest-Damage(513),4,0.999999999999993,0.14285713917898762,0.14285714096627045,0.14285711554591593,0.14285716174143778,0.1428571797354009,0.1428571114825136,0.14285715134947366
2742,37fdc2dc0747ec957a30a3f192010fbb2c11ed20020e313a42ec181d0dde444e,Pest-Damage(513),5,0.9999999999999978,0.1428571445685882,0.14285714374490419,0.14285715548137848,0.14285713412767312,0.1428571258008884,0.1428571573528839,0.14285713892368368
2743,2d3c988c2c7cc34589939118eb147e3eb18e4e4f496d567ea33d339076de5f83,Pest-Damage(513),4,0.9999999999999793,0.14285713633865793,0.14285713950484832,0.14285709447731332,0.14285717630952363,0.1428572081866463,0.1428570872798317,0.14285715790317885
2744,7971973c02a0e4fc705a3fe84814b885ad97b5537565b713e37d1bdf275f02ad,Pest-Damage(513),4,0.9999999999999634,0.1428571341060304,0.14285713835291894,0.14285707794961644,0.14285718773794462,0.14285723050964802,0.14285706829624947,0.14285716304759213
2745,f782ef4cf456cb99a7c283d563571e75787152e8548fac3e023eaf03c3495a26,Pest-Damage(513),4,0.9999999999999449,0.142857132090089,0.14285713731608088,0.14285706300431267,0.14285719807226702,0.14285725069256452,0.14285705112651867,0.14285716769816748
2746,1c9db63c95f94122e4cd645decbb944c60b115a488cd400ea7c506fc261d6ce8,Pest-Damage(513),4,0.9999999999999768,0.14285713597684768,0.14285713931261632,0.14285709185020623,0.1428571781262746,0.1428572117410379,0.14285708426755436,0.14285715872546276
2747,103166643f4b65be7718e9f71eb13ddb1cbc663a5f52eea6917f2da67b2abd6f,Pest-Damage(513),4,0.9999999999999521,0.14285713283800858,0.1428571376971927,0.1428570685647776,0.14285719422709123,0.1428572431857354,0.14285705751907746,0.14285716596811712
2748,38518d60043d3fda53b27c6088004b7e35efa6ebfe71b4cb03a869aa3595ab72,Pest-Damage(513),4,0.9999999999999436,0.1428571319745559,0.14285713725082427,0.14285706217750657,0.14285719864365928,0.14285725181326395,0.14285705018374537,0.1428571679564446
2749,0a5b6c427d0506d72364c9057e6ecc9c5fc0822b4ef5faf9efbb352f754d3f06,Pest-Damage(513),4,0.9999999999999889,0.14285713816942233,0.1428571404461072,0.1428571080585992,0.14285716691852338,0.14285718984661622,0.1428571028824474,0.14285715367828425
2750,0ea60a9a11eb76831b042e8771d1335ad49d40be17b6d0ef6f6b5af544f0a9e4,Pest-Damage(513),4,0.9999999999999397,0.14285713160913371,0.1428571370806963,0.14285705930948062,0.14285720062636262,0.14285725566735352,0.14285704687182985,0.14285716883514335
2751,0891dced5ccd6d26eddf705483ac0c460f2cb3be53b8528820ad4a63cfdc8f80,Pest-Damage(513),4,0.999999999999944,0.14285713201843053,0.1428571372772676,0.14285706247925303,0.1428571984351435,0.14285725140268282,0.14285705052594752,0.14285716786127492
2752,d95dcba5da14fda5a7d5f693be30b22896f52b5fae37044dfba22db7da0f330d,Pest-Damage(513),4,0.9999999999999752,0.14285713572317948,0.14285713919256757,0.14285708986128617,0.14285717950096863,0.14285721441434784,0.14285708197370145,0.14285715933394869
2753,d0964ec3928292c9ec439beaaa7ad382fce06ea54d507735dcb8ea200ef9775e,Pest-Damage(513),4,0.9999999999999675,0.14285713463195465,0.14285713861783436,0.14285708190057322,0.142857185006147,0.14285722518023958,0.14285707284043034,0.14285716182282082
2754,ca39bd5fb573a4232eb2f8a22e8d0fe28e9a8996a757d59e305a161a6a14b917,Pest-Damage(513),4,0.9999999999999757,0.14285713576783665,0.14285713920054335,0.1428570903401208,0.14285717917055407,0.14285721378509703,0.14285708253717672,0.1428571591986714
2755,7b231802bcea970f918cfeec035e8842be4bdc94e96f6a750f32617429c1bc83,Pest-Damage(513),4,0.9999999999999911,0.1428571387223964,0.14285714072567016,0.14285711223101535,0.14285716403414794,0.14285718421995863,0.14285710767849644,0.14285715238831506
2756,bdc724db0587dbc6a97886abfe42b01b0e93b3d6759ff4c3e35c61cf58f21da9,Pest-Damage(513),4,0.9999999999999699,0.14285713494390467,0.14285713878060244,0.14285708419317758,0.1428571834208184,0.14285722208175838,0.14285707547199775,0.14285716110774072
2757,ce1a31cafe3f987e0f06a5decbaecb4745b40b1f5d1c1142330f50843c59a1e5,Pest-Damage(513),4,0.9999999999999726,0.14285713532131086,0.14285713898045396,0.14285708695334537,0.14285718151237076,0.14285721834934426,0.1428570786365649,0.14285716024660997
2758,e89525382c97f1ff7f4dd597778fa9a38053c79b388f0764d7e6f1062d24478a,Pest-Damage(513),4,0.9999999999999724,0.14285713528656904,0.14285713895793095,0.142857086720672,0.14285718167302533,0.14285721866702392,0.1428570783748432,0.14285716031993567
2759,f9626225cf7f947a75c235e9479e06536642bbd8b5a3f2000dee7b6d9703ba5d,Pest-Damage(513),4,0.999999999999964,0.14285713420418908,0.14285713839778594,0.14285707872690942,0.14285718720060137,0.14285722946591256,0.14285706919463448,0.1428571628099671
2760,4696a0d51474bf2a08807a526c43d15b7f3a593d11048c249c2ac19b9d88712c,Pest-Damage(513),4,0.9999999999999988,0.14285714168118083,0.14285714224108464,0.142857134232441,0.14285714882106995,0.14285715451566863,0.14285713295994149,0.14285714554861348
2761,ea816322894660d519afc491c4f7f61d0c3c177a03c4160275fab9d88c437ac3,Pest-Damage(513),4,0.9999999999999681,0.14285713472228423,0.1428571386665179,0.14285708254817875,0.14285718455823798,0.14285722430308098,0.1428570735824529,0.1428571616192471
2762,6f43a4093b5323bb58e368e8eafc5894c9c78d82b68f04d79585827550ef42ca,Pest-Damage(513),4,0.9999999999999608,0.14285713378220272,0.14285713818384874,0.1428570755650997,0.14285718938671702,0.14285723373193002,0.14285706555965255,0.14285716379054939
2763,2a930e4c226a6573ef54593cbfaed935cbc0ad2c9c22095d580e7a7298dd3712,Pest-Damage(513),4,0.9999999999999838,0.1428571371408073,0.14285713991734358,0.14285710043666516,0.14285717218903116,0.14285720013996853,0.14285709412540468,0.14285715605077953
2764,7d76f09dbb038b67d42da03dd4d7473d9d297791761c41f47cfaf8e45fdc82df,Pest-Damage(513),4,0.9999999999999798,0.14285713640601677,0.14285713954074952,0.14285709497233362,0.14285717596733663,0.1428572075174524,0.14285708784687054,0.14285715774924057
2765,fa216b8a3ecdfed5b16d0c2fcfdf38ec0ac75e19dad8b827e5c5f7615ca7c586,Pest-Damage(513),4,0.9999999999999865,0.14285713764083732,0.14285714017438103,0.14285710416772066,0.14285716960957867,0.14285719510368722,0.14285709841037622,0.1428571548934189
2766,f648361d8141900938e3881d02b097f1c25f7462f7daf08e2a88cb95316f2977,Pest-Damage(513),4,0.9999999999999565,0.1428571333158626,0.14285713794721652,0.142857072091921,0.1428571917885185,0.14285723842003775,0.14285706156560535,0.14285716487083835
2767,aef3640a008b1f54e55a48630e1175ccb4cb3955541d734ae47f360d6af696af,Pest-Damage(513),4,0.9999999999999483,0.142857132448092,0.14285713749571244,0.1428570656781031,0.14285719622308962,0.14285724708463696,0.14285705420395015,0.1428571668664156
2768,0780e87ecb433352770f943b373454a196c3b4781de158f632ae63b01125f33a,Pest-Damage(513),4,0.9999999999999721,0.14285713526153343,0.142857138948422,0.1428570865142177,0.14285718181588272,0.14285721894310463,0.14285707813382933,0.14285716038301022
2769,a6c98ad124809a1663146a6dd8edc95e2b1714cf011ffc93ea8d23dbc8551c72,Pest-Damage(513),4,0.9999999999999927,0.14285713915607184,0.1428571409526554,0.14285711541386126,0.1428571618332457,0.1428571799177512,0.1428571113311147,0.1428571513952998
2770,7bd9d6e565298e12462e45dd026ddbcf791bf485f01bf31e85eb6dcab3ed2538,Pest-Damage(513),4,0.9999999999999729,0.1428571353521121,0.1428571389862363,0.14285708726655702,0.1428571812959465,0.14285721793672718,0.1428570790063466,0.14285716015607425
2771,a00c55fcd06db7246b697a540b077199af5521a6020e2e88ffe70f7aea814ec8,Pest-Damage(513),5,0.9999999999999495,0.14285715317310138,0.14285714817864648,0.14285721928336317,0.142857090011707,0.1428570396385729,0.1428572306373187,0.14285711907729046
2772,eef13c79aeac7fce2a17358a49b7e22df37df4b84a6c60fa46ed3cdedfdd93ad,Pest-Damage(513),4,0.9999999999999476,0.1428571323708255,0.14285713744890638,0.14285706517602195,0.14285719657061505,0.1428572477709602,0.14285705363336676,0.1428571670293041
2773,6bd755a2937cac5717dc468b0be0b8fe3cf365eec445a214f8c06c028cf142f1,Pest-Damage(513),4,0.9999999999999579,0.14285713345404305,0.1428571380064403,0.14285707321072627,0.14285719101496674,0.14285723692076807,0.1428570628630063,0.14285716453004935
2774,76d6d7817bcc0521dc01dc9b234b241e80f739aa47ec158ea733a338aaeedc32,Pest-Damage(513),4,0.9999999999999643,0.14285713422933907,0.14285713840972727,0.14285707892843816,0.14285718706140796,0.14285722919540064,0.14285706942667967,0.1428571627490073
2775,3c1305f78b03229ba30cf48a2f51a5a5fa1b4a3aa6fa049f3f8ece62a450d295,Pest-Damage(513),4,0.9999999999999408,0.1428571316807437,0.14285713710434172,0.14285705995946696,0.14285720017729173,0.14285725480382658,0.14285704763105453,0.14285716864327486
2776,b37ece74811dd90b5954f3f5d7301b877d8633f889eebd3741177459bb251024,Pest-Damage(513),4,0.999999999999977,0.14285713596373345,0.14285713931221705,0.142857091698115,0.1428571782313143,0.1428572119398061,0.14285708408664397,0.1428571587681702
2777,6d098fc34975f8c51a625264c975c7e6ded399dfdb56652ba30f087672c41c89,Pest-Damage(513),4,0.9999999999999325,0.14285713094480104,0.14285713671890424,0.1428570545619753,0.1428572039096399,0.14285726209999405,0.14285704143705547,0.14285717032762982
2778,3a6118ec1eeacf5edb52a576ab0c0370e729f50b22606d8717a698cdeadd8f13,Pest-Damage(513),4,0.9999999999999991,0.14285714219143095,0.14285714253751303,0.14285713771814063,0.14285714641002706,0.1428571497726414,0.1428571369315595,0.14285714443868758
2779,c5c730d3803255e486302fcf91ce79a830a584640b603d081e4e16a1d18b72c7,Pest-Damage(513),4,0.999999999999982,0.14285713680330436,0.14285713973570155,0.14285709800454657,0.14285717387095329,0.14285720343292713,0.14285709133912067,0.1428571568134463
2780,4c1aa897805b1f23073d9276e29d053bf36cd83a3ee94857722052387c7763d2,Pest-Damage(513),4,0.9999999999999817,0.14285713672452469,0.1428571396986994,0.14285709738715552,0.14285717429772976,0.1428572042627402,0.14285709062661778,0.14285715700253263
2781,b7875b6f06c6494a659ffa9e13ddc35c24376f8d498c9183781a3d74395ea6e7,Pest-Damage(513),4,0.9999999999999796,0.14285713637993455,0.1428571395227898,0.1428570948144285,0.14285717607653928,0.14285720773507282,0.14285708767014227,0.14285715780109282
2782,a876626138b05b1470b00854bb7839be985d7d74677d58f461f0c6095499cb70,Pest-Damage(513),4,0.9999999999999921,0.14285713894204086,0.14285714083532156,0.14285711387261316,0.14285716289877004,0.14285718200505335,0.14285710956868072,0.14285715187752035
2783,7b92ccbba2a5665cff640b5f69aec58539f8cad10e6e89a2791befd67415699b,Pest-Damage(513),4,0.9999999999999716,0.14285713516804757,0.14285713889164287,0.14285708589977267,0.14285718224101143,0.14285721978229007,0.14285707743616552,0.14285716058106998
2784,5f7d123bff6f066910ce293e4ed5840082e1d7a15acc1c6609aa97f6949de1e1,Pest-Damage(513),4,0.9999999999999755,0.14285713573003556,0.1428571391860201,0.14285709001480698,0.14285717939534473,0.14285721421906286,0.142857082158828,0.14285715929590181
2785,5d644d6c78f110f831e225f2bca85475a9d70861ffa9265a7e788e97b85c7e32,Pest-Damage(513),4,0.9999999999999739,0.1428571355314013,0.14285713910465217,0.14285708834917404,0.14285718054638483,0.14285721644542887,0.1428570802259157,0.142857159797043
2786,21ba894999480640467b55662a3c9b64e084132aa6de1c72c93241b37154b86c,Pest-Damage(513),5,0.999999999999982,0.14285714897060448,0.1428571460404256,0.14285718786080606,0.14285711173777332,0.14285708204273695,0.1428571945197898,0.14285712882786383
2787,e1c2faab27aaa2b4361c4415a38ae43613e1dea8e889630e35734cb0be7d7378,Pest-Damage(513),4,0.9999999999999947,0.14285713972325484,0.14285714126081125,0.1428571194460529,0.14285715904409704,0.14285717445236257,0.14285711594948336,0.1428571501239381
2788,23373288cb7776a27666d27a8942bdf0998da94a326353fe44c4d47653c02544,Pest-Damage(513),4,0.9999999999999853,0.14285713746397144,0.14285714010087755,0.14285710267160953,0.14285717064303244,0.14285719710265596,0.14285709667686564,0.14285715534098745
2789,a10c9254e8e70823ac83f4b1e47b3ab033e4511154b371567cf16eb1bffd6eab,Pest-Damage(513),4,0.9999999999999868,0.14285713770293462,0.14285714020728932,0.14285710459078987,0.14285716931640713,0.14285719452862788,0.1428570988974134,0.14285715475653785
2790,31928b24f8c22ce17c2c3c0795a9016c3a439161ef48b055f9d1a686f8f17a87,Pest-Damage(513),4,0.9999999999999952,0.14285713992865084,0.14285714136127123,0.1428571210178454,0.1428571579574395,0.14285717233559575,0.1428571177599789,0.14285714963921844
2791,696eab1890ee9c96d5a9d8390b76e2def9ff1da022e8a84f2c7bccc531c7ba16,Pest-Damage(513),4,0.9999999999999785,0.14285713618470489,0.1428571394250416,0.14285709333402064,0.1428571770999408,0.1428572097305605,0.14285708596746927,0.1428571582582623
2792,fead00ff8fe5b387c39fa1263a31a75894048ba79310c01c0359cafc4ea19209,Pest-Damage(513),4,0.9999999999999991,0.1428571426842615,0.14285714278846132,0.14285714137370967,0.14285714388191337,0.14285714483677828,0.14285714113502987,0.14285714329984597
2793,d0caff754b4531b072b242bd15d6086a0667c13b4ec67f2fac602dde86bdffa3,Pest-Damage(513),4,0.9999999999999871,0.14285713780306153,0.14285714025034613,0.1428571054033059,0.1428571687546944,0.14285719343984674,0.14285709983925,0.14285715450949524
2794,47716b31030fc817cf032aab3bd4746412ad78389b75c902bfcb873458a1cee6,Pest-Damage(513),5,0.9999999999999949,0.14285714598356083,0.14285714450316367,0.14285716569490955,0.1428571270643494,0.14285711197502035,0.1428571690577388,0.14285713572125738
2795,2e67b5d06bfe7edb856c7a913877021e627ce722ba40828017cebba81d177fa2,Pest-Damage(513),4,0.9999999999999841,0.14285713717983883,0.14285713993994756,0.14285710069148014,0.14285717201250994,0.14285719979206482,0.14285709441653976,0.1428571559676189
2796,86475f5a746dc8300778533745c43e918670235e01f18216d302d014004d04c2,Pest-Damage(513),4,0.9999999999999908,0.1428571386173634,0.1428571406986036,0.142857111177201,0.14285716476139013,0.1428571856109731,0.14285710644443098,0.14285715269003768
2797,574f2ecc937df35d53e979d30d1f736de34479d8f28d0c747332f037bfce126b,Pest-Damage(513),4,0.9999999999999745,0.14285713559661195,0.14285713913292036,0.14285708886991494,0.1428571801862329,0.1428572157469285,0.1428570808298643,0.14285715963752713
2798,ee40e2d6d2d7eb35e31eb6f2845d408bc1b76424bbaa974b1d003b9e6a906c84,Pest-Damage(513),4,0.9999999999999842,0.1428571372292724,0.14285713997686958,0.1428571009398213,0.14285717184015645,0.142857199442895,0.14285709469191085,0.14285715587907438
2799,41997d8e5c28b62d270d749657cc3dd5a4241d40f5f69c59c5e45e42b0b9d264,Pest-Damage(513),4,0.9999999999999983,0.14285714152351742,0.1428571421976982,0.14285713270254558,0.14285714987743145,0.14285715653914918,0.1428571311680149,0.14285714599164323
2800,ba4da1da1d570ea938144f4c4de6b76ad8ca83f6e9ff5e265ce3554cff0a2ba2,Pest-Damage(513),4,0.9999999999999793,0.1428571363303081,0.14285713949512674,0.14285709446407505,0.1428571763188302,0.1428572082103348,0.14285708726976956,0.14285715791155565
2801,2c26c666e3405e1acf87625270d56a76d8ecce2586a2786d8995be9888cde0c2,Pest-Damage(513),4,0.9999999999999788,0.14285713625580984,0.14285713946343243,0.1428570938392991,0.14285717675038517,0.1428572090457127,0.14285708654659984,0.1428571580987609
2802,f30d25ab14f27ef3a89a05b0e049f15846212c302079d2d0e8921accc4acf669,Pest-Damage(513),4,0.9999999999999902,0.142857138493835,0.1428571406297797,0.14285711030168324,0.14285716536678417,0.14285718679833376,0.14285710544413116,0.14285715296545307
2803,90159844e9eabdfd63a543edf87bb2688b52aa58932a7d4e6aedfdf7c52667d0,Pest-Damage(513),4,0.9999999999999992,0.14285714251748707,0.142857142707881,0.14285714007469374,0.14285714477967218,0.1428571465839089,0.14285713963880917,0.14285714369754796
2804,71494b8150a656ee79912660ee3d0cfc18bac4864db7d946131da72b3dfbaf38,Pest-Damage(513),4,0.999999999999996,0.14285714028265126,0.14285714152703294,0.14285712380114682,0.14285715603357216,0.14285716859557337,0.14285712097220382,0.14285714878781966
2805,26f1312fc6eb4faa9928f818bfb0d12ecacb7114dd60cc028281afbd86ff8e31,Pest-Damage(513),5,0.999999999999872,0.1428571594017187,0.14285715143248284,0.142857265023643,0.14285705838234541,0.1428569778159398,0.14285728313652873,0.14285710480734146
2806,c54f2b6520afbd2662c2e60640fa0042899e8818488691ff4901537450e2e04f,Pest-Damage(513),5,0.9999999999999915,0.1428571469679056,0.14285714502435698,0.14285717285454338,0.14285712211313706,0.1428571022898345,0.14285717726906455,0.14285713348115794
2807,0153a7cdcd3358e86b253bbb4fae4b542a484512f5dc5c156cde812c53d70f44,Pest-Damage(513),4,0.9999999999999745,0.14285713560749916,0.14285713914222198,0.14285708892052626,0.14285718015120813,0.14285721567489476,0.1428570808842655,0.14285715961938428
2808,903b1172019f5cecbde3a546ff7ef14fe835e8a550505642d0da79ab46196b42,Pest-Damage(513),5,0.9999999999999921,0.1428571468002106,0.14285714491063475,0.14285717187481378,0.1428571227917217,0.14285710364406135,0.1428571761685013,0.14285713381005652
2809,d253149dab4056c68969fbe4ee810ed82a4f3faf1ae18bcbf3ef185ded7391ec,Pest-Damage(513),4,0.9999999999999931,0.14285713925791432,0.14285714103369732,0.1428571158653139,0.1428571615193082,0.14285717927286373,0.14285711182560368,0.14285715122529885
2810,c37040461bf9e9616a62a69ebd9314938b0a287460081591e3c819c690275514,Pest-Damage(513),4,0.9999999999999778,0.14285713610577863,0.14285713938541197,0.14285709274443625,0.14285717750768684,0.14285721052612188,0.14285708528893562,0.14285715844162883
2811,fab1b6e04f11dfb346dec72a5c2903904c51deae52ccaec9025df87407c8d3f8,Pest-Damage(513),5,0.9999999999999929,0.14285714653318088,0.14285714477982814,0.1428571698391436,0.1428571241992135,0.14285710638632682,0.14285717382345098,0.142857134438856
2812,e5c9d7d21b8afe48b05deb7a3fe5768a33e9b1819117bcee92fa0bd0c958ed1d,Pest-Damage(513),4,0.9999999999999988,0.1428571417841315,0.14285714232921887,0.14285713465856925,0.14285714852499368,0.14285715390041087,0.1428571334174639,0.14285714538521196
2813,6b19d191ae1f74b22980cd86de46d6c5e97802d43971c1dac2276dfa44b7e3cd,Pest-Damage(513),4,0.9999999999999777,0.14285713608220998,0.1428571393640682,0.14285709265545238,0.14285717756953376,0.14285721065649354,0.14285708519527682,0.1428571584769652
2814,0d22439a6e0c99df86c1d40491a1ae02af92a669f01244c319648c66245edc64,Pest-Damage(513),5,0.9999999999999166,0.14285715620224895,0.14285714977594544,0.14285724138398795,0.14285707472851586,0.14285700975017054,0.14285725599010082,0.14285711216903055
2815,faf79162b93de8415fd3e17d00e567633446adddd8730a33bee6465d0fef0104,Pest-Damage(513),4,0.9999999999999978,0.1428571410879071,0.1428571419467019,0.1428571297276178,0.1428571519355405,0.14285716058673367,0.14285712777509335,0.14285714694040566
2816,31e04cb190f3fe58012c4b673878691185da1e0a1ff64f5a750cb0edf0bed2ee,Pest-Damage(513),4,0.9999999999999946,0.14285713968875102,0.14285714122636212,0.1428571193650582,0.14285715910109753,0.1428571745820549,0.1428571158706348,0.1428571501660413
2817,629a1a2ed227c608817c8eac90efdaafcf9bf2859c3744a36696b0a745475a53,Pest-Damage(513),4,0.9999999999999729,0.14285713540612846,0.14285713904133618,0.14285708740096126,0.1428571812018195,0.14285721772385748,0.1428570791361592,0.14285716008973798
2818,e5e530b794d58f4a8e34c0201f882ee86adda5c74c89e33a698cd3497c858af0,Pest-Damage(513),4,0.9999999999999791,0.14285713634949632,0.14285713952653628,0.14285709438944313,0.14285717636934445,0.14285720828573292,0.14285708716513165,0.14285715791431516
2819,6c741df604495a24b291981597681bfd8e5f4816b804e8c99fa1580b91c5e689,Pest-Damage(513),5,0.9999999999999724,0.1428571504832242,0.14285714683357428,0.14285719892911336,0.1428571040836909,0.14285706707834628,0.14285720722167936,0.14285712537037154
2820,b7143963fd11d8f47e89591465ed89169156e3deca5c74e27933616ed0479afd,Pest-Damage(513),4,0.999999999999985,0.1428571373718786,0.14285714004862912,0.1428571020328804,0.14285717108482868,0.14285719797052684,0.1428570959477053,0.14285715554355108
2821,fa96557144ad5fc10744a730e8bd4f41a5314465de41355dbb44826707d3a8d0,Pest-Damage(513),5,0.9999999999999949,0.1428571459357094,0.14285714446672898,0.14285716545863358,0.14285712722832722,0.14285711230795536,0.14285716879669608,0.1428571358059493
2822,dcac62af5b91699c74769828c7c9d240c27e19ffe993cef41e3b26a7e819c2e0,Pest-Damage(513),4,0.9999999999999853,0.14285713745297002,0.1428571400838,0.14285710269564422,0.1428571706267905,0.1428571970827946,0.14285709671513258,0.14285715534286822
2823,e3e6ea03b599ca0541567e5836ce8275cd3fa57d02003bf588073b0706707caf,Pest-Damage(513),5,0.9999999999999903,0.1428571472725385,0.14285714516335038,0.14285717526995081,0.1428571204433996,0.14285709904676067,0.14285718006090573,0.14285713274309428
2824,f50f74bdf86397419ddcf09bf6725f7bfe02e89fe2ae67882f33ea75917342d2,Pest-Damage(513),4,0.9999999999999961,0.1428571402823278,0.14285714155950083,0.14285712349531537,0.14285715624392356,0.14285716897250822,0.14285712059051225,0.14285714885591205
2825,11eefd5448f727e507773d25540b701d2e89d6fffc6f377202f9c6f896034e53,Pest-Damage(513),5,0.9999999999999967,0.14285714526980686,0.14285714414201406,0.14285716032783694,0.14285713077491874,0.14285711921444103,0.14285716288767714,0.1428571373833053
2826,7948875a2be461bc829de341a86b6e950729277dfab55c51efcbdcebd37a6ac7,Pest-Damage(513),5,0.9999999999998478,0.14285716086589684,0.14285715216274725,0.14285727609410123,0.1428570507282662,0.14285696289134323,0.1428572958755882,0.14285710138205698
2827,d6dfc575bb1b6b87334a3949b8ae10ce7912a06130783bc6615322a2e3c4803b,Pest-Damage(513),5,0.9999999999999964,0.14285714532614538,0.14285714415762632,0.142857160862822,0.14285713040531142,0.1428571185060871,0.14285716351517636,0.1428571372268314
2828,d5f2ba0a06c8965b9fc1958eb74e650d496ca023725e3c32356260ed0b4540c4,Pest-Damage(513),4,0.9999999999999882,0.14285713806867806,0.14285714041332984,0.14285710713996932,0.14285716755319017,0.14285719106664405,0.14285710180902728,0.14285715394916107
2829,37b32c9532e3ae43ff2f5823178a577dd79237e7f3d80da8702195ca2a0837eb,Pest-Damage(513),4,0.999999999999958,0.14285713347742815,0.14285713802216704,0.14285707334147968,0.14285719092425642,0.14285723673927772,0.14285706301031723,0.1428571644850736
2830,4809ab420e404d5075816a26df89ae0d0e3e560dee0bbb9bc9bc7665156e9a56,Pest-Damage(513),4,0.9999999999999644,0.14285713424029373,0.14285713841658595,0.14285707898407649,0.14285718702258984,0.14285722911755946,0.14285706949042562,0.1428571627284689
2831,748a6e6fe764388feb6133163978efab52879f4142b34d4c467db4f9c56f8eb0,Pest-Damage(513),4,0.9999999999999934,0.14285713931906655,0.1428571410355793,0.1428571166151589,0.14285716100228138,0.14285717829496739,0.14285711271308876,0.14285715101985771
2832,8253cbf4ac88d9f510400eb17d983cd6173df217f62dcc4453f9aa9da0e68886,Pest-Damage(513),4,0.9999999999999956,0.14285714007715322,0.1428571414244248,0.1428571222526903,0.14285715710426106,0.14285717068362305,0.1428571191901541,0.14285714926769352
2833,6ccdbb0eb27f1ed22bdf4244f478b770ea0e2ae0c741d7a2c0b6973b7cd64ba2,Pest-Damage(513),4,0.999999999999996,0.14285714028199784,0.14285714154773002,0.1428571236123726,0.14285715616362052,0.1428571688283335,0.1428571207349917,0.14285714883095385
2834,67e52754ef6471ebdf3542f430b84fbb1565c1de3dee2a6c984dc382e85bf1ac,Pest-Damage(513),4,0.9999999999999934,0.1428571393856713,0.14285714108936168,0.14285711692626482,0.1428571607864594,0.14285717785313853,0.14285711305242854,0.1428571509066757
2835,803e94f4f0cc2cfadabb6527cc356f779a6465db51518015cdd36797dda0a2a7,Pest-Damage(513),4,0.9999999999999817,0.14285713675244227,0.1428571397301885,0.142857097428261,0.14285717426857453,0.14285720418763392,0.14285709065836058,0.14285715697453927
2836,05cbf997c638fe593f300b05860efdc88b74d054eb18034464d5a8e7356c7c2e,Pest-Damage(513),4,0.9999999999999452,0.14285713211334772,0.14285713732730415,0.14285706315899377,0.14285719796481364,0.14285725048219242,0.1428570513065681,0.14285716764678036
2837,f3e38b102624476e87b892723a95117864d7c981de590bccb11dc0d201b6e499,Pest-Damage(513),4,0.9999999999999382,0.1428571314588135,0.1428571369978236,0.1428570582307151,0.14285720137215463,0.14285725712879005,0.14285704563874338,0.14285716917295982
2838,aba4c497084b496dc8ce45e40330a5a7b11c620b51d33f061b8c11167b6153d7,Pest-Damage(513),5,0.9999999999998411,0.1428571612473442,0.14285715235324556,0.14285727899396441,0.14285704872366792,0.14285695898331247,0.1428572992110728,0.14285710048739259
2839,19e0c664eb0faef4cf4f229926c8cf0cf25131f9a007d412b491d8b65e2e7f1c,Pest-Damage(513),4,0.9999999999999811,0.14285713666135486,0.14285713966535654,0.1428570969179788,0.14285717462200004,0.14285720489641993,0.1428570900889891,0.14285715714790076
2840,1bff6511a09d9fd81682d4ead7d38d752a026fe022c4cebed63d035bfe740a5a,Pest-Damage(513),5,0.9999999999999846,0.14285714845984054,0.14285714576508177,0.14285718419595156,0.14285711427245368,0.1428570870063337,0.14285719032095112,0.14285712997938765
2841,5dac626b7bb984a497e4d8855703c949256d18b3fc24b0357dc7b07779bea042,Pest-Damage(513),4,0.9999999999999787,0.1428571362336585,0.14285713944247538,0.14285709378563416,0.1428571767882787,0.14285720913074632,0.14285708649236228,0.14285715812684466
2842,d797a860ba57c8de49a11d2aa51070abc6872f3e1a1bae2aa4cdea461c7e4857,Pest-Damage(513),4,0.999999999999951,0.14285713272428419,0.14285713763892882,0.14285706771900794,0.14285719481189874,0.1428572443276023,0.142857056547246,0.14285716623103203
2843,39d49cc68c0e202c17c734700944450d253e2cb1c0557874c4376703c1fe11a8,Pest-Damage(513),4,0.9999999999999502,0.14285713262734898,0.14285713759941784,0.14285706690535405,0.14285719537419214,0.1428572454150537,0.14285705560278783,0.14285716647584543
2844,bd3feec0c8505cb5f35f3257a31df3222d6f0dc9af8368e3bb1b1ad34c322696,Pest-Damage(513),4,0.9999999999999681,0.1428571347059704,0.1428571386606728,0.1428570823991958,0.14285718466107686,0.14285722450105492,0.14285707340921583,0.1428571616628134
2845,a6b00cf41067a14eefc732fc4e01fdd2fc57f58a3f33d7c3d35f9a8ebca78478,Pest-Damage(513),4,0.999999999999979,0.14285713631631128,0.14285713950485865,0.142857094195407,0.14285717650385832,0.14285720855372414,0.1428570869458862,0.1428571579799544
2846,684ba22804dc18407b37317073269cc5035dc90dc60b7068a635a2e010eb5fb7,Pest-Damage(513),4,0.9999999999999991,0.1428571423591187,0.14285714263433535,0.14285713884175139,0.1428571456322558,0.1428571482415904,0.14285713821400448,0.1428571440769438
2847,df094e9030be51e83a8f0903a3c95bd241dcd68aa40722a77b497987504bc144,Pest-Damage(513),5,0.9999999999999782,0.14285714952523462,0.14285714626435675,0.14285719257711624,0.14285710847939612,0.14285707574461398,0.14285719999277577,0.1428571274165066
2848,2c86a7b4850e60b2a6bfb4c03a83dc486cca056a9feac661d541f919fb7b25b7,Pest-Damage(513),5,0.9999999999999303,0.14285715497180326,0.14285714909320607,0.14285723274616205,0.1428570807035107,0.14285702147217905,0.14285724611168593,0.14285711490145303
2849,1f4db849a6072511c93f90674e6482a23206340d03752c328e003d4e16d88c50,Pest-Damage(513),4,0.9999999999999847,0.14285713728481894,0.14285713998104546,0.14285710158546747,0.14285717139470266,0.14285719859857618,0.14285709545584133,0.14285715569954793
2850,c0981521b2f08c77f568d31530d105af780e0826f3fde47ebc3bcc30488e93a1,Pest-Damage(513),5,0.9999999999998939,0.14285715784724276,0.14285715058064052,0.14285725400460217,0.14285706600394768,0.1428569927562092,0.14285727052485087,0.14285710828250678
2851,b2f9850cfcf34d1c1e8bac76f4f40795b8c2f043c74271ef529d0c106f7e8548,Pest-Damage(513),5,0.9999999999999488,0.14285715323657,0.14285714819840137,0.14285721989062702,0.14285708959260882,0.1428570388343468,0.14285723134581513,0.14285711890163078
2852,8640a86c150a3ecbdf09deb32b8056218f115397c51ef2036771a4f72b9be889,Pest-Damage(513),4,0.999999999999999,0.14285714232469512,0.14285714256289372,0.14285713912447043,0.14285714543943032,0.1428571479227979,0.14285713858618485,0.14285714403952762
2853,35b197ec21916299098074dbf1aa27018e7f01acb5160fc0a6f3354f4b839cc4,Pest-Damage(513),5,0.9999999999999067,0.14285715689596432,0.14285715008678626,0.14285724696950503,0.1428570708681739,0.14285700225941914,0.14285726244865235,0.142857110471499
2854,a01805a017233bd24741dec934997ea3a2e19b4dc1595bd97fdb6f95885237cb,Pest-Damage(513),4,0.9999999999999839,0.14285713711909764,0.14285713987858334,0.14285710053871853,0.14285717211954874,0.1428572000332754,0.1428570942678658,0.14285715604291052
2855,ae2b44ae234fe7d2d0ce3ff2073a2510c25904cfb2a8a378567bcac8a325af6d,Pest-Damage(513),4,0.9999999999999992,0.14285714274133857,0.14285714277144584,0.14285714226025142,0.14285714327117197,0.14285714369380037,0.1428571421944525,0.14285714306753935
2856,da047185aa42cfd800f45af7320e3741040880fc38a41edc3b8335ba2d112f17,Pest-Damage(513),5,0.9999999999999365,0.14285715441343247,0.14285714880030773,0.14285722865791206,0.14285708353059334,0.14285702699930436,0.14285724142040063,0.14285711617804944
2857,10b5784ce6b96330ad8dac7ca9d71db80af14341c77958f3189eaf1b6e841476,Pest-Damage(513),4,0.9999999999999983,0.14285714126764995,0.14285714202444244,0.14285713122021143,0.14285715090444392,0.14285715858956455,0.14285712950194476,0.14285714649174314
2858,a04fcec3a1a49e8af9b166739a92a96760b26c221be3a48871ebfd56f4bbc6a4,Pest-Damage(513),5,0.9999999999999809,0.14285714906430508,0.14285714603575747,0.14285718908200778,0.14285711089590467,0.14285708045531398,0.1428571959695532,0.14285712849715787
2859,d100fa71411cc6a3447fe12ddfe3917638f56e1c38e2df0beba718883acf3d8a,Pest-Damage(513),5,0.9999999999999979,0.14285714443868966,0.1428571436408006,0.14285715489413847,0.14285713453562432,0.14285712663787578,0.14285715671096433,0.14285713914190679
2860,9bdde16418b69201f3c8d7e4b195fc0c0d7e242e9d87c14f0530fd35203d02bb,Pest-Damage(513),4,0.9999999999999866,0.14285713761570637,0.14285714015207215,0.14285710404891375,0.14285716969163867,0.1428571952726508,0.1428570982839423,0.1428571549350761
2861,7d392a6ecf7f588e1dcbc95083e8e4a94f04e5cca7e8b7fc175cff0715d41453,Pest-Damage(513),4,0.9999999999999989,0.14285714188347284,0.14285714233436878,0.14285713584949444,0.1428571477036569,0.14285715234545243,0.1428571348265267,0.142857145057028
2862,5fbcdd30afd9b4fdbf32777107bb5fb80545c0728e8a670890f7bbf540d4ec4e,Pest-Damage(513),4,0.9999999999999771,0.14285713595485414,0.14285713928161003,0.14285709187401188,0.1428571781105713,0.14285721173098614,0.1428570843129563,0.14285715873501026
2863,274aa004b27fedd10d42afc3e4b6900c7363c000aae651936ed5a333a1512b76,Pest-Damage(513),4,0.9999999999999851,0.1428571373765545,0.14285714000977584,0.142857102452399,0.14285717079619187,0.14285719744967776,0.14285709646794223,0.14285715544745872
2864,547973610812412256a7f5d65b26e2c8048ce40c61759b67c6d51fea8796ae3c,Pest-Damage(513),4,0.9999999999999933,0.14285713925909932,0.1428571409769569,0.14285711644582635,0.1428571611206866,0.14285717855593405,0.1428571125432477,0.14285715109824917
2865,3512e2088bacf4212d3525496ba4809ce6b7b23d69336d54f1ad3c17841e50b4,Pest-Damage(513),4,0.9999999999999937,0.14285713940565617,0.14285714105365177,0.14285711752736382,0.14285716037293678,0.14285717709459683,0.14285711378404026,0.1428571507617544
2866,c962f8535eec375513ae426b356746681e2b15848cc3c279f9d2dae930b79e40,Pest-Damage(513),4,0.9999999999999891,0.14285713820709076,0.14285714044413855,0.14285710854717043,0.1428571665816524,0.1428571892114347,0.1428571034628414,0.14285715354567172
2867,95305c99b0f23a5cb0dfdfe42c02529c98d43ce71b3d87e0cc530a310d680e0d,Pest-Damage(513),5,0.9999999999999912,0.14285714700754992,0.14285714498368154,0.14285717375096643,0.14285712149612972,0.14285710114996059,0.14285717835333483,0.142857133258377
2868,cb188490958b219556ea29d42373d27e6a44b22f4cb77a6ca2ac420af544190e,Pest-Damage(513),5,0.9999999999999981,0.1428571445793936,0.14285714376454786,0.14285715542087987,0.14285713416881368,0.14285712586613503,0.14285715727095064,0.14285713892927943
2869,530c2c6f002633cb7497d742c8245525d04ec92275a2cd082465368ae481dc20,Pest-Damage(513),5,0.9999999999999665,0.14285715126444062,0.1428571472201314,0.1428572048930486,0.14285709996095047,0.14285705904402315,0.14285721408535348,0.1428571235320523
2870,ffc0cd863ac853bd9f03b1e794982aa1c65c0881e01f31e6225e0c6ec63ee6bd,Pest-Damage(513),5,0.999999999999991,0.14285714708114072,0.1428571450290331,0.14285717423697328,0.1428571211600229,0.1428571004863525,0.142857178903989,0.14285713310248851
2871,bbb6744dc960507f273f7c8697b5b6062c3447259bb4905023b20cacd3fd905d,Pest-Damage(513),5,0.9999999999998819,0.14285715872898067,0.14285715108062258,0.14285726007872182,0.14285706180158805,0.142856984499159,0.14285727746186477,0.14285710634906298
2872,ea6c5bf0ae1a8afb279f07c96cacdd09ecc00d109cb6d589192ae433a6bd2345,Pest-Damage(513),5,0.9999999999999106,0.14285715662500087,0.14285714996831747,0.1428572447690131,0.14285707238908968,0.1428570052082313,0.14285725990103246,0.14285711113931518
2873,2c903a5572d72361c5ba4f23b21809d38dd8dd22b76559d31484b6e717331095,Pest-Damage(513),4,0.9999999999999948,0.14285713979223397,0.14285714128297933,0.14285712008539259,0.14285715860256326,0.14285717360409858,0.14285711669605541,0.14285714993667692
2874,7a44eff34b0f69617aa42622567c03ac30fc24ed1a67ef297c72e03bdf577784,Pest-Damage(513),5,0.9999999999999809,0.14285714910170016,0.14285714608002437,0.14285718911454365,0.14285711087229006,0.1428570803826147,0.14285719598444227,0.14285712846438464
2875,b2fb91c7c4af635ce7b9e2544e753e511e0dc22f16d48b9f4a4f00b70730c624,Pest-Damage(513),5,0.9999999999999971,0.14285714500141858,0.14285714395954963,0.14285715877488955,0.14285713185077437,0.14285712136304013,0.14285716114330546,0.14285713790702226
2876,82245271936c73d543c7c6b2f13c7701502e1d3cb6de075faf208be3d576304b,Pest-Damage(513),5,0.9999999999999988,0.14285714394633411,0.14285714342053263,0.14285715091732423,0.14285713728393257,0.14285713197010405,0.14285715211298297,0.14285714034878938
2877,c2996e63bdfce6a38794bbe7baea646782fff3dceb20508289ce837ff545ccf9,Pest-Damage(513),5,0.9999999999999944,0.14285714606495017,0.14285714451409726,0.142857166590912,0.14285712644596132,0.14285711079966815,0.14285717011549245,0.1428571354689186
2878,f92c3bf4e076f89462333543e4e81302f0c0e861be569f9740209735ee8eadb8,Pest-Damage(513),5,0.9999999999999992,0.14285714328040566,0.14285714307273548,0.14285714601777189,0.14285714067178903,0.14285713859142768,0.14285714648989362,0.14285714187597662
2879,361a6490b3b5fe784da9ed8a794e2968b7ae06c4132fe5f9e78d266190702690,Pest-Damage(513),5,0.9999999999999901,0.14285714731388122,0.14285714515355136,0.14285717587989216,0.14285712002301532,0.14285709825879506,0.14285718078951082,0.14285713258135407
2880,c5f5715edda2f6d810e8a11a536a5b20bd4779e5b119ceeedc4fcdce1c5c48e9,Pest-Damage(513),5,0.9999999999999625,0.1428571517506516,0.14285714745364136,0.14285720866275922,0.142857097355088,0.14285705397261622,0.14285721843076638,0.1428571223744772
2881,2a68ef667ba4be5f7d50855b6c418233af216f3f35360bcf7d074a0459cffab9,Pest-Damage(513),5,0.9999999999999921,0.14285714674514752,0.14285714485190218,0.14285717176670554,0.14285712286788393,0.14285710382528596,0.14285717607139975,0.14285713387167512
2882,b168165a9be004b76afe3ffdf8d2b34836ece5dfba2f7a16c2efccfa088b551d,Pest-Damage(513),5,0.9999999999999656,0.14285715139708605,0.1428571473011534,0.14285720574718966,0.1428570993696704,0.14285705787551692,0.142857215055427,0.14285712325395658
2883,d775cbf77b7750ff7d021ee4b44c647fec2e98ed624dc3b9c91121f48a959691,Pest-Damage(513),5,0.9999999999999888,0.1428571476120747,0.14285714533027935,0.14285717787712493,0.14285711864125836,0.14285709553618964,0.14285718306202802,0.14285713194104493
2884,9158ed9ed87961271b386c29c34329650e915ce42f7550759531aaae88372115,Pest-Damage(513),5,0.9999999999998278,0.1428571620220647,0.14285715276332012,0.14285728464321967,0.14285704481724099,0.14285695134274723,0.1428573056894003,0.142857098722007
2885,20e2bfd30723b409e5a90dbb0064d18b355e4b383c657da631d6183684e1debc,Pest-Damage(513),5,0.9999999999999059,0.14285715699797968,0.1428571501649555,0.1428572474563074,0.14285707053002736,0.1428570015707235,0.14285726298604634,0.14285711029396023
2886,ed430421feca12467fc1d181b86cfe893349c15a4c62af6d861cd379dc5a524d,Pest-Damage(513),5,0.9999999999999744,0.1428571501723253,0.14285714665033322,0.14285719686351922,0.14285710551327585,0.1428570698957443,0.14285720486881892,0.14285712603598322
2887,ad250252f3be84b1ebf7bbc01f3fbae44560e6e3992037af371cf9939f2c4131,Pest-Damage(513),5,0.9999999999999951,0.14285714591044718,0.14285714444255365,0.1428571653834281,0.14285712728088065,0.14285711242264587,0.14285716872013712,0.14285713583990747
2888,d360159fe1f1efb35790f0b907f6aaa21b420e7b953c581ef6780ddf0773fe11,Pest-Damage(513),4,0.999999999999999,0.14285714200213037,0.14285714241729383,0.1428571365330519,0.1428571472303959,0.1428571513988866,0.1428571355909392,0.14285714482730222
2889,22764b3b874f722f1fd2d7b4dec132b76d4dddb4eb1bb2c976378c5107c2218a,Pest-Damage(513),4,0.9999999999999833,0.14285713702561498,0.1428571398455943,0.14285709969147542,0.14285717270458315,0.14285720115946388,0.1428570932814226,0.14285715629184562
2890,7ebea0acf723a17d65167493a28dcd624bc95cc4878bf0b8ceabc714b6880ecc,Pest-Damage(513),5,0.9999999999999428,0.14285715384548658,0.14285714853878648,0.1428572241150859,0.14285708666978114,0.1428570330958609,0.14285723617619572,0.14285711755880326
2891,86b2d360a90ffb33fd3ceb584f42c389518b460363da19e979f2647612149f05,Pest-Damage(513),5,0.9999999999999903,0.142857147260375,0.1428571451351467,0.14285717542389909,0.1428571203385481,0.14285709886691017,0.14285718025545,0.142857132719671
2892,6b49e33c07666b604f0b4075074a6a5e789f827004923bd1f7923b90b6a90834,Pest-Damage(513),4,0.9999999999999986,0.14285714155292845,0.14285714218079684,0.1428571332255308,0.142857149517054,0.14285715586893352,0.14285713179811968,0.14285714585663672
2893,be59768d1aa8428bccebda220635a11773267f86e46b9757928d7c5b66928630,Pest-Damage(513),5,0.9999999999998475,0.14285716090990755,0.14285715219587564,0.142857276310269,0.14285705057815457,0.1428569625866793,0.14285729611505657,0.14285710130405732
2894,c3aa69a63da4814dbe9a5b635100beb1832a16da3f47630e3559bb659b3b4c32,Pest-Damage(513),5,0.9999999999998774,0.14285715900047147,0.14285715120097323,0.1428572622777497,0.14285706028184275,0.14285698155140575,0.1428572800056037,0.1428571056819533
2895,d2060ece3505e1cbe922e91a0e4f7f94d7265d46ab4b8fb793a0a45ba8f2c105,Pest-Damage(513),5,0.9999999999999859,0.1428571482163459,0.1428571456196747,0.14285718256579735,0.14285711540010124,0.14285708922890342,0.14285718846775963,0.14285713050141788
2896,407e33c898f82f7fad13b07292352e241d38bc589e11d329209de743952121f5,Pest-Damage(513),4,0.9999999999999976,0.1428571409703988,0.14285714187939239,0.14285712892519037,0.14285715249073508,0.14285716167849655,0.14285712685929727,0.1428571471964896
2897,e864633fdfd2470f2b3e102f3aa916888374469fab8e2cdcaef7d92a6338253f,Pest-Damage(513),4,0.999999999999999,0.14285714207465652,0.142857142458734,0.14285713701393624,0.14285714689734674,0.14285715074320124,0.1428571361407897,0.1428571446713356
2898,55312c02b4345ba6ae3fa641272aa33cc1849b036b298df3e41bea2127ae20c6,Pest-Damage(513),5,0.9999999999999848,0.14285714841749889,0.14285714573811786,0.14285718390967986,0.14285711447015506,0.14285708739676115,0.1428571899982873,0.14285713006949977
2899,51f3326167df06ae230973f14a6db434e13e626278804b0069e0153cb2f02937,Pest-Damage(513),4,0.9999999999999835,0.14285713701371935,0.14285713984961398,0.1428570995043093,0.14285717283356195,0.14285720140053035,0.14285709305728084,0.14285715634098428
2900,afcc5fe2e87aef2ef2cbaaf4296151f3b7b56b1253c76cd0bb1e469d1d7f7e17,Pest-Damage(513),4,0.9999999999999976,0.14285714094016927,0.14285714186097023,0.14285712872297715,0.14285715263055834,0.1428571619542933,0.14285712662998296,0.1428571472610488
2901,e1871969003134aa70208676f0ed4bb8ddbfd7c23a386d2782f6851bc02a39a5,Pest-Damage(513),5,0.9999999999998166,0.1428571626324855,0.14285715307627112,0.1428572891716363,0.1428570416858513,0.14285694522785672,0.1428573108931708,0.1428570973127284
2902,2aec2ed83ceee2ca43690cb65da68fd50981e286228e5f1647887bdbc11b77de,Pest-Damage(513),4,0.999999999999999,0.14285714192797944,0.14285714238599811,0.14285713588409912,0.14285714767814656,0.14285715226431947,0.1428571348414319,0.14285714501802546
2903,12753a6511ed524e3e5e9b095b3db5558882df0d55697167785d7c848a0e963a,Pest-Damage(513),5,0.9999999999999653,0.1428571513959244,0.14285714726628662,0.1428572060398906,0.142857099168089,0.1428570575164207,0.1428572154247053,0.14285712318868346
2904,44a1c3eca01620ec36a009a76228335d52fee7212a3935c67568994349bdb268,Pest-Damage(513),5,0.9999999999999538,0.14285715273099506,0.1428571479741505,0.14285721574191373,0.14285709245867093,0.14285704439105001,0.14285722655095495,0.14285712015226484
2905,4e6626b7c2bb121a8738dedb390ec96308d93d6d3b2e3126822d2307bd833ef6,Pest-Damage(513),5,0.9999999999999909,0.14285714710268474,0.14285714505919175,0.14285717420542554,0.14285712118089158,0.14285710050658726,0.14285717885094715,0.14285713309427192
2906,47c9c398132bec3370a0b75234c1311bd9f6bc775a2225007db6fb2a57b46792,Pest-Damage(513),5,0.9999999999999141,0.14285715637120586,0.14285714984941483,0.14285724278207898,0.1428570737626695,0.14285700787891148,0.14285725760736942,0.14285711174834992
2907,20c0e04a71f86f5f2858e69ee900f7cc4b77a6662da8eaaf0fcb95a929a63599,Pest-Damage(513),5,0.9999999999999589,0.1428571521173194,0.1428571476315842,0.14285721145262453,0.14285709542574998,0.142857050214192,0.14285722164762482,0.14285712151090502
2908,317a18c27a98e3c3d6da664955fe20c6cc9d3eceacfd398469d2c2071ae868d7,Pest-Damage(513),5,0.9999999999998317,0.1428571618031192,0.14285715264903487,0.14285728301721945,0.14285704594125373,0.1428569535387129,0.14285730382420256,0.14285709922645734
2909,45ebc2fb994f27c323b8a42cbe20572c8a1120e80da8911f6c9ef23a03c99411,Pest-Damage(513),5,0.9999999999998976,0.14285715760882192,0.14285715047793177,0.14285725202411823,0.1428570673721365,0.14285699540613395,0.1428572682329326,0.142857108877925
2910,d3d8c7ad0417d71ada0f3115ebec645d8009968bc14dad8957de25a741dc99ca,Pest-Damage(513),5,0.9999999999999748,0.1428571500987173,0.14285714659570103,0.14285719646241277,0.1428571057909687,0.14285707045490675,0.1428572044243997,0.1428571261728938
2911,c44aab23c7cb8af11f94d0659556630caa1f8e2509e2443480b9d08943004736,Pest-Damage(513),5,0.9999999999998362,0.14285716155746683,0.14285715252695824,0.14285728114839916,0.14285704723318152,0.14285695605700563,0.14285730167380825,0.14285709980318043
2912,b97f243cf7be815a9f77a49be19f8ab0b2563fe5b44879a684288559e4b11631,Pest-Damage(513),5,0.9999999999999872,0.14285714794459042,0.14285714550198883,0.14285718032960962,0.14285711694527398,0.14285709222283524,0.14285718587931145,0.1428571311763904
2913,95e3cc54868605287bd8524c3e7dc4dc3f70da95452f0b527efd3befa0724229,Pest-Damage(513),5,0.9999999999997851,0.14285716428433642,0.14285715393037055,0.14285730138044178,0.1428570332437021,0.14285692873590644,0.1428573249145869,0.14285709351065592
2914,329e2dc60dda01a2202213f4803702dde02d818e5713e1c3c59a5b6282b5f3ef,Pest-Damage(513),5,0.9999999999998987,0.14285715750746306,0.1428571504209613,0.1428572513012702,0.14285706787179056,0.14285699638608032,0.142857267408104,0.14285710910433058
2915,644716260fefd2e06a07a1954a1012a7a97d558d3e6515600fbb37b36ffcce63,Pest-Damage(513),5,0.9999999999999878,0.1428571478418244,0.14285714544457287,0.14285717959560323,0.1428571174526627,0.14285709321773687,0.14285718504129855,0.14285713140630138
2916,f3d75417a4fb93b62c91df1b3554414ba1dcd83c6ff06c60f8bbb8e11ee4a945,Pest-Damage(513),5,0.9999999999999909,0.14285714713802689,0.14285714507233413,0.1428571744898535,0.14285712098387474,0.142857100125746,0.14285717918404134,0.14285713300612335
2917,45d608874bcce5822f4da0e35e9641217d0d7dbf634c2d8f429733f9f63e96cd,Pest-Damage(513),5,0.9999999999999638,0.14285715156689482,0.14285714735006336,0.14285720737470062,0.14285709824585166,0.14285705572114057,0.1428572169601192,0.14285712278122986
2918,8cc25930cd12371f647c26dac7d749cf82e339427d28de1a3523116cd98b2ccf,Pest-Damage(513),5,0.9999999999999362,0.14285715447603278,0.14285714885650164,0.14285722887308352,0.142857083380439,0.14285702667980563,0.14285724164700353,0.14285711608713392
2919,3c19be11afb2b9bc85ac84a67e4c00b3ea35792f40e677ec515b4875ca956fd1,Pest-Damage(513),5,0.9999999999998589,0.14285716021790526,0.1428571518441278,0.1428572711585474,0.14285705414067296,0.14285696954085306,0.1428572901915172,0.14285710290637632
2920,6ed6741e54b6c443cba0e510a288484b252665ec3fd429238e40be04f4955bcc,Pest-Damage(513),5,0.9999999999998452,0.14285716102647222,0.14285715224086498,0.14285727732190306,0.14285704987933173,0.1428569612378281,0.14285729729058433,0.14285710100301563
2921,0df9ca29ceefebd6840d9a5967a8064e2bd29ca3bc2c658b35bb35f6efced7aa,Pest-Damage(513),5,0.9999999999998196,0.1428571624779142,0.14285715300166704,0.1428572879836033,0.14285704250725575,0.14285694682715525,0.14285730952353926,0.1428570976788652
2922,1e12c46467eab12b7d82517337cfac7204b5bd1459389568f5cf91b6a1d1a3a9,Pest-Damage(513),5,0.9999999999997586,0.14285716555698033,0.14285715458365658,0.1428573108412267,0.14285702670213954,0.14285691596232575,0.14285733578371237,0.14285709056995877
2923,b2f864c161ff918f61c2a5854cf62ae5d42399e7ff1f7e48c4805b528d24dec9,Pest-Damage(513),5,0.9999999999998992,0.14285715747833225,0.14285715040875038,0.1428572510452029,0.1428570680484562,0.14285699672745147,0.1428572671123108,0.1428571091794959
2924,8c7ce1afa32578ac2ddbc9d47bcee8550908f92cafe51c0288b245fb69f63dc1,Pest-Damage(513),5,0.999999999999949,0.14285715323969567,0.1428571482220724,0.14285721965909745,0.1428570897509002,0.1428570391179856,0.14285723106265721,0.14285711894759148
2925,9da5d35f602cf975fd2a47b4fe5c04905252f93dfc990d62f58dc28d6409cb2d,Pest-Damage(513),4,0.9999999999999992,0.14285714226544574,0.14285714257663237,0.14285713823849383,0.14285714604979563,0.1428571490670247,0.14285713752962384,0.1428571442729838
2926,1943ae43afe6b1b7aed16f093f63d3495908dba54e54bbc6b5073d091b271373,Pest-Damage(513),5,0.9999999999999925,0.14285714666296473,0.1428571448240099,0.14285717099761946,0.1428571233986499,0.1428571048454882,0.14285717517623453,0.1428571340950333
2927,b3e3b4096128c5262d0131c934bf836b0144aff262c85fd2b3016e7739340785,Pest-Damage(513),5,0.9999999999999861,0.14285714814938652,0.14285714558623128,0.14285718205470624,0.14285711575336363,0.14285708991750048,0.1428571878800469,0.14285713065876496
2928,d74ea030dfb267d4afb3edd4cb183852d13b03ccae3d16df850ba8dcb4b4507a,Pest-Damage(513),5,0.9999999999998741,0.14285715921413472,0.14285715130218252,0.14285726394381956,0.14285705913011015,0.1428569793112489,0.14285728192765748,0.1428571051708466
2929,82c5308943b59de3cf82ae4d31d9d4eb57ab091f0ac7a88893317451f7281756,Pest-Damage(513),5,0.9999999999998858,0.14285715845626196,0.14285715092166415,0.14285725822305653,0.14285706308523075,0.14285698702506278,0.14285727534787784,0.14285710694084597
2930,73471afee278c36b1cd8c330c56f30ac83da987811d81fee81f57bfbfe0b10f7,Pest-Damage(513),5,0.9999999999999557,0.14285715250873288,0.14285714785229506,0.14285721416117395,0.14285709355191953,0.14285704653375986,0.14285722474213655,0.14285712064998218
2931,2d48c51908ec8a152a62b12bb7cc144ec157c257c172a890ace2d0a3081701b5,Pest-Damage(513),5,0.9999999999999258,0.14285715543098537,0.14285714937428634,0.1428572357135893,0.1428570786496638,0.1428570174133712,0.14285724948028344,0.1428571139378206
2932,8cbba9234e85a90e125b2ac41ce193278661167ff7b54bf92ea20990d3c289b8,Pest-Damage(513),5,0.999999999999903,0.142857157201186,0.14285715026150556,0.1428572490462238,0.14285706943111104,0.142856999433338,0.14285726481938632,0.1428571098072493
2933,3712c18fbf04cdf132d8b8531fb611ccd78819999d6d80dc70c5a320fb60f061,Pest-Damage(513),5,0.9999999999997441,0.14285716624556177,0.14285715494344253,0.14285731590132858,0.14285702320317056,0.14285690912335772,0.1428573415911721,0.14285708899196675
2934,86ee314ad28c6434db6b901ba61861ef45429311f978d1bea33ccb2e44163ef5,Pest-Damage(513),5,0.999999999999935,0.1428571545903652,0.1428571489323687,0.142857229556376,0.1428570829072529,0.14285702573765832,0.142857242416506,0.14285711585947297
2935,26bba05ebf9b4c4847f8c0bf6d302f23fc9f7aa13ff1af07aec0b524bde56a5f,Pest-Damage(513),5,0.9999999999999944,0.1428571460432229,0.14285714450976703,0.1428571663725635,0.14285712659684896,0.14285711108756835,0.14285716985785105,0.14285713553217816
2936,382777ffc70b4c1d63690289580a093895ebdabaca3d3392764289635db94113,Pest-Damage(513),5,0.9999999999998332,0.142857161721238,0.14285715260780976,0.14285728238756593,0.14285704637631705,0.14285695438663196,0.14285730310096648,0.1428570994194708
2937,23e0695eaff5765be929b37428991bc1087f94f39895c87a47c384380b52e576,Pest-Damage(513),5,0.9999999999998198,0.14285716246441887,0.1428571529913371,0.1428572879217952,0.1428570425502479,0.1428569469149976,0.14285730945522532,0.14285709770197808
2938,362a9847b5e1ca2f2cebd14d18843076bf6b4a18603080f8c414ad25215c94df,Pest-Damage(513),5,0.9999999999999811,0.14285714900396754,0.14285714600653002,0.14285718862153152,0.14285711121432756,0.14285708107550518,0.14285719543861408,0.14285712863952404
2939,9eb2d64c7e8f52355a6038ad4fe3ff74b78407ec6eea9ea9a7e55ac350c4379b,Pest-Damage(513),5,0.9999999999998774,0.14285715903864207,0.1428571512372515,0.1428572623956061,0.14285706019954975,0.14285698137288771,0.14285728012623497,0.14285710562982792
2940,62213577a4e5c9e9f219e709a6cf1577eb896af8894a2004476e7218744aa69f,Pest-Damage(513),5,0.9999999999999641,0.14285715155556344,0.1428571473676084,0.1428572070581862,0.14285709846358524,0.1428570561213236,0.14285721657580053,0.14285712285793267
2941,5243f1b8f7a4848ff0668171de2777ea92a784a527b2c2be98402fdf8ba867cb,Pest-Damage(513),5,0.9999999999998324,0.14285716175564603,0.14285715262450574,0.14285728266768824,0.1428570461829785,0.14285695401099324,0.14285730342265857,0.14285709933552965
2942,e3bde12dc2b533662f1ce97168a405be1027d7cb5ac315d68e3df2e7e14a0676,Pest-Damage(513),5,0.9999999999998855,0.14285715844673402,0.14285715090831805,0.1428572582521289,0.1428570630658665,0.14285698699714036,0.14285727538769674,0.14285710694211537
2943,cad367d5856512bcc798b5e1c6bfa5eb08946e62b392902283c404dc45ffce30,Pest-Damage(513),5,0.999999999999835,0.14285716163049966,0.14285715256622852,0.1428572816553049,0.14285704688221762,0.14285695536873863,0.1428573022558174,0.1428570996411932
2944,9cf4e20f8dba0d564595c7f74dec975f7de319ffd62eeaa96b8287d34013154d,Pest-Damage(513),5,0.9999999999999178,0.14285715606420502,0.1428571496867826,0.1428572405183466,0.14285707532747915,0.14285701093823247,0.14285725501326502,0.14285711245168922
2945,7e3e7d17d6183fc905a5b06f51f49ecddd13b33c00fb3008fae8e00ccbce641b,Pest-Damage(513),5,0.9999999999998255,0.14285716214887972,0.14285715283243192,0.14285728553103794,0.14285704420285986,0.14285695013799718,0.14285730670684443,0.14285709843994893
2946,9cf83367b7bc4184177fd73382ffba2c11ed877d799f6e6f461cd977458747cf,Pest-Damage(513),5,0.9999999999999026,0.14285715724471856,0.1428571502946883,0.14285724926604534,0.1428570692786872,0.1428569991243194,0.14285726506206692,0.14285710972947424
2947,432adcad0a385972194fee4c4067b0e9e45d7fc9553a9f93b0386ddb14a4083b,Pest-Damage(513),5,0.9999999999999536,0.14285715275861907,0.14285714798759486,0.14285721599853793,0.14285709228219926,0.14285704404955912,0.1428572268434368,0.14285712008005289
2948,aa24efb7181fe2abb3e3d35b6c5e586d4fb7c5f70a22f72aeb6e09a05d7f4d8c,Pest-Damage(513),5,0.9999999999999163,0.14285715620147513,0.1428571497621225,0.14285724150558737,0.14285707464494876,0.14285700960106223,0.1428572561421155,0.1428571121426885
2949,7e9e12722f311aa24ae293d4c496ccb6d5856f7c7107d19debfd8d905ad5bf7e,Pest-Damage(513),4,0.9999999999999989,0.14285714196145807,0.14285714237082617,0.14285713646613116,0.14285714727748944,0.14285715151719805,0.14285713553801982,0.14285714486887732
2950,3d39869ee8762190c8e0e8493de6d70e5314c420d5b25aba2a9c3b1f1fea87be,Pest-Damage(513),5,0.9999999999999111,0.14285715662416376,0.14285714998369364,0.14285724458679291,0.14285707251393862,0.14285700543414495,0.14285725967896512,0.14285711117830102
2951,441fd165a3ec09a789c91364e27eb3ce6820ac7121e0c69fb870491f703957e6,Pest-Damage(513),4,0.9999999999999963,0.14285714041570743,0.14285714161762383,0.1428571245767341,0.14285715549641048,0.1428571675232219,0.14285712184293767,0.1428571485273646
2952,0b8b4aed93a86a3483614b5867c63a1cd7b3decc37f0fe272434d0ee240a6954,Pest-Damage(513),5,0.9999999999997974,0.14285716365782938,0.14285715360836373,0.1428572967307997,0.14285703645874315,0.14285693501452623,0.14285731957290548,0.1428570949568324
2953,9bbdeca088ef1d3fa21fcfb3d2332e6cf200d9471a304e008cbe9175caf6d484,Pest-Damage(513),5,0.999999999999964,0.14285715156128512,0.14285714737301908,0.1428572070752527,0.14285709845165487,0.1428570560952648,0.14285721659325135,0.14285712285027202
2954,4d892e52a94c86b02573f4d3edee03d511fb601e72fb3e4c960941ca36ac8243,Pest-Damage(513),4,0.9999999999999992,0.14285714254603074,0.14285714267137029,0.14285714080676873,0.1428571442761631,0.14285714565604954,0.14285714052442747,0.1428571435191902
2955,b58d78729c968d15d920bdbe8d65e7387bdc9ae2e5f2d5ff1d0164daf53cc4ff,Pest-Damage(513),4,0.9999999999999915,0.14285713878509856,0.14285714074565703,0.14285711280146182,0.1428571636399463,0.14285718346235404,0.14285710834581658,0.14285715221966558
2956,936aa932fa62aa6af8051fb3cabba59386625dee577e86bf61814855c6d418a7,Pest-Damage(513),5,0.9999999999999973,0.1428571447397672,0.14285714379970932,0.14285715708931648,0.14285713301759123,0.142857123669011,0.14285715922904396,0.14285713845556072
2957,9429c4e683bc7b8361cc9d620225cf4f0f18f8d301d5877b13777fc64a71cee4,Pest-Damage(513),5,0.9999999999999925,0.14285714664539687,0.14285714479143535,0.14285717111612814,0.14285712331814462,0.14285710471432855,0.14285717533226705,0.1428571340822995
2958,b6342538683eedc54bcc406cf4570fa985aeb598ae7676d3c3bb37c6db8d0c6e,Pest-Damage(513),5,0.9999999999999969,0.14285714504179603,0.14285714395475593,0.14285715935283444,0.14285713145288875,0.14285712061459432,0.14285716182827243,0.14285713775485803
2959,188074dd81c27e4523ac33a5881fa177cecf288853353f609cc7f06651f8193b,Pest-Damage(513),4,0.9999999999999984,0.14285714146169481,0.14285714210971595,0.1428571328049304,0.1428571498093895,0.14285715646651706,0.14285713133528471,0.14285714601246752
2960,6c1f61fa0899148b33400e18dd1a949f83c0461d4c004e2172d956900939985f,Pest-Damage(513),4,0.999999999999992,0.14285713889281135,0.1428571407952817,0.14285711366892562,0.14285716304063772,0.14285718229868985,0.14285710934673154,0.14285715195692228
2961,b3bba84959fec2c525d87835a32d2a7add10ae471bca94024cceac511b30f1be,Pest-Damage(513),5,0.9999999999999978,0.14285714464453214,0.14285714376154454,0.1428571562584712,0.14285713359121105,0.14285712477681628,0.14285715826611728,0.14285713870130765
2962,5b4d9568b5c256e1eb9aa6e56a2d73f8cda3c9c405ecaffc197ed8ff836de766,Pest-Damage(513),5,0.9999999999999307,0.14285715497751722,0.14285714912404301,0.1428572324866424,0.1428570808811035,0.1428570217878667,0.14285724579045977,0.14285711495236747
2963,11afc769ec89a9b57dc7aab88728d6c3f85e0c20dec18b0b97b0a03adb418e51,Pest-Damage(513),4,0.9999999999999887,0.1428571381048528,0.14285714039357145,0.14285710777661917,0.14285716711452903,0.14285719025040744,0.1428571025753176,0.1428571537847025
2964,c459a0bd9c076cf4c4c465969216795dc5fc094c452c7ea9d5047db408deb491,Pest-Damage(513),5,0.9999999999999056,0.1428571569925029,0.14285715013942593,0.1428572476762859,0.14285707037973985,0.14285700130345397,0.14285726325658843,0.142857110252003
2965,e632b4ff9a325f1d9ba0303598e186100454d253a3282c367ea370fcf8b66e8e,Pest-Damage(513),4,0.9999999999999871,0.14285713781340542,0.14285714026649124,0.14285710538789137,0.14285716876515311,0.14285719344956055,0.14285709981091657,0.14285715450658168
2966,4155be0394b7dc363e1d588097f068117e0d73ce715274cf477634d1c3276a4b,Pest-Damage(513),4,0.9999999999999868,0.14285713767875777,0.1428571401822247,0.14285710453089384,0.14285716935830195,0.14285719462363725,0.1428570988402112,0.14285715478597327
2967,8ebd74c2b6bb39e765ec16a37b87a93dbe0a39836ba8c97e2235559d9566b7b0,Pest-Damage(513),5,0.9999999999999936,0.14285714632046587,0.1428571446366581,0.14285716857085493,0.14285712507725606,0.14285710813589578,0.14285717239812562,0.1428571348607436
2968,eeec7b41d7af5fad0e0697cc35d26be64c646e9b37c0984948d270ba3919ea6e,Pest-Damage(513),4,0.9999999999999934,0.1428571393272044,0.14285714103431985,0.14285711671876963,0.142857160930673,0.14285717816038726,0.14285711283768152,0.14285715099096435
2969,1eff4394db34803f05fa4ed5bc4b2d27623d720af558d1276dbb145a3c5f228f,Pest-Damage(513),4,0.9999999999999661,0.14285713442346176,0.1428571384971109,0.14285708046582107,0.14285718599840477,0.1428572271312939,0.1428570712056383,0.1428571622782693
2970,665f75893292c6c9478c43b35a852dea2492cf30257a7344d7d3496eb13d5531,Pest-Damage(513),4,0.9999999999999932,0.14285713925291643,0.1428571409881335,0.14285711624652023,0.14285716125758344,0.1428571788073509,0.14285711230226344,0.14285715114523212
2971,31781bb7b3f89ca37184602f6f4613f6e1350e1c7f8d9ceda90897fa8ca6fbb5,Pest-Damage(513),5,0.999999999999999,0.1428571436544205,0.1428571432777152,0.14285714865659163,0.14285713884632148,0.14285713501228503,0.14285714951087872,0.14285714104178757
2972,c666aaefbbad9cdfc1fc07c28c14c8fbfcb2f580e67b82b48ba0fdfb5e812287,Pest-Damage(513),4,0.9999999999999991,0.14285714232295416,0.14285714258359253,0.14285713887264068,0.14285714561201324,0.14285714823542633,0.14285713827936095,0.14285714409401215
2973,d447f007c725e54a56a6496d0d3c2550e479f82e88741c4f300ea59916ac27bd,Pest-Damage(513),5,0.9999999999999312,0.1428571549240791,0.14285714908793382,0.14285723218134558,0.14285708109273282,0.14285702221068655,0.14285724544702205,0.14285711505620005
2974,c49c270fd73be89a6cc1f99b15bf1a15b07c862984b8afae25172e5823443698,Pest-Damage(513),4,0.9999999999999752,0.14285713569400038,0.1428571391611903,0.14285708979490477,0.1428571795473816,0.14285721452189773,0.1428570819128029,0.1428571593678223
2975,633ee21d27f2d1fecf04ed8a8b3b872302907e2b3c134e0e3edbf5c6ddb93809,Pest-Damage(513),4,0.9999999999999982,0.14285714136473793,0.14285714207843225,0.1428571318792684,0.1428571504480927,0.14285715769288818,0.14285713025687144,0.14285714627970908
2976,0888fbb604a025a790fb03c83e8dde01db00ed32fb3ca1c9b109e6f903514632,Pest-Damage(513),5,0.9999999999999989,0.14285714368821428,0.14285714328642857,0.14285714898730095,0.14285713861793126,0.14285713457521815,0.1428571498988993,0.14285714094600746
2977,797250d1af41ffe4cb3da223b330f258f105a35228aee5f50330ce91f97e949c,Pest-Damage(513),4,0.9999999999999649,0.1428571342902339,0.14285713843963255,0.1428570793856525,0.1428571867451484,0.14285722857881428,0.14285706995375716,0.14285716260676126
2978,bd68d760c7cdf940ffbcf0188cae663d9dc7126d4243cde9c179e8e73b0d3955,Pest-Damage(513),4,0.9999999999999837,0.14285713706660347,0.14285713985622464,0.14285710008799216,0.1428571724306705,0.1428572006350791,0.14285709374696823,0.14285715617646194
2979,a3f2f3146cdbd03d230fb8b12716e85b628192ca9df58dd7310e78da3101f43f,Pest-Damage(513),5,0.9999999999999969,0.1428571451075099,0.14285714403486893,0.14285715934768412,0.14285713145355522,0.1428571205645559,0.14285716178343644,0.14285713770838945
2980,1840a677605524b7412a7eb349d84770d6e291d73ef2c70b465606b2ece4d873,Pest-Damage(513),4,0.9999999999999989,0.142857142001719,0.14285714241288414,0.14285713654400148,0.14285714722243684,0.1428571513864121,0.14285713560912347,0.14285714482342302
2981,1a9a626d3087d655e38159ab2db99bf13ea663c87f1fbbcdf2727f4a23e550da,Pest-Damage(513),4,0.9999999999999923,0.1428571389937488,0.14285714085839826,0.14285711428307282,0.14285716261495007,0.14285718145410736,0.14285711004388466,0.142857151751838
2982,de1f9f0f3cca16a3885a2a2e2dac4e322e474544cea242077d8567ee26481779,Pest-Damage(513),4,0.9999999999999701,0.14285713498893504,0.14285713880265064,0.14285708454252946,0.1428571831793996,0.14285722161168812,0.14285707587401902,0.14285716100077814
2983,d97bc20b63cbe355b504133f82874b3706bca164f762f2529d906227dd547b13,Pest-Damage(513),4,0.9999999999999978,0.14285714114528203,0.14285714197324295,0.14285713016839388,0.1428571516305949,0.14285715999367155,0.142857128285064,0.1428571468037508
2984,ebe8fcd7e1c54ad885cdc26461bc70e606b94528a4494057ec51cfabc025dd10,Pest-Damage(513),5,0.9999999999999303,0.1428571550162788,0.14285714913741135,0.14285723283398766,0.14285708064112523,0.14285702132591713,0.1428572461956691,0.14285711484961078
2985,907e8569dc80b8a654d5eacd56d3b4adf881f61803b991e6634864f98af8c2a5,Pest-Damage(513),4,0.9999999999999969,0.14285714059006652,0.14285714168081826,0.14285712611468898,0.14285715443384567,0.14285716547542865,0.1428571236344764,0.14285714807067557
2986,22aa1412d5bbab50dc3ddc7dffdffcd042c2a2fae6cb41c236a902dc5c7a8222,Pest-Damage(513),4,0.9999999999999897,0.1428571383675411,0.14285714053679735,0.1428571096377236,0.14285716582711033,0.1428571877270797,0.14285710470660237,0.14285715319714548
2987,37c48f2ae61136d061fdb7209290784250a7c902211380447b4202ed0e3351a3,Pest-Damage(513),4,0.9999999999999887,0.14285713810402983,0.14285714040764844,0.14285710760984363,0.14285716722881192,0.14285719045710613,0.1428571023719644,0.14285715382059572
2988,65618c09c1375e401afc0c999b6fab8a64862dae324d3be9006097825d875516,Pest-Damage(513),4,0.9999999999999932,0.14285713927329471,0.1428571410096354,0.14285711628476178,0.1428571612305448,0.14285717874255496,0.1428571123366575,0.14285715112255085
2989,7897177c91204444583d131ee0b56fe1f22fd98949cb43f0445bf37dd5c84cf2,Pest-Damage(513),4,0.9999999999999819,0.14285713674330008,0.1428571396943641,0.14285709764443794,0.14285717412005908,0.14285720392957613,0.1428570909359925,0.14285715693227014
2990,dc7e1b5022abd7faf6f3d7baa69f406c258b63d9b7bf76777cf5a0c50cbc0173,Pest-Damage(513),4,0.9999999999999738,0.14285713548330758,0.14285713905527267,0.14285708822032492,0.1428571806362947,0.14285721664656342,0.1428570801009135,0.14285715985732317
2991,91127c61224e25f24856b93469f8f7f469f4515f5ceef2cce4ac93419d9e51c6,Pest-Damage(513),4,0.9999999999999868,0.14285713769427294,0.1428571402046938,0.14285710451659825,0.14285716936780102,0.14285719462744248,0.1428570988099577,0.14285715477923397
2992,e1144d4c1e058dfcf46bf95d4c59a852ab8153840daa798fd839835de58ba4d6,Pest-Damage(513),4,0.9999999999999694,0.14285713484351328,0.14285713871564934,0.14285708357084734,0.14285718385156715,0.1428572229366847,0.1428570747695342,0.142857161312204
2993,37231c6382a89b1da99cb976083ff98b97755507e737abb74872fd135a0c8b0c,Pest-Damage(513),4,0.9999999999999866,0.1428571376248049,0.1428571401414318,0.14285710426139714,0.14285716954529337,0.14285719500286045,0.1428570985421099,0.14285715488210235
2994,fac744dfbd28db19c2a0ca565337fe2b36575a497cc1cddf67866140d1fd4258,Pest-Damage(513),4,0.9999999999999952,0.14285713993381288,0.1428571413379929,0.142857121300774,0.14285715776277913,0.14285717198244635,0.1428571181088687,0.1428571495733261
2995,85ed2395d9351608614dcdacbdd98a828f865fcfe847d98cb8de41e6aa8b5a61,Pest-Damage(513),4,0.9999999999999981,0.14285714134689884,0.1428571420897348,0.1428571315530967,0.14285715067286595,0.14285715811038238,0.142857129863338,0.14285714636368338
2996,32dfa2ccb9ac442f566643eb1f22fada50b1cc8373ff09ef45246544ac46f8fe,Pest-Damage(513),4,0.9999999999999748,0.1428571356428284,0.14285713913357254,0.1428570894175132,0.14285717980817528,0.14285721503197196,0.14285708148111106,0.14285715948482747
2997,791edd337adf6601ddbb588f3a5293226e54dd771515f9ef62c7335104dddfee,Pest-Damage(513),5,0.999999999999999,0.14285714376182715,0.14285714334640345,0.14285714934744545,0.14285713836855718,0.14285713406636272,0.142857150290759,0.1428571408186451
2998,a0385df84ccb64b09339b11995e47b24ba9e13fba82bc959e5cfc01b32df032d,Pest-Damage(513),5,0.9999999999999251,0.1428571554622398,0.142857149371115,0.14285723610265744,0.14285707838082687,0.1428570169071757,0.1428572499466296,0.1428571138293556
2999,d05aa6cde992f89ab881080d287c6ae8695e07147405d5f12df61cd53a061a40,Pest-Damage(513),4,0.999999999999994,0.14285713945230466,0.1428571411035934,0.1428571175994827,0.14285716032149415,0.14285717696548875,0.14285711384494904,0.14285715071268737
3000,1a409a8199ef6f54d57a43909e818889936b1a1eb6db39f152f7ac68dc84a5cf,Pest-Damage(513),4,0.9999999999999893,0.1428571382550513,0.14285714046820536,0.14285710890916856,0.14285716633137618,0.14285718872332287,0.14285710387922143,0.14285715343365438
3001,20bf3f402fa3dcc94e2748a74fae144700d9d37ad15aed1c974bb5ef4acbc651,Pest-Damage(513),4,0.9999999999999847,0.14285713728961905,0.14285713998571303,0.14285710160211243,0.14285717138314538,0.14285719857385476,0.14285709547282419,0.1428571556927312
3002,4b3c75261abd822b843482be592251bacf9a1354af4deb3161cf535a22a78e7c,Pest-Damage(513),4,0.999999999999977,0.14285713597043387,0.14285713930510915,0.14285709182915413,0.14285717814071694,0.14285721177287292,0.14285708424811228,0.14285715873360075
3003,76415694b7b25941227c10cd7b31dbb25128be69162dae8329a0237b607c050e,Pest-Damage(513),4,0.9999999999999856,0.14285713746615145,0.14285714008306288,0.1428571028527014,0.14285717051822502,0.14285719687801565,0.14285709690326642,0.14285715529857704
3004,441502aab7dd3acdfef209ee708fd86e295541e70bc136df2e8736dead7c14b3,Pest-Damage(513),4,0.9999999999999991,0.14285714241771066,0.1428571426179772,0.14285713972991823,0.1428571450201743,0.1428571470955745,0.14285713927614535,0.14285714384249976
3005,f42e276f6a5a89ae6cadd4e9cdab6923bdb8ac79fe4183e6562c29b25a5e5e5e,Pest-Damage(513),4,0.9999999999999917,0.14285713883287904,0.14285714077757714,0.14285711307978943,0.14285716344707858,0.14285718307765688,0.14285710865924037,0.14285715212577854
