feature_row,source_id,class_label,hard_label,entropy,membership_0,membership_1,membership_2,membership_3,membership_4
0,b855dcf781196bdf4acdb6d3be0f3aa9f92a2a293d651b2d2bb180a8bf73035e,Anthracnose(102),4,0.9999999999999797,0.19999997070852074,0.19999996438077713,0.199999947171392,0.20000003838559172,0.2000000793537185
1,87cbaa0917db06ba22386cfefc348f6e0f1c8d41f630462a04943de4865a5db4,Anthracnose(102),4,0.9999999999999928,0.19999998288903345,0.1999999791921175,0.1999999691413619,0.20000002242189588,0.20000004635559138
2,4a8cf82c320296d8022fa24f70b49324ec0cb8a233815cc77f65c996ac1d0060,Anthracnose(102),4,0.9999999999999784,0.1999999697869083,0.1999999632582888,0.1999999455129003,0.20000003959012516,0.2000000818517774
3,beaca11596033dd112544ffda1492c5001772c521478dc629b6a217377080128,Anthracnose(102),4,0.999999999999982,0.19999997252006158,0.1999999665843537,0.1999999504456489,0.2000000360063433,0.20000007444359247
4,eb2943a18cceec63d2092dedf0198eb7804a571e3afa3c038349f5df330e3f06,Anthracnose(102),4,0.999999999999988,0.19999997763224509,0.19999997279794143,0.1999999596682344,0.20000002930441654,0.20000006059716266
5,70b5a84d44ffda7840ad92c2faacd92ea09254dfb3634a3348cf213e0cfa4456,Anthracnose(102),2,0.9999999999999979,0.20000000787681255,0.2000000095733531,0.20000001422185795,0.1999999896645907,0.19999997866338562
6,6513ae19078b995e6b34bf8d7aeea25a37be6006561731d370f4d5329a502e43,Anthracnose(102),2,0.9999999999999885,0.2000000217888824,0.20000002649055856,0.20000003931756355,0.19999997142965859,0.19999994097333698
7,c7aaa4a29753ec27c41c9c2bcdcdab975d27eec4cf4e70b60c8dee53acb51aee,Anthracnose(102),4,0.9999999999999813,0.19999997206875475,0.1999999660347458,0.1999999496255425,0.20000003660232454,0.20000007566863243
8,8396b72c811ffc54aa9b89298c6afaa43a3ebf726bef63635d25148fdea4b6b4,Anthracnose(102),4,0.9999999999999812,0.1999999718897575,0.1999999658171047,0.19999994930452092,0.20000003683550507,0.20000007615311188
9,bb4e4be9f661773672aa4b393cc3e825bf0f62b4d563b17df43d77247ae10a45,Anthracnose(102),2,0.999999999999968,0.2000000369845249,0.2000000449716608,0.20000006674118154,0.19999995150328506,0.1999998997993478
10,e12d7b8c036b365bd2dcb9ab1559ec380a9b1a2e6217104892f11182c35ae25d,Anthracnose(102),4,0.9999999999999925,0.19999998260155474,0.19999997884232495,0.19999996862301814,0.20000002279847245,0.2000000471346296
11,c6a52e79d8dcf8418e820334987c61fa30b74f8e443d9ce7de6b6e2a8d67b521,Anthracnose(102),4,0.9999999999999875,0.19999997719529672,0.19999997226669325,0.19999995887461444,0.20000002988132606,0.20000006178206953
12,7db30e7a704366f44641e124b4052c8d47295a96fbc19f437249f90714b2c0d5,Anthracnose(102),4,0.9999999999999881,0.1999999778798521,0.19999997309933557,0.19999996011517315,0.20000002897971206,0.20000005992592707
13,2cb6a7b46210b7b9362b49c03e03b521e06058a615bee11dad4631686f2f43c0,Anthracnose(102),4,0.9999999999999921,0.1999999821455291,0.19999997828829852,0.19999996780093832,0.2000000233958904,0.20000004836934362
14,46b56510d1634f55da4625ff12d15fd342cd90b0e524fc58b42f790ff3f734ce,Anthracnose(102),4,0.9999999999999745,0.19999996704326545,0.19999995992178743,0.1999999405652539,0.20000004318506528,0.20000008928462792
15,6943ab94dac5431b78c31b826203c3fb49b82e2d99f383935f2804fb69bc9d3e,Anthracnose(102),4,0.9999999999999863,0.1999999761799324,0.1999999710317218,0.19999995705049006,0.20000003120640097,0.20000006453145489
16,c8657185ea469ecd1112d617e67b58d06b60ae28da226daa1f7b7b0f27b3cd38,Anthracnose(102),4,0.9999999999999988,0.19999999500355337,0.1999999939193949,0.1999999910109154,0.20000000652958214,0.20000001353655406
17,4c2b44f3e3130972dad56d12bf4c65bfddfe70f94e120e268109d1b0ad97437f,Anthracnose(102),4,0.9999999999999808,0.1999999715841488,0.19999996544658047,0.1999999487419671,0.20000003724498427,0.20000007698231925
18,3f7812fb258535235edd6c60f77da30efe62efc24ac972e0a3f842ca1220424d,Anthracnose(102),4,0.9999999999999746,0.19999996715999824,0.19999996006846407,0.19999994076030148,0.20000004304498709,0.200000088966249
19,526fd33e4b2ea5317eab207b64b358fb75925782ebac10fe639c35e4d6f8cb6d,Anthracnose(102),4,0.99999999999998,0.19999997100160918,0.19999996473922682,0.19999994768809307,0.2000000380110908,0.20000007855998012
20,1603d84c9698fb404321601923cdfa49348e52d3127dea0fc9cb323156dd43e5,Anthracnose(102),4,0.9999999999999793,0.19999997050259408,0.19999996413321394,0.19999994679561583,0.2000000386594099,0.2000000799091662
21,23267d001bb4a99631f67e346cd47ba951e215063368aece482c982e3a395686,Anthracnose(102),4,0.999999999999975,0.19999996734085643,0.19999996028872646,0.19999994108712124,0.20000004280755843,0.20000008847573747
22,6b1a65bb153f42171dda7e15979b6558a67e6c1c17b8bb62233a876beff828f2,Anthracnose(102),4,0.9999999999999801,0.19999997103455744,0.19999996477474014,0.19999994776793967,0.20000003795123875,0.20000007847152398
23,01e291f8b62ce05388421f18ea31d1b500449970622347a63731caa7aa45ef5d,Anthracnose(102),4,0.9999999999999982,0.1999999931167275,0.19999999162668056,0.19999998759751839,0.20000000901058115,0.20000001864849243
24,3fd350dd6a779747d6b949ab04631bac51bda24b29c569b920a3b6153e591c9d,Anthracnose(102),4,0.9999999999999899,0.1999999797282519,0.19999997534768132,0.19999996344585383,0.20000002655989518,0.20000005491831788
25,dddbba7d6bb902b9b68f634ba95e2f5a769fada859ee665818e31341d015efa0,Anthracnose(102),2,0.9999999999999949,0.2000000137129328,0.2000000166718106,0.2000000247682786,0.1999999820009321,0.19999996284604582
26,e4f3dea2556bf0d86ee01610a31409547e087f3c9bc9e2c83b1ea8bc7559541e,Anthracnose(102),2,0.9999999999999937,0.200000015742209,0.2000000191388527,0.2000000284229479,0.19999997934552446,0.1999999573504659
27,dc0d5ee594b0e487eb50870c4323a05a8f17acb1fb8a3b7b114849203ef2176c,Anthracnose(102),4,0.9999999999999865,0.1999999764228032,0.1999999713296204,0.19999995748536067,0.20000003089107862,0.200000063871137
28,8c2b8abcb7b63c6b87e783aade8f916cc2ac6424e5e34d9e2a489d01b6ec8fd1,Anthracnose(102),2,0.999999999999995,0.20000001380188814,0.20000001677706333,0.20000002490992197,0.19999998189821397,0.19999996261291259
29,ff9372bab07609f953cf6be2c245e37799272f1ec8a68337c6f803ad93b82ce3,Anthracnose(102),2,0.9999999999999979,0.20000000793010156,0.20000000964086567,0.20000001432413445,0.1999999895905889,0.19999997851430942
30,b546b24bfe5990f26917a5222f981caccf8d9ce4cdd5ee38b7942ccaa7ff9c04,Anthracnose(102),4,0.9999999999999769,0.19999996880406795,0.19999996206268092,0.1999999437402755,0.20000004087804682,0.20000008451492887
31,637e2a107e65d1fb2d6085f530a07490065d817d1f3fb6169b7879e36beb0ec5,Anthracnose(102),4,0.9999999999999993,0.19999999966623144,0.19999999959301776,0.19999999941998958,0.20000000042026117,0.20000000090050005
32,855e9426fd6d91ac21637554877003c2c11787d77125bf15a1242a7a05b0c621,Anthracnose(102),4,0.9999999999999989,0.19999999617773515,0.19999999534785592,0.19999999311276662,0.20000000500317391,0.20000001035846826
33,6633a1d0326882dda1027f430c744fd6c96d897de3e0e92a1e63c68ba851eaf7,Anthracnose(102),2,0.999999999999988,0.20000002219274166,0.2000000269819608,0.20000004004317798,0.1999999709025872,0.1999999398795323
34,d3033583481d5ef2b835943a628bdd25ff3c0227931663e6220dc12d07e844f6,Anthracnose(102),2,0.9999999999999686,0.20000003664809748,0.20000004456272558,0.20000006613456142,0.1999999519440905,0.19999990071052506
35,300cecedb217cbabc4cfc1033533bfbc7cfc205d9e7006b9362d33121e991b76,Anthracnose(102),2,0.9999999999999982,0.20000000737534146,0.20000000896438694,0.20000001331100256,0.19999999032688504,0.19999998002238403
36,fde6ffdfd86c52e53fb52cb5fc24bdeaa20020806909cae2c7fa6129ea6b9e17,Anthracnose(102),4,0.9999999999999789,0.19999997024239313,0.19999996380967633,0.1999999463431838,0.2000000389859674,0.20000008061877933
37,2590e251f3c970b2d1755f440da6a8f8106a2e492c60381d4fb8a2dcbb831cbf,Anthracnose(102),2,0.9999999999999813,0.2000000279499016,0.20000003398325483,0.20000005043598584,0.19999996335079337,0.19999992428006447
38,20ab23b74fa4051b438c072656c0419d9b64268fd753d1ccae03291e8e79ea93,Anthracnose(102),4,0.9999999999999916,0.1999999815308003,0.19999997753900847,0.1999999667085924,0.20000002418853952,0.20000005003305935
39,d53065c50881932945274b202986315c642d577e71f3481906fbf08a67bbcafe,Anthracnose(102),4,0.9999999999999556,0.19999995635775175,0.19999994693114567,0.19999992128893251,0.2000000571922255,0.20000011822994457
40,ada9ad9e1ff692d8d6292ff9fd6f756a1f23dfd9163fcbda45c277a80aa1e64c,Anthracnose(102),2,0.9999999999999774,0.20000003092579166,0.20000003760202464,0.20000005580188476,0.19999995945193366,0.19999991621836527
41,088c56602036bd5d2c12454a7904a27c36fd75e7ff9b937dd08b2af2ae239063,Anthracnose(102),2,0.9999999999999117,0.20000006177801513,0.2000000751191254,0.20000011145121105,0.1999999190165337,0.1999998326351146
42,743d97fecbfc390bda0cc15fced8621e25ce7139dcfd3c6fbac0df8baefeebd6,Anthracnose(102),4,0.9999999999999863,0.19999997607429312,0.1999999709027146,0.19999995684881552,0.20000003135330166,0.20000006482087515
43,288468bc4e55c95e275129f485ece832d7ff723f53bcedd69f62518941357831,Anthracnose(102),4,0.9999999999999396,0.1999999489993312,0.19999993798952553,0.19999990799183123,0.20000006685641997,0.20000013816289205
44,5254c94a9c32179394f97e92eab25511c20ab2bdbfd543d7c73e88f7b10de099,Anthracnose(102),4,0.9999999999999835,0.19999997373781592,0.19999996807598425,0.1999999526113246,0.20000003443633355,0.20000007113854168
45,30bccc1c2b82e759b7518ba3b503a2a3515ef2696ea721cd3b8a8d7dc819a442,Anthracnose(102),4,0.9999999999999796,0.19999997069308095,0.19999996436547732,0.19999994712864402,0.20000003841801123,0.20000007939478653
46,236f52ec7f2899536cd8efe6746fa54e68eeee76bfa9e04df7e96d285d57710f,Anthracnose(102),4,0.9999999999999992,0.19999999733664525,0.1999999967602737,0.19999999521236647,0.2000000034778409,0.20000000721287362
47,cd262eccae38a1aa540bac534149af4c19d0af23b3c99699dcce5683e3775ae9,Anthracnose(102),4,0.999999999999983,0.19999997328228664,0.19999996751047672,0.19999995182231986,0.20000003500579394,0.20000007237912282
48,04476335c3684d9f55a6650e20aefd425dbca23dc22311ab4272e3951d8491bc,Anthracnose(102),2,0.9999999999999888,0.20000002141024129,0.20000002603367423,0.20000003864401045,0.1999999719193927,0.1999999419926814
49,56bdf45b42927f63521317e54cfe65629a3bf646960a7127ffb592b9210c85ed,Anthracnose(102),2,0.9999999999999812,0.20000002815687637,0.2000000342361032,0.20000005081729127,0.1999999630736357,0.19999992371609354
50,7635ebbf32ccd0335b43954f9e4dc5c1311f3d7c37dae04c67ad186c3823a2d7,Anthracnose(102),4,0.9999999999999988,0.19999999564128673,0.19999999469599208,0.19999999216046008,0.200000005694571,0.2000000118076902
51,947a448f80e13331a1ee9be1e87f13758d09df3223722889ce2cebf80ec7b315,Anthracnose(102),4,0.9999999999999766,0.19999996843011988,0.1999999616102827,0.19999994306266064,0.20000004137103447,0.20000008552590237
52,7a61aa4577d16a4a29822b7913e870b3f53ecf8008b895d6e758d6dbfeb45139,Anthracnose(102),2,0.9999999999999943,0.20000001465611092,0.2000000178228965,0.20000002645705378,0.19999998077526288,0.1999999602886759
53,048d20e31c78478c5d4935c178c5be56ed9fca5d4cdd14aa62397730bfde9a4d,Anthracnose(102),4,0.9999999999999876,0.199999977338809,0.19999997244250173,0.19999995913997354,0.20000002968851163,0.20000006139020413
54,63ca46c5484394a464f4ae638813aa1b696a333fce518880aa7d5fd43f8553be,Anthracnose(102),2,0.9999999999999054,0.20000006397249165,0.2000000777890327,0.20000011541415338,0.19999991613708762,0.19999982668723465
55,329e461f725e88562b70a475d166e1f4cc0f56d93862dbef6c45310569d6a26f,Anthracnose(102),4,0.9999999999999925,0.19999998267471444,0.1999999789343556,0.1999999687705655,0.20000002269123,0.2000000469291345
56,858ddddace8d89d438a7994cfecf0a112605e3c632ff57bfaef3a9ac3a96392d,Anthracnose(102),4,0.9999999999999812,0.1999999719501792,0.19999996588722124,0.1999999494257948,0.20000003674616557,0.20000007599063918
57,02d77159eb88650fc95f6fb8481963fcbc60f0cd00e0b73266f26aa6f4490b20,Anthracnose(102),4,0.9999999999999942,0.19999998503942676,0.1999999818090253,0.19999997303679612,0.200000019591124,0.20000004052362777
58,0f37b8632b7a592b301bd52c402f0babf9f028e55c15eb8c65fb90c695843f31,Anthracnose(102),4,0.9999999999999919,0.1999999820881392,0.1999999782172657,0.19999996770101075,0.20000002346809148,0.2000000485254928
59,80fb9cd31bf8d4494ef633dd7ac94315e68687f8d8e1d57a2abd620681d7c1a6,Anthracnose(102),4,0.9999999999999836,0.1999999737980633,0.1999999681361078,0.19999995275519472,0.20000003432754002,0.20000007098309422
60,c8786037cedc3d54b680c225e4e9e4e4e50f4d64da8b4de5c472f6973d56ee88,Anthracnose(102),4,0.999999999999991,0.19999998098889485,0.19999997688189958,0.1999999657223903,0.20000002490588525,0.20000005150092992
61,1979fdd620149662e138309d1a7534b89fcbdafb9794c896b2b3edd450ba1574,Anthracnose(102),4,0.9999999999999676,0.19999996283510899,0.1999999548065708,0.19999993296784407,0.20000004870614518,0.2000001006843309
62,8daf374a6e4d0720d526b87ec463cb75037a089cf2cf03680cab5c5806070233,Anthracnose(102),4,0.9999999999999737,0.19999996650475654,0.19999995926952166,0.19999993958956214,0.2000000438947423,0.20000009074141734
63,016ba6fd7140c39722b677cd6d9c19d1f001adcbc962332f9ce277313d19aadb,Anthracnose(102),2,0.9999999999999869,0.20000002345414716,0.20000002852002174,0.20000004232875918,0.1999999692422738,0.1999999364547981
64,07729db7d968fb22f04bc5ac15e706622e0dfd8d8dcea58f98d36c3bcfb5360f,Anthracnose(102),2,0.9999999999999984,0.20000000647679972,0.2000000078775654,0.20000001170529552,0.19999999149416062,0.19999998244617878
65,7002c41da85f268a8df9e7a1762f03cec55ff1bc43c609f8e6207436367f8158,Anthracnose(102),2,0.9999999999999061,0.20000006371072795,0.20000007747202908,0.2000001149480863,0.1999999164757608,0.1999998273933958
66,8b193aeb4ea2c531b6b27440b4ae5ac0ca28d2e16998fd98ab752dabc1ba8ceb,Anthracnose(102),4,0.9999999999999919,0.19999998185336454,0.19999997793467944,0.1999999672866531,0.20000002376937948,0.20000004915592354
67,92f8dec851d91edada97e120ff318415d9ff074112349e92a118b58e9b253217,Anthracnose(102),4,0.9999999999999765,0.1999999684098569,0.19999996158566882,0.1999999430221829,0.20000004140062538,0.20000008558166593
68,2531ddabdba6239b763e272144cca88e3c1de17c988216e5514ba88f1942cce8,Anthracnose(102),4,0.9999999999999961,0.19999998817172973,0.19999998562164276,0.19999997867717595,0.2000000154939364,0.2000000320355152
69,38558e97e074a5a65636e6f9a74affeea806bcf09eac02ea247e76efe0ec3b43,Anthracnose(102),4,0.9999999999999852,0.19999997511332568,0.19999996973540143,0.19999995511654384,0.20000003261221397,0.2000000674225151
70,3ef013d5f0debd3c0009d499042afdfccddd172f2f3d546673ea68e2fd2e2b67,Anthracnose(102),4,0.999999999999997,0.19999998967008958,0.19999998743715183,0.1999999813860027,0.200000013524054,0.2000000279827019
71,2da6cee7ddfb4df7e13f8023996282d0674cc97a82266b79363b2fb350669039,Anthracnose(102),4,0.9999999999999971,0.1999999902431211,0.1999999881385712,0.19999998241963843,0.2000000127739567,0.20000002642471257
72,bc719ad565e44939b9132f900527f7ee569ec60cfc17934216f6e54dd0072b5e,Anthracnose(102),2,0.9999999999998789,0.20000007242671056,0.2000000880715967,0.20000013067377231,0.1999999050492567,0.19999980377866383
73,2858207fd6d9594cb1591ab9b20552e7160aa85c23d2ec1c45862a9b2bdeb196,Anthracnose(102),2,0.9999999999999984,0.20000000597441223,0.20000000726325773,0.20000001079694082,0.19999999215358316,0.199999983811806
74,5b9d6f4568ebbc04e61f72cc08f8544c7e6d4d2071890f18bdca40b37f44cbc4,Anthracnose(102),4,0.999999999999972,0.19999996553364596,0.19999995808679205,0.19999993784408987,0.20000004516236858,0.20000009337310357
75,8b882053c72fc295ef9e426dfbeb193d8f2caf317a01bb71c76957aa22f46aee,Anthracnose(102),4,0.9999999999999973,0.19999999087416362,0.1999999889015381,0.19999998356367693,0.2000000119415319,0.2000000247190895
76,a2f6a97a093305d1550915573f4855505fc681212c5a9a71c317c85da30b8162,Anthracnose(102),4,0.9999999999999909,0.19999998078602424,0.19999997663831737,0.19999996535650041,0.20000002517239313,0.20000005204676477
77,bfdd8450c1d8abe464a06e9d5ebda7254472166b3158ea5e3e7f4a7fd7155699,Anthracnose(102),4,0.9999999999999973,0.199999990953733,0.19999998899483523,0.1999999837048028,0.20000001183835361,0.2000000245082753
78,973ddf619d81b1afbe19055b63fc686f960d76d7e303ca7f543fad3183261198,Anthracnose(102),4,0.9999999999999791,0.19999997034288175,0.19999996393598382,0.19999994651067154,0.2000000388656951,0.2000000803447678
79,cb3a47e744eb9bafad547c5875d6d98a02c241fd457c7c946c3f20e45284ad2e,Anthracnose(102),2,0.9999999999999919,0.20000001798838085,0.2000000218699346,0.2000000324748071,0.19999997640130954,0.19999995126556785
80,eb6a5f2204b981afd6508cebc29134f10a54a6500caea2c65df24d7397c588c0,Anthracnose(102),4,0.9999999999999678,0.1999999629684898,0.1999999549674039,0.19999993320945328,0.20000004853026754,0.20000010032438562
81,a01a9e9a233523ae14d183bdf3764c3e0ccfbab8c44ead132f24782452c58286,Anthracnose(102),4,0.9999999999999765,0.1999999683998335,0.1999999615722982,0.19999994300865706,0.2000000414100101,0.2000000856092012
82,53b45a4e974e864151010bcd544dedf0a3e82773a9c9f18ae0d6b0a1a6082cd6,Anthracnose(102),2,0.9999999999999873,0.2000000228801935,0.2000000278265077,0.20000004129496005,0.19999996999430977,0.199999938004029
83,ca89f85e2b4dca162df0ac5f41c709c97b911bd20d085e2daffced760c608a6a,Anthracnose(102),4,0.9999999999999748,0.19999996727430447,0.19999996020496338,0.199999940979316,0.2000000428847826,0.20000008865663343
84,d914801a983fa90a2f052795c9b82ff373000317da2f1ff3b18b84b80ea7cc52,Anthracnose(102),4,0.9999999999999825,0.19999997299311478,0.1999999671576915,0.19999995129438689,0.20000003538943467,0.2000000731653722
85,a593910c96e80e9cbaff3ed8b8a97207be01ba860c9028cd208632aeaf61272c,Anthracnose(102),4,0.9999999999999745,0.19999996698262282,0.19999995984930863,0.19999994045393846,0.20000004326630094,0.2000000894478292
86,aeba464259d7ae528fef09eaabd5736ae27beb90f23e3fd420e25130cd6a6213,Anthracnose(102),4,0.9999999999999949,0.1999999860114715,0.19999998298381907,0.1999999747829784,0.20000001832113717,0.20000003790059384
87,25eca3ec50191a7872ec3c597ebcf0c3e24564be82e88f2c03a510db5bc4b9c3,Anthracnose(102),4,0.9999999999999947,0.19999998562667134,0.19999998252345433,0.19999997410907144,0.2000000188115095,0.20000003892929347
88,667bd286fc83ca608fd691e2a6efb38550d5e5919d26d032f981c63834a0f7d2,Anthracnose(102),2,0.9999999999999943,0.2000000149485243,0.2000000181779082,0.20000002699244626,0.19999998038577582,0.19999995949534544
89,843587f031469f61a1910a637fc1064de079a62eab4405b5ee157bebf76b6cd9,Anthracnose(102),4,0.9999999999999836,0.1999999738111074,0.19999996815231558,0.1999999527742992,0.20000003431390234,0.20000007094837538
90,31070ff0506dbf74df3cd6a0e3cd5d36315a9925bd4f8db2dcb6183ff16739fd,Anthracnose(102),4,0.9999999999999506,0.19999995394674974,0.1999999439996228,0.19999991693690689,0.20000006035464482,0.2000001247620758
91,02d266bb26f021470c32032d8bb250b3505de67b300b618370a0ede3f3dd0751,Anthracnose(102),2,0.9999999999999993,0.20000000188069764,0.2000000022837993,0.2000000034058383,0.19999999752403866,0.19999999490562598
92,6261a30632cd26d65c619d51e48bc568cc0e25763c74a098b94528b00176ed8e,Anthracnose(102),4,0.9999999999999687,0.19999996346514948,0.199999955571928,0.19999993410730674,0.20000004787789483,0.200000098977721
93,40ead8c4ecf9efea4dd351c1c2debfeb63a3658bb7f1682e6a210615fa225fd8,Anthracnose(102),2,0.9999999999998933,0.2000000679552249,0.20000008263015887,0.2000001225993821,0.19999991091576666,0.19999981589946747
94,f605a8032c6398efc8a327a178cb14de1da5db37dea9132f4523c723e4020b3b,Anthracnose(102),2,0.9999999999998875,0.20000006974071052,0.20000008480732914,0.20000012582217813,0.1999999085751901,0.19999981105459208
95,aef1ec1b5a1dd5c6ab9ac099e04fb71a7afeac149427c1d3a9c99726bdefdc7d,Anthracnose(102),2,0.9999999999999069,0.20000006341934326,0.20000007711214146,0.20000011441082238,0.1999999168654929,0.1999998281921999
96,c1374f61d77b18a22f54e02106734c0c6788ddb35ed4a3fee171a4ceeb925a2f,Anthracnose(102),2,0.9999999999999574,0.20000004274439534,0.20000005197145224,0.2000000771141171,0.1999999439660112,0.19999988420402404
97,19f83d896e15b814cb852db25a81343959504580b3e0675d34617f90cbd0b3e4,Anthracnose(102),4,0.9999999999999903,0.19999997994961435,0.1999999756162175,0.19999996386048877,0.20000002625781158,0.20000005431586787
98,0a18860068ccfd5e13d9bb32f2f599f139100adb8ad27892ec562f8ac243a43c,Anthracnose(102),4,0.9999999999999949,0.1999999858445678,0.19999998278435413,0.19999997448017084,0.20000001854194802,0.20000003834895927
99,40480a267715f281b8ae1820debe400e56970c7576b126bc0f520f28da0f7cb8,Anthracnose(102),4,0.999999999999976,0.19999996812193227,0.19999996123540967,0.19999994251101622,0.20000004177164463,0.2000000863599972
100,ca98756896f96b4219f363667c1ab9b547aa0bc922602119f2c3649fdf279575,Anthracnose(102),4,0.9999999999999841,0.19999997423769234,0.19999996867012126,0.19999995354847397,0.2000000337509821,0.20000006979273044
101,75221d776e3f05dde6026f1d39799a0f33c8c0ab1696c0a4a68f1ea7c1829633,Anthracnose(102),4,0.9999999999999823,0.1999999726621314,0.1999999667563849,0.1999999507136376,0.20000003581095704,0.20000007405688905
102,48ab046e600edf59372e25d8f307e1dce30e6e5b93cbc241e6c75f8be0ab5e93,Bacterial-Spot(752),4,0.9999999999999939,0.19999998469481575,0.1999999813843888,0.1999999724023064,0.20000002005156003,0.20000004146692896
103,858299f30f991ef5860b3da40fb790c68d29350c4c3dfb24830ae8ada54fae9c,Bacterial-Spot(752),2,0.9999999999999936,0.2000000160748792,0.20000001954322927,0.20000002901423503,0.1999999789162347,0.1999999564514217
104,6c0514015e7c366e4a5a06bf4ca64368927b6eb04832265c38d3dea033bdb1e6,Bacterial-Spot(752),2,0.9999999999999655,0.20000003839405378,0.20000004667986418,0.20000006927204259,0.1999999496636334,0.19999989599040607
105,4097d0f7327d52a3240ee4197c70ab6a6d59809e2a208105adf30c32a0ea0f1e,Bacterial-Spot(752),2,0.999999999999924,0.20000005726779993,0.2000000696355343,0.2000001033231412,0.19999992492236118,0.19999984485116337
106,52466e9a00a693918eac5c6fdb17f480ec48d7f107751af820c67fd51ffeaf78,Bacterial-Spot(752),2,0.9999999999998834,0.2000000710153682,0.20000008635128028,0.20000012812690532,0.19999990689903302,0.1999998076074132
107,907a60c0245a6215cd18655d3f58071d11fd0eb0ee792f30cf61dad536efe702,Bacterial-Spot(752),2,0.9999999999999728,0.2000000339653188,0.20000004130145596,0.2000000612814254,0.19999995547125896,0.1999999079805409
108,e5c1a3a698182772be3ac4147f1ad4b6d87e22aa7397a31df25bf7a786421a2d,Bacterial-Spot(752),2,0.9999999999999793,0.20000002955920668,0.20000003594284801,0.20000005334089827,0.19999996124051145,0.1999999199165356
109,f5e89e8a029a6957f03c62fadb84d0722a90f0af05332d5175e7ec897d2b78b7,Bacterial-Spot(752),2,0.9999999999999992,0.20000000301802806,0.20000000366863618,0.2000000054625923,0.19999999602972768,0.19999999182101585
110,deadbba5b224bdfb24df640ab8dbdcc6c0f2b8b629cf69135824ee12333bcdd5,Bacterial-Spot(752),2,0.9999999999999882,0.20000002184870747,0.20000002657230953,0.2000000394320585,0.19999997134803685,0.1999999407988876
111,f6ad3b65ec33d933b1bb54cdc62e5d74aab850783ca9fc4772d2bc6707ca506e,Bacterial-Spot(752),2,0.9999999999999584,0.20000004225328663,0.20000005138428778,0.20000007623767543,0.19999994460451423,0.19999988552023593
112,325014be21cc74fe21b625624314ac694aaea73561f39e18636ffc7ce15a0919,Bacterial-Spot(752),2,0.9999999999999938,0.20000001559692096,0.2000000189645888,0.2000000281511595,0.19999997954392168,0.1999999577434091
113,0bb310b669349a82aac67ad3d1930eb2df3a382eabb93689a6235bd4c078dcd8,Bacterial-Spot(752),2,0.999999999999895,0.20000006742736917,0.20000008199050015,0.2000001216464543,0.19999991160865174,0.19999981732702465
114,15bd56e611da5a8061772fcce85203b6d5273f50d2bd786583dc7955c21a4a04,Bacterial-Spot(752),4,0.9999999999999993,0.1999999967280943,0.19999999601699034,0.19999999410594235,0.20000000428150388,0.2000000088674693
115,0c234eb7e69c4981dcca060bbb41e1f296bb4e21e11946cb14818442a3ae5424,Bacterial-Spot(752),2,0.9999999999999879,0.20000002236711115,0.20000002719425486,0.20000004037328034,0.1999999706621036,0.19999993940325014
116,6bb18d66df9445e928aea45a3ffc359b84f64211425fd6cb3297c1d5e0a2e525,Bacterial-Spot(752),2,0.9999999999999358,0.2000000525450056,0.20000006389104352,0.20000009480154443,0.19999993111406403,0.19999985764834236
117,d2e0509f425af8f13c9d018be481ddcc15d034fd1e25e3df24acf9d77451ecef,Bacterial-Spot(752),2,0.999999999999982,0.20000002740250736,0.20000003331641414,0.20000004945103328,0.1999999640661034,0.19999992576394185
118,aa1a1cb5f11e0ebdc5e15da320b3153aa5e5e50d36fe836dea9d696c85d55bc9,Bacterial-Spot(752),2,0.9999999999999989,0.20000000522707692,0.20000000635167728,0.20000000945173965,0.19999999313029,0.19999998583921624
119,8f4674bb8ddd82b3f1691b1c4ac497ad12d5928da750ac9d37ef697c58ee736f,Bacterial-Spot(752),2,0.9999999999999369,0.20000005212686606,0.20000006338275528,0.20000009403893657,0.1999999316685839,0.19999985878285823
120,bd1eb56995967cc2fd0d05a0c992dbea937e1eb8e30144f7467ff2fbea8ac357,Bacterial-Spot(752),2,0.9999999999999694,0.20000003606286426,0.200000043848729,0.20000006507040263,0.19999995271719728,0.19999990230080683
121,cb78dff27c7cb5dbb1633e52f1c28d3aebe1f16b5bed6535619c1ae524191f40,Bacterial-Spot(752),2,0.9999999999999206,0.20000005851999245,0.20000007115708235,0.2000001055787743,0.1999999232832777,0.19999984146087318
122,6dfc577f199074011891af23a0fb219d634abfc86bb618faa56ee78c49e55f67,Bacterial-Spot(752),4,0.9999999999999982,0.19999999264387913,0.1999999910493652,0.19999998674843983,0.2000000096268808,0.2000000199314351
123,5b70c33067970db2c1e0ecb4782b04a3f37e9cacca404fe965b1fa28a6de9feb,Bacterial-Spot(752),2,0.9999999999999638,0.20000003926357912,0.20000004774690644,0.2000000708456161,0.19999994852204048,0.19999989362185788
124,259da5c39b0912d8f77d287d5ffb09773cb3182b26e647e6f688a670b1453f0e,Bacterial-Spot(752),4,0.9999999999999956,0.1999999873169967,0.19999998457555573,0.19999997713817394,0.20000001661066139,0.20000003435861233
125,6587ff6a6f79c156fbfceaf280d76aea71124b4b029a566805f70cbb75162c26,Bacterial-Spot(752),2,0.9999999999999927,0.2000000168346114,0.20000002046781917,0.20000003037102423,0.19999997793112534,0.19999995439541984
126,c3582fda2c562cc4f6f230778868cd8ddc9d1564b1c4f0159215b9365bb3ffa1,Bacterial-Spot(752),4,0.9999999999999993,0.19999999779443736,0.19999999731378668,0.19999999602755472,0.2000000028853267,0.20000000597889458
127,fb900a151a1adbde17aaa0b5edce371399c6474abaa8ae9e15ebf413e4835266,Bacterial-Spot(752),4,0.9999999999999692,0.199999963808151,0.19999995598784162,0.19999993471615427,0.20000004743569152,0.20000009805216148
128,030fc1553314dac97aabae497ebce0eb735cb475f880ed752db761fb11624fbc,Bacterial-Spot(752),2,0.9999999999999892,0.20000002102342593,0.20000002556217453,0.20000003791077095,0.19999997245350523,0.1999999430501234
129,a1012b524ae0a91929be0866cf19d70413f114a5c38e50fc3d508bace9cbd99d,Bacterial-Spot(752),2,0.9999999999999992,0.20000000347990943,0.20000000422810119,0.20000000627422326,0.19999999544047276,0.19999999057729337
130,235cbfa8f4e10ceacfe20c7b3852c330151e69a22ba1718cca376cd873dec9a8,Bacterial-Spot(752),4,0.9999999999999751,0.19999996745115978,0.199999960418121,0.19999994129000526,0.2000000426589929,0.20000008818172102
131,12bcde2cf9e3305e4cae12f324d2a46bcc2c676dafdaf054a16ddf4f21257207,Bacterial-Spot(752),4,0.9999999999999868,0.19999997660555752,0.19999997155051577,0.19999995780390575,0.2000000306598271,0.20000006338019383
132,036e5a72b4ae0e81b3004014757c5911f3aa04526bf11d3a6f3d2228fb65bfcc,Bacterial-Spot(752),4,0.9999999999999728,0.19999996604806058,0.1999999587121904,0.19999993875670877,0.20000004449987832,0.2000000919831619
133,fef45d6b12ef2dd5dc42bf4bbac9ada9a46027074e16245b0a370064da710e1f,Bacterial-Spot(752),4,0.9999999999999765,0.19999996842187434,0.1999999615986177,0.1999999430449855,0.2000000413836471,0.20000008555087534
134,a897c042610487adfbff5755bdbba72e8e1ac9fde01ee6001ae723587b054193,Bacterial-Spot(752),4,0.9999999999999611,0.19999995921210442,0.19999995039999172,0.1999999264323675,0.2000000534547196,0.20000011050081673
135,76299a4c6ba94ec8ddeb3f0f177e7cd6d9966c55f7352c98b8350cbe8fc7bb97,Bacterial-Spot(752),2,0.9999999999999988,0.20000000537096282,0.2000000065304247,0.20000000969826584,0.19999999295253104,0.1999999854478156
136,0a1daf4c0b6f3558cc36011fa436e25e3026c45004675d8ed32c8fd87d60b161,Bacterial-Spot(752),4,0.9999999999999949,0.1999999862228442,0.19999998324786056,0.19999997516299034,0.20000001804651477,0.20000003731979
137,fb22d45e69ef33e6d54ddcebb248fb8d98b91e533b221ae64bdea0b9b576b5a6,Bacterial-Spot(752),4,0.9999999999999735,0.1999999664140936,0.19999995915940796,0.1999999394173772,0.20000004402024457,0.20000009098887678
138,8c5ec9cde7f5a5fa84961c5a4552b16ecbf329524c61a29eb7526cb42e977c6d,Bacterial-Spot(752),4,0.9999999999999869,0.19999997654152576,0.19999997147222373,0.19999995767528822,0.2000000307537908,0.20000006355717154
139,14edf8ec0bd2c2ed2b7d87ce5df61062c4dcef05f889467880f1017070800aa4,Bacterial-Spot(752),4,0.9999999999999784,0.1999999697489479,0.19999996321291713,0.19999994543418242,0.20000003964794164,0.20000008195601085
140,d9b4a6568f87d8765d4cc63465b06495745a538b29dc51671ba64e0a3dc337db,Bacterial-Spot(752),4,0.999999999999989,0.19999997856293092,0.1999999739305226,0.19999996133190384,0.20000002809641934,0.20000005807822333
141,c04591f964a4c06637139bb4818258df71ce0f3fda614996a6dab3f289cae9a5,Bacterial-Spot(752),4,0.9999999999999717,0.1999999652508106,0.1999999577431657,0.19999993731411878,0.20000004554838477,0.20000009414352013
142,fb2e1222afce16c30923a5f43d0d8440a3b4106227c8d8463d512d8b7c5e7d68,Bacterial-Spot(752),4,0.9999999999999933,0.19999998392732463,0.19999998045231915,0.199999971007296,0.20000002106589784,0.20000004354716241
143,6ba562fd2a5d6fcb2a6037a7c9dcbaf409f58add812b23d9a69a85f82ddefb46,Bacterial-Spot(752),4,0.9999999999999815,0.19999997218274818,0.19999996617232932,0.1999999498229682,0.20000003645901793,0.20000007536293643
144,8a9f784a35ddbbf8d13eb29f1a14873f276c48625a825bafdea7d701b81881e2,Bacterial-Spot(752),4,0.9999999999999857,0.1999999755507459,0.19999997026631228,0.19999995590043423,0.20000003204263267,0.20000006623987499
145,298cbb353e435c5fc8217805d52f91d6687587dab27df480877117003518b5b9,Bacterial-Spot(752),4,0.9999999999999922,0.19999998242184638,0.19999997862338842,0.19999996828911942,0.20000002304144668,0.20000004762419918
146,87c789eb151e620cf93d48fa0d738261ab7396714dd1da4e2822da5ed3a9dd76,Bacterial-Spot(752),4,0.9999999999999988,0.19999999516716851,0.19999999412382233,0.19999999127712928,0.20000000633855916,0.20000001309332072
147,ebd7c5baa89fa5bc0c537fb26a08e640abcb7fe103580e771992cdf43401c3be,Bacterial-Spot(752),2,0.999999999999997,0.20000001024196087,0.20000001245539975,0.20000001847304041,0.19999998657754137,0.19999997225205765
148,00b974f849d83ded15824b38f280cd6652b1f283489b6a17bf3c19db179f8c95,Bacterial-Spot(752),4,0.9999999999999706,0.19999996448150809,0.19999995680747604,0.19999993592950416,0.2000000465542805,0.2000000962272314
149,fa5fdbb476d371382ce6f07ab01357346cedb43c4ae0790358e78d3023e0dbd6,Bacterial-Spot(752),4,0.9999999999999754,0.19999996759066482,0.19999996058944863,0.19999994154164538,0.20000004247649797,0.20000008780174316
150,47c423adb7e7b71938c361aa3683a8201e5c427965a0753c58bc021b854a94c0,Bacterial-Spot(752),2,0.999999999999993,0.20000001672103804,0.20000002032957173,0.20000003016648557,0.19999997807970285,0.1999999547032017
151,f365c651fd70aa0a68e7f94c9c66dbd213dfe59f03375461caa958c076ae367d,Bacterial-Spot(752),4,0.9999999999999686,0.1999999634077247,0.19999995550172378,0.1999999339951489,0.20000004795969417,0.20000009913570835
152,1425c426f3b23af30eeb9e08db73ee04a48d831b4939d4bff7f63a218c53b765,Bacterial-Spot(752),4,0.9999999999999902,0.19999998003687977,0.1999999757231526,0.1999999639951141,0.20000002616115953,0.20000005408369395
153,4fd5b6c378cc095170f5ac033de50819a54c95a7b75b3f996550dd8752fc9213,Bacterial-Spot(752),2,0.9999999999999623,0.20000004015646508,0.2000000488310771,0.20000007243639772,0.19999994736669544,0.1999998912093646
154,9866a52283531cdebd1007328fdb54a5e36e02fa0f73f17ca3ae15fc016f7fd6,Bacterial-Spot(752),2,0.9999999999999943,0.20000001478281867,0.20000001797228098,0.20000002666693104,0.1999999806225814,0.19999995995538788
155,d5f4d826974f2d1e60eedc71e86369dd79102aa09937f54caff5e80857d814bf,Bacterial-Spot(752),4,0.9999999999999956,0.19999998734777136,0.19999998461222473,0.19999997717861973,0.2000000165817804,0.2000000342796037
156,1e5f0665f41cedffb0cb27d3293a28d384a89d8ac8b98502286469d25d803ca0,Bacterial-Spot(752),4,0.9999999999999943,0.1999999851058474,0.1999999818849328,0.19999997313985857,0.20000001951596286,0.20000004035339847
157,3b0cb7c0b59fa67988587ce58ef28e727f766ed8308386540a8eb293b60ad9d1,Bacterial-Spot(752),2,0.9999999999999672,0.20000003735431462,0.20000004541925942,0.20000006739219853,0.19999995103051996,0.1999998988037075
158,0041a5045f01e89035ea2fd705b63bade00b4fa33ba70567830dd927e74d4d4f,Bacterial-Spot(752),4,0.9999999999999982,0.1999999930672745,0.19999999156421067,0.19999998750831938,0.2000000090749272,0.2000000187852683
159,ad67513af3f296a2ccae5b8eb654e25562bae19291259b02025fdaf81c824420,Bacterial-Spot(752),2,0.9999999999999394,0.20000005109369443,0.20000006212825738,0.20000009216758094,0.19999993302906982,0.1999998615813975
160,6b014df65b042a04e02380daa0d9cf81a6473e35c4996a77292106a5955d1d05,Bacterial-Spot(752),4,0.9999999999999941,0.199999984797925,0.19999998151184206,0.19999997258123894,0.20000001992226862,0.20000004118672543
161,8bab5b2bc2abf9b1fc8c8ec630b5512da8a26b435f9deeb3bf9014eeb531f90b,Bacterial-Spot(752),4,0.999999999999993,0.19999998341055564,0.19999997982279036,0.19999997007910103,0.20000002173993697,0.20000004494761595
162,995a5c5a079ae5a5f305e1ff397362a8f7fde5abc9d0d35c56ff8b7ebd3f3d09,Bacterial-Spot(752),4,0.999999999999993,0.19999998314868345,0.1999999795042779,0.19999996960377978,0.2000000220854224,0.20000004565783647
163,c556da99dbf3701cba624bd294cd1a97463f1c0666c02652bb41a16ecca43335,Bacterial-Spot(752),2,0.999999999999996,0.2000000120051848,0.20000001459562652,0.20000002165126152,0.1999999842674877,0.19999996748043947
164,1757c856cab4514637d2a81f834b1b99429d7fc509b29cbb9430b68acc7951b3,Bacterial-Spot(752),4,0.9999999999999769,0.19999996883537888,0.1999999621019268,0.19999994377655522,0.20000004085280745,0.2000000844333317
165,9be0ff5967de0f6fe5d63f109ce21cd13307bac35c7aca9abde7b98eaf6bcdd7,Bacterial-Spot(752),4,0.9999999999999962,0.19999998850015455,0.19999998601552754,0.19999997925512722,0.20000001507347132,0.20000003115571924
166,5e6fa820e2fbd764b03d15d4984bf020381107e7305fa42463b59dda6bc9c9e7,Bacterial-Spot(752),2,0.9999999999999756,0.20000003217309487,0.20000003911792266,0.2000000580533404,0.19999995781576424,0.19999991283987778
167,e00876908436aebc909015e36e8c828a9b6501db9c2fbf42fceb0e13fc95e876,Bacterial-Spot(752),4,0.9999999999999709,0.19999996486315233,0.1999999572717383,0.19999993661968044,0.200000046052744,0.20000009519268486
168,dc725fe3c26498589ef0e3552a11e2b20b9c461be93314fac6ab880a37814708,Bacterial-Spot(752),4,0.9999999999999979,0.19999999221506154,0.19999999053048462,0.19999998595896581,0.20000001020174463,0.20000002109374337
169,a54e77335cadab76b351e1772c211913bb9459272beb1917f7e47730d08072bc,Bacterial-Spot(752),4,0.9999999999999917,0.19999998182899534,0.1999999779008483,0.19999996723666183,0.20000002380510104,0.20000004922839343
170,096af4bca67a544705b6a865b9e18df1f0539c67cee0b736b7b4e50fbe0c21cc,Bacterial-Spot(752),4,0.9999999999999978,0.19999999186502762,0.19999999010259745,0.19999998532418656,0.20000001066268583,0.20000002204550255
171,79b25a73bf60412d55aadfe2b6f16365e2980bdadd9f76124ebc2ee1be6ed00a,Bacterial-Spot(752),4,0.9999999999999635,0.19999996035467044,0.19999995178827312,0.19999992848856396,0.20000005196065054,0.20000010740784205
172,e02876d00b1fc2d2f9b871275eafc336804c7e784916374d5eaa5440e1e9680a,Bacterial-Spot(752),2,0.9999999999999954,0.20000001290178465,0.2000000156851569,0.2000000232811129,0.19999998308249875,0.19999996504944684
173,cffb118890aa469c663c8b1fe64991e43afc7fe696dd00d628de0fab28e37317,Bacterial-Spot(752),4,0.9999999999999993,0.19999999792054995,0.19999999746764371,0.19999999624848824,0.20000000272515664,0.2000000056381614
174,16ae9d87231a75b27109125da54dd96f560e49921ee52ccae9184e757318d54a,Bacterial-Spot(752),4,0.9999999999999882,0.19999997806471487,0.19999997332306074,0.19999996044072862,0.20000002874330364,0.20000005942819205
175,5ac7de980f01458a3d4155d7eba30cd1276287c81f3a2e947f66b3e21d8f4e60,Bacterial-Spot(752),4,0.9999999999999968,0.19999998967402288,0.19999998743936082,0.1999999813761545,0.20000001353142188,0.20000002797903993
176,6a587345f2ea27e5390e1214f7d21a5f3edab2acee0a4348fb9750d0505c9cae,Bacterial-Spot(752),4,0.9999999999999968,0.1999999896844739,0.19999998745400674,0.19999998138137098,0.2000000135286127,0.2000000279515355
177,1c81c199d05cb49ecef956cf2830b21e4a4281be98b554f5d6b51c45052f9593,Bacterial-Spot(752),4,0.9999999999999928,0.19999998301570943,0.19999997934231384,0.1999999693738646,0.2000000222519886,0.20000004601612362
178,6a0b04ec21073d2ae0de8dc120b235ced48b2629889e0fe2e0fc2bae1aa926b0,Bacterial-Spot(752),4,0.9999999999999927,0.19999998294569266,0.1999999792594835,0.19999996924552432,0.20000002234581135,0.20000004620348816
179,1ecdc126eb746a8d6ccc42d48244d6d65694a4d24e0da560724a57595365d873,Bacterial-Spot(752),4,0.9999999999999959,0.19999998751097448,0.19999998481162448,0.19999997747041842,0.20000001637007914,0.2000000338369036
180,ab14990bd88a2c73adcf5c534ba14c3caa2a1b549a21ae85ec87a5890d30e35e,Bacterial-Spot(752),4,0.9999999999999988,0.19999999497592613,0.19999999388735423,0.1999999909519717,0.20000000657312278,0.20000001361162503
181,8e089835704d27f422de6f40847b6346af287247d8023cf2ca78c17ab0e93f2d,Bacterial-Spot(752),4,0.9999999999999797,0.19999997062713737,0.19999996428106948,0.19999994702301868,0.20000003849331438,0.20000007957546015
182,7ef6dec5255c314ef487580dcd99607b2ab70aa921fc6ad335a8ee4368b90ae6,Bacterial-Spot(752),2,0.9999999999999767,0.20000003138004988,0.20000003815849168,0.20000005663338383,0.19999995884811655,0.1999999149799581
183,d89ddd85e5ab4993c098447ee11614e9bee6a9402d25a18316d0f77b19d9617f,Bacterial-Spot(752),4,0.9999999999999766,0.19999996845166312,0.1999999616376524,0.1999999431043188,0.2000000413408778,0.20000008546548806
184,915834599ada82fb873397c39bbd52a2aa6ff165b5fefbca1ab1f39816e0788a,Bacterial-Spot(752),2,0.9999999999999192,0.20000005911021293,0.20000007187711516,0.20000010664389622,0.1999999225098049,0.199999839858971
185,a0e3b5232d7ee294c058a0d113df29a756785d46b672339166bd14b574b65251,Bacterial-Spot(752),2,0.9999999999999627,0.2000000399356359,0.20000004855950523,0.2000000720616046,0.1999999476373554,0.19999989180589892
186,5445c2489944d73fd09213099b1e587cbb4465417467784cd23fac4654db28f5,Bacterial-Spot(752),2,0.9999999999999347,0.20000005301096313,0.20000006446277002,0.20000009564218976,0.19999993050429762,0.1999998563797794
187,f0c8fdb0bbb321663ff40a06ee6ddc35e91cecfbadecfaccc7b77bf9ff753d9c,Bacterial-Spot(752),2,0.9999999999999724,0.20000003426666815,0.20000004166574684,0.2000000618326998,0.1999999550699107,0.19999990716497448
188,a50019c9e67ec41a7e3f6403e3e50df7944d425267727f2a56022e389174c636,Bacterial-Spot(752),2,0.9999999999999011,0.20000006541100893,0.20000007954014393,0.20000011801068962,0.19999991425071356,0.199999822787444
189,9d7102ff9516f7b5df1c81953fd92b078faeb28fe3ef6cdae8b314c59ceaaf7c,Bacterial-Spot(752),4,0.9999999999999943,0.19999998533633273,0.19999998216650805,0.19999997355778146,0.2000000192124513,0.20000003972692632
190,b42054ba9fcb16fb1c160a92687cbcaf6b1a3e3af5fa7b614bc15a54ee10ab17,Bacterial-Spot(752),4,0.9999999999999893,0.19999997906235453,0.1999999745388948,0.19999996224229794,0.20000002743470616,0.20000005672174662
191,40aca97ce48939265d45bef95671e95670140b86b7b28999420b1c4e7b0f1fe3,Bacterial-Spot(752),2,0.9999999999999979,0.2000000081932445,0.2000000099603658,0.2000000147902349,0.19999998925217208,0.1999999778039827
192,dfc90a637d5d72318a4aeec38f3dd43fb81f42b06b90055188c72c1a0c63bd7f,Bacterial-Spot(752),4,0.9999999999999859,0.1999999757125302,0.19999997046483844,0.19999995620236694,0.2000000318231649,0.20000006579709959
193,c6ab0b6906047318997627892ca1182d1343687a1c988a1a6db1dc25f0d68795,Bacterial-Spot(752),4,0.9999999999999802,0.1999999712628995,0.1999999650534997,0.19999994817535707,0.20000003765562413,0.20000007785261953
194,1c4ba79802fd256a90e3750da8769d3aee5488f7eccfaba9a50dc3792367f3c4,Bacterial-Spot(752),4,0.9999999999999886,0.19999997832233204,0.19999997363877692,0.19999996090795905,0.20000002840418363,0.2000000587267483
195,ae618b2b25ad2eda92854cc0bc8d8db2801a94d86499f3b3e8a803dc7f147ea7,Bacterial-Spot(752),4,0.9999999999999931,0.1999999835497802,0.19999997999435065,0.19999997033566652,0.2000000215537285,0.20000004456647413
196,4789bc58b53a2f033adfcd3a03149f023c12f59b624796366fea114e83d56311,Bacterial-Spot(752),4,0.9999999999999976,0.19999999094595855,0.19999998899298355,0.19999998365221863,0.20000001187982086,0.20000002452901836
197,51133c4e59034caf978f277493e503d54e92b7a761b57f610f358e12854f1212,Bacterial-Spot(752),2,0.999999999999996,0.20000001217845886,0.20000001480799887,0.20000002199706055,0.1999999840151136,0.19999996700136824
198,e8264e01272c2b154787e534ff1ba761e770c949ba846b7ffb4fb89ed830e6b0,Bacterial-Spot(752),2,0.9999999999999962,0.20000001163508452,0.20000001415048843,0.20000002100198072,0.19999998473949132,0.19999996847295498
199,771bcbc1e788a72984526b57e5f76eaedc3f6e90f0aa912abe578fd0024f56fa,Bacterial-Spot(752),2,0.9999999999999964,0.20000001162159253,0.20000001413460564,0.2000000209863315,0.19999998475058917,0.19999996850688123
200,ac1d779c5bd568dfc716b5ca86d340935e3fddbe6929277d462296ac5b7e6c50,Bacterial-Spot(752),4,0.999999999999993,0.1999999833139062,0.199999979708891,0.19999996992291819,0.20000002185336851,0.2000000452009161
201,03073894a1cbf14826ef6fd0d105de0d42d81fa2d48fca235d2bd4ea32e68f83,Bacterial-Spot(752),4,0.9999999999999931,0.1999999834751063,0.19999997990362126,0.19999997021055665,0.2000000216442325,0.20000004476648325
202,b5c361df90e3d81a7d78005c71580f7b4459298a444c52268c22d9bc398a3d68,Bacterial-Spot(752),4,0.9999999999999859,0.19999997581886025,0.19999997059405517,0.19999995638723916,0.20000003168915048,0.20000006551069494
203,08a59bea56280b1bb4ab2c44bd477dca8f32cc1aa5fef29986ddccb47d877ae5,Bacterial-Spot(752),2,0.9999999999999881,0.2000000221897999,0.20000002698522285,0.20000004005070898,0.1999999708979738,0.19999993987629452
204,ca5f512d22dd161bfd9ba58f9468c946a3024c824a539eb4ac91b2b98c8cf79f,Bacterial-Spot(752),2,0.999999999999885,0.20000007056599228,0.2000000858101138,0.20000012730752487,0.19999990749588503,0.199999808820484
205,a8fe80349a397ac750123883848396ad13a34406156e7fb170341e67e049e947,Bacterial-Spot(752),2,0.9999999999999373,0.20000005196597603,0.2000000631888368,0.20000009376402106,0.19999993186804302,0.19999985921312313
206,fb5fa516100141749d280b51cd3d266407a56e6d57dab2efe529e723dc874ac9,Bacterial-Spot(752),2,0.9999999999999978,0.2000000081076764,0.2000000098550635,0.20000001464118902,0.19999998935997254,0.19999997803609854
207,61066aeb98e032cdd7dbcccd72d1cc9c7a2da9025974346c686a2e8e446b5f3d,Bacterial-Spot(752),2,0.9999999999999908,0.2000000193795416,0.20000002356343718,0.20000003496705887,0.19999997459152807,0.19999994749843425
208,0252ddcca2cac25fa8f77b98d83cac862aee778a8399a08e661ab8eae62f18e6,Bacterial-Spot(752),2,0.9999999999999989,0.20000000449162605,0.2000000054602492,0.20000000812296964,0.1999999940964899,0.1999999878286652
209,ff8d6358bdb4c341b3f539d7e950c4a5d8b342e1495fcb0798da969304f8aa86,Bacterial-Spot(752),2,0.9999999999999648,0.2000000388379176,0.20000004722488096,0.2000000700886491,0.1999999490706776,0.19999989477787475
210,4b20096a6dd258330f1b0587721192c9dee3c61451fb68ed8da6b52da2c8d0a4,Bacterial-Spot(752),4,0.9999999999999988,0.1999999948076007,0.19999999368484367,0.1999999906585499,0.20000000678633345,0.20000001406267223
211,c0d15011e320af8a621297b842e4a509c8c3d10b63c9ed3f43032789f1786d06,Bacterial-Spot(752),2,0.9999999999999962,0.20000001152340557,0.20000001401106465,0.20000002081755078,0.19999998487201057,0.19999996877596837
212,253ebc73ea648bbd4192fde4fa9e6744d815f1aac544037803fc7c47158ad4ee,Bacterial-Spot(752),4,0.9999999999999987,0.1999999940453565,0.19999999275503366,0.19999998928494894,0.20000000778375207,0.2000000161309088
213,f6e2f7f2d7c14049d07ea9f94152ee9c56a8f6afb417719d3064b5eb5c65ce82,Bacterial-Spot(752),4,0.9999999999999791,0.1999999703734822,0.19999996397145683,0.19999994656802117,0.200000038823591,0.20000008026344882
214,8da7061c80ba2158574964abe8bfd8b7d4743786b508cccbea5c5d01835aaf5f,Bacterial-Spot(752),2,0.999999999999988,0.20000002222199403,0.20000002701752953,0.2000000400999875,0.19999997086114302,0.19999993979934588
215,d177b0b1cf6f29377e24d652a28a7d8651681434be3b5841fb189265ca763bff,Bacterial-Spot(752),2,0.9999999999999984,0.20000000657956596,0.2000000079991548,0.20000001189955746,0.19999999135191068,0.199999982169811
216,959072340b1200d5a1a3eb3dda13d0d10cc85285e2ce4720294e52d11289ed0f,Bacterial-Spot(752),2,0.9999999999999839,0.20000002599296926,0.2000000316082245,0.20000004691344606,0.19999996591095628,0.1999999295744038
217,4adde1744d559f72d97f3d8e51e63b8f54866565faca9819965687391581629a,Bacterial-Spot(752),2,0.9999999999999984,0.20000000614505714,0.2000000074707433,0.2000000111162963,0.19999999192101348,0.19999998334688981
218,a993029b617016c9d19efae81ec66a035e694d0510823c7695a1e3b38a500159,Bacterial-Spot(752),2,0.9999999999999972,0.20000000976149326,0.20000001186954255,0.20000001763569272,0.1999999871843319,0.19999997354893947
219,55dcb4982211b19cb90523255b01f2c839eab023cd336cf0ae241db5ff1300d1,Bacterial-Spot(752),2,0.9999999999999993,0.20000000205049623,0.20000000248876565,0.20000000371838847,0.19999999729635726,0.19999999444599245
220,4b28fed650be462f4db9ec009b32febb49b8fd1505c4817169709d1272fb1807,Bacterial-Spot(752),2,0.9999999999999983,0.2000000064081062,0.200000007790285,0.2000000115865025,0.1999999915794644,0.1999999826356418
221,1004293482e1db45f76a8d5a3dcbc8378d18b0bb130c172a344cb72531613635,Bacterial-Spot(752),2,0.999999999999983,0.2000000266323631,0.20000003238591837,0.20000004806141786,0.19999996507708148,0.19999992784321907
222,82b5fe994bd70f7bceb43e9b52524a803482dce8d30edd6ee4fad7467e286230,Bacterial-Spot(752),4,0.9999999999999604,0.1999999588649958,0.19999994998081175,0.19999992581614998,0.20000005390264647,0.20000011143539598
223,ff08ecf9df90f8003a34b0f6eba5ac71f880a5132b6a4f3e6ba5c22826306db6,Bacterial-Spot(752),4,0.9999999999999851,0.19999997503704442,0.199999969643988,0.19999995498518092,0.20000003270765113,0.20000006762613562
224,f0582ce45f81aa4661c4b3375479b9c79febc50803a92bcd57401487bd8c67a4,Bacterial-Spot(752),4,0.9999999999999993,0.19999999902020862,0.19999999881102787,0.19999999825438872,0.20000000126797451,0.20000000264640025
225,5b0d042491d21ae067f0fcfa7e5c2c5dd941462bc1423906b7f3abbc95fa6080,Bacterial-Spot(752),2,0.999999999999956,0.20000004350386952,0.20000005289572487,0.20000007848383075,0.1999999429709243,0.19999988214565062
226,b9457ccce4fb0a966c26b903afd2b46ec6e1316400a84d4d187d2919b5d10c56,Bacterial-Spot(752),4,0.9999999999999988,0.1999999946646749,0.1999999935137824,0.1999999903990554,0.20000000697551312,0.20000001444697416
227,9e30582346a65cc49db3534473272a57628e2eb37d9bb5c90a53b915237e7558,Bacterial-Spot(752),4,0.9999999999999961,0.19999998815899828,0.19999998560273952,0.19999997865910335,0.2000000155061441,0.20000003207301467
228,b61c08df6111cd5d844142aa30e9a26e588050c3c14872b643063e5ab52ec95c,Bacterial-Spot(752),4,0.9999999999999993,0.19999999703691104,0.19999999639711666,0.19999999468462232,0.20000000386100583,0.20000000802034415
229,df09d2d519d9d2f2a52ff67f5a5d3ff289bc34056eba3b54dead9d258edc6465,Bacterial-Spot(752),2,0.9999999999999882,0.200000021955727,0.2000000266969634,0.2000000396331929,0.1999999712004039,0.19999994051371278
230,bf3f571e40c4549ef32a66ae6cc5a1bfee983e256e47de278a8a5ff30f7f80cd,Bacterial-Spot(752),2,0.9999999999999433,0.20000004940237287,0.20000006007308355,0.20000008914300957,0.1999999352259304,0.19999986615560356
231,1ed9959035fc1ca8d85ab48e85febfd7df81dcccdb735a59d8707f4b20e54785,Bacterial-Spot(752),2,0.9999999999999458,0.2000000483315939,0.2000000587695824,0.20000008721192772,0.1999999366287673,0.19999986905812864
232,ce1009fe7a0b7786fa547a677b747d1c96a4c8c39069c745cf4e200b3dfbda44,Bacterial-Spot(752),2,0.999999999999986,0.20000002411449858,0.20000002932379896,0.20000004353000533,0.19999996836914932,0.19999993466254787
233,651612ee4cbe45d4318197f6f7f0f323817231f7509085306dbb26900904a705,Bacterial-Spot(752),2,0.9999999999999993,0.20000000069283566,0.20000000084065883,0.20000000126607845,0.19999999907895386,0.1999999981214733
234,47d666e7b99384e37ee786b9bdfa726b8408078600ff922d6d70dfefa8afbabe,Bacterial-Spot(752),2,0.9999999999999992,0.20000000311307875,0.20000000378461813,0.2000000056413434,0.19999999589961037,0.19999999156134934
235,aec7a953b44825972d80a154200260e6020fac01d4e5a6a40c7efd4f05a65992,Bacterial-Spot(752),2,0.9999999999999902,0.20000001990183283,0.20000002420286866,0.20000003591855256,0.1999999739006446,0.1999999460761013
236,99eb5e7eaa623c3cbf26f7a4c84c8420ca7ef3347a45ceab9d366c1eb8714ac1,Bacterial-Spot(752),2,0.9999999999999972,0.2000000098008953,0.20000001191447306,0.20000001769518588,0.1999999871410058,0.19999997344844012
237,e3168b4987516742fde81ae74d8c0924138e522cfb2e97878d50924d0deea087,Bacterial-Spot(752),2,0.9999999999999651,0.20000003863713223,0.20000004698325405,0.20000006971552614,0.19999994934278453,0.19999989532130313
238,b6dc18d863c145209850c1b743db838c2c1ac6f8c2c4f6aa8b068c579f144f31,Bacterial-Spot(752),4,0.9999999999999992,0.19999999826116707,0.19999999789002912,0.19999999688377645,0.20000000226434625,0.20000000470068105
239,28f34681c933105f82c784d47ab7dad0f7045710d15339b0fc2c901e7dd715b2,Bacterial-Spot(752),4,0.9999999999999959,0.199999987519558,0.1999999848274698,0.19999997749706264,0.2000000163513396,0.20000003380456988
240,7c9e4d31923e6fd24c47520035ac4f39d0964ed816658f6595806570b9018b34,Bacterial-Spot(752),2,0.9999999999999472,0.20000004766738758,0.20000005796530157,0.20000008600654276,0.19999993750565437,0.19999987085511373
241,8f97387d509651b010ea810463382b3e943afdecb70a9e42c3fa54281b7fa946,Bacterial-Spot(752),2,0.9999999999999247,0.2000000569937852,0.2000000693046377,0.2000001028338696,0.19999992527814375,0.19999984558956374
242,aad8621d8909079977b02d6362fa992b7b8eab99a0f94d4a2486996d6dc1581f,Bacterial-Spot(752),2,0.9999999999999477,0.20000004740284402,0.20000005764086676,0.20000008553028636,0.1999999378510939,0.199999871574909
243,3f1b9c01d8cc91972c0dd257f32f4f9c96d318a77d3e25987996fb2722df50b1,Bacterial-Spot(752),2,0.9999999999999416,0.20000005008000266,0.2000000608981234,0.2000000903671111,0.19999993433662624,0.19999986431813668
244,5f1deaf11e5e31e98f348cb8e98403c25fedf9dea218becb197317304aa4b2b8,Bacterial-Spot(752),2,0.9999999999999682,0.20000003681675202,0.20000004476892236,0.2000000664392044,0.19999995172293933,0.1999999002521819
245,4d8252dac6164f10fcc62fab48b061e6e00aa1e9b87922e342cc0b677cfad319,Bacterial-Spot(752),2,0.9999999999999982,0.20000000731150522,0.20000000888856578,0.20000001321071112,0.19999999039946792,0.1999999801897499
246,2448b28ab5bafb1259bd0ab26d7a4cacc47e1626c92489ae3e7e8d1944989f08,Bacterial-Spot(752),2,0.9999999999999545,0.2000000441748644,0.2000000537165021,0.2000000796985906,0.1999999420890582,0.19999988032098476
247,2bc3a6b83fc66cc6199e22b0f210e37d3f36616e70da82e484ea23b610bc1e3c,Bacterial-Spot(752),4,0.9999999999999898,0.19999997962499766,0.1999999752228877,0.1999999632521925,0.20000002670108924,0.200000055198833
248,aa8d33ea9e7efc54664dda89bb030273902cd477ac20ea46ef8f768df42e0928,Bacterial-Spot(752),2,0.9999999999999897,0.20000002064522426,0.20000002510485743,0.20000003726791266,0.19999997291940655,0.19999994406259916
249,ab7cdf4d226b3deb33507557ba6805afb781afe64e37a0e384cf4ad1a1d2b9b7,Bacterial-Spot(752),2,0.9999999999999653,0.20000003853293136,0.20000004685476805,0.20000006953212573,0.19999994947547337,0.1999998956047015
250,df1c828753044cba1909db2083674fec5c4685c83c634ea0a41dd1d36513000a,Bacterial-Spot(752),2,0.9999999999999964,0.20000001125051686,0.2000000136788168,0.200000020318852,0.1999999852345334,0.19999996951728094
251,0acb7fe3a104219395f8f941dafb718738c246dea47189537b9b93628dc189bc,Bacterial-Spot(752),4,0.9999999999999885,0.1999999780010747,0.19999997324797517,0.1999999603333767,0.20000002882143864,0.20000005959613487
252,6284a1e260da58d378637651f2349391418c83aeb08a320de44c9f459a1bd9d9,Bacterial-Spot(752),2,0.9999999999999993,0.20000000205372248,0.20000000249567368,0.2000000037222401,0.19999999729424486,0.1999999944341189
253,05c485dec070f8e958f3801ccaad9574e0ed39ae815aca6fe124bce482671bb0,Bacterial-Spot(752),2,0.9999999999999593,0.2000000417136539,0.20000005072422478,0.20000007527210056,0.1999999453049658,0.19999988698505505
254,3dfe65a6778f0a974087b28432784d0fdf9e9d022894626b7c9bcf305289b303,Bacterial-Spot(752),2,0.9999999999999388,0.20000005130048867,0.20000006238398568,0.20000009256208745,0.19999993274236455,0.19999986101107373
255,4831c56d23611d49d5796a3aeb2a837e3d6c3d308549c80b021350f33aac6104,Bacterial-Spot(752),4,0.9999999999999994,0.19999999970848442,0.19999999964292353,0.19999999949594127,0.20000000036476825,0.20000000078788252
256,8bcdb3935f816865ecefb9c4ea20e907adbd21c313021e25f8cf4276750a5090,Bacterial-Spot(752),2,0.9999999999999993,0.20000000150850533,0.20000000183212815,0.20000000274849594,0.19999999800125656,0.19999999590961404
257,44dceabb5d5b23159d686b7a097faa9ba10dd1068ae961907d52860d3d9e7d3c,Bacterial-Spot(752),2,0.9999999999999993,0.2000000020488372,0.20000000248925245,0.20000000372574844,0.19999999729107143,0.19999999444509042
258,7b67ef0ec56cd0a62d122f231f88386fa8cf88dff97e4765e76364e25a013ce3,Bacterial-Spot(752),2,0.9999999999999302,0.20000005486040984,0.200000066705688,0.20000009896512497,0.19999992808913586,0.19999985137964135
259,e6b5d8bc76d7d732397bd4ed80fd80b6870d2c725e1ac3eecbd6a2e6c5b8ffbc,Bacterial-Spot(752),2,0.999999999999981,0.20000002829182556,0.2000000344040565,0.20000005106270244,0.19999996289600963,0.19999992334540584
260,a588c3937d0c8cfd1d6bcf56023353b1063460a67cd86abe70ef8e89743d5ec5,Bacterial-Spot(752),4,0.999999999999999,0.19999999692141543,0.1999999962565568,0.19999999447293118,0.2000000040149446,0.20000000833415185
261,e1c56c011b9ddfabe4220e843499f1127f28f3bacd03c286d79db56fcf1d9c11,Bacterial-Spot(752),2,0.999999999999996,0.20000001232462333,0.2000000149856932,0.20000002225758998,0.19999998382593318,0.19999996660616046
262,85b305344d435a66d27660bf001f0f241159a3071cb14ba1b73bf35a795ba53d,Bacterial-Spot(752),2,0.9999999999999817,0.20000002781894693,0.20000003382752965,0.20000005021066414,0.19999996351475796,0.19999992462810137
263,ba54ee04259f616035ae3c3fb70e3b0e53e1b01485f7c497cc474d6cf4732981,Bacterial-Spot(752),4,0.9999999999999967,0.19999998914317343,0.19999998679721262,0.19999998044461886,0.20000001420783967,0.20000002940715544
264,7b72fb029e1f6d912a305c0208a346eb0aa721638389902e5af7a64a392b4aa6,Bacterial-Spot(752),4,0.9999999999999902,0.19999998003284863,0.19999997571932066,0.1999999640015204,0.2000000261561181,0.2000000540901921
265,7e2b5e54d0c2f281573aa043cfa9a5c9f4ad902bb19f80c3f4c317f74a5f08fe,Bacterial-Spot(752),4,0.999999999999999,0.1999999967567236,0.1999999960556688,0.1999999941740592,0.2000000042320522,0.20000000878149615
266,b239fff49ebe72f6c59bf028e49cce3695edbc376239ce3a319a4ec1772c6076,Bacterial-Spot(752),2,0.9999999999999768,0.20000003129311322,0.20000003805477423,0.20000005647514296,0.19999995896354492,0.19999991521342458
267,3146071069ef1df76d14502f5f52c78aebbe5d6a7390ace379b4a0dbe242217f,Bacterial-Spot(752),2,0.9999999999999993,0.20000000227303494,0.2000000027636406,0.20000000412143593,0.19999999700429383,0.19999999383759479
268,99c2382be623943ccc9bf8568b5167b6b4c7fc521c752058f0a1fea84b64c3e7,Bacterial-Spot(752),2,0.9999999999999973,0.2000000093819368,0.2000000114074836,0.20000001694828964,0.19999998768382557,0.19999997457846444
269,9c1325d2edcf6285021f8e089e0e4cd521892acfb27874d2e6939612a8aedd1e,Bacterial-Spot(752),4,0.9999999999999845,0.19999997444234338,0.1999999689203195,0.19999995390355993,0.2000000334938586,0.20000006923991862
270,b16365925c80bfd82baf0e2416cac6e2b7cdb0600b22d467c1027d82a71a3018,Bacterial-Spot(752),2,0.9999999999999964,0.20000001127488234,0.200000013713281,0.200000020368142,0.19999998519951104,0.19999996944418372
271,04412439abe7b5f6a9c058c4e2c047352c160404661a59a2aadc679fa4a90bce,Bacterial-Spot(752),2,0.9999999999999121,0.2000000616404707,0.20000007495707214,0.20000011120824882,0.19999991919392443,0.1999998330002839
272,cc4a6a96e32847e75508446254d51388432719c2dadcfc119fa865b31324fe6d,Bacterial-Spot(752),2,0.9999999999999695,0.20000003601532015,0.20000004379328049,0.200000064994322,0.1999999527725613,0.1999999024245161
273,20fdf63b813ccf65deec142de16ecc6dd4078e876899a6474086aa7fed130459,Bacterial-Spot(752),2,0.9999999999999952,0.20000001359313427,0.20000001652787142,0.2000000245425512,0.1999999821657234,0.19999996317071977
274,08efebb8efad774428cb0c38736e908200627c50a32ba72828b758d2cef5dfeb,Bacterial-Spot(752),4,0.9999999999999857,0.19999997560430297,0.19999997033295222,0.19999995600929424,0.2000000319633047,0.20000006609014587
275,8c06f844b9626c2399b7b670eba70d5d25c001341ba2754d6d7a670d0936cbf8,Bacterial-Spot(752),4,0.999999999999999,0.19999999609404723,0.19999999524836481,0.19999999297519824,0.2000000051030085,0.20000001057938122
276,7d1f36bb87289a24faa0d70d1c00ec6ba6c324447f6b4148a2b8374b3d3194b5,Bacterial-Spot(752),4,0.9999999999999978,0.1999999918388631,0.19999999007554795,0.1999999853019537,0.20000001067871706,0.20000002210491818
277,833145b2e6de47f954d753ec796d0c9eb2606f014d5443b61960c2db1486b4d0,Bacterial-Spot(752),4,0.9999999999999984,0.19999999342861075,0.19999999200870827,0.19999998816938958,0.20000000859520617,0.2000000177980853
278,f8c5f9abf6a78204ea561737f1c94999f3195a07ba499169f1d53aa64d80289d,Bacterial-Spot(752),2,0.9999999999999941,0.2000000152299775,0.20000001852130156,0.2000000274998777,0.19999998001729527,0.19999995873154794
279,7355f64883b44b2fe42ed69176a8b4c327146b102633cb57b5a61e703d36563c,Bacterial-Spot(752),2,0.999999999999985,0.20000002515533633,0.20000003058892812,0.20000004540428948,0.19999996700730255,0.1999999318441435
280,05e658d1c8d2054abeb450c0949bd62526fec56ec58b0e702a2a16d21f070060,Bacterial-Spot(752),2,0.9999999999999992,0.20000000351835842,0.200000004277438,0.20000000635766277,0.1999999953797997,0.1999999904667411
281,6d3af8aff828eaf1c788d32abfcbc35dc60018ddd4e646e68d32ad38757a671a,Bacterial-Spot(752),2,0.9999999999999882,0.20000002188819965,0.20000002661485466,0.20000003950926454,0.19999997129053865,0.19999994069714244
282,f47d240cb1174d3e80c0cb2c8395660d8ff60e410fe1565be1041ee2901fc1d9,Bacterial-Spot(752),2,0.9999999999999496,0.20000004656014825,0.20000005661650214,0.20000008401819896,0.19999993894952547,0.1999998738556253
283,af741fa8a42e47b73f19f377b7d90bd9b0c92dcee868279380792f9b6b0a9079,Bacterial-Spot(752),2,0.9999999999999968,0.2000000106476741,0.20000001294559455,0.20000001923504698,0.1999999860218724,0.19999997114981202
284,1b1643c2c0d34c4522f38510ea581d2f479165352a43e88765aa5e4b62f74a6c,Bacterial-Spot(752),4,0.9999999999999993,0.19999999794302617,0.19999999749390462,0.1999999963102488,0.20000000267914764,0.20000000557367284
285,57778211cd1636b45e90574b55e0f9bd71580acaf68f331e2ec42dc0adc90175,Bacterial-Spot(752),2,0.9999999999999626,0.20000003993011187,0.2000000485507725,0.20000007204427686,0.1999999476498445,0.19999989182499428
286,43de3a768e975fa66e94f54069a48c206e55645c763d157d1b652baceeb19ee8,Bacterial-Spot(752),2,0.9999999999998704,0.2000000748686455,0.200000091041584,0.20000013507586417,0.19999990185086688,0.19999979716303937
287,f2f94801a17b2af42297277069a4be3b05b96a008cfe4605e65c36b2747e6089,Bacterial-Spot(752),4,0.9999999999999774,0.19999996898337283,0.1999999622863944,0.1999999440689595,0.20000004064018012,0.20000008402109318
288,2db4d3bf7e16c28783ed7615599e9a036c3b8ba450a9f9029dc26e1886439921,Bacterial-Spot(752),2,0.999999999999935,0.2000000529077063,0.20000006433893233,0.20000009545692088,0.19999993063923538,0.1999998566572052
289,10364b04888bd090356044ee9db9abb00010d0523cbce089f22df24bb77bba06,Bacterial-Spot(752),2,0.9999999999999953,0.2000000134952539,0.2000000164159635,0.20000002436216294,0.19999998229845672,0.1999999634281629
290,21a484e9bd8b33aef40ec54295cf1deeb9b28b3c46d393fac32b46a0ca2badae,Bacterial-Spot(752),2,0.9999999999999922,0.20000001735585554,0.20000002110583534,0.20000003133121005,0.19999997723342808,0.19999995297367085
291,49ef5e976ecab3a3b88a32b4b2865329de420c8957c98f72e15076bb50db1ec0,Bacterial-Spot(752),4,0.9999999999999959,0.19999998731314805,0.19999998457011486,0.19999997712301393,0.20000001662190822,0.20000003437181502
292,8e8127ac1f53c07ffd323f6568c014fc1be28d6103ce87cd9b128e6701b8c6b5,Bacterial-Spot(752),4,0.9999999999999906,0.19999998050930692,0.199999976300013,0.19999996486333,0.200000025530094,0.20000005279725608
293,ff2e234ea7d1ffa573c8f1122fc0f0101ae53a9740790b7e9a33784baf4a4bc3,Bacterial-Spot(752),2,0.9999999999999698,0.20000003586276627,0.20000004360833798,0.2000000647220836,0.19999995297038292,0.19999990283642918
294,f3bb0cacd88aa1e8007bfe68980fae11fe4c1a292ea129843d763109b4a8a116,Bacterial-Spot(752),2,0.9999999999999587,0.2000000420495981,0.20000005113208605,0.20000007587634042,0.19999994486587874,0.19999988607609664
295,13e07ff625418df2f6955a4a9ae1c256e7af7c16089e3a42bee5be5149010faf,Bacterial-Spot(752),2,0.9999999999999555,0.2000000437310413,0.20000005317783545,0.20000007890998506,0.1999999426617739,0.19999988151936432
296,b48d32ab662bc5677b132585b09eb2c9f2175bf58756dd85cd2f86f18eab1f35,Bacterial-Spot(752),4,0.9999999999999993,0.1999999996976941,0.1999999996327734,0.19999999948061112,0.20000000037636367,0.20000000081255778
297,e352aca7875f38d8fac4e05c2e5bb6f588ec9df9261f734d128494009f2c727d,Bacterial-Spot(752),4,0.9999999999999952,0.19999998658887497,0.1999999836907364,0.19999997582572973,0.20000001756438845,0.20000003633027033
298,ce2e44a78b99b44a9dcee9a6daab1ff4d75fa5dfcfbf649afcafe0d805c58d47,Bacterial-Spot(752),4,0.9999999999999982,0.19999999300852153,0.1999999914964211,0.19999998740775232,0.20000000914849325,0.2000000189388118
299,ceefc6e58008eed2d339274190e8065d5fac662cd71eb35b283fc95d45814fd8,Bacterial-Spot(752),4,0.999999999999999,0.19999999698914203,0.19999999633794155,0.19999999458922685,0.20000000393051062,0.20000000815317892
300,6d253b7790e4f70553595b26bb936a0f09fa1d57a144992c9e720402bb0cdb7d,Bacterial-Spot(752),2,0.9999999999999972,0.20000000940498086,0.20000001143610757,0.20000001697826525,0.1999999876626818,0.1999999745179645
301,374e3499e4c9671428be5dcc6fd5ac42b92245ab3d47acfff16ade4efa6ba7c1,Bacterial-Spot(752),2,0.9999999999999989,0.20000000410832647,0.2000000049926405,0.20000000743413426,0.19999999459658996,0.19999998886830883
302,3eff5f5721fa4dfa520c258ec9eef48f8ba3f5773251152efc8e8361be145236,Bacterial-Spot(752),4,0.9999999999999948,0.19999998559105556,0.19999998247766926,0.19999997401320163,0.2000000188820209,0.20000003903605276
303,9cac56df4e758a159c08a5953b951aa3405471da87ea16e0c6d5aead78bd5f4b,Bacterial-Spot(752),4,0.9999999999999972,0.19999999042832264,0.19999998835817603,0.1999999827516835,0.20000001253159833,0.20000002593021948
304,7b02f3ac7c75e3d0493db0f3121a874aede2adfc9c33b3889082f0d344ddf90c,Bacterial-Spot(752),4,0.9999999999999919,0.19999998199480415,0.19999997810278153,0.19999996753739915,0.20000002358656366,0.2000000487784514
305,28993b3ce0a4a0552ab11a8b4c809b68b594ae8710f0a16cf53627c1711ccdf0,Bacterial-Spot(752),2,0.9999999999999453,0.2000000485015218,0.20000005897302864,0.20000008751121576,0.1999999364109579,0.19999986860327587
306,ae84d8bf36fb48d6850836433c834501b999c0e19170a4ed6e5f4670a8517ef7,Bacterial-Spot(752),4,0.9999999999999973,0.19999999061897644,0.19999998859013163,0.1999999830964775,0.20000001228104833,0.2000000254133661
307,f4aaaf346f257bf88330a8204cafb1af379f78e664d1a8e8016f229a4ac17ef5,Bacterial-Spot(752),4,0.9999999999999993,0.1999999995404895,0.19999999943975694,0.19999999918394148,0.2000000005921032,0.20000000124370892
308,fd466c38461aaa25c40fabffd86f46edf7073702597542744e7a6f8edbf0bd2e,Bacterial-Spot(752),4,0.9999999999999893,0.19999997921837265,0.1999999747282331,0.19999996252650623,0.20000002722800042,0.20000005629888748
309,b2bdc9b141a11b100db14318e8a9b892eb712ff95f549dabaa29e3201fab3541,Bacterial-Spot(752),2,0.999999999999999,0.20000000426885264,0.20000000518945704,0.20000000771535395,0.1999999943929471,0.19999998843338934
310,028a657e7b41902ba56e5f4d449953b44c327c7133f00181416a4f7cc17c083f,Bacterial-Spot(752),2,0.9999999999999988,0.20000000486461555,0.2000000059122174,0.20000000879350416,0.19999999360904222,0.1999999868206207
311,1da5d011362fdd12fff0db626083253af85a747b44650b99a8f7de3163c958f4,Bacterial-Spot(752),2,0.9999999999999992,0.20000000291571654,0.20000000354496006,0.20000000528052245,0.19999999616207162,0.1999999920967293
312,4a18588d850769de8f7f6016f1639f46559a0e8d95855fda6827d849f1e84dc5,Bacterial-Spot(752),2,0.9999999999999971,0.20000001004463194,0.20000001221313982,0.20000001813196272,0.19999998682422016,0.19999997278604542
313,463dbae616d7158679c3138781822ee1e0b7919fc88bde83b27b4b76e4f3d0f9,Bacterial-Spot(752),4,0.9999999999999993,0.19999999808979793,0.19999999767493018,0.19999999655875872,0.2000000024998323,0.20000000517668096
314,9801e9a8f3d195f91c9e8ca43824e04939af3929da5a246ecb0ec53c9743532f,Bacterial-Spot(752),4,0.9999999999999839,0.19999997407396397,0.1999999684719765,0.19999995324762587,0.20000003397001767,0.20000007023641597
315,84ad2bde22e854cd85d91a73bd939a7360022bf27cc238601bb2576614921672,Bacterial-Spot(752),4,0.999999999999997,0.19999998955755927,0.19999998730295507,0.19999998118649306,0.2000000136694095,0.2000000282835832
316,ada4b93db449cb0d2884d579665f67c308ae79dfc6d8c106af802aa8a2c555a1,Bacterial-Spot(752),4,0.9999999999999993,0.1999999978256178,0.19999999735342805,0.19999999609800773,0.20000000283384767,0.2000000058890987
317,d5055450a9349ab2a39b53ca958b30411fa001ee1472edc88dd3087fcb7ddfdf,Bacterial-Spot(752),4,0.9999999999999913,0.1999999812007957,0.19999997713834763,0.19999996610264126,0.20000002462940997,0.20000005092880552
318,7b1265b4ee6dee0e2157767e3f8d70a6f9c7925df945dc356ee87743c6e44d92,Bacterial-Spot(752),4,0.9999999999999956,0.19999998724900503,0.1999999844928943,0.1999999770181926,0.20000001669774015,0.2000000345421679
319,d0d69d0e675cbb93e75f0ff77bdc90d66183e78df96556592601956cb13bf10c,Bacterial-Spot(752),2,0.9999999999999981,0.20000000758109632,0.20000000921717262,0.20000001369777204,0.19999999004569763,0.19999997945826134
320,423914b0d3d16fd1c40ec94e8ca965eb62c304e97377764c812aa8d742235571,Bacterial-Spot(752),4,0.9999999999999982,0.19999999264412288,0.19999999105243105,0.19999998674856936,0.20000000962736614,0.20000001992751062
321,61d86ef4b87e3c2a59d8c3f6912add95dcf573469e9b431f66905e6b73cfe451,Bacterial-Spot(752),4,0.9999999999999949,0.19999998602900237,0.19999998300923982,0.19999997481555518,0.20000001829826783,0.2000000378479349
322,1dc75c92c2eb61e354bbf66f75718253e99ff7533cd7e569e5672a6ba16ec5f1,Bacterial-Spot(752),4,0.9999999999999973,0.19999999053838724,0.19999998849214426,0.19999998295420648,0.2000000123842972,0.20000002563096486
323,a49b79b0030df937d9e2f87ca50d093350a71bcca37899c3a65a6c5bb5c3a6b5,Bacterial-Spot(752),4,0.9999999999999966,0.19999998842572614,0.1999999859229104,0.19999997914227371,0.20000001515410373,0.20000003135498612
324,6db62ff381edfb9554fe1d5be73b857f2590fbd4a8683d083dd53bd9c57941ee,Bacterial-Spot(752),4,0.9999999999999897,0.19999997937654468,0.19999997491983765,0.19999996280371887,0.20000002702678826,0.2000000558731105
325,df842bcf887aa9a4a53902dac6ba8fed2d08fe764a35c5cdb1c5d48d35ed6ca8,Bacterial-Spot(752),4,0.9999999999999953,0.1999999866254885,0.19999998373375097,0.19999997587538831,0.20000001752873078,0.20000003623664142
326,657dca0ead4970c8cc4081b8f2d59cc6c19b22b6bd3109745e0c765941c2b685,Bacterial-Spot(752),4,0.9999999999999905,0.19999998032470653,0.19999997607278525,0.1999999645199702,0.20000002577945358,0.20000005330308446
327,c6ee78cc3018be73dc0e4ae45b26b819ce54d97eaecbce215d3475b8e30c6607,Bacterial-Spot(752),2,0.9999999999999992,0.20000000297846995,0.20000000361975273,0.2000000053905233,0.19999999608195523,0.19999999192929888
328,26395e93b0a7a8540677237ea892e1b431e488447f0f34d7b61f1e19a57f0339,Bacterial-Spot(752),4,0.9999999999999949,0.19999998605784378,0.19999998304498573,0.19999997486160723,0.20000001826520344,0.20000003777035982
329,4e81b07908204ab8f49da92eb735fc4131c13c3c298c90e6bf510f615aeec494,Bacterial-Spot(752),4,0.9999999999999984,0.19999999369855148,0.19999999233535257,0.19999998865088753,0.2000000082452478,0.2000000170699607
330,315fea8b317b2837ef677f419ef282602e26b0b97f8ae3ebf2bed49dae84f228,Bacterial-Spot(752),4,0.9999999999999932,0.19999998364834742,0.1999999801152887,0.19999997051483384,0.20000002142370688,0.2000000442978231
331,b5046c806f5320aeaef60210979597c14b34235e38367a17d9a130ac1f7bc625,Bacterial-Spot(752),4,0.9999999999999879,0.19999997754439253,0.19999997269229633,0.19999995950664573,0.20000002942221023,0.20000006083445512
332,6cf8af218ade52f98ce6e9329bcb119b4ff24b58ec0c19037642013bacd5c5e0,Bacterial-Spot(752),4,0.999999999999991,0.19999998101705319,0.19999997691428878,0.1999999657686568,0.20000002487206733,0.20000005142793392
333,165b1b94ee240985a4ccb1b61589451b2413adc97b27642453613fea3912c758,Bacterial-Spot(752),4,0.999999999999995,0.19999998628085455,0.1999999833152635,0.19999997527086033,0.2000000179673474,0.20000003716567422
334,bb5a7858eb6cd5ec287422473c3c7e17fa92f9b33e11ac3a82ffda79ec68a43e,Bacterial-Spot(752),2,0.9999999999999802,0.20000002881766712,0.20000003503986694,0.20000005200626128,0.199999962209884,0.19999992192632066
335,4a22f6cc9e5a58275351148c29f93234bbb244edb2d689dbc13220b84881ebff,Bacterial-Spot(752),2,0.9999999999999989,0.20000000474548255,0.2000000057651121,0.20000000857855377,0.19999999376477148,0.19999998714608003
336,92768c72149160efb23b8150a2d0922c513b621c6c58d84546c83a2c0a7130b2,Bacterial-Spot(752),4,0.9999999999999921,0.1999999822842617,0.19999997845590048,0.19999996805391076,0.20000002321175955,0.2000000479941675
337,5dc29b571d311e32b3d62c984a3c7bb6bc682a8181bdc38059e5188bce5db5e7,Bacterial-Spot(752),4,0.9999999999999988,0.1999999949425295,0.1999999938465543,0.1999999908890907,0.20000000661887662,0.20000001370294876
338,b3afb4c1033052badc91c1cefc76017d151c3d21e87c215e4e50226a2092b59c,Bacterial-Spot(752),2,0.9999999999999778,0.20000003058986376,0.20000003719370701,0.20000005520633823,0.19999995988426902,0.19999991712582205
339,fc3e6a764aaf1d1d7aa8b8ebc84d5a99fdd69a1e92a8f418b0a9fddca5be2b7c,Bacterial-Spot(752),2,0.9999999999999962,0.20000001168518514,0.2000000142065828,0.2000000211017113,0.19999998466558977,0.19999996834093092
340,d70306d18b033171fa76bdd200e6649f7278f0a1f52c99882608f8c55ef82796,Bacterial-Spot(752),4,0.9999999999999976,0.1999999907358159,0.19999998873075642,0.19999998330627178,0.20000001212835203,0.200000025098804
341,0b9e679a10a06dc07ea036d445aeb700f3bd464b75cd41a960e00bd9cf87c1b9,Bacterial-Spot(752),4,0.9999999999999921,0.1999999824857946,0.19999997869884953,0.19999996841849454,0.20000002294633787,0.20000004745052333
342,03cdc56ca76cfc44a25e49fe4e9c50e3da38374221ee83f210e2df22e7d430e5,Bacterial-Spot(752),4,0.9999999999999941,0.19999998495498622,0.19999998170315356,0.19999997288248333,0.2000000197026737,0.2000000407567031
343,58b01a501e01ced233dbea8a1b78eb58018027a44e4a4976f2a96f5ea3f3e105,Bacterial-Spot(752),4,0.9999999999999899,0.19999997967742159,0.1999999752851214,0.19999996335117326,0.20000002662866248,0.20000005505762125
344,5e1bcf5a8c6914718c044ccb2dd731481c3f42d86cd155401ac77fd4eeffee3e,Bacterial-Spot(752),4,0.9999999999999989,0.19999999530132914,0.1999999942835302,0.19999999153885725,0.20000000614678326,0.2000000127295001
345,029e68a0c493242cc4a10d18c526a6513f32f16ee4b2d114657106ff6cce4228,Bacterial-Spot(752),4,0.9999999999999942,0.1999999850279853,0.19999998179153927,0.19999997300445016,0.20000001961438546,0.20000004056163984
346,d02199c37cf4b1469f0359ea9fd2cd3312c7592bd3e51ff6ca13c1a103ddd9f7,Bacterial-Spot(752),4,0.9999999999999936,0.19999998415343498,0.1999999807292641,0.19999997143207032,0.20000002075691997,0.2000000429283106
347,3968a83abe0b1b061dd88012a538af659cadf94ce0b999706ade98dc6524b1a3,Bacterial-Spot(752),4,0.9999999999999977,0.19999999146344558,0.19999998961617416,0.19999998461550852,0.2000000111773171,0.20000002312755466
348,44259aa3d7112c6ab2b57d90d88e57339b9ea3ce5485505985faada7fcf89307,Bacterial-Spot(752),4,0.9999999999999931,0.19999998344452613,0.199999979866295,0.19999997015383222,0.20000002168549982,0.20000004484984668
349,79e187bd31ccce7dbbea57f23df27c24845c8ed498f61d009e41078666f4cf91,Bacterial-Spot(752),4,0.9999999999999988,0.19999999533476623,0.19999999432419202,0.19999999160742402,0.2000000060966028,0.2000000126370149
350,af53d0b1ce31875e37583b6847dbef90ad2f91c2e63da9a8156365979618d952,Bacterial-Spot(752),2,0.9999999999999993,0.20000000265715617,0.20000000322911046,0.20000000481504845,0.19999999649993958,0.19999999279874528
351,1304cdd6c6bf008f51c3ab6711d1d2af894ab291aece6b3f151db0dc9ebeea88,Bacterial-Spot(752),4,0.9999999999999908,0.19999998055356114,0.19999997635145036,0.1999999649291274,0.20000002548239146,0.20000005268346976
352,15e9272c37b9dedd8722ebdf30c9f916c082f39b59c409da66cfe646c7dbcc5b,Bacterial-Spot(752),4,0.9999999999999967,0.19999998907649022,0.1999999867138996,0.1999999803065455,0.20000001430847575,0.2000000295945888
353,ae62ddbfde1516f3d7f937a1309b5f7f58bbb7202ca057621b151d7d625be55e,Bacterial-Spot(752),4,0.9999999999999962,0.19999998815701853,0.1999999855960121,0.1999999786456491,0.2000000155154467,0.20000003208587355
354,c0558898cff098c90253d7186679d73b01520db29b54e88b40406e0884e29630,Bacterial-Spot(752),4,0.9999999999999956,0.19999998718695358,0.19999998441512468,0.19999997689940782,0.2000000167838681,0.2000000347146459
355,bd42ab80145daad094af6f3bcda784cc6e01e3455a015d7e9e9c1c852554603a,Bacterial-Spot(752),4,0.9999999999999931,0.19999998356257237,0.19999998000797298,0.19999997035955636,0.20000002153594076,0.20000004453395753
356,cd341d33bb5fbf2484491982b7e5356de34247897abfd40ad89671c29ace9623,Bacterial-Spot(752),4,0.999999999999993,0.19999998335621294,0.19999997975808556,0.1999999699884269,0.20000002180578488,0.20000004509148972
357,72ea57b0ca7926fca8e1e6a5a6ca1b1f20c5a09d9c34b94595a132cf3937d23f,Bacterial-Spot(752),4,0.9999999999999971,0.19999998983924402,0.19999998764178986,0.19999998168977653,0.20000001330314904,0.20000002752604049
358,884bcb5bdeb6923d6c1ffb95684140b31bdd84981ccf69895bccb8ab59559a30,Bacterial-Spot(752),2,0.9999999999999897,0.2000000204877956,0.20000002491279933,0.2000000369665208,0.19999997313904977,0.19999994449383454
359,4d99da45c4792f05d589f27d460133de70a46494caaed001403b145984d8e2e0,Bacterial-Spot(752),4,0.9999999999999954,0.19999998689576717,0.19999998406184613,0.1999999763731642,0.20000001716645402,0.2000000355027685
360,91630b7e61dd63ae835d5da5ba335957cc91b33c1594eba34a39efa1a13ee58f,Bacterial-Spot(752),4,0.9999999999999964,0.199999988601727,0.19999998613661396,0.19999997945274622,0.2000000149287486,0.2000000308801642
361,eb227310f6242f8f638670fc0316a38fc465b68b669fcd8c99158e20d768e1a7,Bacterial-Spot(752),4,0.9999999999999954,0.19999998702633123,0.1999999842202391,0.1999999766099343,0.20000001699428446,0.20000003514921083
362,1d547c0f3b7b4b66df42643d5ba2eba530c9492945227c04e856d4c95e35030a,Bacterial-Spot(752),4,0.999999999999995,0.1999999862564774,0.19999998328512814,0.19999997522342866,0.20000001800185613,0.2000000372331097
363,591ed28125e9db5591e0400772c9b5febeceb8530568d4efbb511be0e75e809e,Bacterial-Spot(752),4,0.9999999999999905,0.19999998033677052,0.19999997608638073,0.199999964543,0.20000002576244677,0.20000005327140186
364,bfd1b656b3c1f5a9bb1e2d49684604389f1c27464325d2305154fb4e78e37319,Bacterial-Spot(752),4,0.9999999999999981,0.19999999271426233,0.19999999113675107,0.1999999868735716,0.2000000095364043,0.20000001973901066
365,62e9b45801d5259076a4e4874104b77b27f3800226a0f2874e0616e1d0550eeb,Bacterial-Spot(752),4,0.999999999999995,0.19999998635012817,0.19999998339892494,0.1999999753854836,0.20000001788438887,0.20000003698107435
366,8af13643e9759dc4bebd736055c23ddcc59da493d2fc2051e3d1d4b2d4ff2ff7,Bacterial-Spot(752),4,0.999999999999995,0.1999999863735676,0.19999998342639586,0.19999997543180484,0.20000001785034213,0.20000003691788962
367,425e04a056b2ddbc4dde1950136f48d9dd26af902a9867e527b6025f46031b6a,Bacterial-Spot(752),4,0.9999999999999915,0.19999998131927538,0.19999997728162658,0.19999996631121753,0.20000002447791213,0.20000005060996837
368,2f705b1222de19de666a7ff8fc1bf4b87829385c686882826525357bc7b21211,Bacterial-Spot(752),4,0.9999999999999993,0.19999999889195344,0.19999999865131926,0.1999999980274075,0.2000000014319156,0.20000000299740425
369,f7163badca17b0cb3b828d5b3317a9b056e1515c373602f97f925fea74ad3f6b,Bacterial-Spot(752),2,0.9999999999999988,0.2000000048885678,0.2000000059430111,0.20000000883579197,0.19999999357873396,0.19999998675389508
370,c4ee1efab1ec3876ebfe64187d05890069e034443a819341f344c7935eaa026f,Bacterial-Spot(752),4,0.9999999999999976,0.199999991213589,0.1999999893132242,0.19999998416841025,0.20000001150220278,0.20000002380257373
371,68b110bd90d0222da132f046b273098d080ae2050a2f8ab76276663c25d0ff4e,Bacterial-Spot(752),2,0.9999999999999994,0.20000000065532184,0.2000000007933022,0.20000000120076472,0.1999999991259525,0.1999999982246587
372,1fd1a81a53c149cbc5696e644c60a8ade2d0047bd7a70be10ef5cd04b4b6f0b3,Bacterial-Spot(752),4,0.9999999999999992,0.19999999762360446,0.19999999710783334,0.19999999573442329,0.20000000309800453,0.20000000643613436
373,3aee890a2d4011a2200567c89b3e92548f4fb9483931c04e0b101fbe3bbd9af1,Bacterial-Spot(752),4,0.9999999999999993,0.1999999975057999,0.19999999696340864,0.19999999551591094,0.20000000325680262,0.20000000675807794
374,1d155148e162f8ea8eef3c1eacb470a2be85efe6111ff2abffe5d0d3253264ce,Bacterial-Spot(752),2,0.9999999999999988,0.20000000484364183,0.20000000588839525,0.2000000087625997,0.19999999363153692,0.1999999868738262
375,c208ebd50563398b2d42209a23286e497849672f5420561daf9f369f09a49c7f,Bacterial-Spot(752),4,0.9999999999999957,0.19999998743952238,0.19999998472354222,0.19999997736015726,0.2000000164491218,0.20000003402765631
376,a0ee2fe14f728ec5a303b369541afc7db89df937e7e048b8f48ef38e2784b09a,Bacterial-Spot(752),2,0.9999999999999989,0.20000000436345833,0.20000000530150674,0.200000007893766,0.1999999942623508,0.19999998817891804
377,4ba5af6ad90341166212b8fb73303eb8d220ba948c331af945fc9ec24da7d5f3,Bacterial-Spot(752),2,0.9999999999997582,0.20000010246535913,0.20000012459872538,0.20000018482875623,0.19999986570068068,0.1999997224064785
378,c07b1e525b2cc9de9e725222073d5f2b49b276376d08b8ccab08a3428efa4843,Bacterial-Spot(752),2,0.9999999999998125,0.20000009017858045,0.20000010965423365,0.2000001626675693,0.1999998818024827,0.19999975569713382
379,b9a2dc3cde62ddeb14f97606c74b664df4078937e8752026e1145ebb0a777aed,Bacterial-Spot(752),2,0.9999999999997755,0.200000098712007,0.2000001200324582,0.20000017805581244,0.1999998706216541,0.1999997325780682
380,08fa0f787dfc7d59cfd96785fc2e35f4b963ce166f74a61c1666d67fa4ee56d4,Bacterial-Spot(752),2,0.9999999999999046,0.20000006421796296,0.2000000780821184,0.20000011585521915,0.19999991581556725,0.1999998260291323
381,3611a9c930ddf2fb080144bd2ddd1d2027de00a3dd8358a5c9a3c308c576162b,Bacterial-Spot(752),2,0.9999999999997667,0.20000010063105683,0.20000012236382883,0.20000018151375304,0.19999986810877093,0.19999972738259042
382,f4984f8fe1a66ca6662a39b3744a445df9df6643066c1d0e99bb52e0bd15e16e,Bacterial-Spot(752),2,0.9999999999998533,0.2000000797158678,0.20000009693058668,0.20000014378467543,0.19999989552334763,0.1999997840455225
383,8493ef7bb083bff309df61b61c394c7f6a695e32745b7ea26abfce46bbffae4f,Bacterial-Spot(752),2,0.9999999999997885,0.2000000958240988,0.2000001165194453,0.20000017284777008,0.19999987440557196,0.1999997404031138
384,9b79e99b46a67417a18dc28c2d0f73146aa253fd1998667cf90f961eb6b437c2,Bacterial-Spot(752),4,0.9999999999999952,0.19999998646714331,0.1999999835458924,0.19999997559238436,0.20000001773523138,0.2000000366593486
385,8b114d7541270432cb0e8ea1f92f38db9d49537b7308c5ddb9c0b3ecaf478f72,Bacterial-Spot(752),2,0.9999999999999905,0.20000001955378663,0.2000000237749858,0.20000003526672938,0.1999999743743723,0.1999999470301258
386,a32c8181d3ca853267f9a99f90d9446554074bb775105989040208f16d8a40c5,Bacterial-Spot(752),2,0.9999999999999303,0.20000005486071593,0.2000000667078718,0.20000009895930868,0.19999992809402228,0.19999985137808138
387,28b7d702540825b5393b60e4f3352b560bececd3f3433ef8634deaf6a5d918ec,Bacterial-Spot(752),2,0.9999999999999504,0.20000004620814346,0.20000005618685998,0.20000008335233893,0.19999993943437916,0.19999987481827847
388,42a123abf44c3cc629dbe72af1d9b601cc6e02e3c33433cbfe14941a2a363785,Bacterial-Spot(752),4,0.9999999999999936,0.19999998427771853,0.19999998087815665,0.19999997164262695,0.2000000206040746,0.20000004259742327
389,e4ddead6cc12a17e26e9f364c5c8a30daa47db3721dd662580c41ac5328e8ec6,Bacterial-Spot(752),2,0.9999999999999657,0.20000003833702526,0.2000000466151445,0.20000006914843727,0.19999994975533075,0.1999998961440622
390,641a57dbd393c3435b8fb4731830673f1d1e6aea7261dd9efe5a7e99e7c8b7c9,Bacterial-Spot(752),2,0.9999999999999852,0.20000002470316314,0.20000003004060685,0.20000004455382586,0.199999967627113,0.1999999330752911
391,0ff19ff5d0dc314d034924aff64b2a6b3545c00bd024c93c492abeba53883023,Bacterial-Spot(752),4,0.9999999999999926,0.1999999826189415,0.19999997886375379,0.19999996864589167,0.2000000227823189,0.2000000470890941
392,ffbeccab16b6e45b8ab0531fae4c3bd738f01cbfd911d8b3ab387334a163937e,Bacterial-Spot(752),4,0.999999999999999,0.19999999598322982,0.19999999511427227,0.19999999275614222,0.20000000526318554,0.20000001088317013
393,5930893a1adec1dd8dcceb94cc17e9fd6bee9f19b0ae970d26e2949e868fa72e,Bacterial-Spot(752),2,0.9999999999999453,0.20000004850817593,0.2000000589868636,0.20000008748925277,0.19999993642961875,0.1999998685860888
394,6b406ae1236ff30532e37a3b7e4c5267fd9714b89ffeaea625472b6f4d5cb64a,Bacterial-Spot(752),2,0.9999999999999793,0.20000002956627266,0.20000003595294122,0.20000005333527435,0.19999996124573013,0.19999991989978166
395,583456a732398077968df6758a45882e9ae3e83ef23f41c6de9b8c81210e5809,Bacterial-Spot(752),2,0.9999999999998721,0.20000007444382042,0.20000009052511167,0.20000013428103589,0.19999990242969481,0.19999979832033715
396,96e70e6a92a6060905bb0d9d6d184a92f2139d2ac9f8961ee7a0b5276a1ae5aa,Bacterial-Spot(752),2,0.9999999999998376,0.20000008392202206,0.20000010204857477,0.2000001513726424,0.1999998900104763,0.19999977264628446
397,dc182c8161b380dbe13dac13739b44a54674aadb71c270d281d7d11a1c910629,Bacterial-Spot(752),2,0.9999999999997152,0.20000011121821454,0.20000013524034665,0.200000200617012,0.19999985422829533,0.19999969869613154
398,14229ac4e6ea67ea1daff14379e5ecd212239c394bbc914428deb6285bd202bb,Bacterial-Spot(752),2,0.9999999999998456,0.200000081847255,0.20000009952149875,0.20000014763424864,0.19999989272579427,0.19999977827120335
399,3515c83a555b04ccc3a224bb3f7cade5e74d6329752d57df0303261f402adfc5,Bacterial-Spot(752),4,0.9999999999999988,0.19999999498601775,0.1999999939042105,0.1999999909517339,0.20000000657506814,0.20000001358296962
400,310b847220771ece7b94693b022198d495a008c6aefdd77ea2c41fd4c5265bd9,Bacterial-Spot(752),2,0.9999999999996955,0.20000011500915116,0.20000013984763276,0.20000020745138172,0.19999984926198197,0.19999968842985244
401,52daf0223626301d44b168d05bb43950d95edc88d7816450bd025ff5b9d2eaf2,Bacterial-Spot(752),2,0.9999999999999001,0.20000006571985213,0.20000007991951071,0.2000001185526505,0.19999991385839358,0.19999982194959298
402,64449da802b3aa7523f5faabd40f0f7dca9e2ff495f4ac50770b67303494517f,Bacterial-Spot(752),4,0.9999999999999993,0.19999999904064086,0.19999999883255556,0.1999999982957911,0.20000000123701406,0.2000000025939983
403,e5305a7996e1fe3175e3a1776acdd4269da1bce67c178482c978c8a689eca8f3,Bacterial-Spot(752),2,0.9999999999999251,0.20000005682603067,0.2000000690982196,0.20000010250577613,0.19999992551716614,0.19999984605280738
404,bb7d1ccb1c4008d94c53eb80be11a8dccdfef245057c3bfbef82d19889d572d0,Bacterial-Spot(752),2,0.999999999999991,0.20000001903641643,0.20000002314720977,0.2000000343269274,0.19999997505782974,0.19999994843161675
405,b72fd81b964a64bcefd97142b58a2efb4de1f6f8788dcdc5d506adefed5785cf,Bacterial-Spot(752),2,0.9999999999998535,0.20000007968297404,0.20000009689171347,0.2000001437194775,0.19999989557120154,0.19999978413463337
406,96b07eca341fbfd63a6d93dd60a3eca55aa826c73dab094b3dee36e1490a1b22,Bacterial-Spot(752),2,0.9999999999999085,0.20000006288058497,0.20000007646324652,0.20000011341793233,0.19999991758918736,0.19999982964904892
407,a1b2f262794b06b3d6fcdc1d5375fe4427ed4fd2a4133f6a22330279b9c70155,Bacterial-Spot(752),2,0.9999999999998612,0.20000007752936053,0.20000009427636017,0.20000013984096338,0.19999989838984764,0.19999978996346815
408,71945eb772168447530a30a57c948e6c5851540e3f16a0ec7eb9528fe57e5a9b,Bacterial-Spot(752),2,0.9999999999999591,0.20000004184461892,0.20000005088037684,0.20000007547465581,0.1999999451586574,0.1999998866416911
409,b7ca9aa463002426eae066e2214eedc179921f4a6b8bfe5c051e29164acd9705,Bacterial-Spot(752),2,0.9999999999998501,0.20000008060650837,0.2000000980163813,0.20000014538524294,0.19999989436118779,0.1999997816306797
410,b065b919bb43d7ccc6e074b53e381fc4118b81ab6e7184f36eaab3df48b35ad2,Bacterial-Spot(752),2,0.9999999999997855,0.2000000964895803,0.2000001173284855,0.20000017403995088,0.19999987353967408,0.1999997386023092
411,f524e49a21c0063add5eaf528a4fbe5102cc80c6e4578b9cb481bcb7f368715a,Bacterial-Spot(752),4,0.9999999999999915,0.1999999813545741,0.19999997732756053,0.19999996636302358,0.20000002444142564,0.2000000505134162
412,c6203344ca3988fc27987121103a166a10cf4c04d3887a04b3dae7d4aabc5c37,Bacterial-Spot(752),2,0.9999999999997373,0.2000001067843208,0.20000012984926416,0.2000001926160713,0.1999998600421603,0.19999971070818348
413,01a0266f8c0b4583b080aed9d0f17cc24bc5fc542b2f7a544d3536bb6d1e5602,Bacterial-Spot(752),4,0.9999999999999981,0.19999999276792543,0.19999999120396109,0.19999998698564705,0.2000000094547158,0.20000001958775065
414,a055cea571fe052f654ad2c84ed21407e907ca52c920765787237ee8ffebb403,Bacterial-Spot(752),2,0.9999999999999836,0.2000000262333925,0.20000003189896864,0.2000000473147382,0.19999996562045788,0.19999992893244278
415,dd6a1f114d16cb978cb4e42a00aa9e79a447c52c8594fcf521ecb4feb3801a5a,Bacterial-Spot(752),2,0.9999999999997707,0.2000000997553255,0.2000001213010573,0.200000179931283,0.19999986925919255,0.19999972975314154
416,ba092b938b2399863a94f7f919b124cf8fe608e51c8a796d17c03c5c10758db6,Bacterial-Spot(752),2,0.999999999999879,0.20000007236960363,0.2000000880046561,0.20000013053466223,0.1999999051524524,0.19999980393862565
417,5a4b94bb599d1c50559d93351816e7ea2b42c8f0aff31f9dc3b403246a02bdac,Bacterial-Spot(752),2,0.9999999999997631,0.20000010142433333,0.2000001233294094,0.20000018294508917,0.19999986706891326,0.19999972523225493
418,8a426db6820dd22aeef2476919b16144056e75698e246e64602ffaf5ea9bae2c,Bacterial-Spot(752),2,0.9999999999999146,0.20000006075960094,0.20000007388410615,0.20000010959020667,0.19999992037052297,0.1999998353955632
419,a03d65111d2e7e2f1d1134109e3dba6cde877b5222f74623d8b11c6a0370682f,Bacterial-Spot(752),2,0.99999999999991,0.20000006237575266,0.20000007585364427,0.200000112510025,0.19999991824963134,0.1999998310109467
420,f0a0768448117dd138435447cfece791b2a444aaf16363cba71aaf7542594769,Bacterial-Spot(752),4,0.9999999999999973,0.1999999904897288,0.19999998843865005,0.19999998284698886,0.2000000124642508,0.20000002576038148
421,9d600801dbfd315f5a7b943debc41ae61bf11f85cfee2b666b84356d46922190,Bacterial-Spot(752),2,0.9999999999997753,0.2000000987655267,0.20000012009854157,0.20000017815436055,0.19999987055017132,0.19999973243139976
422,1941a00e80fc43d19bb89348ff5a046716327f1a11e3c91921ce914106dc92bb,Bacterial-Spot(752),2,0.9999999999997432,0.20000010558679093,0.20000012839149753,0.20000019045686712,0.19999986161070962,0.1999997139541348
423,395609536bbd5e7d8bd27e8be1eed1f9cada491c129ed9e8b995b6cdce34e87d,Bacterial-Spot(752),2,0.9999999999997851,0.20000009659128942,0.2000001174533677,0.20000017423340483,0.19999987339890363,0.19999973832303444
424,82f077111f575cb6859cc9008ed4e85a266121e77d5da91f491c1b753a09fc5d,Bacterial-Spot(752),4,0.9999999999999848,0.1999999748466602,0.19999996941394188,0.19999995464454307,0.2000000329553615,0.20000006813949336
425,ea2887a99fdd8d5a642e4208345bf1c2254a698a03f6be3a1194b09e5c6a7f6c,Bacterial-Spot(752),4,0.9999999999999976,0.19999999084557388,0.1999999888675539,0.19999998347806683,0.20000001200537837,0.2000000248034271
426,3ba704c97c1bb6f5cba155a612c634efc8ee95c42435325d5557f1788be4e665,Bacterial-Spot(752),2,0.9999999999999845,0.20000002551997872,0.20000003103356173,0.20000004603375424,0.1999999665514336,0.1999999308612718
427,e6dab5d14e6d532d85a23d0d10e49c80258510f735732b7ac414c1b317f3dd3a,Bacterial-Spot(752),2,0.9999999999999757,0.20000003209587888,0.20000003902676564,0.20000005789834438,0.19999995792966077,0.1999999130493504
428,aa3ec2e5a53fce9910bf140d66ba0969db02e68d440201c12a8e2fb98a174505,Bacterial-Spot(752),2,0.9999999999999772,0.2000000310042695,0.20000003770169975,0.20000005592444728,0.19999995936463927,0.19999991600494418
429,8035f352419582e32598ee24429f6cc4ef2857f0d658a2a242d4e77a39b95700,Bacterial-Spot(752),2,0.9999999999999745,0.20000003289956345,0.20000004001328187,0.2000000593328184,0.19999995688995298,0.19999991086438332
430,bd218a5f4d88aaa6cb7c9b7bf0dcdfe8dacb2890c77587ce0ad786d2725333f2,Bacterial-Spot(752),2,0.9999999999999968,0.2000000108250571,0.20000001316488358,0.20000001953269814,0.19999998580732,0.19999997067004122
431,adbd3a0feff73b0a81d20e117c19da4c68baebceffcf4fbb84e89c5104cb559b,Bacterial-Spot(752),4,0.9999999999999899,0.19999997977335748,0.19999997540469977,0.199999963505969,0.2000000265176072,0.2000000547983665
432,68e08fdcb7edcc4623038c454592a6d01790b5560cd877a94dcfe3384594ae6e,Bacterial-Spot(752),2,0.9999999999997993,0.2000000933058714,0.20000011345737803,0.20000016829398845,0.1999998777149639,0.19999974722779823
433,f7560f12b20b4f53b8efb663764923fc913b668e924b7ddd9a49215ed1d56174,Bacterial-Spot(752),4,0.9999999999999988,0.19999999458673587,0.19999999341575347,0.19999999022834763,0.20000000710022825,0.20000001466893477
434,6d550f4dbc00c6c549293daf326a42b9dc185afc4061486471226e9c033ef715,Bacterial-Spot(752),4,0.9999999999999947,0.1999999855862327,0.19999998247653045,0.19999997398658198,0.20000001890313762,0.20000003904751731
435,a15461088e9dcf0a6934a49b7eae4230cf71e7b21382ffb570648c72aeb5fbdd,Bacterial-Spot(752),2,0.9999999999999586,0.20000004214554545,0.20000005124260345,0.20000007603091707,0.19999994475308297,0.19999988582785094
436,1ddba460009020895ff76dc30bb6c9490c86869732dda796b04443d1efb26fc6,Bacterial-Spot(752),4,0.9999999999999959,0.19999998784316644,0.19999998521579473,0.19999997810125378,0.20000001591038918,0.20000003292939578
437,eba248993253eba71f61604c6667a5cfde124116943293fa932b595070b6d38c,Bacterial-Spot(752),2,0.9999999999998391,0.2000000835022963,0.20000010154162381,0.2000001506111078,0.19999989056471149,0.1999997737802606
438,fa1267a18fe0900f42b88e3945d6378fc239e3f34db588a11d8f0a4efc61062c,Bacterial-Spot(752),2,0.9999999999999676,0.20000003718170287,0.20000004521835907,0.20000006704471016,0.1999999512865023,0.1999998992687256
439,2a63d55db7cc4bd65ebb93c3904635b738b9cc0c7d5a1eb05e09f08ec5f2bda5,Bacterial-Spot(752),2,0.9999999999999906,0.20000001947821971,0.2000000236859749,0.20000003513239373,0.19999997447250678,0.19999994723090483
440,f7afe32848bb4e302295e3b9c65e66d69776f70409db8a6472532632b8b51cb9,Bacterial-Spot(752),2,0.9999999999998407,0.20000008307608025,0.20000010101991839,0.20000014985373743,0.1999998911138065,0.19999977493645738
441,56c0d9c06384ad97ffcabcb4c5f349853794c0e8fb8d72c6ceecc52119b0bd68,Bacterial-Spot(752),4,0.9999999999999984,0.19999999398884308,0.19999999269014807,0.1999999891585227,0.2000000078774964,0.20000001628498973
442,5c077bbbc0311153eb1986d62156b58fef7fca032112596ec0332dc3f83498ce,Bacterial-Spot(752),2,0.9999999999998608,0.20000007766554362,0.20000009444133954,0.20000014009208797,0.19999989820700478,0.19999978959402412
443,0ff796d39307203fb45c1e3e3a496377af98e3a682cce753a4c2030af9948be6,Bacterial-Spot(752),2,0.9999999999999655,0.20000003840581784,0.20000004670591903,0.2000000692602367,0.1999999496761349,0.19999989595189138
444,42595b889b3ecf6eac1655144416df6e8e75f50ae4aeb94b7cdd2f3ba1193ab0,Bacterial-Spot(752),2,0.999999999999986,0.20000002403788722,0.2000000292289497,0.2000000433671204,0.19999996848824123,0.19999993487780138
445,1eb850e52da9efb4ddc3bd85a06eea476978cb51f6478816cb601bd28a2eb513,Bacterial-Spot(752),2,0.9999999999998578,0.20000007847578305,0.20000009542879937,0.2000001415494829,0.1999998971486725,0.1999997873972622
446,bfd01cdea9da1a5e7471dcfbc1f276c6021453a7af38dd1ebfbeb243fea893d4,Bacterial-Spot(752),2,0.9999999999998015,0.20000009283975545,0.2000001128964189,0.20000016746429636,0.199999878318562,0.19999974848096724
447,f05e7631e2c3bc3e0b8c64354f9deefefca24f91b3ce252dd544a52bb6550a99,Bacterial-Spot(752),4,0.9999999999999993,0.19999999998136575,0.1999999999743925,0.19999999998971935,0.20000000000584112,0.2000000000486814
448,f7d3625fde674ce92bce15d8bd5110e473c4c0e0d4972e43b857ca37c173bc7b,Bacterial-Spot(752),2,0.9999999999998868,0.20000007003312606,0.2000000851569228,0.2000001263188246,0.19999990821443528,0.19999981027669117
449,34922b85a53e0a991f1e6c4180e31c2b0d08a1030dec8f105b842dda844aec95,Bacterial-Spot(752),2,0.9999999999998594,0.20000007803081768,0.20000009488546722,0.200000140744288,0.1999998977334131,0.19999978860601403
450,398f95c6d6705b6aa28bffa9f22912fb46b8093b4b26ebbe226d9c9dae8f498f,Bacterial-Spot(752),2,0.9999999999997502,0.20000010415740715,0.20000012665708813,0.2000001878826898,0.19999986348174184,0.19999971782107318
451,f8e00f731ada89f416c0400d5b3f3c0e59825a54536bcec2b01d3211d3947b94,Bacterial-Spot(752),2,0.9999999999999988,0.2000000040338896,0.2000000049082658,0.20000000728355322,0.1999999947080069,0.19999998906628433
452,c3af3da3007bcac43593545e6d6636fe5148a8817e301254458d0f59cb6d5a51,Bacterial-Spot(752),2,0.99999999999977,0.20000009991627932,0.20000012150124274,0.20000018022293323,0.19999986904813521,0.19999972931140952
453,a1dc3793716b40eaf19b03efa6fea04a7f92a4992fc463edc0f3da83ac325c6b,Bacterial-Spot(752),2,0.9999999999998026,0.2000000926078055,0.20000011261062622,0.20000016704628754,0.19999987862149646,0.19999974911378432
454,b701304897ebb2a95d6242c4c3dcef8faedc76f4043351edc0454092a0e044ad,Bacterial-Spot(752),2,0.999999999999905,0.2000000641054403,0.20000007795924124,0.20000011562694728,0.19999991598546024,0.19999982632291088
455,5e1eec054b4d7d8300e24bb6404e0cc48175109dd1f7a50a0bfe381690547550,Bacterial-Spot(752),2,0.999999999999743,0.20000010565650275,0.20000012847455342,0.20000019058794444,0.19999986151488064,0.19999971376611872
456,f630a65bcf0ffdfe5a84b980a714f802b49d1232e0bef20d332daab022d4c6dd,Bacterial-Spot(752),2,0.9999999999998544,0.20000007942156722,0.20000009657383547,0.20000014325166154,0.1999998959109488,0.19999978484198694
457,fc4cc565179c0ecf53cf539647595e5f7c7a3b7a084c7ffc764f4d2fafedc5aa,Bacterial-Spot(752),2,0.9999999999999276,0.20000005589565995,0.20000006796906195,0.20000010081286304,0.19999992674837483,0.1999998485740403
458,42854a44f459cf2d68eb2b8850bb4b6814f64d49347b2fe8025b3c8ff3cc097e,Bacterial-Spot(752),2,0.9999999999999993,0.200000000472957,0.2000000005765877,0.2000000008769153,0.19999999936209156,0.19999999871144838
459,6b1e87024266b8b07fc32ffa360ef6e58875b057328577df4df984c8e3a89730,Bacterial-Spot(752),2,0.9999999999998715,0.20000007455733582,0.20000009065806826,0.20000013448235449,0.19999990228249048,0.19999979801975104
460,7b7dcfe0136db79f12a5801e6e9e40ad41e81d501ed24c1c2712df2a0193863f,Bacterial-Spot(752),2,0.9999999999996977,0.20000011458886133,0.20000013934018643,0.20000020669297167,0.19999984981382923,0.19999968956415135
461,74afccc41bdebfe29a468cbc5bf6a66695494c910c4e4e9264b50ed12d4255dc,Bacterial-Spot(752),2,0.999999999999881,0.20000007182649737,0.20000008734448876,0.2000001295498234,0.1999999058683293,0.19999980541086118
462,a606d72f71f281e846f120ff7960cd253821e6232e0e13ec7cfa8aad7c6febb3,Bacterial-Spot(752),2,0.9999999999999668,0.200000037660179,0.20000004579458797,0.20000006793564717,0.19999995063671405,0.19999989797287182
463,aca105a73cbb866356f14a507ab20cdd7106a6358c571d59f56a1c52dd1a5e47,Bacterial-Spot(752),2,0.9999999999999982,0.2000000071218378,0.20000000865990733,0.20000001284343696,0.19999999066787502,0.1999999807069428
464,9ef20b4cd89ad002dd6e4b18d7647921e0eae40ecd1ffd5391014eef3dcb2711,Bacterial-Spot(752),2,0.9999999999999993,0.20000000087828212,0.2000000010702069,0.2000000015827848,0.1999999988504959,0.19999999761823037
465,7050f17ff344ae6911277709b2f282b9fc5c94fb53761affe512254890ab8372,Bacterial-Spot(752),2,0.9999999999998925,0.20000006822046576,0.2000000829499973,0.2000001230557991,0.19999991058453326,0.19999981518920465
466,87f312edcf0ded8d931003712ca655f9042e5e63b97fdea37835d9bf8bc58919,Bacterial-Spot(752),2,0.9999999999996547,0.2000001225171926,0.20000014897700885,0.2000002209939189,0.1999998394217098,0.19999966809016995
467,ecf08618fcab3ad238055d7a523edb5f74d9714247cdbf38a2c9f1be085f5a51,Bacterial-Spot(752),2,0.9999999999998403,0.2000000832076283,0.20000010118141034,0.20000015008451788,0.19999989094672424,0.1999997745797192
468,74983161b93ef471fe1f0d19f79ae3ca24209d3b038a7d2c654b0dfeded00922,Bacterial-Spot(752),2,0.9999999999998211,0.20000008804099087,0.20000010705903298,0.20000015880809657,0.19999988460785717,0.19999976148402224
469,0e44be2e48b2aa834a54d6c952ec86fa474e0f2a4366117ae7a0518cc2a41bab,Bacterial-Spot(752),2,0.9999999999999449,0.2000000486801131,0.20000005919395,0.2000000878345079,0.19999993617679007,0.19999986811463893
470,55bd77ce93cd17fd48e731f5ee6b87eb72546b4925b20be232c09c1f38494170,Bacterial-Spot(752),2,0.9999999999999869,0.2000000233820324,0.20000002842650283,0.20000004217446468,0.19999996935424452,0.19999993666275556
471,2fccecda6722565ead2283684547c9a4f006fb033008c8b94cbd67e63320e9f4,Bacterial-Spot(752),2,0.9999999999997181,0.20000011066441115,0.20000013456433047,0.20000019960890777,0.19999985496068673,0.19999970020166388
472,993bcb42ed3b5eb65f90522654bceb734e3515f1fd5ea2b7b14f4828bb61ae7f,Bacterial-Spot(752),2,0.9999999999998594,0.20000007800801967,0.20000009485658793,0.20000014069693733,0.19999989776783425,0.1999997886706208
473,b3f3a761065940adcc8eac001362b79b915049f24d3bcbe89c8a7cb1724817f5,Bacterial-Spot(752),2,0.9999999999998871,0.20000006991069405,0.20000008501137373,0.2000001260904847,0.19999990838136952,0.199999810606078
474,c4dd921fdc3b0442d534fe987936d48bd9e4c521fee5be86c4053fb8d486a1fc,Bacterial-Spot(752),4,0.9999999999999977,0.19999999127292722,0.19999998938821376,0.19999998425480425,0.20000001144095092,0.2000000236431037
475,4aa261a3aaaefabce76b7db4f196c598939d348e4a2cf04e648f916a5885961c,Bacterial-Spot(752),2,0.9999999999998528,0.20000007987568527,0.20000009712523692,0.20000014407355554,0.1999998953134712,0.19999978361205112
476,88beaa914780729a04ae728f83af98fd8db7d8d0261cf1c28ec382cb543a27f8,Bacterial-Spot(752),2,0.9999999999997612,0.20000010181139968,0.2000001238012957,0.20000018364658162,0.19999986655930801,0.199999724181415
477,58158ca95a8475aa885bea9d3ba2b4cbcf7b4aa2e4a38f0b6990b328c1350807,Bacterial-Spot(752),2,0.9999999999998165,0.20000008924215473,0.20000010851354452,0.20000016096869117,0.19999988303695912,0.19999975823865043
478,00a5203687fdbbb1ace72da1c6fe8ca23c7f597d220dc9ae0696acf4144e9cad,Bacterial-Spot(752),2,0.9999999999999732,0.20000003366357338,0.20000004092986473,0.20000006072304313,0.19999995587664585,0.19999990880687302
479,44cc65204b01c18811d97b379ac653474d4cbd128cb337c01b4d6e4a8749d0d5,Bacterial-Spot(752),2,0.9999999999997599,0.20000010209679583,0.20000012414732898,0.2000001841563925,0.19999986618889887,0.19999972341058375
480,8e4944901f6e43f8c6eb47af0caca03583dd590adefd91e38c0d7768c3dbb611,Bacterial-Spot(752),2,0.9999999999999879,0.20000002241410525,0.20000002725432145,0.20000004046276848,0.1999999705974839,0.19999993927132087
481,29cf58c87d13cb43c9f28852899a29f98f1ed926baa216690069846433044320,Bacterial-Spot(752),2,0.9999999999999414,0.20000005024941683,0.2000000611004102,0.20000009064931767,0.199999934131836,0.19999986386901936
482,edfdd3d8223cab2420decadfd39401b0cf5c68c1422435e5c87fcd10aaf04e7a,Bacterial-Spot(752),2,0.9999999999997599,0.20000010213620917,0.2000001241945338,0.20000018422425325,0.19999986613956328,0.1999997233054405
483,0af22d56e66d2f5fe6790078728dd6bdb36242da18516f5f9dc3253dba975ede,Bacterial-Spot(752),2,0.999999999999722,0.20000010990483452,0.20000013364686595,0.20000019823748694,0.19999985595852973,0.19999970225228286
484,af1b4140d9b28947a3450ac5238cf95617b57044547803c23af38e5bea8ec868,Bacterial-Spot(752),4,0.9999999999999993,0.19999999717778483,0.19999999656605516,0.19999999489480028,0.20000000370973492,0.20000000765162484
485,68b8858476de38dbfb7308f376e67497808a0f42dc35c8fc5d04f1000bc5f7cb,Bacterial-Spot(752),2,0.9999999999998253,0.200000087099243,0.20000010591656092,0.2000001571023958,0.19999988584811598,0.19999976403368433
486,c941a229d7ffaeee1702fa7ef7a1fb3a492ccb8b7058e47d91a48f0435f01b5f,Bacterial-Spot(752),2,0.999999999999999,0.20000000382895597,0.20000000465438514,0.20000000690511127,0.1999999949824054,0.19999998962914217
487,489af0793e93665c5fcd466b6d4e942ba5ee424933388fc37c4015415fe658b6,Bacterial-Spot(752),2,0.9999999999997141,0.20000011141748342,0.20000013548029247,0.20000020097028537,0.19999985397138623,0.19999969816055238
488,f8e73bc10f3e50f30ea984f712068acad6443537a2659da0fdd27f9db5c8158e,Bacterial-Spot(752),2,0.999999999999947,0.20000004773162544,0.20000005804063872,0.2000000861085665,0.1999999374315483,0.19999987068762098
489,167eb2da36d05ff0e0e21af6c68230985e24f59440cd20cfdb9edfeb3a0f7116,Bacterial-Spot(752),2,0.9999999999999577,0.20000004266359248,0.20000005187707934,0.20000007694511346,0.19999994409066982,0.1999998844235449
490,faf519dc40b3d181b3b7ec3487c063a5a80a76a825e94f779c474b3a03916cf6,Bacterial-Spot(752),2,0.9999999999999226,0.20000005786270675,0.20000007036013046,0.2000001043763095,0.19999992415825163,0.19999984324260173
491,726a1f108834ef12a1774f02b76060b8c721beb33f89f379c00b4263e5678316,Bacterial-Spot(752),4,0.9999999999999993,0.19999999823037745,0.19999999784934358,0.19999999683083924,0.20000000230203313,0.2000000047874065
492,58f0cd5aa470f4ade092a4a6bd8b536bae50f0ff11f96bfb5de6a8352f73756e,Bacterial-Spot(752),2,0.999999999999999,0.20000000368534246,0.20000000447819377,0.20000000665433024,0.19999999516391986,0.1999999900182138
493,cb800c348fff24c5dd8f8f9fbe7b24aa24ac0d9e89a42e05728240afaea24d20,Bacterial-Spot(752),2,0.9999999999996496,0.20000012338057738,0.20000015002926647,0.20000022255513325,0.19999983828762044,0.19999966574740238
494,bb03a3d6df382e9710b1866a32dfb92763807572e0eaa36d43424527e0fb5721,Bacterial-Spot(752),2,0.9999999999999333,0.2000000535882463,0.20000006516413588,0.20000009665932805,0.1999999297661856,0.19999985482210414
495,db335302409b89c7a99b359922a68c3fcece92dd88f5988f6c74342c973947d6,Bacterial-Spot(752),2,0.9999999999999625,0.2000000401158876,0.2000000487808605,0.20000007236327452,0.1999999474196698,0.1999998913203077
496,ab99a8c9376614059f073f1edda04336a756d6f6ada6912e6297a9bc60841200,Bacterial-Spot(752),4,0.9999999999999765,0.19999996842328926,0.19999996160300557,0.1999999430453646,0.2000000413840368,0.20000008554430374
497,df7a618c0c7e69b583dc1216a9dd24d1bf4f8abeac8966375a0029dc179594cf,Bacterial-Spot(752),2,0.9999999999999464,0.20000004803253707,0.2000000584098808,0.20000008663997543,0.19999993704662714,0.19999986987097948
498,ab3e52506d6f1926872c44033ae2ab64f47e97f8a2ea5fa88b39ee2f4622b47f,Bacterial-Spot(752),2,0.9999999999999043,0.200000064358954,0.2000000782635794,0.20000011608716445,0.19999991565011255,0.1999998256401896
499,e2bcd902601f71c08ab27ca4372f2b15bd2021c4ed2c50a8a053328052210047,Bacterial-Spot(752),2,0.9999999999999735,0.20000003346606404,0.20000004069877103,0.2000000603676823,0.19999995613672614,0.1999999093307564
500,30978bc79f8e31766b07cc06477b2998995573a4750d74afc61599e2aa02ea9b,Bacterial-Spot(752),2,0.9999999999999846,0.2000000253401832,0.2000000308116172,0.20000004571629043,0.19999996678111423,0.19999993135079486
501,9ea98a8b403f3c4df08a3776b65486d265147f1844997d087ed3d2cbb7943444,Bacterial-Spot(752),2,0.9999999999999925,0.20000001747256702,0.20000002125241553,0.20000003151218518,0.19999997710422912,0.19999995265860315
502,ab31c21a058520ff3705e0883d79334692f9ddda483ccc4db3a4ebf48410843b,Bacterial-Spot(752),2,0.999999999999995,0.20000001383548813,0.20000001682492718,0.20000002498121322,0.1999999818474141,0.19999996251095747
503,57686078d2686b795188eb4c36fb7257b5998776528ee2e1827d3da42e007763,Bacterial-Spot(752),2,0.99999999999997,0.20000003563058844,0.2000000433221293,0.2000000642696688,0.19999995329975467,0.19999990347785884
504,17c2c2471b5cf58f7f2e17ad08d8998f909ec78b871f4cca3d4de30f70f490ea,Bacterial-Spot(752),4,0.9999999999999961,0.19999998812096925,0.19999998555525283,0.1999999785777847,0.20000001556553032,0.2000000321804628
505,bedfe5b8bc66e28b584dc262f785743443016165bf901fd5075824f98cb94e82,Bacterial-Spot(752),4,0.9999999999999893,0.19999997917171045,0.1999999746739193,0.1999999624317387,0.20000002729783287,0.20000005642479868
506,0d3780d84ecae49cb9a5c7ff4dfc091fee7933ba92edbbdd0fb1a8f038075a7e,Bacterial-Spot(752),4,0.9999999999999954,0.19999998707238736,0.1999999842820422,0.19999997668019628,0.2000000169450031,0.20000003502037106
507,a5bdaec1bdfa512ebbea40f3d782d28e602510286e21bb8ff45909d8c6f9f195,Bacterial-Spot(752),2,0.9999999999999297,0.20000005501083157,0.20000006689539326,0.20000009923141632,0.19999992789730536,0.19999985096505343
508,4755c2721a9c683c59bb486d6611f3793b355d46ee874d34923fa1bc2314ec85,Bacterial-Spot(752),4,0.999999999999992,0.19999998212571027,0.19999997826467983,0.19999996776256174,0.20000002342399625,0.20000004842305194
509,d26b3b7a270f7f9fadc13b37b142a3ecf34b5a4072cf66e8291c6100f9374268,Bacterial-Spot(752),2,0.9999999999998784,0.20000007257247532,0.20000008825012763,0.20000013090274021,0.1999999048846489,0.19999980339000803
510,6bb249b25fe85835e0e1d869f71b8d3523ff084efab1f71263babf26fb2026d2,Bacterial-Spot(752),4,0.9999999999999848,0.19999997476922685,0.19999996932045114,0.19999995448432978,0.2000000330728073,0.2000000683531849
511,c03dbdfb2ba0c0e76ba651f6c55b2e2bd637363edb737e8e0de81ad2e65fd064,Bacterial-Spot(752),2,0.9999999999999375,0.20000005190525902,0.2000000631211333,0.20000009362821766,0.19999993196917662,0.1999998593762133
512,7d8cd180d91a15760c5e97677311bc0827295f0c11ee13c668c6dcee08fd07fe,Bacterial-Spot(752),2,0.9999999999999936,0.20000001600367304,0.2000000194600184,0.20000002887270313,0.19999997902034924,0.19999995664325607
513,12781ee05085370b4829ffb586640af776a74842993cfa29c7a4fe2f1c12a3eb,Bacterial-Spot(752),4,0.9999999999999722,0.1999999656463363,0.19999995822378913,0.19999993804577326,0.20000004501589058,0.2000000930682108
514,d2dd46b2c5897e3eb17aee486f7e0c3ad48b97860284c040ece65d9a7bcfe762,Bacterial-Spot(752),4,0.9999999999999994,0.19999999968740956,0.1999999996186825,0.19999999944555333,0.2000000004022193,0.2000000008461354
515,da265f47215d61ba768bfd773dd3dc7ce5e5b915465e0bd004615448992353f1,Bacterial-Spot(752),2,0.9999999999999356,0.20000005272515625,0.20000006411693458,0.20000009511174846,0.19999993089073775,0.19999985715542304
516,1a6051857b1ef14301166791adc633f7a71e6534db4111a577bf185e7ed6d342,Bacterial-Spot(752),4,0.9999999999999871,0.1999999770462954,0.19999997209017878,0.19999995859303832,0.20000003008746245,0.200000062183025
517,49ed4d1624603d391d1dff4d6c4aec00fb6a418dfeab1fb5cd5b392359f39b71,Bacterial-Spot(752),4,0.9999999999999993,0.19999999882264805,0.19999999857139925,0.1999999978702221,0.2000000015484382,0.20000000318729233
518,d5c16bd18149ddfbe23d100ec057b170e98b69daf0af7aec2356568ee8d337c3,Bacterial-Spot(752),4,0.999999999999967,0.1999999624835293,0.1999999543825031,0.19999993232218877,0.2000000491765145,0.20000010163526447
519,3cec1d70d14a945c3f4a6f603c7fad3bc4b92522fc98f9a3af64d5726f032ecf,Bacterial-Spot(752),2,0.9999999999998181,0.20000008880360765,0.20000010798572515,0.20000016017899508,0.19999988361181079,0.1999997594198613
520,3bb2a6b92945987a5c0367948d64b86c32c52ac8b881750aa27d0412c923d3d6,Bacterial-Spot(752),2,0.9999999999999475,0.20000004748360664,0.20000005774031307,0.20000008566204766,0.1999999377562329,0.19999987135779956
521,61b5fb113e63b61176258072fcaa2da6b5f1b5358f419fd05843f94833e54edf,Bacterial-Spot(752),2,0.9999999999999516,0.20000004558668222,0.20000005543642946,0.20000008222573817,0.1999999402543436,0.19999987649680656
522,f5f28f2a8eca16ebdf2ab33b3b136ec688b63e8bc8392dc58c7a1e2bb4d1f6e3,Bacterial-Spot(752),2,0.9999999999999327,0.20000005394213613,0.20000006559411887,0.20000009729348373,0.19999992930548469,0.19999985386477662
523,aef260e5a503b1f3f3f07be07b59a30532c843febc80c1c3a39f0677d50c4c02,Bacterial-Spot(752),4,0.999999999999986,0.19999997581918766,0.1999999705930853,0.19999995638134863,0.20000003169343614,0.2000000655129423
524,7d26478e9412916c9c4772b574da4b0737f9edab5437fcb9a103fce81dfd4e1b,Bacterial-Spot(752),2,0.9999999999999993,0.20000000116978328,0.20000000142134305,0.20000000213200206,0.19999999844966726,0.19999999682720435
525,428d317d23bc0a2c00ef4e458400639f1560e39111f883a7285bccf686f41098,Bacterial-Spot(752),4,0.9999999999999755,0.19999996774259934,0.19999996077363016,0.19999994181044886,0.20000004228128945,0.20000008739203212
526,fb920329f473480a53ba41ec8809d68105f0d857920af4629d14cb72bc608224,Bacterial-Spot(752),4,0.9999999999999604,0.19999995879599458,0.19999994989456144,0.19999992566973743,0.20000005400950432,0.2000001116302022
527,904b7c892bde78b1241cffebb72dff8d2171e6397fca8fc826631a2b16b79122,Bacterial-Spot(752),2,0.9999999999999949,0.2000000138291659,0.2000000168116771,0.20000002494734406,0.1999999818718494,0.19999996253996363
528,98b28e9ce554748d6c3e47de6ebb026f804d1bf29be4cc9321059308fe643d42,Bacterial-Spot(752),2,0.9999999999999916,0.20000001840371637,0.20000002237704748,0.20000003319996784,0.19999997587589127,0.19999995014337707
529,736f6d3580ac740bfe1567106ae5370a5d0abc1c59312ca420187d1bfb72edbb,Bacterial-Spot(752),4,0.9999999999999782,0.19999996960428743,0.19999996303641238,0.1999999451745281,0.200000039836443,0.20000008234832917
530,cfcb2b899e3815bcdf7ba1f0502b632f8bd6169f477e159813cc2ac8288d5e0b,Bacterial-Spot(752),4,0.9999999999999928,0.1999999831116458,0.19999997945873912,0.19999996954459026,0.20000002212800724,0.20000004575701757
531,8a5ae243bd9ba021159b12b0a0aee7e5aac06c7cac93abdf84f99ad252899bb4,Bacterial-Spot(752),2,0.9999999999999833,0.20000002645550846,0.20000003216264797,0.20000004773356966,0.1999999653140144,0.1999999283342595
532,d42dee556a850cd679de185ee84c4995f166eefcd520f9c085ecd821a53ee8f0,Bacterial-Spot(752),4,0.9999999999999992,0.19999999758520473,0.19999999706537086,0.1999999956324216,0.20000000317447536,0.20000000654252742
533,4570385274d1091555e6bb480d4cc1e36d61c9435f94033f03c3ef59dc29aa4d,Bacterial-Spot(752),4,0.9999999999999933,0.1999999839139865,0.19999998043540226,0.1999999709921186,0.20000002107641363,0.20000004358207893
534,c387521185ef2661a3a7a7f843f08a8af0a49382c79fabb68e6b9c8fc286eabe,Bacterial-Spot(752),4,0.999999999999984,0.19999997418433904,0.19999996860589042,0.19999995343632124,0.20000003383331827,0.20000006994013092
535,0ac3951275a91c90c3b2a49d7ab586500651f6f40c1725f3b61d46233d8a5cd7,Bacterial-Spot(752),2,0.9999999999999392,0.20000005119968692,0.20000006225971265,0.20000009238034994,0.19999993287405732,0.19999986128619324
536,c42a95b1bc8340facdc04429fcab97ff350bdb3916ddc1faaeea6f635dc22a48,Bacterial-Spot(752),4,0.9999999999999805,0.1999999712112747,0.19999996499313843,0.19999994806471275,0.20000003773730288,0.20000007799357125
537,7ae7fdb7f0c7e29df2b1452986b9f6d3c8af276a080871514e21be6b8c643431,Bacterial-Spot(752),4,0.9999999999999925,0.19999998250728873,0.19999997872952363,0.19999996844329945,0.20000002292989136,0.20000004738999685
538,6ade03c7544c6e92c745cf92b2539dd7aff4373c2d1208311517c0cec7b73be6,Bacterial-Spot(752),4,0.9999999999999684,0.19999996330404152,0.19999995537656623,0.1999999338040973,0.2000000480988895,0.2000000994164056
539,744302bc4112fa2822639bd4eb150b826646d2d193ed70efe5cab649aa23b4a1,Bacterial-Spot(752),4,0.9999999999999962,0.19999998849565984,0.19999998600644617,0.19999997925780683,0.20000001507031925,0.2000000311697678
540,2d280b9ee5f82d9660ad1c2e0123bdcf2089e3ba1f6a3f73383e5c64c4a2dbb7,Bacterial-Spot(752),4,0.9999999999999771,0.19999996890146796,0.19999996218748742,0.19999994389041983,0.2000000407714077,0.20000008424921703
541,d64d7001f191d74cfe75d8c7cff02310525681dbe79e07f84b7ea413f068c7a8,Bacterial-Spot(752),2,0.9999999999999778,0.20000003065457406,0.2000000372746927,0.2000000553051297,0.19999995981376634,0.1999999169518372
542,632aa478cfd88134c36552f63a3add1d89aa1f92164c9483d9227e1d4a2211d9,Bacterial-Spot(752),4,0.9999999999999847,0.19999997453650084,0.1999999690378844,0.19999995406131355,0.20000003338042607,0.2000000689838752
543,f96c00b744c358e8f40115309b191ce044c9577e1b32c48f31f0d84bd7d790e7,Bacterial-Spot(752),4,0.9999999999999813,0.1999999720292778,0.1999999659871181,0.19999994953840236,0.20000003666644778,0.200000075778754
544,dfc09eff13a03d9c94ca3b4eae2ea866f9820d26230e97775aeb26912b8f3c2c,Bacterial-Spot(752),4,0.9999999999999651,0.19999996144330645,0.19999995311658933,0.19999993044278172,0.20000005054205025,0.20000010445527214
545,4c29035ba71bb708ec9daa2f9456d04a118018603af5e5147e4db2715d312be0,Bacterial-Spot(752),2,0.999999999999993,0.2000000168350493,0.20000002046953863,0.2000000303665205,0.1999999779349037,0.19999995439398796
546,cab033d63e89a7edcd601d46bccd754b364765ae66d843f15c55bd16600ebd16,Bacterial-Spot(752),2,0.999999999999999,0.2000000030631669,0.20000000372338636,0.2000000055451986,0.1999999959696511,0.199999991698597
547,15efa7783a9e65faa26f3c614da42448a55f400a3d23f3313dba823574cd82ed,Bacterial-Spot(752),2,0.9999999999999778,0.2000000306504458,0.20000003727319512,0.20000005531673562,0.19999995980521024,0.19999991695441324
548,e7ba98471b843506286463bd7b1b0ad1d622add943735663f6255d1efe4f2350,Bacterial-Spot(752),2,0.9999999999999768,0.2000000314159988,0.20000003819850343,0.2000000566760452,0.1999999588173118,0.19999991489214078
549,26fa21be1dad0be70259d0004d4ecb16f766da6632d5fc2e83f10b18e4d9a57c,Bacterial-Spot(752),2,0.99999999999998,0.20000002911406925,0.20000003539989628,0.20000005250244804,0.19999996185094618,0.19999992113264034
550,1b6edd64606c43b0c84e74f437a00b5f489fd6e5e53baebceb0a32f2e0e7a23c,Bacterial-Spot(752),4,0.9999999999999992,0.1999999978211597,0.19999999734987148,0.19999999606917696,0.2000000028561273,0.2000000059036645
551,97d10c4454779e3b994a7832894702be43a4ae5e7ec6603dcb474dda855739e5,Bacterial-Spot(752),2,0.9999999999999966,0.20000001124804273,0.20000001367658846,0.20000002027527483,0.19999998526808735,0.19999996953200674
552,b8393e5cd621557766057e0d44e619931a2ddbadc1e4798f85d5c5595bb1ae46,Bacterial-Spot(752),4,0.999999999999952,0.19999995458703426,0.1999999447782749,0.19999991808517828,0.20000005952060437,0.2000001230289081
553,f16cca6c03dd8540e1c3f11a10509dff3cdddee806a5519679c9d2596b8fc15c,Bacterial-Spot(752),4,0.9999999999999668,0.19999996237360634,0.19999995424981198,0.1999999321195577,0.20000004932413884,0.20000010193288517
554,1399a7541ab82a0e2c0f3cd3141b61ca18136b838ae654ccb7011936d4489231,Bacterial-Spot(752),4,0.9999999999999754,0.19999996755175636,0.19999996054344552,0.19999994147116326,0.20000004252798786,0.20000008790564705
555,a27e643ad6ccca7b881b11c7132ede74f7bf4000f5cd68bb653d5a3fdd2f33e3,Bacterial-Spot(752),4,0.999999999999993,0.1999999832615013,0.19999997964528485,0.1999999698191132,0.20000002192921978,0.20000004534488097
556,16e42a60081f63f33c3a230cbd2166c598f3cdec81cb2b8175e687039e65c4a8,Bacterial-Spot(752),4,0.9999999999999648,0.19999996115029256,0.19999995275602314,0.19999992992362867,0.20000005091796239,0.2000001052520932
557,a98b2e69cdf62640e97bac5bea3d896f4acd397ebfada9d5367b18be9e47e6e3,Bacterial-Spot(752),4,0.9999999999999866,0.19999997635863118,0.19999997125114494,0.19999995735882012,0.20000003098340444,0.20000006404799925
558,74748ccd5baeae4835b0a7ec447a40b48194e804245645ae31237d52f0688eb8,Bacterial-Spot(752),4,0.9999999999999982,0.19999999287852036,0.19999999133662402,0.19999998717164588,0.20000000931976858,0.2000000192934411
559,f81e2f550a3aceedc11c8ded17d0c8599ea13ef49567ab4672186269e7ad0a26,Bacterial-Spot(752),4,0.9999999999999724,0.19999996570908327,0.19999995830076436,0.19999993815129122,0.20000004493968654,0.20000009289917464
560,2810914319d23e56c773a15ea7f66ba0719005c4afc4d9df98fd3a71f72b387c,Bacterial-Spot(752),2,0.9999999999999596,0.20000004167212806,0.20000005067698193,0.20000007516363918,0.19999994538593993,0.19999988710131086
561,420db9e89b7dc2aa233e17022cb18a6a292790ab87ca36a2f6ab29078f9db7fe,Bacterial-Spot(752),4,0.9999999999999993,0.19999999818241587,0.19999999778536168,0.19999999672734936,0.20000000237680077,0.20000000492807243
562,18364be4be9247cd12d8a9ea36b11938b0d8b7063133ccb67ace0d34348290ee,Bacterial-Spot(752),2,0.9999999999999865,0.20000002361227906,0.20000002871174705,0.20000004260016335,0.1999999690455511,0.19999993603025942
563,f330f9cdc59cf9cadb467c9d894e98de911dc5840a4203e53ef995d9bb780171,Bacterial-Spot(752),4,0.9999999999999869,0.19999997672018333,0.19999997168999503,0.19999995800094986,0.20000003051708634,0.20000006307178544
564,5e3938381f2e5c6787a7428d7514739b2a6d44cd04c5b83ac07ab76b9dcc5029,Bacterial-Spot(752),4,0.999999999999972,0.1999999654799361,0.19999995802246526,0.1999999377339118,0.20000004524320358,0.20000009352048323
565,cf2b665aeb4620ae0e01cee08f76be1149d2cba879b3b69512bc480468665750,Bacterial-Spot(752),4,0.9999999999999992,0.19999999666419155,0.19999999594357398,0.19999999397490983,0.20000000437828308,0.20000000903904158
566,87b2302823c9274f0ee00c400a634c7d146440bba2c016bbea3cc08e7de94e19,Bacterial-Spot(752),2,0.9999999999999604,0.2000000411799793,0.20000005007393,0.20000007429821345,0.19999994601283666,0.19999988843504052
567,bca4ec5d439951e13fb48939b39287768efd1867189158552d31d4b798b37e94,Bacterial-Spot(752),2,0.9999999999999704,0.20000003558190294,0.2000000432655331,0.20000006420384012,0.19999995334716944,0.19999990360155437
568,7cffa7b701d6f2b4cfaeeeaf8a088b1a1cbfdb2c7911d7526817d290feafc67b,Bacterial-Spot(752),2,0.9999999999999992,0.20000000365815734,0.20000000444741367,0.2000000066194799,0.19999999518910913,0.19999999008584005
569,027925e653679b8a770ae110260cef22ffe5a2c8fb83394184c2daba5a8e2ea4,Bacterial-Spot(752),4,0.9999999999999968,0.19999998971061797,0.19999998748551864,0.19999998146014136,0.20000001346993432,0.2000000278737877
570,1f140e210a9686684c8437314400a328c60c359f311e67f22f229d62ff0b23f3,Bacterial-Spot(752),4,0.9999999999999839,0.19999997394521407,0.19999996831820124,0.19999995300569154,0.20000003414681217,0.20000007058408092
571,bef6455441abe2f5e9605695e21440514433685533fc42476f20240fa3bda29e,Bacterial-Spot(752),2,0.9999999999999913,0.20000001866733913,0.2000000226965943,0.20000003368444297,0.1999999755232378,0.1999999494283858
572,3dd97bff11f76699d04f473a68870aab95eda81f976118fa1bc19f3155495068,Bacterial-Spot(752),4,0.9999999999999818,0.19999997229103159,0.19999996630463268,0.19999995002659768,0.20000003631083038,0.20000007506690762
573,172947dd162b6d554158b72fe0d129283a0098467898f07199eccfbf831c5284,Bacterial-Spot(752),2,0.9999999999998881,0.20000006963642766,0.20000008467623892,0.2000001256223833,0.1999999087199834,0.19999981134496675
574,07143bff01f6b652ae3bbf219a96ec8089b2858579ca2371cc84e3dcd3a2d4d6,Bacterial-Spot(752),4,0.9999999999999977,0.19999999126708837,0.19999998937509397,0.1999999842511875,0.20000001144199497,0.20000002366463523
575,c7f572785254930a5cbd8baf1cce8e28b403505ed5e0f58e1ab450471925ef5c,Bacterial-Spot(752),4,0.9999999999999933,0.19999998359993953,0.19999998005358371,0.19999997042834586,0.200000021485947,0.20000004443218394
576,de93f89c2654618b97a7572f40b55513913bf1f2b85493c7489cb8f8521b02eb,Bacterial-Spot(752),2,0.9999999999999815,0.20000002787340584,0.20000003389128582,0.20000005028739606,0.19999996345942792,0.19999992448848436
577,a567813bb35ceae18791e8bcf7b1b838126b8e239d09e8a0dcbaf02a029bae96,Bacterial-Spot(752),2,0.9999999999999868,0.20000002350158258,0.2000000285743996,0.20000004240782485,0.19999996918444332,0.19999993633174978
578,b88433c244c6faf025fe1a84a50b43e7690a9ad19bcc448541af16331b6a111b,Bacterial-Spot(752),4,0.9999999999999938,0.19999998452608125,0.199999981180493,0.1999999720981155,0.20000002027284716,0.20000004192246298
579,9a99b8813abe62279ab9d6dc5c53abd3c4655766e3e5def0dfc3a916cc2a40f8,Bacterial-Spot(752),4,0.9999999999999993,0.199999997406126,0.19999999684047423,0.19999999532842352,0.20000000339303534,0.20000000703194096
580,8a2bbd9f4fbabf5d95fc95cb0b4271e11f96d58d57824b52e67889b2779d1d50,Bacterial-Spot(752),4,0.9999999999999982,0.199999992391476,0.19999999074556996,0.1999999862958457,0.20000000995626285,0.20000002061084535
581,4c12d78245ab0bb0af9d3397fb246dddf6777e734286d769fe361f773c217bfd,Bacterial-Spot(752),4,0.9999999999999927,0.19999998289534635,0.19999997919938456,0.1999999691528797,0.2000000224134526,0.20000004633893678
582,d165045070a0d125bc96639098895fb57aaf975aac43c974cbdbcd27b8781b4c,Bacterial-Spot(752),2,0.999999999999895,0.2000000674119161,0.20000008197123692,0.2000001216075444,0.19999991163733236,0.19999981737197012
583,4d9294cb24aba0f479c5e16404bd3b8e91f2f994607a684919566886632fac8a,Bacterial-Spot(752),2,0.9999999999999689,0.20000003636608027,0.20000004422113593,0.20000006560969455,0.1999999523264709,0.1999999014766183
584,358d889a39a212ffc5a0d9bd80f423838ea18ad1b8eed1e42a069d603fdfb698,Bacterial-Spot(752),4,0.9999999999999837,0.1999999739240317,0.1999999682893784,0.19999995297073603,0.20000003417143244,0.2000000706444214
585,223a1ff12b361e0832ba7a968eff1dfab13b37b483e3ddc159412e4937120f89,Bacterial-Spot(752),4,0.9999999999999926,0.19999998274108857,0.1999999790120467,0.1999999688774288,0.20000002261352687,0.200000046755909
586,b14fa61b1b8ff6060070761afa8746ee6c6eee310eaf057807164a34d39b052b,Bacterial-Spot(752),4,0.9999999999999825,0.19999997288718036,0.19999996702945336,0.19999995110213273,0.20000003552930826,0.20000007345192541
587,9ee94ce43e334ed684bd1e0a0d411894889cd3622c1aba9579f49983ee9a54c4,Bacterial-Spot(752),2,0.9999999999998784,0.2000000725910622,0.2000000882751346,0.20000013093602362,0.19999990486096303,0.19999980333681652
588,b3f0e77ae41b0ffb692f87fb77506c76c92a0a6c1578141c8b4d7065b6aedee5,Bacterial-Spot(752),2,0.9999999999999339,0.20000005340648117,0.20000006494425895,0.20000009634223453,0.1999999299963454,0.1999998553106799
589,91615734d78dbfb8d89b0e37853f68d02ac52e77670685c5373dd322afbd44d6,Bacterial-Spot(752),4,0.9999999999999953,0.1999999864287398,0.19999998350135914,0.19999997550567655,0.20000001779944196,0.20000003676478262
590,7ab6ec5170eddc437f840a01426ef7a48cdafd30d8d837e369cc006c9d6a36bb,Bacterial-Spot(752),2,0.9999999999999687,0.20000003652169268,0.20000004440765898,0.20000006587778218,0.1999999521316373,0.19999990106122878
591,a67e623101c18ef3fbbcfa57ffd62793edef321684766c0aef90a7a135ae4e73,Bacterial-Spot(752),4,0.9999999999999989,0.19999999542279917,0.19999999443232797,0.1999999917689514,0.20000000597933337,0.200000012396588
592,5b876d759d94cfaf19df32b7f8152e882fd3429d77f01f95dc5e071bebbe1fd4,Bacterial-Spot(752),4,0.9999999999999962,0.199999988494563,0.19999998601101493,0.19999997924570315,0.2000000150807951,0.20000003116792373
593,dacb85f28e16730fadef4ad1bb806d5418b64526b6a9733fe5f774c3a4ccc2b9,Bacterial-Spot(752),4,0.9999999999999953,0.19999998666790306,0.19999998379224426,0.1999999759416437,0.20000001748247725,0.20000003611573175
594,38614cef8f6d58424a42cb34e806299921dd24be0b99e9827338900a350af3ef,Bacterial-Spot(752),4,0.9999999999999731,0.19999996622454036,0.19999995892953235,0.1999999390716321,0.20000004427177645,0.2000000915025187
595,2c76f3da7d9af3dc6d1231b21185de66c6d44a39e281aa1f431c77eaf808bd85,Bacterial-Spot(752),2,0.999999999999986,0.20000002417465254,0.20000002939530342,0.20000004360463478,0.19999996831607614,0.19999993450933323
596,4e6d1ceb0fc0e908bb7a88e3885dd107f694e8c9d59f1679c1342e937a67315e,Bacterial-Spot(752),2,0.9999999999999193,0.20000005897847117,0.20000007171081488,0.2000001063867,0.19999992269629716,0.19999984022771677
597,f5c2c26e7f9ab0497ccde82fc4a909366651b77629873843ce614b4e0db1eaf2,Bacterial-Spot(752),2,0.9999999999999993,0.20000000259154924,0.20000000315073305,0.20000000467110748,0.19999999660596174,0.19999999298064855
598,e64a5c43506eff2d459bfb123b380af8a5a7833b326025ce487471ca2eb7ef9d,Bacterial-Spot(752),4,0.999999999999988,0.19999997778145376,0.19999997298017566,0.199999959925689,0.20000002911803294,0.20000006019464867
599,67d821fff48fa549e6c45375063e064ba8f364dbaa39a513fc96b4a6043ba42c,Bacterial-Spot(752),4,0.999999999999999,0.19999999675565566,0.19999999605514335,0.1999999941450177,0.20000000425452594,0.2000000087896573
600,ef9713a58dd484af2cc7de4e77a1d9151cc5af3111df0d5e35fc939c83dbc108,Bacterial-Spot(752),2,0.9999999999997675,0.20000010049181877,0.20000012219562635,0.20000018125760585,0.19999986829534858,0.19999972775960048
601,04aac2468caf03559b2121fc6bfd81b19b874f96b9b77f27ac4a417aa1f94085,Bacterial-Spot(752),4,0.9999999999999994,0.1999999997055455,0.19999999963934414,0.1999999994715722,0.20000000038332252,0.2000000008002157
602,5696f94a209a91c72ab9b9c491764818fb8278828f1243d279433a90acd820b5,Bacterial-Spot(752),4,0.999999999999999,0.1999999958918419,0.1999999950003006,0.19999999261126186,0.2000000053669691,0.2000000111296266
603,625256815721182a3ed9de8e8570c480c75b78891f9329279aa4b0a3e6ea303f,Bacterial-Spot(752),4,0.9999999999999984,0.19999999369316215,0.1999999923295626,0.19999998862370064,0.2000000082659511,0.20000001708762358
604,b6c53074ac8abd66a3abb079cb8f829cb457efebf29de93e197ce35ee4f60785,Bacterial-Spot(752),4,0.9999999999999942,0.19999998497276197,0.1999999817249176,0.1999999728969929,0.20000001969291967,0.2000000407124079
605,b8e40f44e77842cea3665a910b80cac50d3b7f2af6d60e7fcbc7cd73ba71304f,Bacterial-Spot(752),2,0.9999999999999791,0.2000000295397108,0.20000003591640367,0.2000000532872711,0.19999996127970862,0.19999991997690564
606,494c9b85900f3dfb504f0d8c44b9100f3500e54a2406b5e9b02fcf37600da33a,Bacterial-Spot(752),2,0.9999999999999879,0.20000002229579608,0.2000000271103629,0.20000004022100468,0.1999999707743922,0.19999993959844406
607,f787015586983b46b52b78d1995d25cfdab16a7393c8cf6cbc7256c627c97507,Bacterial-Spot(752),2,0.9999999999999061,0.2000000637277217,0.20000007748896037,0.20000011496338105,0.19999991646454082,0.19999982735539598
608,7cba19ec72495bd043aeb9dd0ecaa9a44cc3396c1ca1c1970cfd9342ac8fc2d7,Bacterial-Spot(752),4,0.9999999999999938,0.19999998441745082,0.19999998104777275,0.1999999718946234,0.20000002042090112,0.20000004221925188
609,4a6a26e27c2c54e4b7b956145baac12d3e05478e4b2e4569cda4b65080393c9e,Bacterial-Spot(752),4,0.9999999999999863,0.19999997622017565,0.1999999710816933,0.19999995710115306,0.20000003117076165,0.2000000644262163
610,12b1d20b7823927f3f037eaf36efaf34c208d1573e5a7e58c936d4810d992b38,Bacterial-Spot(752),2,0.9999999999999739,0.20000003323084917,0.2000000404130035,0.20000005993833944,0.19999995644897792,0.19999990996882996
611,ab6301fd3ef35e3e6e39a7aaaab8c951f2b6f277a3b4b3e31ad9d3340569a831,Bacterial-Spot(752),4,0.9999999999999987,0.1999999940095249,0.19999999271232896,0.1999999891946418,0.2000000078506684,0.20000001623283595
612,d92761e57c213d98a94dc18828a462d78d97eff4cb9c71a49b5dcd06d555712f,Bacterial-Spot(752),4,0.9999999999999979,0.19999999215586994,0.19999999045797037,0.1999999858504825,0.20000001028055647,0.2000000212551206
613,6b06fdb7d2a8435aa70b1b403b72a4127eb654b465c8205b14c3608d805ee25a,Bacterial-Spot(752),4,0.9999999999999941,0.19999998492368476,0.19999998166385427,0.19999997281827897,0.20000001974940215,0.20000004084477968
614,bb36d3053c7ca798037d47cf14b31799484358cdedb0531725d0533bcee49eb8,Bacterial-Spot(752),2,0.999999999999888,0.20000006964105993,0.20000008468558592,0.20000012561342592,0.19999990872803772,0.19999981133189054
615,b078243dc9114cd92ace858e45fb2fe39f27f7f50b07f3e83d750d48503c79e1,Bacterial-Spot(752),2,0.9999999999999841,0.20000002570454595,0.20000003125204735,0.20000004635793595,0.1999999663150271,0.19999993037044367
616,b7cea25b1377c4c636a3de1561260c6826e8b887d261786633087d57dcd04a08,Bacterial-Spot(752),2,0.9999999999999748,0.2000000327764518,0.2000000398541112,0.2000000591260072,0.19999995703756943,0.19999991120586044
617,9629f1af7d796bde71a5e0a2a2cb57d7507fdaaf3f9ea79987e1f69425eba3fc,Bacterial-Spot(752),2,0.999999999999954,0.2000000444241253,0.20000005401972112,0.20000008013176432,0.19999994177507982,0.1999998796493095
618,a9ca39932dcef6d335b4158bfaf5c8bce770c11c9feabce1faf6c07b3e67c50e,Bacterial-Spot(752),4,0.9999999999999919,0.19999998206495584,0.19999997818867477,0.19999996765104375,0.20000002350467916,0.2000000485906465
619,0557e1b082ffdffce2b1934045fcd4a8b4bb13eb0c4e6b625c842f1ee5e139d7,Bacterial-Spot(752),4,0.9999999999999886,0.19999997829539407,0.1999999736071005,0.19999996084532876,0.20000002845055997,0.20000005880161673
620,3aa0ba627a6834cf57960982a76573cfbbc9a49ee90f3b0b0607b0707399d287,Bacterial-Spot(752),4,0.9999999999999593,0.19999995824422398,0.19999994922399036,0.19999992467362826,0.20000005473343427,0.20000011312472313
621,1d58607ebee0385a8e9e56131083288628d6014ef97df37fd4ae21739a98d62f,Bacterial-Spot(752),4,0.9999999999999979,0.19999999221232156,0.19999999053019435,0.19999998596144913,0.20000001020027605,0.20000002109575898
622,cdca391542e86c389531dd77baca2bbe1b2b1e87bf012c011197d80b463dd0f1,Bacterial-Spot(752),4,0.9999999999999993,0.19999999771079324,0.1999999972199199,0.19999999584066466,0.20000000302430496,0.20000000620431718
623,c78741cc50058e53dff86f37651dbab4631e9ff71e6eeb0e273ce738825d841d,Bacterial-Spot(752),2,0.999999999999993,0.2000000168189594,0.20000002045767348,0.20000003032195585,0.19999997796954797,0.1999999544318633
624,496462aff51cade22513994132b7f160eee5392fd75ea4644b9c0cf01b35c0ec,Bacterial-Spot(752),4,0.9999999999999871,0.19999997712001025,0.19999997217422968,0.1999999587462724,0.2000000299740803,0.20000006198540726
625,6d51fed51ed3f24c42e30337ccfe5321cffa321e389ae4cb33283b7953435590,Bacterial-Spot(752),4,0.9999999999999977,0.1999999914633861,0.1999999896170653,0.19999998461003546,0.2000000111817322,0.20000002312778084
626,1085ec9deda5e40f6e4cae23263a0d029d3b419f39ee706b3bb2169300a5e4f9,Bacterial-Spot(752),4,0.999999999999985,0.19999997503257064,0.19999996963607794,0.19999995496864229,0.20000003271953856,0.2000000676431705
627,b3e9621764f7f89f0e376bc70b1555408657be79974623d9ea58152e0961bb98,Bacterial-Spot(752),2,0.9999999999999984,0.20000000600056636,0.20000000729384557,0.20000001084147678,0.19999999212109928,0.19999998374301192
628,3f2b6b9185d9859c77d7982ac950423bdfffd1b150c2a347a49076a591510b32,Bacterial-Spot(752),4,0.9999999999999936,0.1999999839715477,0.19999998050586668,0.19999997109318143,0.20000002100318132,0.20000004342622302
629,d9d70b3617728cf3af4e49c2a3d2903de66d42d7eb0b4e07e5251841afcbe346,Bacterial-Spot(752),2,0.999999999999953,0.20000004490631157,0.20000005461036366,0.2000000809804234,0.19999994116025702,0.1999998783426443
630,556cc90ddfe61811e06ac06be64428ad0c2af4b8787f140cad2ec58a915a6a5c,Bacterial-Spot(752),4,0.999999999999999,0.1999999966729509,0.19999999594995718,0.19999999399513052,0.20000000436248494,0.20000000901947637
631,f21e90203575c3733c4e373ec6c33bb68f61af69ec04d8333dc37f8e328e80a5,Bacterial-Spot(752),2,0.999999999999951,0.2000000458598461,0.20000005576075558,0.20000008272273168,0.1999999398913859,0.19999987576528083
632,cec05312f33d77af95532b57d2917ae9b5af58783933e1012f8e157492916652,Bacterial-Spot(752),2,0.9999999999999988,0.200000005095495,0.20000000619270036,0.20000000917038552,0.1999999933368975,0.19999998620452167
633,0cac017499f30d7adf2e0cc66c7822d8e32850fda8a3f68a9a271ee906158612,Bacterial-Spot(752),2,0.9999999999997372,0.20000010679198144,0.20000012986260618,0.20000019261462454,0.19999986004470605,0.1999997106860818
634,4797e64e12005eb87d467ea0f57deb95f35abae622ad0d2ee952c49f190c1885,Bacterial-Spot(752),2,0.9999999999999319,0.20000005415079122,0.2000000658456405,0.20000009766569404,0.1999999290347659,0.1999998533031082
635,ddebaae478e31f2632d21bdf70b0d9fe63425a3be2fd0cdf2f1c2452f02dcc27,Bacterial-Spot(752),4,0.9999999999999876,0.1999999773689724,0.19999997247869195,0.1999999591870939,0.20000002965447805,0.20000006131076373
636,2b67b990f83d629002473fd1de1ceae1a428b11195997852f996f83d86a19d44,Bacterial-Spot(752),2,0.9999999999999153,0.20000006046617275,0.2000000735247356,0.2000001090475225,0.1999999207648803,0.19999983619668876
637,ebd3bf2a9760bafa219a782e31fa4afc7face05d5d8b0a84e5ebfaa63556a8b9,Bacterial-Spot(752),2,0.999999999999989,0.2000000213868008,0.20000002601203942,0.2000000385666585,0.19999997197856664,0.19999994205593463
638,b6f78a92ff1024f20667400b4330f02418edf3a056e333c16aca3b736408d2e6,Bacterial-Spot(752),2,0.9999999999999863,0.20000002371714873,0.2000000288384627,0.2000000427617449,0.19999996892922023,0.19999993575342342
639,5199bb70e5853c7ba547798d4ecb1b90f6458e998d5d39bb692e6d323d416b3f,Bacterial-Spot(752),4,0.9999999999999982,0.19999999284026368,0.19999999129746623,0.1999999870568442,0.2000000094067354,0.20000001939869055
640,39ea301bfefa5eba824dbe27fd0cf6ac884ef61ee98913034cbea2155ce9a0b6,Bacterial-Spot(752),4,0.9999999999999734,0.19999996646260831,0.19999995921757344,0.19999993949126324,0.200000043967007,0.20000009086154796
641,a4f4b0fc217e796f3abb06e64229f40dc64f88af4284d9ef11a2aae5d908119a,Bacterial-Spot(752),2,0.9999999999999278,0.2000000557976886,0.2000000678456322,0.2000001006290317,0.1999999268813456,0.19999984884630193
642,597c7b93a3eaac8078255684fd2fb536885ff59834b61c8c4716da4c9fed4e3d,Bacterial-Spot(752),2,0.9999999999998156,0.20000008947944053,0.20000010881020883,0.20000016137925525,0.1999998827410872,0.1999997575900082
643,43cc4d2f5f1377af4b88911d9357f5d2dc107c564eb1fd03c0a8b4a3140a22be,Bacterial-Spot(752),4,0.9999999999999845,0.19999997445283166,0.19999996893577487,0.19999995389913053,0.2000000334986778,0.20000006921358512
644,2d63eed8140134dadbbbbfe16f776259b217f71a85b069c133e2c327a4f71f7c,Bacterial-Spot(752),2,0.9999999999998965,0.20000006690903896,0.20000008135859165,0.20000012068186962,0.19999991231052627,0.19999981873997358
645,e4d39b392cd66d6bd25b0aece5f58c589b4737ea8235371166dd0102146e7c9c,Bacterial-Spot(752),2,0.9999999999998446,0.20000008211039288,0.20000009984141162,0.20000014810266148,0.19999989238568625,0.19999977755984777
646,a741051f5cd7cf597db9b34b5ddd95ccae81f0b884803c0c6114a23cadcbf0ae,Bacterial-Spot(752),4,0.9999999999999973,0.19999999059304804,0.19999998855975576,0.19999998305411523,0.20000001231188347,0.20000002548119744
647,1a6de49a38c0cec3636fd050787d75c31f7d3635650de6b91b6f41146ea3521b,Bacterial-Spot(752),2,0.9999999999998077,0.20000009139200467,0.20000011112715135,0.2000001648411348,0.19999988022326884,0.19999975241644044
648,a41c7f2e49709ef976146ee6a13d0cdef410f7307e3e93d94145e2583b2e446c,Bacterial-Spot(752),4,0.9999999999999973,0.19999999086055595,0.19999998888312678,0.19999998349475626,0.20000001199315046,0.20000002476841042
649,2768b784c2e8d3eec545cf42244d69b5c825b00e0909934b5c66c7cdf4cc0dba,Bacterial-Spot(752),2,0.9999999999999993,0.2000000018348298,0.20000000223065406,0.20000000328766918,0.19999999761201867,0.1999999950348283
650,55f0ef491f6f8ba4a17822bd3889c01137a886a7d2139400778c3369e7303980,Bacterial-Spot(752),2,0.9999999999999433,0.2000000493781818,0.2000000600410939,0.20000008905877942,0.1999999352884144,0.19999986623353042
651,3aae240e7872cee557883ab1c17c9d3fa9074fa7f91b6ff22eacb1272b96891e,Bacterial-Spot(752),2,0.9999999999998744,0.2000000737608987,0.20000008969021366,0.2000001330201829,0.19999990334618623,0.19999980018251842
652,f5bbd7281ab8ed4326e9746685dfc935d61cf21751d442fece537165e4834c02,Bacterial-Spot(752),2,0.9999999999997747,0.20000009889550546,0.200000120254464,0.20000017838696044,0.19999987038078657,0.1999997320822835
653,579db28410f1249b25f6ed95566583a82c1d0e1b23cee881ca493e089c641046,Bacterial-Spot(752),2,0.9999999999999356,0.20000005274521346,0.20000006413234278,0.20000009514508002,0.19999993086477666,0.19999985711258694
654,ce1f873d98d932ebe1218b8ff5f935d378b4530325f0762e4d571f8b1994d1a2,Bacterial-Spot(752),2,0.9999999999999714,0.20000003491439927,0.2000000424488998,0.20000006296955591,0.1999999542442997,0.19999990542284543
655,077a2e50727cf1f30257225e7901520b42547709998224abfb0c1e935f5f610b,Bacterial-Spot(752),2,0.9999999999999021,0.2000000650993235,0.2000000791557182,0.2000001174191115,0.19999991468072262,0.19999982364512411
656,b5537aa3323969442a3f10c431662c945cb8a71efb21d1cc1d5f6548a4877108,Bacterial-Spot(752),2,0.999999999999704,0.2000001133872673,0.2000001378765104,0.2000002045140352,0.199999851397045,0.19999969282514202
657,22232f5d48d9c4a581c67b45e51e43a6277f57dc04df7df27de02090757efd2d,Bacterial-Spot(752),2,0.9999999999999909,0.20000001910870302,0.20000002323373012,0.20000003446811204,0.19999997495447802,0.19999994823497672
658,d536a71c32bd2d02e420f2e788e48923a09411af22267fff83e8b03b9816cad7,Bacterial-Spot(752),4,0.9999999999999973,0.19999999081015024,0.1999999888230339,0.1999999834416465,0.20000001203032605,0.20000002489484342
659,d142102bd5d9fc2e2819b71d27b7ad1ede303536e26e0dbbc7cda785a3608ef4,Bacterial-Spot(752),2,0.9999999999998247,0.20000008721604354,0.20000010605678534,0.2000001573047028,0.1999998857011199,0.19999976372134853
660,bd4c63971bfec09a18e7c10994ad03061454c5eecefd7a12cf5ab462d4f33e99,Bacterial-Spot(752),2,0.9999999999999888,0.20000002161331784,0.2000000262802529,0.20000003897508592,0.19999997168028236,0.1999999414510611
661,2de85ff8031dcd99ac097191dc5d74cdb63233aa67f60f112549ce16a67ff3e3,Bacterial-Spot(752),2,0.999999999999999,0.20000000404474502,0.20000000492150688,0.20000000726564607,0.1999999947226416,0.1999999890454604
662,46cd472dc47cf70e1736d020dee7e802c3c8fe2c9470886a4eb1577fd283083f,Bacterial-Spot(752),4,0.9999999999999977,0.19999999124956858,0.19999998935615956,0.19999998421241522,0.20000001147096536,0.20000002371089143
663,1c3a298d883c27f68f4019f836698dfafcf3142f34f79e7418ca07a712dca0f7,Bacterial-Spot(752),2,0.999999999999798,0.20000009364558582,0.20000011387939184,0.2000001688986001,0.19999987727783494,0.19999974629858736
664,9a9412b0993fc8f2a6f71e6b08d53e953fabea8bbae23ae261c8bbe09eefaac4,Bacterial-Spot(752),2,0.9999999999998198,0.20000008844134978,0.20000010754107722,0.20000015952428346,0.19999988408670616,0.19999976040658346
665,8e06280ba57112c67a0327290829a1a4adc1b7fd7b5d160143f5895c49d46a08,Bacterial-Spot(752),2,0.9999999999999717,0.20000003466568997,0.20000004214937644,0.20000006251667551,0.19999995457414832,0.1999999060941097
666,0e223c826d61d6134efbfd0a05798e750c64599cb0c950be105f24d46c44e758,Bacterial-Spot(752),2,0.9999999999999817,0.20000002783518908,0.20000003384320453,0.20000005020185016,0.1999999635219664,0.19999992459778995
667,ddb0adf46a52601bd6ad9498885b59e2e9f6bb9766d0729cd512183d3378cc69,Bacterial-Spot(752),4,0.9999999999999906,0.19999998039743414,0.1999999761639843,0.19999996462347414,0.20000002570603226,0.2000000531090752
668,c642c01615f71b8a86d7fe7d729e0a7cf88cc5b4ba4550483acb11fe08430b51,Bacterial-Spot(752),2,0.9999999999999399,0.20000005085802214,0.2000000618408796,0.2000000917229903,0.19999993335279764,0.1999998622253103
669,69ce38517e09822a95969acb3e53228cdac5202bcd4e976454887eda8e7e6caf,Bacterial-Spot(752),4,0.9999999999999979,0.1999999920375906,0.1999999903142285,0.1999999856563956,0.20000001042073912,0.20000002157104624
670,5dc6d5d015cc3c48b23ebd0aa67fad7a000f0648f9c5546ae89b556d240d8776,Bacterial-Spot(752),4,0.9999999999999706,0.19999996469931228,0.1999999570775778,0.19999993631515667,0.20000004627545762,0.20000009563249552
671,26ae4ca98d418790e461b71e4b43323201cfeb1d73f026dc2875fdee50fd6ff8,Bacterial-Spot(752),2,0.9999999999997914,0.2000000951409563,0.20000011569411552,0.20000017161388434,0.19999987530332544,0.1999997422477185
672,3e9645f815965a6846e6d0049c9a1b5d81d09c0ef4700c84a858f42203fb0b5c,Bacterial-Spot(752),2,0.9999999999998749,0.20000007358283675,0.20000008947714465,0.20000013271454392,0.19999990356828648,0.19999980065718814
673,ca9396260d862347b7d5fa36fc081a54a2008ab7824751b09e5ad8bcc0ddfc95,Bacterial-Spot(752),2,0.9999999999998492,0.20000008083030146,0.2000000982847496,0.2000001457984755,0.199999894059694,0.19999978102677946
674,f7aa9d05ae3e08aca17379bafe6acf62ddcdc3dab372a4e697fb20cb5d720e97,Bacterial-Spot(752),2,0.9999999999998579,0.20000007847705137,0.20000009542223537,0.2000001415461023,0.19999989714967026,0.1999997874049406
675,04a63f9bdfd31c7c1a696f31c29074f19475d7acbe5884509cfd23a37945755a,Bacterial-Spot(752),2,0.9999999999999775,0.20000003092133586,0.2000000376073716,0.20000005576671842,0.19999995948092647,0.19999991622364763
676,0f2f82c7d1b77a5d211ecb64b7f6fbbf9d99b078d42e55a02cb2f5b00c60c3fe,Bacterial-Spot(752),2,0.9999999999998386,0.20000008363243868,0.2000001016955215,0.2000001508336755,0.19999989040262398,0.19999977343574027
677,e06c0e677df338774e66197e5ca90cf8046fdb36629ff6b94546bb1a6554996e,Bacterial-Spot(752),4,0.9999999999999739,0.1999999667181005,0.19999995952833638,0.19999993994467768,0.20000004363787882,0.20000009017100664
678,7ec9ca0cbffe87d5f29b845d743abd2f6a7d5d61759cccef1070dbdffeeb379a,Bacterial-Spot(752),2,0.9999999999997943,0.20000009449653133,0.20000011490645447,0.2000001704297935,0.19999987616381878,0.1999997440034019
679,184eace9d6a75fe338f547da224849587a7d395e4bcff910a4023ce13996fb76,Bacterial-Spot(752),4,0.9999999999999993,0.19999999949572647,0.19999999938494709,0.19999999907285282,0.20000000067408547,0.20000000137238821
680,37411a535cdff3b51cb279426956a6e76b94a5e81798366e5dc8c2f6c1eb90f3,Bacterial-Spot(752),4,0.9999999999999908,0.19999998042279227,0.19999997619224968,0.1999999646969099,0.20000002565093555,0.20000005303711263
681,b9aead61f16c83594f72606ad9541d12cc2ff967a720fd974b2dedb733c7164f,Bacterial-Spot(752),2,0.999999999999831,0.2000000855930849,0.2000001040819633,0.2000001543709165,0.1999998878328474,0.1999997681211879
682,7a0eeb16d59f7d8a1a18ec90bdcf2619147f973a521b5cfc6742fbde89bed586,Bacterial-Spot(752),2,0.9999999999998367,0.20000008416211712,0.2000001023379312,0.2000001517920467,0.19999988970573765,0.1999997720021673
683,7d04d56cebe6e90be720af5eaece6f9166f1f5ca5a53447ed2570f9f6d0a5dfa,Bacterial-Spot(752),2,0.9999999999997591,0.2000001022811762,0.2000001243708562,0.20000018448103357,0.19999986595318384,0.1999997229137501
684,3ef0371548346bcf72d1a397b95f6292b8e4c9ab3643ee292bc30cdeb0e006f6,Bacterial-Spot(752),2,0.9999999999999388,0.2000000512710714,0.20000006233996076,0.20000009247732817,0.19999993280360623,0.19999986110803342
685,c917c66ade13b97be5f671a81743abb790c68a8bb91306ee8f4bde34a8a42415,Bacterial-Spot(752),2,0.9999999999999126,0.20000006136646514,0.20000007461491973,0.2000001106780678,0.19999991957887153,0.19999983376167582
686,0b1edbaac16d942b20883c4a8ec0a7237d808866777bb2525f9f58de087277df,Bacterial-Spot(752),2,0.9999999999997405,0.2000001061473601,0.20000012907352552,0.20000019146525652,0.19999986087819233,0.19999971243566553
687,1d6874add9ca7d50cabe453a40f3a61bae2d532c36f7d491d97b62393a43223f,Bacterial-Spot(752),2,0.9999999999999029,0.20000006482864088,0.20000007882314022,0.20000011692959266,0.19999991503576595,0.1999998243828603
688,f886034da6a297518acfe10261f59183964cace7d70ded23c12426a7348e14a7,Bacterial-Spot(752),2,0.9999999999999125,0.2000000615588111,0.20000007485525284,0.2000001110197437,0.19999991933220562,0.19999983323398687
689,4f110afcae8f434ba692bec5fa0ffca8f963a2227b18bdfa9ac18ae00023b119,Bacterial-Spot(752),2,0.9999999999999435,0.20000004934833032,0.20000006000394135,0.2000000889917977,0.19999993533744614,0.1999998663184845
690,94b6c2d6c7a5210de96454ee10f045becba4c01e79e0a6844a7649dc35ae4dc9,Bacterial-Spot(752),2,0.9999999999999499,0.2000000463972336,0.20000005642234683,0.20000008366386407,0.1999999392104763,0.19999987430607913
691,238c0a7c09e4533efc3bdd03df941f818ca7fd3ce35a5f7973605a6a32aabd81,Bacterial-Spot(752),2,0.9999999999999967,0.20000001079900942,0.2000000131288614,0.200000019510794,0.19999998582122455,0.19999997074011067
692,f64eb10c80cb0f486e3a956edd3ae3b96268077c8b070f41fea0e74115f4c2ca,Bacterial-Spot(752),2,0.9999999999998801,0.20000007208446294,0.20000008765230995,0.20000013000703254,0.19999990553522498,0.19999980472096973
693,9e8276f049ef9a79ecf9b42a7fcf9f55302db60f4803670d6a16487dc9ce722a,Bacterial-Spot(752),2,0.9999999999999365,0.20000005230073814,0.20000006359306693,0.20000009432516933,0.19999993146157244,0.19999985831945327
694,56ea1339f73b34d2895f618dcbd6b8edd8ec23963e902ae8f2392712b891fdaa,Bacterial-Spot(752),2,0.9999999999999541,0.20000004429368168,0.20000005385748804,0.20000007987693327,0.19999994196034648,0.1999998800115505
695,d2899b3504bd3213c9af858426cac7f8a26e6b403ccd310fb9fcb34977a41497,Bacterial-Spot(752),2,0.9999999999997431,0.2000001056127477,0.2000001284241603,0.20000019048212545,0.1999998615935204,0.19999971388744622
696,1e15f837f878103bf6fc6e7de1c732e8302f3046028ea83bd2efa41d0df0a340,Bacterial-Spot(752),2,0.9999999999998108,0.2000000905904238,0.2000001101536846,0.20000016338836749,0.1999998812794392,0.19999975458808486
697,187b454d7fe0bd0b4eaaa082c17e25159e73b05cd74cee51cc93adbb636a223b,Bacterial-Spot(752),2,0.9999999999997651,0.20000010097472015,0.20000012278190085,0.20000018214203277,0.19999986765192254,0.1999997264494236
698,28ccb85d11cbb0e85147ecdaf47c5962f044e48669a6dafb3e20a483f09f4272,Bacterial-Spot(752),2,0.9999999999998014,0.20000009283972459,0.20000011289177672,0.20000016743892784,0.19999987833714405,0.19999974849242666
699,b3038840e06909cf126b81528346151471b2bcd07efe3c68ba519613e31cee79,Bacterial-Spot(752),2,0.9999999999998875,0.20000006983031965,0.2000000849083487,0.20000012595351702,0.19999990847943194,0.19999981082838278
700,7053d951a338f99599657a07bc4bc9ee0b8b331f7e5f8487f132f9b5a2f94c18,Bacterial-Spot(752),2,0.9999999999999795,0.20000002940454953,0.20000003575261815,0.20000005303109317,0.199999961466519,0.19999992034522007
701,39da22448db659af2bc67809a6f6e30eca466093d42594f91927a318cb90c6e2,Bacterial-Spot(752),2,0.9999999999998663,0.2000000760995727,0.20000009253853906,0.20000013724676738,0.19999990027563364,0.19999979383948724
702,b505cfa9a940c0a66ea263a1184e426c7e14fa1da01b43b551bd4da4b330621d,Bacterial-Spot(752),4,0.9999999999999925,0.19999998251572917,0.19999997873531644,0.19999996847627521,0.20000002290421057,0.20000004736846874
703,eceb01fd72e390ea87dbf476519dce988c02ecfa34c88b7d5dffe56d85f89fce,Bacterial-Spot(752),2,0.9999999999997057,0.20000011305034776,0.20000013747189913,0.20000020389525397,0.19999985184819818,0.19999969373430102
704,6e4aa8579e814ae36bb765bcd9607b300f0e8355d76cf2e675463fde2e307399,Bacterial-Spot(752),2,0.9999999999999223,0.20000005795470902,0.20000007047274657,0.20000010450673997,0.19999992406519695,0.19999984300060755
705,d66c2f30ddd779b1490a3c2aa6ab2fd65d0f81ccc72387aac7b7fdd91895869a,Bacterial-Spot(752),2,0.9999999999997671,0.20000010056779796,0.20000012229359543,0.2000001813912081,0.19999986819956253,0.199999727547836
706,3c917cff941d667441d17a7a0e855a80cda56af6458926d33ddd1ec0caaba5b6,Bacterial-Spot(752),4,0.9999999999999777,0.19999996932520206,0.19999996270428053,0.1999999446455184,0.2000000402234527,0.2000000831015463
707,47bb654e070ec84b9d4af95c404303f31618056482ee0ef4ffa2b2be6e455654,Bacterial-Spot(752),2,0.9999999999998589,0.20000007819578822,0.20000009507944816,0.20000014103638106,0.1999998975199849,0.19999978816839767
708,d44ec4081b22a4a672b722981eeb401e1eb94899a78df20ed0cdaecc14b029a2,Bacterial-Spot(752),4,0.9999999999999988,0.19999999436928384,0.1999999931524001,0.1999999898171065,0.20000000740008544,0.20000001526112413
709,45f109aa3730eb4940b540c6877cec80c2f622cee338e888743e4493b09f7eb7,Bacterial-Spot(752),2,0.9999999999998163,0.20000008927950905,0.20000010856102013,0.20000016103524212,0.19999988298904925,0.19999975813517942
710,b6be1caa300847df0c7253b0bf5c12d9cd198cf2a40e51a57c07e0ffc8e1f729,Bacterial-Spot(752),2,0.9999999999999513,0.20000004578137962,0.20000005567477108,0.2000000825618888,0.1999999400110786,0.19999987597088184
711,4f7bfbeed1622976ea5be51227c276c748dbad6497ca06f83237f88958d934f9,Bacterial-Spot(752),2,0.9999999999998065,0.2000000916522837,0.2000001114442757,0.20000016531443887,0.19999987987930376,0.1999997517096979
712,dae55710363e0caa8538e89c55a0eed996497344a2198e8611d16c554574d3dd,Bacterial-Spot(752),2,0.9999999999999831,0.20000002661769947,0.20000003237060443,0.200000047993424,0.19999996512887244,0.1999999278893998
713,572972955d68d2da36df3ec9a2888ac84c682e2398cc72754529a038a715bfc8,Bacterial-Spot(752),4,0.9999999999999909,0.19999998085317122,0.19999997671463685,0.19999996547471852,0.20000002508549838,0.20000005187197498
714,95cbd95fbb63e447743f9658f74a8a312a311099109fb4d39c51740ebfbcd576,Bacterial-Spot(752),4,0.9999999999999977,0.19999999116262002,0.19999998925399395,0.1999999840428773,0.20000001159545452,0.20000002394505428
715,408ee06c8da1f97df80845be20aba82728b63888d23a38b2256b15a982da08aa,Bacterial-Spot(752),2,0.9999999999996861,0.20000011678143173,0.20000014200687016,0.2000002106360884,0.1999998469493379,0.1999996836262719
716,742625ccd3c79284966acf8f87d061f6e3bd6f284fb1a3a004b97d7ee6fe3203,Bacterial-Spot(752),2,0.9999999999997483,0.200000104522802,0.20000012710366655,0.20000018853064025,0.1999998630118692,0.19999971683102194
717,2370a56407d243e708407cde7a62d7d5e4bc27570d1b5b8d4296c68900aa790f,Bacterial-Spot(752),2,0.9999999999999285,0.20000005554490483,0.2000000675391242,0.20000010017991499,0.1999999272075592,0.19999984952849678
718,f8d9bbd06c59024ab08d4dc3d5e10381041c17e38dcbb2e34b21ea8bbc6203ae,Bacterial-Spot(752),2,0.9999999999998139,0.2000000898540727,0.20000010926843728,0.20000016207295732,0.1999998822367719,0.19999975656776087
719,1810c193b55c5f8378505d0dde2b2638b39c5d50e86950b78e45fc1f70310d73,Bacterial-Spot(752),2,0.9999999999998972,0.20000006670205595,0.2000000811069608,0.20000012031314457,0.1999999125782359,0.1999998192996029
720,e5b7518493de7e26b35086c269877c5eb6eeb8ba0fe4a8b7303460e22bcb296b,Bacterial-Spot(752),2,0.99999999999969,0.20000011603802198,0.20000014109797798,0.20000020929205817,0.19999984792503073,0.19999968564691123
721,d4252466b1d62794846c6636e938b421f590bf23aa2966789914d00f23548f4e,Bacterial-Spot(752),2,0.9999999999997471,0.20000010478435318,0.20000012742109308,0.20000018899529454,0.19999986267443462,0.19999971612482448
722,4bd5ad4041e461a24c9bc479cc4026aa0d24233be0d86f1ee17aca82dff100da,Bacterial-Spot(752),2,0.9999999999997651,0.20000010099501866,0.20000012280770385,0.2000001821724558,0.19999986763030317,0.1999997263945186
723,c458e19db7244879c0df3f66798c63e29797c3fbe66dd382c67aa6911fac4692,Bacterial-Spot(752),2,0.9999999999999738,0.2000000333380075,0.2000000405384628,0.20000006011552462,0.19999995631987774,0.19999990968812728
724,cceda8f3494facbe42df5dfc3663e6df2738b2bba1304a79dab778d4d1843d0b,Bacterial-Spot(752),4,0.9999999999999979,0.19999999215416486,0.1999999904553112,0.19999998586962897,0.200000010265533,0.20000002125536204
725,6d09d9c568275faf3b7f9507860606007d6fb676fa121c3f3dbefe5989466b8a,Bacterial-Spot(752),2,0.9999999999999175,0.20000005973570112,0.20000007263887903,0.20000010773580804,0.19999992171826636,0.19999983817134545
726,97a3c9b11a7025cc5f86ec1a1cc72b099dba4412d5c2309996abc13082ffd32f,Bacterial-Spot(752),2,0.9999999999999808,0.2000000283587233,0.20000003448443057,0.20000005113077665,0.199999962848664,0.1999999231774054
727,5116f16f64ba8332317884603b8b04f9367a887899d2247ce33ee9c76087ed1d,Bacterial-Spot(752),4,0.9999999999999171,0.19999994015279518,0.19999992723389415,0.19999989204072985,0.2000000784468294,0.20000016212575134
728,8a55ed63a716a122028c4adc5ded3fdde2d03eeb220baa7ae0773b8312e92651,Bacterial-Spot(752),4,0.9999999999999454,0.19999995150424296,0.19999994103837018,0.19999991251317473,0.20000006357162384,0.20000013137258837
729,2122b7fb8af3abe17693f4423ecc9385ee5e5482d3bb8dbec5cf9e197b259fc3,Bacterial-Spot(752),4,0.9999999999999853,0.1999999753484598,0.19999997002888092,0.1999999555173471,0.20000003232355998,0.2000000667817522
730,7ee27c8c70f62941c6172113a89e6a9aef3270266370944a0ff480e81e9266cf,Bacterial-Spot(752),4,0.9999999999999579,0.19999995746838511,0.19999994828585813,0.19999992327300062,0.20000005575225283,0.20000011522050345
731,d7d40992f6e72ae366076812c051536229505b7869eee675bbf15085b9564d23,Bacterial-Spot(752),4,0.9999999999999418,0.19999994989164846,0.19999993907343966,0.19999990960174158,0.20000006568637949,0.20000013574679093
732,fb8a6bee757c882b2385bbcffd01c0d089f672d561b49cc6e731eddc6bdf16d7,Bacterial-Spot(752),4,0.9999999999999675,0.19999996280603582,0.1999999547743365,0.19999993290228574,0.20000004875498292,0.2000001007623589
733,e15d11b1b14d2eb897bac19d59583147e4b3a8e40fc89347cb74259cc65f54b5,Bacterial-Spot(752),4,0.9999999999999671,0.1999999625528053,0.19999995446499752,0.199999932450479,0.20000004908276206,0.20000010144895614
734,27579900fee374d11501d78780ce2bc8f823ff26fb09f031518b29fcddc92e15,Bacterial-Spot(752),4,0.99999999999995,0.19999995369236068,0.1999999436914864,0.199999916460598,0.20000006070173984,0.20000012545381513
735,0db1f8c3a66ffa5a9e93b6f452eb6e5ec6757cd1372398d851c416b078895b1a,Bacterial-Spot(752),4,0.9999999999999954,0.1999999867561433,0.1999999838939867,0.19999997612830075,0.2000000173444682,0.20000003587710105
736,92bdb563994b57903384dc965ec22229f8f22494cab7933748c5f51c126e4063,Bacterial-Spot(752),4,0.9999999999999482,0.19999995277007934,0.19999994257262987,0.1999999147986289,0.2000000619098265,0.20000012794883537
737,f8c59ea1adbe462e6ce09a113487fd3ea026140ea23a44a90e72152fada50201,Bacterial-Spot(752),4,0.9999999999999611,0.19999995912954746,0.19999995030418083,0.19999992627051308,0.20000005357382772,0.20000011072193088
738,31f4d89539fc05670a15544ddbb3636ee849ac0783aeadaec08e5698bac0d066,Bacterial-Spot(752),4,0.9999999999999221,0.1999999420050153,0.19999992948219014,0.1999998953775261,0.2000000760216082,0.20000015711366032
739,43a5ebc22522d228fe927122eba7ab55d0644384651e674f547d947e1cec800d,Bacterial-Spot(752),4,0.999999999999958,0.1999999576100955,0.19999994845617847,0.19999992352849086,0.20000005556620573,0.20000011483902952
740,3ae874ae861dea16f9dd9f0eb7c85a0395d6bc42501b0e6f2d8179a7a35eb927,Bacterial-Spot(752),4,0.999999999999954,0.19999995549677632,0.19999994589037956,0.19999991971843922,0.20000005833540807,0.20000012055899682
741,5d031fe48eb22828aa73e1a2be366fa9e99b0fabd7e9bcde48574d94c5fa7e99,Bacterial-Spot(752),4,0.9999999999999488,0.19999995304903218,0.19999994291363643,0.19999991530177236,0.20000006154461344,0.20000012719094556
742,c3e8b77548a0558cc64ce4398d4d96837d5372e48d736a05a701dd1fd59d0ecf,Bacterial-Spot(752),4,0.9999999999999385,0.19999994856150524,0.19999993745627662,0.19999990719970123,0.200000067431921,0.2000001393505958
743,33ed423f07afc092833f7ced85b10af94a5e408725c931ec0b80c32315a138ef,Bacterial-Spot(752),4,0.9999999999999392,0.19999994880144364,0.19999993774903374,0.19999990763464748,0.2000000671159998,0.20000013869887528
744,78600ac51810efac16710ad8e86b56b141867ca32ae7be8129da8c0238bd8fd5,Bacterial-Spot(752),4,0.9999999999999185,0.1999999407186491,0.19999992791827692,0.1999998930598608,0.2000000777056107,0.20000016059760242
745,7993d2224a577f70a5d79510c6b59166b0ffd5cb63fe8180fcac926b08cd3aab,Bacterial-Spot(752),4,0.9999999999999775,0.19999996927170624,0.19999996263689146,0.1999999445604887,0.2000000402842177,0.2000000832466959
746,6393eaa5341bf53b88a4119bd6dd48dee8abb94ceb2945990bb6b7e7ea01542a,Bacterial-Spot(752),2,0.9999999999999967,0.20000001092653272,0.2000000132878119,0.20000001973274975,0.19999998566111651,0.1999999703917891
747,ac2807ef3075b063c0ff4a2bca503a4d9a0663335b86afeaa49d57c404e5e94c,Bacterial-Spot(752),4,0.999999999999929,0.19999994466833357,0.19999993272017344,0.1999999001815467,0.20000007253080523,0.20000014989914108
748,f748d7b7881eae1a84db26fb98de6f03de8dfaf0a11b48c7dff28e4da663f59c,Bacterial-Spot(752),4,0.999999999999955,0.19999995608895418,0.19999994661290016,0.19999992077981782,0.20000005756501021,0.20000011895331765
749,678fd9ec474da623ddfa63371990dfce3acbfb6d4c0542bea3693d7826c00166,Bacterial-Spot(752),4,0.9999999999999786,0.1999999700737061,0.1999999636141951,0.1999999460071125,0.20000003923351226,0.200000081071474
750,2f2be8dc936e688d56f923dc6aeba47592f3504de7400440d0f63187fe1b270e,Bacterial-Spot(752),4,0.9999999999999516,0.19999995431145243,0.1999999444466635,0.1999999175735247,0.2000000598937281,0.20000012377463133
751,8f6b7ce96ab0d9bf8955664864d2a6634b4651f0a9851c012e3ae961973bf703,Bacterial-Spot(752),4,0.9999999999999363,0.1999999476335501,0.19999993632589252,0.19999990552959762,0.20000006864486058,0.20000014186609905
752,a3d6a8adfb421d2dff99b02696a6320166c0ab1e6e0b5ac25106c5b0606af01f,Bacterial-Spot(752),4,0.9999999999999979,0.19999999196632037,0.19999999022867054,0.1999999855106982,0.2000000105275916,0.20000002176671922
753,242b4cf63b1f88b65ff1d82010d2e4c677a0f8e4a81f5a51a69f3ea0c2cfa43a,Bacterial-Spot(752),2,0.9999999999999245,0.20000005705972937,0.20000006938490947,0.2000001029231596,0.19999992521459445,0.1999998454176072
754,4e463baa6d67cd5917d6bb1254099237bb92d0e5cc7efffb8a5e9bcb9c234f36,Bacterial-Spot(752),2,0.9999999999998745,0.2000000736662759,0.20000008958055399,0.200000132866728,0.19999990345803267,0.19999980042840945
755,8f119dcf03c50ac5f270b60a3e43ab2cf512db99ca24744de8319ecf2eed49cf,Bacterial-Spot(752),4,0.9999999999999811,0.19999997175602122,0.19999996565451136,0.1999999490506271,0.20000003702057698,0.20000007651826338
756,e4a1325932311ff5e26a9ceef6d579914e0448e66b899845cbff3b72b8cf4bd3,Bacterial-Spot(752),2,0.9999999999998223,0.20000008778447387,0.20000010674265256,0.20000015834747994,0.19999988494153156,0.19999976218386203
757,00c4577910acf87971c2d124fc2e413a903153ffdd240515de148f562dfec02d,Bacterial-Spot(752),4,0.9999999999999961,0.1999999881812682,0.1999999856247185,0.19999997870120514,0.20000001547440488,0.20000003201840327
758,30956a897a4c51da53553581d21e7733e4d4dd5e443bbee6c0bf1150e5c125b6,Bacterial-Spot(752),4,0.9999999999999698,0.19999996422865185,0.19999995650212,0.199999935458995,0.20000004689722475,0.20000009691300838
759,2fa0b242c3d7eac282965e1f5b910a74908e75d8c03d99131948534337aab646,Bacterial-Spot(752),2,0.9999999999999979,0.20000000787424474,0.20000000957344574,0.20000001420371336,0.19999998967904375,0.19999997866955238
760,6226ea65ba8eedc81e304ec6a89c2a01333f7196d4545142a9712e91410447db,Bacterial-Spot(752),4,0.9999999999999922,0.19999998241406403,0.1999999786176591,0.1999999682812003,0.2000000230477212,0.20000004763935536
761,a1dde9edca9ce305e3bd1835ea98f98ada51c483b9fa5e1949487646a758596b,Bacterial-Spot(752),2,0.999999999999999,0.2000000040014674,0.20000000486765557,0.2000000072249253,0.19999999475036717,0.19999998915558456
762,c4c412a6192f829a261779651e4cec9088cab8b5bcf0f029e046f718d8b066bf,Bacterial-Spot(752),4,0.9999999999999979,0.19999999251696857,0.19999999090207618,0.19999998648584735,0.200000009820621,0.2000000202744869
763,dfc5e896f2898723b5571d80b57197c609337663fec56b0aefe1becbe1276fa2,Bacterial-Spot(752),2,0.9999999999999971,0.20000001017317093,0.20000001237389922,0.20000001832697908,0.19999998668509536,0.19999997244085546
764,0bc450f273f0f71ffafc8165b374ca4037ab4133cc9b91d7486e1b1e10182c91,Bacterial-Spot(752),2,0.9999999999999772,0.20000003105863773,0.20000003776581052,0.20000005601992077,0.19999995929496092,0.19999991586067004
765,82006476b4e567b39945cf5431f7626eba61aad686a3a8be4d37bd2fee6b1a12,Bacterial-Spot(752),2,0.9999999999999546,0.20000004421014814,0.20000005375826513,0.20000007975324402,0.1999999420495205,0.19999988022882215
766,beb788e7e83e1ac0fb9bceb1480688f46ac4b99b36208f42d4780a4c8f559f2c,Bacterial-Spot(752),2,0.9999999999998221,0.2000000878072359,0.20000010677032518,0.200000158376347,0.19999988492112045,0.1999997621249714
767,6488e89ba8796a321aa5c1a6b7f61bcce62b18342bf21a046afb455f178eeb7c,Bacterial-Spot(752),2,0.9999999999999954,0.20000001315380964,0.2000000159948347,0.2000000237094619,0.19999998277310815,0.19999996436878567
768,e0a91bf90afed204a024177ef6db4f0efd8667cb4647ea4ec5250de57e675474,Bacterial-Spot(752),2,0.9999999999999563,0.20000004336045682,0.20000005272184426,0.2000000782207056,0.1999999431624223,0.1999998825345711
769,65077d8464c4841d1f505989c70dc5b94136fda5861a429695faaf26ca725231,Bacterial-Spot(752),4,0.9999999999999973,0.1999999903848604,0.19999998830532453,0.19999998267912306,0.20000001258406763,0.2000000260466244
770,c4cb9699d2e080f1a0144f63ab34d9af0bfabe9600e94fef8b2ffabec74cf34d,Bacterial-Spot(752),2,0.9999999999999979,0.20000000766872472,0.20000000932249867,0.20000001382721447,0.1999999899526464,0.19999997922891571
771,ed1a207eadc2f4c0cf31b5379189d55f0fe2c04c0bccd70d0f62ad5a63a9e17c,Bacterial-Spot(752),4,0.9999999999999913,0.19999998123270443,0.19999997717860854,0.1999999661332632,0.20000002460867167,0.20000005084675201
772,3c45dd0628ed49048a08ff26504dc80b00bf388641ec94355583b37ab0fd8034,Bacterial-Spot(752),2,0.999999999999967,0.20000003746850026,0.2000000455610881,0.20000006758934125,0.19999995088829606,0.19999989849277425
773,de8bef462b3ab7421fad1261c03eede1c51e7f9ddd0b97e5003e8350cd90e673,Bacterial-Spot(752),2,0.9999999999999731,0.20000003378161862,0.20000004107324199,0.20000006095355197,0.19999995570834897,0.19999990848323837
774,38c3d534f19b86c323316bdb2d5e18d593ed0d8a90917d270b6046bb8451552c,Bacterial-Spot(752),2,0.9999999999999403,0.20000005069549018,0.20000006165008846,0.20000009144164912,0.19999993355813706,0.1999998626546351
775,fc483e2ad980e6545292f21a12d41efacfb79b739688d4b92e30606a6f5f87c7,Bacterial-Spot(752),4,0.9999999999999936,0.199999984046507,0.1999999805974129,0.1999999712090098,0.20000002091995353,0.20000004322711679
776,c4b313f06e1a324baf8767480541cba74a0bd128ade2277ed4e57b46725248bb,Bacterial-Spot(752),2,0.9999999999998795,0.20000007221616645,0.20000008781815282,0.2000001302662456,0.19999990534714632,0.19999980435228878
777,5dbe9398d3356f5318be33d1d3b60af96400a8f964fc1a39e9585cdf12dd8b3f,Bacterial-Spot(752),2,0.9999999999999906,0.20000001947717,0.20000002368329403,0.20000003513306433,0.19999997447161028,0.19999994723486125
778,65885bee4332c01edfaf0ce250558c2e60650b5bb0552ab338ff2d11f9401fe6,Bacterial-Spot(752),2,0.9999999999998999,0.20000006579041998,0.20000008000170308,0.2000001186799398,0.19999991376515544,0.1999998217627816
779,ecf028d9475696b022f6029e55b34efcc41a5b833aab1a63b2b7d5b3d95acbcc,Bacterial-Spot(752),2,0.9999999999999845,0.200000025370776,0.20000003084673879,0.20000004575312202,0.1999999667547023,0.19999993127466095
780,b734e1c60cc0ca0a4735cd44d20d0c78a1a02f22ed6308337f9a54dfcea75119,Bacterial-Spot(752),4,0.9999999999999901,0.19999997980172365,0.1999999754362593,0.199999963585944,0.20000002645761272,0.20000005471846036
781,f1c9527b51f6e728310bf2d42991110e0c644abfcf799df7af6661613f079a2a,Bacterial-Spot(752),2,0.9999999999999797,0.2000000292097099,0.20000003552048795,0.20000005268928378,0.199999961715476,0.19999992086504237
782,6f0663eb1aed7e0b24f39e79a770b83b23e4f98a9fa0d162ceb8530eaae81d86,Bacterial-Spot(752),4,0.9999999999999956,0.1999999870309044,0.19999998422784745,0.19999997659937166,0.20000001700322848,0.2000000351386481
783,881ef4d3a4d78f3e29645d82a021055473568ba06348a48f5fb69f650ce03823,Bacterial-Spot(752),2,0.9999999999999791,0.20000002973270903,0.20000003615348053,0.20000005362188206,0.1999999610376739,0.1999999194542545
784,53a39f7dc2826cf60516d5cf3f20450d769748fcb541f091d780d3588d7db886,Bacterial-Spot(752),2,0.9999999999999987,0.20000000595194234,0.20000000723667363,0.2000000107090748,0.19999999221965817,0.19999998388265108
785,85b3e2f13c99cf12c3426fd927f5e8fc260d37d2c38336715946783999c43c4b,Bacterial-Spot(752),2,0.9999999999999654,0.20000003850629744,0.2000000468196157,0.2000000694497325,0.19999994953627673,0.1999998956880776
786,2c43e16ba2878e19a93e465573db974977326dd234eeba6313aaab109d8e64ea,Bacterial-Spot(752),2,0.9999999999998964,0.20000006693246086,0.2000000813854034,0.20000012073585022,0.19999991227043024,0.19999981867585517
787,f3beb82ad7790e000a90dec57f6464263c4792f665a5e87aecd6e47c0c8d3ea8,Bacterial-Spot(752),4,0.9999999999999921,0.19999998226403837,0.19999997843046427,0.19999996799977182,0.2000000232516999,0.20000004805402571
788,7cf5c91cbe326f57714a7016d6a6cf52a497c65fa5cff0c821f6e3d7866e2786,Bacterial-Spot(752),4,0.9999999999999529,0.19999995508095622,0.19999994537829552,0.19999991896522856,0.20000005888151093,0.2000001216940087
789,821c237f3e6313f922ef3a4355ccbd007c6f5cf338c40513c817923cb49b598b,Bacterial-Spot(752),4,0.9999999999999994,0.19999999926773557,0.19999999911081237,0.19999999866491672,0.20000000097101342,0.20000000198552192
790,0e0cee4e8bb37b04b5ee68fb2fa28a7d567a726a808619727000802a34e80ff0,Bacterial-Spot(752),4,0.9999999999999765,0.19999996847052667,0.19999996166039674,0.19999994311362648,0.20000004133515362,0.20000008542029643
791,3f87452567bb72b48f13dc5bcb6db5de799dd4ee8bf57b38f0cdf2364bdd057a,Bacterial-Spot(752),4,0.999999999999995,0.19999998635688498,0.19999998341295178,0.1999999754145941,0.20000001786373775,0.20000003695183136
792,f8bfe8a24bdfcfe7a10bc7f34f8065ef60babf6c565822f1e7cbb073361703f4,Bacterial-Spot(752),4,0.9999999999999957,0.19999998748580675,0.1999999847797773,0.19999997742701894,0.2000000164012672,0.20000003390612978
793,f6f14a5687d61eb010f2005455cd2a4c182535621401b48465a06383674f05cc,Bacterial-Spot(752),4,0.9999999999999947,0.19999998544108835,0.19999998229155116,0.19999997374077802,0.20000001907926682,0.20000003944731565
794,583a12326a0fcd8cee2b72426043c541de844aaeff2c08d4614eaa7ac29c4539,Bacterial-Spot(752),4,0.9999999999999992,0.19999999747298317,0.19999999692588463,0.19999999543216923,0.2000000033192325,0.20000000684973043
795,8d33eb3bcaecdb4e43c7ec29653ada1a01baa9e66a8867a5bbbb7bcd48f003e0,Bacterial-Spot(752),4,0.9999999999999972,0.1999999900109063,0.19999998784865258,0.1999999819846394,0.20000001308915916,0.20000002706664258
796,57bee4d060253db383ae17a2d340f73f7da06d49b137a3d030de9b26fd2cf10d,Bacterial-Spot(752),4,0.9999999999999913,0.19999998128279708,0.1999999772393278,0.19999996623544597,0.20000002453386728,0.20000005070856175
797,c977c62366935f5ab03cd4a83e70184e9af606afbbbe49e3b2a25e66ad04a146,Bacterial-Spot(752),2,0.9999999999999893,0.20000002075194823,0.20000002522971375,0.20000003744398356,0.1999999727911772,0.19999994378317726
798,cf49e5f08364deb44203efaebba4ee0da8a2230bd46e5fb952bc076fa0e07734,Bacterial-Spot(752),4,0.9999999999999993,0.19999999985935196,0.19999999982620406,0.1999999997466112,0.2000000001835416,0.20000000038429108
799,dc95c30a96064d26f94503b1a3a8760c9ddb1b506ef970660bdf7510730a9f4b,Bacterial-Spot(752),4,0.9999999999999898,0.1999999794164033,0.19999997496651054,0.19999996286609642,0.2000000269815053,0.2000000557694845
800,23bc9a164a6ce960f44fbad0ab15439d5a372930666e0d034be7312718ec33ee,Bacterial-Spot(752),2,0.999999999999996,0.20000001224662256,0.20000001489164185,0.20000002209416118,0.19999998394586557,0.19999996682170892
801,54691ec5013da0c0a2c520ee298f6f19e8beda7e69d2e89dc5d23f31e33aae86,Bacterial-Spot(752),4,0.9999999999999984,0.19999999389265388,0.19999999257650203,0.19999998897720014,0.2000000080102911,0.20000001654335284
802,64f6b2c91d92f78173d3acfc3c7577200ecfe23e6086a6dc612b26e61adaa9e1,Bacterial-Spot(752),4,0.9999999999999788,0.1999999700299462,0.19999996355910518,0.19999994595289905,0.2000000392714583,0.20000008118659138
803,4d752bf9e04ad8c0c2fecdbd29c55e9ce831c4a480a92ca01d2d2ac115e5ff9c,Bacterial-Spot(752),4,0.9999999999999757,0.19999996792939068,0.19999996099966613,0.19999994215256015,0.20000004203226812,0.20000008688611493
804,6a5d10065fe8debcd0411caa2e8f3d20cc637af58d1c0242e7f41d1a86812ff8,Bacterial-Spot(752),4,0.999999999999997,0.19999999020953066,0.19999998809529382,0.19999998234289512,0.20000001282993735,0.200000026522343
805,3d14468bfd9667e1f8060ccb3b2859a5912370fe46ebd5698a0a6babae5f1bfb,Bacterial-Spot(752),2,0.9999999999999818,0.2000000276348011,0.20000003360512697,0.20000004985764883,0.1999999637725102,0.1999999251299129
806,2e352a9c29f0e4ce7aee0a4dc65c859c55efcfbb9fe2737e8d5239ff6d6d2308,Bacterial-Spot(752),4,0.9999999999999937,0.19999998417416254,0.19999998075080339,0.19999997145916426,0.2000000207369457,0.20000004287892398
807,7ad75063b747a3156303412efcb1c7128f4eb629c5139540260afd5093f82c08,Bacterial-Spot(752),2,0.9999999999999943,0.20000001481608243,0.20000001801143477,0.20000002673538556,0.19999998057221055,0.19999995986488683
808,7426c207fedb2e8eb8296ea18cc63f68eec660c0712c16ebe133a88f0ad0f220,Bacterial-Spot(752),4,0.9999999999999749,0.19999996745848078,0.19999996042885926,0.19999994129983245,0.20000004265239948,0.20000008816042797
809,4041115d8c3e214c2977b84d8aa9c4c70f6b70ef513392b8748f1884c06c3714,Bacterial-Spot(752),4,0.9999999999999845,0.19999997457300292,0.19999996907864567,0.19999995413042573,0.20000003332930336,0.20000006888862226
810,71206667697e0a595e619f6e93c8ba89ce0007b7a2583c8d006f1855adab95c7,Bacterial-Spot(752),2,0.9999999999997545,0.20000010324148082,0.20000012554326627,0.20000018622112184,0.19999986468948056,0.19999972030465057
811,fb5437edf622f49f31ebb0d5f39456cb4d45d4fc99deb59eb1573a3ade60899d,Bacterial-Spot(752),2,0.9999999999999627,0.20000003989210002,0.20000004850727682,0.20000007194573916,0.19999994772332763,0.19999989193155632
812,2810a3848c859c8b6d3a44a9704faf401ff7fe5d763d87248e9313c5fd390ae0,Bacterial-Spot(752),4,0.9999999999999826,0.19999997293929986,0.19999996709294499,0.19999995118825922,0.20000003546708622,0.20000007331240977
813,f320566dd539186fc8ebb0879193d824c76a3a6a3b83222cd62bd3d5f04336b8,Bacterial-Spot(752),4,0.999999999999985,0.19999997494673302,0.19999996953697766,0.19999995482633348,0.2000000328234818,0.20000006786647404
814,697b71ad27874e2f2eefae90715baed6f07811c7257fff5610519b4915b7954c,Bacterial-Spot(752),2,0.9999999999997863,0.20000009628481202,0.20000011708458945,0.2000001736777627,0.19999987380356496,0.1999997391492708
815,0ae21af2463838949f64b95a1fcad3e35d4df0b3ba860eefe71738e536974357,Bacterial-Spot(752),4,0.9999999999999992,0.19999999712209196,0.19999999650573907,0.19999999479448607,0.2000000037841648,0.2000000077935181
816,4ba5488fdfad948b76b780bd79cf73d283c6c9b4917b1cec02dd84d764482888,Bacterial-Spot(752),4,0.9999999999999728,0.1999999659315068,0.19999995857314795,0.19999993854761064,0.20000004465232524,0.20000009229540947
817,0bcad2fd7d4ac39ef2edfa0ff8389f881e3ef60dae57837e294031e8194fef1f,Bacterial-Spot(752),4,0.9999999999999744,0.19999996702429212,0.1999999599040787,0.19999994051558356,0.2000000432229685,0.20000008933307706
818,0ab3b17cb4383619fdf93af1eec944f31eb770a6b8c68a04d11be3281f2dbf48,Bacterial-Spot(752),4,0.9999999999999953,0.1999999867782026,0.19999998391803855,0.1999999761533267,0.20000001732636435,0.20000003582406778
819,cb723b3e7fb1ae76d6f2a6d74edfde1181f36b6ac1cb877d0c5a6e5226168446,Bacterial-Spot(752),2,0.9999999999999865,0.20000002370231498,0.20000002882612733,0.20000004276471167,0.19999996892694827,0.19999993577989783
820,cfd95dc67fd1f9684a750bdab14d680a79b064a84943191be278a215a9f4e2f5,Bacterial-Spot(752),2,0.9999999999999897,0.20000002057596677,0.200000025014545,0.20000003713736597,0.19999997301325606,0.19999994425886625
821,68fb3525d83027327a3c5e8ea4c9cdf6bc37b7bcb12142a1581b2ee85f6cf0d3,Bacterial-Spot(752),2,0.9999999999999993,0.20000000139280524,0.20000000169024731,0.20000000252672437,0.19999999816271805,0.19999999622750506
822,dabad5d378773a3db5969e83bea9312f173fa71abf0ede8e0096d668144a465d,Bacterial-Spot(752),2,0.9999999999999382,0.20000005162162535,0.20000006277021173,0.20000009313227723,0.1999999323275823,0.19999986014830337
823,eaee4d40114d65176398b5ff8ecf41c5d8b927b2306906d5bc3218b6ccf66a08,Bacterial-Spot(752),2,0.9999999999999772,0.20000003107469763,0.20000003778520453,0.2000000560673292,0.19999995925966246,0.1999999158131061
824,c11f9b35d0ddd13941dc5d1b347ffe699c91fec484f9e219e8fb09bd0b596fc7,Bacterial-Spot(752),4,0.9999999999999643,0.19999996085725077,0.1999999524016212,0.1999999294031302,0.20000005129621254,0.20000010604178536
825,a0115c0362b395921246341a0f89c0ae054c5cb4c367b579ab938c663f982031,Bacterial-Spot(752),4,0.9999999999999617,0.19999995941762314,0.19999995065084164,0.19999992679608947,0.20000005319095115,0.20000010994449471
826,22c4481fe8a88a59270a1d8cbf95667897db86bc072ce95ed37c35fb2f979bb4,Bacterial-Spot(752),4,0.999999999999997,0.19999998983942713,0.19999998764116014,0.19999998168304117,0.20000001330819167,0.20000002752817983
827,a56d10c111cde33e00e8fc7e09181d1e65ba118a2e2f731a37b255ecdd3a97d4,Bacterial-Spot(752),2,0.9999999999999425,0.20000004978056216,0.2000000605317155,0.20000008980304593,0.1999999347470624,0.199999865137614
828,075040caf879d7d6662f7eaef4f0bf38ba73f2f86357687f9ae75c2f3c1e546e,Bacterial-Spot(752),4,0.9999999999999692,0.19999996384530114,0.1999999560372368,0.1999999347974576,0.2000000473768734,0.20000009794313114
829,3529c9695c2a3aaa2110cda129343864c4fc23aca054b4cd66d8ab36527cea2b,Bacterial-Spot(752),2,0.9999999999999925,0.2000000173828221,0.20000002113337068,0.20000003136154407,0.19999997721108964,0.19999995291117353
830,1896c3318135e9910929ec8e9cb24502f00ac37318c19d5f3ce4c37af346e501,Bacterial-Spot(752),4,0.999999999999997,0.19999998974060007,0.19999998751926104,0.19999998150218162,0.20000001343936077,0.2000000277985964
831,294e55838b8aec183155f0b52291fcca847d8c9581b7615663789ada6a9c6b9f,Bacterial-Spot(752),4,0.9999999999999922,0.19999998252824683,0.1999999787517502,0.19999996850503302,0.20000002288330243,0.20000004733166746
832,f2dfa6b333a61235e7cea996d4c3240171f5672db69e0e4eefcaaebea9047766,Bacterial-Spot(752),2,0.9999999999999994,0.2000000003080324,0.20000000036919263,0.20000000057857242,0.19999999957750333,0.1999999991666993
833,ad1d6cf279246e618644c89ee0a24da5e8731ee860299121d790fc2501c7df2d,Bacterial-Spot(752),2,0.9999999999998958,0.20000006716105867,0.20000008166628278,0.20000012117584412,0.1999999119501287,0.1999998180466857
834,c7898dc5c504d990009cfeec9118673154b0c92f7e289e73f9d645d0759de5b8,Bacterial-Spot(752),2,0.999999999999959,0.20000004190221674,0.20000005095016474,0.200000075606881,0.19999994506124835,0.19999988647948905
835,5310d97a4b13e55f4a31361867e1f839eecfc28f5de8e90dc48e63791a12c245,Bacterial-Spot(752),2,0.9999999999999579,0.20000004253175604,0.2000000517158822,0.20000007673982667,0.19999994423818962,0.19999988477434555
836,e0d1583f9ef973c5289a3312fbb226740e5fa4efdfba5f1f29333c88e49df3b3,Bacterial-Spot(752),2,0.9999999999999775,0.20000003088807977,0.20000003756081264,0.20000005574277863,0.1999999594955025,0.19999991631282651
837,6b54db6afd6729b034b11c7a6849cccf86d998a205157b7ba07e06572930e864,Bacterial-Spot(752),2,0.9999999999999551,0.20000004385360348,0.2000000533256515,0.200000079133217,0.19999994249921196,0.19999988118831613
838,e8df0e8600b91c48e9b61b121b8b7f2de8bfbcb3efb5700e259b44de69ece7c7,Bacterial-Spot(752),2,0.9999999999999759,0.20000003203357136,0.20000003894879403,0.2000000578127933,0.1999999579901826,0.1999999132146587
839,da399ec753f1b93c5994203b43aceccb3cb5dc850634ece1065220c4081690c1,Bacterial-Spot(752),2,0.9999999999999593,0.20000004182352574,0.2000000508561,0.20000007546340873,0.19999994516590264,0.19999988669106294
840,e0a785cd055c969cafde8e499a6de8c504934ada95f793dd4eecb7abf29b0226,Bacterial-Spot(752),2,0.9999999999999666,0.20000003769580962,0.20000004583529596,0.20000006802381837,0.19999995057104505,0.19999989787403094
841,34479ee589dafb8a54ecae87f1ba75b80fae4d88ddf4f6486a83f3165278db7d,Bacterial-Spot(752),4,0.9999999999999987,0.19999999366700466,0.1999999922986629,0.19999998859844073,0.20000000828351383,0.20000001715237797
842,5eb356a19082b7d7f02770751883f55889c544f0a213e24cfa4a58ac3b8399b1,Bacterial-Spot(752),2,0.9999999999999978,0.20000000819808225,0.20000000996987127,0.20000001481222135,0.19999998923635576,0.19999997778346928
843,b4af2d4ad2929ce4d288b8c461e93649867cfe54aa253aa8d0dc73cb6c4dd735,Bacterial-Spot(752),2,0.9999999999999587,0.20000004203076183,0.20000005110243202,0.20000007583140864,0.1999999448976082,0.1999998861377892
844,5f1a8326e5b3843d308457fb0915a213147fb53ea1a7686c4e93c03727564ff1,Bacterial-Spot(752),2,0.9999999999999046,0.20000006415387725,0.20000007801056255,0.2000001157481101,0.19999991589433694,0.19999982619311316
845,510258165acc276f2d633acd98c95ea4277a13f6d7b24adccbe4e6e29fd86bff,Bacterial-Spot(752),2,0.9999999999999835,0.20000002635603895,0.20000003204474193,0.2000000475453401,0.19999996545178278,0.19999992860209628
846,11d60bf174f169c86258e882441344897dab820a9f7d5ac26fd13cd33aca393a,Bacterial-Spot(752),2,0.9999999999999496,0.20000004655550688,0.20000005660929962,0.2000000840065376,0.1999999389578133,0.19999987387084256
847,694b804b9c453b233e9f7c403bec2c3ffc5cddd81ba9a1d83c92e88e8059f8f6,Bacterial-Spot(752),2,0.9999999999999734,0.20000003364051175,0.20000004090333787,0.20000006070282153,0.1999999558907081,0.19999990886262073
848,39022f4a0e509d345752edded665d5054123b31a029142d58204c05a3f0c830d,Bacterial-Spot(752),2,0.9999999999999966,0.20000001091928132,0.20000001327610603,0.20000001972060522,0.19999998566929067,0.1999999704147168
849,2267adc4581b7363da8a4be8e77ccc98726a725cab2099e787b92e1e81f2d031,Bacterial-Spot(752),4,0.999999999999999,0.19999999687300996,0.1999999961929297,0.1999999943749518,0.2000000040856223,0.20000000847348617
850,ce69282a501eae6ed2b58b68eba8c6fb9db5b94e7c8b249f3cbb154be18d8d7a,Bacterial-Spot(752),2,0.9999999999999408,0.20000005046777303,0.20000006136476908,0.2000000910573112,0.19999993383452289,0.19999986327562375
851,6a45b2e134fb13f92856fe476a6e79b196c4a3ee90cfbbd99f35f52651d35b6d,Bacterial-Spot(752),2,0.9999999999999852,0.20000002494367466,0.2000000303279353,0.20000004502141644,0.19999996728482997,0.19999993242214367
852,354b845f3362cb059c51fcb3f83ae907b58027920ab534aabf696b58568e4090,Bacterial-Spot(752),2,0.9999999999999157,0.2000000603330652,0.2000000733578483,0.20000010884672673,0.1999999209080388,0.19999983655432096
853,f2991e3379e3f836ac09c7b94e3188bdd7c9a555c72fc6e3f831d043ab9fc2d1,Bacterial-Spot(752),2,0.9999999999999187,0.20000005919770292,0.20000007197738115,0.20000010679946284,0.1999999223956029,0.19999983962985013
854,9a082012b896d7231b3cfe4451dbd2c83ea2427181267ddf08bc82da96db6e30,Downy-Mildew(240),2,0.9999999999999126,0.20000006140435359,0.2000000746673472,0.20000011078957944,0.1999999194972929,0.19999983364142698
855,9d9e40fc1d45879a33ae9240b16922d8a7dd038fab931bc499bfbf2169dd8fa5,Downy-Mildew(240),4,0.9999999999999901,0.199999979906045,0.1999999755618543,0.19999996376595408,0.20000002632691802,0.20000005443922864
856,8ec1834ce03e934290b362379d5956cfb23bbb783b0ceaff403e056ed1dc529c,Downy-Mildew(240),4,0.9999999999999979,0.19999999199059815,0.1999999902597929,0.19999998556756743,0.20000001048601612,0.20000002169602543
857,9c67b01bce8b8d1d1e904d55177bce998e8ea2146517d175c5e819d57afcde6a,Downy-Mildew(240),2,0.9999999999999896,0.20000002055289107,0.20000002499620345,0.2000000370998849,0.1999999730423278,0.19999994430869272
858,d3cfcc5271f8ce9498953afb3239dea7fcb0b6c8b49e1eeea97c30dc8ac2f865,Downy-Mildew(240),2,0.9999999999999017,0.20000006521472313,0.2000000793026063,0.20000011766259826,0.19999991450364413,0.19999982331642827
859,85cdcddf1c5f0289fd910940c86aa0828273885322da01de41a2e189230e09ea,Downy-Mildew(240),2,0.9999999999998807,0.2000000719038282,0.2000000874368745,0.20000012972220949,0.19999990574126977,0.19999980519581803
860,9567c23f00a9044d005be44822ec5b6bf4e4d4e973aa973de6623310306a0349,Downy-Mildew(240),2,0.9999999999999589,0.2000000419594824,0.20000005102528673,0.20000007571840658,0.1999999449809988,0.19999988631582552
861,5b90153bcf63c8c6ea66013f3880934b70d57720f460fa141e110f3ffeeba8eb,Downy-Mildew(240),2,0.9999999999999715,0.2000000348988779,0.20000004244040515,0.2000000629760523,0.19999995424023415,0.19999990544443053
862,37fc1d7283ce4725dbc3293cdee15083dde549f6483be833462e25074cf9191b,Downy-Mildew(240),2,0.9999999999999705,0.20000003551497325,0.20000004318988807,0.20000006408410215,0.19999995343531476,0.19999990377572177
863,21c58031df6699e01e565e27259dee3b7adf6427d8c8afb1ad19666a8455218d,Downy-Mildew(240),4,0.999999999999997,0.19999998993770177,0.1999999877651636,0.19999998186681361,0.2000000131753098,0.20000002725501115
864,61934ed445e3891d5ca6bf54eba2f464d6a560ea0683de533b328f93c35265c0,Downy-Mildew(240),4,0.9999999999999952,0.19999998645204592,0.1999999835276433,0.19999997557543492,0.20000001774711296,0.20000003669776295
865,cd7aeb09ddb128e78d358940731405284d9010bb2191b39ec35c9d7c892e1d2e,Downy-Mildew(240),2,0.9999999999999992,0.20000000224662134,0.20000000273173757,0.20000000408289767,0.19999999703197777,0.19999999390676562
866,ed69001ae5866ad9e57ba250185e08041bc279f4e68fb81e289997f34094c5d8,Downy-Mildew(240),2,0.9999999999999919,0.2000000179476836,0.20000002181910698,0.20000003239993472,0.19999997645552545,0.19999995137774926
867,45c5a1d4516013d9273995256d5e173536a4a38146b5a2d1951b14c9915b8e57,Downy-Mildew(240),4,0.9999999999999988,0.19999999504475732,0.1999999939749585,0.19999999108655286,0.2000000064756973,0.20000001341803406
868,2506bf3f999e14ae2cefd35ff0c3dcf308796610a1f00a29634f38dc05356604,Downy-Mildew(240),4,0.9999999999999769,0.19999996871073802,0.19999996194960704,0.19999994357761736,0.2000000409960746,0.200000084765963
869,6ec2efecf5f92bbf74913ea5849bdfbf4ca3cb75aaf4a29d938388b92f9880fc,Downy-Mildew(240),2,0.9999999999999825,0.20000002699417294,0.20000003282893333,0.20000004871359045,0.1999999646038648,0.19999992685943843
870,6989eba44b8bcd4cd0481df5ea5a5a081d19ce464983b9efb5f11e4ad04b2fc1,Downy-Mildew(240),4,0.9999999999999942,0.19999998495873667,0.19999998170866226,0.19999997288529436,0.20000001970099143,0.2000000407463152
871,4879ccba28e91e3d132fe8f2004c5abeb173bf8456a7b0c17e37ab0ccbafcc98,Downy-Mildew(240),2,0.9999999999999984,0.20000000608637467,0.20000000739791615,0.20000001100359385,0.19999999200290272,0.19999998350921258
872,fd948d91877cb431632dedfe568fc5a2ef9f8835d13af40251b2637f855276cd,Downy-Mildew(240),4,0.9999999999999964,0.1999999886903704,0.19999998624659834,0.19999997961494811,0.20000001481124122,0.20000003063684194
873,e877a47848b7599111703b37f203b89585c2b808e4880c51ccd0c9fdb8817b64,Downy-Mildew(240),4,0.9999999999999868,0.19999997650866247,0.19999997143584486,0.19999995763808923,0.20000003078058154,0.20000006363682196
874,19b6e5e6ce4a26ad70175e58a5b26ebbd04f9259e08ff812e775123ea7febf7f,Downy-Mildew(240),4,0.9999999999999913,0.19999998115529935,0.1999999770848649,0.1999999660221699,0.2000000246881909,0.20000005104947494
875,81aef0b8da20c13164daeb8b8ed0ad7268a13cf813a2087bb923511d444e52ed,Downy-Mildew(240),4,0.9999999999999898,0.19999997952251575,0.19999997509850367,0.19999996307600842,0.20000002682877333,0.20000005547419877
876,8ef14891e998321b08c0e3f9d2d0a8760b7ed80a519de8eeefe773e9145b62cf,Downy-Mildew(240),2,0.9999999999997836,0.20000009691101714,0.2000001178451733,0.20000017479984722,0.19999987298838331,0.19999973745557903
877,c279b79bfa02a4b5c7286229bc37d4c803e71d7a33a91a678be753516d3ffe13,Downy-Mildew(240),2,0.9999999999999231,0.2000000576294058,0.2000000700734075,0.20000010398335852,0.19999992444192569,0.19999984387190248
878,911b42583ec7e911aa7e2a69df2aaa85c18a18ed7f5e8ab2eee5c71934c41e0e,Downy-Mildew(240),2,0.9999999999998005,0.20000009301454016,0.20000011310788415,0.2000001677820427,0.1999998780873422,0.19999974800819081
879,43fce8dffd24903c01ea3522900e23c6a9fa71d1a745098cf0f87b096b76180d,Downy-Mildew(240),2,0.9999999999999027,0.20000006483764263,0.20000007884888873,0.20000011694380934,0.19999991502861375,0.19999982434104557
880,72e84b6965fc5c92facf16b7d8d0af159da2e856cbb735f8cf4c62173ebda010,Downy-Mildew(240),2,0.999999999999884,0.2000000708507947,0.20000008615530127,0.20000012779832935,0.19999990714003293,0.19999980805554174
881,7194a620e1bb16336ba2bf7face10b7dfef19398c944715b5945f4d7f2578b5d,Downy-Mildew(240),2,0.9999999999999561,0.2000000433959211,0.20000005276958158,0.20000007827785812,0.19999994312214597,0.19999988243449318
882,bb3aaa5b3d858b26ce8252040bdaf806f09ae5e365570caf4d87628aff0b8dda,Downy-Mildew(240),2,0.9999999999999988,0.20000000593035608,0.20000000721103203,0.20000001069762505,0.19999999222687614,0.1999999839341108
883,3e9854cc015821270301b237685f904d50e20bfad7af3c79900ab64667e9ea55,Downy-Mildew(240),4,0.9999999999999992,0.19999999724234233,0.19999999664891072,0.1999999950323138,0.20000000360979678,0.20000000746663635
884,b3addce0d23776cca7254e55268c1c9e17705a6fc17f6988138242d9b2f0a30c,Downy-Mildew(240),4,0.9999999999999959,0.19999998766120491,0.19999998499908503,0.1999999777309877,0.2000000161822179,0.20000003342650435
885,35da24a4a2d07d47927b89f2dce26398f213860f7895a4ceaaac0e55b6ff754c,Downy-Mildew(240),2,0.9999999999999061,0.20000006374642237,0.20000007751956353,0.2000001149863328,0.19999991644996787,0.1999998272977134
886,8cd24e0a9bcec5fdf8ac17fcd44dc33fd4321bc8f4ebb929c8119e683ae8912d,Downy-Mildew(240),2,0.9999999999998356,0.2000000844513529,0.20000010269588833,0.20000015235032303,0.1999998892998074,0.19999977120262846
887,d5dd519cd41a1b275daa018edf80487335dcd74ec1b9019b50a4441254323ab5,Downy-Mildew(240),2,0.9999999999999931,0.2000000166119668,0.20000002019861154,0.20000002996983612,0.1999999782229542,0.1999999549966314
888,dd21506715e874ccea2bfc6d6ddb2681468f338e9ef17342043da3b6ad2e7e35,Downy-Mildew(240),2,0.9999999999999323,0.20000005400479678,0.2000000656656979,0.20000009743929603,0.19999992919714507,0.19999985369306417
889,07687f842dc20363d46900307d4942bcdfcfd3f60378d145053099a13646bcb0,Downy-Mildew(240),2,0.9999999999998338,0.20000008489422763,0.20000010323265002,0.2000001531397643,0.19999988872624944,0.1999997700071087
890,84ce78419064dafea4d944e909d1b0f0dc9414dcf1cec0d1c6d7a80e4b1d0713,Downy-Mildew(240),2,0.9999999999999994,0.20000000018325598,0.200000000223854,0.20000000032470294,0.1999999997645534,0.19999999950363367
891,7b189ace1e30d0837142b5a9581ee001631512797834ec7baecaa22e81165e3d,Downy-Mildew(240),2,0.999999999999842,0.20000008277934833,0.20000010066246884,0.20000014932518334,0.1999998914982808,0.19999977573471867
892,3e3bd4a82f12aaa81897bae8c950f90ae7fd989a30ba38c7c743b3ff57ff227d,Downy-Mildew(240),2,0.9999999999999724,0.2000000343363754,0.20000004175519365,0.20000006193726577,0.1999999549958773,0.19999990697528797
893,e1e85a1e64dc273a7b6a1490019389665e3e38db121130def46a0541d83b155c,Downy-Mildew(240),4,0.9999999999999994,0.19999999970640572,0.19999999964279644,0.1999999994720722,0.2000000003835248,0.20000000079520092
894,c8728cfd47903cdf151344fa7677bcfa58d34f78774dc43b7fe6a970912de3e4,Downy-Mildew(240),4,0.9999999999999938,0.1999999846893607,0.19999998138361094,0.19999997238407943,0.20000002006639603,0.20000004147655276
895,93555196963accb3e3c72e703d5b02e194166855e872922355b9a165e67dfcc0,Downy-Mildew(240),2,0.9999999999999496,0.20000004654076786,0.20000005659601408,0.2000000839480452,0.19999993900268992,0.19999987391248292
896,85b7fc7b77de1217b27a4e7de31778048092f8dc4747f898184b0b30b28c261c,Downy-Mildew(240),4,0.9999999999999978,0.1999999920017023,0.19999999027254334,0.19999998556907894,0.20000001048558377,0.20000002167109163
897,f408ff56da6f1cbc1edd28185e73907d2c8561dfdf3e890aecd69a01dc68a614,Downy-Mildew(240),2,0.9999999999999988,0.20000000533443926,0.2000000064870248,0.2000000096192766,0.1999999930107272,0.19999998554853204
898,9f7647e3115d279cef39d1e9e56817fc4359b3bcbe47276c715480baa84d2f92,Downy-Mildew(240),4,0.9999999999999913,0.199999981262817,0.19999997721478185,0.19999996620620158,0.20000002455475974,0.20000005076143984
899,fb5891e0aaefe6dd26a45b1760cd6ab02038e01b12ce46b1db09336755286319,Downy-Mildew(240),4,0.9999999999999964,0.19999998878675734,0.1999999863600708,0.19999997978999964,0.20000001468323828,0.20000003037993397
900,de05d9341b37327af2d397ddb3356ef50ada356409281f18beab6fb34deba1b0,Downy-Mildew(240),4,0.9999999999999966,0.199999988951023,0.1999999865643423,0.1999999800649974,0.20000001448527566,0.20000002993436158
901,f04ddb6e4480f8d721c332e466fd57cfc5e8e5f8bc33c9bbe44f188a43e459ab,Downy-Mildew(240),2,0.9999999999999825,0.20000002712167017,0.20000003297810834,0.2000000489307244,0.1999999644454375,0.19999992652405954
902,ac2db1b50f6f4beab52051a87621eb51047f9056c22a3f242e7b4ae4f6e20b66,Downy-Mildew(240),4,0.999999999999999,0.1999999957713806,0.19999999486228978,0.19999999236080948,0.20000000555218117,0.20000001145333907
903,6f9a6a1707ef06071ee4084b81cbd12d23c3cd125cc9a179c3a5899592262eac,Downy-Mildew(240),2,0.9999999999999553,0.20000004384091452,0.20000005331330076,0.20000007907667527,0.19999994254243164,0.1999998812266778
904,b7cd47d39e2d2b31461e48f4fef13ea34bfe855afa5cf3a4eeb1995bd0f849f6,Downy-Mildew(240),4,0.9999999999999899,0.1999999796928596,0.19999997530650027,0.1999999633704103,0.2000000266156153,0.20000005501461454
905,11f50e62df2512789e8a3e568333517fa526526c2c1fa3106e74f275f944a6ea,Downy-Mildew(240),2,0.999999999999941,0.2000000503945179,0.20000006128041642,0.20000009092074916,0.19999993393492696,0.19999986346938947
906,d86c758e673470eb14eeb6109997ddbab2d91fcdbae403f7eb4f2b14b5d84d5e,Downy-Mildew(240),2,0.9999999999999125,0.20000006148489333,0.2000000747679954,0.200000110899055,0.19999991941989392,0.1999998334281623
907,327a96f46d0ab1b87b45032ebfcc12461b015169f7dd7a0544565f519bf6e094,Downy-Mildew(240),4,0.9999999999999903,0.19999998018636392,0.19999997590763413,0.1999999642577292,0.20000002597121502,0.20000005367705773
908,780615c1a2b15ec80ba6f8f69ad11501dce79cbb45edd4cd83c6f13c15cf3ef2,Downy-Mildew(240),2,0.9999999999999979,0.20000000810622445,0.20000000986112276,0.20000001461435862,0.19999998938217642,0.1999999780361177
909,04c1d2be9ec1f5a6cc362d5bdd126bba9f5ed4e79d6bd5cd0b3d5c08d109ba88,Downy-Mildew(240),4,0.9999999999999694,0.19999996391546018,0.19999995612197308,0.19999993490609452,0.20000004729860327,0.20000009775786892
910,c0ba228964effcf1be635732a541806ce6142e4efa2d5af48a38775597abe34d,Downy-Mildew(240),4,0.9999999999999822,0.19999997259384159,0.1999999666708247,0.1999999505763409,0.20000003591082155,0.20000007424817112
911,ffc2862e13b82cf42b1601e457fd300cd7d8c8071038a379dcce3acd4bc36671,Downy-Mildew(240),4,0.9999999999999966,0.19999998905642513,0.19999998669144628,0.19999998026105675,0.20000001434233766,0.20000002964873412
912,b344070749655e5ff2e49755a401eab197522d393bf35b2d0fc32d50e01bd6e8,Downy-Mildew(240),2,0.9999999999999993,0.20000000117502126,0.20000000143582214,0.20000000210404176,0.19999999847332756,0.19999999681178718
913,59a6d70e7a277702fa23179bc1a2902a64d928eab271ce08abd7691ab2044ca0,Downy-Mildew(240),2,0.9999999999999993,0.20000000113495864,0.20000000138366325,0.20000000204158286,0.19999999851756473,0.19999999692223058
914,b1aad0a933b747bc85acd988aa5cc3c38cbeba6e7272204216bdcc6cc83c3b8b,Downy-Mildew(240),2,0.9999999999999737,0.2000000334451002,0.20000004066936683,0.2000000603398648,0.19999995615566918,0.1999999093899989
915,0dd4f08e5104367e408df1113e4dc69041683d8707892a8d0c8f06bf82baea09,Downy-Mildew(240),2,0.9999999999999939,0.20000001521938993,0.20000001851038277,0.20000002745361622,0.19999998005252878,0.19999995876408228
916,6ecc21a244c4f2c9d505bb9a27a4ad46dac905185a3f2d36e3a92d2d10650bc8,Downy-Mildew(240),4,0.9999999999999933,0.19999998413293807,0.19999998070648814,0.19999997137689948,0.2000000207982687,0.20000004298540552
917,83c92cd26203382b648d04fe7d0e705d1f38207b0c55b87d97986830cb5de467,Downy-Mildew(240),4,0.999999999999999,0.19999999715138303,0.19999999653352138,0.1999999948671096,0.20000000372888307,0.20000000771910287
918,75e053945d418e473a32a361bc58b7b38fdbf1c0d69a71dcea341378ff8a1b4a,Downy-Mildew(240),4,0.9999999999999869,0.19999997668476513,0.19999997164753677,0.19999995794862369,0.20000003055473298,0.20000006316434157
919,ca68f74f4de5710b07ae813f405b33ae7b06a27d2e5498ea5c62ed36d03a7082,Downy-Mildew(240),4,0.9999999999999977,0.19999999122346793,0.19999998933021826,0.19999998417343787,0.20000001150015906,0.2000000237727169
920,0fb520e7e34b3039ed7efa268f98261f98e4067f965a76f982fa908e438d0b8d,Downy-Mildew(240),4,0.9999999999999925,0.19999998274183883,0.19999997901361088,0.19999996887268398,0.20000002261735556,0.20000004675451075
921,95ceed77ecc09ef77b6a85e36708f5c9771f4bab0578b5f028382ae60a78ebbe,Downy-Mildew(240),4,0.9999999999999825,0.19999997292321375,0.19999996707196074,0.1999999511685543,0.20000003548070414,0.2000000733555671
922,b40ae69ec64ee6667d0e34b6718707ad8e45efa18abc0777cdb4a2854ea343d8,Downy-Mildew(240),2,0.9999999999999756,0.2000000320997893,0.20000003903243946,0.2000000579070613,0.19999995792344755,0.19999991303726236
923,e9a603b59891a11fd6a7284e784abfaa57d71ef79e7016ba4d40ba464fa062e5,Downy-Mildew(240),4,0.9999999999999866,0.19999997645205872,0.19999997136401074,0.19999995752782443,0.20000003086043006,0.200000063795676
924,72cfa6851bd474067718fc81809bca79c5496cef36a929a8057fc9f5dc27c747,Downy-Mildew(240),4,0.9999999999999977,0.19999999114097797,0.19999998922469286,0.19999998401847968,0.20000001161193645,0.200000024003913
925,39d903fad601c7480b23ed5c34f7fda24e88a91d540d1a0caf3a87bcefcea655,Downy-Mildew(240),2,0.9999999999999488,0.2000000469058205,0.20000005704230542,0.20000008459856777,0.19999993853086184,0.19999987292244445
926,e5db4d1079289b6256eddfa57595138700a80d0a2cd99fa94b4447c5cc04c2da,Downy-Mildew(240),4,0.9999999999999992,0.19999999720388983,0.19999999660164236,0.19999999494192192,0.20000000367632007,0.2000000075762258
927,81c0878fda67d5cc678ade9bb06e18238973c3d7410e9ba5dda2418a2a7bf252,Downy-Mildew(240),4,0.999999999999997,0.19999998977515285,0.1999999875646026,0.199999981564291,0.20000001339492474,0.20000002770102873
928,0995ce01f742ef96e5d7336c75d28a7435bae5304fc4b37dfebd6d20a326f5ff,Downy-Mildew(240),2,0.9999999999998347,0.2000000846580624,0.20000010294521536,0.20000015270461224,0.1999998890427675,0.1999997706493425
929,6e47bd7bf4aad587b827f0fae88a09cb249f5f34ab7aeb380aa6392f6e7dedba,Downy-Mildew(240),2,0.9999999999999973,0.20000000954048824,0.20000001160338732,0.20000001720620003,0.19999998749833148,0.19999997415159293
930,f6de8ccaf4bf10c84e4aaedba5f5e0c8e26f69e7a4596626c63c716751f64743,Downy-Mildew(240),2,0.9999999999999398,0.20000005084210812,0.20000006182599844,0.20000009170880725,0.19999993336342095,0.19999986225966526
931,ec815a56d0bf4a00d90ef91c1ba37c71f39c46c4d3e813c243493f967cd786ce,Downy-Mildew(240),4,0.9999999999999967,0.19999998891300275,0.19999998651780213,0.19999998000742,0.2000000145265781,0.2000000300351972
932,3535569367060161411c5dd07455c29570190f81eec79ca4f595cdd3d315e80a,Downy-Mildew(240),2,0.999999999999982,0.20000002735495917,0.20000003326098043,0.2000000493742317,0.1999999641220451,0.19999992588778362
933,d0d0918b38a2212b349088deb2ae5cf6583d5ae2edbb86fca4e0b5323f634dfb,Downy-Mildew(240),4,0.9999999999999925,0.1999999827516775,0.1999999790250647,0.1999999688910416,0.20000002260388922,0.20000004672832702
934,b85f2108808de7ca5809ecf3a077aa384468ff4e7c618cf641d589f2e2258ed7,Downy-Mildew(240),2,0.9999999999999993,0.20000000111733357,0.20000000135950138,0.2000000020162602,0.19999999853513062,0.19999999697177426
935,0dc43a1d87afe18b588cfe9b134abf2a2e0d82237e8c651a2db211abcf8fbcf3,Downy-Mildew(240),4,0.9999999999999993,0.1999999980809121,0.19999999766687246,0.19999999653525316,0.20000000251780742,0.20000000519915487
936,a11112cf7db6c9288b433d3ae678beaeb9801d8b6d7d494d26c0ab7583c50e54,Downy-Mildew(240),4,0.999999999999986,0.19999997595530417,0.19999997076149578,0.19999995662842546,0.2000000315144107,0.20000006514036398
937,cf818ab1285b20568634a22f2c79e477478301b2eb7cf969571f0a6ac1c56624,Downy-Mildew(240),4,0.9999999999999813,0.1999999720565734,0.19999996602082684,0.19999994959241146,0.20000003662708088,0.20000007570310738
938,e6af6dddf1082195834c83ffed4dc3abd5a6c09bf218b830c4ae51b85c5b6478,Downy-Mildew(240),2,0.9999999999999943,0.20000001468640916,0.20000001785765173,0.20000002648413798,0.1999999807563581,0.19999996021544306
939,be8bacd48c29e3c038c7539b8ecc7d6011e78586253f7b8522a1d43d98f7badc,Downy-Mildew(240),2,0.9999999999999994,0.20000000035834628,0.20000000043512947,0.20000000064234222,0.19999999953333394,0.19999999903084797
940,aac706eed49b501493d3dd241dd9f15877e542eecf45fa884642782b5bd3a808,Downy-Mildew(240),4,0.9999999999999984,0.19999999425938428,0.1999999930191245,0.19999998963300492,0.20000000753331826,0.20000001555516803
941,c7d285f19011ce50580ebd2819de8c1692ddcc8f7be884f2b3029aff70ba7b40,Downy-Mildew(240),2,0.9999999999998523,0.20000008000393232,0.2000000972871233,0.20000014431128413,0.1999998951416846,0.19999978325597562
942,0efbd1fb497564f2500ee63f1fc945ebbe55f5ca41fe7185f321a1f951e97bdf,Downy-Mildew(240),2,0.9999999999999115,0.20000006182935856,0.2000000751785605,0.20000011152255565,0.19999991896500677,0.19999983250451855
943,515ce66656b856f68f167fbf188d964cc97fbb5dda59147dcc92fb3668db2e21,Downy-Mildew(240),2,0.9999999999999984,0.20000000595299666,0.20000000723364827,0.20000001075824006,0.19999999218096118,0.19999998387415374
944,f3b6818ad7667825c091d463790510ab1f6937a07b00333a2fd3040f1cbd8912,Downy-Mildew(240),2,0.9999999999998436,0.20000008238530947,0.20000010018101952,0.20000014860493018,0.1999998920215559,0.1999997768071849
945,df61348bf8df6092b265655252894c43ce4456af553e87c3687409e10e91479a,Downy-Mildew(240),2,0.9999999999997368,0.20000010691160586,0.20000013000189426,0.20000019285165785,0.19999985987026164,0.19999971036458042
946,627dc0a5a7c7c1dc224a2b18aa973ab3a44f5c348a9d784bf619a7cb27ca5acb,Downy-Mildew(240),2,0.9999999999997446,0.20000010530583964,0.20000012805181422,0.2000001899520097,0.19999986197787367,0.19999971471246275
947,03107b547cd29e052e5dae3794dee125cebdd673052b74cf666f5855c8d5c340,Downy-Mildew(240),2,0.9999999999998147,0.20000008964426136,0.20000010901010595,0.20000016169972443,0.19999988250709716,0.1999997571388111
948,29363d239e0d5ebc5d379c73a83d47fc11c0dcfab3b33a75ccec5c813fd3d912,Downy-Mildew(240),2,0.9999999999998284,0.20000008626247412,0.2000001048908387,0.2000001555973637,0.1999998869397886,0.19999976630953484
949,481c7063196c695f96c9aa06957b6863d774c0be743a4c6e471264984ae73417,Downy-Mildew(240),2,0.9999999999998687,0.20000007542733653,0.20000009172219033,0.20000013604942798,0.1999999011452185,0.19999979565582676
950,8e782576d383c25f3dfec50b8690eb04e86378f206926f97d4328452da4f3cc0,Downy-Mildew(240),2,0.9999999999997959,0.20000009409850625,0.20000011442300308,0.20000016973484444,0.1999998766679018,0.1999997450757445
951,5916abc9b051ddf7a3e5a3f89025353759f6e0433872234a46b3511bea7c52ae,Downy-Mildew(240),2,0.9999999999998511,0.2000000803353166,0.20000009768868804,0.20000014491161283,0.1999998947050937,0.19999978235928895
952,aa0640d148b53ccb5fe59344d278558bba2c95129d666186d952c4d951f3137d,Downy-Mildew(240),4,0.9999999999999954,0.19999998695094537,0.19999998413130807,0.19999997646970635,0.20000001709694865,0.2000000353510915
953,2423f0c367c31838686343f945ef9a88c21316f61df90414695d97430068aac1,Downy-Mildew(240),2,0.9999999999997593,0.2000001022236805,0.2000001243061977,0.2000001843896014,0.19999986602019482,0.19999972306032565
954,04bd58a37724c2d62a097862f954cecc614e3eee41cb46c96b2daf5e2704de89,Downy-Mildew(240),4,0.9999999999999967,0.1999999893606898,0.1999999870610457,0.19999998082979137,0.2000000139281497,0.2000000288203235
955,1c1e2357e940bcfe20fcd804f99d92b869b2dbd4209e071ce78cb7baead7634d,Downy-Mildew(240),2,0.9999999999998611,0.2000000775752444,0.2000000943293766,0.20000013992148877,0.19999989833086484,0.1999997898430253
956,60a71a4daab0beb6a26c91da8217c7a279b99476d86d65c67741a99453006d5c,Downy-Mildew(240),2,0.999999999999889,0.20000006934741943,0.20000008432411553,0.20000012508803558,0.19999990910868007,0.1999998121317494
957,8b6c3fd66b5f141f923b9df87296541712f9f543897bb9ce1c3478a475c3ba03,Downy-Mildew(240),2,0.9999999999997873,0.2000000961047212,0.20000011686718888,0.20000017335196063,0.19999987404066832,0.19999973963546092
958,a56b209bbda9e858ffe4cd298e061092620baf450244c701554bcfe61c2108de,Downy-Mildew(240),2,0.9999999999999852,0.20000002489895757,0.20000003027739222,0.20000004491409473,0.1999999673647587,0.19999993254479675
959,bbd9c777c7267f0d1c6d8e54a1088060ee8e08e33d88bbe349498a446f2b119a,Downy-Mildew(240),2,0.9999999999999325,0.20000005391388118,0.20000006555598818,0.2000000972564913,0.1999999293309836,0.19999985394265568
960,656404221056e8d0b4c72b1d907ae29f8d436f70ab8b89da286f014400f4f5e0,Downy-Mildew(240),2,0.9999999999999267,0.20000005617862932,0.20000006831584174,0.20000010132941567,0.19999992637330843,0.19999984780280475
961,b6bf21e6000cc1f93859a7630aff7ae730c342cccc9a5c446ded0e08da931463,Downy-Mildew(240),2,0.9999999999999108,0.20000006205873286,0.20000007545904516,0.20000011194803538,0.1999999186556605,0.19999983187852616
962,23540c63110716fccaf86db118d27a7951a11892b86aa99ac8ae432238997718,Downy-Mildew(240),2,0.9999999999998634,0.2000000769114218,0.20000009352676845,0.20000013873600408,0.19999989919267375,0.19999979163313195
963,283295c09dbab14392423c7670124c323809643a4cc6ec21e3d19cbe684186a3,Downy-Mildew(240),2,0.9999999999998646,0.20000007659840446,0.2000000931468121,0.20000013816284912,0.19999989960965647,0.1999997924822777
964,df79c6fd3b688ec4bb3d0f87d374e2bdc5304e11c5d428ba251a8dc2af706b88,Downy-Mildew(240),4,0.9999999999999993,0.19999999846905864,0.19999999813666144,0.19999999723839246,0.20000000200627982,0.20000000414960775
965,0d25ea093a63c0689b20846009300485e1ab91c099f25f4937086138bb0f8193,Downy-Mildew(240),2,0.9999999999999953,0.20000001322044075,0.20000001607085963,0.20000002386253735,0.19999998265937552,0.1999999641867867
966,bbc1c1ba7049a59ef3ebdbf84e7d938cb65d7904e681ed651c2a2b713cc93794,Downy-Mildew(240),4,0.9999999999999493,0.19999995327932163,0.19999994318661496,0.19999991573760445,0.20000006122558453,0.20000012657087443
967,68780c69d01b0aa0a45f7496c9fcd0b9046452d3153fb76cede686cd718732d1,Downy-Mildew(240),2,0.9999999999997846,0.2000000966634235,0.20000011754189218,0.2000001743497523,0.19999987331511684,0.19999973812981514
968,1a687982bed5e0760374a7a18d52671e482ab418c99843fcd6906ad6979b2457,Downy-Mildew(240),2,0.9999999999999911,0.200000018718265,0.20000002276084763,0.20000003375669587,0.19999997547209727,0.19999994929209414
969,b94d5f2f0007cfd04541ce0540cb836d3b58c4bdc881fbbb2e00f3eeae3f2dfe,Downy-Mildew(240),2,0.999999999999985,0.20000002495582203,0.20000003034337205,0.20000004502175103,0.1999999672856256,0.19999993239342925
970,5826bbeccc253c13b1873cf6f9911a1834b9978b379ab4333853f69c6790735e,Downy-Mildew(240),2,0.9999999999999148,0.20000006065572248,0.20000007375723233,0.20000010940171037,0.1999999205074497,0.19999983567788504
971,40dd6544053d6081c7504e9e826b38a77883e9167501f6cfc3736cd058159d00,Downy-Mildew(240),2,0.9999999999997131,0.20000011160660344,0.20000013571167874,0.2000002013164518,0.19999985371992582,0.19999969764534029
972,d93979b25079688800f4551ae1faa44f37186cca28b68f64bde63d15c69f4b16,Downy-Mildew(240),2,0.9999999999997822,0.20000009728450907,0.20000011829524988,0.20000017547576024,0.19999987249631176,0.19999973644816907
973,30a8d42353d8e573326ae4c07b4e60d89912919c4d6490bde5dd305973e0bbee,Downy-Mildew(240),2,0.9999999999998374,0.20000008397708877,0.20000010211470828,0.20000015147158298,0.19999988993840997,0.19999977249820997
974,e2b323b183e32b998790ad4c45037b486fc226ba237e581f045f775a5dd467c6,Downy-Mildew(240),2,0.9999999999998584,0.20000007833497613,0.20000009525367804,0.20000014129452148,0.19999989733315915,0.19999978778366523
975,7e839eefd4eabe672b11ae8816f975660e218cf3aa5bea3bcc46d84fb9918e82,Downy-Mildew(240),2,0.9999999999999278,0.20000005577666255,0.20000006782800672,0.2000001006073324,0.1999999268980326,0.19999984888996578
976,b3cccd80ebd6d992aabc70dc4519b907930cef3dff499fab325233113d3a9bec,Downy-Mildew(240),2,0.9999999999998997,0.20000006587368102,0.2000000801072699,0.20000011882967642,0.19999991365727732,0.19999982153209528
977,40da00703b7ca1266572663e30fa758c07a4023a9929333ecb2bbed18f47a9d7,Downy-Mildew(240),4,0.9999999999999453,0.19999995146630917,0.19999994098165677,0.19999991246424415,0.2000000636041222,0.20000013148366771
978,93e84505b9d490ea3581027bbe525aacf0424f44eb947c8456077d821b812ca9,Downy-Mildew(240),2,0.9999999999997602,0.20000010199675744,0.20000012402874845,0.20000018398300237,0.19999986631518787,0.19999972367630378
979,5160070a4765869fadaef4d10ce54f112e32e2cdac535a1c7a80a39bd8285158,Downy-Mildew(240),2,0.9999999999997471,0.20000010478508198,0.20000012742104722,0.20000018900837438,0.19999986266423397,0.1999997161212624
980,2de94faf739b41a3271c75442546be6149680e2309affe05129c2d38e2c6fb5d,Downy-Mildew(240),2,0.9999999999998166,0.2000000891897985,0.20000010845463007,0.20000016087404746,0.19999988310669486,0.19999975837482897
981,af4e37a3f29e52a622c5b60131f8e2a6729ddf63d139d07804c85bf531205541,Downy-Mildew(240),2,0.9999999999997676,0.2000001004389793,0.20000012213674306,0.2000001811647245,0.19999986836383646,0.19999972789571674
982,9711a470b5acd2330df1b54841e34e69857d778c47eddd6b0a3f9d2b0677aac7,Downy-Mildew(240),2,0.9999999999999869,0.20000002335022146,0.20000002839518313,0.20000004212200428,0.19999996939367878,0.19999993673891237
983,423c323596e988457e5ed44891b05a08eb1de9e5f4699edec4a454c7ff36ce35,Downy-Mildew(240),2,0.9999999999998783,0.20000007260539143,0.200000088287362,0.20000013096088046,0.1999999048418563,0.19999980330450973
984,37c26e63b8504fa88d41db8a1bc6013b67c9a8b924a2b74d3d71c54ac43bd4fc,Downy-Mildew(240),2,0.9999999999999866,0.20000002357297386,0.2000000286700798,0.20000004251442796,0.1999999691097959,0.19999993613272257
985,6785f8bea293ff18714eb44c7319e21e1684e1eaf34a430e9d9c0dee68d472f7,Downy-Mildew(240),2,0.9999999999999017,0.20000006513458835,0.2000000792005945,0.20000011749769114,0.19999991462339856,0.1999998235437273
986,2b5bd6de7802984d0c52beff4282e606067158094e31ef1f83659281186b866d,Downy-Mildew(240),2,0.9999999999999686,0.20000003658730886,0.20000004449581377,0.20000006598707226,0.19999995205438414,0.19999990087542102
987,b80cbcb4e4aece0b0cd1044d3b7c111e3ee203e1d8f4b6017641cf672e924f14,Downy-Mildew(240),2,0.9999999999997703,0.2000000998786094,0.2000001214520605,0.20000018016653698,0.19999986908793044,0.19999972941486266
988,cc23e1ace07d53fdcceb12059bded907a1a15e2a7652d701d8b5bc3b420a5c5a,Downy-Mildew(240),4,0.999999999999978,0.19999996958133814,0.19999996301051992,0.19999994514294175,0.2000000398593883,0.2000000824058119
989,2cddd520cb1ddfa6a5b1820470cfbf00e9f860a71f75da8cc9c3779447e19613,Downy-Mildew(240),2,0.9999999999999384,0.20000005149051606,0.20000006261789213,0.20000009287293738,0.19999993251850848,0.19999986050014595
990,d2fec175bf95629ab42d4174264fa77757547748a9220fcf2567d09c94661e34,Downy-Mildew(240),2,0.9999999999999243,0.20000005717941466,0.20000006952567273,0.20000010313832692,0.19999992505728617,0.19999984509929947
991,38ed20ed607036c32249fef94befc6d2ad5b970268f93bdc078a9c09074fbd24,Downy-Mildew(240),2,0.9999999999997965,0.20000009396302906,0.20000011425476755,0.20000016948480356,0.19999987684909737,0.19999974544830254
992,c65161d3dda39e43f8c42524bd39ad5df87677b38d7b366cec2238cf5598ffcf,Downy-Mildew(240),2,0.9999999999998892,0.20000006922423147,0.20000008417131648,0.20000012485708343,0.1999999092762497,0.19999981247111892
993,338626519f30c9c835b621c8009f98913c800a5dad38276723802d047d76d7ea,Downy-Mildew(240),2,0.9999999999999394,0.20000005101865956,0.200000062035527,0.2000000920364581,0.19999993312386424,0.19999986178549106
994,9c8ba65d2c65b8906665a181ed906b7f01bd097a1de4c3b49ab35b9c0dc4c78b,Downy-Mildew(240),4,0.9999999999999828,0.1999999730886177,0.19999996727675368,0.19999995145378174,0.20000003527478336,0.20000007290606356
995,81a52fa77590cc2af1c931ff2d6e2578c237e1f363860231b3f78f602d752d40,Downy-Mildew(240),4,0.9999999999999769,0.1999999689159033,0.1999999622019018,0.19999994393879927,0.20000004073460034,0.20000008420879511
996,77dcaaec4dac1c3e1df5d834b7c370c7c80c5aae8411afa1f0136f6db8744a76,Downy-Mildew(240),4,0.9999999999999831,0.19999997349790996,0.19999996777353377,0.19999995219920894,0.2000000347326538,0.20000007179669352
997,56d08145471a24760cceab6931ac05141a2ce4e400e9b41d516c674362a7973c,Downy-Mildew(240),2,0.9999999999999484,0.20000004708774907,0.20000005726434567,0.20000008493469737,0.19999993828643137,0.19999987242677655
998,af817257855c57845d69b7fb7921da96fe2b4d1d65e54cbe0f05a7d26a689480,Downy-Mildew(240),2,0.9999999999999925,0.20000001733358347,0.20000002108145196,0.20000003126483476,0.19999997728339508,0.19999995303673465
999,9f2e36c2c4173ef6f0ccdd0be84e832de40906908215ab2c5fcae48987afa0f8,Downy-Mildew(240),4,0.9999999999999689,0.1999999636289189,0.19999995577067448,0.1999999343801888,0.20000004768053425,0.20000009853968367
1000,b1c92c1d30bdfc7240658e7cbb4886dbab3308935ed37d1a729969a6accc23b1,Downy-Mildew(240),4,0.9999999999999892,0.1999999790975123,0.19999997458406227,0.19999996228865866,0.20000002740226897,0.20000005662749779
1001,639d5490d8fda38704deeb444672273696b9215a39c6b52d50ff73ac52e70708,Downy-Mildew(240),4,0.9999999999999967,0.1999999895363106,0.19999998727768095,0.19999998110060407,0.2000000137340242,0.2000000283513801
1002,c3cf843c82f0a6c5c8b0ba2de5fdf1f50da62dba7b552e134ca454b994ce1910,Downy-Mildew(240),2,0.9999999999998977,0.20000006647973992,0.20000008084430368,0.20000011990700567,0.19999991287516442,0.19999981989378635
1003,20bce13bd9e558e160bb72eb47444947a293f6309967bcfae144864a9be89f29,Downy-Mildew(240),4,0.9999999999999993,0.19999999852702824,0.19999999821274828,0.19999999730699053,0.2000000019591801,0.20000000399405285
1004,37e71e6fb1fc7903e32a7c680433ff6f7a9af1bc02d2d25fc28563d340e2b5ce,Downy-Mildew(240),4,0.9999999999999726,0.19999996571750633,0.19999995831344977,0.19999993815340608,0.20000004493922444,0.2000000928764135
1005,c2dd31782a73b593f1d2cfd24720d1e431f54f771304224f10f9dc2346c611ad,Downy-Mildew(240),4,0.9999999999999966,0.19999998894959392,0.19999998656476237,0.19999998005969907,0.20000001448972368,0.20000002993622082
1006,3acdb4ed775b5e7b12284acb0f8a198809b54dfd58eac95d14be5f15190265bb,Downy-Mildew(240),2,0.9999999999998638,0.20000007684272605,0.20000009344168748,0.20000013858856458,0.19999989930052914,0.19999979182649277
1007,d63ed516e3bc0f9fa0b9df9bae206c5504bfa3db1d11dca9e6781190eed8fc95,Downy-Mildew(240),2,0.9999999999999399,0.20000005081515312,0.20000006178998553,0.2000000916669804,0.1999999333928474,0.19999986233503347
1008,c351bffa12233bb49352c2a1bcc8ae255553d0b15e7700df69f5f367c5c7019c,Downy-Mildew(240),4,0.9999999999999984,0.19999999406022767,0.19999999278154795,0.1999999892625288,0.20000000780395685,0.20000001609173873
1009,16c1cfd8d7b39cacd221fe66431f8b62350e044ad13262e6ccb26ea7341425e4,Downy-Mildew(240),2,0.9999999999999766,0.20000003145053105,0.20000003823861814,0.20000005672349022,0.19999995878308682,0.19999991480427387
1010,6f8f7ee14cfa7865f1f88be6219e9d5b5f441361f9028017f7c0ad9b7e98b438,Downy-Mildew(240),4,0.9999999999999754,0.19999996756237906,0.1999999605550824,0.1999999414894727,0.20000004251445858,0.20000008787860732
1011,4a1dd21ca21ed116f6617d38a960b65ced638513008d48913a564ab03dab1929,Downy-Mildew(240),2,0.999999999999926,0.20000005660404085,0.2000000688318411,0.20000010207803032,0.19999992582990078,0.19999984665618706
1012,43042355de5b8e61ac680d99c7652add940cf130a05d3b8b6ea70c70ce9ce22c,Downy-Mildew(240),4,0.9999999999999637,0.19999996054565927,0.19999995202538876,0.19999992881428733,0.2000000517258123,0.20000010688885225
1013,bf3a7bba577710e1ded6941367dd8c6ac0ece0c4845c6d7f991b983be23d3b6a,Downy-Mildew(240),4,0.9999999999999694,0.19999996385263508,0.19999995604452733,0.1999999347787657,0.20000004739152363,0.20000009793254833
1014,7125b45aeffde9fbb61d73e617dceffd4da7420783b434ece37ddea597530bc3,Downy-Mildew(240),2,0.9999999999999993,0.20000000143693294,0.20000000174484958,0.2000000025997764,0.1999999981101472,0.19999999610829383
1015,2e437064a8f085f257ad6ac28d7f242de3bfbe93ebb82aeb0a1ef636be6507c3,Downy-Mildew(240),4,0.9999999999999866,0.19999997639732867,0.1999999712980671,0.1999999574161931,0.20000003094224417,0.20000006394616696
1016,32e5d52aeb545f58583c52eda99138cb30df1b1afe5654106820fb991f820cf9,Downy-Mildew(240),4,0.999999999999988,0.19999997766427055,0.19999997283827567,0.19999995970750026,0.2000000292770028,0.20000006051295086
1017,61062d11e349e741fdddf75ef885dbba83205a76893e4c081dabc459944e22df,Downy-Mildew(240),4,0.9999999999999544,0.1999999557461106,0.19999994618584283,0.1999999201702903,0.20000005800538484,0.2000001198923715
1018,7a2c1826107033369530f1c0b8a6541fdf6dd59855da9db3f339d0c772a0e475,Downy-Mildew(240),4,0.9999999999999819,0.19999997243726456,0.19999996648200824,0.19999995028160011,0.2000000361258221,0.20000007467330494
1019,0063ab3704a1770eb499b76da220cfb3f64da46c0f8e52cac7d9681428eaeba2,Downy-Mildew(240),4,0.9999999999999506,0.19999995392526998,0.19999994397523585,0.19999991688034255,0.20000006039688875,0.20000012482226287
1020,66b9431f9b4427ed77aa1c85f7c138567633ed14bd8046f9e5146be67ccfff4c,Downy-Mildew(240),4,0.9999999999999919,0.19999998187368337,0.199999977957994,0.19999996729247288,0.20000002376622428,0.20000004910962535
1021,7f42b3d86b773e1ae065b3a400346abb09dba2acfaeace13850bfa9d3564fe1c,Downy-Mildew(240),4,0.9999999999999668,0.19999996230478495,0.19999995416227231,0.19999993200229138,0.20000004940823637,0.20000010212241498
1022,9cf6af36699b422e05b2564e1aa5c3f9b10ac71a7d44e7100bb91b3ba3ae7da2,Downy-Mildew(240),4,0.9999999999999811,0.19999997180687035,0.19999996571715326,0.19999994914403715,0.20000003695276694,0.2000000763791722
1023,9f58490614d7cb9eb6a66608e9f4402fc4916b1070840521f5ae4664550bb9ff,Downy-Mildew(240),4,0.9999999999999759,0.1999999679267737,0.19999996099720635,0.19999994214344685,0.2000000420392207,0.20000008689335227
1024,eae3c3d1b609707a134e4ab1b2b2bd667d9ee7a929bd01fbe5824524d1958c0b,Downy-Mildew(240),4,0.9999999999999574,0.19999995721704256,0.1999999479753285,0.19999992281355816,0.20000005608536717,0.20000011590870354
1025,e29e3b624dd8c1e06b7b3d9d9e1a6c447e9524968cf0b8cab7a86342106eeb1b,Downy-Mildew(240),4,0.9999999999999649,0.19999996130144643,0.19999995294157122,0.19999993018883086,0.20000005072596458,0.2000001048421868
1026,d347470d11464fbacd332f4c7d45413b3020d55b8c4f1ef2a84dc245228e6b16,Downy-Mildew(240),4,0.999999999999978,0.19999996945924098,0.19999996286108582,0.19999994490826584,0.2000000400303333,0.2000000827410742
1027,6b58cfa15190cf3e8c95dc5c5d07bd813c705a69b6ae95cac180c80df0b8597b,Downy-Mildew(240),4,0.9999999999999748,0.19999996738344253,0.19999996033600745,0.19999994116534178,0.20000004274973207,0.20000008836547614
1028,c4041d6084d67693c264553bff93634d9930471d430ae59c5746fb74bfc72e4f,Downy-Mildew(240),2,0.9999999999999698,0.20000003588757717,0.20000004363613902,0.20000006475227686,0.19999995294856962,0.1999999027754373
1029,e1957d0c1b716e723a44eb0f60ca497a09b2738df1677f349b1175adde5966ef,Downy-Mildew(240),4,0.999999999999963,0.19999996014161853,0.19999995152988376,0.19999992809478628,0.20000005224734738,0.20000010798636422
1030,4591e7df3b0f93b90dd283c51e775ae7463e3547e63cc39b5c31ac3031c50636,Downy-Mildew(240),4,0.9999999999999765,0.19999996828048697,0.19999996142761517,0.19999994278449768,0.2000000415733629,0.2000000859340374
1031,9a18bc39941f2cf4245451ad88440acae3bdffa977cb9aea04a32fae5190f7df,Downy-Mildew(240),4,0.9999999999999806,0.19999997128322453,0.199999965079766,0.19999994820220554,0.20000003763686636,0.2000000777979376
1032,b818689704e68a6b3743f1e3aeec94270e837c3aeccf7c2868a60bb19ee32152,Downy-Mildew(240),4,0.9999999999999897,0.19999997943608658,0.19999997499184352,0.19999996291073102,0.20000002694896823,0.2000000557123705
1033,8d6bc9561b7cb46fbd6e550a0740c0c17f46da734a55ac5d9479467d8eafcee5,Downy-Mildew(240),4,0.9999999999999734,0.1999999664217614,0.19999995916971386,0.19999993942133715,0.20000004401801424,0.20000009096917334
1034,ce601e327a9293da71c393ba081443d9139483ac9ca95d328165809e3900e59a,Downy-Mildew(240),4,0.9999999999999988,0.19999999489831527,0.1999999937924548,0.1999999908071556,0.2000000066784583,0.20000001382361612
1035,dc9943773f3952798c6d79722ffc4b6c1073356bd9c83d824409eb40aa816c46,Downy-Mildew(240),4,0.9999999999999885,0.199999978116235,0.1999999733868464,0.1999999605252509,0.2000000286824962,0.2000000592891715
1036,e1e3f5ff3f7c47c5009dda515ddb6d228ddd39a7c2b2e58a85a88c293b1464c1,Downy-Mildew(240),4,0.9999999999999584,0.19999995775145202,0.19999994862538603,0.19999992378366596,0.20000005538025134,0.20000011445924462
1037,56005f1c1a2a23081f2481989388d77d52272c62b98e0cabe83e30f0da4c433e,Downy-Mildew(240),4,0.9999999999999888,0.19999997859319116,0.1999999739655208,0.19999996138815176,0.2000000280551083,0.20000005799802792
1038,7416d51b115a76f4d2fb2692bb9bfd7841fb169ce0486ab4b8dd6a47f34b6270,Downy-Mildew(240),4,0.9999999999999756,0.1999999678211512,0.1999999608693191,0.19999994195340726,0.200000042177396,0.20000008717872653
1039,6ca5bcfacf4b7f5e766392a381a5f4d4ac7ca0775f988ab187af2407c0796fbe,Downy-Mildew(240),2,0.9999999999999709,0.2000000351626956,0.20000004275594407,0.2000000634468916,0.19999995389725544,0.19999990473721327
1040,154be311b5560dd9933f7a47e4ecc0bfd1d24b2747e0ba2ffea46c0ac0d4448a,Downy-Mildew(240),2,0.9999999999999971,0.2000000098085604,0.20000001192309488,0.20000001770479872,0.19999998713406614,0.19999997342947992
1041,571147fc370cf3479c5a31b6184e9408e98b9d34d4dcff3c5ef2818eb7260287,Downy-Mildew(240),4,0.9999999999999968,0.19999998935233212,0.1999999870539678,0.199999980801904,0.20000001394960623,0.20000002884218976
1042,a6d5befead8acfcc039379e2a51ea80be5b13e7b604e778fbd62e51fff171336,Downy-Mildew(240),2,0.9999999999999859,0.20000002408046708,0.2000000292873988,0.20000004343487718,0.19999996844078458,0.1999999347564725
1043,255ecafb743c9fb79506a5b19385c60f195f0fac57ec15941b66b4825a672f4d,Downy-Mildew(240),2,0.999999999999999,0.2000000038522143,0.20000000468741902,0.20000000696148554,0.199999994941801,0.19999998955708007
1044,b66b4d3ebc6eaf054649753157abacdd8ab973032d6b82ed3e1836f85bcb503c,Downy-Mildew(240),4,0.9999999999999927,0.1999999829251894,0.19999997923474097,0.19999996920797738,0.20000002237316605,0.2000000462589262
1045,277b76deb2985979633fb6f11fcd8e3c63d3346f07806f83e4bc2d6520640ae1,Downy-Mildew(240),4,0.9999999999999797,0.19999997077445633,0.19999996446131826,0.19999994727745588,0.20000003830917204,0.20000007917759746
1046,f6b38d03017edea3bb0e8c92e8443b8f07f360df783215cc214c3d1633b3a857,Downy-Mildew(240),4,0.9999999999999704,0.19999996444090365,0.19999995675987248,0.1999999358574609,0.20000004660694407,0.20000009633481888
1047,dcaa828dd7935102f4cf00b55fface14773b87acbc7cd5b6453e6704a76e138a,Downy-Mildew(240),4,0.9999999999999992,0.19999999702128546,0.1999999963767774,0.19999999462144002,0.20000000390818493,0.20000000807231222
1048,9eefd9be93a4cbdf71a42e1710549c502dd8a73afb68bb30238c115dc3703420,Downy-Mildew(240),4,0.9999999999999881,0.19999997789233645,0.19999997311402748,0.19999996012779206,0.20000002897088476,0.2000000598949593
1049,72dcfe89acf0f172913eca284e0ea9498ace2b41d1b1c96c00a39ca9034602c9,Downy-Mildew(240),4,0.9999999999999977,0.19999999122635062,0.19999998932949628,0.1999999841802423,0.20000001149426008,0.20000002376965084
1050,f97e5043a8f8ea74c4211cea85bcf362dbaec0cbd8da08e758826e03d14f222d,Downy-Mildew(240),2,0.999999999999948,0.2000000473182924,0.20000005753610584,0.200000085378349,0.19999993796108537,0.1999998718061674
1051,2bdd6daf060798195e01bb1c24e78a54f2237330637069f5308e149c5a367783,Downy-Mildew(240),2,0.9999999999999819,0.20000002757369295,0.20000003352477153,0.20000004975030322,0.19999996384912372,0.19999992530210842
1052,268b09fa31d86fb86f3beef92789a1af664eac77ad87f887fbe9cb23cd8c58d6,Downy-Mildew(240),2,0.9999999999999175,0.20000005974624505,0.2000000726492962,0.20000010778024824,0.1999999216843539,0.19999983813985667
1053,55696454c7508a8a9d9997dd60de99186b3ac17b26d02338ed938d102c702b0a,Downy-Mildew(240),2,0.99999999999998,0.2000000288934913,0.20000003513793635,0.20000005212664043,0.19999996212435348,0.19999992171757844
1054,8e23d123ad150b72cba4049b7278db40df2114c042a7e59c2c20be7d93cc3541,Downy-Mildew(240),4,0.9999999999999952,0.19999998631800212,0.1999999833598546,0.19999997533138983,0.20000001792352448,0.2000000370672289
1055,6fa8f7789a232c59037e0110d42e9ec0813bd063697c52ece2efbcd48a8d701d,Downy-Mildew(240),4,0.999999999999962,0.19999995966035045,0.19999995094722145,0.19999992723363683,0.20000005287326575,0.20000010928552567
1056,146047d3d0880e12af4a2861d0ab41397dcdd9bad167eb172b7da45bcba590c7,Downy-Mildew(240),4,0.999999999999962,0.1999999596716749,0.19999995096327586,0.19999992725212948,0.2000000528604004,0.2000001092525194
1057,c84bc327d02869d8ca448cddb8315657f98fb5e70d6c9d32a5451bbd151d08f2,Downy-Mildew(240),2,0.9999999999999993,0.2000000012913309,0.20000000156845987,0.20000000233540924,0.19999999830241993,0.19999999650238012
1058,86cb1ccf5544262b59a819ca758b3d8ae9faa6bf5ae8cb0860a8bfc3bc805d14,Downy-Mildew(240),4,0.9999999999999947,0.19999998555706078,0.19999998243525455,0.19999997396184724,0.2000000189186696,0.20000003912716788
1059,b7c1a388b10cd3d10096430c69c90a704447f92b9ca9cfe981e6915f35786f77,Downy-Mildew(240),4,0.9999999999999891,0.19999997886414408,0.19999997429682087,0.19999996188570265,0.2000000276935715,0.20000005725976086
1060,70e9da8060af1537ce59d38566cadb7ab3371fec0a905049e8ec255846df663e,Downy-Mildew(240),4,0.9999999999999919,0.19999998179747394,0.19999997786500343,0.19999996716792,0.20000002385606339,0.2000000493135393
1061,4b8b3d0b4a3e27dcc0a3c1bf99b037eb8df17c96eaf4d9f10d960af10f4e090c,Downy-Mildew(240),2,0.9999999999999453,0.20000004857984363,0.2000000590731255,0.2000000876570779,0.1999999363057979,0.19999986838415507
1062,0c5879c24eb8a0712fdf8eda6eed9d84384ad35adce800f709b41bb856ed0edc,Downy-Mildew(240),4,0.9999999999999956,0.19999998703385236,0.19999998423062634,0.1999999766253083,0.20000001698330233,0.20000003512691072
1063,cf4823f405e22f26fd8df5527c08c5b890710cc8e46025cfc73e22eaa600533e,Downy-Mildew(240),4,0.9999999999999879,0.1999999774867265,0.19999997262258962,0.19999995939705123,0.20000002950218046,0.20000006099145223
1064,c2b7e5ff1a7668f7c39c7d621cdde2221d509564996ba0d797fae6ec63336978,Downy-Mildew(240),4,0.999999999999999,0.1999999975368929,0.19999999700405063,0.19999999556029882,0.20000000322565412,0.20000000667310353
1065,dc57bd5a597b20462d111cb20fc267991e8acf8878eb51ddb5b5c9eb815e7324,Downy-Mildew(240),4,0.9999999999999702,0.19999996431581246,0.1999999566088538,0.19999993563111856,0.20000004677165828,0.200000096672557
1066,58fc201d1ce49e0dbf0a5007bc744faeb171e5821786ff0ed6ec3a421911b73a,Downy-Mildew(240),4,0.9999999999999746,0.19999996712841542,0.19999996002809745,0.19999994071164345,0.20000004307957725,0.2000000890522664
1067,c14d1cf2a3589954d0816d7341a8d6984bdd81ddf758e3a71a652a023aadfa32,Downy-Mildew(240),4,0.9999999999999987,0.19999999443799113,0.19999999323760564,0.19999998996300627,0.20000000729344272,0.20000001506795426
1068,5e53c1ec9a9ee9372374f163bce599cef3c54b8fd55285ca6fd9e266da537b06,Downy-Mildew(240),4,0.9999999999999941,0.1999999846230808,0.1999999813001728,0.19999997227180152,0.2000000201470424,0.20000004165790253
1069,5761dfd129478637352ff2073e54635ba4db4da0e8b87b967805d924d78398b0,Downy-Mildew(240),4,0.9999999999999981,0.19999999227295695,0.19999999060321005,0.19999998607672306,0.2000000101160795,0.20000002093103048
1070,1cce0a3294ca026de8a7e084ab4133fcc151d140de1e7a72fc57782210c92653,Downy-Mildew(240),4,0.9999999999999993,0.19999999981638109,0.1999999997770102,0.1999999996935173,0.20000000022169412,0.2000000004913972
1071,dac86bbb711d5a4ca2670b2e6879efd9db792f963538ad25d9bcc8c842f704a9,Downy-Mildew(240),4,0.9999999999999993,0.1999999995938862,0.19999999950643882,0.19999999929753748,0.20000000050918096,0.2000000010929565
1072,c14559f878ec55276f6f1c6feb8b4a7e87a907ebc66bcfdec6bfaf00b1c968b0,Downy-Mildew(240),4,0.9999999999999961,0.19999998841581423,0.19999998591185533,0.19999997911873396,0.20000001517166976,0.20000003138192676
1073,f0ae6ec69b5ed343e0ea45e3805b1eb425f95e4123d0b65c0e19458fa3e29873,Downy-Mildew(240),2,0.999999999999907,0.20000006344571808,0.2000000771516556,0.20000011446446408,0.1999999168277948,0.19999982811036754
1074,b5d44e7c2665ece2ec693a3ee79399665a6902269671d604d05b9f96b62bfdc7,Downy-Mildew(240),2,0.9999999999999888,0.20000002160795424,0.20000002627726496,0.20000003897193483,0.1999999716830486,0.1999999414597974
1075,053463762eb114c277420c006fb95f0c8df9afedd2bad3daf2b253260ce23c0e,Downy-Mildew(240),4,0.999999999999992,0.19999998211903736,0.19999997826149293,0.1999999677339971,0.20000002344651022,0.2000000484389624
1076,40f1b20a14dd2e3f3617bdd3025470f394318f00fc5ccee2e7e9034cf54fd2da,Downy-Mildew(240),4,0.999999999999959,0.1999999581438066,0.1999999491080695,0.19999992449256102,0.2000000548662464,0.2000001133893165
1077,95abd87645705f6371feaaece27013b5a0f95ebe1017be91eaf1060ea3996a63,Downy-Mildew(240),4,0.9999999999999717,0.1999999652967834,0.19999995780386184,0.19999993739816244,0.20000004548823597,0.20000009401295632
1078,9af9c0fdc11e3c654758ad260f0de51bc5701c3c80564b65af2ebb4ab66dcd5f,Downy-Mildew(240),4,0.9999999999999862,0.1999999759987436,0.19999997081855447,0.19999995669400006,0.20000003146822737,0.20000006502047452
1079,fe4cff011f3e074645093aeb35bd9b28f0bb109f7fd3afda246559edd895570b,Downy-Mildew(240),2,0.9999999999999453,0.2000000485902957,0.2000000590890116,0.20000008763035337,0.19999993632787796,0.1999998683624614
1080,fe7c891e43247963487fa68e2a4c903408ffa21c08d2750ca81c386359f100b1,Downy-Mildew(240),4,0.9999999999999973,0.19999999057282736,0.1999999885368296,0.19999998297686722,0.2000000123701566,0.20000002554331925
1081,97f4ed7610f9635eeb0b8e0970f72a48d30e8650e2dec935af27f61064272e64,Downy-Mildew(240),2,0.999999999999999,0.2000000041122836,0.2000000050083726,0.20000000739710275,0.1999999946277067,0.1999999888545343
1082,94094cb4e7ec30cf85caed3fc5bb1b1cd5ddbc0d148e829759d0d7357015d3c1,Downy-Mildew(240),2,0.9999999999999384,0.20000005148910607,0.2000000626143344,0.2000000928520768,0.1999999325340766,0.19999986051040608
1083,b444c2140656e33f6a6b3f1144c7b5aba6271f64c56f92271ad9fedd36dbee33,Downy-Mildew(240),4,0.9999999999999662,0.19999996195656902,0.19999995373678833,0.1999999313834349,0.2000000498570788,0.20000010306612898
1084,cddd5cc7b1b31f686a72b7a29953ee9dda284ae72b0378f2b9dc0f4d244c9e67,Downy-Mildew(240),2,0.9999999999999881,0.20000002223064464,0.200000027039672,0.20000004008049815,0.19999997087925003,0.19999993976993521
1085,2c0d24506c482e15c8e92fa67cee3469fe48421715fa8b85f8449294166193a7,Downy-Mildew(240),4,0.9999999999999581,0.1999999577222359,0.1999999485932794,0.19999992371969535,0.20000005542791705,0.20000011453687228
1086,ee06be071166f894254c6e870bdc36af26645e837104356e6e46468c436f00ca,Downy-Mildew(240),4,0.9999999999999897,0.19999997943649975,0.19999997499505823,0.19999996290136987,0.20000002695677158,0.20000005571030047
1087,dd55b36c86ef259fcd4a8395faec9db7bc5e88a9335fd914c398d89900fa0ce3,Downy-Mildew(240),4,0.9999999999999609,0.19999995915896104,0.19999995033952897,0.1999999263200573,0.2000000535379002,0.2000001106435525
1088,f79fda196268c79e9a6a09f556eefe839d5a38ca9ff4e224864a3b3beb13e731,Downy-Mildew(240),4,0.9999999999999682,0.19999996326421077,0.19999995533568615,0.19999993371664251,0.20000004816468606,0.20000009951877454
1089,4d7d9faec909317fb4be9c770c778e47a948d08fdb8f51c490b305678586e11a,Downy-Mildew(240),4,0.9999999999999957,0.19999998732010213,0.19999998458632243,0.19999997711464754,0.20000001663048653,0.20000003434844152
1090,0d41ebfcdf025871c495f4f2b1ab44981c26c17550299db7a5d6260e38ce5b4d,Downy-Mildew(240),4,0.9999999999999984,0.19999999372718533,0.19999999237312743,0.19999998870136237,0.20000000820924455,0.20000001698908035
1091,56d71ff109f7fc2e2e5c9ed0a1cce934bd0bc8a24bc27953da75a66d7a0e359a,Downy-Mildew(240),2,0.9999999999999845,0.20000002550877807,0.20000003101204702,0.20000004603730234,0.19999996654616117,0.19999993089571144
1092,48dfddd929fa6db3c3e0ae8d2d608737d0e46da0aa8d1b55547ee7a40dd8f511,Downy-Mildew(240),4,0.9999999999999936,0.19999998396481117,0.19999998050006484,0.19999997109134446,0.2000000210045662,0.20000004343921338
1093,12d67aa993302a328f4cd8d12e88e42c79de96688e993f0686fb01367a1655b3,Downy-Mildew(240),4,0.9999999999999927,0.19999998280016362,0.19999997908323747,0.19999996899394135,0.20000002252829632,0.20000004659436124
1094,7b696c83106ee8b49c76131cc099568ac685c8df1fcffa012f4bc63d5986ab72,Healthy-Leaf(1399),4,0.9999999999999956,0.1999999872272109,0.19999998446436815,0.19999997697133748,0.20000001673169546,0.20000003460538798
1095,fd06463e1fb869145c28afc106fde4dd3cd678da3de385b2b8587c793e9151dd,Healthy-Leaf(1399),2,0.9999999999999393,0.20000005112607205,0.20000006217251404,0.20000009221338436,0.19999993299737331,0.19999986149065624
1096,20e15ca66aa00bd4b001fc8d553f90e1415e84d5c831a945533f18e9035bfba4,Healthy-Leaf(1399),2,0.9999999999999044,0.20000006428281564,0.20000007816607313,0.2000001159744576,0.19999991572989165,0.199999825846762
1097,81a84d48596ce27e2070da9c98f2ea79e526355ad3905e1aa9812263bcb043bd,Healthy-Leaf(1399),4,0.9999999999999742,0.19999996699440387,0.19999995986769167,0.19999994045781677,0.20000004326506418,0.2000000894150235
1098,01489f046347e459f2baf1698804f857e6feb56052530855568db1d36a4c9d01,Healthy-Leaf(1399),4,0.9999999999999556,0.19999995637703363,0.19999994695766743,0.19999992130553815,0.20000005718156655,0.2000001181781941
1099,7079d52f524fe9bcb691cc89099a25d20d2dccd9698027af407672ba29cc6215,Healthy-Leaf(1399),4,0.9999999999999778,0.19999996935494851,0.1999999627408708,0.19999994470854024,0.20000004017731346,0.20000008301832692
1100,42c89a2cf31e2db934f54c84efbc66ba3f801dc807123062bf4641a3ce4bcf04,Healthy-Leaf(1399),4,0.9999999999999636,0.19999996054161268,0.1999999520232379,0.19999992882289158,0.20000005171942242,0.20000010689283543
1101,d2ad4c466b8b985d6a08c20c41ae5aba2aa9a8823c06cea396355928dc50d39e,Healthy-Leaf(1399),4,0.9999999999999587,0.1999999580016311,0.19999994893706208,0.19999992422997478,0.20000005505770954,0.2000001137736225
1102,8e3eaaad938da9ebd423b64161fe42c068780e8e3ee359c8264bc65cc3512f3f,Healthy-Leaf(1399),4,0.9999999999999267,0.1999999437517483,0.1999999316078731,0.19999989852709518,0.20000007373348488,0.20000015237979865
1103,51a43a00ace00253531e2d3b22db82371c8a866752b5c6dd54b534501fdddde7,Healthy-Leaf(1399),4,0.9999999999999636,0.19999996052957772,0.19999995201020737,0.19999992879284226,0.20000005174196903,0.20000010692540354
1104,35c3e9d16c9aba6451dfd9f8162dbdf842938457adf52a5c34d1cb0c4accb71c,Healthy-Leaf(1399),4,0.9999999999999416,0.19999994989136935,0.19999993907308183,0.19999990959821207,0.20000006568907194,0.2000001357482648
1105,8567c4e3272fe6575101bc4d54fd164340311d36095c58ec19011a14f1f79c95,Healthy-Leaf(1399),4,0.9999999999999596,0.19999995845380292,0.19999994948376135,0.1999999250498235,0.2000000544611531,0.20000011255145914
1106,1888c55cedb149199f767f63ab0d333f465e34184fdf33c27138a3a430e3385b,Healthy-Leaf(1399),4,0.9999999999999611,0.19999995917366967,0.19999995035776388,0.19999992635026156,0.20000005351585934,0.20000011060244555
1107,7aa577cf8439dbb875a40cc22667125b5faf6bfe78ddc9045d0d43efb3c71c98,Healthy-Leaf(1399),2,0.9999999999999374,0.20000005189037354,0.2000000630965725,0.20000009361455787,0.199999931977141,0.19999985942135504
1108,b26bc52754dbfbccaf9896b1b75ec73151097f3b95ef66397704362760bb29be,Healthy-Leaf(1399),4,0.9999999999999595,0.1999999583088038,0.19999994930780418,0.199999924789995,0.20000005464993845,0.20000011294345862
1109,8b508f11b30b3168c6571f74d0439d2dbc1dcece4fa6caf97e1529765bf6aa58,Healthy-Leaf(1399),4,0.9999999999999524,0.1999999548158634,0.19999994505909796,0.1999999184851188,0.2000000592310773,0.20000012240884246
1110,f86d298c5ab6778afbbec5c4619137ccf214fa985413ba341e8af4891e786bbf,Healthy-Leaf(1399),4,0.9999999999999952,0.19999998665763447,0.199999983776958,0.19999997591386395,0.2000000175024727,0.20000003614907094
1111,db17b2a53e7e390aec2400bf3c27f2bf5f808d2f4250c1c714543905a38a16a5,Healthy-Leaf(1399),2,0.9999999999999132,0.20000006122426056,0.20000007445209614,0.200000110409277,0.19999991977684578,0.19999983413752045
1112,00d9abb12735b0d0b81553468aeda36a5f7b562c772781d1f3668a12d9508227,Healthy-Leaf(1399),4,0.9999999999999947,0.19999998558875282,0.19999998247727635,0.1999999739996898,0.2000000188927598,0.20000003904152122
1113,27ea7fcca555c91ce66a4abc7cb0abaf70c8f548789e86730403905810d53817,Healthy-Leaf(1399),2,0.9999999999999801,0.20000002899968136,0.20000003526104237,0.20000005228487075,0.19999996200958797,0.19999992144481754
1114,23d04b24ca3f620b2900780ccb8d2f6ccc059cabb95904add89e79161b07c24f,Healthy-Leaf(1399),2,0.9999999999999852,0.20000002479504075,0.20000003014696097,0.20000004471544755,0.19999996750872656,0.19999993283382417
1115,2af57f2502f6eed99f3ab7f3e2f1f96ccedc3439b89ebdfdfac6d19691cddb33,Healthy-Leaf(1399),2,0.999999999999797,0.2000000938568563,0.20000011412976298,0.20000016929536701,0.1999998769875343,0.1999997457304795
1116,10d2c586d8e7b34051a213d73440c081a67b42b78f443e9bb708531db815c53e,Healthy-Leaf(1399),2,0.9999999999997374,0.20000010676782765,0.20000012982658824,0.2000001925818028,0.19999986006674272,0.19999971075703857
1117,6635148717e126d6f5462cfdcbff085acbd09df25aaafaf4346a71f7742eb46e,Healthy-Leaf(1399),2,0.9999999999999903,0.20000001969236356,0.20000002394605534,0.20000003550273251,0.19999997420404045,0.19999994665480816
1118,6a92186f2b4df77f52828b2aa0eebeef0615e4274b68a304596d873462677ade,Healthy-Leaf(1399),2,0.9999999999999761,0.20000003182154732,0.20000003869366462,0.20000005742837954,0.19999995827016256,0.19999991378624596
1119,b0ec38f605fa9389a2f7d82282890c06527acfedfd0326843c8f24ae48e03982,Healthy-Leaf(1399),2,0.9999999999999066,0.20000006357948402,0.20000007731063982,0.20000011468319467,0.1999999166690831,0.19999982775759836
1120,42427443b69e74bb4e17408ef71a9349a74ca785828bd96e1f6609d435780543,Healthy-Leaf(1399),4,0.9999999999999962,0.19999998845194836,0.19999998595429133,0.19999997916542747,0.2000000151382359,0.20000003129009694
1121,de44a4887f654e91b6669bb0c4b1fb34fe0e1e3c2e567704c491ae05d374d240,Healthy-Leaf(1399),2,0.9999999999999882,0.2000000219968051,0.20000002674822057,0.20000003967794586,0.19999997116943713,0.19999994040759136
1122,0dae84379ca3cff7eca14817b6f9b8ac468e5569882dc2739aa20624ec129deb,Healthy-Leaf(1399),4,0.9999999999999822,0.19999997259194877,0.19999996667495115,0.19999995054543657,0.200000035935799,0.2000000742518646
1123,444e7ce9c31892e61533867c8812bcfcc92b44c717b42e5a1ef6f0f72b31c7b7,Healthy-Leaf(1399),2,0.9999999999998813,0.20000007166110031,0.20000008713596684,0.2000001292535285,0.19999990608199594,0.19999980586740834
1124,2eba911c1de63a0e840fd42e803fad086690096f4f8dad3e8ae0c5aed39359f5,Healthy-Leaf(1399),4,0.999999999999992,0.19999998208876696,0.19999997822063187,0.199999967676776,0.20000002348737436,0.20000004852645084
1125,d85be618ee8f6f165a657eb0cbafe379a65a8a53d5c23ee1f3181de613ecea55,Healthy-Leaf(1399),2,0.9999999999999871,0.20000002326143665,0.20000002828634086,0.20000004194063725,0.199999969526228,0.19999993698535734
1126,bf88e37971a9877456f2ed566cc67486e5763c3d0f03a0e24f9b97457114a0a9,Healthy-Leaf(1399),2,0.999999999999949,0.20000004672040203,0.20000005681831823,0.2000000842478219,0.19999993878676967,0.19999987342668818
1127,041397c88fc026825ca2318314513e7a52f7fb9ffe7f0ec9e703dc60aec37e7e,Healthy-Leaf(1399),4,0.9999999999999992,0.1999999964553337,0.1999999956859801,0.1999999935980004,0.20000000465140952,0.20000000960927633
1128,e65378e9135386ab2fbf4237268288a388b95eb8ae31fd12dd51d45afded13e1,Healthy-Leaf(1399),4,0.9999999999999982,0.1999999926793833,0.1999999910931745,0.19999998678765213,0.20000000959961448,0.20000001984017568
1129,189e867d6c6a8761f7c9b338d2706283980fe0d430649506eab8ca7bf8bc63eb,Healthy-Leaf(1399),4,0.9999999999999597,0.1999999583749637,0.19999994938562096,0.1999999249224902,0.20000005455256123,0.20000011276436394
1130,1274e90b8d6e2ca1d57bf4193ebde3fc4f1853abeb5c1b9d7886d7adb459e51d,Healthy-Leaf(1399),2,0.9999999999999089,0.2000000627858996,0.2000000763478908,0.20000011324682304,0.19999991771346703,0.19999982990591952
1131,3fe18875bf5471c52f08fba36ffd6848d8115192936eb2983d33c9cf3b4091b0,Healthy-Leaf(1399),2,0.9999999999999631,0.20000003973716762,0.2000000483166981,0.2000000716772444,0.19999994791749132,0.1999998923513985
1132,1ef5a26f4a5d634b55c05dd894985fe75179ece83d7b82561fd542b5fb2b4074,Healthy-Leaf(1399),2,0.9999999999999902,0.20000002007294485,0.20000002440357767,0.20000003620725712,0.19999997369022074,0.19999994562599968
1133,1dff4e9bb2da4d5e2e67bbbe2366ccf110d4b9d14a009a0b326e2d256edcfbb9,Healthy-Leaf(1399),4,0.999999999999996,0.19999998778868536,0.19999998514764644,0.19999997796823027,0.20000001600815764,0.20000003308728034
1134,9bc6698f78527ff35ee05733849fa9c3a37d674c79c6f52790f1599f8617b912,Healthy-Leaf(1399),2,0.9999999999999739,0.200000033431273,0.2000000406463898,0.2000000602957572,0.1999999561872817,0.19999990943929838
1135,f4951ef62fb1993f3f380c94712356ace7e3d8977c406ca9326c2d89ec88fe95,Healthy-Leaf(1399),2,0.9999999999999171,0.20000005984004707,0.20000007276196988,0.20000010794203085,0.19999992156681665,0.19999983788913553
1136,bae6e2d8d69cae2aabd6f9b3572ac9ee9dc0b3f2471fdaaf4d091d99c2a75ee7,Healthy-Leaf(1399),4,0.9999999999999675,0.19999996265156744,0.19999995458571146,0.1999999326249093,0.20000004895632026,0.20000010118149167
1137,eedde74de9e5abeb1f6de496dd8637b239931206cdc794c37d343937b441516e,Healthy-Leaf(1399),4,0.9999999999999906,0.19999998056771204,0.19999997636697142,0.1999999649468829,0.20000002546949036,0.2000000526489432
1138,1fde66460f1dcad613dbce4ce60d8ad38043e0bfcb2f03f4a0315c9abc14b978,Healthy-Leaf(1399),4,0.9999999999999973,0.19999999091266218,0.19999998895772872,0.19999998359696897,0.20000001192086758,0.2000000246117725
1139,e7b126e43fc52f4c7e49c6f84e41a6c3dde354e0fda2878fca469841aead5232,Healthy-Leaf(1399),4,0.9999999999999947,0.19999998551258696,0.1999999823801288,0.1999999738706017,0.20000001898524034,0.20000003925144216
1140,738fc5d2ec7b0234d8936f5b4e2a5d0b0714ce3a2ac6e03375d519f44a41d76c,Healthy-Leaf(1399),4,0.999999999999984,0.19999997411471424,0.19999996852615987,0.1999999533187776,0.20000003391939766,0.20000007012095067
1141,eddd1ba7358ba59aa2ad27e13e95b912577e5c7ef360bf10eb8b06b305dbdbb5,Healthy-Leaf(1399),2,0.9999999999999982,0.20000000701042,0.2000000085292358,0.20000001263177714,0.19999999082313943,0.19999998100542757
1142,38ebbe2ff0e050eb234a3094b4eafbb92ccda359072f44e288687bc1e89d3cd1,Healthy-Leaf(1399),2,0.9999999999999529,0.20000004502219346,0.20000005474532825,0.20000008120359933,0.19999994099625112,0.1999998780326279
1143,6f30df579b656988d4005173e9e7666fcd8a75552661fbf47ae4d2234a3d2e19,Healthy-Leaf(1399),2,0.9999999999998579,0.20000007843842438,0.20000009538373345,0.20000014149387924,0.19999989718863834,0.19999978749532454
1144,0956fc34b37b927a08298e0e55fbbfb0c9dea462161367b65b730f4fc2f6ee46,Healthy-Leaf(1399),2,0.9999999999999569,0.20000004294589163,0.2000000522234581,0.200000077486026,0.19999994369685523,0.199999883647769
1145,e5cf3adfbdd35f40564c20cdf67bc09178c3a507effee86399e5099258d84656,Healthy-Leaf(1399),2,0.9999999999999994,0.20000000117018282,0.20000000142049096,0.2000000020907446,0.1999999984812295,0.1999999968373521
1146,475da27b56b14c8e26ef947e8eb6510917a05d6d98b2479ad988a6c096bc6f31,Healthy-Leaf(1399),2,0.9999999999999992,0.20000000258522085,0.20000000314148608,0.20000000465238288,0.19999999661956186,0.1999999930013483
1147,fc86b737af478e70d046c8628faaf701780e90db3687e7751436a8d1ffca94c3,Healthy-Leaf(1399),4,0.9999999999999984,0.1999999929744395,0.19999999145672284,0.1999999873166828,0.20000000921635713,0.20000001903579784
1148,44ddde866fdc6ba6052ef08f2d330cd1be3ba857c5cce6813fab97993543b13e,Healthy-Leaf(1399),2,0.9999999999999655,0.20000003841679243,0.20000004670883392,0.20000006929042835,0.19999994965154588,0.1999998959323994
1149,cec9ec9914d5beaf2d702ce6c181fd13ac0897e8d14a92c4378e58c0eb1719f0,Healthy-Leaf(1399),2,0.9999999999999581,0.20000004236511482,0.20000005151052197,0.20000007640402503,0.1999999444831891,0.19999988523714907
1150,9fe74e1a076b8b34f689abe3f2b631403908efe4c6a0a6f64a6ae13cf1ba5060,Healthy-Leaf(1399),2,0.9999999999999891,0.20000002118099494,0.2000000257555913,0.20000003819279913,0.1999999722490489,0.1999999426215658
1151,92394434594230eef5a794144306dd43c31a61ca4bff669e0ed302fbb03422a2,Healthy-Leaf(1399),4,0.999999999999976,0.1999999680189288,0.1999999611127876,0.19999994232029483,0.20000004191099371,0.20000008663699514
1152,96106bcced96d59718e33a82dbe75e5bebad4dfd52cfa76f95ea67bdfc206dd6,Healthy-Leaf(1399),4,0.9999999999999982,0.1999999925738859,0.19999999097214263,0.19999998658029502,0.20000000975253873,0.2000000201211378
1153,211bda5efd09d6f0455d93e170258e85d4f7c0acfdc3a4e69091aaa22a837060,Healthy-Leaf(1399),2,0.999999999999881,0.20000007184007013,0.20000008735752603,0.20000012957728347,0.19999990584752952,0.19999980537759096
1154,9b1a26a2c577cc20df337aca509644b1b4d27bf9a77ac08b145728a1e02eb9bf,Healthy-Leaf(1399),2,0.9999999999998554,0.20000007912243156,0.2000000962082174,0.20000014270897498,0.19999989630502948,0.19999978565534657
1155,4dd0764f26580fb693b2d0e1c206421f9869c0aa0a9113dcb4dd98d83a4e90af,Healthy-Leaf(1399),2,0.9999999999999932,0.20000001622706923,0.20000001972866657,0.20000002924784563,0.1999999787483663,0.19999995604805218
1156,ad229896ccd117237bdbeeb461043bd2581f6c112ad2b35b79d9659886cf4ca4,Healthy-Leaf(1399),2,0.9999999999999709,0.2000000352548119,0.2000000428636607,0.200000063577849,0.19999995380275715,0.1999999045009212
1157,4e10a052d6b954ee62acfc7a0b218b2fddadca0b4d5fa875650dd440ad145aa3,Healthy-Leaf(1399),4,0.9999999999999938,0.1999999844950983,0.19999998114502074,0.19999997201676087,0.2000000203335367,0.20000004200958332
1158,5eccca98615e6ed21839277a4153c831ace2dd2428fe087e272c3358421b9586,Healthy-Leaf(1399),2,0.9999999999997642,0.2000001011647769,0.20000012302184617,0.2000001824782587,0.19999986740975523,0.199999725925363
1159,598e164364c77c21ac792f6225dcdb55adec57ec55e80b3b6e5dd227e978ab3c,Healthy-Leaf(1399),2,0.9999999999999312,0.20000005447887423,0.20000006624256678,0.20000009827178364,0.19999992859332016,0.19999985241345516
1160,c5ecb32f75d009ffc25e8a923c5c4f7df0444a391f73c0e26c914fd598d242a6,Healthy-Leaf(1399),2,0.9999999999999346,0.20000005309538332,0.20000006456152658,0.20000009577729772,0.19999993040608427,0.19999985615970814
1161,2d56bdaf1a2c34c8fa8ea94866fcd86e66b07eba47af2a418e13c24adefc8905,Healthy-Leaf(1399),2,0.9999999999999866,0.200000023427779,0.20000002848554574,0.20000004225360468,0.19999996929761127,0.19999993653545928
1162,1e712e6e0d7a226673ace21ae3d9df5c685f903646ee4502d7c693686c4911fd,Healthy-Leaf(1399),4,0.9999999999999852,0.19999997511226925,0.19999996973824605,0.19999995512564284,0.2000000326059671,0.20000006741787485
1163,f75c683c355c4280d1c0019b6bfc3bc8720dce29e799b3be38379219a5787e90,Healthy-Leaf(1399),2,0.9999999999999475,0.20000004753475614,0.20000005780147,0.2000000857431914,0.19999993769753316,0.19999987122304932
1164,a3a89998ff5f5a99fc0958ae94210cb8b4773601eb31c8489cec9ff0168ffdf0,Healthy-Leaf(1399),2,0.9999999999997872,0.20000009611310704,0.2000001168687766,0.20000017336107745,0.19999987403250555,0.19999973962453343
1165,afae933db5c49328e8f6764bd2c08e545e97308ead498dda3da35f0e246b4886,Healthy-Leaf(1399),2,0.9999999999997883,0.2000000958413825,0.20000011653781816,0.20000017288510896,0.19999987437764719,0.19999974035804316
1166,430e0ad547cc4f545bddd12a867b5d468126b28a7d4e66beed354fe76236d75c,Healthy-Leaf(1399),4,0.999999999999992,0.19999998215607315,0.19999997830295005,0.19999996778872803,0.20000002340654208,0.20000004834570675
1167,7e4ff46789eef49f33bd8fd5c390775392b8464a5d8812c00d84eb96010e305c,Healthy-Leaf(1399),2,0.9999999999997011,0.20000011393966957,0.20000013854909474,0.2000002055193993,0.19999985066632656,0.19999969132551002
1168,0479aa9676b0521f7159be8d107f0b96d4bfa827db8961cd8d6bbcdfc7e6aab0,Healthy-Leaf(1399),4,0.9999999999999728,0.1999999659798574,0.19999995863070105,0.19999993863367704,0.20000004458959575,0.20000009216616887
1169,574cae2361c80c3b6352b1cec1e6b7b0a65c362ebf263575bdb67f4acc48c007,Healthy-Leaf(1399),4,0.9999999999999987,0.19999999424133844,0.19999999299477558,0.19999998961099763,0.200000007548351,0.20000001560453734
1170,4a85e4648ebaf3e93bd57ff72cc70ab5e145d23a2475d14ce2ddc982f619cd12,Healthy-Leaf(1399),2,0.9999999999999976,0.20000000876578336,0.200000010666592,0.20000001579755403,0.19999998852345924,0.19999997624661123
1171,316fe830902888b6d516621e324b8861d6ef0693fa349050a8757b100633eaa7,Healthy-Leaf(1399),2,0.9999999999999993,0.2000000020175483,0.20000000245023197,0.20000000363943476,0.1999999973549172,0.19999999453786768
1172,235d18d62990ec1f463d40bea23add07c342e68386ff0e343a3276075259b65a,Healthy-Leaf(1399),4,0.9999999999999857,0.19999997565845357,0.19999997039846032,0.1999999560818169,0.20000003191166302,0.20000006594960618
1173,696d13c9f095289c732a5fff6c965902546131a837d8d6e803d8b3ffee88224b,Healthy-Leaf(1399),2,0.9999999999999623,0.20000004023949336,0.2000000489323813,0.20000007261164846,0.19999994723831127,0.1999998909781655
1174,951392e7d8044933209c6cd7559e3840ead7feb498418cc71a973b11eeac74c0,Healthy-Leaf(1399),4,0.9999999999999932,0.19999998383962078,0.1999999803502806,0.19999997084353546,0.20000002118612886,0.20000004378043423
1175,2316b5afa8a623aafc8b572fb09feb59a029e58c2714947458074e2ad2080bf4,Healthy-Leaf(1399),4,0.9999999999999754,0.1999999676618891,0.19999996067369866,0.19999994166633883,0.20000004238557487,0.20000008761249857
1176,5b6f5b62a2a473b34d2ef0ca8bf0594905d44d111888d5b442c9ab2193eaa340,Healthy-Leaf(1399),2,0.9999999999999359,0.20000005252919223,0.20000006386814365,0.2000000947516691,0.19999993115048836,0.19999985770050668
1177,220c67b2cba15eca4ee80bd52f4021cdbb1a5468d896f0b96f665476de71a8d4,Healthy-Leaf(1399),4,0.9999999999999841,0.19999997434362518,0.1999999688011509,0.19999995370741974,0.20000003363736654,0.20000006951043767
1178,c144e77a6bf0d09299da715964fcf62ee4ceada82b6c543cb44f38cdc6cc5c44,Healthy-Leaf(1399),4,0.9999999999999943,0.19999998535463373,0.1999999821873027,0.19999997358208552,0.20000001919490154,0.20000003968107644
1179,c7080ce2111b00f9803015f31f681f88c329e211a182011c9ced13de0d1960ea,Healthy-Leaf(1399),2,0.9999999999999959,0.200000012398762,0.2000000150773807,0.20000002237477493,0.19999998374186112,0.1999999664072213
1180,c57e18b84d127b12679c335fd622c1f3cc1d2f9fb374b910b4a2761863c573d8,Healthy-Leaf(1399),4,0.9999999999999791,0.19999997029944608,0.19999996388429894,0.19999994641880267,0.20000003893329518,0.2000000804641571
1181,4f7f9775df9923e6facb1af2e0770c37d0df0ce33b3d1a14d93a46390d12e724,Healthy-Leaf(1399),4,0.9999999999999836,0.19999997390768184,0.19999996827171015,0.19999995292778594,0.20000003420372803,0.20000007068909412
1182,2cca9e5cc88e88d57cad434e8a25d673d7d2d74efe15e8a626e2a1fabe188f39,Healthy-Leaf(1399),2,0.999999999999993,0.20000001658346978,0.20000002016858676,0.20000002990053117,0.19999997827504815,0.1999999550723641
1183,34f2ac92145ceda939190f69c9066fa6aab3fe09a75da207bbae1c1ed6663350,Healthy-Leaf(1399),2,0.9999999999999956,0.20000001280637425,0.2000000155706194,0.20000002309175513,0.19999998322117515,0.19999996531007605
1184,6d81f073b5427c0f5dd051d27e37bbcdb197f7ca204a3e8e20ebcb88aa677e3f,Healthy-Leaf(1399),4,0.9999999999999711,0.19999996500010017,0.19999995744298593,0.1999999368757302,0.20000004586728373,0.2000000948138999
1185,990ab91823e7b471f195b00ba04416150bf268f4c9934e29260cf9df191ffccc,Healthy-Leaf(1399),4,0.999999999999999,0.19999999783668018,0.19999999736546734,0.19999999609153649,0.20000000283943709,0.20000000586687883
1186,19bad48d189dfdcc4ed468b668b500b0a52cc57019e2a5f914f4989180152606,Healthy-Leaf(1399),2,0.9999999999999987,0.20000000580251803,0.2000000070503502,0.20000001046781965,0.19999999239274516,0.1999999842865669
1187,31852ff853fda62682797493536314d99b9724f739867a0467535fa3a826c45d,Healthy-Leaf(1399),4,0.9999999999999658,0.19999996187115446,0.1999999536357329,0.19999993121736256,0.20000004997885318,0.20000010329689685
1188,38721298a496e54639c99bbb99523b5b0c03c74dea137e44de7036cb57b48122,Healthy-Leaf(1399),4,0.9999999999999888,0.19999997848028248,0.19999997383033805,0.19999996117682253,0.20000002820944154,0.20000005830311546
1189,fc4fad5822dbc437ec545ad6cff77b53263c736a3850379e4328bb879a59415f,Healthy-Leaf(1399),4,0.9999999999999681,0.19999996317366453,0.19999995521896816,0.1999999335676407,0.20000004827094658,0.20000009976878014
1190,d479dd3a3eb0f4d2bd5f91c6ea8f6059266b870177c3fc3405aea5253b77fda2,Healthy-Leaf(1399),4,0.9999999999999513,0.19999995427698142,0.19999994440045787,0.19999991751612628,0.20000005993435999,0.20000012387207444
1191,be45168c6629fae8b2809384d77e2b1852b1e5dc77b008405f0ba2d8bdd23bc2,Healthy-Leaf(1399),2,0.9999999999999761,0.20000003173830047,0.20000003859597779,0.2000000572409108,0.19999995840876147,0.19999991401604952
1192,678d7786a45d5319186ed96a4668d81a7fc219aea3f24f233283ff8e8f5f86f4,Healthy-Leaf(1399),2,0.9999999999999908,0.2000000192683096,0.2000000234288555,0.20000003476087916,0.19999997474173906,0.19999994780021668
1193,e3a95ac9a97bb84b5e222218a462e10c929332d66c34b10cb70a1949ddf7b0c8,Healthy-Leaf(1399),2,0.9999999999999449,0.2000000487774447,0.2000000593092546,0.20000008798447932,0.19999993606828503,0.19999986786053645
1194,e99be97efe793f60350b5040330b1ec6c8ec67483fd8643cec47976fa07bd8ee,Healthy-Leaf(1399),4,0.999999999999999,0.19999999685245948,0.1999999961683351,0.1999999943211598,0.20000000412550364,0.20000000853254185
1195,c11ddcc4f34d059a9ab5f11bbe5dfc1917f0c24963903e66ea2a4593b5c34e02,Healthy-Leaf(1399),2,0.9999999999999979,0.20000000798264636,0.20000000970773912,0.20000001442461657,0.19999998951793205,0.1999999783670659
1196,d64cf7cec4e2e562742ed84e464cdf0c07ea2d07c50ce32568f07f4a34d283db,Healthy-Leaf(1399),4,0.9999999999999927,0.1999999831666881,0.19999997952807314,0.19999996962914685,0.2000000220676849,0.200000045608407
1197,2f69355bf4d91241a54a573a39cdaa0c99fb774f30fef754e3e0ea31be00007b,Healthy-Leaf(1399),2,0.9999999999999968,0.20000001046288166,0.20000001271925913,0.20000001887150054,0.19999998628700535,0.19999997165935327
1198,d968778a3311035eb6832b690cd5f8783400292f32c6bcd10ed3f72896dab4ba,Healthy-Leaf(1399),4,0.9999999999999962,0.19999998860219387,0.1999999861354686,0.19999997943766218,0.2000000149400494,0.200000030884626
1199,d81657024f5fe546043587481c765258187fab36cc3e835a59e94f5c03baa0de,Healthy-Leaf(1399),2,0.9999999999999833,0.20000002637477607,0.20000003206850747,0.2000000475661321,0.19999996543745754,0.19999992855312673
1200,6cec8f339f846ed28f89d9228442454d1f05df3304b807c3e429ed68a17683ef,Healthy-Leaf(1399),4,0.9999999999999882,0.19999997808794479,0.1999999733521576,0.19999996047254215,0.2000000287208041,0.20000005936655135
1201,b9794d389f7b061550f1e1a3eaf1fdb6bf5426f03eaadf48dd278dd8e55e93f1,Healthy-Leaf(1399),2,0.9999999999999933,0.20000001608706017,0.2000000195593741,0.2000000290205668,0.1999999789125861,0.19999995642041282
1202,06d2cd691bfa12c94ee4c119280d0bc1f0578393c0fa9bb15996d84e44c22257,Healthy-Leaf(1399),2,0.9999999999999709,0.20000003521212031,0.20000004281230696,0.20000006350091867,0.1999999538587639,0.19999990461589023
1203,2ac83f76558f029928f4c848195b03b95a825fe9116d99b1ecfaf84041bb0974,Healthy-Leaf(1399),4,0.9999999999999949,0.199999985878206,0.19999998282640377,0.19999997452686075,0.20000001850887547,0.20000003825965407
1204,462b1d34f0192f1c332e41cf0933bbb596da4443a77658f497bc6636f225359b,Healthy-Leaf(1399),2,0.9999999999998975,0.2000000666424181,0.20000008103578398,0.2000001202023452,0.1999999126591671,0.19999981946028556
1205,ed4c0d1a19b337f54bca7a5c8cc760baba4e7965ec56782c1dfdaab8649af234,Healthy-Leaf(1399),2,0.9999999999998549,0.2000000793135649,0.2000000964424396,0.20000014306686983,0.19999989604478996,0.19999978513233577
1206,da1bad328b0d83282d9c699774e2fd42dc0255fc4e6cd1b5dfed9dcb1152c293,Healthy-Leaf(1399),2,0.999999999999918,0.2000000595714086,0.2000000724386983,0.20000010746240882,0.19999992191584273,0.1999998386116416
1207,32cbe9adac9d80d8966f5778877b20f696ccaa71446c17bcb667336fa4b5bc9b,Healthy-Leaf(1399),2,0.9999999999999739,0.20000003327703106,0.2000000404674333,0.20000006004826484,0.19999995636754672,0.1999999098397241
1208,3f382510e8b34e77ee24e6d8828d97f4808ca7c7d819f9b97f82b6102b2c88eb,Healthy-Leaf(1399),2,0.9999999999999992,0.2000000025939241,0.2000000031497028,0.20000000467033968,0.199999996605905,0.19999999298012852
1209,5e204a236896f4d29427ba9145d8eb19152e8a18fedf3d2a73d45986782deb2a,Healthy-Leaf(1399),4,0.9999999999999762,0.19999996832725286,0.1999999614847263,0.19999994286409825,0.20000004151577266,0.20000008580814993
1210,2f444a6fcb1afd27cc2817775c3e0bc50ae949993852ce0fbb016025932469fa,Healthy-Leaf(1399),2,0.9999999999998549,0.20000007932731761,0.2000000964606086,0.20000014309514064,0.19999989602437704,0.19999978509255611
1211,c9431f5bd9e38b072bca1e209554ba436adb33fe34c99f32df0e9bb4f8249bbd,Healthy-Leaf(1399),4,0.9999999999999778,0.1999999692638967,0.1999999626222799,0.19999994454981151,0.20000004029079504,0.2000000832732168
1212,97b080b5b7d7d21c6df695966f05dfd21ee992f87a4afe3b051250069c2958c7,Healthy-Leaf(1399),4,0.9999999999999629,0.1999999602053566,0.1999999516123842,0.19999992819762544,0.20000005217419153,0.20000010781044217
1213,4ff3a584f4c90e27c556f58f412f56466c69024b8d9ba4b69cc997e208d571e1,Healthy-Leaf(1399),2,0.9999999999999992,0.200000003083852,0.20000000374817378,0.20000000554088698,0.19999999597453205,0.19999999165255525
1214,17ae73eb5b646e55504add2203164fec155e1395f867543b2144d64f27a50ed3,Healthy-Leaf(1399),2,0.9999999999999926,0.20000001733773595,0.20000002107693424,0.20000003127333293,0.19999997727519425,0.19999995303680268
1215,ceffa97d438fa7c356ce289910c82c9e65ff32229fa25f7e20fc3cd8b7be982c,Healthy-Leaf(1399),2,0.9999999999998392,0.20000008343093337,0.20000010145428668,0.20000015049450806,0.19999989064877224,0.19999977397149954
1216,c5937201348f4fa2d732c299ef9b48a86ab6a4c1f825042e99f852608bd416d8,Healthy-Leaf(1399),4,0.9999999999999877,0.19999997733140415,0.19999997243196274,0.19999995910483592,0.20000002971470807,0.20000006141708915
1217,d566e2b88351475aba84fee0ddbbe4aaaddadc6bff057010a548cd65010ede7b,Healthy-Leaf(1399),4,0.9999999999999982,0.19999999248874917,0.19999999087126524,0.19999998644370504,0.20000000985160546,0.200000020344675
1218,4c99fcfca21f35af3973cdd4a5759af6c67376ace3fa82e69b4d9d173c7f9e9a,Healthy-Leaf(1399),2,0.9999999999999871,0.20000002300353464,0.20000002796885932,0.20000004150910203,0.1999999698374922,0.19999993768101187
1219,32387fd63dd54a9fc1e8578cf8809cdd941f0400d605deb9cdb09ee92e805f93,Healthy-Leaf(1399),2,0.9999999999999842,0.20000002567117622,0.20000003121778995,0.20000004630189103,0.1999999663568618,0.199999930452281
1220,c96c4a52846e8952a3a9dce121c2855b2f63fe422094f8bafad14c81163607d3,Healthy-Leaf(1399),2,0.999999999999981,0.20000002825499538,0.20000003435716798,0.20000005096099863,0.19999996297102446,0.19999992345581344
1221,519a0a4681b5092c44e575aa12ca921dd04857b592507cdb853e009fbbb569ff,Healthy-Leaf(1399),4,0.9999999999999688,0.19999996354448235,0.1999999556689224,0.19999993423876902,0.2000000477829996,0.20000009876482666
1222,000c3c7386e379989b44948ea677aa081b613a71f2892ebaf1224448d4090ea7,Healthy-Leaf(1399),4,0.9999999999999698,0.19999996419432223,0.1999999564606551,0.19999993540525798,0.20000004693600112,0.2000000970037634
1223,16df6cfef1e374d137e6a9e9afd7e34e15ed584760f5d685553a1a147786c772,Healthy-Leaf(1399),4,0.9999999999999822,0.19999997270780348,0.19999996681552937,0.19999995075557506,0.20000003578302314,0.20000007393806896
1224,0a71ecffef3603e0dcd4e9cb683869ee3b921ee0b2a8981450f587cd9471c530,Healthy-Leaf(1399),4,0.9999999999999856,0.1999999754289441,0.1999999701216774,0.19999995566792758,0.20000003221288545,0.20000006656856545
1225,272feca9454ca665b9fb23603b7c84bd191b26a58885719bbfd8fa6d7bac4541,Healthy-Leaf(1399),4,0.9999999999999788,0.1999999700483737,0.19999996357721087,0.19999994596357484,0.20000003926380283,0.20000008114703777
1226,d712da436aff1f88c7bacfff36d58ca49827996ea7f4e18719df37489487b5f4,Healthy-Leaf(1399),4,0.9999999999999944,0.19999998535130975,0.1999999821844951,0.19999997357393473,0.2000000192011761,0.20000003968908436
1227,b3da6a077349c5886793660cade75ed8e86c95dc8e73e903e36b796fd3f74b8b,Healthy-Leaf(1399),2,0.9999999999999982,0.2000000073820688,0.2000000089797964,0.2000000132949816,0.1999999903412913,0.19999998000186195
1228,5e6021e56256ebf26cc861a348e528806c5270c5010a014e0097e7a8f5c436e8,Healthy-Leaf(1399),4,0.9999999999999664,0.1999999620351917,0.19999995383905828,0.1999999315094973,0.20000004976757266,0.2000001028486801
1229,884655a8070d18760a8a48f7372837988512735034fce800d6d88bbc5162a479,Healthy-Leaf(1399),2,0.9999999999999416,0.20000005010760727,0.20000006092583753,0.20000009040567968,0.19999993430787863,0.19999986425299685
1230,9cbd88a1c7ac813bbd66569f063a6ba85dc9d2730d48957e55395df40ae0e836,Healthy-Leaf(1399),4,0.9999999999999739,0.19999996672424009,0.19999995954158592,0.19999993996372656,0.20000004362489518,0.20000009014555228
1231,164b8e8f4861510455004ffd373b3972818b8d7889143fe82a7f6526b412b495,Healthy-Leaf(1399),2,0.9999999999999993,0.2000000010947165,0.20000000132563328,0.20000000197853618,0.1999999985610611,0.19999999704005283
1232,40109a4b84a577150bcbda8091187104e0eedfe2298375fae01cd9eac1dd24e2,Healthy-Leaf(1399),4,0.9999999999999988,0.19999999481689307,0.1999999936907627,0.1999999906486373,0.20000000679359559,0.20000001405011136
1233,5eefc7136dab6716bca59dec259714071ec5122021a0f63a46a874c3295937ab,Healthy-Leaf(1399),2,0.9999999999997561,0.20000010289274428,0.20000012510969495,0.20000018559335814,0.1999998651435625,0.19999972126064006
1234,0d8b7ac59a1b0e19e533258ee525dd09c1757668389173ad4e1df183f83f2486,Healthy-Leaf(1399),2,0.999999999999997,0.2000000101744387,0.2000000123713718,0.200000018354863,0.19999998666288077,0.1999999724364458
1235,5eee1b10563454c3b364fe145441fdac1f3fce8211009d66067c13edff59d3a7,Healthy-Leaf(1399),2,0.9999999999999516,0.20000004562533769,0.20000005547780092,0.2000000823196174,0.19999994018388156,0.19999987639336245
1236,acbb4682ba7d64bd963aa45eb487af33fc899c4ad63d0be13120513d230dfb36,Healthy-Leaf(1399),2,0.9999999999999943,0.200000014853515,0.20000001806084391,0.20000002681024714,0.19999998051832277,0.1999999597570713
1237,ac29c35f41e77e524de5205f2184069677b41d30a9a1402f121574d1f391e424,Healthy-Leaf(1399),4,0.9999999999999577,0.19999995738617415,0.19999994818422132,0.19999992312478482,0.20000005585960978,0.20000011544521
1238,76a0e8428270923b896277c84b0f33753bdaedc03ca37ed0e25d6cd6b5576658,Healthy-Leaf(1399),4,0.9999999999999979,0.19999999221771372,0.19999999054439688,0.19999998595546234,0.20000001020687608,0.20000002107555093
1239,447b71f4e977092766a039e6acdc66c7b2ca9647cdfac085294151f3b19021ed,Healthy-Leaf(1399),4,0.9999999999999364,0.1999999476264486,0.19999993631958332,0.1999999055234412,0.20000006864955816,0.20000014188096873
1240,05fc4ac612baadc8ca9e01bbc168a80eea539c1e073e8c2e9a08b4f51cf660fc,Healthy-Leaf(1399),4,0.9999999999999989,0.19999999676490135,0.1999999960593982,0.19999999417328296,0.200000004232026,0.20000000877039137
1241,7a296f1a2672a669fac131a5f85169f9cbd198a8d7135be7088fff770d5dd946,Healthy-Leaf(1399),4,0.9999999999999841,0.19999997409353656,0.19999996850280005,0.19999995326220563,0.200000033961789,0.20000007017966875
1242,90101b8f2040de20d316a1283f96ec84aa030ebf1815d97bca375e149040b81d,Healthy-Leaf(1399),4,0.999999999999991,0.199999980937532,0.19999997682612278,0.1999999656139027,0.20000002498679012,0.20000005163565238
1243,dc01c5deb1245eb452bdb7b9e9b1eb3a4b00c26181f3dfa8a638894a4ca60564,Healthy-Leaf(1399),4,0.999999999999991,0.19999998100458002,0.19999997690573434,0.1999999657356121,0.2000000248979173,0.20000005145615618
1244,9071a62deec818c2e265d9b73620c503fe2eb2412ab19601d30750db562eab32,Healthy-Leaf(1399),4,0.9999999999999956,0.1999999870850048,0.1999999843023652,0.1999999767031063,0.2000000169293761,0.20000003498014765
1245,f3130f17ea036a1bb93ed2f010e1b45f37245fb295fd443ed9675635602ff10b,Healthy-Leaf(1399),4,0.9999999999999887,0.19999997838696762,0.19999997372381145,0.19999996100959833,0.20000002833233732,0.20000005854728528
1246,43b29d9383654aa728832b95c51d1cda2547c5e661e41a96c7c5b23342daab6a,Healthy-Leaf(1399),4,0.9999999999999847,0.19999997478643072,0.19999996934259284,0.19999995451238797,0.20000003305279812,0.2000000683057903
1247,b551f93d3f1bd7003539c473fb498a514a2e6a8b4b01b7b85e387200cb856950,Healthy-Leaf(1399),4,0.999999999999978,0.1999999694483663,0.19999996285535793,0.19999994488074377,0.2000000400522253,0.20000008276330672
1248,e2a024940bf76db5d5b64f355aebac4f4fff021ef7f2230ff83a07598d84a586,Healthy-Leaf(1399),4,0.9999999999999791,0.1999999703934128,0.19999996400191633,0.19999994659543066,0.20000003880533126,0.20000008020390894
1249,672bd1a2db9a0be18f97696b473f9fffeb66ac8356154b2f40510533062d7bb0,Healthy-Leaf(1399),4,0.9999999999999689,0.19999996362693792,0.19999995577290153,0.19999993438580405,0.20000004767699567,0.20000009853736084
1250,6ae947c56841680e582297cd392653a2841d820e0430995bce8118ae6b9206f3,Healthy-Leaf(1399),2,0.9999999999999992,0.20000000163047338,0.20000000199115384,0.20000000294509665,0.1999999978616582,0.19999999557161793
1251,b4d153a03b319d4f93dd2e88baaac45bfe0b708c81ade2ff2076a5aa78cba78b,Healthy-Leaf(1399),2,0.9999999999998751,0.20000007352269905,0.2000000893972476,0.20000013263565136,0.19999990362291933,0.1999998008214827
1252,3166429f2ffc72203fef03266183da2674cfbff6b83c3c757e0e075c4e5335f2,Healthy-Leaf(1399),4,0.9999999999999994,0.19999999956461675,0.19999999947603783,0.19999999922210696,0.20000000056606493,0.20000000117117353
1253,028033e8d4f824f481beeb37b9a05fd3dc7265fdaef8b8a02697433592ba8b0a,Healthy-Leaf(1399),2,0.9999999999999993,0.20000000160556608,0.20000000195629825,0.20000000290070077,0.19999999789296824,0.19999999564446666
1254,ce21711f255de112de5e020791fe4d3ebb0855a35cd446871a4f2f5832757e4f,Healthy-Leaf(1399),4,0.999999999999991,0.19999998099371805,0.19999997689160753,0.19999996571482387,0.20000002491288824,0.20000005148696232
1255,e2ec3a90f6b648a881a4951276f8e0a811b0aca6cb769d39780cf7422d1f318a,Healthy-Leaf(1399),4,0.9999999999999828,0.19999997311017242,0.19999996730566588,0.19999995149296262,0.20000003524686727,0.20000007284433183
1256,f554c7f90317530c4bd55df62eba696115f1bfe9244f9cac3c01c20928496bc9,Healthy-Leaf(1399),4,0.9999999999999927,0.19999998298172836,0.19999997930951732,0.19999996930065495,0.2000000223074742,0.20000004610062502
1257,d806351e86ffd5203d460b3c921ebf19a36a550fb283e10e47f6523782efd391,Healthy-Leaf(1399),4,0.999999999999978,0.19999996949685525,0.1999999629139332,0.19999994497383267,0.20000003998425298,0.2000000826311259
1258,662d65514cc4e84d4e78da3b34f97f9283d0b8670bd81a92e9210a4efd0fae49,Healthy-Leaf(1399),4,0.9999999999999677,0.1999999628765921,0.19999995486029884,0.19999993304144936,0.20000004865340443,0.20000010056825526
1259,98d9078eca99d548f8034492a96ddcc878dd29d17f9f6d752b2be201efaf57b2,Healthy-Leaf(1399),4,0.9999999999999897,0.1999999795526205,0.19999997513791415,0.19999996312955684,0.20000002679050086,0.20000005538940754
1260,4412d521e0e11f8241b6e3390c46011c30304ac0ea0b1e5b5b2c329c8c1acbe9,Healthy-Leaf(1399),4,0.9999999999999681,0.19999996317286298,0.1999999552232933,0.19999993357488113,0.20000004826640577,0.20000009976255678
1261,aa7feab4f8d4056d94bbe6eeb1a81ed6618d1a0e4e00497a278bd79c625f612a,Healthy-Leaf(1399),4,0.9999999999999897,0.19999997947550566,0.1999999750458137,0.19999996297651956,0.20000002690264745,0.2000000555995135
1262,6aba512e435483bef9c5e91f57d74bd235934d3eaf8259931f7e371324c40f5d,Healthy-Leaf(1399),2,0.9999999999998817,0.2000000715448607,0.2000000869960399,0.20000012906948364,0.1999999062148678,0.1999998061747478
1263,7ebde2a32e648ac26939ab2abf9adaad5aaf5950742fa581683c4e6aea6e83b9,Healthy-Leaf(1399),4,0.9999999999999875,0.1999999771464017,0.19999997221438676,0.19999995878042698,0.2000000299515154,0.20000006190726918
1264,80bfde4426ceecc023a8903922ba07ace323c0938200512a559dd08ab16249ff,Healthy-Leaf(1399),4,0.999999999999987,0.19999997667137298,0.19999997163949276,0.19999995792003838,0.20000003057743038,0.20000006319166558
1265,cd4f3e3cebce55bf1c756b0c15f0cd3ba9539f08391b633d9d942707e31a45f6,Healthy-Leaf(1399),2,0.9999999999999782,0.20000003031421293,0.20000003686970255,0.20000005468399415,0.1999999602672391,0.1999999178648511
1266,b91a6dfaa6f002de5d8e7bdd6804e5e68c11787db449d837b0d3a85bda0c2802,Healthy-Leaf(1399),2,0.9999999999999682,0.2000000367739127,0.20000004472099386,0.2000000663463636,0.19999995179196486,0.19999990036676488
1267,9fa303792a60e1c691e7a79854cff1a8b0bda10b45f120e3d55bd4586f5b8513,Healthy-Leaf(1399),2,0.9999999999999862,0.2000000238769586,0.2000000290377268,0.20000004308295352,0.19999996869539033,0.19999993530697066
1268,080a1095a4c9fd26aecca47dca8bb440440b13c52514e7e45b568225e096253e,Healthy-Leaf(1399),4,0.9999999999999694,0.19999996379964152,0.1999999559846984,0.19999993469964425,0.20000004744923214,0.20000009806678373
1269,85b69e315ecced45f1b38bcea58648e2f85ec693211ad3a9b49ffdb1b40caf28,Healthy-Leaf(1399),4,0.9999999999999662,0.19999996201437822,0.19999995381284288,0.19999993148219938,0.200000049786764,0.20000010290381562
1270,3d907c54dcbb521f5b3884241c5ab3576291d6ddcbf43dbd506f834315f3cade,Healthy-Leaf(1399),2,0.9999999999999959,0.20000001241312307,0.2000000151022022,0.20000002239732234,0.19999998372712077,0.19999996636023173
1271,4d874295ffcc042d4ac349a930a642c93c07060a49756a5409b03d3438f7c154,Healthy-Leaf(1399),2,0.9999999999999606,0.200000041096417,0.2000000499800875,0.20000007413951734,0.19999994613011396,0.19999988865386423
1272,dff027add51a3c50cf5b2811d9d1718b010d33008a8c1ce8c7dd9a11374b7f0e,Healthy-Leaf(1399),4,0.9999999999999989,0.19999999521289158,0.19999999417740796,0.19999999137698077,0.2000000062648192,0.2000000129679005
1273,416d641afe4c797ca3ac31d6cd158dcc7b22a840ecdc174b7d53e6feb3c4303e,Healthy-Leaf(1399),2,0.999999999999991,0.2000000192089404,0.20000002335682934,0.20000003466491567,0.1999999748110002,0.1999999479583144
1274,6ff97d478e1c569628db83b0a982b8ab067e8070284148a118e582dce62cf844,Healthy-Leaf(1399),2,0.9999999999999916,0.20000001828097574,0.20000002223076443,0.20000003299235286,0.19999997602676808,0.19999995046913885
1275,55724b9a08860d38a4ce66516d7ac9e6acbc33f795ba6a054886c52b2c8f9ca0,Healthy-Leaf(1399),4,0.9999999999999772,0.19999996905325437,0.19999996236963966,0.19999994418135578,0.20000004055874082,0.20000008383700946
1276,d6b0fefba331a55b7f3e7ec7463f7a960c55cbb0972761d13cbb10c012233116,Healthy-Leaf(1399),4,0.9999999999999595,0.19999995833028356,0.1999999493310343,0.19999992483254148,0.20000005461828607,0.20000011288785463
1277,b02907cd6c51a13af0756c83057bf849662f3d9ebf25b3f0533de49234b16368,Healthy-Leaf(1399),2,0.9999999999999971,0.20000000992991301,0.20000001207626508,0.2000000179271799,0.19999998697349985,0.1999999730931422
1278,46052322dd8d9044bc6cb59b946be3d4631cf085d15433f1d1dd23a50f920599,Healthy-Leaf(1399),4,0.9999999999999675,0.19999996273391418,0.19999995468442588,0.19999993278187272,0.2000000488416151,0.20000010095817214
1279,a5906a61b1dd886264de51cd04231b9c13b9bec533f33c72443086a52c202a98,Healthy-Leaf(1399),4,0.9999999999999702,0.19999996437339665,0.19999995668025725,0.19999993573682892,0.20000004669507668,0.20000009651444042
1280,45683b3da12062f38132d4d295e3b5de5bf341ba4a5641a10c38fd952a1dad97,Healthy-Leaf(1399),4,0.9999999999999754,0.19999996762828948,0.19999996064040873,0.19999994159926662,0.20000004243618189,0.20000008769585337
1281,14f6fbf2e1369f08330084f676db42f3c3d73e991934e6681e8d11e29c998ef9,Healthy-Leaf(1399),4,0.9999999999999731,0.19999996615803395,0.19999995885467753,0.19999993896164517,0.20000004435250412,0.20000009167313915
1282,dffcf2dc28da0183cdf37022dff7592022fb08aeb7be16570e464920d47a0207,Healthy-Leaf(1399),4,0.9999999999999978,0.19999999196109472,0.1999999902285912,0.19999998550357168,0.2000000105339715,0.20000002177277096
1283,51afdbf48370e33393ad1469d34a21d80e0087983fbb22bd07be0256f2dea747,Healthy-Leaf(1399),4,0.9999999999999978,0.19999999157837617,0.1999999897616807,0.19999998482040957,0.20000001102975798,0.20000002280977558
1284,2a2f98bc95a405d4e76fc4aa48e5a392b4bc3ee4597ebe48b6e3eefb2ae76934,Healthy-Leaf(1399),2,0.9999999999999536,0.20000004457575776,0.20000005420479947,0.200000080428429,0.19999994155862755,0.19999987923238635
1285,363da026625fec548738e2b30018ac41c4c0b16ffdfbc5a56ff1dd57d5a0c891,Healthy-Leaf(1399),2,0.999999999999997,0.20000001024073188,0.20000001245801405,0.20000001848518373,0.19999998656894064,0.19999997224712973
1286,c466a100111933829183e56f13b1a25a3d2145a3d64907f4f3a7e72ddfd8b4bc,Healthy-Leaf(1399),4,0.9999999999999549,0.19999995604414134,0.19999994655340114,0.1999999207091492,0.20000005761486653,0.20000011907844178
1287,3696fccfd5c000f5c2e63ca0c24fe43e879a04003c85fa2eea1cc35159035d44,Healthy-Leaf(1399),4,0.9999999999999506,0.19999995394195763,0.19999994399395513,0.19999991692128538,0.20000006036634344,0.20000012477645848
1288,2b95d5c9d845b03c761e3c7fb8127018f169cc74ca66e2a7b5d377a14effe055,Healthy-Leaf(1399),4,0.9999999999999877,0.1999999774310853,0.19999997255910487,0.19999995928804132,0.20000002958263458,0.20000006113913402
1289,11952d520ae8dd28bc2068c7adc38c428094d182439cba01965d003618ea7440,Healthy-Leaf(1399),4,0.9999999999999908,0.19999998065300278,0.19999997647893775,0.19999996509909007,0.20000002536067515,0.2000000524082941
1290,c3413444cc72114d5f7c67bf7c0179024d20c468792ada3404c5984d5f288a62,Healthy-Leaf(1399),4,0.9999999999999789,0.19999997008012368,0.19999996362287106,0.1999999460289198,0.20000003921742093,0.20000008105066455
1291,eb0c55b77c630f5b0646eb527319e96acb916acb76569f45ce1463296afd5ed5,Healthy-Leaf(1399),4,0.999999999999985,0.1999999750294332,0.19999996964043532,0.19999995495077924,0.20000003273473455,0.20000006764461767
1292,4fb66b5bc95be1ee5cb013ca498aeb902e95e9f677a3f5fa0bb494bb4606922e,Healthy-Leaf(1399),4,0.9999999999999913,0.19999998140708827,0.19999997739518854,0.19999996646339233,0.20000002436902198,0.2000000503653089
1293,12251abc5e3befd5ba581202538d4a425343817e09115ccf02f371bef80c5f52,Healthy-Leaf(1399),4,0.999999999999991,0.19999998102319178,0.19999997692581825,0.19999996578129942,0.2000000248636805,0.20000005140600996
1294,694e2edd74b2971f7c6fe8ff2d9d261b0a9ff6f23fb1c91a6b7fa50bef62aa6b,Healthy-Leaf(1399),4,0.9999999999999571,0.19999995713862434,0.19999994788641506,0.19999992267995345,0.20000005618342942,0.20000011611157764
1295,7a74b3430caa65e49671c7902da8034f37dece70f43dfb998d0f850bf20c16bc,Healthy-Leaf(1399),2,0.9999999999999979,0.20000000803563076,0.200000009773235,0.20000001451660143,0.199999989451464,0.19999997822306878
1296,c4c79e7195c57c3d80dbad5c5c79655efe0065324a984dd305665b7403643fd7,Healthy-Leaf(1399),4,0.9999999999999842,0.1999999744036252,0.19999996888087582,0.1999999538355595,0.20000003354478324,0.20000006933515618
1297,b250dfe7504c86e7bd36e130fd7ac0ce60d8293fbb1c9e889b177206bcc6e1dd,Healthy-Leaf(1399),2,0.9999999999999936,0.20000001602379242,0.2000000194891132,0.20000002892405105,0.19999997898334074,0.1999999565797027
1298,06a38a8cace75568ee0b1050b09a7418e7f690f4f08d8b31480f880549a0434b,Healthy-Leaf(1399),4,0.999999999999983,0.1999999734668281,0.19999996773744508,0.19999995213783453,0.20000003477784759,0.20000007188004465
1299,601b96cf1b9c0425be96d4c1764f4497528ab20e347e79394b4fad9c777b8150,Healthy-Leaf(1399),4,0.9999999999999944,0.19999998540266867,0.19999998225519497,0.19999997367921232,0.20000001912582377,0.20000003953710024
1300,753fbab3235715f6e412f773b3a1c83186dea61c4164d3abf410001089ca0ae7,Healthy-Leaf(1399),2,0.999999999999971,0.2000000351752189,0.2000000427745115,0.2000000634554192,0.199999953892376,0.19999990470247447
1301,836c1b6591140448eaf38812d37a1fe5472ff36522e12fa5f1c7e8b70990ee7a,Healthy-Leaf(1399),4,0.9999999999999866,0.1999999765295757,0.1999999714625347,0.19999995767168108,0.20000003075662742,0.2000000635795811
1302,907cd2a4ce2ac68d28eb32a4e4a388f623d8c4d42b7731fd135fe4d0b1e3bdfe,Healthy-Leaf(1399),2,0.9999999999999947,0.20000001438164355,0.2000000174962974,0.20000002595010638,0.19999998114562673,0.1999999610263258
1303,5635d3fc94b589f5895a7509d04d58ffdf1011d4cb997992a5704c792d2da0ab,Healthy-Leaf(1399),4,0.9999999999999717,0.1999999652156181,0.19999995770372314,0.1999999372557408,0.20000004559126058,0.20000009423365744
1304,b216bc0394e68b4e6485f182641519120c1cfab5c236df69d429443a8244a84e,Healthy-Leaf(1399),4,0.9999999999999762,0.19999996832594114,0.19999996148699792,0.1999999428674889,0.20000004151386294,0.20000008580570908
1305,6785171680a616c99472f5c014ec22a882ed40969a238017affbbea232092ad6,Healthy-Leaf(1399),2,0.9999999999999484,0.20000004715261907,0.20000005733761045,0.2000000850670637,0.1999999381884296,0.19999987225427712
1306,a6ec52314b8d79a3c551498a370539c837ec12379833c52fbb7c849fdb0ec333,Healthy-Leaf(1399),2,0.9999999999999835,0.20000002628162306,0.20000003196258456,0.20000004742599833,0.19999996553957078,0.1999999287902233
1307,49e49c28b83ac5eecfce537c4fb530a3834ed76e558e787d341bf424224b35c1,Healthy-Leaf(1399),4,0.9999999999999702,0.19999996439155074,0.1999999567029326,0.1999999357746636,0.20000004666746954,0.20000009646338346
1308,08eeaa5cc6d1f046e8685cc5adb9e5f08cd08d55cc3b43082738238aee97559a,Healthy-Leaf(1399),4,0.9999999999999983,0.19999999322982828,0.19999999176953245,0.19999998779781258,0.2000000088663196,0.20000001833650718
1309,b128bc26ac020397a9f76dd0d8c0e16320c9cf1cda0dfd67caa13ab38d5362ae,Healthy-Leaf(1399),4,0.9999999999999638,0.19999996069450546,0.19999995220522113,0.19999992909955938,0.2000000515175385,0.2000001064831755
1310,627fecc3952ead957b48d22bcc5a59e9066ad86ff17b96c6353b5b03307d0f6b,Healthy-Leaf(1399),4,0.9999999999999553,0.1999999562086783,0.1999999467505778,0.19999992100953673,0.20000005739583784,0.2000001186353694
1311,b58f71001e3bb100d1796788b801d0c79d8831f5ccd643f03a5fa98737d7b1fe,Healthy-Leaf(1399),2,0.9999999999999435,0.20000004939927596,0.20000006007163687,0.20000008911894582,0.1999999352447105,0.1999998661654309
1312,cb419501e4c9258bd883a56103e9b83dfd7c6bf72e9f7143c57f56cdd1dab94b,Healthy-Leaf(1399),2,0.9999999999999988,0.2000000053237937,0.2000000064780982,0.20000000961347453,0.1999999930151804,0.19999998556945314
1313,418534d31daf4b847c149bbcfbdc4b3d7380192bded0605320b0e46702f49add,Healthy-Leaf(1399),4,0.9999999999999954,0.1999999867524313,0.1999999838946303,0.1999999761228286,0.20000001734947978,0.20000003588063006
1314,6a2f38857187d1cc0e3301e44d2364592ec70f3b7908bfb41243767a7576e944,Healthy-Leaf(1399),2,0.999999999999999,0.20000000384742575,0.2000000046815373,0.20000000695260195,0.19999999494822918,0.1999999895702058
1315,1e544526ada2dd076938732618652c8099356b6c078d4cc80481641d03e7d95f,Healthy-Leaf(1399),4,0.9999999999999967,0.19999998901699825,0.19999998664598506,0.1999999801940859,0.200000014391365,0.2000000297515658
1316,c2b869ea8ddb43353787c958bac37f61c94cb86a8366dfcbc4241f892ed9db9a,Healthy-Leaf(1399),4,0.999999999999964,0.19999996073250823,0.19999995225814712,0.19999992916245332,0.20000005147348732,0.20000010637340396
1317,d73bbc38aeb795ab6ef24fe227c4263d7d054287997d307b9175e72379582ff5,Healthy-Leaf(1399),4,0.9999999999999925,0.19999998278412423,0.19999997906741387,0.19999996894807584,0.2000000225631289,0.2000000466372571
1318,c4bec39c0c996fd1372c644724dd4ce753172fe3ea562db1f74196fa1f81a984,Healthy-Leaf(1399),2,0.9999999999999444,0.20000004890839912,0.20000005947633223,0.20000008824273963,0.1999999358813117,0.19999986749121731
1319,42a36a6da1a5f7b01c4f32f8e14cf3f6477a5df4b8fc0efbfffcfda430ffcfb1,Healthy-Leaf(1399),2,0.9999999999999646,0.2000000389015414,0.20000004731004284,0.20000007018457636,0.19999994900342458,0.19999989460041492
1320,e9f42a862a4632eefc05b926e8ce7b9154c9920bd67f5246950661ecba2bc2f3,Healthy-Leaf(1399),2,0.9999999999999873,0.20000002300462197,0.2000000279773641,0.20000004150749753,0.19999996984031232,0.19999993767020408
1321,b56a8dbe39a0a77ddfe78ebe176d6f5c73ba2febe2f4eb626927e53322ec3a6c,Healthy-Leaf(1399),4,0.9999999999999805,0.19999997124713847,0.19999996504105416,0.19999994812703134,0.20000003769302918,0.20000007789174695
1322,093c5490836e54aa91f600aed5b63d6a59f16fa5e3b8bc33d9e287019c8b974b,Healthy-Leaf(1399),2,0.9999999999999589,0.2000000419647399,0.2000000510333373,0.20000007570941103,0.19999994498869733,0.19999988630381443
1323,882dfeb53b1ee0acec817b9b59a7ef56199b1dae89d9c4ede2c62f4d9cd6b18d,Healthy-Leaf(1399),4,0.999999999999956,0.19999995658988118,0.19999994721733197,0.19999992170026953,0.20000005689447675,0.20000011759804065
1324,ee1c4e090b640029d9adbdb87c6d4e16a3b272bf6d9ce0760e5381789c8f994b,Healthy-Leaf(1399),2,0.9999999999999988,0.20000000551869435,0.20000000671186946,0.20000000996906206,0.1999999927559601,0.19999998504441405
1325,7924410ee1f9a9d647fcf1545b1937d3e6511a209145d196b5c822b0ad57f3c8,Healthy-Leaf(1399),4,0.9999999999999526,0.19999995484900118,0.19999994510023877,0.1999999185542974,0.20000005918060115,0.2000001223158615
1326,d364db421b3374334874024f1c5cc27544dcace58d82279e8dd76ae01dac8754,Healthy-Leaf(1399),4,0.9999999999999808,0.19999997150832247,0.19999996535403328,0.19999994861515744,0.20000003733663393,0.20000007718585283
1327,5d5e31acb48333399cc083845d76c1cd4009d98e912288be8821e27e5e6c7515,Healthy-Leaf(1399),4,0.9999999999999971,0.1999999897706573,0.1999999875688898,0.1999999815578659,0.20000001340155318,0.20000002770103387
1328,daffd3a99b687812564082742af377f3ce4a64037a186d15829e9bff05c89f7b,Healthy-Leaf(1399),4,0.9999999999999921,0.19999998212855488,0.19999997826884489,0.19999996777349993,0.2000000234159645,0.20000004841313582
1329,09ff1a4b4304f4e73e559712fc36783e593c3c77217c5330d3905e9d217651a0,Healthy-Leaf(1399),2,0.9999999999999706,0.20000003542346087,0.20000004307340088,0.20000006391311562,0.19999995355873765,0.19999990403128498
1330,d774c69e7cfb8d7ed9f1934a22002289cd3535f94626c50bd8472d56b7f882aa,Healthy-Leaf(1399),4,0.9999999999999797,0.19999997084828883,0.19999996455540744,0.19999994742100358,0.20000003820529558,0.2000000789700046
1331,c92efeac77bdce7f97797c5863e75ba0873182ec0a1fe3f17b721585c7a9f283,Healthy-Leaf(1399),2,0.9999999999999812,0.20000002809846293,0.20000003416818038,0.20000005069322313,0.19999996316524604,0.19999992387488766
1332,7bfb40896b1dd7b854c1004d436e47ebb14587b8d45af541a4a7388c630c406e,Healthy-Leaf(1399),2,0.999999999999975,0.20000003260204827,0.20000003964679533,0.20000005882360225,0.1999999572577548,0.1999999116697993
1333,18fd601ae6d322c5f4880965c57c148565034e9820794f24f344c9f7bc5fd7a7,Healthy-Leaf(1399),4,0.999999999999979,0.19999997025072136,0.19999996382749344,0.199999946332811,0.20000003899619503,0.20000008059277913
1334,0520f3baa71ebb375629b5e2919227b4973d0f006b7e8126f67ef346dac41bb5,Healthy-Leaf(1399),4,0.9999999999999828,0.19999997310144724,0.19999996729537475,0.1999999514847009,0.2000000352526233,0.20000007286585383
1335,0e8d388f4357480a45e836e3d92a982be8d9aef001bb5e83084f4bae5982c1a4,Healthy-Leaf(1399),2,0.9999999999999477,0.20000004737800192,0.20000005761373496,0.20000008547672388,0.19999993789105083,0.19999987164048835
1336,a7ae7738979203547fdc1dbf345fc208cd2294c694a42cf116c27588ea79f136,Healthy-Leaf(1399),4,0.9999999999999711,0.19999996495743863,0.19999995739071946,0.1999999367957779,0.20000004592541876,0.20000009493064524
1337,ccb6ba32597302209806cf43b34ab33f408878e01f118bfc7292e26754d7cf3f,Healthy-Leaf(1399),2,0.9999999999999774,0.20000003096277555,0.2000000376584059,0.20000005585799496,0.19999995941403054,0.19999991610679307
1338,5348cf92b79e8af2d00f11d50dabfe4f610ca36aa7cb125eb3360910858a2f1e,Healthy-Leaf(1399),4,0.9999999999999749,0.19999996736809209,0.19999996032540085,0.1999999411319365,0.2000000427759323,0.20000008839863828
1339,142334358dbf81ed7049fd9a49b059ae9dc0f4f5591ebd5f10709e0649292cea,Healthy-Leaf(1399),2,0.9999999999999574,0.20000004275737396,0.20000005199691978,0.20000007714381488,0.19999994394616805,0.19999988415572326
1340,105896e7bb36f08730a5b34e6cd524158adc1b4e3b93ccb76f848b918cdafc2f,Healthy-Leaf(1399),2,0.9999999999999414,0.20000005021960346,0.20000006106612098,0.20000009060778892,0.19999993416186634,0.19999986394462024
1341,943f6307bf34c85d30019853e63a1093492dd162c0296561453c4e409a0960ac,Healthy-Leaf(1399),4,0.9999999999999761,0.1999999681767594,0.1999999613043606,0.19999994259649045,0.20000004171061142,0.20000008621177812
1342,e495d2b278ee0705d376d268405e63e50cdb738e225caa5d1870474d288ae4c5,Healthy-Leaf(1399),4,0.999999999999981,0.19999997167116385,0.199999965554274,0.19999994891083775,0.20000003712216857,0.2000000767415558
1343,28947f311f4d37321902d251d78f2eb9c0ae0f27ac65a662c72298457d5a51a9,Healthy-Leaf(1399),4,0.9999999999999675,0.19999996266936607,0.19999995460889458,0.1999999326637479,0.2000000489281393,0.20000010112985206
1344,d7ebd5fc7050fd66c2b5790804e69969f8aa2ab1a0888932e6a3e269e0f1df44,Healthy-Leaf(1399),4,0.9999999999999952,0.1999999864261807,0.19999998349961534,0.19999997552420765,0.20000001778524396,0.2000000367647523
1345,ae2663739c30afa28077162418270724977d656743f94de186b7d77dba1d7262,Healthy-Leaf(1399),4,0.9999999999999977,0.1999999911771747,0.19999998927572699,0.19999998409085573,0.20000001156048697,0.2000000238957556
1346,7d78f420df9754b8e9b54b5615c2d151417ac72f27adbe73a9e640154ba4a6bc,Healthy-Leaf(1399),2,0.9999999999999846,0.20000002546457907,0.20000003096236602,0.20000004594486226,0.19999996661473113,0.1999999310134616
1347,4c7c53c604850023ba69ccaf391453a70dbaa9218ca5d7d203c961ebf7313db5,Healthy-Leaf(1399),4,0.9999999999999729,0.1999999660922959,0.1999999587725042,0.19999993883421247,0.20000004444502742,0.20000009185596004
1348,578143f7da08cc772997648d8c33255abde8e2969ff389b6862891a4fa594c6c,Healthy-Leaf(1399),4,0.9999999999999641,0.19999996082169377,0.19999995236158644,0.19999992933700925,0.2000000513450134,0.20000010613469718
1349,5a5914589c3962b06c9a1dfea64ccea0245d999eb2e2ec1ac38db4cee0596121,Healthy-Leaf(1399),2,0.999999999999992,0.20000001802154874,0.2000000219163836,0.20000003249908432,0.19999997638651174,0.19999995117647157
1350,8a934cbf7206e3f55b3f8be0ccb7653cf1b67ede2f455cc9b522fb3b5be068f5,Healthy-Leaf(1399),4,0.9999999999999805,0.1999999712102195,0.1999999649944701,0.19999994807911717,0.2000000377266744,0.20000007798951888
1351,386063391d3e4f1be7137aaed1f0fa6429bb20d5d83925415f41bf85fbe0f2c5,Healthy-Leaf(1399),2,0.9999999999999993,0.20000000306554785,0.20000000373010074,0.20000000551908306,0.19999999599075868,0.19999999169450972
1352,69f8dca31ffa22be2e4ba157a66229dc6fa1c482eb037ce9475fdffa4eedaca4,Healthy-Leaf(1399),4,0.9999999999999665,0.199999962144959,0.19999995396968623,0.19999993171905503,0.2000000496141938,0.200000102552106
1353,73a7d9bee607dbe555600cb6b01061f83d5ad24eb71af4550e3d272351e4071c,Healthy-Leaf(1399),4,0.9999999999999871,0.19999997681892162,0.19999997181326812,0.19999995819585453,0.20000003037542216,0.20000006279653365
1354,3f7a13df2bcba95022eed68bdb93888544849e04a29746795da1e8f23d079f9e,Healthy-Leaf(1399),4,0.999999999999995,0.19999998635650867,0.19999998341007988,0.19999997540488243,0.20000001787066912,0.2000000369578598
1355,5e015c8545c0ce82eb75040322cea825589c44d60dfb1b31e2193700a976a93b,Healthy-Leaf(1399),4,0.9999999999999726,0.19999996580828772,0.19999995842465967,0.1999999383280124,0.20000004481204808,0.20000009262699206
1356,32615c1d5368f616a85ca41320a18d1ee4ca9cff31e9f831c3882101322b1875,Healthy-Leaf(1399),2,0.999999999999938,0.20000005172525506,0.20000006289651664,0.20000009331192112,0.19999993219741075,0.1999998598688965
1357,aed3e27184778bbdb0733122fd347773f1eb2d22ba77584ca0601eebe6dcd663,Healthy-Leaf(1399),4,0.9999999999999702,0.19999996446201837,0.19999995678660556,0.19999993590048432,0.20000004657568293,0.20000009627520876
1358,0d2bc69faf3cdef47815b72016f6c9cf00d4de4b7ef7ef5cd9a84709008c3562,Healthy-Leaf(1399),4,0.9999999999999662,0.1999999620165581,0.19999995381286864,0.19999993148630418,0.20000004978321076,0.20000010290105835
1359,873acbe4814f9e809ec24489454ea89fb4f9efaeac70c237e4c2a114e0efd08e,Healthy-Leaf(1399),2,0.9999999999999931,0.20000001656682115,0.20000002015085586,0.20000002989120388,0.19999997828143584,0.19999995510968346
1360,28053c1e2f85fc2ec7caf97bf7f43a3b1aab1ad648d6ea952aea645d184ce001,Healthy-Leaf(1399),2,0.9999999999999988,0.2000000052502675,0.20000000638835244,0.200000009477611,0.1999999931139529,0.19999998576981626
1361,016900944867201a00de11d6148886cdc6438d692e32266169d5bdb3057fbbf9,Healthy-Leaf(1399),4,0.9999999999999702,0.19999996444527665,0.19999995676856158,0.19999993586820133,0.20000004659971318,0.2000000963182473
1362,9bb21b7d91cb9fcf0573e033092c83b710d23c7e99e3541cc5956c276adead76,Healthy-Leaf(1399),2,0.9999999999999919,0.2000000178673615,0.20000002172441386,0.20000003223733723,0.1999999765750505,0.19999995159583683
1363,5d81a5a149e30142928db9ae55a48aaa00c414512d9af667bd5e086be2dfa826,Healthy-Leaf(1399),4,0.9999999999999613,0.19999995921722258,0.19999995040750695,0.19999992644441564,0.20000005344611804,0.20000011048473681
1364,c2566d5bb08d3637ec33f72b82347173434d8357c372beed34a8c308d45da91d,Healthy-Leaf(1399),4,0.9999999999999989,0.19999999561095197,0.1999999946675728,0.1999999920950755,0.2000000057443,0.20000001188209973
1365,2e97afccc322d9957b41253bf73a89ed44006e0c985180c2cee1d2c5b2a39908,Healthy-Leaf(1399),2,0.9999999999999888,0.20000002140486728,0.20000002602957495,0.20000003863050472,0.1999999719298963,0.19999994200515675
1366,fa62203c98f5f2fed6a0c5ef1dc089a95523d44e420400e020c45bea33623a20,Healthy-Leaf(1399),2,0.999999999999989,0.20000002123397387,0.20000002582393916,0.20000003831686164,0.199999972158473,0.1999999424667523
1367,dfcce2e6fb35394aec2b6eee3107b63371571dd46928c654547e60b041f9525a,Healthy-Leaf(1399),4,0.9999999999999973,0.19999999089246803,0.19999998892424334,0.19999998357733906,0.20000001193252642,0.20000002467342318
1368,526e897f3ca88e844959c15764960a6e90e3b831b1c3cd529edb776acb40df7c,Healthy-Leaf(1399),4,0.9999999999999888,0.1999999784904428,0.19999997384526141,0.1999999612119434,0.20000002818373883,0.20000005826861353
1369,be1f15920570c6d8cdb0308165f96b929ad4d0bf1dd031efb679b49437567dbd,Healthy-Leaf(1399),2,0.9999999999999692,0.20000003620030068,0.20000004401567661,0.20000006530677192,0.19999995254591874,0.1999999019313321
1370,8c0d5d64e8b8d7a30aa6264c5eca187f2b079a56b1eba62b87ed6aaa787f4711,Healthy-Leaf(1399),2,0.9999999999999534,0.20000004471751337,0.20000005437743013,0.2000000806758423,0.1999999413792823,0.199999878849932
1371,c1504bda16d5b9f90381cbcb36a25af8404cad6a308307f3def63c0752abcd86,Healthy-Leaf(1399),4,0.9999999999999659,0.19999996177121782,0.1999999535168828,0.19999993103643668,0.20000005011091215,0.2000001035645506
1372,1409aa27b1a1ed55be1e6501dd040b73160896e27417b8e90147386ac6899b8e,Healthy-Leaf(1399),4,0.9999999999999842,0.19999997432028596,0.1999999687743071,0.19999995368649903,0.20000003365197458,0.20000006956693342
1373,21b875bb59b9458cdef208f58b677bfdc5c843c7f7f017bcca9f60db40fc42d3,Healthy-Leaf(1399),4,0.9999999999999993,0.19999999913571975,0.1999999989452125,0.19999999843326496,0.20000000113798502,0.20000000234781773
1374,453e6e4f1f02265d11801e7cb29a7329bb144d3ddd0039e5c3b7a6cb89e5c4fe,Healthy-Leaf(1399),4,0.9999999999999879,0.1999999776013828,0.19999997276318435,0.1999999596072824,0.2000000293495384,0.200000060678612
1375,6412f6949b06acd56571be057c3939be90d046df3aa518742eb0116b041c19d0,Healthy-Leaf(1399),2,0.9999999999999689,0.20000003634609517,0.20000004419627507,0.20000006556796923,0.1999999523569058,0.19999990153275488
1376,eff6e414aa2c03081c5111e0cffbdc765f2f96987fa6ae948905abbcc93e42da,Healthy-Leaf(1399),2,0.9999999999999954,0.20000001289264924,0.20000001567994707,0.20000002327276156,0.19999998308946396,0.19999996506517825
1377,4523f17db248d52028b5b4afc2da47c5fccc3ff1a8b0e9f1752429bbf3e70765,Healthy-Leaf(1399),2,0.9999999999999708,0.20000003523475918,0.2000000428466887,0.2000000635682336,0.19999995381010818,0.1999999045402103
1378,23b170af05e9a7d5d7d80b8c223a71066c73b225680012eb32fba8088b06a1cf,Healthy-Leaf(1399),2,0.9999999999999806,0.20000002856012655,0.20000003473322972,0.20000005153320852,0.1999999625553551,0.19999992261808014
1379,94a3cf6cf771e7d1c55be706775cabfc2bafb2af2f7ce7bbbf669985d2f73ae4,Healthy-Leaf(1399),4,0.9999999999999875,0.1999999772718324,0.19999997236915573,0.199999958993988,0.20000002979738374,0.20000006156764016
1380,3041c981f24f0e93a1834dfe6e822d6dcf279f88a00b3bec8ba580943e3dbb93,Healthy-Leaf(1399),4,0.999999999999952,0.19999995466012638,0.19999994486905381,0.19999991822209046,0.20000005942130888,0.2000001228274203
1381,c4435e7582655eb98e1dd59f22473e1d850cf5f109c5cf2148973b3dadf0898e,Healthy-Leaf(1399),4,0.9999999999999653,0.19999996144200768,0.1999999531164243,0.19999993044450423,0.20000005054091827,0.2000001044561454
1382,36eb4963f1939d9c541d168e326d63ee016ba1a515d6f5a81d7d22e48d26168f,Healthy-Leaf(1399),4,0.999999999999991,0.19999998097754904,0.1999999768697901,0.19999996570098683,0.20000002492184038,0.2000000515298336
1383,85d1b4c84b0e3285410983410b2680307a170a6ace3201c86fe5ca5757249888,Healthy-Leaf(1399),4,0.9999999999999637,0.199999960548903,0.1999999520303137,0.19999992883826148,0.20000005170781562,0.20000010687470626
1384,18f368862a0ffec1d7fc6dd1db68bc80ce6210c1d70bc450e416eb553b8b55a8,Healthy-Leaf(1399),2,0.9999999999999932,0.20000001629326372,0.20000001981166599,0.2000000293949088,0.19999997864081842,0.19999995585934302
1385,0460bb3f05d749e54167aba7eda89de42d44552ea84dfab4b20456476dd4a7bb,Healthy-Leaf(1399),4,0.9999999999999609,0.19999995907400225,0.19999995023462125,0.19999992617702653,0.20000005364106385,0.200000110873286
1386,1fbc51433b6009351df8ae7a3145c51e954e8821b7ddd086a7060124d17f9ef8,Healthy-Leaf(1399),4,0.9999999999999915,0.1999999814004915,0.19999997738436634,0.19999996645029974,0.20000002437803813,0.2000000503868044
1387,4aaa160972836eeeb75db93ace2aef62b78f5a19c851dd90a87b5ba58e15b8b4,Healthy-Leaf(1399),4,0.999999999999996,0.19999998776574734,0.19999998512471528,0.19999997793960225,0.20000001602944895,0.20000003314048623
1388,82265e8fd4dc2b3310af53b86426f9e2f7ac38347e1a660c51d221d1ef08a288,Healthy-Leaf(1399),4,0.9999999999999993,0.19999999756834244,0.19999999704581928,0.1999999956273355,0.20000000317725844,0.2000000065812443
1389,6f4155ff233403b6e911ac65553ce8a777ef7e187e6383fc8235481a2ae069f4,Healthy-Leaf(1399),4,0.999999999999996,0.19999998781406203,0.19999998518620093,0.19999997801707642,0.2000000159741356,0.2000000330085251
1390,5c44361293efe4022a169bc9d60a9e09523ecc6c5ea85c5d5f108b5c54109406,Healthy-Leaf(1399),2,0.9999999999999993,0.20000000283701433,0.2000000034490777,0.2000000051213724,0.19999999627843817,0.19999999231409754
1391,3b765f4c0b95dcdc4cdcd4e3961b473fc2811343777e5b732a0759d9d10ab5c8,Healthy-Leaf(1399),2,0.9999999999999987,0.2000000057224212,0.20000000695979053,0.20000001031758924,0.19999999250357356,0.1999999844966254
1392,af8455b6242c57f1ca4cebd9b726071775b0f764eeba51faa277c1ea42916d5d,Healthy-Leaf(1399),4,0.9999999999999916,0.19999998149549542,0.19999997750006038,0.199999966625242,0.20000002425077473,0.20000005012842761
1393,c1dc9ae50ca985d3db25c063db27136a48602132ecfd6fe6d40478933f8c1b68,Healthy-Leaf(1399),4,0.9999999999999587,0.19999995794763703,0.19999994886785882,0.1999999241492526,0.20000005511489613,0.2000001139203554
1394,f759eaa4dc97f6123f8df916dec261e67ac81b06f81ddbcc472fd496bbb7136b,Healthy-Leaf(1399),2,0.9999999999999728,0.20000003392696794,0.2000000412563547,0.20000006120029942,0.19999995553106314,0.19999990808531481
1395,85a25cdf0ee20226068076487bfe6d174b5293cc5803823b8f5c62cde76ac1f7,Healthy-Leaf(1399),4,0.9999999999999786,0.19999996987987168,0.1999999633735374,0.1999999456670855,0.2000000394791491,0.20000008160035637
1396,45748bc182ee1f1236f94aeac58e4b6c5731627ea2ef1ec34e1e4977568318ce,Healthy-Leaf(1399),4,0.9999999999999897,0.1999999794202479,0.19999997497949804,0.199999962876052,0.2000000269758677,0.20000005574833435
1397,406ba671f2a95fd7918a9c5735bc74d7a4103cb7350af4c96154c946b2177415,Healthy-Leaf(1399),4,0.9999999999999993,0.19999999796615664,0.19999999753012845,0.19999999633986104,0.20000000265985665,0.20000000550399719
1398,16ed866e2a5a427a5a45a7518a49c1f02ee249afc85497eb0d844298f4aed6e1,Healthy-Leaf(1399),2,0.9999999999999953,0.20000001324123165,0.20000001610651846,0.20000002389192945,0.1999999826405476,0.19999996411977292
1399,f59d28d7868f228878ef4716ef62b22a444a0dccca71f09b7fe435d9ea68cb51,Healthy-Leaf(1399),2,0.9999999999999988,0.200000005610388,0.2000000068248412,0.20000001012848012,0.1999999926406929,0.19999998479559788
1400,2231ea747d2599e12e5101630c6f7d7ca3487c2cd907c5ea2560a2631eef8956,Healthy-Leaf(1399),4,0.9999999999999905,0.19999998041304778,0.19999997618368792,0.19999996466795697,0.20000002567317304,0.20000005306213428
1401,d077fee6fde559ee5909c5f081cc5462c78ea11ce9595a8b351aaa5957603132,Healthy-Leaf(1399),4,0.9999999999999957,0.1999999873007871,0.19999998455721596,0.19999997710086542,0.20000001663844424,0.20000003440268724
1402,b8d2efa7e4b7c195aaceea0ad2f6eac676c27d61ed828a7bb6c9b49e5112b806,Healthy-Leaf(1399),4,0.9999999999999846,0.19999997453836674,0.19999996904407052,0.1999999540593498,0.20000003338287364,0.2000000689753393
1403,5fcf8d55071e12cec311f4845bffed976eca1eda4048d036e323a7f12e6d0616,Healthy-Leaf(1399),4,0.9999999999999947,0.19999998571005695,0.1999999826207761,0.19999997422795537,0.20000001872566722,0.20000003871554434
1404,1a2b52cc189dcffcb5017580c93cb9026482c975eaf9d93ce90bc62a8d7d73f2,Healthy-Leaf(1399),4,0.99999999999998,0.19999997098961966,0.19999996472562084,0.19999994766422266,0.2000000380287495,0.2000000785917873
1405,d2f672ceacf03cf28dfe300f5e42055d49f09d2190d1fbda2aad55321bae4e8e,Healthy-Leaf(1399),2,0.9999999999999408,0.20000005048677288,0.20000006139373327,0.20000009108223427,0.19999993381803916,0.19999986321922036
1406,5f3c00f728a5b3852a0578a0a6e0c56cb386d5ae03b6f717a4b85f73e73321e2,Healthy-Leaf(1399),4,0.9999999999999968,0.19999998941831484,0.19999998713050002,0.19999998090561183,0.20000001387415386,0.20000002867141947
1407,62d68398663e9f36020547b4792ec776be8696f4767185f8dc3c68b288b51d5e,Healthy-Leaf(1399),2,0.9999999999999658,0.20000003825443116,0.2000000465204284,0.20000006899605663,0.19999994986738148,0.19999989636170232
1408,c20dca7de3f31e9ac40ad4aa9265035004f1d6259e185671ca5b6d7778a355cf,Healthy-Leaf(1399),2,0.9999999999999654,0.20000003857427684,0.2000000469061815,0.2000000695829404,0.19999994943985788,0.19999989549674344
1409,09a1d934c26cca911ae7658fe14c81576917a4982db92acb78b0cdcd9b24617f,Healthy-Leaf(1399),4,0.9999999999999581,0.19999995758223343,0.1999999484240872,0.19999992347899823,0.20000005560252376,0.20000011491215736
1410,00375a6242a41f1c366417ead3f8c153c813822343f70b8600f1a19870f8aa6b,Healthy-Leaf(1399),4,0.9999999999999993,0.19999999867120252,0.19999999838557725,0.19999999759452922,0.2000000017485281,0.2000000036001628
1411,c4bc166e4fd39ed7b6898e752d0611fc0233e0ff27985d8cdc8ca9b1fe86a816,Healthy-Leaf(1399),4,0.9999999999999954,0.19999998680351475,0.19999998396021026,0.19999997617859294,0.20000001731127795,0.20000003574640415
1412,80b53a4b6608f623c6a61eb0004a9789ebdce2a0472eee1c99901225a6a6a5e7,Healthy-Leaf(1399),4,0.9999999999999705,0.19999996451617388,0.1999999568526314,0.19999993599168056,0.2000000465097407,0.20000009612977346
1413,13a615a7fb97ee05cb64d8e1d3c47eaa7f3c5758cac0d83ce6b9ccabfdea4fdd,Healthy-Leaf(1399),4,0.9999999999999981,0.1999999927676055,0.19999999121094963,0.19999998694183482,0.20000000948997737,0.2000000195896327
1414,274853820134db4c0c89975bc8df8750a4e8f8c96fb0a7f26e39e093e0cc8804,Healthy-Leaf(1399),4,0.9999999999999739,0.1999999667081867,0.1999999595207674,0.19999993993122264,0.20000004364838958,0.20000009019143372
1415,c26a50ddf84672fc5fe8e8c626844580c6bc4380f0608ecae8b65a923136f56a,Healthy-Leaf(1399),4,0.9999999999999684,0.19999996338611176,0.1999999554819939,0.19999993394457996,0.20000004799830826,0.20000009918900608
1416,6c2dc1ee21b7922c6faee5a23b9c5ced0b7697b54523c8f046b97a04b6682680,Healthy-Leaf(1399),4,0.9999999999999669,0.1999999623803519,0.19999995425256012,0.19999993213837314,0.20000004930904053,0.20000010191967427
1417,69f49ea101038aeda8f74badaad52a2906f5b326581eae4a218ad6827df8c402,Healthy-Leaf(1399),2,0.9999999999999396,0.20000005101517476,0.20000006203334889,0.20000009201502322,0.19999993314054312,0.19999986179591003
1418,c0c0083cc7691f32ed24479715e0b43052fc48f65cea0d465607760f0348e1c6,Healthy-Leaf(1399),4,0.9999999999999984,0.19999999395644358,0.19999999265000776,0.19999998909979452,0.20000000792002157,0.20000001637373244
1419,4e06f920354bb12233ffec2ac3f3313164179469f09d10e2c1e0e5a469b130c9,Healthy-Leaf(1399),4,0.9999999999999613,0.19999995933698453,0.19999995055735376,0.1999999266494524,0.20000005329850146,0.20000011015770788
1420,916c130743a5d89ccd1fca5190ec648ce32ab28999711df4883afa139fbbc5c2,Healthy-Leaf(1399),4,0.9999999999999528,0.19999995505240323,0.19999994534207843,0.1999999189238159,0.20000005891084988,0.20000012177085252
1421,2183f2d3795b8104468ee76dc3a698aa1964ee36363ac9fdad574c321e80e50c,Healthy-Leaf(1399),4,0.9999999999999953,0.19999998664680416,0.19999998376620554,0.19999997591402663,0.2000000175020007,0.20000003617096285
1422,3f7627c5205ca3931aa2ba6ce99623dccfb0180567a692841942946ac13acfdd,Healthy-Leaf(1399),4,0.9999999999999869,0.19999997654780996,0.1999999714868021,0.1999999576946917,0.200000030740755,0.2000000635299412
1423,932143d9f480f01665776ffb011c8d1952a1cfa0fe6226e96ec7f654cc1ce867,Healthy-Leaf(1399),4,0.999999999999972,0.19999996556628,0.19999995813065513,0.19999993787711576,0.20000004514038497,0.20000009328556412
1424,d2ed80782aeb6c2230192db7c13b63a52c740015466a8105adce5e31625e3dcb,Healthy-Leaf(1399),4,0.9999999999999515,0.19999995434260184,0.19999994448020866,0.19999991764267136,0.2000000598420415,0.2000001236924766
1425,5ec76f3d3628bcd7e3efb203a73370fd8fd36a7071f057d35a03309383ea5313,Healthy-Leaf(1399),4,0.9999999999999745,0.199999967062002,0.19999995994687775,0.19999994058347886,0.200000043172987,0.20000008923465445
1426,7426d704bb4f26a7e421bf622e2d8d3d77da5a01a645c18841dd9b82573152f4,Healthy-Leaf(1399),4,0.9999999999999886,0.19999997826512692,0.19999997357055058,0.19999996079994853,0.2000000284831802,0.2000000588811938
1427,a0e9ee141ef417434b60aa52aa4f57873defd6c04fbf976f71ff6cb08ca293da,Healthy-Leaf(1399),2,0.9999999999999976,0.2000000091252171,0.20000001110112647,0.2000000164579158,0.19999998804254882,0.1999999752731919
1428,9f74b8bcbdd1104a2ff9fcb14f04771879247b9e9805f04365b9f0a37000ebbe,Healthy-Leaf(1399),2,0.9999999999999617,0.20000004058099294,0.20000004934695975,0.20000007319403856,0.1999999468164717,0.19999989006153707
1429,26fdaa3e8017da4418c510c9fbf7d7f451f7ac59271832edc0d4cfe6f5daf3eb,Healthy-Leaf(1399),2,0.9999999999998084,0.20000009119499942,0.20000011089172792,0.200000164492362,0.1999998804772557,0.19999975294365496
1430,44bbb532917a875f6d938fa646666f0ae3d724193d7f733d2210549a0549c98f,Healthy-Leaf(1399),4,0.999999999999999,0.19999999556059,0.19999999460820486,0.19999999198282367,0.20000000582718772,0.2000000120211938
1431,57f5c61b570fb878b19aae25ef36e91d39376a545f71ca4024417ab3e27186b4,Healthy-Leaf(1399),2,0.9999999999999385,0.2000000515359417,0.20000006267081138,0.20000009296052085,0.1999999324541131,0.1999998603786129
1432,90921757430cf4c4afaa4d6ac67480189e24342e17f9088ccc1eb69f036ce70f,Healthy-Leaf(1399),2,0.9999999999999984,0.20000000590326686,0.20000000717582794,0.20000001064925063,0.19999999226154622,0.19999998401010835
1433,2e100b87dba9af8b367280dc285b30dd143b5c26024ec207a04132eeb002fcf4,Healthy-Leaf(1399),4,0.9999999999999863,0.19999997622826987,0.1999999710982306,0.19999995710928536,0.20000003116651,0.20000006439770424
1434,4d23275432216cff64559cf4ac48da72b185912df5a6a3105f329d056906f6dd,Healthy-Leaf(1399),4,0.9999999999999949,0.19999998603031938,0.19999998301535796,0.19999997479764534,0.2000000183131141,0.2000000378435632
1435,a8755a5ad13ddacb5ee7436f1fd7c9d6a84b61927f160cdcdcde8f0f10572af7,Healthy-Leaf(1399),4,0.9999999999999646,0.19999996103953815,0.19999995262778994,0.1999999297203441,0.20000005106716523,0.2000001055451625
1436,e537a7af3eb42d364a7310108dfa2030905713ffa57ec3086be17151b9e5e969,Healthy-Leaf(1399),4,0.9999999999999767,0.19999996853354937,0.19999996174253393,0.19999994323209386,0.20000004125000423,0.20000008524181864
1437,7b0a5590a675d382a44ba7903ccce13042893578186724602af135ca4616e9a5,Healthy-Leaf(1399),2,0.9999999999999653,0.20000003853562567,0.20000004686513403,0.20000006951368293,0.19999994949141928,0.19999989559413806
1438,44763205a4c5398e75fa02fbc715eae287368fb9a4b648158224cf390c53a915,Healthy-Leaf(1399),4,0.9999999999999813,0.19999997200534528,0.19999996595755454,0.19999994950271402,0.20000003669193814,0.2000000758424481
1439,283541fe693417e3e3375ca546242e425e0bb28359ada45fa340b68d0a7ed09b,Healthy-Leaf(1399),4,0.9999999999999635,0.19999996047527896,0.1999999519418364,0.19999992869577188,0.20000005181196207,0.20000010707515067
1440,13cd4c4dbcf3e9cee8d049d32c80b309a20b7d1dce15f9bfc18d5184a57c484b,Healthy-Leaf(1399),4,0.9999999999999966,0.1999999889289579,0.19999998653749482,0.1999999800260403,0.20000001451355764,0.2000000299939494
1441,6b8944a330e7f4cd4442ff040c64350d1876b72338b857c1b4ece4681b4e519c,Healthy-Leaf(1399),4,0.9999999999999808,0.1999999715051505,0.1999999653543944,0.19999994859609443,0.20000003735193955,0.20000007719242116
1442,b7dc230390e7af21007b5e4487371ad70ff8f103a5067dc861198befff28b862,Healthy-Leaf(1399),2,0.9999999999999506,0.20000004608938882,0.20000005604455587,0.20000008312434323,0.19999993960107149,0.1999998751406406
1443,ad136fe0216df4bc465d6591bec356bf483e2b6580d778f948cabab60d1f91e5,Healthy-Leaf(1399),2,0.9999999999999981,0.20000000741091453,0.20000000901037263,0.20000001337219506,0.19999999028311075,0.19999997992340707
1444,239220055ff863c5447425639ee5303a70e00af713d5d8aa03148cbdfae723d6,Healthy-Leaf(1399),2,0.9999999999999664,0.20000003788924256,0.20000004606878788,0.20000006833999753,0.19999995034238832,0.19999989735958373
1445,a62e6ac29bb5bddc497cb2a0844068aa00436da4575bd57822d7b6b95fe65bef,Healthy-Leaf(1399),4,0.999999999999916,0.1999999398123671,0.19999992681111572,0.19999989143274222,0.20000007888652402,0.20000016305725082
1446,13c8a1443b42a222b94bff78f2df5c5f36a5499d3436fdf777c2090e7149f401,Healthy-Leaf(1399),4,0.9999999999999892,0.19999997903210412,0.19999997450095605,0.19999996217913582,0.20000002748075843,0.20000005680704547
1447,be82f6b6ce481a2474b7cd02d4da19d22e9e933cdaf09194f5b843f720180454,Healthy-Leaf(1399),2,0.9999999999999933,0.20000001616131655,0.2000000196485753,0.2000000291627557,0.1999999788086892,0.19999995621866323
1448,a891dd9c28e0b6de5bc0755564fea4880302d0cc4736901915d44e8174fce460,Healthy-Leaf(1399),4,0.9999999999999968,0.19999998919714887,0.19999998686093065,0.1999999805230257,0.20000001415133,0.2000000292675647
1449,a8d75bee0a9059502a0fd377cd5c08a31390c4f5810822d0130baae463f1e291,Healthy-Leaf(1399),2,0.9999999999998709,0.20000007482573257,0.20000009098903046,0.20000013498681654,0.1999999019160261,0.1999997972823945
1450,c5100bc6fc72bb390f38fa077c7a26c39321af68fb2d7cff5df0db1ea62a3dde,Healthy-Leaf(1399),4,0.9999999999999823,0.19999997286374308,0.19999996700104386,0.1999999510534805,0.20000003556496262,0.20000007351676993
1451,c1390cffaa57bae8f07cbf62fc440c80d1d187bbd29db9e5eb0ce2f49f8f2fcf,Healthy-Leaf(1399),4,0.9999999999999979,0.19999999227036627,0.1999999905997279,0.19999998605544564,0.2000000101322223,0.2000000209422379
1452,b9963c4ce5b7d841bd7d7c16ed76b4674c9c2e72c99a21e312d7908c69235de2,Healthy-Leaf(1399),4,0.9999999999999899,0.19999997954770654,0.19999997512788384,0.19999996310979423,0.20000002680449505,0.20000005541012036
1453,194b1712e818971315a58f2e7e009b67eab6ea70da956cbc2e78d817e124510a,Healthy-Leaf(1399),4,0.9999999999999782,0.19999996965236674,0.19999996309968815,0.19999994525641518,0.20000003977814895,0.20000008221338103
1454,0b71cfea5a7cae7a5da67fd04434287971a9ba1a2c741a57d34fbccfe20b5608,Healthy-Leaf(1399),4,0.9999999999999852,0.19999997524396712,0.19999996989648844,0.19999995534348985,0.2000000324481547,0.20000006706789983
1455,bc00c2adf9964cc2fb360cf41bd089c738092da57ae7b6e829ac09bde7233bec,Healthy-Leaf(1399),2,0.9999999999999989,0.20000000485320696,0.20000000590122063,0.20000000875922772,0.19999999363516227,0.19999998685118234
1456,4a6a87be290827912f7d85153c9b73530e653cf62890e46b69076d55e26be140,Healthy-Leaf(1399),4,0.9999999999999983,0.19999999340713806,0.19999999198548987,0.19999998809913938,0.2000000086482463,0.20000001785998645
1457,aaaef9c9b75b46072c8e35c6e41289e800741e46dfc7ea8ee8871c97c58498e9,Healthy-Leaf(1399),2,0.9999999999999988,0.20000000518706063,0.20000000630829728,0.20000000935567172,0.19999999320226666,0.19999998594670362
1458,363e551c71d44b96cb88678c7dca93dc0e804c040e56c984c49d0a8a0831627d,Healthy-Leaf(1399),4,0.9999999999999994,0.1999999992700497,0.19999999911483338,0.19999999870754526,0.200000000938586,0.20000000196898576
1459,1b1a55861d7a00ebea072a1e34737bf459256ddda9468913af8d18e17b317fc8,Healthy-Leaf(1399),2,0.999999999999995,0.20000001353142358,0.20000001645367976,0.2000000244187117,0.19999998225641086,0.1999999633397741
1460,760bcb7d9c4aece818456d2488ad0d6a826b5349589146adf6b6639db1ee5d8f,Healthy-Leaf(1399),2,0.9999999999999962,0.20000001156158453,0.2000000140582874,0.20000002087100766,0.19999998483398881,0.19999996867513165
1461,3075da7b13d7582dd12c1c26f23f5d8bbb646dcb8244b329c5c839ab5adb8a13,Healthy-Leaf(1399),2,0.9999999999999847,0.2000000253913924,0.2000000308766514,0.2000000458200968,0.19999996670573314,0.19999993120612633
1462,c51ae25063a5ae3609c5788d2fa0b142ae0639fa92d433381e00f5b5b9988b24,Healthy-Leaf(1399),4,0.9999999999999808,0.19999997165963368,0.19999996553583752,0.19999994887489608,0.20000003714804446,0.20000007678158838
1463,22285ac9dbcb963580937babfc3be0075b737c792487172ca1d2a92b720a6fcd,Healthy-Leaf(1399),2,0.9999999999999984,0.2000000063942601,0.20000000777672575,0.2000000115535551,0.19999999160443147,0.19999998267102764
1464,b6f816a5482e8c9af03832a25a945b8832e19152a801ece2cf8a72757746cf2a,Healthy-Leaf(1399),2,0.9999999999999774,0.20000003088169332,0.2000000375505818,0.2000000557192687,0.19999995951255792,0.19999991633589817
1465,6af4573442546e15f02f6a6dc45f1b8432b45515f61873278b1715b7fda6863b,Healthy-Leaf(1399),2,0.9999999999999863,0.2000000237403956,0.20000002887015622,0.2000000428412895,0.1999999688704496,0.1999999356777091
1466,592e093016cdae195af7da8295c3099297c962dc4627b8cdd50d26282fa29393,Healthy-Leaf(1399),2,0.9999999999999306,0.20000005476979796,0.20000006660316785,0.20000009881511424,0.19999992819915147,0.19999985161276854
1467,01900f25ad9ac34d1051b16e7f7a54ee1387569ce8a3d4b3daf6b12064641798,Healthy-Leaf(1399),2,0.9999999999999749,0.20000003265886293,0.2000000397141463,0.20000005894291972,0.19999995716997976,0.19999991151409127
1468,9004ec645eba53c083112aa75f1e8262aaa91ace7c72b188c922ebfa3d57e807,Healthy-Leaf(1399),2,0.9999999999999539,0.20000004450130007,0.2000000541170032,0.20000008029436403,0.19999994165660717,0.19999987943072556
1469,1eafe0d8f1a4a328fe2278aa6d121793218fd61316c1d71eba200aa14aa9b602,Healthy-Leaf(1399),2,0.9999999999999294,0.2000000552008148,0.20000006712507912,0.20000009958318596,0.19999992764100513,0.19999985044991503
1470,399cd83deacdf6301773d0edb8ba4e5e997216763a8c3bee161eda04a42afcfc,Healthy-Leaf(1399),2,0.9999999999999893,0.20000002075689416,0.200000025236624,0.2000000374606398,0.19999997277891834,0.19999994376692373
1471,81ab2330f99a9b234f6bcf8d1b35e3fec9f9ad773aacfefed4d2693a899c4e2f,Healthy-Leaf(1399),2,0.9999999999999462,0.20000004811228636,0.20000005850549898,0.20000008681255804,0.19999993691967072,0.19999986964998587
1472,d80333574ab436cbf0cde4d2038cee3fd6ac52e167eafe76d2daccda07fbc34a,Healthy-Leaf(1399),2,0.9999999999999534,0.20000004472822522,0.20000005439146717,0.20000008071267378,0.199999941351961,0.19999987881567274
1473,b7ade6c03016d9611ddcc9395d1a782cd8c18f4e109b9ce12eb5bf13c1021c13,Healthy-Leaf(1399),2,0.9999999999999967,0.2000000107891042,0.20000001312474877,0.20000001944917706,0.19999998586957465,0.1999999707673953
1474,246d8f99841b799147dd557550d1b31c9597fd7ed80a626a3ac3fda1647f8ea7,Healthy-Leaf(1399),2,0.9999999999999521,0.20000004527301082,0.20000005505449978,0.20000008168940628,0.19999994064262716,0.19999987734045593
1475,025ea225cfa086f752b9e1970cb61a0e046eb5bb011c6a3626262a6ddd2e1082,Healthy-Leaf(1399),4,0.9999999999999947,0.1999999856555272,0.19999998255801027,0.19999997414632698,0.20000001878495655,0.200000038855179
1476,5f9cdde3ff1188db9df309d3a1297adecd116ea84229bae770e2844ca2488dac,Healthy-Leaf(1399),2,0.9999999999999813,0.20000002801557437,0.20000003407051475,0.20000005056008574,0.19999996326191316,0.19999992409191197
1477,8d449fe54b29f50c31949640a920585f5ad8f09da864593a64a6a650e8fbcd13,Healthy-Leaf(1399),2,0.99999999999997,0.20000003568856076,0.20000004339231608,0.20000006440420132,0.1999999532006241,0.19999990331429773
1478,fb8f7e18bec29a68677b1129f44946bb0d5719f4bc9913c1b45021f204d3cf47,Healthy-Leaf(1399),2,0.9999999999999708,0.20000003524357424,0.20000004285630035,0.20000006359728556,0.19999995378819235,0.19999990451464755
1479,76af0fd4c1caed5e0d7b269c078b3384b7963869fe76793fe0ab9605c2467016,Healthy-Leaf(1399),2,0.9999999999999709,0.2000000352513685,0.20000004286241865,0.2000000636071146,0.1999999537805343,0.19999990449856406
1480,aaecf0ef1125c8b516ad96087e13facc08c55868ba6cbfb967bcc12edfed7b46,Healthy-Leaf(1399),2,0.9999999999998724,0.20000007434379896,0.20000009040141908,0.20000013412415368,0.19999990254219854,0.19999979858842978
1481,d1a0a36bd4dc9ff8ef898671979b817fe2df52e22aced8c5f86502380a54d158,Healthy-Leaf(1399),2,0.9999999999999966,0.2000000109062305,0.2000000132611158,0.2000000196854545,0.19999998569552638,0.19999997045167278
1482,54eda21ba2592a62067494510bb97f1b7ec3e8ad920f38c70104171e1d038f01,Healthy-Leaf(1399),2,0.9999999999999669,0.20000003764000496,0.20000004577169567,0.20000006791773461,0.19999995064927384,0.19999989802129098
1483,cb1e30e7c9dd48d52f1426450fa1e95a1e49547551a7d7bfe061b268b82ede0e,Healthy-Leaf(1399),2,0.9999999999999891,0.20000002110195833,0.2000000256641825,0.20000003808348937,0.1999999723279873,0.19999994282238245
1484,a8cf1b41967aac3af047b3844a77b78f903e14c6d5f6df77c3d1c647e9cd827e,Healthy-Leaf(1399),4,0.9999999999999802,0.19999997117474655,0.19999996494650865,0.19999994800146423,0.20000003778268807,0.20000007809459253
1485,0e4841bfb32b847f0ad28942b10f0d197e8581b33986f87e2429232dacfecaf2,Healthy-Leaf(1399),2,0.9999999999999957,0.20000001275939183,0.20000001551776267,0.20000002303640235,0.19999998326099372,0.19999996542544932
1486,5bc1cb054552b775fdd5387a1dff9b151a7d2f81f86eb4277eb62d38c32e9bcc,Healthy-Leaf(1399),2,0.9999999999999992,0.20000000265804066,0.20000000323043274,0.20000000481106228,0.19999999650314657,0.19999999279731775
1487,cabd369666ced552103bc768be486f6a951fbb8aea2927c0279a658e4c3593af,Healthy-Leaf(1399),2,0.9999999999999981,0.20000000753693914,0.2000000091607672,0.2000000136165733,0.19999999010421024,0.19999997958151017
1488,455459943d49245094fdff47a5511f384de3b2316d4b643b63cd5449ab061a3c,Healthy-Leaf(1399),4,0.9999999999999954,0.19999998713125783,0.19999998434974697,0.19999997680046025,0.20000001685619942,0.20000003486233553
1489,441376d2d1ff5e9d355201246fc5e23b8ac4285824664c6467ecf2082469427d,Healthy-Leaf(1399),2,0.9999999999999988,0.20000000560347309,0.20000000681236113,0.20000001013205457,0.19999999263654528,0.19999998481556608
1490,4c81fd2fc8639c933a7c56df1e73c5309c95fbbb85b70f44d4f5f20c0d527f71,Healthy-Leaf(1399),4,0.9999999999999953,0.19999998649110703,0.19999998357367554,0.1999999756489939,0.20000001769321063,0.20000003659301288
1491,71f23ebdddc8d16ee06d430968c6e6e4ac3ba2038f04b4bfb6b91d09e1b6420f,Healthy-Leaf(1399),4,0.9999999999999933,0.19999998376183223,0.19999998025431712,0.19999997072231096,0.20000002127305386,0.20000004398848575
1492,89bafc8d3d6e78331352c86c988640bd07bbd759a04fbdc78bc0aa51acdfaaab,Healthy-Leaf(1399),4,0.9999999999999911,0.19999998105735792,0.19999997696771746,0.19999996584603683,0.2000000248165681,0.2000000513123197
1493,c74695f5e254dd454815ffca882da4d34ec8c9104c69f41b8bce5d12cd3be359,Healthy-Leaf(1399),4,0.9999999999999408,0.19999994947724387,0.1999999385650294,0.19999990887427002,0.20000006621318314,0.20000013687027343
1494,e7ebc626f0303bc80fd122052ab150e349e323d217238cf3291ccd3c51bd29a7,Healthy-Leaf(1399),2,0.9999999999999993,0.20000000160943654,0.2000000019589893,0.20000000292741207,0.1999999978722605,0.19999999563190166
1495,c0a5304e55344081bc63f5b0d532c0f3ab94543c76f61874e7d6224881a8ee92,Healthy-Leaf(1399),4,0.9999999999999949,0.1999999859430212,0.19999998290548088,0.1999999746246175,0.2000000184387796,0.20000003808810085
1496,48f5c849bba8d0d3515a8357c96475b37f306a3226f29647e8ca8f3453a0127d,Healthy-Leaf(1399),2,0.9999999999999742,0.20000003309204084,0.20000004024292428,0.20000005971363186,0.19999995661084743,0.19999991034055545
1497,6357ce275dd2f9d421cb0d10a23667626f63ca47577b6ff4c466162924c96494,Healthy-Leaf(1399),2,0.9999999999999646,0.200000038794113,0.20000004717654063,0.20000006999541914,0.19999994914006886,0.1999998948938583
1498,be283796a9d0930512eca90e2c2231b91fb89db6e82dee15374225e589d4826c,Healthy-Leaf(1399),4,0.9999999999999942,0.19999998501307464,0.19999998177605538,0.19999997298294184,0.20000001963035363,0.20000004059757462
1499,f73a6204c310be7e1830f822e29f8fca819c6aa36ba45ece57303c0344de5a79,Healthy-Leaf(1399),2,0.9999999999999968,0.2000000106408184,0.20000001294279712,0.2000000192149147,0.1999999860379923,0.19999997116347742
1500,b475b34592903db018a1670e9fbfd5606a12b7180b6a86b7202fd5bc717cf5d1,Healthy-Leaf(1399),4,0.9999999999999893,0.19999997923279117,0.19999997475114054,0.19999996255943917,0.2000000272049097,0.20000005625171943
1501,afc6d6bf3f4c7bf83ee1f7bba0dcc17fe0c1a3eeacd34bfbdf2b6574fe35941e,Healthy-Leaf(1399),4,0.9999999999999959,0.19999998758994222,0.19999998491035542,0.19999997763764446,0.20000001624806907,0.20000003361398871
1502,f4b7fd3164926b6a94868d9545350fdd4dfc8b1bbdd248ff01d4545b67336cd8,Healthy-Leaf(1399),4,0.9999999999999777,0.19999996920312424,0.19999996255245867,0.19999994445982724,0.20000004035615787,0.20000008342843198
1503,15a0b06ba0b5934bd1d8365c7c99570cb322deaf4f451722df664cc45ca127e2,Healthy-Leaf(1399),4,0.9999999999999887,0.19999997841707648,0.19999997375492576,0.19999996108789536,0.20000002827325514,0.2000000584668473
1504,78a0d107f18164d7f3d1c4f9d7b4cffe4a92b38fd7731604e84c95838b8215d9,Healthy-Leaf(1399),4,0.9999999999999772,0.19999996898443967,0.19999996228779868,0.19999994405988653,0.2000000406472619,0.20000008402061328
1505,1e404fc49350114fd426a0b6dde537100ed492ecb5c670992bf68784fc521ecd,Healthy-Leaf(1399),4,0.999999999999983,0.19999997323195143,0.19999996744977325,0.19999995173475338,0.20000003506940212,0.2000000725141198
1506,881201fbab7e933d7c97f0c28ba6b8a5badae968607456a44a1f7a3f13c45f55,Healthy-Leaf(1399),2,0.999999999999972,0.20000003464126068,0.20000004211938086,0.20000006248432056,0.1999999545971133,0.19999990615792473
1507,9925550bf7ce4c3f68befce66fa1780ee4dd20c9d7739da5612470480b369e1b,Healthy-Leaf(1399),2,0.9999999999999609,0.20000004092929133,0.20000004977180538,0.20000007385490612,0.19999994633511675,0.19999988910888042
1508,375093a36809ad531f1bfb2861b94ff02226d82df1d284bedc0dfe37763ca892,Healthy-Leaf(1399),4,0.9999999999999777,0.19999996922626873,0.1999999625788896,0.1999999444951435,0.20000004033040997,0.20000008336928826
1509,fb74664830f941e4f1c9d730ae8199d794c48a2c54e1ad240a4639f5a05ba27e,Healthy-Leaf(1399),2,0.9999999999999041,0.20000006434746231,0.20000007824996605,0.20000011609032983,0.19999991564681724,0.19999982566542457
1510,c7a75a1ce738ca743b53a8a2b6fa444da54b0f5b2a3aea10a6ac601055a6e7b7,Healthy-Leaf(1399),2,0.99999999999998,0.2000000290072057,0.20000003527551535,0.2000000523481259,0.19999996196256317,0.19999992140658981
1511,bdd28741bdbc237aa4cade71f32c0e85f2cde0ea4b0128d580688fb39bffb276,Healthy-Leaf(1399),2,0.9999999999999802,0.20000002866604755,0.200000034861999,0.20000005172999516,0.19999996241209886,0.19999992232985941
1512,b6380dcadec02c69ab5edac1c670d3d29af35fac5c2cd27a629c041a082e9ce7,Healthy-Leaf(1399),2,0.9999999999999551,0.2000000439025981,0.2000000533873904,0.20000007922424562,0.19999994243342525,0.1999998810523407
1513,b198eacad99d21f35e6ce90d233020cd857f2d620363fc4fc972163872cba812,Healthy-Leaf(1399),2,0.9999999999999362,0.2000000524690317,0.20000006380444757,0.20000009466744356,0.19999993121258947,0.19999985784648783
1514,c541b3e6e6225d936cd1d93a7ebd96e6051a67b47d575135f600cecaeee520e0,Healthy-Leaf(1399),2,0.999999999999967,0.20000003755535123,0.20000004566607085,0.20000006776621132,0.19999995075875637,0.19999989825361017
1515,837d49d21a45321ce1143e239b016682f7d2a4711fc6acc382796c5b7b59ddfe,Healthy-Leaf(1399),2,0.9999999999999728,0.20000003398234667,0.20000004132203836,0.20000006132201123,0.19999995544132226,0.1999999079322815
1516,aac7122aa96cc3abfcf15efcfef5675132fcb2b78ba03dabb78f6498799f759d,Healthy-Leaf(1399),2,0.9999999999999475,0.20000004755861397,0.2000000578285062,0.20000008580141296,0.19999993765415522,0.19999987115731166
1517,da2dbdc9713226ab74f706cf3f000f1dbb2f9bf1115ee5cfeedc97e63b394a63,Healthy-Leaf(1399),2,0.9999999999999987,0.200000005949606,0.20000000723014721,0.20000001072847184,0.19999999220375117,0.1999999838880237
1518,8c03b7d2d8541c2ea348423ca28466e718ce2b9d0baf1c10d07f13cb27b6541d,Healthy-Leaf(1399),2,0.9999999999999891,0.20000002117843338,0.2000000257489259,0.20000003823423845,0.19999997221617588,0.1999999426222264
1519,494419d66a164e07a9beea27d421ae8137b188c1e26dd02310fdf3ca2c74c4c9,Healthy-Leaf(1399),2,0.9999999999999937,0.2000000158507399,0.2000000192710453,0.2000000286254719,0.199999979198133,0.19999995705460993
1520,b67ee083ad00a3ac61bacff6ff4f4d384d5ffbe95451b61fcb8a31d6cb47efd6,Healthy-Leaf(1399),2,0.9999999999999812,0.20000002801628095,0.20000003406477848,0.2000000505534868,0.19999996326569347,0.19999992409976022
1521,de789f9c5ef613a44b7a8c488b1d3746567ef2160a31a32d23dfaa5336002903,Healthy-Leaf(1399),2,0.9999999999999046,0.20000006419052088,0.20000007805503098,0.20000011581564026,0.19999991584521307,0.19999982609359482
1522,72d67c5b1efc2e7e2e918aea107ba2c1ef1f53983aede075774f17d52c1ee443,Healthy-Leaf(1399),2,0.9999999999999847,0.20000002526570473,0.20000003072197303,0.20000004559342224,0.19999996687007446,0.1999999315488255
1523,668c77b5306219ec502468de6f1659165e67a4142be23ba9b0693375d325a0b5,Healthy-Leaf(1399),2,0.9999999999999544,0.20000004427241883,0.20000005383481761,0.20000007985886847,0.19999994197324705,0.19999988006064806
1524,ee107d3005043f040924979ee97b121afdca2a6e56e0a10cf3ab11ce12de2538,Healthy-Leaf(1399),2,0.9999999999998537,0.20000007962797062,0.200000096826304,0.20000014363488378,0.19999989563235107,0.19999978427849047
1525,c0e0b0d6ff3ed19a678828b3de4e90754a337eda1dd56a98810ff04646333559,Healthy-Leaf(1399),2,0.9999999999999971,0.20000000957879688,0.20000001164503303,0.20000001727967273,0.19999998744371666,0.19999997405278072
1526,9c43526fa3284a2c3bd4da9a1501c4c181b9be6c3f367672443d372ed37e60ea,Healthy-Leaf(1399),2,0.9999999999999257,0.20000005664214132,0.20000006887651214,0.20000010216877537,0.19999992576266037,0.19999984654991088
1527,4844a3e4dd7cb4c9c61cc36a6e581398361f5fa1f2dc14268089103e64dc23b4,Healthy-Leaf(1399),2,0.9999999999999306,0.2000000547130521,0.2000000665262759,0.20000009868305801,0.19999992829475943,0.19999985178285454
1528,a9e2481309e253df8997f83199cb34f9027675645f8be3c996c37819ffcdb15c,Healthy-Leaf(1399),2,0.9999999999999373,0.2000000520453817,0.20000006328655495,0.20000009386224388,0.19999993179889292,0.19999985900692663
1529,5c7264dbf382b39339f1a9a30703f5bbd016dade8a6d2c44306f72d6ef95e47b,Healthy-Leaf(1399),2,0.9999999999997145,0.20000011135910994,0.20000013541236647,0.20000020086746864,0.19999985404662465,0.19999969831443032
1530,16621c0a3de19401c850b4cfd06061d4b735b78259897dd1f6cf6cb673b6cae6,Healthy-Leaf(1399),2,0.9999999999998092,0.20000009101738014,0.20000011067563075,0.20000016416593838,0.19999988071470565,0.1999997534263451
1531,a677086f167bb155ca100d530b7c00c898ab7244bea409ff83721ace4cd0dc0e,Healthy-Leaf(1399),2,0.9999999999997887,0.2000000957491525,0.2000001164323521,0.2000001727102208,0.19999987450648188,0.19999974060179276
1532,0fbc76318da8fdc5db4deb75c76ab53aff03608c55dab9f390599705c775aab7,Healthy-Leaf(1399),2,0.9999999999997841,0.20000009680674563,0.2000001177126211,0.20000017461933553,0.19999987311802744,0.19999973774327034
1533,bd3a01564a88ab5da229edf9adc185a5ab53a2b248537b01f785fb17dee31baf,Healthy-Leaf(1399),2,0.9999999999998743,0.2000000737814285,0.20000008971545438,0.20000013308999828,0.19999990329409356,0.19999980011902538
1534,95857c0561561d3384d94665da7f1a04d6d414506a32c71caf09304fdfdae0d2,Healthy-Leaf(1399),2,0.9999999999998852,0.20000007047423826,0.20000008569594296,0.20000012713053536,0.19999990762446926,0.19999980907481418
1535,6a7965a4f7cf22f89c0d859c934785ce8240884b020a728b44d7eaf1f07bab27,Healthy-Leaf(1399),2,0.9999999999998143,0.20000008975385145,0.20000010914422348,0.20000016188837635,0.19999988237059324,0.19999975684295548
1536,f0e9179e511616f24c6c26f88035a1904f7670cecf7f4b68837358310fdc640d,Healthy-Leaf(1399),2,0.9999999999996771,0.20000011843765478,0.20000014401797694,0.20000021363289466,0.1999998447707861,0.19999967914068761
1537,e17904391631061b33cbf026a75e89c014253416d91d55951b4aa194a0cc2a9d,Healthy-Leaf(1399),2,0.9999999999999115,0.20000006180174132,0.2000000751487745,0.20000011147643185,0.19999991899916097,0.1999998325738913
1538,2c3e73890397fdbfd4c93d61900fb41d3a6ff0f2b19daf5bdbd97fa6e3d8be09,Healthy-Leaf(1399),2,0.9999999999997686,0.20000010024183967,0.20000012189272295,0.2000001808194653,0.19999986861338587,0.19999972843258612
1539,a7626348e86cad424227013b2e7caef03c782e0893bf10a9f5f41564eee9e6eb,Healthy-Leaf(1399),4,0.9999999999999778,0.19999996935250747,0.19999996273516316,0.1999999447111834,0.20000004017454273,0.2000000830266032
1540,a165aeef578ae331afbeca15f53a94835a940c4e5dc5050d0a44c78762052fd7,Healthy-Leaf(1399),4,0.999999999999951,0.19999995413957516,0.19999994423896283,0.19999991724951982,0.2000000601300495,0.20000012424189262
1541,d99ea67cf326589fa0928d9d48a845d350e0cf7dce3ce8658d3b71826141e2b8,Healthy-Leaf(1399),4,0.999999999999978,0.19999996953927213,0.19999996296395955,0.19999994504115243,0.200000039935416,0.20000008252019974
1542,2684222b78f7b3fa9a34da60a321127803b327966d272ed730d207f842f9be81,Healthy-Leaf(1399),4,0.9999999999999806,0.1999999713730108,0.19999996518998667,0.19999994835115625,0.20000003752945117,0.20000007755639507
1543,122e1507837844b4c6bb93d75ce5eec71a58e998038d22aca31080cdbe295639,Healthy-Leaf(1399),4,0.9999999999999936,0.19999998385677162,0.19999998037672184,0.19999997085202448,0.20000002118207927,0.20000004373240285
1544,b331114a1251f475212eb6c10e5d4d96c0f8a6b1facc5b267da85beb94fa4589,Healthy-Leaf(1399),4,0.9999999999999767,0.1999999686437933,0.1999999618742522,0.1999999434282574,0.2000000411070904,0.20000008494660682
1545,d8c5365ef8619f43ff640d3074b98ad168d31a8ed229e37af7a02dafc67083d0,Healthy-Leaf(1399),2,0.9999999999999891,0.2000000211953832,0.20000002577679438,0.20000003822537524,0.19999997222585322,0.19999994257659384
1546,0cfe3218f9a9c024bcfd3948de85ee8b73f209a814b310f775eb296e44cc164c,Healthy-Leaf(1399),4,0.9999999999999544,0.19999995573241067,0.199999946176466,0.1999999201341998,0.2000000580336157,0.20000011992330782
1547,5a9c3c544b6121b04abaa256b89cc3720485c01efc0c466e3c74cc44332b8824,Healthy-Leaf(1399),4,0.9999999999999942,0.1999999849741134,0.1999999817351508,0.19999997287897672,0.20000001970869535,0.2000000407030638
1548,97bd934d49c771c281d0439f0eddc11128e4f1b9603c8691db5ff8884a4856ea,Healthy-Leaf(1399),4,0.999999999999956,0.19999995649498029,0.19999994710423552,0.19999992151110302,0.20000005703318338,0.2000001178564977
1549,7304f03f28f2bba5724655a63aad5a9ba60f7a5e0fd2474429d6924719604955,Healthy-Leaf(1399),2,0.9999999999999971,0.20000000995984843,0.2000000121148771,0.20000001795369635,0.19999998695588672,0.19999997301569147
1550,b7e52ad156eeae9ec49170b7f3fc3589b79e5209d575923e329b2e463c9ffeba,Healthy-Leaf(1399),2,0.9999999999999653,0.2000000385507597,0.2000000468772032,0.2000000695387736,0.19999994947193508,0.19999989556132847
1551,e93f1de324c95bc51524cc96e4af0394e0fc8c64fa950ef8c34b116988c12c42,Healthy-Leaf(1399),4,0.9999999999999903,0.19999998023556503,0.19999997597234592,0.19999996433167652,0.2000000259191504,0.20000005354126218
1552,f676004b36a4f94ac646b304b66f5ac5701ad4a46b39dddffbf9d1425d86e08a,Healthy-Leaf(1399),4,0.9999999999999842,0.19999997439720188,0.19999996887397395,0.199999953804082,0.20000003356870844,0.2000000693560337
1553,8ef0b127d1fe1275214c0c45bd8c5c2e06b4249b703af9b078ddc4f6a4d60be3,Healthy-Leaf(1399),4,0.9999999999999302,0.19999994511706912,0.19999993326726365,0.19999990098068385,0.20000007195089836,0.200000148684085
1554,1349f743f9208f1a22ab150e338dbe7d0b8df1894ece65253f5f4e9132e05618,Healthy-Leaf(1399),4,0.9999999999999717,0.19999996537285158,0.19999995789749125,0.19999993752586967,0.20000004539610886,0.20000009380767853
1555,79766595cac76a4c483c4007e48c5dfec223b68423c70b8a193a54767b714030,Healthy-Leaf(1399),4,0.9999999999999561,0.19999995665097373,0.19999994729411114,0.19999992178991755,0.2000000568307397,0.20000011743425786
1556,b6e977527495358820dd6c5db9a5053af529c7ac210a62a35ba88452c10110c8,Healthy-Leaf(1399),4,0.9999999999999296,0.1999999448501573,0.19999993294415075,0.1999999005056731,0.2000000722960673,0.20000014940395153
1557,9deb26c8138139d20619389e7b8a0b27847f2d45366ed273a7c14e51fc297448,Healthy-Leaf(1399),2,0.9999999999999984,0.20000000631078993,0.2000000076793373,0.2000000113679696,0.1999999917416863,0.19999998290021692
1558,09d22f03ed15bd95bee7ce817f58bc7339592e1a825cb65a754b930fb52a6184,Healthy-Leaf(1399),4,0.9999999999999744,0.1999999669310436,0.1999999597960973,0.1999999403273506,0.20000004336171814,0.20000008958379037
1559,fe5834dfe7df714a0503b0ab7c4de8db953aad7f4e27b82dde6558d9d02f81be,Healthy-Leaf(1399),4,0.9999999999999917,0.19999998176885087,0.19999997783627424,0.19999996708845666,0.20000002391630153,0.20000004939011679
1560,4284d26e618d08482b84175ee16ba5067e0232d128afd9d7bd072d7853ca1564,Healthy-Leaf(1399),4,0.9999999999999596,0.19999995844969776,0.19999994947901617,0.19999992503845815,0.20000005446965163,0.20000011256317618
1561,89416f4974e14e68383b18a6b1441d2068bd97ecaff9013730cd07d46527fd43,Healthy-Leaf(1399),2,0.9999999999999272,0.20000005604899881,0.20000006815572943,0.20000010109952332,0.1999999265396654,0.19999984815608288
1562,527c622920f6f9effc424d8c7efe8199776dfff86356803d1cb59c1b203a7b69,Healthy-Leaf(1399),2,0.9999999999999981,0.2000000076359899,0.20000000928693581,0.20000001376616328,0.19999998999797827,0.1999999793129328
1563,c2dcc4adcbeda19baec1c836c2b15f992a0672f7f17f6698c899405120322bc7,Healthy-Leaf(1399),4,0.9999999999999376,0.1999999481633586,0.19999993697327742,0.19999990647798438,0.20000006795674152,0.20000014042863795
1564,cac3f80a19e3e53c4da2a1496412d23ddd02b1577bd2884a07947bd3439cc962,Healthy-Leaf(1399),4,0.9999999999999624,0.19999995982443486,0.19999995115118796,0.1999999275131451,0.20000005267182844,0.2000001088394038
1565,a54f98377aedb683836d193b773defdb05ce3914b280aeda12f21bfb07607b9a,Healthy-Leaf(1399),4,0.9999999999999691,0.19999996369952816,0.19999995586253597,0.19999993451316542,0.200000047584897,0.20000009833987342
1566,aa8f6cba607abdb29d8285b8df91e223f4896dd3174102513db62cf05be6dc1b,Healthy-Leaf(1399),4,0.99999999999996,0.1999999586055745,0.19999994966864543,0.19999992530982705,0.2000000542729059,0.20000011214304703
1567,457860ae7a45439e487b388a66cf62b0584cfadc8875a3768d741d5137299f35,Healthy-Leaf(1399),4,0.9999999999999971,0.19999999026774115,0.19999998816992504,0.1999999824333576,0.20000001276562454,0.2000000263633516
1568,9997e8acf60bd0385538bf16c713e62cdea020bdca0e42115940dddb8139ebd0,Healthy-Leaf(1399),4,0.9999999999999488,0.19999995305779428,0.1999999429228794,0.19999991530987943,0.20000006153877017,0.20000012717067683
1569,ceaeb9671f138dd042d7e0ba50f501ec6011540b03faf36c719be23190541266,Healthy-Leaf(1399),4,0.9999999999999676,0.19999996275302936,0.19999995471056545,0.1999999327975347,0.20000004883168057,0.20000010090719003
1570,d2622473304d87ecd3ad43d8781cdb26aa1eea5c2fc2dea5ecabdee2044a60a1,Healthy-Leaf(1399),4,0.9999999999999938,0.19999998441189923,0.19999998104938663,0.199999971871242,0.2000000204402141,0.20000004222725806
1571,fde88282c863a97decbbc341c76d68a0245a68cee49a13a0463f86b3ca1e5ab4,Healthy-Leaf(1399),4,0.9999999999999968,0.19999998979066116,0.1999999875893676,0.19999998156269455,0.2000000133986154,0.20000002765866123
1572,c82dc85af2b3c71e0c25eecef9e33556a9f973b325c62b453898be51b06ceca2,Healthy-Leaf(1399),2,0.9999999999999775,0.2000000307702835,0.20000003742167002,0.2000000554977218,0.1999999596758425,0.19999991663448205
1573,409790d9be9aac778e05266cea90ef2237823a97dee0fe010ffdccdca13811b0,Healthy-Leaf(1399),4,0.9999999999999738,0.19999996664876138,0.1999999594504566,0.19999993981859043,0.20000004373087032,0.20000009035132132
1574,4da3c4952222c156b50c04f4368b95b9d191c115521e83adf16d9e9952475682,Healthy-Leaf(1399),4,0.9999999999999483,0.19999995284051839,0.19999994265774249,0.19999991492067676,0.20000006182126093,0.2000001277598014
1575,d2e3491776b2bd8a34115308c03801bdcb551eaca06baa0bae1734f34c7d00fa,Healthy-Leaf(1399),4,0.999999999999981,0.1999999717165324,0.19999996561004818,0.19999994896917914,0.20000003708091244,0.20000007662332778
1576,cd8977c53d78b16818cb4a31e4738e149a2cab281958edc2ee1de782d4f04c86,Healthy-Leaf(1399),2,0.9999999999999993,0.20000000192389442,0.20000000233978626,0.2000000034517204,0.19999999749281958,0.1999999947917794
1577,eddaf2d7536756a13d0429256fc27dc24110032862cb32c5b5f9cfaa73da4a5c,Healthy-Leaf(1399),4,0.9999999999999906,0.19999998051080314,0.1999999763059448,0.1999999648191361,0.20000002556511448,0.2000000527990016
1578,cce8bd05fcbdbe96abb598845fd5410ffca08e10209442aacdde208e5f29082d,Healthy-Leaf(1399),2,0.9999999999999977,0.20000000844999552,0.20000001028351194,0.20000001520941743,0.19999998895178514,0.19999997710529
1579,9f2674aa3e885c7201bde8715124cc2a41b517268a1852d98d60913a531ba0bb,Healthy-Leaf(1399),2,0.9999999999999941,0.20000001523516292,0.20000001853103894,0.20000002746113058,0.19999998004829442,0.19999995872437315
1580,8eab91cee32bca578e5671f1fdf54062d62c2b12de1f4bc136af9ba7641744d0,Healthy-Leaf(1399),4,0.9999999999999382,0.19999994842243782,0.19999993728541965,0.1999999069458962,0.20000006761611566,0.20000013973013067
1581,5a36eb5187a44c0b29b44e74227f80058ba9dd5900176c4c00ab0bbb1cfad181,Healthy-Leaf(1399),4,0.9999999999999858,0.19999997560532265,0.19999997034276226,0.19999995596793646,0.2000000319970391,0.2000000660869395
1582,d7980bb9c87e2b26067a1eda646aaa6ce82e9ed5d82443f74f7622cfdc6b54a3,Healthy-Leaf(1399),2,0.9999999999999993,0.20000000174851673,0.20000000213097266,0.20000000312371244,0.19999999773259433,0.19999999526420392
1583,c5b0bc92456c0c9f7c8a3d6ee2bdf28a4ff2d868d062b86f46462d1feebdc03c,Healthy-Leaf(1399),4,0.9999999999999938,0.1999999843747482,0.19999998100251398,0.19999997181490645,0.20000002048034232,0.20000004232748914
1584,68bcba5047bc57e94a6c7a5b5a7d04a5ad9c2921bc5cdb209cddca65daa1940e,Healthy-Leaf(1399),4,0.9999999999999657,0.19999996165814796,0.1999999533832218,0.19999993082415404,0.20000005026631432,0.200000103868162
1585,74c66e41fe6bd129edff9605ea11b8e4b22887fc90cf659239106aefcebbebfe,Healthy-Leaf(1399),2,0.9999999999999865,0.20000002362401068,0.2000000287345371,0.20000004258985898,0.19999996905620113,0.19999993599539215
1586,beaaec046e31b010e944920da5af818fa1f34e9fe579846b0e51360ad9d49d17,Healthy-Leaf(1399),4,0.9999999999999992,0.1999999976392266,0.1999999971356614,0.1999999957272106,0.20000000310664948,0.20000000639125182
1587,43cbcf3898a5c03b1ec204f0ce65d7756b069b755fe1d6c779ce1d930d7207bc,Healthy-Leaf(1399),4,0.9999999999999788,0.19999997005023368,0.1999999635871828,0.19999994596156986,0.2000000392670736,0.20000008113394005
1588,a7932ac1d856e7ba64d67eb4fbfdb3796ffb0cb96f38e001a2d5a71903330ba0,Healthy-Leaf(1399),2,0.9999999999999984,0.20000000627655193,0.20000000763567882,0.20000001128848904,0.19999999179978617,0.19999998299949406
1589,4284ebd874f260d4cdefd05d20e92e63dd8fd674bf219dd4a9c33f86b3e3f1b3,Healthy-Leaf(1399),2,0.9999999999999185,0.2000000593515744,0.20000007217196947,0.20000010703055748,0.19999992223127835,0.19999983921462036
1590,25abd2cfb8fd585fda959f705c4a58544768338a6f15f19da8cfdc401413dfc0,Healthy-Leaf(1399),2,0.9999999999999226,0.20000005782783806,0.2000000703187334,0.200000104283589,0.19999992422712254,0.19999984334271706
1591,93a710095f189bdc21e51cb6afba84bfffa03660feb78bbcfe0ac4e0b99a5d8b,Healthy-Leaf(1399),4,0.9999999999999892,0.19999997904576663,0.19999997452542148,0.19999996218997448,0.20000002747510567,0.20000005676373178
1592,8d523b00a6f07e9edf724dafbadd87b12e3ab67472baf990bfda020560bad293,Healthy-Leaf(1399),4,0.9999999999999988,0.19999999506734534,0.19999999400566817,0.19999999108337652,0.20000000648060068,0.2000000133630093
1593,b2ee05c4c5ea5890bcdfcdaf0920fbb48064103e8a3e213d4893901c36024a30,Healthy-Leaf(1399),2,0.9999999999999357,0.20000005267556337,0.2000000640576809,0.20000009498483418,0.19999993098481372,0.1999998572971078
1594,823bccc4a7d10757cb738ef5f5451269726e799e6f5d6cc89de5dda85860c4e1,Healthy-Leaf(1399),4,0.9999999999999786,0.19999996996327357,0.19999996347499752,0.199999945822787,0.20000003936579075,0.2000000813731511
1595,70b73ff0b61cf7de0f5885a01c9f6cd01f7680982f87ffdbc558697bcb1efe71,Healthy-Leaf(1399),4,0.9999999999999823,0.1999999727620481,0.19999996688440652,0.19999995084463285,0.20000003571927327,0.20000007378963916
1596,29bd0e53767ffafa8c0d76533236683d61451d7f591fcac9d917950089826b61,Healthy-Leaf(1399),2,0.999999999999922,0.20000005806997428,0.20000007061427846,0.20000010472673815,0.1999999239050628,0.19999984268394638
1597,bd18231b687535ee633bab0ec822040336af7740e101a424124873ccb9cd6072,Healthy-Leaf(1399),4,0.9999999999999971,0.19999999021512588,0.19999998810918676,0.1999999823238951,0.2000000128464555,0.20000002650533677
1598,cbc230d5331dfb4a591ed33e91223e720688e72d31694326a6b2b87968a4d208,Healthy-Leaf(1399),2,0.9999999999999906,0.20000001959765573,0.20000002383702098,0.20000003532290142,0.1999999743363621,0.19999994690605977
1599,b5f15e919aede28ac0f09e991e43c87db285a85b516e09270f06fe4394fcb33e,Healthy-Leaf(1399),4,0.9999999999999813,0.1999999720714884,0.19999996604238227,0.1999999496028793,0.20000003662090435,0.20000007566234565
1600,4a9a563f8df272f06b7707a073c6c2df3d8c89d9d885afd90b1b4d13273b2cf4,Healthy-Leaf(1399),2,0.9999999999999739,0.2000000333377197,0.20000004053976597,0.2000000601081012,0.1999999563259439,0.19999990968846926
1601,a4f08cd24641df040f75a7dc5515b7c0a3360246f9940fc8441d15ea4a52c839,Healthy-Leaf(1399),4,0.9999999999999983,0.19999999389704662,0.1999999925885807,0.19999998897078827,0.20000000801695567,0.2000000165266286
1602,7a2afd9583e93e84630ae8209ef0053c7e9ec6b55fad02ae05a19e44442c18ad,Healthy-Leaf(1399),4,0.9999999999999982,0.19999999292973442,0.199999991409542,0.19999998721187143,0.2000000092950521,0.20000001915380003
1603,c7be10b59cc23c0950bdd9bfffad28b26aba6abb347e091539a10464c38dab15,Healthy-Leaf(1399),2,0.9999999999999971,0.2000000097296211,0.20000001183658164,0.20000001753709754,0.19999998725899662,0.19999997363770303
1604,2477458991171182830cb44e60a6c4dfd6f88c8a6394d15c72e76fc7de81ffcf,Healthy-Leaf(1399),2,0.9999999999999947,0.20000001455727467,0.20000001770676157,0.20000002622804902,0.1999999809447214,0.19999996056319325
1605,e98837244dc2ea21a677ff27dbb3f8f7ad1ccb40fbb943d6b0fff82fcffbad28,Healthy-Leaf(1399),2,0.9999999999998909,0.2000000687209099,0.2000000835626434,0.20000012395767514,0.1999999099300957,0.19999981382867593
1606,ef93f66d1c1bd965acfe2d6c452ca68ec2f0153cee4e8a7e02c3c64d6f41bb7e,Healthy-Leaf(1399),2,0.9999999999999682,0.20000003684062856,0.20000004479537792,0.20000006645997348,0.199999951708295,0.19999990019572508
1607,275002c06be8c8ea7c1356aef3c91c6f8bdbb85dfe12c4e33fc4841ecb3ebed6,Healthy-Leaf(1399),2,0.9999999999999981,0.20000000735515733,0.20000000895065523,0.20000001324205938,0.19999999038064226,0.19999998007148578
1608,b9049361a62be24fded417440010072ee0bc1b4ae9d5a7b1610aa626268e6562,Healthy-Leaf(1399),2,0.9999999999999323,0.20000005406089422,0.20000006573711898,0.20000009749812417,0.19999992915692563,0.19999985354693708
1609,8ec66675d0321c111f514563eee75e76a8cef828b5bea12028d4d77c0592e84d,Healthy-Leaf(1399),2,0.9999999999998059,0.20000009177779743,0.20000011160419867,0.20000016552143918,0.19999987973127986,0.19999975136528483
1610,24313d550ca8706f57da3458c53baba729321690d58efed8773a1dfea7c2f2fc,Healthy-Leaf(1399),2,0.9999999999998782,0.20000007264216177,0.20000008833239105,0.20000013100992747,0.1999999048070386,0.19999980320848115
1611,bbdad77b37d37c3bd1a4db7e00b97eee191fb882e899213681bb6f292daaa689,Healthy-Leaf(1399),4,0.9999999999999936,0.19999998416251083,0.19999998074770242,0.1999999713987991,0.200000020784819,0.2000000429061686
1612,33f3c32d120ffcc388fe01c4197ce303864d5085a00ba193697353d198d0b1e8,Healthy-Leaf(1399),4,0.9999999999999718,0.19999996541545104,0.1999999579508857,0.19999993759996718,0.20000004534272264,0.2000000936909734
1613,f43c45c6a0f7116efda724facc4a9b3f8ff45bcc3f0e22853baa7312053ad866,Healthy-Leaf(1399),2,0.9999999999999896,0.2000000208114819,0.2000000253084653,0.20000003751623996,0.1999999727415257,0.19999994362228718
1614,df7d9cd4c3278ae8182aa90f95771f907e152e899cb6d7cfbc13a2a1e6b8600d,Healthy-Leaf(1399),2,0.9999999999999692,0.2000000362197171,0.20000004404350752,0.20000006530733175,0.19999995254790429,0.1999999018815393
1615,e6d787aa3bb141d99075c57708ccdd84b7e9e1a291285e1f4e118558e30764a3,Healthy-Leaf(1399),4,0.9999999999999943,0.19999998513914558,0.19999998192899185,0.1999999731693307,0.20000001949662072,0.20000004026591117
1616,04ad7378fd69514d2ea4037ae1465977c8ed15d6f7712d47d2a942c8bc6c6935,Healthy-Leaf(1399),4,0.9999999999999648,0.19999996121548477,0.19999995284270605,0.19999993001538888,0.20000005085397415,0.20000010507244623
1617,f27a593b7c8b4a1e0a2d2be292d8642806c5e12a58aa0b96521b5022a5479937,Healthy-Leaf(1399),2,0.9999999999998274,0.20000008650742243,0.2000001051966781,0.20000015603201018,0.19999988662596116,0.19999976563792812
1618,833b6b211a346182bc3860659900c789ca5ade84c34cd9de50220072acc85fdc,Healthy-Leaf(1399),2,0.9999999999999533,0.2000000448125437,0.20000005449688454,0.20000008081279003,0.1999999412821042,0.1999998785956776
1619,ed23c7269bf64489b535c89cdd9bcdac8ffcfee59fcc31d797784ce9a0198b82,Healthy-Leaf(1399),4,0.9999999999999948,0.1999999858823442,0.19999998283797474,0.19999997452479792,0.20000001851216623,0.20000003824271692
1620,e044ccd19e91a9e107fe734e09d07801b21223aa1f07fd3bba87ce24f93f14f7,Healthy-Leaf(1399),4,0.9999999999999833,0.1999999735025825,0.19999996778214033,0.19999995218031447,0.20000003474819417,0.20000007178676857
1621,0d136844edf45bfaec186191539f2192e75e035795a67177f1aeef147b2ebd5d,Healthy-Leaf(1399),4,0.9999999999999774,0.19999996909965098,0.19999996242934995,0.19999994423788495,0.20000004051953676,0.20000008371357744
1622,c0ece39350a44942f06188301d27ca292def69211d2ad630fa3ee8661a40c786,Healthy-Leaf(1399),4,0.9999999999999943,0.1999999853491233,0.1999999821894416,0.19999997355241342,0.20000001921914926,0.2000000396898725
1623,bf6d541b0d1291128c3915c1ad6689af92b95cb4f40cf0771cef7f6c41019b72,Healthy-Leaf(1399),4,0.9999999999999905,0.19999998040899036,0.1999999761809755,0.19999996465279035,0.20000002568497385,0.20000005307226992
1624,7f57443ab0d9ba80ffd5bc535cf5f18327046bf4e32ed4c268d393401b406f1c,Healthy-Leaf(1399),2,0.9999999999999727,0.20000003422019735,0.2000000416175194,0.20000006170479992,0.19999995516652333,0.1999999072909601
1625,a8f25b87d55ce18aede36603871b6db9cb05ae1cbb73768b1da83d2e59b7ac5c,Healthy-Leaf(1399),4,0.9999999999999629,0.19999996015360794,0.19999995155129124,0.19999992810098424,0.20000005224491127,0.2000001079492052
1626,88f6469edeb20227c887fc445699553d44e94ab041e9aa79edeec5eec2623e1f,Healthy-Leaf(1399),4,0.9999999999999968,0.19999998970338034,0.19999998748491304,0.19999998141354314,0.200000013506969,0.20000002789119445
1627,556d9d4ce58f8bf0c4cf5d003a26de7435739d52153801d021e49b76a1786283,Healthy-Leaf(1399),4,0.9999999999999982,0.19999999318641795,0.19999999172231875,0.19999998769362917,0.20000000894430023,0.2000000184533339
1628,6b076c038abf2a1630cf71ea575156d18d5ae6eb3d92c2a5116cdd1a1ffee0c0,Healthy-Leaf(1399),2,0.9999999999999966,0.20000001074811005,0.2000000130703673,0.20000001940225176,0.19999998590154064,0.19999997087773014
1629,afde4c08233a8d7bd7ba6a05c90292817add9c7868bbe1d72b81bba8b6bae9d5,Healthy-Leaf(1399),4,0.9999999999999977,0.19999999145673597,0.1999999896167554,0.19999998458072238,0.20000001120539818,0.20000002314038792
1630,5dcadcb37662fa2d1112e8f3992eeb5c91213d7a987645ff66722fbdc650526e,Healthy-Leaf(1399),4,0.9999999999999765,0.19999996823245803,0.1999999613776707,0.19999994267316307,0.20000004165710367,0.20000008605960462
1631,b3d354b258cc82bbe353b801850fa38228f2bcb582203e33fd67db88902a66b0,Healthy-Leaf(1399),4,0.9999999999999845,0.1999999744528419,0.1999999689374771,0.19999995390028974,0.20000003349811454,0.20000006921127678
1632,1f5963bd48239b7073e0edb6767070b2e747b27feed7dc1582af5fbc63645616,Healthy-Leaf(1399),4,0.999999999999999,0.1999999956922018,0.19999999476291225,0.19999999220343875,0.20000000566650125,0.20000001167494588
1633,b9a628e787eabba99ab1d69c450d50001ec1edeae68f327bd84a4c982dbb6945,Healthy-Leaf(1399),4,0.9999999999999779,0.19999996945342477,0.19999996285657062,0.19999994488248465,0.20000004005026006,0.20000008275725994
1634,c0e929925274ea84658730873e293d056951d74a8d426fd27d1e006d265bbb6e,Healthy-Leaf(1399),4,0.9999999999999905,0.19999998032807575,0.19999997608065112,0.19999996448860022,0.20000002580467705,0.20000005329799592
1635,a721ca31d18ddeaa0b9a6e1b86001056507b400faa3986905d55c99f45d4b409,Healthy-Leaf(1399),2,0.9999999999999994,0.20000000012169034,0.20000000014856137,0.20000000019096195,0.19999999986262548,0.19999999967616086
1636,4c7300ec31d58a4007e7cc6b218beea881029b42f278e9403af25c12bf49bd62,Healthy-Leaf(1399),4,0.9999999999999734,0.1999999663999859,0.19999995914734506,0.1999999393728688,0.20000004405449018,0.20000009102531016
1637,10fddea2f9be969dd0e3b9e65c173bf88d444b0ecbee1ed339db2976a74ad377,Healthy-Leaf(1399),4,0.9999999999999906,0.19999998028685936,0.1999999760350714,0.19999996441091009,0.20000002586224258,0.20000005340491667
1638,9fb5dbf22b4890f5ac50e7c24a7e0ac7dff9617c14fd898add940ad129c7ef8e,Healthy-Leaf(1399),2,0.9999999999999989,0.2000000043256181,0.20000000526587192,0.2000000077681457,0.19999999435831783,0.19999998828204651
1639,9926a72c6097b3f56576f32fec512e095c9d862e537609f1bf863294c6fa6cc0,Healthy-Leaf(1399),2,0.9999999999998685,0.20000007542726733,0.2000000917139535,0.20000013605121292,0.19999990114214308,0.19999979566542322
1640,1ae80e95ff919970e263606d36e30cbbbf4b5da9ded5062ae0e0d455dd0e0322,Healthy-Leaf(1399),4,0.9999999999999993,0.19999999839972937,0.19999999805889473,0.19999999709183855,0.20000000211507454,0.20000000433446288
1641,1f04fffd93142da22049a00cbbeacbf53d9b500ff9ee1523c4ede5b209c3050e,Healthy-Leaf(1399),2,0.9999999999999615,0.2000000405319553,0.20000004929341375,0.20000007308701825,0.19999994689629993,0.19999989019131278
1642,28ec3be91424e4bd0e5459d04ca5d5bd0e24f26392d2331e3a6bbee252e053ad,Healthy-Leaf(1399),2,0.9999999999999551,0.2000000438833894,0.2000000533666702,0.20000007913056014,0.19999994250460928,0.199999881114771
1643,1c5a4a748717abd20b389ee94b179b221b092dde4b1726254d65676676764381,Healthy-Leaf(1399),2,0.9999999999999927,0.20000001695954978,0.2000000206305266,0.20000003056888305,0.19999997779080503,0.1999999540502354
1644,598d5b995e288cd385508366291a6b4df3cbbdfe3d2a1762f776af00d0a34b0a,Healthy-Leaf(1399),2,0.9999999999999908,0.20000001928283095,0.20000002345210055,0.20000003476119357,0.19999997474379128,0.19999994776008362
1645,5619584205fa98910e811f90d30dc954665c7ef0795b7611ca4d7190d8516f01,Healthy-Leaf(1399),2,0.9999999999999993,0.2000000012219724,0.20000000149430502,0.20000000218574004,0.19999999841438854,0.19999999668359406
1646,0e8dbcd41986fa6bf0e9695f4694e205cf46a881935d300ba07923c2da3bf56e,Healthy-Leaf(1399),4,0.9999999999999691,0.19999996369718767,0.19999995586123973,0.19999993449406323,0.2000000475997535,0.20000009834775587
1647,96ac766dda18328ef239ed01b483ad94b1d443acca2e6f674a82766dd481d4ec,Healthy-Leaf(1399),4,0.9999999999999928,0.1999999831015722,0.1999999794541336,0.19999996949610277,0.20000002216613214,0.20000004578205924
1648,d5f12e11fe05c79e7e92c620044a3851c546f4612221e10f3126d479627c1615,Healthy-Leaf(1399),2,0.9999999999999962,0.2000000117158425,0.2000000142497649,0.2000000211029307,0.19999998466832522,0.19999996826313657
1649,15e88749961af803aa141f15bca213468f26830c9adc9bfc0f2a94428f9c3285,Healthy-Leaf(1399),4,0.9999999999999933,0.19999998371435507,0.1999999802025737,0.19999997061544134,0.20000002135288605,0.20000004411474384
1650,c14ae350a87588543f73a812e945417da45448a85c1cbc694127d97146624258,Healthy-Leaf(1399),2,0.9999999999999041,0.20000006436855422,0.20000007826886715,0.2000001161017618,0.1999999156382605,0.19999982562255622
1651,9c98b8ab85b83ff61d505c5a5cdf5bc92f9d18a532e6a9d8b865fbd68564415c,Healthy-Leaf(1399),2,0.999999999999962,0.20000004020824752,0.2000000488980968,0.2000000725083953,0.19999994731614468,0.19999989106911564
1652,f5c274c969d405f131a3b3ce24f15a9612aa976e7870c97daf60e8cc53aa1dab,Healthy-Leaf(1399),4,0.9999999999999829,0.1999999732008562,0.19999996741981904,0.19999995164230486,0.2000000351397863,0.20000007259723362
1653,ac828175420e149564ade8be6eccb62d16143c9941c94db9a6cc61227838a874,Healthy-Leaf(1399),4,0.9999999999999664,0.19999996209964715,0.1999999539141479,0.19999993161685883,0.20000004968926585,0.20000010268008014
1654,9d9c08137aa268019570213bb18a7f0dba7d5c5ea83c5b8477dd3654a004b6f0,Healthy-Leaf(1399),4,0.9999999999999692,0.19999996371957282,0.19999995588631686,0.19999993453979564,0.2000000475658442,0.20000009828847054
1655,ea2b57932a118fb990a807030121c8fbdcd5ec567df43fdfe838a0a573f3126e,Healthy-Leaf(1399),4,0.999999999999978,0.199999969512794,0.1999999629327098,0.19999994499139173,0.2000000399718577,0.2000000825912469
1656,73ae1b1d482d53af5e675f5297d8e5f54712d348cbe636bf396cfdc953b7c098,Healthy-Leaf(1399),2,0.999999999999986,0.2000000240664107,0.20000002927131436,0.20000004337730434,0.1999999684842339,0.19999993480073666
1657,ef5a647a70b036b0469a59f0b35b3f3cc990bf88be538564fbbe205abbff02d5,Healthy-Leaf(1399),4,0.9999999999999891,0.19999997893653992,0.19999997439241698,0.19999996198487172,0.20000002762445282,0.20000005706171853
1658,371c1112714d71cc0dd0960a9e5384455cc22dbed8a2dfd256a4cc13e633764f,Healthy-Leaf(1399),2,0.9999999999999054,0.20000006398688053,0.20000007780973372,0.20000011539233487,0.19999991615571822,0.19999982665533267
1659,b510c1b10a2c09896fef07d4302e97fc635959ec23c17b95c44407cf3e4a9421,Healthy-Leaf(1399),4,0.9999999999999893,0.19999997897571753,0.19999997443350243,0.1999999620566284,0.2000000275708939,0.20000005696325782
1660,a17890c8cea997f1c35fdc429a5037962f3170d9f91abf78d39aac4006a7ed7c,Healthy-Leaf(1399),2,0.9999999999999756,0.2000000321656405,0.20000003911688297,0.2000000579954865,0.19999995786143296,0.19999991286055704
1661,4bf28b68277e7e6fc1d47feccd601dff5e2ed5b8444cab13725e1e0c8becd1f4,Healthy-Leaf(1399),2,0.9999999999999141,0.2000000609005769,0.2000000740543318,0.2000001098524571,0.19999992017939255,0.19999983501324167
1662,33dbb5c3fa1aebbced02f7eaae4153ed8aa116367d1191bf6b1286be3884dd41,Healthy-Leaf(1399),2,0.9999999999999988,0.20000000482847338,0.20000000587506536,0.20000000869204224,0.19999999368576452,0.19999998691865437
1663,a0a9f925a2854d2dcd227f06c3e47332911ad3ab12daae3e7ba42e9bb5b146ba,Healthy-Leaf(1399),4,0.9999999999999842,0.19999997432889188,0.19999996878618606,0.1999999536767837,0.20000003366039923,0.2000000695477392
1664,69c8033ced784efd14a512e1a8e4266ff59c4c645ac59c0ce8523f0f209f4c4f,Healthy-Leaf(1399),4,0.9999999999999968,0.19999998974603134,0.1999999875321109,0.19999998148811127,0.2000000134519067,0.20000002778183976
1665,f23fb366115bcf73ff582b7301a48ce9313ee5a0a1972daf9e6cfe841ef6150e,Healthy-Leaf(1399),4,0.999999999999975,0.19999996745518753,0.1999999604297823,0.19999994127545792,0.2000000426719238,0.20000008816764844
1666,cfad373b61f0c1d1de09b189736cdb1df9c5571188299c55089f101bddfc8c3c,Healthy-Leaf(1399),2,0.9999999999999947,0.2000000142692751,0.20000001735173953,0.20000002572368036,0.19999998130951477,0.1999999613457903
1667,3e7667e72632ef9859a1f9434d01368004cbdbfc5d08fade603ab7be18ed528d,Healthy-Leaf(1399),2,0.9999999999999124,0.20000006146923893,0.20000007475068793,0.20000011085589361,0.19999991945224924,0.19999983347193032
1668,85049d2fdd2f69fd5937f545d52115ac354666dd5dbe84fcd6d9b962a6862555,Healthy-Leaf(1399),2,0.9999999999999993,0.20000000221783942,0.20000000269692988,0.200000003982838,0.19999999710679411,0.1999999939955985
1669,79075f051c984107b5f62fc1a24f56ff6e5cd9c8c72b82dc5af26dd195447d44,Healthy-Leaf(1399),4,0.9999999999999981,0.19999999247704586,0.19999999085485354,0.19999998641954417,0.20000000986881167,0.2000000203797447
1670,946cf7da43150cda4e025533b28388748b5c4fc4787153ac1bcf2f1a1692b922,Healthy-Leaf(1399),4,0.9999999999999922,0.19999998240387123,0.19999997860429705,0.199999968251435,0.20000002306961587,0.20000004767078083
1671,6f264278c0bb68bacf169392b63c5db60d7b8698977f551b6b71d5f0fb17abff,Healthy-Leaf(1399),2,0.9999999999999886,0.20000002170073927,0.2000000263950495,0.20000003911218592,0.19999997158333824,0.19999994120868703
1672,00c4f884eb6cc5f77fa5c3bbb690ee78f7d8037f1a01b509d2fc4ffc4ddadc6e,Healthy-Leaf(1399),2,0.9999999999999336,0.20000005350730998,0.20000006506630272,0.20000009651892395,0.19999992986809687,0.19999985503936651
1673,facdec94256f8b84e961258efeec54709e068ca943a28681c3f41e3c3bee9b4b,Healthy-Leaf(1399),2,0.9999999999999805,0.200000028689981,0.20000003488744353,0.2000000517294172,0.19999996241364382,0.19999992227951438
1674,a067298f6fd02ff35ab38ae86ac2807fb835fc7ece1be08aaf93523a7bc81b47,Healthy-Leaf(1399),2,0.999999999999883,0.20000007117649934,0.20000008655583115,0.20000012838353776,0.19999990671585668,0.19999980716827506
1675,2393a37af45dba2167d74d96eb9fa0a40ccb1108709debcd45fa848a030218d2,Healthy-Leaf(1399),2,0.9999999999999857,0.20000002431813296,0.2000000295787954,0.200000043825518,0.19999996815911225,0.1999999341184414
1676,05737221e327cbcbd5cc823e63324d4e2ae91a7dff78668b45935599853adca3,Healthy-Leaf(1399),2,0.999999999999996,0.2000000122724435,0.20000001493095393,0.20000002210953252,0.19999998393769855,0.19999996674937157
1677,68fe8ab76bb127d7e5abdfb80deb04f0bc91b92acd62a8ad0f889350d12b4767,Healthy-Leaf(1399),2,0.9999999999999993,0.20000000166403298,0.20000000202638127,0.20000000297409104,0.19999999784079112,0.19999999549470351
1678,9e8ad2c59fe01d670d8e74489d3fc6dbd90d520408f71feaab76502bafd29ddb,Healthy-Leaf(1399),4,0.9999999999999891,0.19999997875165734,0.199999974165585,0.19999996163832345,0.20000002787642526,0.20000005756800912
1679,0ca9bafcd165d5177ab23ab18ba0b3cb875a48412702a4a1c80c0ee03ad88f49,Healthy-Leaf(1399),4,0.9999999999999926,0.19999998273357464,0.19999997901049438,0.19999996883180304,0.20000002264966518,0.20000004677446281
1680,39085c485025d734d0b33b794a0a240b2ff8316af491e2650bb79d388b916f70,Healthy-Leaf(1399),2,0.9999999999998789,0.2000000724238961,0.20000008807045247,0.20000013061155505,0.1999999050974315,0.19999980379666485
1681,cb0846e8a6ca584e0d0fd78bf3ad5715e65de6f8ce17ee1bb696ded64e7c7420,Healthy-Leaf(1399),4,0.9999999999999908,0.19999998063818472,0.19999997645939777,0.19999996505771614,0.20000002539105718,0.2000000524536441
1682,ebf75750607957c2a14d37e1a7e6343f7456e4a1b985dbbfe5de28036f7ce363,Healthy-Leaf(1399),2,0.9999999999999962,0.2000000113714497,0.2000000138321302,0.20000002049624763,0.19999998510874223,0.19999996919143015
1683,4067052f80f78862dd6db0366151eae82db01eee9e13f378ae8b2ade73dfac3f,Healthy-Leaf(1399),2,0.9999999999998859,0.20000007028585318,0.20000008546573653,0.20000012678818502,0.1999999078731057,0.19999980958711952
1684,79a9290dbb41cfe74eb70d2d106ad2bec1bceecfe4be9d233ff0660db2027d5b,Healthy-Leaf(1399),4,0.9999999999999952,0.1999999865626685,0.19999998365736574,0.19999997576444098,0.20000001760923009,0.20000003640629474
1685,64d987df36c88d051477456f901be3dfaadce7a7887efce7df8b1b9a39efc11e,Healthy-Leaf(1399),4,0.9999999999999721,0.1999999656069123,0.19999995817593721,0.1999999379649129,0.2000000450750804,0.20000009317715708
1686,39113786c2f04f82a874ae297cb35734ccba9ab8bbad69be799fa824d5c8dc85,Healthy-Leaf(1399),4,0.9999999999999899,0.19999997967701133,0.19999997528542887,0.1999999633505965,0.20000002662925676,0.20000005505770652
1687,85c6178f67b2380ba3540b801bccd54e66039f2f8bac8e885497857c1f9fa040,Healthy-Leaf(1399),2,0.999999999999996,0.20000001223400335,0.200000014872003,0.2000000220731194,0.19999998396017324,0.19999996686070104
1688,0c74ffff324eef449993bd4b17863d4e16787b08c6a159d76c954a48b66dc2bd,Healthy-Leaf(1399),2,0.9999999999999984,0.20000000624635417,0.20000000759229666,0.20000001127517955,0.1999999918062835,0.1999999830798862
1689,574d3d3a99ac4444c67d90b3472e9b05359d977947ff66a9ef9882d029053285,Healthy-Leaf(1399),4,0.9999999999999941,0.19999998472969224,0.19999998142857406,0.19999997246048015,0.20000002000985181,0.2000000413714019
1690,f55626d736b8c832ae3950286f2e33883633bd05bedd3cc33586879bf30ea585,Healthy-Leaf(1399),2,0.9999999999999973,0.20000000978905447,0.20000001190052655,0.20000001766353478,0.19999998716454495,0.19999997348233933
1691,0354503b0b15eb8d947aed200327e83c208ae7e51cc1ce3a1f8d15c21fc61b51,Healthy-Leaf(1399),4,0.9999999999999948,0.19999998602800415,0.19999998300584118,0.19999997480124235,0.2000000183087659,0.20000003785614637
1692,6719aac13fe4aa27d787fceb018a183a64b154c111f6d032018b757876716458,Healthy-Leaf(1399),4,0.9999999999999983,0.1999999929713823,0.19999999144919564,0.19999998731975482,0.20000000921292957,0.2000000190467377
1693,1d182a507005cba3e4823a2f19f2c0321b705136fa189751cb4204a2b5e31595,Healthy-Leaf(1399),4,0.999999999999984,0.19999997415217297,0.1999999685649698,0.19999995337857018,0.2000000338748792,0.20000007002940792
1694,6765965dd26cc40ee7355c7094144031d2874c909fb6d11803a07098480f1907,Healthy-Leaf(1399),2,0.9999999999999886,0.200000021784693,0.2000000264930201,0.2000000392922108,0.1999999714504516,0.1999999409796245
1695,d4c60ac827b4001a08f480ebf3cb9a7628b9506818d0248ab0c2bc104fcc8614,Healthy-Leaf(1399),2,0.9999999999998983,0.20000006638646817,0.20000008072331213,0.20000011975494916,0.19999991298337366,0.199999820151897
1696,594f2641f14a25116f0bc5160c0a00c8e5de0d18c0779c1215215ce8054b1631,Healthy-Leaf(1399),2,0.9999999999999742,0.20000003303462413,0.2000000401661499,0.20000005959018324,0.1999999566999485,0.19999991050909416
1697,af3bddd377c9864b5ed4ac84f3e37a6e867ec130230e97ce41e44494cb569bb9,Healthy-Leaf(1399),4,0.9999999999999981,0.199999992308207,0.1999999906420031,0.1999999861316402,0.20000001007571883,0.20000002084243085
1698,0a2556b4cc7ac4ea40fcb0f5e3c9c652a2d0dcc1af263b4ebd3a7b68b6a6293a,Healthy-Leaf(1399),4,0.9999999999999993,0.19999999898215678,0.19999999876049032,0.19999999816093525,0.20000000133607287,0.20000000276034488
1699,2e6d053712c801e4e4ee6eea1800b8b8dfb2e3208d88625baa97d731b3299d98,Healthy-Leaf(1399),2,0.9999999999999992,0.20000000241345933,0.20000000293002745,0.20000000435433793,0.19999999683505731,0.1999999934671181
1700,016d2b76be6836f6f3a7a6812ae1714d890547f375903c7022214ee6c6b0bfb9,Healthy-Leaf(1399),4,0.9999999999999715,0.19999996515806873,0.1999999576311874,0.19999993715163553,0.20000004566640087,0.20000009439270747
1701,eb2da52c20c7da7bc3fd1aecce9ab3312be4d7ec8b7ec6368c78850eab84839b,Healthy-Leaf(1399),2,0.9999999999999916,0.2000000183046817,0.20000002225644065,0.20000003301033698,0.19999997601411204,0.19999995041442878
1702,849b71b64fce830624e6c04ff46ae8e3f420bfe164a73563777cddf738ede441,Healthy-Leaf(1399),2,0.9999999999999831,0.2000000265022266,0.20000003222491286,0.2000000477987819,0.19999996526857186,0.19999992820550686
1703,d218a8a3906962dbf28744f9c6961bf9a8e0a498bb0b20e1bb417e215207c1e8,Healthy-Leaf(1399),4,0.9999999999999973,0.1999999905724805,0.19999998853714177,0.1999999829958696,0.20000001235564813,0.20000002553886012
1704,2d967b8b75604e628c4416abc0ee81f21deb625cba6f78da24dea770f43dca35,Healthy-Leaf(1399),2,0.9999999999999966,0.20000001086032118,0.2000000132026817,0.200000019589327,0.19999998576541267,0.19999997058225744
1705,262d18ed982fbf7a0b497c5f6f9e66d2bea3e00c482dc7df5c87937fe2a82c93,Healthy-Leaf(1399),4,0.9999999999999375,0.19999994807666374,0.19999993686385065,0.19999990632508866,0.20000006806685625,0.20000014066754068
1706,f962fb8180e5173dc6439b56e27cb78b945e8300ba79c61fe7cdbe831259efdf,Healthy-Leaf(1399),4,0.9999999999999857,0.1999999755510327,0.1999999702666159,0.19999995590148514,0.20000003204183556,0.20000006623903077
1707,51aa2a66bd9da1802a5dc1b30ceacce70c64300eb04a63de1c376a380f08cc97,Healthy-Leaf(1399),4,0.9999999999999911,0.19999998102799513,0.1999999769272061,0.19999996578443452,0.2000000248607096,0.20000005139965452
1708,1ddb40f69d747569fbe4ff13628e8bd9ea4ff49df9a928e0db394f48e1cadb78,Healthy-Leaf(1399),2,0.9999999999999737,0.20000003354539553,0.20000004079097847,0.2000000605165502,0.1999999560273974,0.19999990911967852
1709,718b9f3930293df9b366f9ce17b9510e02559c5b15dab5f19832ee7dcc9ec86f,Healthy-Leaf(1399),4,0.9999999999999785,0.1999999697807497,0.19999996325187958,0.1999999454867753,0.20000003961000157,0.20000008187059387
1710,65bbb5cb5a3500b5b67eb6a303dcc3d0add8773408d6113eebd195e56d8af5e4,Healthy-Leaf(1399),2,0.9999999999999919,0.2000000181195148,0.200000022030254,0.2000000326873809,0.1999999762480781,0.19999995091477218
1711,643ad163c35fd1c9f62cff3f63b7e1e80e1c8be8308608da8bffb1fdcccc27e9,Healthy-Leaf(1399),4,0.9999999999999835,0.1999999737307697,0.19999996805402914,0.19999995261250095,0.2000000344320771,0.200000071170623
1712,3aaa5ed61fb709cdf2f08fbc2390863cd891695b70b7fad00d8dbb007ea5e4df,Healthy-Leaf(1399),4,0.9999999999999863,0.19999997619255405,0.19999997104866518,0.19999995705555912,0.20000003120381746,0.2000000644994042
1713,6b25102b03b2abaa53401457f204ba9f5f9d771395000b692d5402518c678510,Healthy-Leaf(1399),2,0.9999999999999948,0.20000001419901392,0.20000001726272337,0.20000002562430688,0.19999998137980976,0.19999996153414615
1714,d3ae11ba7886bcf241f4454d94d1fee079c6201b825150ef1afce73746e7396b,Healthy-Leaf(1399),4,0.9999999999999944,0.19999998543356629,0.19999998228574517,0.19999997373601236,0.20000001908306833,0.20000003946160796
1715,08d4247e51a1be0a578bf75dd6a380c538415d1e0d909ab3f5d9c52494714464,Healthy-Leaf(1399),4,0.9999999999999825,0.19999997295571018,0.19999996711377596,0.19999995122762218,0.20000003543827558,0.20000007326461608
1716,623c769391f0fbcc048506bc047d045f9c18bfa8fc98c12f5fe0f4ac12153863,Healthy-Leaf(1399),2,0.9999999999997579,0.20000010253335768,0.20000012467980627,0.20000018494899052,0.19999986561307662,0.1999997222247689
1717,5393834c3915b7deac22cb6a67ce7206cebbc755a9367ca79b5641dae3e254b4,Healthy-Leaf(1399),4,0.9999999999999784,0.19999996974836176,0.19999996321666805,0.1999999454388368,0.2000000396452444,0.20000008195088897
1718,3ce32c8454409095290107d01d7bafcc1201d872a4ceb5b1c05891d6a2e3c7a5,Healthy-Leaf(1399),4,0.999999999999972,0.1999999654841941,0.19999995803242485,0.19999993772277325,0.20000004525312434,0.2000000935074835
1719,94554ef311d4156e9bdbe901129fc85ced50d261327108f88d698dbb4b6c90ab,Healthy-Leaf(1399),4,0.9999999999999875,0.19999997730828795,0.19999997241037573,0.19999995904459142,0.20000002976061337,0.20000006147613159
1720,fd1d7cbc8e71a6a9612e75efd2b5109f4a67ffea46328fa90132543dc46dca82,Healthy-Leaf(1399),2,0.9999999999997037,0.20000011342187005,0.20000013792308724,0.20000020458517181,0.1999998513459044,0.19999969272396648
1721,ec8b13c81141e8f0b17166b7f15eaf98886fd6eaaefa5289495f533eb3c543e3,Healthy-Leaf(1399),2,0.9999999999999363,0.2000000524189794,0.20000006373819287,0.20000009454538975,0.19999993130154095,0.1999998579958971
1722,5b63356b4c383ae0bd28cb269be39ba62548c4cac403b02679247b68bd02e58d,Healthy-Leaf(1399),4,0.9999999999999996,0.19999999978109348,0.19999999973176114,0.1999999995934315,0.20000000029552492,0.20000000059818895
1723,f43751785f5c9ced3ba891a1da26587ab15a438794d7234b67496def73192f07,Healthy-Leaf(1399),2,0.9999999999997682,0.2000001003141753,0.20000012197813144,0.2000001809279598,0.19999986853495494,0.1999997282447785
1724,ef2ff3397120e0d705b334d87974c08fb6265b0a685064a2f45822638c55a4c0,Healthy-Leaf(1399),2,0.9999999999999653,0.20000003854330242,0.20000004686358208,0.20000006951586105,0.1999999494880518,0.19999989558920261
1725,63cfc5783f3ea85e07730910bf511905d0c7ab4142581bca5495d6561f777328,Healthy-Leaf(1399),4,0.9999999999999772,0.19999996899536981,0.1999999623016023,0.19999994405475857,0.20000004065218038,0.2000000839960889
1726,fbabb866737564a8215c2307cd86ccfa0fe58079d3f64e5b74ba585bd07f6b98,Healthy-Leaf(1399),2,0.9999999999999977,0.20000000898109718,0.20000001091646247,0.20000001618085497,0.19999998824266832,0.1999999756789171
1727,4521824d92949b9bde8f0c320ed66e5139a7e12ed1d2ce99f5a707d292a247ba,Healthy-Leaf(1399),2,0.9999999999999447,0.20000004873841784,0.20000005926291742,0.20000008790739435,0.19999993612482495,0.19999986796644542
1728,4ce95156e4c36dae95784809782529864a1759f5e9f9d9376a8f78b73e2a975d,Healthy-Leaf(1399),2,0.9999999999999347,0.20000005300367726,0.20000006445492202,0.20000009561355944,0.1999999305260175,0.19999985640182372
1729,2c463a263f07237fc98c26855387621e90c49ba5d8c44c92942e34129723fa36,Healthy-Leaf(1399),2,0.9999999999999708,0.20000003525912416,0.20000004286907724,0.20000006358266276,0.19999995379941776,0.1999999044897181
1730,ae4f8a97787b4fe69d9344fc02d6288f583163a1a7a86eed7d6346c1f4c5a810,Healthy-Leaf(1399),2,0.9999999999997014,0.2000001139031384,0.20000013850162868,0.20000020544759825,0.19999985071812101,0.19999969142951357
1731,1ff714978cbce2bf93e2409e7525025fe4171d67831659da6ad0e0a254292212,Healthy-Leaf(1399),2,0.9999999999999272,0.20000005613081218,0.2000000682488736,0.20000010123904668,0.19999992643729936,0.19999984794396827
1732,330057a2937eb742d3c19ee7f404a7abf4e3bfc777a439844b533dde63707b14,Healthy-Leaf(1399),2,0.9999999999999447,0.2000000487831607,0.2000000593268314,0.20000008798252772,0.19999993607245128,0.1999998678350289
1733,a4b984aa67d48be2ebef6ab3cc34d14342d95d60060e188c1d6fef8f114d6be8,Healthy-Leaf(1399),2,0.9999999999997442,0.20000010539700097,0.20000012816370638,0.20000019009367034,0.19999986187615468,0.19999971446946763
1734,3a69579f15e953675a7c1eab0c9c917901fa710a8b245e55431f961871205ec2,Healthy-Leaf(1399),2,0.9999999999998852,0.20000007049326232,0.2000000857237209,0.20000012713583543,0.19999990762285266,0.19999980902432868
1735,832865bb93a216f0c27af99bbf38dce27712848f653cceb0e1d8d5dacae7b14a,Healthy-Leaf(1399),2,0.999999999999951,0.20000004576191968,0.20000005564385953,0.20000008253001633,0.199999940032562,0.1999998760316425
1736,88f8a166fa2b11527e7dbcee06140a2a18994dfc309c621c5fb70bc4c80761d1,Healthy-Leaf(1399),2,0.999999999999877,0.2000000730257121,0.20000008880121153,0.20000013170312497,0.199999904303816,0.19999980216613542
1737,6831db1b62a1cabb0f0045e5c47a8328a346d2805b09da0dc650cb59fd884ace,Healthy-Leaf(1399),2,0.9999999999999993,0.2000000008351564,0.20000000101169974,0.20000000148898808,0.19999999891806575,0.19999999774609
1738,62f36a47ab40473c51fe145807e2bb83258b74fc91aa096e4836f6afaf85dee7,Healthy-Leaf(1399),2,0.9999999999999198,0.20000005883754857,0.20000007154073587,0.20000010610010918,0.1999999229062044,0.1999998406154019
1739,1a9c5c028e26a79c3c3619f5ee3c41f0a67846d857462f850c352d128f8b3e1f,Healthy-Leaf(1399),4,0.9999999999999845,0.19999997459490482,0.1999999691074872,0.19999995417156124,0.2000000332997869,0.2000000688262598
1740,9db288ab16ff21919cb6737d2580dd26d17509ef30fbdd53583e522db3407354,Healthy-Leaf(1399),2,0.9999999999998834,0.20000007104520343,0.20000008638559696,0.20000012813567217,0.19999990689422031,0.19999980753930713
1741,07787fe1980cf0c634511cb5cd0aee3ed8d1bf464060581cced173662585764f,Healthy-Leaf(1399),2,0.9999999999999212,0.2000000583828609,0.2000000709936545,0.20000010529548712,0.19999992349144238,0.1999998418365552
1742,0837de0ef87f4b05951f103d4ebcd3f2d1825bd622eae9b43969d141ce382a02,Healthy-Leaf(1399),2,0.999999999999954,0.200000044438561,0.2000000540311126,0.2000000801525275,0.1999999417589122,0.1999998796188866
1743,463900ef3ca29b627c20ebd90839ca60c47c87d89980112b521662018d2512e7,Healthy-Leaf(1399),2,0.9999999999999992,0.20000000196656476,0.2000000023883185,0.20000000353539696,0.19999999743102834,0.1999999946786913
1744,b24e94bd9e0856596655220082d81271842ae2115b924c001efba4819813dd84,Healthy-Leaf(1399),2,0.9999999999999424,0.2000000498924091,0.20000006066407558,0.20000008999123425,0.19999993461013002,0.19999986484215113
1745,41e6f2c11fd11d86afee65e249615c98417b57e906be9d953d926ddb8edd3d2c,Healthy-Leaf(1399),2,0.9999999999999962,0.20000001182253097,0.2000000143746923,0.20000002130463315,0.1999999845203356,0.19999996797780806
1746,aec7b8f30d539200887e59492c25ff8660bc93e880be35eb4d3ee349a89f68b4,Healthy-Leaf(1399),2,0.9999999999998663,0.20000007606953168,0.200000092499567,0.20000013719688706,0.19999990031118184,0.19999979392283246
1747,f1292e52e1f0b66f99612d852fad1e7dc15d6720da55fc084787a95ababe9b0a,Healthy-Leaf(1399),2,0.999999999999735,0.20000010727557976,0.20000013044887108,0.20000019350139173,0.19999985939936438,0.19999970937479308
1748,1ba4984d98e45b03df17459385f31dc1cf20021b9e3bf5fad554937081b8692b,Healthy-Leaf(1399),2,0.9999999999997883,0.200000095886555,0.20000011659602943,0.2000001729587214,0.1999998743251596,0.19999974023353467
1749,b2ef68277c2c9f52e405db27f62033ebff64828cc77473211e741c2dcd885bf8,Healthy-Leaf(1399),2,0.9999999999998637,0.20000007686854213,0.20000009347236827,0.2000001386409775,0.19999989926203177,0.19999979175608035
1750,99bc570d68ddd81e00850070e50a286f96526ca8938c3ed3e12fbf970adbd978,Healthy-Leaf(1399),4,0.9999999999999871,0.19999997687512758,0.19999997188163487,0.19999995827662267,0.20000003031764588,0.20000006264896908
1751,f982662fcd08f1071a26a77c0d9b84143cde2e64821dfd2c4baf52465485a620,Healthy-Leaf(1399),2,0.9999999999999094,0.20000006255768676,0.20000007607033973,0.20000011282128694,0.19999991802325662,0.1999998305274299
1752,fcb47a8f588b3c5a9029e21afa68a94c8fd64fd3a542d0a94b21df8a543c40f6,Healthy-Leaf(1399),4,0.9999999999999937,0.19999998416282053,0.1999999807386422,0.19999997141763706,0.20000002076837178,0.2000000429125284
1753,a3eb97493e41cd45d7df233450efec3e0987525c45a983e75b75a79978a9add5,Healthy-Leaf(1399),4,0.9999999999999992,0.19999999709072075,0.19999999647157088,0.19999999473940563,0.20000000382494004,0.20000000787336272
1754,78ced8fbe3c4b3706a1c59b6b09bb5c208c89124788403bdb98f30cf00d5bd1f,Healthy-Leaf(1399),4,0.9999999999999813,0.19999997208408674,0.19999996605706274,0.1999999496319577,0.2000000365993835,0.20000007562750938
1755,efce95b32b4318c9998f8066b2e4b242daa7758ebc8edb1eff68bbd6bc5db46a,Healthy-Leaf(1399),2,0.9999999999999993,0.20000000128570053,0.2000000015587995,0.20000000230966758,0.19999999832123685,0.1999999965245955
1756,a10143ac9db6fef54626cbe5cd7542f35ed605df7fc8b1044ce228a6e37e684e,Healthy-Leaf(1399),2,0.9999999999999462,0.20000004812898992,0.20000005852611258,0.20000008680796627,0.19999993692458776,0.19999986961234348
1757,a930debb8e5f82d149d5d731114b87bf92a05ffce0050efcd0ef84c097464697,Healthy-Leaf(1399),2,0.9999999999999097,0.20000006241808643,0.20000007589754373,0.20000011259693026,0.19999991818445262,0.19999983090298687
1758,7a59f5dc94e5c9bf753f5aebe3884ccaa5b885e227aeb515f91c6ea7e043c884,Healthy-Leaf(1399),4,0.9999999999999902,0.19999998009769762,0.19999997580124293,0.19999996406660422,0.20000002611177642,0.20000005392267878
1759,921ab81dd0abadfa667af165a89706270231d986a661f19541e20ddd110eb375,Healthy-Leaf(1399),2,0.9999999999997753,0.2000000987591326,0.20000012009425427,0.2000001781295607,0.19999987056951193,0.19999973244754043
1760,d98ff391796841e3bfc27d605ab3c91a1ec1267e7cfcbb5acde29efbf19ab606,Healthy-Leaf(1399),2,0.9999999999999993,0.2000000001514702,0.2000000001836056,0.200000000254704,0.1999999998156529,0.19999999959456732
1761,c2a9c089551e30561615bbe885ac5187e80d84502581e05f428c6b0d889c5c45,Healthy-Leaf(1399),4,0.9999999999999956,0.19999998707940156,0.1999999842905771,0.19999997668588015,0.20000001694118621,0.200000035002955
1762,b3911cd15a275863462682be42ef4af784a85ffc00f0f257fddb3454a0c74ee2,Healthy-Leaf(1399),2,0.9999999999998374,0.20000008402497213,0.20000010216974246,0.2000001515429917,0.19999988988650735,0.19999977237578645
1763,021f7d60a352812cd742048d41683be8c74a3bdb8ca7259233be89c01ceee4f3,Healthy-Leaf(1399),4,0.9999999999999993,0.1999999985409967,0.19999999822241254,0.1999999973552463,0.20000000192160688,0.20000000395973755
1764,1073b891bc45792b19cd17d602e115411894d2d848ea2dcdccfbf047ae2bd82d,Healthy-Leaf(1399),2,0.9999999999999988,0.20000000490914016,0.20000000596994688,0.20000000883350225,0.19999999358251414,0.19999998670489652
1765,2837fcda85013a4df4f823d3bb1c5bbb6ae27f5386d0abfed1bc0ce256adfdf4,Healthy-Leaf(1399),2,0.9999999999999524,0.2000000452025776,0.200000054965681,0.20000008151960869,0.19999994076721897,0.19999987754491375
1766,9d7f257ffb99aecce1fc75973694332f383e23f58530a1efea133328eabdd3f5,Healthy-Leaf(1399),2,0.999999999999924,0.2000000573220741,0.20000006970315712,0.20000010337182916,0.1999999248895002,0.1999998447134394
1767,c1aaed6d0d257af05743f009b535fbd184345dfc64b375c745dd01430e140b6b,Healthy-Leaf(1399),4,0.9999999999999785,0.1999999699165186,0.19999996341748177,0.1999999457167811,0.20000003944363806,0.20000008150558046
1768,3bbd4062ad8219ca80ecc8f8c4cfc8876984938d0c36d8902efb670b46e3e59a,Healthy-Leaf(1399),2,0.9999999999999988,0.20000000518554914,0.20000000630652812,0.2000000093430667,0.1999999932118409,0.1999999859530151
1769,1cfb1121447349f96e5c76d8e5db3a2372e598b52ecedf8f3c305b3b3721fb56,Healthy-Leaf(1399),2,0.9999999999999506,0.2000000460465618,0.2000000559891202,0.20000008305068656,0.1999999396537367,0.19999987525989474
1770,b1ce18ca06d7f34ef3251e40037f113b93194a1ab5be214153a1d5ce59c3e092,Healthy-Leaf(1399),2,0.9999999999999237,0.20000005740951884,0.2000000698024008,0.20000010355169232,0.1999999247563498,0.19999984448003827
1771,4566513ceb7f8739243c9161986c77a138e5e71ba307d11a4ebc42b6adc9bc7b,Healthy-Leaf(1399),2,0.9999999999998631,0.20000007702670136,0.20000009365999716,0.2000001389284781,0.1999998990520397,0.19999979133278378
1772,72ec7a852a81a488a9b2c5a68463edaeff1ac74607d809ce857bda052bb5f123,Healthy-Leaf(1399),2,0.9999999999999665,0.20000003778900902,0.20000004595516044,0.200000068152284,0.1999999504808061,0.1999998976227404
1773,4f7a4683df281a9492a652d6a4e2bf474ed28c405568816a2048561c90b9e4fe,Healthy-Leaf(1399),4,0.9999999999999919,0.19999998185190854,0.19999997793668256,0.19999996724655453,0.20000002380093626,0.20000004916391803
1774,2b0b472e94ed88ad653e9e08b99a1ee2c67dc24544c649ddc20d1018c0caed69,Healthy-Leaf(1399),2,0.9999999999999591,0.20000004181423134,0.20000005084417508,0.20000007540436351,0.19999994521053385,0.19999988672669616
1775,7b65182ae57ec3eb0535fd7d3c130e9c7448cc95abeb468b92b75abd6f91b8f0,Healthy-Leaf(1399),2,0.9999999999997237,0.20000010955820952,0.20000013322251214,0.20000019760504664,0.19999985641776924,0.1999997031964624
1776,7f1207288d9ac4a461df546ceb905b104faff6d9c773b1374fba5f32cc3af95a,Healthy-Leaf(1399),2,0.9999999999999968,0.200000010581714,0.20000001286849986,0.2000000190557703,0.19999998615545436,0.19999997133856137
1777,b20c015a4850e64e94afd4bbd08237d2cd125a9b2985eabd5b99aecaecd9604f,Healthy-Leaf(1399),2,0.9999999999999334,0.20000005361894488,0.2000000651940872,0.20000009670919092,0.199999929728634,0.19999985474914314
1778,c677bc6acf391a5f353b191c38aa0cf65bdc3e1078d2dd4c7dd9ddbe6c61efeb,Healthy-Leaf(1399),4,0.9999999999999989,0.1999999953988278,0.19999999440562147,0.1999999916759198,0.2000000060496315,0.20000001246999935
1779,2517c8716316db4006a43b9ad83411efdd8cfb7cce73840f86fd7ddeb598d0ea,Healthy-Leaf(1399),2,0.9999999999997627,0.20000010151184597,0.200000123435635,0.200000183098594,0.19999986695752087,0.1999997249964041
1780,53015cd09ebb7d006706ec29b3f8b911c5eb90a5cb5183e130c97ecf4d78c664,Healthy-Leaf(1399),2,0.9999999999999115,0.2000000618419915,0.20000007519478633,0.2000001115339017,0.19999991895744496,0.19999983247187542
1781,4b0a8255a62e54696bd1599a273f626b507363a9184bb13fea5de3c3ecba72c6,Healthy-Leaf(1399),2,0.9999999999998804,0.20000007198124883,0.20000008752044143,0.20000012984121282,0.19999990565351627,0.19999980500358064
1782,4edc59e1c3e5099714c3a3db8e618fbaca89a2020a71964274debc0d406690a6,Healthy-Leaf(1399),2,0.9999999999996743,0.2000001189574159,0.200000144653793,0.2000002145505008,0.19999984410569846,0.19999967773259184
1783,92d3c3cdbd2263b0e89073da358473bc2d915522f0a542c6f4f67b53c7a5fd63,Healthy-Leaf(1399),2,0.9999999999999982,0.20000000704022733,0.20000000856532246,0.20000001269034964,0.199999990780338,0.19999998092376264
1784,3bdbe8847f67fd3a853ba6e912c7b89dc19062d2681b8cdc1d8b4b0699822cbc,Healthy-Leaf(1399),2,0.9999999999998308,0.20000008562353816,0.20000010411803165,0.20000015442306676,0.19999988779485442,0.19999976804050892
1785,ca634482dea06452df12cf9e6b39c6658e952d1cae491dbb8fcc576396421c11,Healthy-Leaf(1399),2,0.9999999999999155,0.20000006043911178,0.20000007348702803,0.2000001090064095,0.19999992079343634,0.19999983627401424
1786,5b9623fb44b17f1818bb66f7b35b8bc2d84ec60f08ca4fe357068a1e46a082c9,Healthy-Leaf(1399),2,0.9999999999999754,0.20000003234825542,0.20000003933101146,0.2000000583429095,0.19999995760651484,0.19999991237130876
1787,bf1d4326014eabc4ef58a2ae5cfe29a74f274356d07a463b88ce76de67ae2bee,Healthy-Leaf(1399),2,0.9999999999996884,0.20000011634306122,0.2000001414712008,0.20000020984752284,0.1999998475216582,0.19999968481655686
1788,4178ef85504b1a1b4513080af0a6d78ef952b6ecb1a3e40dff6a2726f3df8872,Healthy-Leaf(1399),4,0.9999999999999979,0.19999999230502252,0.19999999063933024,0.19999998610382885,0.2000000100971585,0.20000002085465976
1789,642c5cc886e2c8aeddbb42e74a6ee8b24e5321f6178432faedf8cf810d920713,Healthy-Leaf(1399),2,0.9999999999998301,0.20000008583210477,0.2000001043759366,0.2000001548077103,0.19999988751591308,0.1999997674683353
1790,05f1787464016a10794189cad16b7a82143b1a311b65fc384dbf00322597a1b6,Healthy-Leaf(1399),2,0.9999999999997272,0.20000010886077668,0.20000013237148023,0.20000019635281607,0.19999985732677553,0.1999997050881515
1791,605863e10a6c7efd0acb9384edbcd4b4e81c5a71c7ff63b6e0be1b03a3f29f60,Healthy-Leaf(1399),2,0.9999999999999988,0.20000000534605925,0.20000000650464922,0.20000000960611694,0.19999999302251342,0.1999999855206613
1792,33b1a8c66ef6bd7e86c473baf526d420a2ec83128f0fb48e9299ebdd6dab8b50,Healthy-Leaf(1399),2,0.999999999999814,0.20000008983686715,0.2000001092368238,0.20000016202558754,0.19999988226969917,0.19999975663102243
1793,13bc37d7e0a5bedaae8f5167620670a6bc23d1dd7a2d69ee099b9819b8da25e1,Healthy-Leaf(1399),2,0.9999999999999993,0.20000000227917447,0.20000000277093932,0.200000004100658,0.19999999702077734,0.19999999382845093
1794,08ce5d6c1d19c858a5f40a0cecb0a6d946ab86b150e08841ebdc26ba01b9ab56,Healthy-Leaf(1399),2,0.9999999999999646,0.2000000389199103,0.20000004733102103,0.20000007018842736,0.19999994900165724,0.19999989455898412
1795,d85c26eb498d9b89ba240a339df0c5ce0c8abba97988f267b01568d5f9dbd39c,Healthy-Leaf(1399),2,0.9999999999998925,0.20000006821897165,0.20000008295948818,0.20000012304225986,0.19999991059717753,0.1999998151821027
1796,aa8cf2354ebb0decc92d3cc8ad9de7eeeab9920f7414c9efd6f7579072dd645e,Healthy-Leaf(1399),2,0.9999999999999526,0.200000045153489,0.20000005491061032,0.20000008142078612,0.19999994084044073,0.19999987767467395
1797,bd3f6868bb4b1522392c762cedf2970b67c647b6c267297dcf3231d52cdc481f,Healthy-Leaf(1399),2,0.9999999999999767,0.20000003141831924,0.20000003819884393,0.20000005666347015,0.19999995882667168,0.19999991489269495
1798,53b08cea937323c1f6f8d6be1a93ea28a88b4f8594d91f5eede9cf068faebb7d,Healthy-Leaf(1399),2,0.9999999999997958,0.20000009416022227,0.20000011450126542,0.20000016982716304,0.1999998766023071,0.19999974490904224
1799,8771e950963d91622ffa0d059f1a69989c1a1c977cbd817b4bac620bcf3905ce,Healthy-Leaf(1399),2,0.9999999999999982,0.20000000746994703,0.20000000907849086,0.2000000134610655,0.1999999902185535,0.19999997977194311
1800,e4ade5586b1bb63ee02880d95d2c7e975ef6d27c7da702ac9ca7aa4e1bb0989c,Healthy-Leaf(1399),4,0.9999999999999795,0.19999997057424773,0.19999996422025773,0.19999994689638065,0.20000003858744908,0.20000007972166478
1801,58ddf98c0aa36813cd5c51377ace527e1d5d61747fcdcc3807f07e85cc3315aa,Healthy-Leaf(1399),2,0.9999999999998909,0.20000006868951903,0.2000000835249453,0.2000001238783237,0.19999990998887718,0.1999998139183349
1802,da68598de23cca9e396168bbdb14170a69f3d22bb945eb64550a2b4625072143,Healthy-Leaf(1399),2,0.999999999999737,0.2000001068722382,0.20000012995769137,0.2000001927536564,0.19999985994341288,0.19999971047300102
1803,0eb4f76f8e9cbd1ede51e9dfd1edb302de89fc430821c68d14ebacb9e257c4c3,Healthy-Leaf(1399),2,0.999999999999772,0.20000009952142825,0.20000012101651624,0.2000001794917374,0.19999986957931923,0.19999973039099891
1804,e1fd1c44a8c2d669604d76073a2e1a3bb624d985fe57e7439286613cd92daffa,Healthy-Leaf(1399),2,0.9999999999998715,0.20000007454722563,0.20000009064960908,0.2000001344468834,0.19999990230982387,0.19999979804645798
1805,477cb2045de5ae255ed37b3adceb43c8cd38fb7729462f9440aa35daea9d9e0d,Healthy-Leaf(1399),2,0.999999999999999,0.20000000382964658,0.20000000465998896,0.20000000689907962,0.19999999498808613,0.1999999896231987
1806,8fdab2304425392d1d6cb004f2f180b0ab3b4335bbb1fb9071c96fa58a87eb9f,Healthy-Leaf(1399),2,0.9999999999999756,0.20000003223271343,0.2000000391926304,0.20000005812042979,0.19999995776927548,0.19999991268495096
1807,c1e2412388a40814e1b7d2684c6faf918030b21f4e1adfdc13d60f7000e0b2ba,Healthy-Leaf(1399),2,0.999999999999991,0.2000000191006809,0.20000002322854513,0.2000000344300693,0.19999997498407907,0.19999994825662568
1808,6c0ebb2a7bb4d56c60d00eb5714c2e2177459644c1581965dcc229fd358fa6a2,Healthy-Leaf(1399),2,0.9999999999998626,0.20000007717943005,0.20000009384966574,0.2000001391852958,0.19999989886708402,0.1999997909185244
1809,96288d88cd4b9110fa2f8be2032b4f0b434859be696b56b278a1c61b5abf1f06,Healthy-Leaf(1399),2,0.9999999999999339,0.20000005336071003,0.2000000648886761,0.20000009622684314,0.19999993008164726,0.19999985544212345
1810,9965f222ccbf473876c4f36a0b01b407ead8f3c79444bc35de45e2fe95fad989,Healthy-Leaf(1399),4,0.9999999999999556,0.1999999563644555,0.19999994694049592,0.19999992126634736,0.20000005721039912,0.2000001182183021
1811,b23649cdef2aeeef2877b34a18881f5ed52ff96d60db3580b1ee4ad7e994c403,Healthy-Leaf(1399),2,0.9999999999999812,0.20000002809958864,0.20000003417136145,0.2000000506664921,0.19999996318633098,0.1999999238762268
1812,159d14a97011017508eba6f13ad02034050c4351798ef06737529b7844fb5e91,Healthy-Leaf(1399),2,0.9999999999996994,0.20000011429101833,0.20000013897902683,0.20000020614946068,0.19999985020923106,0.1999996903712631
1813,b56d0f1def970c88ec52ad7a11fd3e56466217f36a70141ad7fff9ed1f007b7c,Healthy-Leaf(1399),4,0.9999999999999708,0.19999996460394806,0.1999999569632478,0.1999999361329559,0.2000000464086701,0.2000000958911782
1814,53ece64609e54790dfa7ec55486145e0f51c10b79ed7f40058c9dae426b70c92,Healthy-Leaf(1399),2,0.9999999999998818,0.20000007159598332,0.2000000870550905,0.20000012913334642,0.19999990616905453,0.19999980604652526
1815,cb12e869212791bf7b48594dc82f2acff4c9239c06043457bb49c5f30c344f16,Healthy-Leaf(1399),2,0.9999999999998903,0.20000006893381259,0.20000008382144754,0.2000001243341429,0.19999990965686615,0.19999981325373076
1816,e889b3fbe604b9d73bdca7d701ce4853b6bf9695bf9f7eac38a34404ef93af79,Healthy-Leaf(1399),4,0.9999999999999796,0.1999999706299485,0.1999999642863463,0.19999994701799373,0.20000003849780246,0.20000007956790902
1817,80e89e2cda1296df9b10014eb85878bec66a7b25b2fe67a3c1829860635413fb,Healthy-Leaf(1399),2,0.9999999999997168,0.20000011091858325,0.20000013488030896,0.20000020005803634,0.1999998546361984,0.199999699506873
1818,35e742ac223ffc7f5c1d62464f82f467df34fc6a50a8e83321cea0b12fdeef19,Healthy-Leaf(1399),2,0.9999999999997511,0.20000010396011575,0.200000126408992,0.20000018750563053,0.19999986375492965,0.19999971837033215
1819,0b14df8c28d96886acf749df2e86983260132e32a393502f2ca09f8babd8fb9a,Healthy-Leaf(1399),2,0.9999999999999983,0.20000000724814596,0.20000000881289767,0.2000000130521282,0.1999999905169224,0.19999998036990585
1820,33a4c8a462f99d7677136946beeef59a719cc6b0192e2382e0728e88cda69840,Healthy-Leaf(1399),2,0.999999999999826,0.2000000868977717,0.2000001056610706,0.2000001567378221,0.19999988611087682,0.19999976459245877
1821,870d3a776d06edaa742ac83fe10b7fdfdd8c8de7bee2b3062261bf85934d8b03,Healthy-Leaf(1399),2,0.9999999999999495,0.20000004663457802,0.20000005671573315,0.2000000841078846,0.19999993888813017,0.19999987365367408
1822,65bfef2f3461ba5f5f788dab410f1565830721fa5f3053bdbe11838043b5feb6,Healthy-Leaf(1399),2,0.999999999999755,0.20000010312385505,0.2000001253942455,0.20000018600113154,0.19999986484839424,0.1999997206323737
1823,ac05045d30110bdff0cd24c39f680e2f61711f36a1d4e8e224f276e84750c259,Healthy-Leaf(1399),2,0.999999999999995,0.20000001350895577,0.20000001642228113,0.2000000243646204,0.1999999822954574,0.1999999634086852
1824,d4a72b2eecf859fbd58cfad1b8b3543c4d2a626a1ab57d421a69cee2aed7850b,Healthy-Leaf(1399),2,0.9999999999998312,0.20000008554240975,0.2000001040191622,0.2000001542731715,0.19999988790389797,0.19999976826135857
1825,166234ad21e6f81d3b884b96cb5a4f2eaf5ade9ed06ef3c40f4e99f82a43903c,Healthy-Leaf(1399),2,0.9999999999999453,0.20000004858028922,0.20000005907914886,0.20000008759453058,0.19999993635517596,0.19999986839085537
1826,b7a76ea484df07e6d1bcb8715d994274dd57bf8f1c6f7de229765cfd06ed2654,Healthy-Leaf(1399),2,0.9999999999998477,0.20000008123242594,0.20000009877622948,0.20000014651178166,0.199999893542466,0.19999977993709692
1827,6655b3c602d6544c0d4bd3eac9e2631d37218e3530065ee5ea7de441fe8990d6,Healthy-Leaf(1399),2,0.9999999999999988,0.20000000510766267,0.20000000621466918,0.20000000920385505,0.1999999933135433,0.19999998616026976
1828,01ba17298e086e6366b7301fd93de2534f41644561c0101c135262b1336f9390,Healthy-Leaf(1399),4,0.9999999999999957,0.19999998729854365,0.19999998455230167,0.19999997709229406,0.2000000166444137,0.20000003441244688
1829,0ca14508117185f1d4555db24ba2779bf72d6e3700f19025500775f0cbe08af6,Healthy-Leaf(1399),2,0.9999999999998249,0.20000008714870351,0.2000001059753554,0.2000001571578814,0.1999998858090252,0.1999997639090344
1830,ae0b9cef4be1d03bf5746998256e6e77773a2d29f36bb75b5a2a114acd74f60d,Healthy-Leaf(1399),2,0.9999999999998186,0.20000008869309455,0.2000001078490787,0.20000015996819054,0.19999988376499828,0.19999975972463796
1831,14085cf887479110ae841f4401be5ff46c296fd3d47373ded47c542d5a067889,Healthy-Leaf(1399),4,0.9999999999999784,0.1999999697184531,0.19999996318285487,0.1999999453533315,0.20000003970930855,0.20000008203605188
1832,cf13c7473b7e3f0c07f393b4c1056770ca32c0378fcc81a91552be28fdabe5c1,Healthy-Leaf(1399),2,0.9999999999998859,0.20000007027063457,0.20000008544287232,0.20000012674966502,0.19999990790065691,0.19999980963617126
1833,515364bbc62ea0f3886e654b4444d7a333dbc3f171ad964992139a79a8fc11ae,Healthy-Leaf(1399),4,0.9999999999999938,0.19999998425616214,0.19999998086154644,0.19999997156630417,0.20000002066318112,0.20000004265280613
1834,41edc3890c12eefce04b03d954debc59b0986bfb79f61106e26874574ead91cf,Healthy-Leaf(1399),2,0.9999999999998055,0.2000000918664901,0.20000011170443088,0.20000016570273607,0.19999987959701643,0.19999975112932653
1835,07825d0e1bf2f0d7408b0e975a04063589eb0bb96c66a46a6b75f881118c247c,Healthy-Leaf(1399),2,0.9999999999997452,0.20000010521602365,0.20000012794100605,0.20000018977069436,0.19999986211011947,0.19999971496215646
1836,17007a7bb6df204f3d026c0749fdb672254a7d5587800ec67ca847200dd3a929,Healthy-Leaf(1399),2,0.9999999999998409,0.20000008302170605,0.20000010095972715,0.20000014973274943,0.19999989120397166,0.19999977508184566
1837,4414b6493d52befc60a57b9707e08b30eaa9c22010787e6d61bfebc895744339,Healthy-Leaf(1399),2,0.9999999999997116,0.20000011193047817,0.20000013610702344,0.20000020188961207,0.19999985330425135,0.1999996967686349
1838,d65e3fc50eecd73649ce1628d4b6d5af7e497dc3b562c7bdb69f5903aa96ecd9,Healthy-Leaf(1399),2,0.9999999999998419,0.2000000828290743,0.20000010072172225,0.20000014937614896,0.1999998914627067,0.19999977561034785
1839,ae9a1d1cf0bd7e3463df06729b4f93e0013d160f44ff3bd3ad966d38b87cf96e,Healthy-Leaf(1399),2,0.9999999999999913,0.20000001890077745,0.20000002297857336,0.20000003408757427,0.1999999752307389,0.19999994880233615
1840,09125c1bc08d46c2ff8f2f4d1ff0756587b84cfd54932ded41baafb9f6f63ccd,Healthy-Leaf(1399),2,0.99999999999986,0.20000007789976645,0.20000009472361835,0.20000014049139384,0.19999989791735084,0.1999997889678705
1841,ef6b4a76c8a1e773f614906fde3724818c3173e3c05c743bc41dd6dcb4e9f1ed,Healthy-Leaf(1399),2,0.9999999999999464,0.20000004808021096,0.20000005847080518,0.20000008671234504,0.19999993699524052,0.19999986974139827
1842,365465031ce61f16a88e6f5dafe9938779d51e6ee924781e36303cceb2f5cc05,Healthy-Leaf(1399),2,0.9999999999999466,0.20000004793544077,0.200000058285783,0.20000008644671466,0.1999999371865502,0.19999987014551138
1843,932c1e740443251e3f3e281e393688e89f9cf9c192076acaf32daa51f4bd8b02,Healthy-Leaf(1399),2,0.9999999999999964,0.20000001136331325,0.20000001381381985,0.2000000204855548,0.19999998511456102,0.199999969222751
1844,75fb484a64a754a4bd7f411a1f7048e68fca3da567ed649a5ffe0c5b02f19f9e,Healthy-Leaf(1399),4,0.9999999999999749,0.19999996732004166,0.19999996026568745,0.1999999410308736,0.20000004284972756,0.20000008853366968
1845,9c1a411582503a04a63597350e93f9c4914edc5c8bbd0189dacef2295e1750c1,Healthy-Leaf(1399),2,0.9999999999999708,0.20000003536311067,0.20000004299473584,0.20000006377572516,0.19999995365870696,0.19999990420772137
1846,0005ea5c86f398fd30cdb534062ea308258eadce00f0df100da130bd45f388c5,Healthy-Leaf(1399),2,0.9999999999999919,0.20000001819255575,0.20000002212593046,0.20000003280739054,0.19999997616280468,0.19999995071131862
1847,9b0fb5a3779a6cb876e781fae544cc931c43e8dc017d8f78ddcbab574b79c94d,Healthy-Leaf(1399),2,0.9999999999999932,0.20000001635789397,0.20000001989739666,0.2000000294834858,0.19999997857914364,0.1999999556820799
1848,5299134b2c679ed39e030e72666c711999bdc6dcc56a0eb114d9f3b0775fe36e,Healthy-Leaf(1399),2,0.999999999999985,0.20000002499433717,0.20000003040001624,0.20000004506241395,0.19999996725938052,0.19999993228385207
1849,371a293b198166a0ef97c514db16e75e3ee2e2036f6e64ca57a93a8cca4d9906,Healthy-Leaf(1399),2,0.9999999999997283,0.20000010865362658,0.20000013212388673,0.2000001959737151,0.19999985760337144,0.1999997056454003
1850,381186f18970a393ec7b561c642ca3f4daecd2119b2deea2ede7b1ed6c5f4a3f,Healthy-Leaf(1399),4,0.9999999999999862,0.19999997607522735,0.19999997090561833,0.1999999568416375,0.20000003135927025,0.20000006481824653
1851,9a3becd0cf1db40b1f46320511529e4292beba44b3f67de1d1c6da9796475b40,Healthy-Leaf(1399),2,0.9999999999999791,0.2000000296918327,0.2000000361002578,0.2000000535466614,0.19999996109163512,0.199999919569613
1852,6abc68ec91418e53d9b9fc5b5f543cb5de301b39ca7ddfcd01273c9aac9ca9d4,Healthy-Leaf(1399),2,0.9999999999997977,0.2000000936404389,0.20000011386508376,0.20000016888702335,0.19999987728468133,0.1999997463227726
1853,c5023bbfaa33eefa069f46e603b7d460adb574cc5182408ce9534ae60facd792,Healthy-Leaf(1399),2,0.9999999999998779,0.20000007272317377,0.20000008842655065,0.20000013115946008,0.19999990469734136,0.1999998029934743
1854,2ef629c542c5831f82570c1b5407a70f4145946cabbb14a985fb98521fcd91cb,Healthy-Leaf(1399),2,0.9999999999999917,0.2000000181473541,0.20000002206644502,0.2000000327103869,0.19999997623304053,0.19999995084277336
1855,ba4b610c32a9630d17fb52b9987dab5a683241c49bf1be1e55a15226ea2bb471,Healthy-Leaf(1399),4,0.9999999999999987,0.19999999387983222,0.19999999256526602,0.19999998892905632,0.20000000804724394,0.20000001657860153
1856,a552745ab1d57ca78a3943a2389253168bd7b979bede8bb6b43832267cef1758,Healthy-Leaf(1399),4,0.999999999999979,0.19999997020898522,0.19999996377556917,0.19999994624731116,0.20000003905850602,0.2000000807096285
1857,0cbb276bb0a0a0f34af04ce4501612bda4393ead8f2a1a59420f9fc147ca75cc,Healthy-Leaf(1399),2,0.9999999999999022,0.2000000650509211,0.20000007909941833,0.20000011732783482,0.19999991474775541,0.19999982377407036
1858,d183c6c387e2131a6ec75a250c9212c5b9a9407f5379f9163608fa8528981e2e,Healthy-Leaf(1399),2,0.9999999999998989,0.20000006614770377,0.20000008043411152,0.20000011929144268,0.19999991332182823,0.19999982080491377
1859,61919545aa2e9bb1f7092dec5bac592c5329af02fe0c3dc4c873d867a6b0730e,Healthy-Leaf(1399),2,0.9999999999998526,0.20000007993713384,0.20000009720544515,0.20000014416745918,0.19999989524712378,0.19999978344283809
1860,8b72d0933de223848d0a781c39316dc219f73b913cf42fd861f36537fe4f892e,Healthy-Leaf(1399),2,0.999999999999991,0.2000000190266105,0.20000002313553278,0.20000003429432822,0.19999997508218267,0.19999994846134575
1861,6d9b7ae75ae91b64e770a491ccbad93550c8127d3f2e1419eb8af8433f73983f,Healthy-Leaf(1399),4,0.9999999999999879,0.19999997765642794,0.19999997282945775,0.19999995969026418,0.20000002928981023,0.20000006053403985
1862,84842e99bdb0e1e820c9518fd0a6f08398887a8edb0245c9aabc011f8752c544,Healthy-Leaf(1399),2,0.9999999999998305,0.2000000857549088,0.20000010427857887,0.20000015465830764,0.19999988762416085,0.19999976768404376
1863,619fe2e65b6eb3ea102153992e7bd307ea6b915ec0e7e23504869d92312a45fb,Healthy-Leaf(1399),2,0.9999999999999876,0.20000002267568973,0.20000002757133314,0.2000000408874095,0.1999999702907732,0.19999993857479453
1864,8c77ccdcb46b01cc68c6cfa9713150dd1f5a0a04217c4f6511bfe58d74600439,Healthy-Leaf(1399),2,0.9999999999998577,0.20000007857118265,0.20000009554294407,0.20000014170440905,0.19999989703647006,0.1999997871449941
1865,107d0a8d8831e78ac0fb7290a4904143869e6ec09d77c696e48c68096fb4f12a,Healthy-Leaf(1399),2,0.9999999999998566,0.20000007886339044,0.20000009589367596,0.20000014223926238,0.1999998966465227,0.19999978635714855
1866,4373f667020e8713b7cf785263b3b733b034d5ee0bee0604f0b3d7ba78a369e4,Healthy-Leaf(1399),2,0.9999999999999977,0.20000000869487303,0.20000001056865316,0.20000001565974396,0.19999998862158458,0.1999999764551453
1867,1f4bfd31a8474bc8c795f1cdf95d2abd4eace463ea9930b39635d1cc62092879,Healthy-Leaf(1399),2,0.9999999999999291,0.2000000552804708,0.20000006721979255,0.2000000997020859,0.1999999275552414,0.19999985024240938
1868,5310c818f6c58dd7b1c6f9994a2e1ab5bb68dfe347f7d8dd2da5bd7587fd36ed,Healthy-Leaf(1399),2,0.9999999999998396,0.20000008336527186,0.200000101369879,0.2000001503596668,0.19999989074649288,0.19999977415868944
1869,9bf4a7a51d6600a4c384a4955b415544b2d845e2fecaec7f07fceee91ecd2045,Healthy-Leaf(1399),2,0.9999999999999942,0.2000000150165389,0.20000001825710148,0.20000002707327472,0.199999980328122,0.199999959324963
1870,ff8c6dde05b1ae6c62bdae2878460e1a4ec1b65c9159644511a8efac211de0b8,Healthy-Leaf(1399),2,0.9999999999999698,0.20000003589144819,0.20000004363735405,0.20000006472991944,0.19999995296534986,0.19999990277592836
1871,9d9cf6a0bda8d1442955953f10ddccabbaa5b2802a0d31c8207172d801dbe700,Healthy-Leaf(1399),2,0.9999999999999983,0.2000000066694751,0.20000000810632568,0.20000001202105314,0.19999999126494256,0.1999999819382035
1872,2f14bbc7ac5d3dfddd4707665181f509af5e7cce15fd384c7d061574cc1cf9b2,Healthy-Leaf(1399),2,0.9999999999999885,0.20000002176933587,0.20000002646874318,0.20000003925744297,0.19999997147482942,0.19999994102964858
1873,70a24de8d2899200f6c6a3eb137215d43edd9bbaf9a4bcb4aef8cafc4de90f87,Healthy-Leaf(1399),2,0.9999999999997903,0.20000009541341568,0.20000011601966883,0.20000017208753398,0.19999987495875043,0.19999974152063105
1874,e6ae1554ae1b2b025d66dc647a67fa06a7f1f92d3d57522547a4ab50b7d4b54f,Healthy-Leaf(1399),2,0.9999999999997844,0.20000009674441346,0.20000011764600792,0.20000017448984164,0.1999998732147944,0.19999973790494258
1875,dc014b52db8ba9cb6a170dc21877264e0bd50f5c1907aefa010b305b07c54a93,Healthy-Leaf(1399),2,0.9999999999999915,0.20000001860847433,0.20000002263488537,0.20000003354845708,0.19999997562542193,0.19999994958276127
1876,eeb115e09cbd207d6784f8f532d907471c5d3765d9ddb40fc3838a5937315c00,Healthy-Leaf(1399),2,0.9999999999999287,0.20000005551488442,0.20000006750237875,0.20000010012218364,0.19999992724959606,0.1999998496109571
1877,9c469b66b1d640d8c5122eb0d9c7822a0bf50d7e9740ad285aa990463d244a68,Healthy-Leaf(1399),4,0.9999999999999909,0.19999998078655346,0.1999999766340777,0.1999999653390219,0.20000002518487536,0.20000005205547164
1878,271de686e9c8b58e10bd8416f0efc4e5f1a86d8bc8e229857cf1eb3511076a4d,Healthy-Leaf(1399),2,0.9999999999999671,0.20000003739142122,0.200000045461412,0.20000006744449608,0.19999995099253398,0.19999989871013674
1879,f288f0b8e9b002cde88bb9397bef10e8d967fb82b00f4c3df81a19256fbdf817,Healthy-Leaf(1399),2,0.9999999999998802,0.2000000720019491,0.20000008754863766,0.20000012986117519,0.19999990564038309,0.19999980494785485
1880,86769485e07c5277a62b5bcb9ce2d4174cb1005a7493f1f3baca4fc19603632d,Healthy-Leaf(1399),2,0.9999999999999817,0.20000002787336102,0.2000000338899501,0.20000005026809972,0.1999999634740161,0.19999992449457318
1881,3d780e4c836ac7a2750a6496adb663a0c5d35da2f27027545b5932b954c6c527,Healthy-Leaf(1399),2,0.9999999999998986,0.2000000662031481,0.20000008049901116,0.20000011941733284,0.19999991322867877,0.19999982065182914
1882,ad68fb12d81c2829690abdf309285098459334d51cd74e67edde643c6c320918,Healthy-Leaf(1399),2,0.9999999999999964,0.20000001153374664,0.20000001402926176,0.20000002078048026,0.19999998490254242,0.19999996875396903
1883,8a0596f15a0f3047094974b550788f955a0c40b1b70c0880324bb3ac6ed4938d,Healthy-Leaf(1399),4,0.9999999999999938,0.1999999843478758,0.1999999809640888,0.1999999717602769,0.2000000205190894,0.2000000424086691
1884,db9ce67e158a40b25b033b4f5288b8927a420ade1536c29c78ba24a97c095c7e,Healthy-Leaf(1399),2,0.9999999999999993,0.20000000192919104,0.20000000234051543,0.2000000034722744,0.19999999747621178,0.19999999478180744
1885,9b051074f77d6a444feadb30b0d61bae25f2b15680b81d0e2a641a9f30c20347,Healthy-Leaf(1399),2,0.9999999999999765,0.20000003169751607,0.20000003853859438,0.2000000571684604,0.1999999584596868,0.19999991413574242
1886,f98508bfd2e94ecceee8e3f9eb78ef4e69287183be4526bed50f9c5ec9a8eb4d,Healthy-Leaf(1399),2,0.9999999999999654,0.20000003846742523,0.20000004677444685,0.2000000693693875,0.19999994959552805,0.19999989579321223
1887,2363408be0f3b300d7a7a9be3b06317115107e9302abaecc2478d8a0eb6b1034,Healthy-Leaf(1399),4,0.9999999999999988,0.19999999519717673,0.19999999416143935,0.19999999131321447,0.20000000631332834,0.2000000130148412
1888,9895564bb6dc6f23fc7073b90ee3858671a4ef5c21755ee8a015bbe653b366de,Healthy-Leaf(1399),4,0.9999999999999842,0.1999999743283178,0.19999996878483417,0.19999995367242385,0.20000003366357094,0.20000006955085325
1889,587dfdb83150b57026f1a28f341dd20066ce81c88258abb497e8f0922e9e9c19,Healthy-Leaf(1399),2,0.9999999999998341,0.20000008482329532,0.20000010314045832,0.2000001529881645,0.19999988883616565,0.19999977021191617
1890,c72a4823255b8c19018d221863c2b81312b9e542bd09c661af7b2ac65fd22e65,Healthy-Leaf(1399),2,0.9999999999998196,0.2000000884710112,0.20000010757361322,0.200000159574601,0.19999988404956098,0.19999976033121358
1891,3708060e8016d55cf31a2e977d07d93fefbe1689c1ea8912b3c09079839da439,Healthy-Leaf(1399),4,0.9999999999999916,0.1999999816092747,0.1999999776386599,0.19999996681911247,0.20000002411045878,0.2000000498224941
1892,80ccc40540b83f8e07fd1df7cf29c3802963243c02dadc0b8aaf7396a2488d4c,Healthy-Leaf(1399),2,0.9999999999998959,0.20000006709460744,0.20000008158976695,0.20000012100076114,0.19999991208064738,0.1999998182342171
1893,6fcc60630acb220aa896106e973b8255d27b3ca20120bfcec183ca778f0b8b94,Healthy-Leaf(1399),2,0.9999999999999981,0.20000000759445918,0.20000000923657862,0.20000001367129103,0.19999999006782299,0.1999999794298483
1894,5c5784278c96fda47dbd998aa557c021e85bfe2635514667cb3ea149c5634b41,Healthy-Leaf(1399),4,0.9999999999999971,0.19999999023045062,0.1999999881193527,0.1999999823660955,0.20000001281342025,0.20000002647068096
1895,017df46043b902977441887c39fbd3d57ae9ab42e5c4a12d4762d3a5190c4a8a,Healthy-Leaf(1399),4,0.99999999999996,0.19999995857971045,0.1999999496352349,0.1999999252661657,0.20000005430411208,0.20000011221477682
1896,6d7f9e2e10a915347a2ec3cac7d0161abf60cff90bd6b73e2a0ed6e23b696148,Healthy-Leaf(1399),2,0.999999999999659,0.20000012173628606,0.20000014803393093,0.2000002195800081,0.1999998404506563,0.19999967019911855
1897,fb19eca33aeb3cde2f47b6069fadcb9eef3ab15f8c8286a89b8b42a87cb4db1f,Healthy-Leaf(1399),4,0.9999999999999983,0.19999999328238194,0.19999999183532438,0.1999999878648682,0.2000000088191953,0.20000001819823018
1898,6e6435d63565ba965d3fc8842feaedf1b961ae8099c84d7436b2a8698c51824e,Healthy-Leaf(1399),2,0.9999999999997372,0.2000001068646583,0.20000012994926641,0.20000019275441275,0.19999985994240024,0.1999997104892624
1899,ca38714412c23779b19face4172e7717842f66f49f469c770a17a53b5939c916,Healthy-Leaf(1399),2,0.9999999999999979,0.2000000078672618,0.2000000095606105,0.20000001418645988,0.19999998969087365,0.19999997869479408
1900,c42e422248a09176d7049ebe5a7157b2c2dd1ca7fa3283082d213f4a39d995d1,Healthy-Leaf(1399),2,0.9999999999998833,0.20000007109521317,0.2000000864493996,0.20000012822046948,0.19999990683345836,0.19999980740145942
1901,e3888785d88ae0fca1707a592bf43e85eb49de0f11b72f81e55b4104085deb75,Healthy-Leaf(1399),4,0.9999999999999952,0.1999999865652698,0.19999998366652846,0.19999997575317371,0.2000000176193737,0.20000003639565436
1902,be5919123f20f152fd44e91c0c13c30f3a2117d8f405896005606636fd628cab,Healthy-Leaf(1399),4,0.9999999999999702,0.1999999644175439,0.19999995673699128,0.19999993579784475,0.20000004665217785,0.20000009639544217
1903,281fe8f3f8191513f3a6b5910d86c7cd6950a2116da7b210b11867b977d6d533,Healthy-Leaf(1399),2,0.9999999999997974,0.20000009379478936,0.20000011404871468,0.20000016917929014,0.19999987707087247,0.19999974590633338
1904,e0f59453fee3c013931adf8acf9c8a24bf1c1e468049edbf9a314bb395a3ce6c,Healthy-Leaf(1399),4,0.9999999999999866,0.1999999764741304,0.19999997139095937,0.19999995754679425,0.2000000308475957,0.20000006374052012
1905,165e435df82f6161b45271aa27d43095e9cc3fb6aee85d924a12081b21aff0c5,Healthy-Leaf(1399),2,0.9999999999999767,0.20000003142220207,0.2000000382031189,0.20000005667596957,0.19999995881723306,0.19999991488147648
1906,d9f64d8f06fc53bafa67497fda8bec67acce85bd5f261979e175352beee31539,Healthy-Leaf(1399),2,0.9999999999999947,0.20000001460715278,0.20000001775940351,0.20000002634212904,0.19999998085907764,0.19999996043223706
1907,7b820bc6df3ca235a74863496e02047322c4facf95934970d9cabe840ea20be3,Healthy-Leaf(1399),2,0.9999999999996878,0.2000001164863159,0.20000014164572535,0.20000021009897204,0.1999998473393137,0.19999968442967309
1908,ff898f6df43e3a9b9a84234d360a247ab9677ded4c948eee38ac70c1803a41f5,Healthy-Leaf(1399),2,0.999999999999842,0.20000008275482567,0.200000100631683,0.20000014924759152,0.1999998915559132,0.19999977580998662
1909,a581508578e4b6c40a70342fd0241684b09e26013096e7c011ed3b0bd38d06bc,Healthy-Leaf(1399),4,0.9999999999999856,0.19999997541505724,0.1999999701077267,0.19999995561588443,0.2000000322524957,0.20000006660883599
1910,093993f5c2a57197cceff13738be35ba0fc9fb74a9b894ded62ec2d976859cc4,Healthy-Leaf(1399),2,0.9999999999998574,0.20000007855933885,0.20000009552283524,0.20000014169898644,0.19999989703851284,0.19999978718032663
1911,3c12b227818f1a8c68a317a0c10abdc3c397019b03c6c12809fbf02a261e3b28,Healthy-Leaf(1399),2,0.9999999999998898,0.2000000691188946,0.20000008405242006,0.20000012466711106,0.19999990941618986,0.19999981274538448
1912,7787f44d326d61c511b37987dda7c6db3f718db1e0b79890e7d1f3654cc471e6,Healthy-Leaf(1399),2,0.9999999999997651,0.20000010100575943,0.2000001228226157,0.20000018217026116,0.19999986763325212,0.19999972636811164
1913,3c7553a4aab2c747488ff770b4a1b3aaf514d9054f9b3157d1d0144dbb48a8bf,Healthy-Leaf(1399),4,0.9999999999999984,0.19999999376527583,0.1999999924232984,0.19999998874637012,0.20000000817837973,0.20000001688667596
1914,a00c8ec541ed38175031faac3d1162d5ab72a08ac6fdf423006f0e841451ac88,Healthy-Leaf(1399),2,0.9999999999996566,0.20000012215417393,0.2000001485427369,0.20000022032901363,0.1999998399067663,0.19999966906730934
1915,be98ed94edb6eb540921a64de5c54adb2bc997cd7b8321d44bc542ff5e3e2c22,Healthy-Leaf(1399),2,0.999999999999771,0.20000009970655766,0.20000012123798663,0.20000017984518237,0.1999998693208892,0.1999997298893842
1916,8e91d26ac1ae245a26cc5359979489da6b655aa5589551da0e2f000cbbc33bf3,Healthy-Leaf(1399),2,0.9999999999999646,0.20000003898486188,0.20000004740055208,0.20000007031790415,0.199999948905037,0.19999989439164492
1917,b222489091c80e5840892da5275efb421bab694bdac73403dd0e9b675da42bca,Healthy-Leaf(1399),2,0.9999999999997403,0.20000010617968306,0.20000012911090792,0.20000019151252024,0.19999986084393595,0.19999971235295283
1918,e9a943e834a94c28ca6f369229eff7e6f962554c359f2201a8a21b478904232c,Healthy-Leaf(1399),2,0.9999999999998804,0.2000000720019903,0.20000008754924992,0.20000012986918297,0.19999990563432055,0.1999998049452562
1919,6df4e2ee1afa41d1466fff35e4fe39f99c744eda2763ef74849b19641ec7fe76,Healthy-Leaf(1399),2,0.9999999999999561,0.20000004339006264,0.2000000527681719,0.2000000782528745,0.1999999431421173,0.19999988244677358
1920,1fbdef158239698a2e723eb80d5756d497bcc8b83583da663c71e2942f39e5de,Healthy-Leaf(1399),2,0.9999999999998126,0.20000009015997627,0.20000010963842466,0.20000016261138776,0.1999998818457231,0.19999975574448828
1921,01d5c5a424c1b05b640a18d97b675d8f0b2dc868007d9b09d9fb7892a015e752,Healthy-Leaf(1399),2,0.9999999999999302,0.20000005486236855,0.2000000667068227,0.20000009895845405,0.19999992809416084,0.19999985137819384
1922,84dc596593e96078689ce5b81a50b9f49ac82e69952ae6c35da61cf630615f6e,Healthy-Leaf(1399),2,0.9999999999998267,0.20000008671751174,0.20000010544210486,0.20000015641647056,0.199999886344247,0.19999976507966577
1923,5739eb0b0f95d3b365f91a6ab0368943b9092346e13bfebfca60fc095c7f4a86,Healthy-Leaf(1399),2,0.9999999999999598,0.20000004156159434,0.20000005053270684,0.2000000749556749,0.19999994553534722,0.19999988741467686
1924,1f1bce6512e336d1f8c6e88dfa3a5f958d70fe6e0ef1504a5326e0a7ff08f2cd,Healthy-Leaf(1399),2,0.9999999999998719,0.20000007449957433,0.20000009058598223,0.20000013436999864,0.19999990236409348,0.19999979818035132
1925,a037db83c0ca591a1596e9d1414355fab77740fdc878c0856fe7ee78d07d0279,Healthy-Leaf(1399),2,0.9999999999999244,0.2000000571018397,0.20000006943114182,0.2000001029919173,0.19999992516387918,0.19999984531122192
1926,f97b4dac60942c173dc2c5c3f97fcdd4747e22698d6cda83e37df4204754a9b3,Healthy-Leaf(1399),2,0.9999999999997824,0.20000009715623296,0.20000011813842877,0.20000017524134278,0.19999987266657981,0.19999973679741567
1927,e2eb738bd5aa6a5c73d6ba5e5c667da73cccc0456efc7047b636b0dd32d5f850,Healthy-Leaf(1399),2,0.9999999999999944,0.2000000146486122,0.20000001780882776,0.20000002642109374,0.19999998080133233,0.199999960320134
1928,bb8c2a2e5f0c78e24864fa325e7f8ec8c51f3fa5fa03f31665fe6a23c2f25d8c,Healthy-Leaf(1399),2,0.999999999999928,0.2000000557505569,0.20000006778714052,0.20000010053824857,0.19999992694730773,0.1999998489767463
1929,ebf4882fe70f217f87a8eb7904dfef9e7d32bd17641524f88bfc302a7d5dba2c,Healthy-Leaf(1399),2,0.9999999999999836,0.20000002619631013,0.2000000318540511,0.20000004724766726,0.19999996566923356,0.199999929032738
1930,eb186aa1498d26db4e52ab479d7c2ae5fec8d2c4c245bbe8e639de28a28ad1c5,Healthy-Leaf(1399),2,0.9999999999999574,0.20000004278980166,0.20000005204153037,0.20000007716207943,0.19999994393575674,0.19999988407083177
1931,b0d7334b985a2de9ee64465125eca0bd45d14543c953750922f880ec398558f7,Healthy-Leaf(1399),2,0.9999999999999039,0.20000006447503002,0.20000007839774345,0.20000011628908565,0.1999999155022382,0.19999982533590263
1932,38f7f8959db76a5c10311bf02deddef7c16a7fc8ee72d89c3fcfa5720d984c9b,Healthy-Leaf(1399),2,0.9999999999998075,0.20000009137063343,0.20000011110245566,0.20000016480416039,0.19999988025030893,0.19999975247244156
1933,f52147bba792e04633b37238f2ab9abc78cbe2aeaaa92cdc77522bb66e7dcc15,Healthy-Leaf(1399),2,0.9999999999998626,0.20000007718368912,0.20000009385025438,0.20000013920804396,0.19999989884891914,0.19999979090909345
1934,c749487578f6b6a9fefc06443cc3baea63dfa97ec1548ee2e676228c02377f0e,Healthy-Leaf(1399),2,0.9999999999997264,0.20000010901530288,0.20000013255950172,0.20000019663076565,0.1999998571248663,0.1999997046695635
1935,8bbbd70f6bacd9367d4403e07bf5079db092c389b3c753e58bf1aeaa0610ff98,Healthy-Leaf(1399),2,0.9999999999997424,0.20000010573818047,0.2000001285737646,0.20000019072060313,0.19999986141909376,0.19999971354835797
1936,9177e7179319334d813d9bc667e4decc6dffb5926f6709b442bcfc2907f70cce,Healthy-Leaf(1399),2,0.9999999999999629,0.2000000399023597,0.20000004852359987,0.20000007195195074,0.1999999477201628,0.19999989190192707
1937,f243d5aeff61ed0830d5927651e07a9fae64b98a4a96b36fab378317a68db796,Healthy-Leaf(1399),2,0.9999999999998543,0.200000079447295,0.20000009660482926,0.20000014329686303,0.1999998958780849,0.19999978477292793
1938,c23c4e5bf3d9797891fd61fbe75e4379fb876876bd9679cdbf1f3768acb355b3,Healthy-Leaf(1399),4,0.9999999999999598,0.1999999584631551,0.1999999494939668,0.19999992506946943,0.2000000544465212,0.20000011252688743
1939,75abf0d7a98a65ef434b7ef52b1bd240ed8e2a3cf58fe92a907a0558ccacb541,Healthy-Leaf(1399),2,0.9999999999999948,0.20000001407613477,0.20000001711418253,0.20000002538416392,0.19999998155530802,0.19999996187021074
1940,7aec850607ec517530fbf1eb7186a17e932aab23ef749357d612340cfdcc68fd,Healthy-Leaf(1399),2,0.9999999999997438,0.20000010546561311,0.20000012824282354,0.2000001902282101,0.19999986177700693,0.19999971428634633
1941,c6f1b9d6df9ad514a8882dc2a91d8a5f79b52d2e62e4bcbbc5b6dcb8586a1f14,Healthy-Leaf(1399),2,0.9999999999998368,0.20000008411898446,0.2000001022862256,0.2000001517357072,0.19999988974589292,0.19999977211318987
1942,858e001176d0e8a37dc3abd323eb680612d5a02009a030d57fc850db54416879,Healthy-Leaf(1399),2,0.9999999999997801,0.20000009768069504,0.20000011878112073,0.20000017618674037,0.19999987198068814,0.19999973537075572
1943,fbec80c283c4fcdad297ea9567120a5836210bc1cea267834fcc4547f3be483c,Healthy-Leaf(1399),2,0.9999999999998334,0.20000008502406005,0.20000010339379398,0.20000015335232602,0.19999988857340786,0.199999769656412
1944,f2f0167f52c20bb5134e90ebbe9495f4e47cda3232ab051351dbde8a799e7ad1,Healthy-Leaf(1399),2,0.999999999999889,0.20000006930292502,0.20000008426621468,0.20000012499593334,0.1999999091753068,0.19999981225962024
1945,0819116a8f927a1268ca73765c600bb1686aa2ca6c1b31353fb9c2c622b687ba,Healthy-Leaf(1399),4,0.9999999999999668,0.19999996232540246,0.19999995419417885,0.19999993202308172,0.20000004939528138,0.20000010206205565
1946,4ecf4295d7962794a5624736661d1198f23fd2de0b04a5694ef707b45ab83b99,Healthy-Leaf(1399),2,0.999999999999905,0.20000006414639435,0.20000007800191827,0.20000011568577017,0.19999991594186436,0.19999982622405288
1947,71f518d3633d968dfb077767212f17bf8a22526efd14af686f4c83ff17b44908,Healthy-Leaf(1399),2,0.99999999999995,0.20000004634830484,0.20000005635999968,0.2000000835861076,0.19999993926593618,0.1999998744396517
1948,230fc31cc567ac20ef44a21b6ccb48fb23d14231e4c64e4187774d6437e05cef,Healthy-Leaf(1399),2,0.999999999999813,0.20000009002987645,0.2000001094781596,0.2000001623799298,0.1999998820133061,0.199999756098728
1949,ce2d76ac01e13cb7b6dd08eaa0d1d7a35b66d0054feec6394185e5c21a80efe3,Healthy-Leaf(1399),2,0.9999999999996919,0.20000011568506953,0.2000001406749451,0.20000020865493737,0.19999984838926863,0.19999968659577932
1950,e8d31f9da300793cd87dee79059b52bcb6e1cf611edcbb23ca7330d824b3a5c9,Healthy-Leaf(1399),4,0.999999999999982,0.1999999725086735,0.1999999665699683,0.19999995040764015,0.2000000360346044,0.20000007447911372
1951,a11833cb420564e3c2e436d82e0b3ca9b456507e06c3f23d53e2a04dab08084b,Healthy-Leaf(1399),2,0.999999999999989,0.20000002123719463,0.20000002582280643,0.2000000382867971,0.1999999721808333,0.19999994247236855
1952,c33dec47e0d2f51c07e13c808f4edf1ef7ec677bb9f639825ad2474944ac4a62,Healthy-Leaf(1399),2,0.9999999999998828,0.2000000712768843,0.20000008666720218,0.20000012855556307,0.19999990658900424,0.1999998069113464
1953,61b64bf8f2b579988311a8379b9f0bc84451f889c0eda099fe4b746a43a17e87,Healthy-Leaf(1399),2,0.9999999999998338,0.20000008489847418,0.20000010323111878,0.20000015312468708,0.19999988873677543,0.19999977000894453
1954,e411763047d2bfe437ee7fdb966021f3a734db09ac35867e47ae5bee6838262b,Healthy-Leaf(1399),2,0.9999999999998201,0.20000008834871627,0.20000010742717414,0.20000015934774631,0.1999998842151481,0.1999997606612151
1955,d9f0f183667611caff2a569ab731ba91d36f33f768814f1fc8dabd7709ab0fd9,Healthy-Leaf(1399),2,0.9999999999998046,0.20000009207836758,0.2000001119651025,0.20000016607382637,0.1999998793284825,0.19999975055422106
1956,dc914690389d208c9c9c9a5c337470088b5eb3fc4253e32da469f93c4c5d56a4,Healthy-Leaf(1399),2,0.9999999999997534,0.2000001034638012,0.2000001258165333,0.2000001866101013,0.19999986440796252,0.19999971970160177
1957,ad0c658193f4366e949dc6d953817f7ddeb721c072de989cb6daa1a7dddc6a1d,Healthy-Leaf(1399),2,0.9999999999998981,0.20000006635888565,0.20000008069085795,0.20000011966829384,0.19999991304819162,0.19999982023377091
1958,2639f5a0b4dedbb419d0b1fcef3818e91eac4153d03a80dee7540fdb343be62e,Healthy-Leaf(1399),2,0.9999999999998515,0.20000008023750485,0.20000009756764656,0.20000014470990504,0.19999989485230993,0.19999978263263365
1959,5faa46e70ed5b7e2fbaebd36df9ac9a10131348106551c42849933136797d35e,Healthy-Leaf(1399),2,0.9999999999999527,0.20000004501457852,0.20000005473249075,0.20000008117756155,0.19999994101493968,0.19999987806042951
1960,0e24d65b32c7f5c3b0d799803f48eeb9922b942f0e14187d60909a0e46f2bfe0,Healthy-Leaf(1399),4,0.999999999999985,0.19999997498988836,0.19999996959565006,0.1999999548623904,0.2000000328004269,0.2000000677516443
1961,92307e0f2f7179a2777e2ff91cb338d64b3d41a45727416b334403fd60a6a770,Healthy-Leaf(1399),2,0.9999999999999472,0.20000004763724755,0.20000005792343767,0.20000008593079066,0.1999999375605399,0.1999998709479841
1962,48481e91832536d7dbf435e3969a17ba1dd4f881033e4360dbab274dd82c1ef1,Healthy-Leaf(1399),2,0.9999999999997082,0.20000011257043154,0.20000013688209808,0.2000002030445359,0.19999985246440038,0.19999969503853413
1963,598e25eb2bd01c36beb94fb8c23ee3556424ef3998075541682760b06a5e2f62,Healthy-Leaf(1399),2,0.9999999999999624,0.20000004016732503,0.20000004884220807,0.2000000724250071,0.19999994737589066,0.19999989118956923
1964,d83bf0bb9c50228db2a34894c5423640c7dea1ec0280ff380b928c785dad21d3,Healthy-Leaf(1399),2,0.9999999999998861,0.2000000702007178,0.20000008536187452,0.20000012662231023,0.1999999079940912,0.19999980982100624
1965,1a6261881807d99b14faa5322cd18b9af8755b417d667f72fbd58d5585ac35c5,Healthy-Leaf(1399),2,0.9999999999996974,0.20000011467408754,0.20000013944305048,0.2000002068330073,0.19999984971250998,0.19999968933734483
1966,258b0f1ba686033535aac4924c5c87cddfa1c60e00ec97b3cf9177a97d651e3d,Healthy-Leaf(1399),2,0.9999999999997782,0.2000000981259925,0.20000011932042416,0.20000017698930406,0.19999987139713846,0.19999973416714079
1967,9d783fa42f1a2a18f293d448166f7597dcea570ca0620e734a232dbaba520809,Healthy-Leaf(1399),2,0.999999999999701,0.20000011396034384,0.20000013857602428,0.20000020554975942,0.19999985064493647,0.19999969126893608
1968,87f0b2da07f30689f653189d4faaf3c37325325243df6381a7df1fa7a5657f75,Healthy-Leaf(1399),2,0.9999999999999256,0.2000000566714389,0.20000006891040772,0.2000001022104683,0.19999992573250322,0.1999998464751819
1969,ba557ccf8cc05a508b48af4e3fd54f5dbc563fa35dfb7eaea80a76cb42fac938,Healthy-Leaf(1399),2,0.9999999999997323,0.20000010779872898,0.20000013108529585,0.20000019443520736,0.19999985872132203,0.19999970795944574
1970,dc3aeb183b61fea4fc34a5dffd9c1f9f55acc097a7d32af0e3bddec031c2c66f,Healthy-Leaf(1399),2,0.9999999999999243,0.20000005725649647,0.20000006961921926,0.20000010326960865,0.19999992496216948,0.19999984489250625
1971,5116595d0d620f4e7c7e5868d94f74b8aec2acf8fc32500e053da521703685f4,Healthy-Leaf(1399),2,0.9999999999999231,0.2000000576141195,0.20000007005805093,0.2000001039057408,0.1999999245011487,0.1999998439209401
1972,ef12eac5d4d79fe7062716450a86a414584402393d9fa993fefeeb1e2adf38e5,Healthy-Leaf(1399),4,0.9999999999999961,0.19999998812431224,0.19999998555425724,0.19999997857860757,0.20000001556410033,0.2000000321787226
1973,78ae7a003223b31a8b5c7b50a4a52acc2b70e2c4ecd6289587f044473ec85df0,Healthy-Leaf(1399),2,0.9999999999998679,0.2000000757112153,0.20000009205889888,0.20000013654805926,0.1999999007817293,0.19999979490009726
1974,ee13cb11def5e766ace8e012eea033f345ac6a280945a749eb2ff12c5384c395,Healthy-Leaf(1399),2,0.9999999999998341,0.20000008478890996,0.200000103099934,0.20000015292802642,0.19999988888006884,0.19999977030306076
1975,c7bd6ac7f2eb90a2098ae7d464cf7f2a53e29906538e4b913d5489f647d54148,Healthy-Leaf(1399),2,0.9999999999996553,0.20000012241078624,0.20000014885078082,0.20000022078211183,0.19999983957714215,0.1999996683791791
1976,e5dcc141322ea284e4e1ba00e013c69abe84b6091c171c0f91d5cd3763f96518,Healthy-Leaf(1399),2,0.9999999999999069,0.20000006339973167,0.20000007710048073,0.20000011431893341,0.19999991693728514,0.199999828243569
1977,221c9c8fe7e2f92c1db4140db8cd4bc6db50902ec73d7fd7a191d487b990a4c5,Healthy-Leaf(1399),2,0.99999999999991,0.20000006236904563,0.20000007583278365,0.20000011248954142,0.19999991826223365,0.19999983104639554
1978,a1fa61214478930bcebdd7c4c4ee358cc3bade47e764cffae4f18e384079f034,Healthy-Leaf(1399),2,0.999999999999897,0.20000006681061105,0.2000000812372678,0.2000001204975937,0.19999991244435525,0.19999981901017222
1979,edac2a83b15e358045f8d85d2c33cab8f2b9fe165b56cdd1c1178bca0c2508a1,Healthy-Leaf(1399),2,0.9999999999998294,0.2000000860148777,0.20000010458998485,0.20000015512727784,0.19999988728244902,0.19999976698541058
1980,9e2d8f4e0c04479c1b3e19c8eea87fb11c6ec7788a771a3009fb40bd25552864,Healthy-Leaf(1399),2,0.9999999999999284,0.20000005560238251,0.20000006761259173,0.2000001002634417,0.1999999271485019,0.19999984937308216
1981,5331bd54ab0ef9a0e087bc2188e352df497a9f8c44b8019bcb1eeea7e4d18636,Healthy-Leaf(1399),2,0.9999999999998699,0.20000007506618442,0.20000009127764912,0.20000013539856493,0.19999990161700348,0.19999979664059794
1982,736c5514da50de3b43deb10d55d2393b4a297acf0adebdf110d45bf108e0a696,Healthy-Leaf(1399),2,0.9999999999997852,0.20000009660052584,0.20000011746477067,0.20000017422078795,0.1999998734093777,0.19999973830453788
1983,ff993daf20f17a3e398651f75b6b16a47e8ffd77edf874b935a9ec419c39cab2,Healthy-Leaf(1399),2,0.9999999999999993,0.20000000248124772,0.20000000301239076,0.20000000447176955,0.1999999967499346,0.19999999328465745
1984,d2a8fb328ca891e74f052138210f5a747d256b4290626f15a5e97ad72ef36cfd,Healthy-Leaf(1399),2,0.999999999999714,0.20000011146320767,0.20000013553828605,0.2000002010451891,0.1999998539177778,0.1999996980355395
1985,dae9064d5aeea36769cae9a07b926a727a271ec4284165622bc6a0d8a9a99e91,Healthy-Leaf(1399),2,0.9999999999997358,0.20000010711397953,0.20000013024930285,0.20000019320143894,0.19999985961703048,0.19999970981824822
1986,90a8dce76f39a039e50475010156e4e5e51bc95f8115729904928ac1086615b0,Healthy-Leaf(1399),2,0.9999999999997816,0.20000009733649463,0.2000001183583924,0.20000017557572453,0.19999987242338227,0.19999973630600618
1987,bff4c74809d3a86a5e8c0eb1ee4a0d27ec21dd2ae516f151e83939533d50201c,Healthy-Leaf(1399),2,0.9999999999997349,0.20000010732996817,0.20000013051125043,0.20000019358828128,0.19999985933593986,0.19999970923456037
1988,e0696a488f8df84b08140a2f273c4945e64ce44e4c71c3e585283d07e20972c2,Healthy-Leaf(1399),2,0.9999999999996068,0.20000013072191897,0.20000015895745465,0.20000023578775317,0.19999982867323862,0.19999964585963467
1989,c4135958461919e4d9a359dabcad5b4a5ffc34d8ee9e948334a017594fbb2304,Healthy-Leaf(1399),2,0.9999999999998955,0.2000000672212431,0.20000008173331862,0.20000012124443314,0.19999991190076402,0.19999981790024113
1990,799dfc95b62a849f4cc0a92a37365deeaccf2a8fbd57e9ab03c562f765f3dc80,Healthy-Leaf(1399),4,0.9999999999999891,0.19999997892070004,0.19999997437272554,0.19999996194776104,0.20000002765173686,0.20000005710707655
1991,0298d5d6247e97ef1aa20d9901513bb1e2d09efd81e4e35b4073d45c66ae415d,Healthy-Leaf(1399),2,0.9999999999999954,0.20000001327770808,0.20000001615065402,0.20000002392696056,0.19999998261637728,0.19999996402830011
1992,1a278a4add55b4304979f8efb63d9b5e1664d5727ab63a6661bbb4ce6fea695b,Healthy-Leaf(1399),2,0.9999999999998652,0.20000007644204118,0.20000009295328317,0.20000013786474008,0.19999989982625718,0.19999979291367848
1993,ad5a87981a09d7c2cbc66737800d708a597df758b4721fc2e3dc9733ec30effa,Healthy-Leaf(1399),2,0.9999999999997938,0.20000009460421214,0.20000011503411033,0.20000017063538003,0.19999987601328184,0.19999974371301574
1994,4775c93216531ea9d91616fe2ac897fdff89e1879bcfb2a3b4c53c34f8ec5e27,Healthy-Leaf(1399),4,0.9999999999999931,0.19999998344946182,0.19999997987057708,0.1999999701453137,0.2000000216921036,0.2000000448425438
1995,c623aac057be8741ff3717a80abca3131fa9ad46e7602ef8aaa436d8188e644a,Healthy-Leaf(1399),2,0.9999999999997271,0.2000001088909422,0.20000013241681888,0.20000019640247393,0.1999998572927349,0.19999970499703015
1996,313781b081263e11df7db7222be2fc45971810cae743227df5cd30da87765b64,Healthy-Leaf(1399),2,0.9999999999999863,0.20000002375772763,0.2000000288884571,0.2000000428258659,0.19999996888313798,0.19999993564481133
1997,7cc0354b39076ff1ce2217881a60fbe55742d938b3e55bd14390324acb681c88,Healthy-Leaf(1399),4,0.9999999999999839,0.19999997395921357,0.19999996833428405,0.19999995300483242,0.2000000341483953,0.20000007055327465
1998,ab686f420a440ff44112438044266127d60bcf95c8e527d1cc17ff5523afd590,Healthy-Leaf(1399),2,0.9999999999997494,0.20000010429971612,0.20000012683082186,0.20000018811320747,0.1999998633155219,0.19999971744073264
1999,7c45fdbcd57b2a0ce8a8c2709973ad5df8d29ba54c3b26fff84c9f0b99d49e18,Healthy-Leaf(1399),2,0.999999999999727,0.20000010889056877,0.2000001324083873,0.20000019639939973,0.19999985729339254,0.1999997050082517
2000,07a5aa6c29d41e4ce6cb3bce6a17c71a49cf115f698bc75fa8c4d8dee5a3e042,Healthy-Leaf(1399),2,0.9999999999998834,0.200000071062053,0.20000008641505598,0.20000012816015367,0.19999990687855554,0.19999980748418186
2001,8b737cf061aac28a1053b9e92e78eeb65a26c506e57e90908ad503ac487d9f61,Healthy-Leaf(1399),2,0.9999999999999979,0.20000000797172116,0.2000000097022413,0.20000001435514592,0.19999998957221038,0.1999999783986813
2002,49f21b2ded8856e52c2292bf46072a4368f3962ff10b427359b7a5d7370c1945,Healthy-Leaf(1399),2,0.99999999999977,0.20000009992302822,0.2000001215068309,0.20000018021425287,0.19999986905482256,0.19999972930106535
2003,ca92e78824554e2f6315ebb0609f222b978ff24f08c2261192e90587912b56e5,Healthy-Leaf(1399),2,0.9999999999997606,0.20000010192632747,0.20000012394522226,0.20000018385111687,0.19999986641168313,0.19999972386565024
2004,0a0bf2907697460a9d984f28d958cbe8cc1f14cdf8ef8d2da9ea9beb203c4984,Healthy-Leaf(1399),4,0.9999999999999917,0.19999998180207124,0.1999999778741911,0.19999996715405954,0.20000002386788568,0.20000004930179252
2005,82b53f5a60aefee6b746d70ac97216b655ee53d6f7ab70e21d8bd26019872cc3,Healthy-Leaf(1399),4,0.9999999999999811,0.1999999717127772,0.19999996560105324,0.19999994896879889,0.2000000370799998,0.20000007663737093
2006,d88733a2b0f3b19fe8a0009b0e36a230cb52b56955f342b470b0ddd5148ab435,Healthy-Leaf(1399),2,0.9999999999999285,0.20000005554116906,0.20000006754156022,0.20000010015819839,0.199999927225437,0.19999984953363523
2007,56b10fd3f187997bc2cfc516e13307cc72889b3547cf00cae2f85c73f28f8aa7,Healthy-Leaf(1399),2,0.9999999999997636,0.20000010130389556,0.20000012318832608,0.20000018272175552,0.19999986723257526,0.19999972555344767
2008,e8edee0c9ae047f4b4d700c1231a7baa19daef48a513f1b443f2ee211d35951f,Healthy-Leaf(1399),2,0.9999999999999797,0.20000002921712545,0.20000003552933807,0.200000052672624,0.19999996172887544,0.19999992085203702
2009,53db99287d4c1d91874760b2ecff0d913013feae5a7b36251a69c8cef14e7f9f,Healthy-Leaf(1399),2,0.9999999999999984,0.20000000617648625,0.20000000751078295,0.20000001112260282,0.19999999191901366,0.19999998327111437
2010,f4165833b3664985f9836b4f376bf83272dd74275289560a63d85e63e0f28f9a,Healthy-Leaf(1399),2,0.9999999999997731,0.20000009927059326,0.20000012071687961,0.20000017905476875,0.19999986989726215,0.19999973106049623
2011,6bf609d95f4fa6275059755e1aec3a0b34c7283c11ddd7423fe1846e21418a2a,Healthy-Leaf(1399),2,0.9999999999999176,0.20000005963167392,0.20000007250614665,0.20000010754405856,0.19999992185646132,0.19999983846165953
2012,e0dd090e42860d7a77a3fd530b292f52253c255e0e3232d8e90ece98ea0ff3e5,Healthy-Leaf(1399),2,0.9999999999999948,0.20000001409907095,0.20000001714006904,0.20000002541760992,0.19999998153087864,0.19999996181237148
2013,a94d7dab85aca632c1b62d1470c51941e29f9792e9c88b8bc3c97ea0d7944bf2,Healthy-Leaf(1399),2,0.9999999999999677,0.2000000370721093,0.20000004508166913,0.20000006685481064,0.1999999514233881,0.19999989956802267
2014,8d11d525ae54284ab844d57a3cd19f0521842999a7df9dd4d0b0345020eb8e26,Healthy-Leaf(1399),2,0.9999999999998892,0.20000006923332297,0.20000008419310655,0.20000012486892527,0.1999999092700768,0.19999981243456824
2015,8e1fe12f29cc340db69a8a3ee4dedef9fa914a536f54d4a56f95ab7501cbef24,Healthy-Leaf(1399),2,0.9999999999999905,0.2000000197578968,0.20000002403531014,0.2000000356217158,0.19999997411952086,0.19999994646555644
2016,e770813eb9fba12bde6891c27b2894279f57849898092fd0c45435ee1baeae03,Healthy-Leaf(1399),2,0.9999999999999976,0.20000000891793118,0.20000001083906704,0.20000001608724924,0.19999998830965712,0.19999997584609536
2017,f7f7bfff3f3bd845d216f0b609143e3469db0516303b0a9475a15d32b8868ba3,Healthy-Leaf(1399),2,0.9999999999997397,0.20000010630513898,0.2000001292651107,0.20000019174370445,0.1999998606760547,0.19999971200999103
2018,e0071ac434756bb19837703502a5498b928fb58cb5afc5eeb28fc0ccb18e4c92,Healthy-Leaf(1399),2,0.9999999999998825,0.2000000712956035,0.20000008669216743,0.2000001285816697,0.19999990657084302,0.1999998068597163
2019,c58f01de641f43df51231d62415752eb8007658c8693169ac5975baabd956fc9,Healthy-Leaf(1399),2,0.9999999999999524,0.20000004524397322,0.20000005501014073,0.2000000815891228,0.19999994071571153,0.19999987744105163
2020,f54cb1d7907bf5483843cdccb7153e1a37ef3dd794eebe862a8142b231f973e5,Healthy-Leaf(1399),2,0.9999999999999885,0.20000002182294094,0.20000002653847906,0.20000003933345184,0.19999997142146952,0.19999994088365855
2021,085f3ca7b4251eccd24d72e9e2a45b8d2b38ba286d9ecc2f16daf0bda60fc34c,Healthy-Leaf(1399),2,0.9999999999998862,0.20000007021655208,0.20000008537770278,0.20000012663868524,0.19999990798202827,0.1999998097850316
2022,e4affe46a7c29c30e407c257555b665b24a9e4099a15ad82c0796befe9f89086,Healthy-Leaf(1399),2,0.9999999999999862,0.20000002391383442,0.20000002907503267,0.20000004311330605,0.19999996867336814,0.19999993522445866
2023,6976630c28ea0bd2f7dd11f43ad4c40fb4aef6baea9b37788f155d9f3fbcf371,Healthy-Leaf(1399),4,0.999999999999999,0.19999999573678728,0.19999999482421635,0.19999999229658963,0.2000000055997407,0.20000001154266608
2024,9082c7aaa1e57eefc6acdc72ec021fd6d4a69038bd7f3cc4abe2fabbdf8a321b,Healthy-Leaf(1399),2,0.9999999999999571,0.20000004294027668,0.20000005221326259,0.20000007743166562,0.1999999437376012,0.19999988367719382
2025,f50ca187d1065306553feced37fc75bd5543335207f70d70081e158ec7e7bd00,Healthy-Leaf(1399),2,0.999999999999916,0.20000006029737727,0.200000073316545,0.2000001087556483,0.1999999209757961,0.19999983665463328
2026,23c21b7e34b9e522c69deefe704e0312d6d05942bf835e6e80fe36db43296b19,Healthy-Leaf(1399),2,0.9999999999999871,0.20000002308360157,0.20000002807373699,0.20000004160661713,0.19999996977026485,0.1999999374657795
2027,865ac6c3689fbb7e970ec79b339deebd8138c7ba70e846a20d561c15ab776508,Healthy-Leaf(1399),2,0.9999999999999957,0.20000001266452344,0.2000000153979703,0.20000002283986676,0.19999998340398395,0.19999996569365558
2028,c5cfdfa3ce1cc2be80e9626e06b351cbf32519cb5ca694c95a5f382e94972ecc,Healthy-Leaf(1399),2,0.9999999999997775,0.200000098268267,0.2000001194938302,0.20000017724641606,0.1999998712103534,0.19999973378113337
2029,dfd324c56ec130f3fc0e891df91285bdf75d94c40c5ec128221958862f29e65c,Healthy-Leaf(1399),4,0.9999999999999769,0.1999999687455122,0.19999996200202452,0.19999994359611975,0.2000000409866708,0.2000000846696727
2030,4c0a0caf1fbf9f0d0a87e02392ac548e698757d55648c91290b704c2355c1159,Healthy-Leaf(1399),2,0.9999999999999466,0.2000000479309952,0.20000005828832135,0.2000000864377084,0.1999999371948395,0.19999987014813564
2031,175a9d6cfaa9ef526fdde585e62af9ae3a585b59fbc3b02c62a20faf932e3e8b,Healthy-Leaf(1399),4,0.999999999999966,0.19999996195432027,0.1999999537390878,0.19999993135674377,0.20000004987851325,0.20000010307133498
2032,ba07ea0fde43857a349c6a6df87b3adc93410eb96231375dce4447cec18b9432,Healthy-Leaf(1399),2,0.99999999999991,0.20000006240677168,0.20000007589360927,0.20000011255519837,0.19999991821776547,0.19999983092665524
2033,63b26a3fbff62b4952718877a1b38fff7fcfd1edccf793b24b3318ecee8fca7d,Healthy-Leaf(1399),4,0.9999999999999875,0.19999997716471757,0.19999997224025298,0.199999958787694,0.2000000299481184,0.20000006185921707
2034,3f1c6abcd81299cf7cb5922b9ae569874d40ad0ea6dafcceed1f28d21572756e,Healthy-Leaf(1399),2,0.9999999999999756,0.20000003225887752,0.2000000392304172,0.20000005816365093,0.1999999577392948,0.1999999126077596
2035,2fd4343594f7f05fbb2aff9936aca1a814ed7bdef35a1a158d4a968ee25a6397,Healthy-Leaf(1399),2,0.9999999999999358,0.20000005254717476,0.20000006390273706,0.2000000947545988,0.19999993115231243,0.1999998576431769
2036,4af410b10885a01186e7c1954590838add409fe57bfda1a6f3d9488e3de6816d,Healthy-Leaf(1399),2,0.9999999999996568,0.2000001220903218,0.20000014846438863,0.20000022021375607,0.19999983999036502,0.1999996692411685
2037,76b2429653a62bd27abc41a6ef65c98d98c7b407222f198b971ba8da3b631b97,Healthy-Leaf(1399),2,0.9999999999998812,0.20000007174445938,0.20000008723599125,0.2000001293912412,0.19999990598218434,0.1999998056461239
2038,7b7e5dd68e01e6996f1e9523a54bdcb1061bbfc41ba33f1af606ad760493f792,Healthy-Leaf(1399),4,0.9999999999999984,0.19999999404321944,0.19999999275211555,0.19999998925262963,0.2000000078083976,0.20000001614363772
2039,db4b0bb23def5f696120e6588f425ebf773158f5f06084452914ad547baf11b5,Healthy-Leaf(1399),2,0.9999999999998611,0.20000007760174826,0.20000009436095523,0.20000013996407326,0.19999989829999826,0.19999978977322508
2040,0b040940e4323c31e0bec4d2d640a51079ec00f7138a785cc3398a3979558568,Healthy-Leaf(1399),2,0.9999999999998089,0.20000009105793612,0.20000011072997378,0.20000016422921632,0.19999988067018515,0.1999997533126886
2041,eca8c4796af2ceb92f1a3ab7f499946a0f0accb59a613fdbe98ebfc9e076e3da,Healthy-Leaf(1399),2,0.9999999999999494,0.2000000466448234,0.20000005672060397,0.20000008411380574,0.19999993888281298,0.19999987363795402
2042,9a9a224f7324e7035662da1cf9c981a8522f5db4fb6d47e09d3e38dab6fbdafd,Healthy-Leaf(1399),2,0.9999999999998354,0.20000008450969142,0.20000010276045757,0.20000015242431335,0.19999988924607015,0.1999997710594676
2043,883062d100585b9d0931a54c8004aa6c4250936905bee37372eeb1b23a28d16f,Healthy-Leaf(1399),2,0.9999999999998773,0.20000007288006053,0.2000000886203761,0.2000001314492531,0.19999990448708446,0.19999980256322575
2044,22199bc48b38f812b4f0e34bfd2a8bddd0ceac11932642833da5a8054d200be7,Healthy-Leaf(1399),2,0.9999999999997259,0.20000010911743793,0.20000013268776407,0.2000001968105317,0.19999985699531186,0.19999970438895448
2045,a5cc3bc9810807f34b2b79172d3360a6d8171107c12381e4c2245885b8ca09b2,Healthy-Leaf(1399),4,0.9999999999999913,0.19999998129633098,0.19999997725637725,0.19999996624639543,0.20000002452659274,0.20000005067430357
2046,5fdb402c3f8c390dcae9e1c88b1b79e11300ec69196e3fe25c261bbb5e5e16a8,Healthy-Leaf(1399),2,0.9999999999999067,0.20000006353327673,0.2000000772566822,0.2000001145808854,0.19999991674469825,0.19999982788445736
2047,675a616705bdfb8a971d34bfafc7078c19cc091dcc5562a6a401cd9ba5b48380,Healthy-Leaf(1399),2,0.9999999999997736,0.2000000991571918,0.20000012057367053,0.2000001788474965,0.1999998700468635,0.19999973137477767
2048,0dcdb294e7f0d87d9effeebbb0a7bdd8c1ce01be2878612bd1d22472b8f9e226,Healthy-Leaf(1399),2,0.9999999999999083,0.20000006293596986,0.20000007653123875,0.20000011350114708,0.19999991752954416,0.19999982950210018
2049,9fe3859a4611736a5d5b70df61506e980e2d3997206e8020baaf66381c96996d,Healthy-Leaf(1399),2,0.9999999999999981,0.20000000738685678,0.20000000898482098,0.20000001331530134,0.19999999032582863,0.1999999799871923
2050,3c817e8a43c19d08b8b5e78bc2050ba30accb0b4e523292c90d30d19bf7cfca2,Healthy-Leaf(1399),4,0.999999999999999,0.19999999643833746,0.1999999956675524,0.19999999357463497,0.20000000466850468,0.20000000965097048
2051,0c20a4ba677a2985a03d132cd06c0670fecb7d6f121129e7784e86356eab9c16,Healthy-Leaf(1399),2,0.9999999999999343,0.20000005319260566,0.20000006468184006,0.20000009593201526,0.1999999302950263,0.19999985589851269
2052,0eb59282f0a49bc7d5c18a8c339384ddf44370ff5ef81b2005d039a35557eb58,Healthy-Leaf(1399),2,0.999999999999797,0.20000009384091155,0.20000011411659618,0.2000001692402021,0.19999987703003613,0.19999974577225402
2053,bd0a31295237377dc6a517244a27f2b635dac0840b4bc49c925fafac59507fb8,Healthy-Leaf(1399),2,0.9999999999999921,0.20000001785139251,0.20000002170494427,0.20000003217062295,0.1999999766251642,0.19999995164787618
2054,b90055b5c7debf92a0fb0962e5dc37b1273feb5652f4274d0490f2f8f97568b4,Healthy-Leaf(1399),2,0.9999999999999699,0.20000003579499198,0.2000000435326908,0.20000006455029007,0.19999995309876123,0.19999990302326584
2055,030a71b5eb93323a34eab654f99ff8cf53ab2f3854fc259674e2cf4d3d7aa82a,Healthy-Leaf(1399),4,0.9999999999999879,0.19999997742552988,0.19999997255710267,0.19999995925861022,0.20000002960587326,0.20000006115288402
2056,4910b825c33e9a1de755071a8b8858a0af688c411932f74d5c1fd6cc13373bb4,Healthy-Leaf(1399),2,0.9999999999999516,0.20000004562936183,0.20000005548950708,0.20000008226539648,0.19999994022737877,0.1999998763883558
2057,7f3a7c77f2767577f3560e7ea4689bb0dea4a334a0a1584c20ea5184942645b9,Healthy-Leaf(1399),2,0.9999999999998972,0.20000006666650633,0.20000008106200595,0.20000012024117098,0.19999991263050387,0.19999981939981282
2058,a17d47e418efbd38f6f1021d35fddf8ed675e2bb311b39503fe71de633e1241a,Healthy-Leaf(1399),4,0.9999999999999788,0.19999997003677364,0.19999996357357955,0.19999994592709233,0.20000003929315935,0.20000008116939508
2059,8d0c6ad43e4f1b36daa8e3b06d1863e95b26e58297a1d625cee5c797f85b56f0,Healthy-Leaf(1399),2,0.9999999999999225,0.2000000578829077,0.200000070385959,0.20000010438133714,0.1999999241562236,0.19999984319357253
2060,39803edf8f2b7199c7220335b82ce65bd59244ad1b22b8bff77e37532ddc197f,Healthy-Leaf(1399),2,0.9999999999998259,0.20000008692498097,0.20000010570178436,0.20000015676839988,0.1999998860910462,0.19999976451378856
2061,5f897c2e55544439318881167f21cb3970d4862f9992500f833e59a9d9894285,Healthy-Leaf(1399),4,0.9999999999999967,0.19999998902398353,0.19999998665064203,0.19999998020165954,0.20000001438526951,0.20000002973844547
2062,373653c18e375253c99010333fb4852f5e3aeb6f159cf582eef86155912b6688,Healthy-Leaf(1399),2,0.9999999999999993,0.20000000121720257,0.20000000147800656,0.20000000217426242,0.1999999984206634,0.199999996709865
2063,647b321689e440c3d0b39e21283aa9e3fbea8873aee8e18b82e98da05d49b809,Healthy-Leaf(1399),4,0.9999999999999938,0.19999998451165651,0.1999999811685229,0.19999997205656442,0.20000002030488687,0.2000000419583693
2064,bbbee24866d905d4cd3c22720e00ca9a5a427e0ccf106586370568ace2c9fa02,Healthy-Leaf(1399),2,0.9999999999998234,0.2000000875693438,0.2000001064877904,0.20000015792435144,0.1999998852519386,0.19999976276657583
2065,7fe9294efd6a6ef0a42a6504705621051b2e8237288d84965487d20595864515,Healthy-Leaf(1399),2,0.999999999999999,0.20000000350820196,0.200000004264456,0.20000000630546383,0.19999999541904842,0.19999999050282977
2066,79070d87676ec0fa226c04210a22ed6de78f9107f50e85ace2e602a4830b70f4,Healthy-Leaf(1399),2,0.9999999999999475,0.20000004753425463,0.20000005780237112,0.20000008572104958,0.19999993771488375,0.19999987122744087
2067,dffde58d3110016f7a484655a6c4f963cae25e8770ee5dc9f5bb610aa46b42a5,Healthy-Leaf(1399),2,0.9999999999999771,0.20000003124636476,0.20000003800228675,0.20000005632273862,0.19999995907821375,0.1999999153503962
2068,0c4743195a79422fdbebd001525b91939807a2f4bf60237a6076a514cedbd12b,Healthy-Leaf(1399),4,0.9999999999999993,0.19999999855723105,0.19999999825526985,0.19999999737778182,0.20000000190824951,0.20000000390146774
2069,cb1fdd44fbf43012f72bffaa8f763b01a630cc52f482f4ba3d362203c278ba27,Healthy-Leaf(1399),2,0.9999999999997231,0.20000010966068824,0.20000013334739872,0.2000001978030527,0.19999985627335795,0.19999970291550237
2070,3e3d902caacc84063878706f1890612a128cd41f441b81559307cff708612aa5,Healthy-Leaf(1399),2,0.9999999999999561,0.20000004335033753,0.20000005271268304,0.20000007818292617,0.19999994319136055,0.19999988256269263
2071,2de924ec3bf4ad0c71406fde03e73d1d5140e3d398ef0b0c7d2c64bff1fc6b54,Healthy-Leaf(1399),2,0.999999999999954,0.2000000444275263,0.20000005402672635,0.20000008012992535,0.19999994177733313,0.19999987963848898
2072,f848a23282403c31569eaa8d7aed9dd5bb458e56c357e27e31aabddc57c9b0c0,Healthy-Leaf(1399),2,0.9999999999999575,0.20000004265450608,0.20000005186701136,0.20000007694249333,0.19999994409214047,0.19999988444384884
2073,ac0385326ec63ccb7b88cc7a7c7998a8e060de6f06743572e7911e48f1efb8d4,Healthy-Leaf(1399),2,0.9999999999999966,0.20000001133687803,0.20000001379599752,0.20000002042676154,0.19999998516079787,0.19999996927956515
2074,6890368c6788ff30500d7081c75e55f9ab3bc11edb9109af94cd29cf113a5a76,Healthy-Leaf(1399),2,0.9999999999996578,0.20000012192190855,0.20000014825652201,0.2000002199084959,0.19999984021159056,0.19999966970148306
2075,dac6cf1ea3fc51f0f2c60399531e8f5bf9bf88500e6f1424ded6e00d71b083c3,Healthy-Leaf(1399),2,0.9999999999998398,0.20000008334142574,0.20000010134504978,0.20000015033339535,0.19999989076573296,0.1999997742143962
2076,82b7c22712239fe95ef6d751c12e1bd57ac67b1e66f23f88f5953d6607447ccf,Healthy-Leaf(1399),2,0.9999999999998856,0.20000007038317025,0.20000008559378213,0.20000012694087438,0.19999990776518103,0.1999998093169922
2077,0d9ea995046c06858295310e28746192e19d2287f8e39e6d18c0bcde7f18e020,Healthy-Leaf(1399),2,0.9999999999999648,0.20000003877555017,0.2000000471605157,0.20000006992535216,0.19999994919396633,0.19999989494461567
2078,aee95124302c76df73a0ad960d90945b6762c6d893a89c519aefc2e6379c6b38,Healthy-Leaf(1399),2,0.9999999999998299,0.20000008590053334,0.20000010445891084,0.20000015492039452,0.1999998874344715,0.1999997672856897
2079,b1f38e661e97ac37dc3b5e3141dca57d5c247db9bfe3bf0a2ded1e04211a9746,Healthy-Leaf(1399),2,0.9999999999997847,0.2000000966333626,0.2000001175043935,0.20000017428225156,0.19999987336454533,0.19999973821544703
2080,47f433ecf815af52b82f381645bb2ea1deea76f7f98072779cd35b1caa6c74b2,Healthy-Leaf(1399),4,0.9999999999999858,0.1999999757810157,0.1999999705550179,0.19999995629738362,0.20000003175682374,0.20000006560975908
2081,427b24dad469905040ef0563e45425ca009bfa50da18aa975c47385b41433b67,Healthy-Leaf(1399),2,0.9999999999998704,0.200000074921787,0.2000000911082199,0.20000013513732012,0.19999990180817004,0.19999979702450285
2082,36e778b813091579af2521c5f02e5c714207a4aa8f36d73d1c344fb8d6fbb9f9,Healthy-Leaf(1399),4,0.9999999999999988,0.1999999949479584,0.1999999938577066,0.19999999086610293,0.2000000066379981,0.2000000136902341
2083,8d30bbd2391a86ab84b65212cec3e87133aa0495d8094e8744d9a63353d87819,Healthy-Leaf(1399),4,0.9999999999999932,0.19999998369649966,0.1999999801721123,0.19999997060083827,0.20000002136089456,0.2000000441696551
2084,4236dfeb38a219114c4777a80b455099e5a53b0f42ba8e7fd2a07a71bf10f3cd,Healthy-Leaf(1399),2,0.9999999999998114,0.20000009049220568,0.2000001100323819,0.2000001632242937,0.19999988139768746,0.1999997548534312
2085,2427fa86d0fa08c5a83f9f24ac6d5743e1bd178c02dc914ea0be6c964e7cc6a8,Healthy-Leaf(1399),2,0.9999999999998358,0.200000084379006,0.2000001025989031,0.20000015219877498,0.19999988940896038,0.19999977141435554
2086,a5433cc53278c78d8d43b1ac413d85a8c26dff2926d80f3b3c0f14f4b71c27ba,Healthy-Leaf(1399),2,0.9999999999998733,0.20000007408118436,0.20000009007782682,0.20000013361666422,0.19999990291156206,0.19999979931276257
2087,7e602d5ab4ddf0303e0c0b28e9fe690a51e27962ce46eaf03e141d9d367ee6ef,Healthy-Leaf(1399),2,0.999999999999948,0.2000000472338463,0.20000005742949403,0.20000008518490592,0.19999993810261188,0.19999987204914205
2088,faa3e0963ce017fd4ec911247ae85816fc03b3c87644b9def5c3a1a4e0c1508a,Healthy-Leaf(1399),2,0.9999999999998358,0.2000000843995941,0.20000010262712556,0.20000015222511353,0.19999988939098035,0.19999977135718652
2089,969e3cf413e9cab01699a2aa585c44b2bd4aa421eec80e307fed0fd77fc8d463,Healthy-Leaf(1399),2,0.9999999999999278,0.2000000557993919,0.20000006785508193,0.200000100636121,0.1999999268775335,0.19999984883187166
2090,0ba5c8f0a593edf3e6fcbb6d98e3b4948c6a44b4fcc37bbedf6c076dabebe821,Healthy-Leaf(1399),2,0.9999999999999717,0.20000003472120698,0.20000004221861778,0.20000006260767644,0.19999995450879346,0.1999999059437054
2091,786011c07aae2f0c1d8aaa3f47809348aa55798265d2e2c60f46bcffd0a1801e,Healthy-Leaf(1399),2,0.9999999999999233,0.20000005751699163,0.2000000699497411,0.20000010371836055,0.19999992463991412,0.19999984417499259
2092,c5e247b003a247c45b7df8c0a8e536affc51675ac68011ad30dc27a02e7adae0,Healthy-Leaf(1399),2,0.9999999999996964,0.20000011484411068,0.20000013965149144,0.20000020714741093,0.19999984948407237,0.19999968887291458
2093,faa91bde1c38ff5408f5593ceb3629596e1262922e2c454063f4837290ec6b84,Healthy-Leaf(1399),2,0.9999999999999682,0.20000003680598777,0.2000000447516371,0.2000000663659922,0.19999995177763966,0.1999999002987433
2094,83cbf3294557b7574cda7615d94e62f453c6bd99f8583e404f98bb5639b8775b,Healthy-Leaf(1399),4,0.9999999999999879,0.1999999776463744,0.1999999728158206,0.19999995969145154,0.20000002928779329,0.20000006055856026
2095,3db39e863b393e231931bb8695cf2b1da7d165327b6e54af86db501492147d6e,Healthy-Leaf(1399),2,0.9999999999999191,0.2000000591666456,0.20000007194840244,0.20000010669248194,0.199999922477401,0.19999983971506904
2096,dc8bb60b7e8635fb7e081e9fbf3af5291ab70b6aca93f759595d64dee2cecd3e,Healthy-Leaf(1399),2,0.9999999999998841,0.20000007083734167,0.20000008613499703,0.20000012776492918,0.1999999071638842,0.19999980809884796
2097,4c70181408ffed0aff87e2b41c8363dc742ef78cf072386ff6d7ebc1e90c63ac,Healthy-Leaf(1399),2,0.9999999999998815,0.20000007164545702,0.20000008712309578,0.20000012921690363,0.1999999061102341,0.19999980590430938
2098,f54c2d4028cf2ecd5b45a5385c30cc9bbeb58face19ff1ef3c988d21860c9dec,Healthy-Leaf(1399),2,0.9999999999999013,0.20000006532569972,0.20000007943265546,0.20000011781980248,0.1999999143902481,0.1999998230315944
2099,ba7edd727035ad63f84166300fb9619980d03e4e62da27974892188b72029355,Healthy-Leaf(1399),4,0.9999999999999962,0.19999998836527585,0.1999999858528755,0.1999999789778159,0.20000001527676714,0.20000003152726556
2100,3aa4554828aad421548f79c5576b780e793b8507c066a169b17eccdc89426d39,Healthy-Leaf(1399),2,0.9999999999997531,0.2000001035837025,0.20000012596160516,0.20000018682616644,0.19999986425082725,0.19999971937769878
2101,78bd6818258dc8f697dbd0ae99893119a100a3c339ad4f67130d6761afcb11e3,Healthy-Leaf(1399),2,0.9999999999999039,0.2000000644888095,0.20000007841840425,0.2000001162987272,0.1999999154967207,0.19999982529733842
2102,f7ce94d995d92753d741b9497e1117e33f1db0edd14934eaafa5aed7bf9652d2,Healthy-Leaf(1399),2,0.9999999999999615,0.2000000405981899,0.20000004936952334,0.20000007320684837,0.1999999468082951,0.1999998900171432
2103,0fc54e10018c638da4b3b4c6600153a57ddc6f4f59bd9dfe2a5ef19818070bbf,Healthy-Leaf(1399),2,0.9999999999997606,0.20000010196720833,0.20000012399027028,0.20000018390244317,0.19999986637438774,0.19999972376569042
2104,7997e55e0231389b9ef37cdce02fade93788da832fadf4f0f1633a81b2c533bd,Healthy-Leaf(1399),2,0.999999999999964,0.20000003926515605,0.20000004774088181,0.20000007081135146,0.19999994854689965,0.19999989363571102
2105,97dd18f9e5d4270bd99632f1284850a0f9c4859089aaca21ada857cfb02155eb,Healthy-Leaf(1399),4,0.999999999999999,0.1999999966237247,0.19999999589272283,0.19999999393118356,0.20000000440840618,0.2000000091439627
2106,b7e74aeb917f9a76cb455f32199d919072c04e7c8e3bf7d5b9ea9c71f42d39fb,Healthy-Leaf(1399),4,0.9999999999999858,0.19999997564552816,0.1999999703859445,0.199999956047665,0.2000000319376224,0.20000006598323994
2107,f6d2754f6ce9795576994c32485623fadbdc2a8c6f6ea28671e5a7f2bfbdf8c1,Healthy-Leaf(1399),2,0.9999999999999182,0.20000005946028976,0.20000007230104624,0.20000010724175413,0.19999992207648618,0.19999983892042364
2108,ec89f9acc4aafa78f407117ecdfc818c8667584347932e51c8d7c466ff5c4716,Healthy-Leaf(1399),2,0.9999999999997983,0.20000009353596618,0.20000011374313517,0.20000016869343604,0.19999987742664616,0.1999997466008164
2109,c918c96a125b410dcc4257c3cfca7817b95c237cc62d4d49903c833680d4fe77,Healthy-Leaf(1399),2,0.9999999999999943,0.20000001487208743,0.2000000180832316,0.20000002680679985,0.19999998052238138,0.19999995971549975
2110,31201200a072bb3f759c162115f4a769d22c949fc441acfdad4c327286ff9171,Healthy-Leaf(1399),4,0.9999999999999797,0.19999997069635117,0.19999996436921505,0.19999994713498012,0.2000000384133675,0.20000007938608616
2111,4eb883e9b0c193cc31548128370f168f45f3b2fa5c1495fe2aeedd9a24c15270,Healthy-Leaf(1399),2,0.9999999999997906,0.20000009537127736,0.20000011596936915,0.20000017202277365,0.19999987500551444,0.19999974163106543
2112,977f3b35883105065184f688dc970c438b6c27689118ae824dfd68f4db30a696,Healthy-Leaf(1399),2,0.9999999999998778,0.20000007274737788,0.20000008845475986,0.20000013120984533,0.19999990466016895,0.19999980292784797
2113,3d58eda0ecbd8a40216e70d72763850dc31fc7da948ae7c3cd600dae05d64a52,Healthy-Leaf(1399),2,0.9999999999999306,0.20000005469827214,0.2000000665131333,0.20000009865431287,0.1999999283167482,0.19999985181753346
2114,2890de45d26cec6e195a97ec81dcbacf1003d93667ea86672ad73be019b9866c,Healthy-Leaf(1399),4,0.9999999999999992,0.19999999750869374,0.19999999697589765,0.1999999954792191,0.20000000328716835,0.2000000067490211
2115,1dc4a3b7fad0767ef17290f5c1fc98f5bb09725d6551e6fcc1a222d9d66e3d46,Healthy-Leaf(1399),2,0.9999999999998952,0.20000006736156936,0.20000008190480487,0.20000012149840016,0.19999991171633513,0.19999981751889045
2116,9119d13d0a1c087a7e3ee36055264b3299d2f321a8c242dcd9b81fc3daf13d65,Healthy-Leaf(1399),4,0.999999999999993,0.1999999832250293,0.1999999795994788,0.1999999697497905,0.20000002197944441,0.200000045446257
2117,fae6fc1e04d59f9f8ca451ecd879607275272493f7855dc8de911325fbb78981,Healthy-Leaf(1399),2,0.9999999999997,0.2000001141528005,0.20000013880829098,0.20000020590171733,0.19999985038860685,0.1999996907485844
2118,9f5c2fdbe56d456c6a0872114ca83cc4be7c232e1626f21e1b358455b3830195,Healthy-Leaf(1399),2,0.9999999999998039,0.20000009222002446,0.20000011213910673,0.20000016632710804,0.1999998791449153,0.1999997501688455
2119,b0852e4e894c46936d217eab3afc8168953927b4f039c93c98a8427a99776fbd,Healthy-Leaf(1399),2,0.9999999999997791,0.20000009795155255,0.20000011910622395,0.2000001766802325,0.19999987162101882,0.19999973464097207
2120,ff22abb221c47437aa30dc81b7b86736d4362541c0d64858279fa1fddd2f8862,Healthy-Leaf(1399),2,0.9999999999999323,0.2000000540677923,0.20000006574241241,0.200000097518942,0.19999992914076797,0.19999985353008531
2121,609605ebe86978f0208abb0f95cd3f6f57aaf4ce82d4fbd94f878c82c92d6293,Healthy-Leaf(1399),4,0.9999999999999993,0.199999999748951,0.19999999970128868,0.19999999953454764,0.20000000034013746,0.20000000067507515
2122,9414a95336355d4d5c1abb9b03e0c491df4dd47a88c0e17fc32deec2a847eee1,Healthy-Leaf(1399),2,0.9999999999998065,0.20000009165387148,0.20000011145307062,0.20000016531719514,0.19999987987874596,0.19999975169711676
2123,177e3f03df7c66e54e710a65220e99272c3350f403a13e91de9e69c990d2c267,Healthy-Leaf(1399),2,0.99999999999985,0.20000008064100186,0.20000009806224953,0.20000014545456965,0.19999989431131648,0.19999978153086248
2124,221d691822ec634b1e26b64ea605e5faa2e2100f8c03ca03579ce9a2bfce5595,Healthy-Leaf(1399),4,0.9999999999999993,0.19999999925235926,0.19999999909607966,0.1999999986517145,0.2000000009807708,0.2000000020190758
2125,26a719d9ddb615cfc8c8aca34725a41960cc80fd98641e4d4af0836393f89ca2,Healthy-Leaf(1399),4,0.9999999999999916,0.19999998139703462,0.19999997738388442,0.19999996643390763,0.200000024391156,0.2000000503940173
2126,70392ea3308d7b63294cab2653c699503350c4e48cffcc1f69aafeccfebcded2,Healthy-Leaf(1399),2,0.9999999999998188,0.20000008868756072,0.2000001078392991,0.20000015996545342,0.19999988376604258,0.19999975974164427
2127,decdd3072f5e0582e9c3f25bdd624ae3efe77facf58dec45b0a695453783a266,Healthy-Leaf(1399),4,0.9999999999999852,0.19999997532504624,0.19999996999247213,0.19999995550121993,0.2000000323324826,0.20000006684877905
2128,e1137ecdb14447db8a9b5ea56c87640f63333dd71e52f11cda34d0d2d3d5155a,Healthy-Leaf(1399),2,0.9999999999999978,0.20000000816271768,0.20000000993141193,0.2000000147007086,0.19999998932044957,0.19999997788471222
2129,5cba37ecb104818083de531720cb39e878dd73fb4902332e69bb8684e026d529,Healthy-Leaf(1399),2,0.9999999999996839,0.20000011718786806,0.2000001424991121,0.20000021137568313,0.1999998464112261,0.1999996825261106
2130,d419df48f1736ed6cac7d9868121179d07feda36542a1c32afe8cda3713a3b2c,Healthy-Leaf(1399),2,0.9999999999998248,0.2000000871631046,0.2000001059860208,0.20000015720553854,0.1999998857719828,0.19999976387335325
2131,b464b9e06256b9bfef45e170a136659802dbe1c478f43dad8c51d7a007759025,Healthy-Leaf(1399),2,0.999999999999807,0.20000009151189843,0.200000111275433,0.20000016504912008,0.19999988007302072,0.1999997520905278
2132,2ed33899764d4bc0a4fce3bdbdd338d80bb8c4ac168f4f470a094d4a349172de,Healthy-Leaf(1399),2,0.999999999999825,0.20000008711437434,0.20000010592874798,0.20000015711691482,0.19999988583683453,0.19999976400312838
2133,6c006666c50dc0b2a12b19039e6c8b90437f4223f8c85c8f11f5fbb4ea020afc,Healthy-Leaf(1399),2,0.9999999999997423,0.2000001057792853,0.20000012862846336,0.20000019080311596,0.19999986135976422,0.19999971342937115
2134,995a5b8711d8aca0e4cb8c50f971573eb05286eed9594d0498a0210fd6b2e7bc,Healthy-Leaf(1399),4,0.9999999999999523,0.1999999546979063,0.19999994491555856,0.19999991825945032,0.2000000593956154,0.2000001227314695
2135,503a9a1dfc964cf97144f11d4a8634f88220fa9f8189b3e05cecdce59a6d4631,Healthy-Leaf(1399),2,0.9999999999999268,0.200000056184141,0.20000006831765965,0.20000010131849383,0.19999992638113787,0.19999984779856778
2136,78db5a8bb9e1e944579396e5cf076c892a111a320ded439f2210dcdf70f51557,Healthy-Leaf(1399),2,0.9999999999998003,0.2000000931070762,0.20000011321577174,0.20000016793183192,0.19999987797827598,0.19999974776704413
2137,81e1baae7f2710e7b30568e7f22b4f1f4543da9e1e29dd7fcafa624624510c4d,Healthy-Leaf(1399),2,0.9999999999998495,0.20000008078039289,0.20000009822519763,0.20000014569494692,0.19999989413578814,0.19999978116367445
2138,3ba1ea411b6cca8dea717ba3f9993ddfc027e0c011e29f2a8bc37bb1c7c93f3d,Healthy-Leaf(1399),4,0.9999999999999866,0.19999997654422982,0.19999997147537457,0.19999995770376774,0.2000000307320094,0.20000006354461847
2139,0000b2c815a6c24eb628c0a5440a61d904ff00656cff6197d4844d36b3ec6da6,Healthy-Leaf(1399),2,0.9999999999996585,0.20000012180281274,0.20000014811204397,0.20000021969720233,0.19999984036502882,0.1999996700229121
2140,7c6951d9ae25d55927a934c76f550885bcf09ad469b98cbdcb8f640e886a1496,Healthy-Leaf(1399),2,0.999999999999876,0.20000007333142072,0.20000008917163412,0.20000013224710658,0.19999990390861688,0.19999980134122164
2141,f034fdb018f04128e82489281bb6f7994d0f3ac6797164144d5d80d696ba68c6,Healthy-Leaf(1399),2,0.9999999999999709,0.20000003517451656,0.20000004276810396,0.20000006342113832,0.19999995391756706,0.19999990471867415
2142,c3cbea7432b85e36cade2e608545b431a88ccfb49a2c8ac2bb49e62828f2ba1f,Healthy-Leaf(1399),2,0.9999999999999467,0.20000004781638053,0.20000005814129215,0.20000008623042334,0.19999993734389832,0.19999987046800566
2143,9c11b5c9aa41a3fda5955713b6849459ab3654b4d95f8ae29226f7dbf5e9bbc9,Healthy-Leaf(1399),2,0.9999999999999959,0.2000000122854679,0.2000000149440075,0.20000002213298823,0.19999998392009355,0.1999999667174429
2144,3b563917b06e9c670833f1b0c4468a8bdfcae89845a2569c34dfa3c7143fbc69,Healthy-Leaf(1399),4,0.9999999999999959,0.19999998767357635,0.19999998500955243,0.19999997774926045,0.2000000161681298,0.20000003339948097
2145,4dafba7261b0771e957ea31d3c1bd8eaaa4a8f20159eb5a99979004c9fe49b1e,Healthy-Leaf(1399),2,0.9999999999999285,0.20000005552844222,0.20000006752897015,0.2000001001379658,0.19999992724063695,0.1999998495639848
2146,1cfe246ed80f50d2791da158477f20c049a53afef3bc95d36ec0797a042797d3,Healthy-Leaf(1399),2,0.9999999999998511,0.20000008032686342,0.20000009767608046,0.2000001448776124,0.19999989473010538,0.19999978238933835
2147,4a6055810884e5ecd04c3be8ce22dd946726bd3ec8a8a40c3f7a0fee4f6e8584,Healthy-Leaf(1399),2,0.9999999999999982,0.20000000740877355,0.2000000090110265,0.20000001334461984,0.19999999030486568,0.19999997993071444
2148,c4d5071fce225c6117a9bdc457a564b563d55b90e060643abd9f510a0dbfb89d,Healthy-Leaf(1399),4,0.9999999999999993,0.19999999933898416,0.19999999920008266,0.19999999880222546,0.2000000008713854,0.20000000178732225
2149,a0abca87a372f8f630e9fa64a5a0a4995e411fbe53dc6d9ae000d1307aa1979e,Healthy-Leaf(1399),2,0.9999999999999891,0.20000002120758004,0.2000000257856529,0.2000000382694359,0.1999999721916133,0.19999994254571793
2150,cca39c393fb8ce67938e5e3f7f46d5338261fdc27e33f6c5aa63576ce346b393,Healthy-Leaf(1399),2,0.9999999999999981,0.2000000071804581,0.20000000873605955,0.20000001294172307,0.19999999059777038,0.19999998054398885
2151,07c09b895a33b15f5ab4da3425246fab7cf77c3a4c5bb47acaec5256d63d1c0d,Healthy-Leaf(1399),4,0.9999999999999869,0.1999999767297929,0.19999997170683517,0.19999995800117146,0.2000000305187549,0.20000006304344553
2152,3ea8815b7835c9512643ca0039cb7f619b78024a9b95daf5c67cc2d9fbb00a0a,Healthy-Leaf(1399),2,0.9999999999999885,0.20000002191562238,0.200000026651167,0.2000000395017607,0.19999997129911318,0.19999994063233686
2153,030d1fd30c5d846fd59adb4f5e8e4d8c6d2d70232378565ececd530343d8fe55,Healthy-Leaf(1399),2,0.9999999999999916,0.20000001854108046,0.20000002254609778,0.20000003342050382,0.1999999757172482,0.19999994977506988
2154,652a61e0f0baf47b37e1ec14307ab661343da81700eb95265ef4dab6fe41c199,Healthy-Leaf(1399),2,0.9999999999999604,0.20000004121068254,0.20000005011255287,0.20000007430916508,0.19999994600708176,0.19999988836051777
2155,f92d683a72470f7865eaf1b820ad6abae11aa2d32fb67f6a3d544d38406e1b5d,Healthy-Leaf(1399),2,0.9999999999998674,0.2000000758161767,0.20000009219165785,0.20000013672680658,0.19999990065335896,0.19999979461200001
2156,2a3731963d9c9c775752ad60020b6fd997446394ee34b6d65fc361c668dccbf1,Healthy-Leaf(1399),2,0.9999999999998156,0.2000000894539614,0.2000001087830034,0.20000016133749293,0.1999998827720123,0.19999975765352995
2157,3cfc7418908991f65a09b69250ee7d211c8ad8a6fac0fb0c8a21fda2dbac1a88,Healthy-Leaf(1399),2,0.9999999999999908,0.20000001930457456,0.20000002347011842,0.20000003480418302,0.19999997471064113,0.1999999477104829
2158,47febf4fd308c92058679b3df71de4b93c284231c646bf8ee1d6b6d737f3d38b,Healthy-Leaf(1399),2,0.9999999999997311,0.20000010807206642,0.20000013141804285,0.200000194930839,0.19999985836115367,0.19999970721789803
2159,d7c76544df46b4a7b74b25d9337f85e1e5dc84a06ac7366ba9ed0b5a1cf9aa67,Healthy-Leaf(1399),2,0.9999999999999581,0.20000004234515759,0.20000005149322447,0.20000007637655645,0.19999994450419573,0.1999998852808659
2160,2113d7c73632ebbfddd5aa0e294d9fc11b0a5bfda1b8d051d0be13e532f32566,Healthy-Leaf(1399),2,0.999999999999887,0.20000006995653485,0.20000008507038441,0.20000012618179935,0.19999990831531064,0.19999981047597065
2161,4da1756c149eb50b8bb05352db6a45f457ba4115a27a2b5581cf9f9fd76568cf,Healthy-Leaf(1399),2,0.9999999999999962,0.20000001142635768,0.20000001389362268,0.2000000206280985,0.19999998501039726,0.19999996904152395
2162,cc355e1b0eca044d298ebe4b4336a33adfe472d322782b0e8f6f60958975dc4f,Healthy-Leaf(1399),2,0.9999999999999574,0.20000004269358573,0.2000000519204688,0.2000000769876423,0.1999999440616724,0.1999998843366308
2163,3cd2e0095298550aca8b6d9a17e765e530d5a08763643634f4706a6700effee2,Healthy-Leaf(1399),2,0.9999999999999055,0.20000006397460202,0.20000007779055795,0.20000011538360019,0.19999991616058377,0.1999998266906561
2164,7eef658dddc807d62cd5ce69488e97748dd493eb2dbda29c5263251ff8c99a96,Healthy-Leaf(1399),2,0.9999999999999009,0.20000006547136803,0.2000000796106454,0.2000001180787882,0.19999991420241525,0.19999982263678306
2165,23a610bb0e1934f1ae72d749f047b40260d5d63065e3aa4ab990796dfd4c3104,Healthy-Leaf(1399),2,0.9999999999999825,0.20000002704418185,0.20000003288519422,0.2000000487599534,0.1999999645711643,0.19999992673950628
2166,e3e89e7801824c0a4b948bb23a4a7846881517da3dfe8cae1d6ec08f23e169d4,Healthy-Leaf(1399),4,0.9999999999999944,0.1999999853599342,0.19999998219795492,0.19999997356618812,0.20000001920842445,0.2000000396674984
2167,9d1a6d8338c8ad3b7106edb75bc5a11bcd4e815cd0acad29b61d488288add31e,Healthy-Leaf(1399),2,0.9999999999999142,0.20000006089409353,0.2000000740500039,0.2000001098056427,0.19999992021568985,0.19999983503457006
2168,80a9804d9e26778554deb49d985c477b4e47bbb55720e49397c16aa7b83f941a,Healthy-Leaf(1399),2,0.9999999999999909,0.2000000192100755,0.20000002336172834,0.20000003463578228,0.19999997483426576,0.19999994795814807
2169,1ad0aac9a022200e8306e34329ae3bdf2e9992c8cf75ec00f655e397a242f92f,Healthy-Leaf(1399),2,0.9999999999997303,0.20000010821976408,0.20000013159281166,0.20000019520130688,0.19999985816345142,0.19999970682266593
2170,d1c9c10a6ea5692e621d88de0de8d59b58a7ee4d0af743497e3a6662fea06bd2,Healthy-Leaf(1399),2,0.9999999999999243,0.20000005715955566,0.2000000695145859,0.20000010308026517,0.19999992510316106,0.1999998451424323
2171,9435ffc33ede7e708f9ce176a69eb33360b8d2d91480c117a0683b5a23295be2,Healthy-Leaf(1399),2,0.9999999999999897,0.200000020596278,0.20000002504366057,0.20000003712947584,0.19999997302184078,0.19999994420874487
2172,3b5f66a589cd2ad499d6f7b85100804f0cf21b7a5d6d9d79d339caeefb21c428,Healthy-Leaf(1399),2,0.9999999999999006,0.20000006551477023,0.2000000796638761,0.2000001181950558,0.1999999141163764,0.19999982250992157
2173,c85b2a9269df2b73937d99d89ede99dbd57af8b8b299871d593c87d222d129d3,Healthy-Leaf(1399),4,0.999999999999967,0.19999996252517543,0.199999954435336,0.19999993237863958,0.20000004913675734,0.20000010152409176
2174,3049779f3ea3b2e5558c63aa140d0676f472294debfde756dcc1fb6180b2336b,Healthy-Leaf(1399),2,0.9999999999998724,0.2000000743609133,0.20000009041831218,0.2000001341027622,0.1999999025592093,0.19999979855880315
2175,6ccd4d696fdf79b96d4a09c5e200314c63c4b8a2202a057d1381bbcfcaffa985,Healthy-Leaf(1399),2,0.9999999999998623,0.20000007718717722,0.20000009386161618,0.20000013920832832,0.19999989885046296,0.19999979089241532
2176,25601b2b3b8dfca1379d3a4c72b10b625748056b74e22b9cc52ea6e1b1af8301,Healthy-Leaf(1399),2,0.9999999999999847,0.20000002534971878,0.20000003082357382,0.2000000457159537,0.1999999667821635,0.1999999313285902
2177,731d8063bbc8c70c6ec7f1c14dd063e0cd5502b3dfa242e4c58b74ef5170b0ad,Healthy-Leaf(1399),2,0.9999999999999359,0.20000005252162345,0.20000006386116115,0.2000000947320576,0.19999993116545337,0.19999985771970447
2178,8d34678c8957770d8505f135e0b6fec6b981e05e5e2a9266bcc93db2d6567fed,Healthy-Leaf(1399),2,0.9999999999997456,0.20000010512807184,0.2000001278355515,0.20000018961259924,0.1999998622252896,0.19999971519848794
2179,c30c4c5533d1db836c7434f6711a31ba850017aa1e42b383868165e702d0dc5e,Healthy-Leaf(1399),2,0.9999999999999455,0.20000004840748706,0.2000000588648827,0.2000000872928613,0.19999993657303264,0.1999998688617362
2180,4e96e9b4ff435c61503189664610afdd3157a64a634cefe3c75a916021969921,Healthy-Leaf(1399),2,0.9999999999996815,0.2000001176500281,0.20000014306308683,0.2000002122033577,0.19999984581051924,0.19999968127300824
2181,a6c962a2d9c940592e4c6345167592e46a4d3fc51bce0c16f29623e81007af60,Healthy-Leaf(1399),2,0.9999999999999801,0.2000000289665807,0.2000000352204747,0.20000005225293394,0.19999996203151316,0.1999999215284976
2182,b4323598e59f905c64076d74e26d6c4c0dd360ad3a32aee877c96caaad1b628d,Healthy-Leaf(1399),2,0.9999999999999664,0.20000003799455826,0.20000004620237868,0.20000006850026542,0.19999995022836678,0.19999989707443097
2183,4f26146a428cc09ff7fdd73959dfd714946a89898f38364dc6f5eb280fd35413,Healthy-Leaf(1399),4,0.999999999999964,0.1999999607783658,0.19999995230489095,0.1999999292629292,0.2000000513978375,0.20000010625597653
2184,e0012ef1dc24ed5d4ea4fae0a7645cf4426d07cbc52a588e72ac9ce2d958578d,Healthy-Leaf(1399),2,0.9999999999997914,0.20000009513486136,0.20000011568224504,0.200000171600337,0.1999998753123469,0.19999974227020975
2185,5c0f72060a66b9fe6b3a10f1449a1e9ba89128b683698869506b11b86e6964c7,Healthy-Leaf(1399),2,0.9999999999998713,0.20000007466084616,0.20000009078414027,0.2000001346564676,0.19999990215655564,0.19999979774199034
2186,7538df118aca1015f1b9856b702fb7486a0d342e35ecd9d7534f2164b78914b7,Healthy-Leaf(1399),2,0.9999999999998906,0.2000000688358753,0.20000008370868858,0.20000012413991747,0.1999999098000676,0.19999981351545115
2187,d3936d2d22f7b7cb72350ee12acf59fd0b2ccb0759326cd5e819fa24b614ee3e,Healthy-Leaf(1399),2,0.9999999999999948,0.20000001416468438,0.20000001722931524,0.20000002552258841,0.19999998145719092,0.19999996162622116
2188,98b066a762714b4b9982e3b597a997ce63dcfa89a50ea7e3266fd9b917e9eb57,Healthy-Leaf(1399),2,0.9999999999999274,0.20000005597052287,0.20000006805835244,0.20000010095223653,0.19999992664651664,0.19999984837237159
2189,e449a7832be7597c276b4c1fd23fb654e41497205c81bbe7ef3e18f17cd20482,Healthy-Leaf(1399),2,0.9999999999998381,0.20000008379019937,0.2000001018919273,0.20000015112202033,0.19999989019389913,0.19999977300195385
2190,579e6bc07cef07dfc1da8fb872ad3c28e3ee686c19a4036dd45b1ad7c30925d3,Healthy-Leaf(1399),2,0.9999999999998227,0.20000008769169095,0.2000001066298238,0.2000001581675662,0.19999988507278796,0.19999976243813106
2191,642d25818d40c7709dc14b69cc0ea801ec3326428fe203a58c8f076255fcc1af,Healthy-Leaf(1399),2,0.9999999999997605,0.20000010195623258,0.20000012398233113,0.20000018389012147,0.19999986638419098,0.19999972378712383
2192,6282a948025bc4bd680e886b44788f54fc678d103ca1b764f8cfbc5e0bcf20a3,Healthy-Leaf(1399),2,0.9999999999998649,0.20000007652367632,0.2000000930459083,0.20000013803398883,0.19999989970091675,0.19999979269550985
2193,164bc1abc7250cfef0462eb0966ae01ec8cea809c92b41f199737bec73c189c7,Healthy-Leaf(1399),2,0.9999999999999579,0.20000004247866818,0.20000005164883988,0.2000000766040886,0.19999994433805027,0.19999988493035303
2194,7602131c0f5fca231fd2151d164a7080155bde97627eb6f02d66c9018f8ff56e,Healthy-Leaf(1399),2,0.9999999999999979,0.20000000754124728,0.20000000916305455,0.20000001362855954,0.1999999900947168,0.19999997957242188
2195,8e560f89fa1ec9c91000465eebcf28ce690a0856579793e444fb4639e398190c,Healthy-Leaf(1399),2,0.9999999999999546,0.20000004419571088,0.20000005374414412,0.2000000797015035,0.19999994208894145,0.19999988026970003
2196,15e4b1384d9a017d282e50bb6694c1306029ae1043a64fc5eebf24245f7bc692,Healthy-Leaf(1399),2,0.9999999999998418,0.20000008285991058,0.20000010075497063,0.20000014944858205,0.19999989140840493,0.19999977552813175
2197,f0d697c81fcc5a54a98dc366ec07c4ba692818f240d7c4cda5ef80aa5d8bc757,Healthy-Leaf(1399),2,0.9999999999998743,0.20000007375169965,0.2000000896822117,0.2000001330190231,0.19999990334700307,0.19999980020006242
2198,b7b7504e1143c4b95c3ee86d203bc9a688419a5731538080e9f03b8795d5679f,Healthy-Leaf(1399),2,0.9999999999999631,0.20000003967670124,0.2000000482455725,0.20000007158297056,0.19999994798584728,0.19999989250890854
2199,99202f66e2100081d65c9c85f75f95bf7e3a45821784995a469d6fe4de57f593,Healthy-Leaf(1399),2,0.9999999999998185,0.20000008878024167,0.2000001079538066,0.20000016012914285,0.1999998836476212,0.19999975948918775
2200,890902e6dc721a3bd36836b4c0e3a5508b042e461756b2ef1f847c7ef6107e25,Healthy-Leaf(1399),2,0.9999999999999684,0.20000003671370906,0.20000004463893747,0.20000006621409422,0.19999995188724337,0.19999990054601588
2201,f7f27cf053fa84d5978e485a4aa00848beb78496a7287786ee6ab18bb9348789,Healthy-Leaf(1399),2,0.9999999999999726,0.2000000341641692,0.20000004154333986,0.20000006161409165,0.19999995523069958,0.19999990744769972
2202,7a75eec4f8edab5204c5eac14e74d58886b796a941b5a5a535e44a453dad45f7,Healthy-Leaf(1399),2,0.9999999999998652,0.20000007644222997,0.2000000929522438,0.2000001378668761,0.1999998998243483,0.19999979291430192
2203,1f5a9189355771bac586ef5c46b51a2bc753a7f72da9bc617154c619062b142b,Healthy-Leaf(1399),2,0.9999999999999775,0.2000000309970891,0.20000003768923308,0.20000005588579042,0.19999995939308135,0.19999991603480619
2204,7d556c45f200bf70575a77e131d49418297139b60ca82966eca4a3ca5ae8baaa,Healthy-Leaf(1399),2,0.9999999999997584,0.20000010241969177,0.20000012453750593,0.20000018473864475,0.19999986576530196,0.19999972253885565
2205,c9af053235b541472f6cf275208f2b43c72d7382eaf7b5452093fc7ddd71bb4c,Healthy-Leaf(1399),4,0.9999999999999922,0.19999998246756703,0.19999997867560582,0.1999999683925515,0.20000002296468541,0.2000000474995902
2206,1a41bb8f4128757274a0741da431e2f0568531364074be3eaf43bc18e13fae0f,Healthy-Leaf(1399),2,0.9999999999997436,0.2000001055135646,0.2000001283046202,0.20000019031373734,0.19999986171563852,0.19999971415243933
2207,94ba9383250fefcff0d2f09bf8c6c2106eb18e0b35d94a2b9e6c88c4d9f6a1c0,Healthy-Leaf(1399),2,0.9999999999998522,0.20000008006752307,0.20000009736406507,0.20000014440529465,0.19999989507421637,0.19999978308890085
2208,aa18d3e17d743455e9111055385b3d2a9bd14b3fa309305369bd0ad4e4656dd9,Healthy-Leaf(1399),4,0.9999999999999925,0.1999999826064326,0.19999997884997514,0.19999996860852118,0.20000002281039736,0.2000000471246736
2209,445807fb856018b1625e30e68589bdf3081fd2beb28ea205f6e7a04532de871a,Healthy-Leaf(1399),4,0.9999999999999769,0.1999999687975769,0.19999996205829296,0.19999994370401006,0.20000004090619347,0.20000008453392665
2210,5f586258c0f584e1529ef57da6346fbd7413843b537bbc29a7d7097c325bb3bb,Healthy-Leaf(1399),2,0.9999999999998993,0.2000000659790777,0.20000008022961333,0.20000011900299394,0.19999991353086255,0.19999982125745241
2211,0d51d6a7441ddfad1d86306a1fd5330301202ae84f213a86fc0287ccb2ca2cfd,Healthy-Leaf(1399),2,0.9999999999999571,0.20000004291399665,0.20000005217819014,0.20000007739152156,0.19999994376581212,0.19999988375047956
2212,e99cba5160c4f00994dc54470e1d49c75f83258b1eaef9ba8463cb63b19e49d9,Healthy-Leaf(1399),2,0.9999999999999748,0.2000000326761226,0.20000003973393238,0.20000005890857186,0.19999995719754296,0.1999999114838302
2213,3414cbf3f4db39e470c24a0471f16258cba1b8b5de868889c2e79fc3a8588f7d,Healthy-Leaf(1399),2,0.9999999999998271,0.20000008654898727,0.2000001052445491,0.2000001560955412,0.19999988657971499,0.19999976553120746
2214,1f93e7b90e9d4c27e8a0bdc5e28da8b035c7472fb8b37061501261b952baac08,Healthy-Leaf(1399),4,0.9999999999999968,0.19999998939288396,0.1999999871042617,0.19999998084781093,0.20000001391765315,0.20000002873739023
2215,432dff3e73209f33e81e433bcc6a003559e2dcccb2b348ea072642d0cf1e6891,Healthy-Leaf(1399),2,0.9999999999997022,0.200000113734931,0.20000013829923902,0.2000002051476706,0.19999985093633493,0.19999969188182445
2216,a09586daee0258713196c26c0386fb6c0b89b54474d92d8c83b0a2a26cb59bc8,Healthy-Leaf(1399),4,0.9999999999999901,0.1999999798621542,0.19999997551159748,0.19999996369143908,0.20000002638150843,0.20000005455330072
2217,b82bf4d85d8132f2eb4916368632a37b7149237d60142aedf5e67ff81e963b5b,Healthy-Leaf(1399),2,0.99999999999978,0.20000009772481112,0.20000011883210456,0.2000001762666229,0.1999998719220792,0.1999997352543822
2218,2d45aed1ebbb93458c6347beaeed78a5de3036386021b6e3e2a6f8cbc51b008c,Healthy-Leaf(1399),2,0.9999999999999528,0.2000000450320682,0.20000005475442087,0.2000000812164128,0.19999994098650656,0.1999998780105916
2219,dd89441f041d1d0d7c607c24af176fdf26f25c91836d996e495040799abbd9f6,Healthy-Leaf(1399),2,0.9999999999998227,0.20000008768414468,0.20000010661989961,0.20000015816168562,0.19999988507656463,0.19999976245770543
2220,d12409f393b1a934b6c226a371d5341d090093d365210c3e5584a57a4934faae,Healthy-Leaf(1399),2,0.9999999999997994,0.20000009330949384,0.200000113459286,0.20000016830173203,0.1999998777087349,0.1999997472207532
2221,c51c84a60fa2aa3124a1e4d0621ee72fd969812f8f4e38a22aaa2486cc0dfbee,Healthy-Leaf(1399),2,0.9999999999997065,0.20000011293663023,0.20000013732799987,0.20000020370246296,0.19999985198657222,0.1999996940463347
2222,fcc49174c718fa213b86af58bdc92e1ac886a9bc9d351699a81468ccca6195f5,Healthy-Leaf(1399),2,0.9999999999996765,0.2000001185517507,0.20000014415542713,0.20000021383507663,0.1999998446237837,0.19999967883396189
2223,ee9ecd48425bcff40a33606559ff217f7d7df4abcf9ef4d58bad7cd8eadd7cc9,Healthy-Leaf(1399),2,0.9999999999999987,0.20000000600058476,0.20000000729444944,0.20000001080638477,0.19999999214822242,0.1999999837503586
2224,3f52be1ddf3339bad9bad650f5e1189d5b812d7a9849d26637c079a7f3aa5e9e,Healthy-Leaf(1399),2,0.9999999999999606,0.20000004114996503,0.20000005003640672,0.2000000742096966,0.19999994607841715,0.19999988852551454
2225,2310c7f2712b22704d61a1cbd33e3a08c65b19a50717a88792e827603797fa75,Healthy-Leaf(1399),2,0.9999999999997107,0.20000011209685656,0.2000001363098989,0.2000002021929157,0.1999998530838553,0.19999969631647344
2226,b7a7b38937bddafd04e3786a8e496bf4d85fc1865b1379d15421f36dc0853f5d,Healthy-Leaf(1399),2,0.9999999999997926,0.2000000948578871,0.20000011534370443,0.20000017109634735,0.1999998756783883,0.1999997430236727
2227,6eb2eef0fa6e27303310294afd2cde6acfcd706400a7fbdb5bad93d09bcfc1e5,Healthy-Leaf(1399),4,0.9999999999999993,0.19999999921755054,0.1999999990458568,0.1999999985979095,0.20000000101784068,0.20000000212084248
2228,c69758889752f0840210f3a3eadf56424454c42b06738b7bc702db74f731f4e0,Healthy-Leaf(1399),2,0.9999999999998643,0.2000000766588593,0.20000009321340942,0.20000013826648666,0.1999998995331257,0.19999979232811896
2229,5ae56e9427c3a43542306d72e1c07cecc7025039f6156282f3f873094aac0709,Healthy-Leaf(1399),2,0.9999999999998052,0.20000009193049006,0.20000011179181218,0.2000001658088708,0.1999998795222995,0.19999975094652736
2230,85287998f387710218d1f7c38ae761220c76047f061a0ade5210be94506f63fc,Healthy-Leaf(1399),4,0.9999999999999851,0.19999997516566612,0.1999999698032076,0.19999995517600808,0.20000003257140947,0.20000006728370878
2231,e1349bc0d184e6fdcec95fa2025616b536cd5c875c16aab7c7756b5bec3aa51e,Healthy-Leaf(1399),2,0.999999999999883,0.2000000711769642,0.2000000865492238,0.20000012837776174,0.1999999067188288,0.1999998071772215
2232,518bdc76183ec1c9b4ef3198303bb1cc4a5a1d6307ab44f59c68ada977617b09,Healthy-Leaf(1399),2,0.9999999999997625,0.20000010151391498,0.20000012343720006,0.2000001831050554,0.19999986695251526,0.19999972499131421
2233,4287352b5e2f247851d243021476ff602040c241908174ad1589d6214bf9f35b,Healthy-Leaf(1399),2,0.9999999999999805,0.20000002875841313,0.20000003496985755,0.20000005184710062,0.19999996232826375,0.19999992209636488
2234,49343e5df35e7241dabc5f9ee935a61a6f2936ef74ef0750fa29193c8b131e2d,Healthy-Leaf(1399),2,0.9999999999998205,0.20000008821405058,0.20000010726976258,0.20000015910725713,0.19999988439110641,0.1999997610178232
2235,70ef0ecb98a7c96c1efc5af585b75d1090a5467a07caa9716723f40cfb0f2081,Healthy-Leaf(1399),2,0.9999999999998325,0.20000008528051713,0.2000001036994446,0.2000001538021059,0.19999988824586296,0.1999997689720695
2236,27f46558eaba2358d20c95aa844f3057616c846b65c732d92f4f7ec1bb9c079c,Healthy-Leaf(1399),2,0.9999999999996472,0.20000012380429402,0.20000015054420295,0.20000022331168213,0.1999998377381625,0.19999966460165844
2237,dc796aca34c3fa1dadb39b626a49b95c7d810c72cee5392110340154fc55d0b2,Healthy-Leaf(1399),2,0.9999999999999669,0.20000003752052092,0.20000004561843882,0.20000006766940293,0.19999995082947325,0.19999989836216397
2238,8782bdfc745ce6e1c96149167fcb889fc1792a02123b2710b6438518c0b601d7,Healthy-Leaf(1399),4,0.9999999999999596,0.19999995843322152,0.19999994945683072,0.1999999250066888,0.20000005449238736,0.20000011261087153
2239,68261bdf0aa61d140a6e57139abc7c065ad1175b576b5e115ba3a1aca8e5e46d,Healthy-Leaf(1399),2,0.9999999999997401,0.20000010624324693,0.20000012918877344,0.2000001916363925,0.19999986075361603,0.19999971217797102
2240,7d0f7174ec883c03fa2f33e661a613006f0cf2f5baba3507deca4aa9075601b1,Healthy-Leaf(1399),2,0.999999999999876,0.20000007326613478,0.2000000890846956,0.20000013215761694,0.19999990397079007,0.1999998015207625
2241,88d0861f216ea4e2c669ee81f403788fbf66e69269c3e247863a7182d8a48829,Healthy-Leaf(1399),2,0.9999999999997738,0.2000000990778509,0.20000012047707622,0.2000001786999037,0.19999987015428128,0.19999973159088788
2242,9b25ed08ef52c843b0d1aa35dd2795ca082a77962e1917bba5904a6c5b3cd2c4,Healthy-Leaf(1399),2,0.9999999999998106,0.20000009063967575,0.20000011021983305,0.20000016347703103,0.1999998812163283,0.19999975444713178
2243,e12f03ede2d3598cfed75c666d83e43aa4025d4da9cf56691018578238b75351,Healthy-Leaf(1399),2,0.9999999999999774,0.20000003101203956,0.2000000377120289,0.20000005591794243,0.19999995937043488,0.19999991598755418
2244,54836aa4c969d45e0d7f676b2e899c57150638868a223d95f71a92ad5988619a,Healthy-Leaf(1399),2,0.9999999999999477,0.2000000474104058,0.20000005764939607,0.20000008551066362,0.19999993786670173,0.19999987156283275
2245,821ec7658a269e6018b58601a7a049d7b2090b34f38e211894053da17e31711b,Healthy-Leaf(1399),2,0.9999999999999544,0.2000000441944283,0.20000005373639873,0.20000007970067407,0.1999999420881916,0.19999988028030713
2246,54fa8faf74f3a9d2b65855267118657509fb967dabb811b1fff0c7fc88660daa,Healthy-Leaf(1399),2,0.9999999999997188,0.20000011051340974,0.2000001343862704,0.20000019932544005,0.19999985516826546,0.19999970060661434
2247,c11bc3ae73e6b3f55a794bc5465ab2bd3b2d9cddc4268e5994c328058ba271db,Healthy-Leaf(1399),2,0.9999999999998773,0.2000000728887879,0.2000000886343923,0.20000013145817172,0.19999990448162416,0.19999980253702387
2248,6ebd270fb963abe16f405cf609ad95ca060056675a0646f6323dc66e7fcf5908,Healthy-Leaf(1399),2,0.9999999999997039,0.2000001133846552,0.20000013787621926,0.2000002045152289,0.19999985139652152,0.19999969282737518
2249,008542f0da32432533c13d2088a13425562b65a8982747c340b3be3ba4e97872,Healthy-Leaf(1399),4,0.9999999999999993,0.19999999868513682,0.19999999841027152,0.1999999976100584,0.20000000173929985,0.2000000035552334
2250,a6fe5ebd763f21839f9c1624b7942aa29fd974bfdca8187d48dbd37a3753d832,Healthy-Leaf(1399),2,0.9999999999998682,0.20000007556667473,0.20000009188638224,0.20000013629051847,0.19999990096937284,0.1999997952870517
2251,e492fac1fc37b2bb6ea096c8c2479501544990a6ec7d6551ba261698e085546f,Healthy-Leaf(1399),2,0.9999999999999646,0.2000000389948394,0.20000004741195496,0.2000000703282707,0.19999994889768383,0.19999989436725119
2252,0359033b166cec5f7331f15f44cc602294461e72ba93ef2e271fce006580249d,Healthy-Leaf(1399),2,0.9999999999998515,0.20000008022304622,0.20000009754562897,0.2000001446901777,0.19999989486543418,0.19999978267571286
2253,f78aceba5cea4053eeb54f8f6e72158812b29140306707652f373b90fc5c36f7,Healthy-Leaf(1399),2,0.9999999999999842,0.20000002564507177,0.2000000311870955,0.20000004623616038,0.19999996640567436,0.19999993052599788
2254,08a445ea724fad00b9c327f3685d2e41d7718f35a582d19a4aa7bdff46a852a6,Healthy-Leaf(1399),2,0.9999999999998448,0.2000000819917535,0.20000009969979052,0.20000014788161652,0.1999998925471824,0.19999977787965706
2255,43b1e5d8f7864051e5b84735e0cd80b5d11a75c56bfc117483eac4521e92a494,Healthy-Leaf(1399),2,0.9999999999997694,0.20000010005139174,0.20000012165918557,0.20000018045721693,0.19999986887696997,0.19999972895523582
2256,9c5b31c0f0f8c23d9cd3d4af91cee1114fd40a73781ce31e88b605cb337806c4,Healthy-Leaf(1399),2,0.9999999999999545,0.2000000442192653,0.20000005376479615,0.200000079770164,0.19999994203624236,0.1999998802095321
2257,22b52e7e01aa1031558264a4e228301e8c98774826345ae557ecbca26f237f3e,Healthy-Leaf(1399),2,0.999999999999983,0.20000002671148115,0.20000003248219408,0.20000004816401065,0.19999996500433476,0.19999992763797939
2258,983eeca3ac10bb3736c88e41745a66210f843ac36c421cbe96aa9856de0265cb,Healthy-Leaf(1399),2,0.9999999999999976,0.20000000898712197,0.20000001092802583,0.2000000161886221,0.1999999882380331,0.19999997565819697
2259,8f24c33309b2b0f95dd9d694f4b470ef1342578b0712f875f9dfef4093f67791,Healthy-Leaf(1399),4,0.9999999999999984,0.1999999938526058,0.1999999925216989,0.19999998890767015,0.20000000805938675,0.20000001665863837
2260,060121d182b76790e6a50d9dbe54fc47808fb1625a0608ab88ef2535c9acc4c3,Healthy-Leaf(1399),4,0.9999999999999756,0.1999999678319095,0.19999996088513086,0.19999994196834514,0.20000004216729997,0.20000008714731446
2261,09fbe0cd30e93b4073f957d17caa914479cd77a1fe3c2c072541d92408425363,Healthy-Leaf(1399),2,0.999999999999951,0.200000045854984,0.20000005575714225,0.20000008269609348,0.19999993991198486,0.1999998757797954
2262,d19e62d4b362d2c965487462c3ac500f0753fab1083da05ee029e9199245f1fb,Healthy-Leaf(1399),2,0.9999999999998959,0.2000000671088155,0.20000008159833785,0.20000012103784162,0.19999991205137116,0.19999981820363383
2263,ff4267103ad0fee11f768d18f62c7f04d3de65aad290dcdbbae6449bbc44ce92,Healthy-Leaf(1399),2,0.9999999999998822,0.20000007146499166,0.20000008689606721,0.20000012889899743,0.19999990633930742,0.19999980640063628
2264,804eaba2b1e14e915c447fcf5c247f57c95e0280364b3721cc7540988cfc55d8,Healthy-Leaf(1399),2,0.9999999999997379,0.20000010668393997,0.20000012972917267,0.2000001924211975,0.19999986018475208,0.19999971098093774
2265,77d83e22da2e10ea208ff94fd3a47ea6daa0039dab8d0e8c8e3f2df4b1acd924,Healthy-Leaf(1399),2,0.9999999999998387,0.20000008360420335,0.20000010165877938,0.20000015079981276,0.19999989042598057,0.19999977351122394
2266,8fe78ef6b53bba58241bfd9a37fe6a83a3cbdccc80c251c56707d56ac43f67d4,Healthy-Leaf(1399),4,0.9999999999999926,0.19999998276296813,0.19999997904418979,0.19999996888412577,0.20000002261126973,0.2000000466974465
2267,f17b000ea8dbede4cbe3b7bb9dcecef81cb7c2ce9d9e5a0720da0aa59df727b7,Healthy-Leaf(1399),2,0.9999999999999856,0.20000002454464888,0.20000002984388518,0.20000004426800416,0.1999999678339498,0.199999933509512
2268,5b6bf5101a1caf53a0ebce249a54ae21668259e610a8287c4223c878bc77cb65,Healthy-Leaf(1399),2,0.9999999999999988,0.200000005544692,0.20000000673919813,0.2000000100019682,0.1999999927317504,0.1999999849823912
2269,a624217e9e977d974b550941cd13d612039e99b77bffe8ed00fa8299106b2894,Healthy-Leaf(1399),2,0.9999999999999362,0.20000005251362638,0.20000006385630265,0.20000009470538294,0.19999993118638443,0.19999985773830367
2270,a712abbe7aaf2bd65667862ad761684cb0c1f1889c7bbd0e0a113dd3dd7c4abc,Healthy-Leaf(1399),2,0.9999999999999993,0.20000000212985186,0.2000000025903064,0.2000000038486872,0.19999999720327954,0.19999999422787504
2271,bbfa4eddc8beb15cb1f493c83f5598dd804dd38ab0a80e0b94f80deecb9c4019,Healthy-Leaf(1399),2,0.9999999999997646,0.2000001011096548,0.20000012295114344,0.20000018237734607,0.19999986748237727,0.1999997260794785
2272,af82d0f3685469737f590c25ee7ded19c2dc97a523c0a9bd8efd795a10301b76,Healthy-Leaf(1399),4,0.9999999999999993,0.19999999786871928,0.19999999741482077,0.19999999614781103,0.20000000280075494,0.20000000576789398
2273,64085986df87c6117bab68d409a65397cf3e0d9ed87cd68e3e4de56a132193c0,Healthy-Leaf(1399),2,0.999999999999954,0.20000004441570912,0.20000005401180168,0.2000000800954141,0.19999994180291877,0.19999987967415622
2274,cb866676d6836532beebd260460241cbb4aadd2547833fabf1108e80e430a734,Healthy-Leaf(1399),2,0.9999999999998281,0.200000086358023,0.20000010500539206,0.2000001557712015,0.19999988681306208,0.19999976605232134
2275,8cdf14fa4b412d2666c3e31262b09fb00dd5429395f1d9bf1d0aa6814b442bc2,Healthy-Leaf(1399),2,0.9999999999997747,0.20000009889618256,0.20000012025438713,0.20000017838417497,0.19999987038279593,0.19999973208245947
2276,8608d0accc5507dd24329296107887953f4cc1190abc6e41f4f4e23c4a264155,Healthy-Leaf(1399),4,0.9999999999999981,0.19999999254972195,0.19999999094330498,0.1999999865226454,0.20000000979516513,0.20000002018916258
2277,44913cc3fe90e743d06a3ee5b63192a4eaea7960598448d7c7c8960b509518ca,Healthy-Leaf(1399),2,0.9999999999996436,0.2000001244242917,0.20000015129880835,0.2000002244202201,0.19999983693326434,0.19999966292341548
2278,d95b23fff67149e208af1b900be526e0debb75d3ffb8af14eee3f7e92f0c2e33,Healthy-Leaf(1399),2,0.999999999999978,0.200000030522645,0.20000003711941655,0.2000000550134307,0.19999996002913106,0.1999999173153767
2279,e896b619e16559a8a51fa5415ddf6964390e9940307637e377c502d1fc76dff8,Healthy-Leaf(1399),2,0.9999999999998671,0.20000007590683797,0.20000009229941,0.20000013690573368,0.19999990052216074,0.19999979436585774
2280,c90a079b40938ccf5fb72c504aa21b36a83f33b92993e4a02b9d050afdfd755f,Healthy-Leaf(1399),2,0.9999999999999817,0.2000000277784495,0.20000003378575207,0.20000005008733507,0.19999996360815106,0.19999992474031233
2281,786d022f6252cb7fd4a3b0e01435e881e27947208bd1274d7a99e19ad5221f3e,Healthy-Leaf(1399),2,0.9999999999999856,0.20000002459415475,0.20000002990535953,0.2000000443472015,0.19999996777712636,0.19999993337615785
2282,9a578c7ae00a5eb93d96cdd1aa7e7161966095e3cf8abb7cb55efdfb5549c94c,Healthy-Leaf(1399),2,0.9999999999999362,0.2000000525013453,0.20000006384524666,0.20000009468044594,0.1999999312054507,0.1999998577675115
2283,8b6e6c9006ec6250ace8dc5975a81531a278a49f22987ce17ce3057eeded14b5,Healthy-Leaf(1399),4,0.9999999999999651,0.19999996142392995,0.19999995309540816,0.19999993040880412,0.2000000505671663,0.20000010450469138
2284,83bfa2c37b65330cb6e8b225efbdae773199f12596d8657d7a73fca9fd0dff5b,Healthy-Leaf(1399),2,0.9999999999997976,0.20000009371376876,0.2000001139520908,0.20000016902577297,0.19999987718311485,0.1999997461252526
2285,4b7e9310236bd11083e079ebfcbccf912781991c1dfa4f6d4f7db2bf24c69344,Healthy-Leaf(1399),2,0.9999999999999631,0.200000039714079,0.20000004829233103,0.20000007162767225,0.1999999479546518,0.19999989241126578
2286,6fd961c4cdef2f2085cdb28e9f2522b2462186f1d5c69903379abfd6061e7f69,Healthy-Leaf(1399),2,0.9999999999999886,0.20000002157302982,0.20000002622908672,0.2000000389060221,0.1999999717298292,0.19999994156203216
2287,d72c603bb7c75114ead62703962135f357483637c2d062a3c0c92279d1b857ef,Healthy-Leaf(1399),2,0.9999999999999662,0.20000003804944247,0.20000004627092022,0.20000006860662933,0.19999995015117766,0.1999998969218302
2288,21817d06138b23c587054856be1a65935e2a9382847a981379499866b463b782,Healthy-Leaf(1399),2,0.9999999999999709,0.20000003523609536,0.2000000428485752,0.20000006354062355,0.19999995383153948,0.19999990454316643
2289,a52de3ce37915472915e1f7ed79bfc199be9d54016bc91dbc32f5db746c56214,Healthy-Leaf(1399),2,0.9999999999999992,0.2000000035967189,0.2000000043767117,0.2000000064533148,0.19999999531310128,0.19999999026015344
2290,b147e4b26a7f76f25f60928e4d6bd36cbcc52e1b59441938f0bf14bc8a353db8,Healthy-Leaf(1399),2,0.9999999999999916,0.2000000183937651,0.20000002236449074,0.2000000331702077,0.19999997589791052,0.1999999501736259
2291,ffc6911f4411a33afd37da10678b533fdb8d75a8da7d16aa912ae4d1763929e0,Healthy-Leaf(1399),2,0.9999999999997863,0.2000000962966934,0.2000001170964132,0.20000017370024167,0.19999987378663486,0.19999973912001676
2292,46d80764830330f4a88f68b782e758f758581ab0d675fb4538700668b572e062,Healthy-Leaf(1399),4,0.9999999999999993,0.1999999978903065,0.19999999743464594,0.19999999618144018,0.20000000277521768,0.20000000571838983
2293,b91c841eab5350b0f5d5c1e55d7cfe32757e75751c1f386d696cc59afb695e2c,Healthy-Leaf(1399),2,0.9999999999999478,0.20000004738000535,0.200000057615774,0.20000008543939704,0.19999993791991402,0.19999987164490965
2294,6c9cac0bfeb3ebc9aa660dca10a81bb541087575808e6516ec3cf2e5f50cbbfa,Healthy-Leaf(1399),4,0.9999999999999761,0.19999996809411863,0.19999996120818175,0.1999999424292718,0.20000004183379358,0.2000000864346343
2295,3b6f2dafecc25e3b69e39c7e5202ebbc8ca25de136537603fbcda3f47ba86e7e,Healthy-Leaf(1399),2,0.9999999999999056,0.20000006388083352,0.2000000776802106,0.20000011521290975,0.1999999162854217,0.19999982694062432
2296,d8f64e19eef9a1ac16dd17a882bc302b7bf832264d7579db29048f706dd1251c,Healthy-Leaf(1399),2,0.9999999999999692,0.2000000362192844,0.20000004404445745,0.2000000653151576,0.19999995254214253,0.199999901878958
2297,34977dc2807b856c370e12c8af57f893be68e947dbcb0a9ac38af57ff94be6f5,Healthy-Leaf(1399),2,0.9999999999999823,0.20000002723470736,0.2000000331154715,0.20000004910041785,0.19999996432360698,0.19999992622579635
2298,ad08d168f386cf9d7a73563707005c727fcfbab1d11fd9c02819c3e189af36fe,Healthy-Leaf(1399),2,0.9999999999998651,0.20000007649660345,0.20000009301533908,0.20000013797364397,0.19999989974574947,0.19999979276866398
2299,a7de9afdf2f0a83953d954752041df8b237858714720a9a743f34f04907a7280,Healthy-Leaf(1399),4,0.9999999999999992,0.19999999913109423,0.1999999989414985,0.199999998428948,0.200000001141319,0.20000000235714013
2300,b479f2d49b461915cd312e2ba9183c9c78d61e5e57703006f4eafc29576f6cce,Healthy-Leaf(1399),2,0.9999999999999681,0.20000003686535034,0.20000004482618897,0.2000000664887665,0.19999995168823376,0.1999999001314604
2301,5cd3cde88154c9e8b29fe21a7243a412652ab17f4c32faa643c6ec886b6ca9f1,Healthy-Leaf(1399),2,0.9999999999999563,0.20000004327403995,0.20000005261946333,0.20000007803574799,0.19999994329863743,0.19999988277211136
2302,81ad78a011225546f09ed53bf83ad0d1f9c9de69bed9e2278295e0349336824a,Healthy-Leaf(1399),4,0.9999999999999886,0.19999997832377012,0.19999997364395608,0.19999996088229505,0.2000000284248156,0.20000005872516302
2303,675bc2f1f2db28eee099629492fb3a2fabbb091d36354e12dd142ba9b09cf1cc,Healthy-Leaf(1399),2,0.9999999999999137,0.2000000610267278,0.20000007420843022,0.20000011006063498,0.19999992002912084,0.19999983467508603
2304,41813dd5f024231e5c86e668d21095956faa06c49d109845793570ea258cde7c,Healthy-Leaf(1399),4,0.9999999999999992,0.19999999788494438,0.19999999742935684,0.1999999961701049,0.20000000278380814,0.2000000057317857
2305,6046ba944055eecb2e5d939ee706e5e75aec4fd25e11c4210bba71c18a480591,Healthy-Leaf(1399),4,0.9999999999999641,0.19999996081993363,0.19999995235941592,0.19999992931761287,0.20000005135980167,0.20000010614323593
2306,bea5e30db93353ee7e4b68b390dd49157cbd6c6a8056dc56fd66fdedf1d77be8,Healthy-Leaf(1399),2,0.9999999999999966,0.20000001113455967,0.20000001353980085,0.2000000200770107,0.19999998541211766,0.19999996983651108
2307,f720ed88a7df3ee6a6f558365d0d08cd20ef5191d9a7ce66e43018ab556e8596,Healthy-Leaf(1399),2,0.9999999999999226,0.20000005775843996,0.20000007023251434,0.20000010419888065,0.1999999242865185,0.1999998435236466
2308,d0b0be837b3db700c1c8f2272018b9e8ef41655442e25b87108be41441789988,Healthy-Leaf(1399),2,0.9999999999999851,0.2000000249293797,0.20000003030697172,0.20000004496026383,0.19999996733004133,0.19999993247334338
2309,f87604ff7d729cadd84981901b76660ee5f72395afdc460e3071aa5f6d613bd3,Healthy-Leaf(1399),2,0.9999999999998839,0.20000007089599403,0.20000008620534332,0.2000001278715591,0.1999999070861452,0.19999980794095829
2310,d5d13df63a1fac7907a9c1ee8c823a9c8b0bd8ab1460e393a5f375dcdeddf73c,Healthy-Leaf(1399),2,0.999999999999777,0.20000009838770103,0.20000011964193098,0.20000017744981796,0.1999998710637075,0.19999973345684258
2311,d35be333c94b045d1be53d4984e4f9975ce71927df511a042b0e2d697780b6e2,Healthy-Leaf(1399),4,0.9999999999999908,0.19999998048353387,0.19999997626596464,0.19999996477687165,0.20000002559411284,0.20000005287951697
2312,e5b1d395f4a43074165db37dd8ddedad31db33f80b8c3b57b7d77ab8892ea3ad,Healthy-Leaf(1399),2,0.9999999999997744,0.20000009895657422,0.20000012033067133,0.20000017848297444,0.19999987031205999,0.19999973191771997
2313,0a17606e50a37fb174deef63926a39de42c2bdb3228d0d78c2890a1ae32dc75d,Healthy-Leaf(1399),2,0.9999999999997818,0.2000000973045087,0.2000001183179655,0.20000017551158475,0.19999987246995218,0.19999973639598892
2314,5d3ed9bf54ccf6178e614a39388fcc839f9112c0ce77aad7d6a9e67d35b7be0d,Healthy-Leaf(1399),2,0.9999999999999994,0.2000000007205745,0.20000000087810646,0.20000000128296605,0.19999999906893712,0.19999999804941596
2315,42e991d4205a4b8310c5d7d3081562f8b4db8513fce9587a012b22f645eba836,Healthy-Leaf(1399),2,0.9999999999997699,0.20000009995960324,0.20000012154822713,0.20000018029690483,0.19999986899337682,0.19999972920188802
2316,711a46b76aef47b0fa91d2afb8ee7fe5a88735c4529afb883f8e05b24d002b4a,Healthy-Leaf(1399),4,0.999999999999984,0.19999997409987738,0.19999996850732363,0.19999995328288445,0.2000000339456913,0.20000007016422325
2317,90416555e1f6845977d35f7b728c62452b047ccc22e0628027a26991f79b89e9,Healthy-Leaf(1399),2,0.9999999999999414,0.20000005030608373,0.20000006117873684,0.20000009072419084,0.19999993408058556,0.19999986371040313
2318,2954736cd1242ffe18206fb39416befaab3b8c1406661f1762f361948a476294,Healthy-Leaf(1399),2,0.999999999999991,0.2000000191619129,0.20000002329524172,0.2000000345535963,0.1999999748921354,0.1999999480971138
2319,72a5b2e6fd632194c0cce3896b6cdb02d00f2d529c71aa2292525fbcfe85bc95,Healthy-Leaf(1399),4,0.9999999999999681,0.19999996313306764,0.1999999551702757,0.1999999334962738,0.20000004832285173,0.20000009987753117
2320,2c3562ca4939bab1d1f7e14a807ea57d9dd7556b90b4a867f0b84d31fffa67c3,Healthy-Leaf(1399),4,0.9999999999999358,0.19999994733263168,0.199999935962341,0.19999990498460715,0.200000069041467,0.20000014267895327
2321,7e6ea43d95fb52710abd60c41efa42b134ff2eb63ab66030b4eef8d95127a5fe,Healthy-Leaf(1399),4,0.9999999999999835,0.1999999736130925,0.1999999679236528,0.1999999523904462,0.20000003459650484,0.2000000714763036
2322,610955cb885b8be9fa965ccc20b460f9820eac4aa41d8f4a14cc7f6a8d5717af,Healthy-Leaf(1399),4,0.9999999999999369,0.19999994788679032,0.19999993663641932,0.19999990598762388,0.20000006831253986,0.20000014117662668
2323,c095285efbac38191cd43405cb07bc15c3c88fd7646214fb14c59c1a8533c5bd,Healthy-Leaf(1399),4,0.9999999999999374,0.19999994803790475,0.1999999368187572,0.199999906259086,0.2000000681150551,0.200000140769197
2324,e7ae3a71299006a2641cb2ab923e01d493b0091a6cd2b492e32e06b026f26f17,Healthy-Leaf(1399),4,0.9999999999999251,0.19999994312727645,0.19999993084931286,0.19999989740063007,0.20000007455216584,0.20000015407061478
2325,f32fc2ad2c8b7c4b17abf31889f990ff139048c95ff55006cde048b5d8f5639b,Healthy-Leaf(1399),4,0.9999999999999328,0.19999994621407932,0.19999993460292123,0.19999990296669504,0.20000007050786214,0.2000001457084422
2326,00032718d49e1d8029d818735de431db609f4070091bd65353a3517185f0ad43,Healthy-Leaf(1399),4,0.9999999999999961,0.19999998817524534,0.19999998562861587,0.19999997866434224,0.20000001550466084,0.2000000320271358
2327,87f5ea6735c18823595d4fb9531871c39afc95073c9e23045fe597a05e83f2da,Healthy-Leaf(1399),4,0.9999999999999957,0.19999998724371224,0.1999999844935451,0.19999997699212604,0.20000001671887244,0.20000003455174425
2328,1f40e5cd15c191cc9b589342c6d6a88c810c33dd84693ea99e4a3fa552f1111c,Healthy-Leaf(1399),4,0.9999999999999609,0.19999995912053456,0.19999995029521456,0.19999992625309115,0.2000000535869727,0.20000011074418708
2329,4a6258b81c980dad4bf6633195c5bd56d0ab32e85edf744776605eecb6902115,Healthy-Leaf(1399),4,0.999999999999941,0.1999999496018078,0.19999993872007915,0.19999990907966808,0.20000006606550255,0.20000013653294252
2330,9d82b7fc9a16ccfc218569466e2bd712c121f656b1d1cc904b5b05927731ca6b,Healthy-Leaf(1399),4,0.9999999999999817,0.19999997215059456,0.19999996614181795,0.19999994976392482,0.2000000365037506,0.20000007543991213
2331,b2c62ac89740230e4401b3ac96f8608b5257fb1b899acb08a4fb1da070612c1e,Healthy-Leaf(1399),4,0.9999999999999678,0.19999996287518285,0.1999999548616114,0.19999993302388416,0.20000004866744148,0.2000001005718802
2332,23e032c31e058f8cc1c80b5721a04b899093107681021c733d8d139e76d336ab,Healthy-Leaf(1399),4,0.9999999999999651,0.19999996137010634,0.1999999530317641,0.19999993031633767,0.20000005063455722,0.20000010464723475
2333,ac11ade6e5492a233fe06a99d658f4e85bf9b6575f66e8ffd70537ad946369e5,Healthy-Leaf(1399),4,0.9999999999999187,0.19999994077937144,0.1999999279935693,0.19999989316473343,0.20000007762991254,0.2000001604324133
2334,7b3d69bc4b188a5fc2fb064d515ad30c6e821e0c5997f82201bca2de13c13759,Healthy-Leaf(1399),4,0.9999999999999488,0.19999995315840996,0.19999994304569488,0.19999991549711457,0.20000006140256962,0.20000012689621088
2335,776ff633a16681cded0a040d0207c2ea0b45e2998b71a53b3479635e9d96a19b,Healthy-Leaf(1399),4,0.9999999999999768,0.199999968846069,0.199999962120819,0.19999994380014133,0.20000004083668818,0.20000008439628233
2336,7b283edf12f8767957c09bf08537e77bbfd094d4b94831726bd06cd53fc44cb9,Healthy-Leaf(1399),4,0.999999999999975,0.19999996749315965,0.1999999604759506,0.1999999413584113,0.2000000426110035,0.2000000880614749
2337,6b455ba22ad6777ad8f9c017f5e9dd5787cc95c78fc0aeaadca2c0bf6d0a2070,Healthy-Leaf(1399),4,0.9999999999999568,0.19999995702852486,0.1999999477505476,0.1999999224820877,0.200000056326767,0.2000001164120729
2338,31bbfdf33a09081bd6a64d5d263cd00fa22a4445d00ff92ccbef96cb326ef72e,Healthy-Leaf(1399),4,0.9999999999999893,0.1999999791155789,0.19999997460633714,0.19999996232784897,0.20000002737357317,0.20000005657666173
2339,b54c17d2dda1ac2594953334d2de53a19ae96dd7f3239f3cee89c84e35ac1c4f,Healthy-Leaf(1399),4,0.9999999999999729,0.19999996607317055,0.19999995874834575,0.19999993879619266,0.20000004447259576,0.20000009190969528
2340,61cecae92496d8733362d50b23cb9915e643899680afcbce7a5ecfde72d78f46,Healthy-Leaf(1399),4,0.999999999999941,0.19999994954672248,0.19999993865402324,0.1999999089777785,0.20000006613984647,0.20000013668162936
2341,a334d8991c22a44748d47230705f4f6a4d20ca507385de879fcf84ba0b91cba9,Healthy-Leaf(1399),4,0.9999999999999786,0.19999996986139967,0.19999996335403467,0.19999994562648288,0.20000003950956607,0.20000008164851688
2342,19b94de8c708532119fbd557d37ebdc96b56c521f78713fb21d8156cab20e217,Healthy-Leaf(1399),4,0.999999999999951,0.1999999540892831,0.19999994417818068,0.19999991717122761,0.20000006018645844,0.20000012437485015
2343,87a64dd5d772059b10990e13eb00a29cb0f13c685ab3682c7a299448dbf0d806,Healthy-Leaf(1399),4,0.9999999999999498,0.19999995356163272,0.19999994353748268,0.1999999162215311,0.20000006087663932,0.20000012580271415
2344,0f25d39f9a74c13f75105b1d3d0d24e6e065d9317739d8de48f48c9b4b95b61a,Healthy-Leaf(1399),4,0.9999999999999493,0.19999995325392717,0.19999994315977598,0.1999999156703091,0.20000006127624398,0.2000001266397437
2345,98646528044d64da30b23e8231147cf95af67e0f8ed5ce3315e458187243b6ed,Healthy-Leaf(1399),4,0.9999999999999993,0.19999999928942153,0.1999999991418386,0.19999999871722227,0.20000000093336356,0.20000000191815404
2346,d42e9b9281b0e752baf231fe391967be3848e4684b37f6403607e16e76a8b66c,Healthy-Leaf(1399),4,0.9999999999999681,0.1999999631285635,0.19999995516727495,0.19999993348658437,0.2000000483304707,0.2000000998871066
2347,f4e2654b9b2965d379bd7ff65dfec80fcac0144e8daaaa2ab36f933a954be681,Healthy-Leaf(1399),4,0.9999999999999903,0.19999998010874603,0.19999997581459303,0.1999999641156948,0.20000002607477543,0.20000005388619072
2348,3b8fc004753e474f4b666d80cd16494289a2d0f870331d141018ffffead04555,Healthy-Leaf(1399),4,0.9999999999999567,0.1999999569336291,0.19999994763365392,0.1999999223081778,0.2000000564529214,0.20000011667161777
2349,3bc5aae9bcec15a41bc4984fd8224256e39e52c60131cf2fc2f6f97c1186bd26,Healthy-Leaf(1399),2,0.9999999999999439,0.20000004906970617,0.20000005966933024,0.20000008853903248,0.1999999356651279,0.19999986705680323
2350,bcd4c160008931373bc49769b92d986ace7015a27ea8038174a14cc1ed43e832,Healthy-Leaf(1399),4,0.9999999999999689,0.19999996360951247,0.19999995575290594,0.1999999343511491,0.20000004770258603,0.20000009858384657
2351,18bf5221b54473cfd989c4e8d768debc225af7e2dfc3a99ebac732e7e6a8ba89,Healthy-Leaf(1399),4,0.9999999999999367,0.1999999477473102,0.1999999364640255,0.19999990573759088,0.20000006849358298,0.2000001415574905
2352,560534bdcf803430ee5dd425aba493a655b54bf4f2bb734dab055c278c5bb745,Healthy-Leaf(1399),2,0.9999999999999947,0.2000000144503317,0.2000000175796342,0.20000002606029788,0.19999998106611194,0.1999999608436242
2353,ef353741a9650ecbe12763806345e679aa1da0d282cd469acc1d0c26ea4295d2,Healthy-Leaf(1399),4,0.9999999999999614,0.19999995929152461,0.19999995050520766,0.19999992656216622,0.20000005336278298,0.20000011027831852
2354,602bc976c313fddb2bf35499db688e43d0faf635b7adefd2552cbede97f11c31,Healthy-Leaf(1399),4,0.9999999999999839,0.19999997393666438,0.19999996831230962,0.19999995297185302,0.2000000341731364,0.2000000706060367
2355,dc4cd084f0ffb66de418f1f0e5906e8460ba11023a0df5359dcf0861038e077d,Healthy-Leaf(1399),4,0.9999999999999585,0.19999995779869137,0.19999994868537677,0.19999992386996868,0.20000005531800552,0.20000011432795772
2356,8b0eb38652c5bdaab06127f62be621eed9bb09e8b28c941bff31469faae8411e,Healthy-Leaf(1399),4,0.9999999999999882,0.19999997818024,0.19999997347232934,0.19999996063577818,0.20000002860397875,0.20000005910767363
2357,e4e601225fe573900d37964c715f2f8ac3abfdabe784b8fc9e5d7e16aee132d2,Healthy-Leaf(1399),4,0.9999999999999668,0.1999999623098851,0.1999999541730189,0.1999999320092122,0.20000004940424615,0.2000001021036378
2358,d9789c2946d5abc88203c30dddab03159f48a50d0ce267f4a48b2d1163677da3,Healthy-Leaf(1399),4,0.9999999999999329,0.19999994619207712,0.19999993457478388,0.19999990292624215,0.2000000705370013,0.20000014576989567
2359,da319f094ad00c532b716006f7474728607a5ebfddc309d484277357488d2c17,Healthy-Leaf(1399),4,0.9999999999999571,0.19999995706246856,0.19999994779015945,0.19999992253981327,0.20000005628461195,0.20000011632294695
2360,32d2761ea21c5e9658c931ed46a50d3711bc68a5edf62ef4f2ddb1ce185bd9fc,Healthy-Leaf(1399),2,0.9999999999999325,0.2000000539416705,0.2000000655947838,0.200000097319891,0.19999992928536403,0.19999985385829075
2361,eb2d10d6599ed81fab5fd3bba57897eb804b34f846f669f756d55220b0e2c191,Healthy-Leaf(1399),4,0.9999999999999181,0.1999999404979367,0.19999992765259278,0.19999989265454518,0.2000000780009993,0.20000016119392605
2362,9793048c1462372cc23ef39cadac48f60d0cb863b0a3f447f7d97205584eaf24,Healthy-Leaf(1399),4,0.99999999999997,0.1999999642425795,0.19999995652544117,0.19999993549614387,0.20000004687103118,0.2000000968648043
2363,7fd383893ee63acf06d21dd302d768cc6fce5e12f0609cb4e2cf12032c5ec3c1,Healthy-Leaf(1399),4,0.9999999999999596,0.1999999583390388,0.19999994934451373,0.19999992484092824,0.2000000546130813,0.200000112862438
2364,29c81459bf86b0348dcee60569b13314de6b51443335c168eb16566257088536,Healthy-Leaf(1399),4,0.9999999999999455,0.19999995164994083,0.19999994121277875,0.19999991277536516,0.20000006338055024,0.20000013098136507
2365,83a30a4d078a81af483eba7074b86fc1c1343de48218eedee5d65f96787cdc1c,Healthy-Leaf(1399),4,0.999999999999999,0.19999999654271883,0.19999999580515943,0.19999999375779867,0.2000000045378729,0.2000000093564502
2366,06bfbfb8efef0a9f6cb00a3a6bebf27076e2dbb31ca82e04d8852736590db1d7,Healthy-Leaf(1399),4,0.9999999999999478,0.19999995266801554,0.19999994244834965,0.19999991461452582,0.20000006204356774,0.20000012822554122
2367,54af7a84d6953959eb07bcb061646a1c5fa01f24aa337382e1d2eb6a42a2b6ee,Healthy-Leaf(1399),4,0.999999999999959,0.19999995813089239,0.1999999490904127,0.19999992446843454,0.20000005488340608,0.2000001134268542
2368,878acfa01ee0eb21cc16614a8cfc7280fefc638dba1360146d4c0bc683884263,Healthy-Leaf(1399),4,0.9999999999999413,0.19999994972274282,0.19999993886699965,0.19999990930411896,0.20000006590212105,0.20000013620401755
2369,ff4ef8e1e89dbf9618141bdba6fede3a5a871f868cf3f085aec92638831c8395,Healthy-Leaf(1399),4,0.9999999999999022,0.19999993497511848,0.1999999209346052,0.19999988269978816,0.20000008523348567,0.20000017615700252
2370,a770e05174ebddfdf476d11e07ea81cf184437bfa5f798ccb37a86b021815188,Healthy-Leaf(1399),4,0.9999999999999415,0.1999999498268702,0.19999993899325577,0.19999990948486837,0.2000000657710074,0.2000001359239981
2371,85f9d96022d14d7f76c0641efe34d1d629a7e322dc07127d5b05de60393813fe,Healthy-Leaf(1399),4,0.999999999999999,0.19999999608287336,0.1999999952341881,0.19999999295237308,0.20000000511960905,0.2000000106109565
2372,b10a74cf56a0f7ea0975c1aa752670796eca9c7c7ac5fb45ddf511c8bb44de6b,Healthy-Leaf(1399),4,0.9999999999999369,0.19999994789845893,0.19999993665036878,0.199999906007605,0.2000000682980167,0.20000014114555056
2373,3d4fe61c2c202359cf1610833c6b207f656144c2f89e5615390e514c1781c9c5,Healthy-Leaf(1399),4,0.9999999999999459,0.19999995174732388,0.19999994133229,0.19999991294847153,0.20000006325511668,0.20000013071679784
2374,d018f558838b81001b0c971cfc8f775bc8578d377301eded836f0344286e5963,Healthy-Leaf(1399),4,0.9999999999999234,0.19999994253071157,0.19999993012347672,0.1999998963255374,0.20000007533321232,0.200000155687062
2375,088228836f12e539e021b99117bd3989d35a8247e8d9d482d5e060e9a745e8e4,Healthy-Leaf(1399),4,0.9999999999999984,0.19999999422790513,0.19999999298927126,0.19999998957421067,0.20000000757785955,0.20000001563075337
2376,13263d3a433c169f7cfdd59cf839447cc57ea242b68be1f1c3c902552218c8c7,Healthy-Leaf(1399),4,0.9999999999999495,0.19999995348714425,0.19999994344703464,0.19999991608365084,0.20000006097700682,0.20000012600516334
2377,1cc4e59da8c8c5114640e7f9a64a45c263242739670db8583ce3bca402d58d2a,Healthy-Leaf(1399),4,0.9999999999999342,0.19999994674601415,0.19999993524816065,0.19999990392465747,0.20000006981153443,0.2000001442696333
2378,6f9b604b5843c4128615c3bd6989df2d58054e50941a16e2c642690c8e7641d2,Healthy-Leaf(1399),4,0.9999999999999181,0.1999999405270224,0.19999992768602406,0.1999998927137057,0.20000007795730346,0.20000016111594424
2379,039786d35c415b620e05a20cb1f9675d98e1013dcdfc2115c96c83c43c1802ba,Healthy-Leaf(1399),4,0.9999999999999353,0.1999999472062052,0.19999993580697353,0.19999990476199306,0.20000006920262317,0.20000014302220503
2380,5600826529e9656d90b7cd70f773fc393586bd12d297d1e8f63c2e775f1867a1,Healthy-Leaf(1399),4,0.9999999999999637,0.1999999606300871,0.1999999521292984,0.19999992897445037,0.20000005160932546,0.20000010665683862
2381,de936e7a92d30fd60f50f59cfa2cf1020a2a943861ed4856a6249fa6bb447512,Healthy-Leaf(1399),4,0.999999999999982,0.19999997258714564,0.19999996666909217,0.19999995054821218,0.2000000359332686,0.2000000742622814
2382,4e2adf91cc4a9ad445c2d7828863728e494350de2b7036190ea2cc1f1d65c50e,Healthy-Leaf(1399),4,0.999999999999991,0.19999998112131162,0.19999997704379488,0.19999996594817293,0.20000002474258993,0.2000000511441305
2383,1aa3c167c190898f5b7c8ca1ac6db603b403b45d6a12648020bc7f453fb718c5,Healthy-Leaf(1399),2,0.9999999999999808,0.20000002835805641,0.2000000344852622,0.2000000511856125,0.19999996280671703,0.1999999231643518
2384,41f8b364a989414a39f109e18aae1c9662e189bc49caae182ce883b26295575a,Healthy-Leaf(1399),4,0.9999999999999353,0.19999994722624995,0.19999993583162676,0.19999990479402172,0.20000006917959806,0.20000014296850363
2385,ecfb06cf2fbac81d492ccede61519d3b80b9bb70cc0f4c8b1e0d99011f3960ca,Healthy-Leaf(1399),4,0.9999999999999684,0.19999996330513609,0.19999995538939794,0.19999993380094,0.20000004810381905,0.2000000994007068
2386,91549392d45fc37b81c3b03087ba3ab1b10faa0c6605765946c8f1e7e42a1e54,Healthy-Leaf(1399),4,0.9999999999999608,0.1999999590436816,0.19999995020409683,0.1999999261101014,0.20000005369154708,0.20000011095057305
2387,a0ed0cc18a4c822f99d26f09b92d21db6fc259e944e88e0511c88427616d5fbb,Healthy-Leaf(1399),4,0.9999999999999748,0.19999996726305433,0.19999996019483768,0.19999994094166135,0.20000004291362225,0.20000008868682445
2388,ad3bfcc433bd724ad4151d2c8f9290ef12d9d961525bd3f72552033dcb12e70b,Healthy-Leaf(1399),4,0.999999999999968,0.19999996302511036,0.1999999550426842,0.19999993329928714,0.20000004846684355,0.20000010016607483
2389,9b66fb98e1a71ed1c724a880a62d7627b2f5108f0fc1a45a5e30c78e4f98146d,Healthy-Leaf(1399),4,0.9999999999999248,0.19999994313071429,0.19999993085292053,0.19999989740221535,0.20000007455108224,0.20000015406306765
2390,a4008efdabc9b8e0de9c2a9f7415ea7ec87edfbc04a690b9dabd8f73234918bd,Healthy-Leaf(1399),4,0.9999999999999607,0.199999958996513,0.1999999501450994,0.19999992602864297,0.2000000537502247,0.20000011107951993
2391,8d19f412b73a5e8e03f383cd83f889d4edcacacd708764644b42bcc7deb63f8f,Healthy-Leaf(1399),4,0.999999999999962,0.1999999597571075,0.1999999510693943,0.1999999274038789,0.20000005275069407,0.20000010901892518
2392,3c9b257646171dcce0c1b880c8a2e0bd15d018fd3c2340a1d257fb78d040500a,Healthy-Leaf(1399),4,0.9999999999999445,0.19999995115722116,0.19999994061184917,0.19999991188587926,0.20000006402652787,0.20000013231852265
2393,2fc3e5ed3b31bc001270791dddbd3fd88d56095aa23ff3813d20ae760be1cfe7,Healthy-Leaf(1399),4,0.9999999999999558,0.19999995652273628,0.1999999471356206,0.19999992156675725,0.20000005699199375,0.20000011778289212
2394,ba20f1fb0f680cbbb4a8f93980b5da44b9fcf6c4b25e776b4e61a78d2598d640,Healthy-Leaf(1399),4,0.9999999999999984,0.19999999404675514,0.19999999275667468,0.1999999892706762,0.20000000779483354,0.20000001613106042
2395,e497744500fef72445bd97d2b561dde17aecf4f6224d611b6e1dcb60577754ba,Healthy-Leaf(1399),4,0.9999999999999664,0.19999996211087337,0.1999999539307881,0.19999993164591345,0.20000004966836107,0.20000010264406398
2396,66e83e82fead32cd459a31c52f54fd76dbe98ee588d40efdeefa1bc1603723fd,Healthy-Leaf(1399),4,0.9999999999999748,0.1999999673561744,0.19999996030787467,0.19999994111114505,0.20000004279036454,0.20000008843444128
2397,ab865a18405bede62c07b8fe2b6c01340f5dc272adc3da40ad5eb90b73fe4397,Healthy-Leaf(1399),4,0.9999999999999799,0.19999997088439753,0.1999999646018262,0.19999994747434682,0.20000003816757944,0.20000007887185003
2398,7df73e56f22f2c737baf97df83b69816b68a18d77a42ad92bcd620ae7ed9be8e,Healthy-Leaf(1399),4,0.9999999999999799,0.19999997087976012,0.19999996459542077,0.19999994746651178,0.2000000381730883,0.20000007888521903
2399,25e3f9c166e391e106153cf0461498f757e6373e8763247da22a9174d7da5abf,Healthy-Leaf(1399),4,0.9999999999999359,0.19999994747807326,0.19999993613905323,0.1999999052524277,0.20000006884657923,0.20000014228386653
2400,0d4592640c9033c0f36e9984f345eaf44648bae61726a551ee48fba9efb0cb39,Healthy-Leaf(1399),4,0.9999999999999483,0.19999995283628508,0.1999999426542937,0.19999991491623942,0.20000006182470376,0.2000001277684781
2401,df451804d93b06fed26a25655b2d09f6cef8d11fdbb3fc529ff2194f59ae4b4d,Healthy-Leaf(1399),4,0.9999999999999737,0.19999996658952549,0.19999995937656956,0.19999993972812474,0.20000004379548963,0.20000009051029072
2402,d193ebb924bedde59e412fa77c3c8492073e8ed70c472f5a4844ddedc8b12b43,Healthy-Leaf(1399),4,0.9999999999999981,0.19999999218728662,0.19999999050918266,0.19999998589656456,0.2000000102502332,0.20000002115673302
2403,bce822525e8b80b380fcfce04d7141132893f50f5071fd76bb263c3b778b5f11,Healthy-Leaf(1399),4,0.9999999999999678,0.1999999629240006,0.19999995492015005,0.19999993311785638,0.20000004859872306,0.2000001004392699
2404,34bd6b2628c3aaf5aaaf76af913cccce080fb35f98b3ab88b02d2d01e4e44096,Healthy-Leaf(1399),4,0.9999999999999609,0.1999999591386607,0.19999995031559506,0.1999999262823906,0.20000005356546507,0.20000011069788842
2405,ca5ef1569a06ed7aaad6f8f0e4e9d3d29db571740ab480fe5dd28506d66fb65d,Healthy-Leaf(1399),2,0.999999999999928,0.200000055721773,0.20000006776064952,0.2000001005304915,0.19999992695276933,0.1999998490343167
2406,e71bc3425c2b3042d300be0f8522130d206b67ae6c2ff6aac32cac36444eb861,Healthy-Leaf(1399),4,0.999999999999943,0.19999995044267257,0.1999999397440654,0.19999991059956504,0.20000006496129266,0.20000013425240434
2407,534ff041783842e3405f51ae1d588106483322cd04751b8c3f6436c17ac8e1c5,Healthy-Leaf(1399),4,0.9999999999999405,0.1999999493861399,0.19999993845959366,0.1999999086890264,0.20000006634979586,0.20000013711544412
2408,839a9ccac196ae811d6f346442c78c3f2819b3de31af349981a26c01d01b41fb,Healthy-Leaf(1399),4,0.999999999999958,0.19999995751231503,0.1999999483402015,0.19999992335209535,0.2000000556949857,0.20000011510040255
2409,d6138ebf39cf6bc196c4921405d5a179dd1721d01aedbd8f8a500b6d1de8f687,Healthy-Leaf(1399),2,0.9999999999999979,0.2000000080515528,0.20000000979815402,0.20000001452049856,0.19999998945088437,0.19999997817891027
2410,c525975f232e95a8bfda017fd6ae202d4d87f084f007a15df4b79469b541bb55,Healthy-Leaf(1399),4,0.9999999999999695,0.19999996390304428,0.19999995611385116,0.19999993487843257,0.20000004732036397,0.20000009778430797
2411,9c90ebccac5f7da120cdd2bd6c9c1e3e347900aa50bcb69d4fe0ae7a5da0da79,Healthy-Leaf(1399),4,0.9999999999999766,0.19999996847967674,0.19999996167890954,0.19999994313693528,0.20000004131945426,0.20000008538502428
2412,71587a09c23a1c9525b8a8a41a9496b5dac70233e7f3a8792a950eeaec1cb8c1,Healthy-Leaf(1399),4,0.9999999999999427,0.19999995033481574,0.19999993961056237,0.199999910409738,0.20000006509852966,0.20000013454635424
2413,b1b5493ab1cc5d7e67a1582088cf633e7e5cfa8f180c4a7a4425944030db9e23,Healthy-Leaf(1399),4,0.9999999999999647,0.19999996110485233,0.19999995271043158,0.19999992983413367,0.20000005098532803,0.20000010536525434
2414,49626725dd8861abf169743db65d8ab85947e411c7331bc6bdaf8e60277eb36b,Healthy-Leaf(1399),4,0.9999999999999586,0.19999995785870023,0.19999994875935265,0.19999992398115615,0.20000005523729153,0.20000011416349947
2415,5ab504d5868ab9ebc687d7201072cf759577cb67a89c2e8a52926a6d49f359bb,Healthy-Leaf(1399),4,0.9999999999999436,0.19999995074476234,0.19999994011098768,0.19999991114254034,0.20000006456676706,0.20000013343494266
2416,0043630a48c1daf822c9d6dd36b059bb5cc67b9837eae907d9197f5a76210146,Healthy-Leaf(1399),2,0.9999999999999885,0.2000000216882551,0.20000002637111716,0.20000003915031825,0.19999997155115926,0.19999994123915027
2417,c89fd1cffef3fbcc163e0b7075fe8d6ef0fb072b7f01e3f1c1d3751064cfd591,Healthy-Leaf(1399),4,0.9999999999999467,0.19999995214269295,0.19999994181120279,0.19999991366595954,0.2000000627331992,0.2000001296469457
2418,cc4fefe0e4960fd7cfa8b9b782a1545b51141cec84cdd78bfee7276a666ba34f,Healthy-Leaf(1399),4,0.9999999999999455,0.19999995162995737,0.19999994118653946,0.1999999127388401,0.2000000634067034,0.20000013103795963
2419,16b0de4fc9243dc7ccccfbce8062d6a527aafca72ec5c2180ac1ddbb25ed553d,Healthy-Leaf(1399),4,0.9999999999999494,0.19999995330984655,0.19999994323128728,0.19999991576626056,0.20000006120749275,0.20000012648511292
2420,829df637eaa9da428e8688ac89e2dd6b0fcc055133139dbb9393fdd271a14ad8,Healthy-Leaf(1399),4,0.9999999999999485,0.19999995289443417,0.19999994272278215,0.19999991502487588,0.2000000617451305,0.2000001276127773
2421,b9ff575956978d822f0e28068314053504ea5b24deb4e820a4471e8616c70d0b,Healthy-Leaf(1399),4,0.9999999999999495,0.1999999534427048,0.1999999433928568,0.19999991601381764,0.20000006102726384,0.2000001261233569
2422,21a40f53d0b60cdafb1b7ae928a38623d0656a6801936f46c70b9eab59fd7cce,Healthy-Leaf(1399),4,0.9999999999999469,0.19999995215465555,0.1999999418229835,0.19999991367844874,0.2000000627239437,0.2000001296199685
2423,d1e6495e0efd637548859c612377c44be411302df6326b0e3c87e4a3ee9d198e,Healthy-Leaf(1399),4,0.9999999999999799,0.1999999709167108,0.19999996463751862,0.19999994753476955,0.2000000381228181,0.20000007878818302
2424,0984b8bbe4f764118bb2b0da448a6103634c31d7a7e563259fa5c7d8351bb9b8,Healthy-Leaf(1399),4,0.9999999999999944,0.19999998558622475,0.19999998247698209,0.19999997399166722,0.20000001889930202,0.2000000390458238
2425,a8ad62d012816d025dbab8caa5e8e54814a2e5bbead94cfb53d28630a97548cf,Healthy-Leaf(1399),4,0.9999999999999154,0.19999993955717166,0.19999992651170106,0.19999989095490986,0.20000007923673932,0.20000016373947802
2426,312e3cdca5bb3efdb55c35c3b5edd461ff9af0075ae3271aee02e0c99197a4fe,Healthy-Leaf(1399),4,0.9999999999999168,0.19999994005429372,0.19999992711239548,0.19999989185308373,0.2000000785832389,0.20000016239698806
2427,292fcd164b5a56a0794da3e5bc8a95f997a52eda9e86f5b870760b7359ddb0e6,Healthy-Leaf(1399),4,0.9999999999999801,0.19999997108703302,0.19999996484172783,0.19999994786591294,0.20000003788059081,0.2000000783247354
2428,71cffadedd6da4538f5d80d0570a39f8346d3e1977f423ba2b7c1f14d2c22842,Healthy-Leaf(1399),4,0.9999999999999426,0.19999995030186268,0.1999999395692197,0.19999991034487496,0.20000006514564336,0.20000013463839925
2429,cf33d127d90ee78ccb39acbbaf94e4d157549c46264f427cfa95d7c4e01d07e4,Healthy-Leaf(1399),4,0.9999999999999328,0.19999994618577696,0.1999999345652707,0.19999990291294453,0.20000007054636273,0.20000014578964503
2430,d24766a442faeb6f574e1cbacf8a07cccf1b6585844ced63f10f6f8ce270823c,Healthy-Leaf(1399),4,0.9999999999999284,0.19999994443380797,0.19999993243763461,0.19999989975276486,0.20000007284316573,0.2000001505326268
2431,dcea550d1a7ebe4924002f7715802b404fef21fffdf6aebfa5f7a02258614415,Healthy-Leaf(1399),4,0.9999999999999586,0.19999995780921898,0.19999994870468626,0.19999992388444948,0.20000005530904857,0.20000011429259681
2432,aaebdcc17921e7c0cf47deb17fc8249ba54d429aac82a860f1ac4ad1626fcb2a,Healthy-Leaf(1399),4,0.9999999999999869,0.19999997674866296,0.19999997173185943,0.19999995805325735,0.20000003048056136,0.2000000629856588
2433,3eecdb314aa7df3a5b30b835974eb8104d118c70442bafc716004492449bed09,Healthy-Leaf(1399),4,0.9999999999999496,0.19999995345936425,0.19999994341112765,0.1999999160344845,0.20000006101224746,0.20000012608277615
2434,b425a8141bda9486f2dd5624e43c96ddb41c8c74cf77efb4fe141347d2a3cff3,Healthy-Leaf(1399),4,0.9999999999999181,0.19999994046658828,0.19999992761207908,0.19999989260073475,0.20000007803947362,0.20000016128112427
2435,f8095c3aacd5c763ae76b4d6132aefef4b2535d64ee079ed7a2f42cf64d39ccd,Healthy-Leaf(1399),4,0.9999999999999726,0.1999999658186607,0.19999995844243884,0.19999993832544363,0.20000004481591865,0.20000009259753815
2436,b534de460cadd8167a4f42f2402d2fe5c8a6b342d245648dabea185e0e39d7bc,Healthy-Leaf(1399),4,0.9999999999999676,0.19999996278936222,0.19999995475489693,0.19999993287181553,0.20000004877731914,0.20000010080660616
2437,b3440e515081f5d0b796e8c7f2017d5ac7b1ace0216e605df7300318b47494ca,Healthy-Leaf(1399),4,0.9999999999999917,0.19999998166009453,0.199999977708845,0.19999996690942246,0.20000002404663342,0.20000004967500448
2438,72bdbf8990854f57e06b3415beebf5337788273dc85a6f463d85d930060c255e,Healthy-Leaf(1399),2,0.999999999999917,0.2000000598691579,0.20000007280132348,0.20000010801640294,0.19999992151265444,0.19999983780046127
2439,9ef8bdabf4a00da5be0c09e3a8e5b0e9793e3251efa70bd036e908e0057a7a01,Healthy-Leaf(1399),4,0.9999999999999443,0.19999995103075544,0.19999994045927114,0.1999999116585068,0.20000006419197203,0.20000013265949465
2440,dbb72d0cf9566ef63a108a1dba9d2909b338ddac5f578beceda40d0a73f36e70,Healthy-Leaf(1399),4,0.9999999999999774,0.19999996906392764,0.19999996238659562,0.19999994418537204,0.2000000405573011,0.20000008380680356
2441,6697a1ae38ac1957f5737178c08bfda2bce5618b6786a7ff0f929b23db2fdd63,Healthy-Leaf(1399),2,0.9999999999999215,0.20000005822337708,0.2000000708071648,0.20000010503048257,0.1999999236845136,0.19999984225446188
2442,af0fbadf04c9a56b55139c13c945c17823f5c50d3b7165d57e88ae0761236835,Healthy-Leaf(1399),4,0.9999999999999768,0.19999996869312622,0.19999996194152841,0.19999994351598988,0.2000000410449407,0.2000000848044148
2443,b3dbe630901df3556ef9452bab5428af2cb07431e8e10b879b66784262d6ff7a,Healthy-Leaf(1399),4,0.9999999999999739,0.19999996672135711,0.19999995953952798,0.19999993996565185,0.20000004362347926,0.20000009014998382
2444,1814789c3f201a6ba0bef7f38b05b0113c96a4e8ab2e43938bd44ad38f41d4f0,Healthy-Leaf(1399),4,0.9999999999999105,0.19999993785913261,0.1999999244429286,0.19999988789585452,0.2000000814585018,0.2000001683435824
2445,1b5f48732cb69abdf94e5ad6be63c20dde54b8327ebfa1e760159d9a4cc38299,Healthy-Leaf(1399),4,0.9999999999999863,0.19999997621518015,0.19999997108164255,0.19999995709576793,0.20000003117577753,0.20000006443163185
2446,0ff8174d717c172d2bebe3c07b4b421aaf709ff259d2b7d5b39360b38b47468c,Healthy-Leaf(1399),4,0.9999999999999364,0.19999994766784882,0.1999999363671548,0.1999999055968638,0.20000006859566496,0.20000014177246764
2447,20cce75c745caf3907c55b5802f62cc7aa3f41b33c3095ba0b73a456dee1d8e9,Healthy-Leaf(1399),4,0.9999999999999494,0.1999999533857404,0.19999994332223586,0.19999991590672292,0.20000006110497465,0.20000012628032626
2448,8204eae201e7bb5828451cce5a2de76a02d27fa45902880eb7a202d282e2dd0a,Healthy-Leaf(1399),2,0.9999999999999988,0.20000000487260644,0.2000000059329507,0.20000000878633803,0.19999999361748583,0.19999998679061895
2449,9f8446e79cf9f3439726591497f892aca8fba2a6119665e6e561eaeb767fa11b,Healthy-Leaf(1399),2,0.9999999999999394,0.2000000511064596,0.20000006214261817,0.20000009221340198,0.19999993299455657,0.19999986154296379
2450,09d6b03d717c02ab4a59b16048eb63ae2a11268028831c266100515049f3bf57,Healthy-Leaf(1399),4,0.9999999999999157,0.19999993964863666,0.19999992662106764,0.1999998911217397,0.20000007911505957,0.20000016349349636
2451,1c9c8b502f2dd7cf94169ea6f6b327fb986fb856c836af4f0d5267d078d5f821,Healthy-Leaf(1399),4,0.9999999999999414,0.19999994968751916,0.19999993882399503,0.19999990923103259,0.2000000659556015,0.20000013630185182
2452,83ce71e52e2655fab4d7f23fcca3fa77301601e9e3c67995aeedd55b9e06b389,Healthy-Leaf(1399),4,0.999999999999953,0.19999995523059697,0.19999994556460288,0.19999991923218388,0.20000005868854714,0.20000012128406905
2453,c1e27a4d5a9dc01a60bdbb5fba56073db2d7829a465fa69cc86dc72bbea0402d,Healthy-Leaf(1399),4,0.9999999999999134,0.19999993884412234,0.1999999256387661,0.1999998896749349,0.20000008016528514,0.20000016567689155
2454,cea763871fd5f91b9cbebf191633ec2677cd334f45de63f04c16fe339a9347ae,Healthy-Leaf(1399),4,0.9999999999999729,0.19999996612759138,0.1999999588177598,0.19999993888571235,0.20000004440861985,0.20000009176031652
2455,69bbccf5fbd773c28c5a487e69a5cd71685439772ea1d9e183addab33a0dc6e6,Healthy-Leaf(1399),4,0.9999999999999236,0.1999999425284653,0.19999993012483644,0.1999998963171565,0.2000000753403391,0.20000015568920262
2456,538b95c5b45de2ed7d3dc5d2898598f1310810298598be4aa1cc6bdbcfe6c5fc,Healthy-Leaf(1399),4,0.999999999999949,0.1999999532362359,0.1999999431378719,0.1999999156333783,0.20000006130322778,0.20000012668928613
2457,242c6be303f74bb034b2e940c64b1d40f356a702a54bd294be53ca47b9b9fd4d,Healthy-Leaf(1399),4,0.9999999999999357,0.19999994735331075,0.19999993598856647,0.19999990501689024,0.20000006901845696,0.20000014262277552
2458,60c1eaad60ae65b4de7a8ceadf010917bf9de78efdab2ffed30a7d8191e2dadc,Healthy-Leaf(1399),4,0.9999999999999409,0.199999949576679,0.19999993868955243,0.19999990903513704,0.20000006609782983,0.2000001366008018
2459,9956144a59d77254dae9f4e462d8c3a9349e69c9384bc8e4c40cf4d5b1172f4f,Healthy-Leaf(1399),4,0.999999999999954,0.1999999555528735,0.1999999459567239,0.19999991981762194,0.2000000582630217,0.20000012040975898
2460,b2f7771aa1092d6c151fb67886cf9ad9cb8434e4cdc50af25e10ea7711659c96,Healthy-Leaf(1399),2,0.9999999999999959,0.20000001243588655,0.20000001512457238,0.2000000224572242,0.19999998368167482,0.19999996630064218
2461,1091cb93498b0714f949579759a806162d60167f5c123912dbb20660ff64f08c,Healthy-Leaf(1399),4,0.9999999999999697,0.1999999640449132,0.19999995628277875,0.1999999351425798,0.2000000471273254,0.2000000974024029
2462,10abccfa304cfad2375f90f226a4fbf14841d2e5c85ddb22a248e1e551c82312,Healthy-Leaf(1399),4,0.9999999999999954,0.1999999869407176,0.19999998412778047,0.1999999764295947,0.20000001712889928,0.20000003537300792
2463,5450778660f56f7fa58ec237a7196983176ec75e02d8bd98007e76769d986685,Healthy-Leaf(1399),4,0.9999999999999625,0.1999999599608246,0.19999995131533624,0.19999992776764508,0.20000005248615893,0.20000010847003508
2464,1904049b40455853c9a0769ec2b362f133b6e9545608bb7216259493ad56f89f,Healthy-Leaf(1399),4,0.9999999999999607,0.19999995896003928,0.199999950100574,0.1999999259667734,0.20000005379497424,0.20000011117763916
2465,d1b47784fb7fbc5ccb3bd4b55f371e18eef25821b0bea4b23bc09e6dad8ca3fa,Healthy-Leaf(1399),4,0.9999999999999841,0.1999999742454847,0.19999996868783104,0.19999995353656932,0.2000000337624647,0.20000006976765025
2466,cb44f5057fdb41477c8c2830a4f4352fbd910999d036a3f6ff6b31997773edd7,Healthy-Leaf(1399),4,0.9999999999999308,0.19999994541575264,0.19999993363116134,0.1999999015346214,0.2000000715478728,0.20000014787059184
2467,e0d7fa14f4a25cf9172b09107dc77ca9c65fac4a861d12c3b585017180378a84,Healthy-Leaf(1399),4,0.9999999999999563,0.19999995668327925,0.19999994733000515,0.19999992185523482,0.20000005678225796,0.20000011734922274
2468,07b93d15806832e3400867a8830d1e07fd19a08f0ecf1da6017e337507be589c,Healthy-Leaf(1399),4,0.9999999999999672,0.199999962703714,0.19999995465046821,0.1999999327175009,0.20000004888937892,0.2000001010389378
2469,e05a32943bf8209510d824db64aecf7c6276d0ae4d8785c63270172691e41212,Healthy-Leaf(1399),4,0.999999999999966,0.19999996188849442,0.19999995365946557,0.1999999312470119,0.20000004995791817,0.2000001032471098
2470,ea7e875f1ec10935e2ab0afa0e386a5577318a823f4e0bb58426b97da6a67d0a,Healthy-Leaf(1399),4,0.999999999999967,0.19999996247060062,0.1999999543702227,0.19999993228948917,0.2000000492013796,0.20000010166830806
2471,07cc6b50e1e9ab3aca3004c9cfff49120becba5443d74e516410a63099ba6252,Healthy-Leaf(1399),2,0.9999999999999146,0.20000006076957866,0.2000000738927863,0.2000001096413976,0.19999992033116512,0.19999983536507235
2472,f19a7428e30b0e9bc368e4c448fb4c9e41ae95dbbb6c4422bd77db5f7712f255,Healthy-Leaf(1399),4,0.9999999999999897,0.19999997956649235,0.19999997515976609,0.1999999631363306,0.2000000267874141,0.20000005534999685
2473,efe876f8e6b0985938f1460b3aeef3cd74de31a1be06183456e4f6c2383b11f8,Healthy-Leaf(1399),4,0.9999999999999675,0.1999999627318341,0.1999999546913212,0.19999993275630593,0.200000048863107,0.2000001009574318
2474,a142f5bbd72b0d2dfd877d0e49682c76009515da030f2a69b624cfc0ac19490a,Healthy-Leaf(1399),4,0.9999999999999731,0.1999999661616725,0.19999995885746275,0.19999993895350054,0.20000004435871716,0.20000009166864707
2475,f39c63424dc9ec63a58efd1e5b94bd11e4fa704f46b25ff3c63335524c54b527,Healthy-Leaf(1399),4,0.99999999999998,0.19999997105052755,0.19999996480003893,0.19999994777620003,0.200000037947354,0.20000007842587947
2476,ba97d0a25c667e8761c3c07016c5f17cc95a97afdd1392bbc698263fe15136f4,Healthy-Leaf(1399),4,0.9999999999999727,0.19999996587517943,0.1999999585094447,0.1999999384422666,0.20000004473002173,0.20000009244308753
2477,44b65d21becddeea4732f83886f723db60f7cbd814940ffbdde2935b322f6d68,Healthy-Leaf(1399),4,0.999999999999958,0.19999995759481312,0.19999994844014976,0.19999992349941156,0.20000005558793293,0.20000011487769262
2478,1a4cb0c010fdc6619557673d0525c4bb9594aaff430e4e4d48348fab65b5a7a0,Healthy-Leaf(1399),4,0.9999999999999464,0.1999999519547634,0.19999994158087334,0.19999991332996458,0.20000006297683184,0.20000013015756682
2479,0bfd38c6a91c26a1276b50dbd6b8b1546eeaf5903472006bf98aaa7c996b820f,Healthy-Leaf(1399),4,0.9999999999999545,0.1999999557857033,0.19999994624023218,0.1999999202396116,0.20000005795638692,0.20000011977806612
2480,18faff93987bc0f0d279d280dd114aabdfe5b43320dda53c946c5bc8316d95e8,Healthy-Leaf(1399),2,0.9999999999999546,0.20000004419633968,0.20000005375045266,0.2000000797113395,0.1999999420825604,0.1999998802593078
2481,9c5ea6a2ff63aeacfe0f26c7c3626787ab107813b606ff617919aa917247b08e,Healthy-Leaf(1399),4,0.9999999999999815,0.19999997204291256,0.19999996600772701,0.19999994957686898,0.20000003663870233,0.20000007573378917
2482,28fd43c967f8a8e71e7ce9b5102bbe9e29597cbd221b88cf62deb9de4506fde0,Healthy-Leaf(1399),2,0.9999999999999445,0.20000004887908612,0.20000005943539778,0.20000008820238593,0.19999993590898815,0.19999986757414207
2483,54e2d120838093a2859bd0cc41957d86b866dadbe12e8ea33612ee9b170c46a5,Healthy-Leaf(1399),4,0.9999999999999464,0.19999995195242534,0.19999994157937354,0.1999999133187259,0.2000000629855874,0.2000001301638877
2484,8264f0d3ed4b2da6758a9a7ad5b9e83fad298870dcb66cf1a2e2ceb0710acf53,Healthy-Leaf(1399),4,0.9999999999999367,0.19999994777579996,0.1999999365000899,0.1999999057878584,0.2000000684574005,0.2000001414788512
2485,6ed9a8b73b5a6a1e65587719023db55f168143a1093aae77f8f43fca8155cd90,Healthy-Leaf(1399),4,0.9999999999999214,0.1999999417277913,0.19999992914679263,0.1999998948740272,0.20000007638796158,0.2000001578634274
2486,cfcb8092ff209ac526bf41222e181d9ebde4a5511cdfdf784702061cf0a9508e,Healthy-Leaf(1399),4,0.9999999999999638,0.1999999606703951,0.1999999521785196,0.19999992904772645,0.2000000515561101,0.2000001065472486
2487,fdeeb5b37e1b08811ebf5822def11a9fdf77488ec2724cbf8fbb7b4fa9d54dbb,Healthy-Leaf(1399),4,0.9999999999999422,0.19999995010862687,0.19999993933839544,0.19999990998468614,0.20000006540872886,0.2000001351595626
2488,d2f5d335209b8f005d285beee3135c9587b8c3184c67a1a4372a3615daa5cf40,Healthy-Leaf(1399),4,0.9999999999999745,0.19999996710963736,0.19999996001258744,0.1999999406632651,0.20000004311687583,0.20000008909763428
2489,9cc0cb12c9cc87ee30ee6e5a142d616a21348923608c278d9aed76f4ee3e17dd,Healthy-Leaf(1399),4,0.9999999999999407,0.19999994947286112,0.1999999385671581,0.19999990884998764,0.20000006623308667,0.2000001368769065
2490,14048a3a57e9339f90e7478fec931d5f132f1cc2b5b32f2aebaf7350e8373015,Healthy-Leaf(1399),4,0.9999999999999496,0.19999995348335375,0.19999994344086733,0.19999991608610887,0.20000006097447734,0.20000012601519274
2491,eb85a1252b778646424c1688e77025bfcdac499528b4292cc958c37c57dc6731,Healthy-Leaf(1399),4,0.9999999999999976,0.19999999097476942,0.19999998903104524,0.19999998372172662,0.2000000118291816,0.2000000244432772
2492,91c1b5f89b1e47cc5b1f7db61456a30c707451f2972b932aa4d05434b4f1aefe,Healthy-Leaf(1399),4,0.9999999999999489,0.19999995320178168,0.19999994309517835,0.19999991557951494,0.20000006134183126,0.20000012678169363
2493,1fa4612d1ed63a10bba3a7e0788e12c1536bf9d0555116ce9fc3247a5e97c17c,Pest-Damage(513),4,0.9999999999999987,0.19999999414567138,0.19999999287634132,0.19999998944084885,0.20000000767141154,0.20000001586572697
2494,2c2ffea3c4c633b589057958bc8ade9e091c8b9098137aa8dd0cc0404e2c2283,Pest-Damage(513),2,0.999999999999971,0.2000000351261017,0.20000004271224855,0.20000006336548257,0.19999995395725514,0.19999990483891208
2495,4b0c7252b848d06f427ae9f74f6dbef1e0850e4aeac5bc5da529bc3009b9ef35,Pest-Damage(513),4,0.9999999999999732,0.19999996635271267,0.19999995908229468,0.19999993930566834,0.20000004410094768,0.20000009115837658
2496,b379fc08a627800111b81f5bc2b9ef0a12386b84bb465a38ca8b34d434b48365,Pest-Damage(513),4,0.9999999999999841,0.19999997421070706,0.19999996863816707,0.19999995347840258,0.20000003380301096,0.2000000698697124
2497,3de77227c29477a8fd59fcb0e01c34d45cea58d9b963ea13199919b90c2ab199,Pest-Damage(513),4,0.9999999999999676,0.19999996279963392,0.1999999547640508,0.19999993289092843,0.20000004876272445,0.20000010078266242
2498,973f4a172d5942ce6ba0d3e2c1247760d0b4568e40ed6e69ea8efb24bdd50cc5,Pest-Damage(513),2,0.9999999999999968,0.20000001075483548,0.20000001307455517,0.2000000193880864,0.19999998591216958,0.19999997087035343
2499,4242dacc64b380758393f1b8d5422d8d93b919171cf494e1840ee56bd2679514,Pest-Damage(513),4,0.9999999999999726,0.1999999657611983,0.19999995836582588,0.1999999382505213,0.20000004486771525,0.20000009275473932
2500,246ec55e3d371aede5f70a5c6cbde6ebeb700859d2ee7248d5d988f8431ff55e,Pest-Damage(513),4,0.9999999999999992,0.19999999781416172,0.1999999973351775,0.1999999960543119,0.20000000286572972,0.2000000059306191
2501,67f41f2c49b13a1d0a597f0bb1952275b3920fba842b0763249f87f2746808e9,Pest-Damage(513),4,0.9999999999999734,0.19999996636703157,0.1999999591020787,0.1999999393343151,0.20000004408050795,0.20000009111606668
2502,2f0aec0482b2cc8c70745b7e9486573fe37906f1b05b1d28bb2ee5b2ebf1ab80,Pest-Damage(513),4,0.9999999999999954,0.19999998712251485,0.19999998433706062,0.19999997677772066,0.20000001687260613,0.20000003489009768
2503,087c7c22e59169a512f6d8e8e0e7a3a5ceddfcb2704acc15f18c4f6b3cac22e3,Pest-Damage(513),4,0.9999999999999698,0.1999999640965334,0.19999995633948606,0.19999993523743506,0.20000004705708657,0.20000009726945892
2504,023619aa04e8cc75895992c7ee40674c5ef80e1c158ae6bfbd789d50e1e96e0f,Pest-Damage(513),4,0.9999999999999947,0.19999998561902993,0.19999998251165943,0.19999997407305156,0.20000001883813534,0.20000003895812368
2505,d1f75f976ecdeccef46686e5ec59396fb5c4a44b2125c6264990b0016396d07b,Pest-Damage(513),2,0.9999999999997199,0.20000011029328366,0.20000013411595455,0.20000019894665888,0.19999985544215013,0.19999970120195276
2506,1f2525fd63985cbd1aff85633805b6f306d4963b62c3ea64d0cb11e3d0d67074,Pest-Damage(513),4,0.9999999999999858,0.19999997557995977,0.19999997030537917,0.19999995595252207,0.2000000320055768,0.20000006615656232
2507,02090df45c8ad7420cbcacd8a288497683fe3ef3e6249a5eb025a4e7d99187d1,Pest-Damage(513),2,0.9999999999999863,0.2000000237091693,0.20000002883158907,0.20000004277540526,0.19999996891863348,0.19999993576520292
2508,a90bca853cf119dcb0ea0d898ce8d3111ae21e4f2f4229c81de98c4f36eac66c,Pest-Damage(513),4,0.9999999999999879,0.19999997771776487,0.19999997290227137,0.19999995982021265,0.20000002919419077,0.20000006036556026
2509,7bc0902dfcb59a6849937a81ab6af21ebce5b3050671b0e42ea84c166a315e18,Pest-Damage(513),2,0.9999999999999993,0.2000000023168984,0.2000000028130323,0.20000000419282726,0.19999999695195522,0.19999999372528693
2510,f73e68a1fb9d99d991c960779b1975e6762f5082ea078fbf2cd7ba58827d962c,Pest-Damage(513),2,0.9999999999999972,0.20000000970284942,0.2000000117995281,0.20000001750626728,0.1999999872796918,0.1999999737116636
2511,8e056edafba3a24be7120eee7aa81e3cee97cdefeb9b917fdba413484fc4c54c,Pest-Damage(513),2,0.999999999999954,0.20000004442111918,0.2000000540170905,0.200000080141928,0.19999994176723046,0.19999987965263177
2512,469d425a0493fc5d5a279a69a26f3132a6bbd6db24928fee472d3eda48364d88,Pest-Damage(513),4,0.9999999999999384,0.19999994843268118,0.19999993729141338,0.1999999069859626,0.20000006758473401,0.20000013970520883
2513,32267b7a6171c8ed32d3107863ce45da72c1426d37d031318e2b7e3ab5eec84d,Pest-Damage(513),4,0.9999999999999615,0.19999995948686558,0.19999995073535204,0.19999992692171562,0.20000005309972202,0.20000010975634475
2514,de6968dad2bc2a81eb459f6ba3721be4fad29153d91fe8067be8a0cf1d3723cb,Pest-Damage(513),4,0.9999999999999759,0.19999996790734098,0.19999996097321143,0.1999999421162177,0.20000004205859268,0.2000000869446373
2515,9cc3a70178c8a01c0d6b31986e428409256793b0d603418577b46622d5e24cdd,Pest-Damage(513),2,0.9999999999999851,0.20000002476747747,0.2000000301154247,0.20000004468219795,0.1999999675325879,0.19999993290231194
2516,ba4a17df8d4886865995c9a6bb3ac9b172b788da702681e7684e9170db063132,Pest-Damage(513),2,0.9999999999997454,0.200000105100202,0.20000012780122098,0.2000001895815454,0.19999986224690355,0.19999971527012808
2517,4a18a2fc07b1a8140d1edd9a4cbfef815189adee61e97e27efcef608b3c55299,Pest-Damage(513),4,0.9999999999999992,0.19999999964156595,0.19999999956128778,0.1999999993570405,0.2000000004664502,0.2000000009736555
2518,37831692a76c35440ec99be59c8090d278667c83ce4c250f396f76635ffa845f,Pest-Damage(513),4,0.9999999999999826,0.1999999730236729,0.1999999671967959,0.19999995133980733,0.20000003535725136,0.20000007308247253
2519,4b4c5b7288af8b25f1019c178dab7986220ff72d3ecabf1444d046c8a6f839b8,Pest-Damage(513),4,0.9999999999999825,0.1999999728571975,0.19999996699386385,0.19999995104751564,0.20000003556919563,0.20000007353222732
2520,1826a059bac9e56d08f55ebd50d4d2d2c813c26364c6b8bccefc1f3fbaa22982,Pest-Damage(513),4,0.9999999999999828,0.19999997308049822,0.19999996726457392,0.19999995144928204,0.20000003527715157,0.2000000729284943
2521,28c8ff3362efc93040a6614e05dc4ccb2fdcf3a58851f490c561b3830f490943,Pest-Damage(513),4,0.9999999999999954,0.19999998704622438,0.19999998424786986,0.19999997663249292,0.2000000169792158,0.20000003509419703
2522,d39685cfa5c7f079d9e03734b748be66b47b74daf2989c0d982e28a7dcae2596,Pest-Damage(513),4,0.9999999999999744,0.19999996701450243,0.19999995989022498,0.19999994050283357,0.20000004323157758,0.20000008936086147
2523,32dfdb111d20e93f307ed609d1012077880f8ac8cc1949890ec331ee818f7d8d,Pest-Damage(513),4,0.9999999999999871,0.19999997706672687,0.19999997211240098,0.19999995863629044,0.20000003005521605,0.20000006212936558
2524,fa322f123a2c9f669089d5ec64e04c8804a4ec6c9a788e6214d858cc83f0a8eb,Pest-Damage(513),2,0.999999999999997,0.20000001036329504,0.2000000126040355,0.20000001869622633,0.1999999864154075,0.1999999719210356
2525,39e214c4558494bed4f50c3fc6dd446cbc8afc0c40fd82c42ad3e7b3c342de06,Pest-Damage(513),4,0.999999999999987,0.19999997690252477,0.19999997191372396,0.19999995834194123,0.20000003026922072,0.2000000625725892
2526,4469e775b69cd54439f706dfd5e0e1272a8c1f57c1d4d5184431deeee5373e96,Pest-Damage(513),4,0.9999999999999738,0.19999996658048447,0.19999995936106527,0.1999999397205561,0.20000004379968653,0.20000009053820775
2527,848cb3f8993d4d2e3592b287b0b7d2cd6e9f59348d6955ba968d304fa1fcc375,Pest-Damage(513),2,0.9999999999998914,0.200000068523461,0.20000008332627112,0.2000001235859355,0.19999991020169758,0.19999981436263484
2528,178de2cde5a36070300074fb051ad501ff258889de258c2011113dadf012e1a5,Pest-Damage(513),4,0.9999999999999888,0.1999999786385402,0.19999997402718675,0.19999996146962115,0.20000002799726632,0.20000005786738556
2529,a97295a8322deb61ac9839c404ca79618094388add9257bca2a6987b6527d86b,Pest-Damage(513),4,0.9999999999999931,0.19999998339957353,0.19999997981417908,0.19999997005668996,0.2000000217573168,0.20000004497224058
2530,6df9256c954570acbcde09e7cf325981fb75cfc2f555a451e00da7cc572bb626,Pest-Damage(513),4,0.9999999999999664,0.19999996210024842,0.19999995391353576,0.19999993164148266,0.2000000496700588,0.20000010267467433
2531,a992ac69716f2126337960cff8cb135b0f76847388d423dacf786dc12478efb1,Pest-Damage(513),2,0.9999999999999949,0.20000001391573705,0.20000001692233974,0.20000002511365703,0.1999999817517048,0.1999999622965614
2532,1436102da5a4ce1badcab2cfd34cea91e26fbe17e9e6eca885221d85a4961a4a,Pest-Damage(513),4,0.999999999999988,0.19999997778765732,0.19999997299069158,0.19999995992625502,0.20000002911871329,0.20000006017668276
2533,448c0cec0069c1edc71b3b97055b99ab4c71907c92b024d065b3f85405606f33,Pest-Damage(513),2,0.9999999999999765,0.20000003161194294,0.20000003844488676,0.20000005702106932,0.19999995856865962,0.1999999143534414
2534,8fc97e714c3ef9803e8513c9ef4b9e1e60b01d43eb7ec9bf9fdead7a3972998f,Pest-Damage(513),4,0.9999999999999913,0.19999998128373317,0.19999997724345683,0.19999996624387703,0.20000002452808055,0.20000005070085247
2535,004f52ea1ad42601a0eaf436335f3369e7759162074c3ad318f41edf6060f3cf,Pest-Damage(513),4,0.9999999999999811,0.1999999718271104,0.19999996574296816,0.19999994917916575,0.2000000369275576,0.2000000763231981
2536,e091210c105f06c72bcd0d1e69f9d0edc6478a2c536e11b39b41cbfa5db34229,Pest-Damage(513),4,0.9999999999999789,0.19999997012797976,0.19999996367768424,0.19999994611027042,0.20000003915782977,0.2000000809262358
2537,0dc42cfe7403cf3bc94185bba6eaa5e93db86ddecf579a3b27b5b6c869c48a42,Pest-Damage(513),2,0.9999999999999396,0.2000000510988838,0.20000006213900728,0.2000000921822376,0.19999993301910252,0.1999998615607688
2538,f1836c177b157fcc84c8ca5c3f83294b043462ad7a2da7dc19eface23c2c3931,Pest-Damage(513),2,0.9999999999998767,0.20000007308197168,0.2000000888641138,0.20000013181785584,0.19999990421869623,0.19999980201736234
2539,b9ce8d7d37dbf246f9e551e638bd82db405c333b4e9e4224d7829f49ee7e8bc0,Pest-Damage(513),4,0.9999999999999863,0.1999999762988506,0.19999997118290075,0.1999999572453899,0.20000003106699094,0.20000006420586786
2540,eddd75e61828473223bae5d9dfa90ba7e40671e854d4b295236c2bc6f30726ba,Pest-Damage(513),2,0.9999999999999973,0.20000000915951405,0.20000001113873705,0.20000001652486607,0.19999998799283342,0.19999997518404952
2541,6a983718d9adc8f403f466d50cb8014002789b4025fd459a2703ed54428caced,Pest-Damage(513),4,0.9999999999999608,0.1999999590510708,0.19999995020723496,0.199999926141292,0.20000005366688345,0.2000001109335188
2542,6787cc5a28541f204656a4e37d79c23fc822b0e3c8e8bee3d191e0eec5e7a966,Pest-Damage(513),2,0.9999999999999908,0.2000000193908,0.20000002357777294,0.2000000349955729,0.19999997457062368,0.19999994746523053
2543,169e1ed1aa5443b8793e38f2069f1c432fabdb5af203545210c770f6f81c05d4,Pest-Damage(513),4,0.9999999999999566,0.19999995683773988,0.1999999475149862,0.19999992214515458,0.2000000565705324,0.20000011693158692
2544,73bb398ab78b01025c1ea27277ee7cef92e8b12cc0ba1553ad8ff1eba258c91d,Pest-Damage(513),4,0.9999999999999987,0.1999999942565054,0.1999999930186283,0.19999998963972776,0.2000000075285056,0.20000001555663302
2545,d5455f7e8cbe2a4fb6bc763fc95caf614169fc2352da13b4c8176fb021320938,Pest-Damage(513),4,0.9999999999999993,0.19999999844123212,0.19999999810932967,0.19999999720350753,0.20000000203233015,0.20000000421360054
2546,759ba4bdb98abf9a9cda82424f82a2f4ade825ee8a6dae39712932733d1d130b,Pest-Damage(513),4,0.9999999999999398,0.1999999491285567,0.19999993814178474,0.19999990824075464,0.20000006667384845,0.20000013781505543
2547,e7a7204cdc54d3e7d44f6d86388f74d796ee9906df299a3cc7762a60345f9e77,Pest-Damage(513),4,0.9999999999999702,0.19999996437908685,0.1999999566870079,0.19999993574794728,0.20000004668690455,0.20000009649905343
2548,774a6f10be84c298313d73f4de64049f804e9d8d50a7228b6e5046e25893b953,Pest-Damage(513),4,0.999999999999989,0.19999997866989505,0.19999997406129336,0.19999996153139094,0.20000002795133945,0.2000000577860812
2549,a751c6225acb69bae5c1645e68acc2be7b31eee629ad7b9ae7d39dfc343b9308,Pest-Damage(513),4,0.9999999999999971,0.19999999007774974,0.19999998793566637,0.19999998210339437,0.20000001300413459,0.20000002687905505
2550,023776a5fea013f4a41f333d64d6f4b77d362d80f43320997c4930a2efe88fc2,Pest-Damage(513),4,0.9999999999999948,0.19999998560337484,0.1999999824976106,0.19999997402858985,0.20000001887217417,0.20000003899825047
2551,a456b38460f422836d22ed5341e1917bc53caccb250ba3ce92643224caf41096,Pest-Damage(513),4,0.9999999999999777,0.19999996929409636,0.19999996266027925,0.19999994461453274,0.20000004024358026,0.20000008318751128
2552,82ee576e7fb90c0703fba27e8571d30f815e0ddd1212fcb3657352e992b60633,Pest-Damage(513),4,0.9999999999999819,0.19999997237471812,0.1999999664083159,0.19999995017218394,0.20000003620567344,0.20000007483910873
2553,7a9e0ba572e6ff5f53d709186b88e9783d6b891f1bc315f46a87987ee145b7bd,Pest-Damage(513),4,0.9999999999999708,0.19999996475844034,0.19999995714813085,0.19999993643375494,0.20000004618849163,0.2000000954711823
2554,b8d132f6e4d86e87db9e00e3e6a98ece919afeb6322d3bf5261f365fcdaef5af,Pest-Damage(513),4,0.999999999999956,0.19999995656898992,0.1999999471885744,0.1999999216609444,0.20000005692241388,0.20000011765907744
2555,e2cf868693255d0720ca4f9c1898d99fc9db0381915fcacbddaf0ca7cde0c04f,Pest-Damage(513),2,0.9999999999999981,0.20000000722108885,0.20000000878121682,0.20000001304076157,0.19999999052381068,0.19999998043312206
2556,78ba0e08e359dab9ddda8421dcd55435b18177aadc6e2bf9c40f0bcbdc6a93eb,Pest-Damage(513),4,0.9999999999999766,0.1999999684848563,0.1999999616769276,0.1999999431592856,0.20000004130093407,0.20000008537799652
2557,3ce6e4d36c3194e9e7ded9837d96a4e00b967fb532680969ffb91db023f843b5,Pest-Damage(513),4,0.9999999999999964,0.1999999886853627,0.19999998624486004,0.1999999796035921,0.20000001482050703,0.20000003064567803
2558,eab6ba02962732635869d8a724815b7b37e6a6b4261ace720d9026d6e03f8b2e,Pest-Damage(513),2,0.9999999999999709,0.20000003518948767,0.20000004279651418,0.2000000634907907,0.19999995386721237,0.19999990465599513
2559,df7b8076acd503466ed7825c529a04cad7ebd812ca17e3e10dda77883e6336f7,Pest-Damage(513),4,0.9999999999999857,0.19999997556844376,0.19999997029128333,0.19999995593787495,0.2000000320159314,0.2000000661864666
2560,09f790d038de08cd204dd13399f6fb534a855c6b5668835bc948add2e7ad826f,Pest-Damage(513),2,0.9999999999999089,0.20000006279654162,0.20000007635569705,0.20000011325714834,0.1999999177052928,0.19999982988532017
2561,f8f40037aaeb74b57dd3dc14bc40be9de35b681bd6c7a0c130077e377690abd5,Pest-Damage(513),4,0.9999999999999732,0.19999996633844253,0.19999995907135876,0.1999999392894784,0.20000004411363198,0.20000009118708834
2562,b660e584a11c5230a4459e0192279df41aa427bb55683b35d700486712613eff,Pest-Damage(513),4,0.9999999999999876,0.1999999773725058,0.19999997248973417,0.19999995918435037,0.20000002965827204,0.2000000612951376
2563,61f7ea02291aef0a2a955bce075f45916cfad8828e95e376695fa5992f55d083,Pest-Damage(513),4,0.99999999999997,0.19999996432790626,0.1999999566230595,0.19999993566002894,0.2000000467502642,0.20000009663874105
2564,e685937b3881d3bc84a2911b004fbd6076113cfe0fd7611022f4cb16b0f74e79,Pest-Damage(513),2,0.9999999999999992,0.20000000257795184,0.20000000313429994,0.2000000046672079,0.19999999660790613,0.19999999301263413
2565,8e707b39cc0202f180a2376db6bda1cdebc4a64abcfd063cf3588e2dd29a8d25,Pest-Damage(513),4,0.9999999999999765,0.19999996835566194,0.19999996152195407,0.199999942917982,0.20000004147704634,0.20000008572735561
2566,25ca3bcf73fe5997144488d2e0e857de8be336b22708238d3e28f185260b6634,Pest-Damage(513),4,0.9999999999999724,0.19999996582484347,0.19999995844731563,0.1999999383487622,0.20000004479790434,0.20000009258117435
2567,ec803f8f5c160ce5deb533725d2c585266906f57cd221e7967befb3c19262b27,Pest-Damage(513),4,0.999999999999992,0.1999999822736059,0.19999997844596978,0.19999996803650044,0.20000002322493413,0.20000004801898974
2568,8efffac7dd623e18f4e56463057004b191d64be760f9f206db20edb4cb4b7ffa,Pest-Damage(513),4,0.9999999999999875,0.19999997742476278,0.19999997255044688,0.199999959285429,0.20000002958396912,0.2000000611553921
2569,b0033f8988f2dd15bb8acf420a966e29a0f170584d9e82392ce532dfae2c1c71,Pest-Damage(513),4,0.9999999999999856,0.19999997531542013,0.19999996998344663,0.1999999554847109,0.20000003234500155,0.20000006687142083
2570,c6ff4d05301336591060970cc30cdaad1dc417e390e49a11a3905cf21b61e725,Pest-Damage(513),4,0.999999999999989,0.1999999787135769,0.19999997411862558,0.1999999615989685,0.20000002790361274,0.20000005766521625
2571,5d07a70b69e3b13d9438e218a92e6095edd4c085f9a8e0ec1042bf8b1644ec22,Pest-Damage(513),4,0.9999999999999942,0.19999998493134202,0.199999981674468,0.1999999728202678,0.20000001974873657,0.20000004082518566
2572,58506751ebc9529f1c5cb122100f65986d801341303ac9ab0307639e7bd6be78,Pest-Damage(513),4,0.9999999999999847,0.19999997470826134,0.1999999692499275,0.19999995437316836,0.2000000331543698,0.20000006851427304
2573,93e8a6b217a0e8a2a9714397d43a13d0027f7adda295c8a87276291f97635947,Pest-Damage(513),4,0.9999999999999695,0.19999996399406644,0.19999995622092934,0.19999993504804664,0.20000004719613781,0.20000009754081968
2574,9c644ded6443fef1c47e643b78668e73897c4e8e09ba0c4e3fa9262ad99b9358,Pest-Damage(513),4,0.9999999999999738,0.19999996667264452,0.19999995947813373,0.19999993988207837,0.20000004368357194,0.20000009028357146
2575,2147e00f1d305c1c4fd01fc1e3c9c4709de5f349fbdc690253cc6207fc8a555f,Pest-Damage(513),4,0.9999999999999992,0.19999999770711507,0.19999999721990394,0.19999999586306055,0.2000000030076998,0.20000000620222058
2576,a58c529ffb4485fe205197701306a6a631e5e6fe885a7e3ca682231473972174,Pest-Damage(513),4,0.9999999999999799,0.19999997094327562,0.1999999646648128,0.19999994759259468,0.2000000380793585,0.20000007871995842
2577,d54d8618786e972b07bbdf7b6cc35715a1aa047db528a52c9f6c478aa6a46a0a,Pest-Damage(513),4,0.9999999999999819,0.19999997247852538,0.19999996653221358,0.19999995035462495,0.20000003607284164,0.20000007456179447
2578,22260f9e619e30defe88ae890042cd83e18cee859dbbe32b578159d80eaeee57,Pest-Damage(513),2,0.999999999999999,0.2000000030264997,0.2000000036738092,0.2000000054630921,0.1999999960289462,0.1999999918076528
2579,e9c5db8772b81f7d01ea2305058d389ffbfc0228f86872b7cc94622143b157a4,Pest-Damage(513),4,0.9999999999999882,0.1999999780455449,0.19999997329960192,0.19999996040070753,0.20000002877257322,0.20000005948157232
2580,8ac8a2c9af7d3a4fdee450a6d548a0668f2ad4af22d7cfa8f0e143dde504729b,Pest-Damage(513),4,0.999999999999984,0.19999997418379103,0.19999996860418867,0.1999999534331709,0.20000003383546722,0.2000000699433822
2581,b1652b1bfbc944a32f93d54d14dadc8f770cc2a990b6301aa42c94166a9f365c,Pest-Damage(513),2,0.9999999999999232,0.20000005752904645,0.20000006995154307,0.20000010377434144,0.19999992459504048,0.19999984415002847
2582,0a0a19724a8886debf8a2adc9f9f5431c6e9d7395ccdb6daa3965ea0dfbe8998,Pest-Damage(513),2,0.9999999999999759,0.20000003191674534,0.20000003880836784,0.20000005757834363,0.19999995816191832,0.19999991353462493
2583,ff935a3a0294b25bb046b3f53933511aaae9f467975711630c3353387bd8959f,Pest-Damage(513),4,0.9999999999999972,0.19999999033222335,0.19999998824007692,0.19999998256591286,0.20000001266688178,0.20000002619490512
2584,cf6cbb1a07e640291a6937c970091cdb1396932fa4dd593286469ff9fb507159,Pest-Damage(513),4,0.9999999999999857,0.19999997567846683,0.19999997042258946,0.19999995612935345,0.20000003187657092,0.2000000658930193
2585,2e3cb2acaad0aa725127801ee7a42c823c7d7ac58a02e57e2f7a81e08cebd723,Pest-Damage(513),4,0.9999999999999976,0.1999999909643198,0.19999998900873683,0.19999998370664757,0.20000001183797614,0.20000002448231954
2586,563f1380ec2e7cf8504bce391accf3b56bd8b09ccb2212e40f8b719eb28be9a9,Pest-Damage(513),2,0.999999999999993,0.20000001673873133,0.20000002035091455,0.20000003020353163,0.19999997805252856,0.1999999546542938
2587,ef35138214147d7577902ba3586fff033ad0b6952f31a88c4db8196b04e07af0,Pest-Damage(513),2,0.9999999999999828,0.20000002698871164,0.20000003281343276,0.20000004868594068,0.19999996462290234,0.1999999268890126
2588,13f45c7d775e0cc544df0fc4506894e973382d7a3502ed3d7e9ec7dacb37013f,Pest-Damage(513),4,0.9999999999999964,0.1999999887238157,0.19999998628347546,0.19999997966427818,0.2000000147751061,0.2000000305533246
2589,765923b9abeb3574da738754a9dc8fd1bd33bb13e4ba22177402387209d6a5d5,Pest-Damage(513),4,0.9999999999999947,0.19999998567145674,0.1999999825733518,0.19999997416786186,0.20000001876880133,0.20000003881852826
2590,2fe7755b462ffeb6406afadca882329f491a2673cf16aad1d34a3612aeae068f,Pest-Damage(513),2,0.9999999999997684,0.2000001002702693,0.20000012192620573,0.20000018086758614,0.1999998685783148,0.1999997283576241
2591,b3a3d1f0f21a17627ce44e232ecf359dbedee7edfb6b41611a7b07ea1b0cf1a3,Pest-Damage(513),2,0.9999999999998881,0.20000006962441694,0.20000008465909502,0.2000001255852802,0.19999990874708598,0.19999981138412185
2592,bb84c7a66f254bb8f254753b0a6ddfac92c133427f4d19f157c55b28ae53196c,Pest-Damage(513),4,0.9999999999999911,0.1999999811686666,0.19999997710043357,0.19999996603853662,0.20000002467649614,0.20000005101586696
2593,ebfdeba2f62fb6ef4462c649160ae64a602bd761d70336c0790a8a7b9bc8ce45,Pest-Damage(513),2,0.9999999999999936,0.2000000159306567,0.20000001936852901,0.2000000287402312,0.19999997911608294,0.19999995684450014
2594,f206f68ea8e77ef6d5cf3a4032ccc3dec2dd5e8a2698572d1f358021c3bbf282,Pest-Damage(513),2,0.9999999999999888,0.2000000212922284,0.2000000258879094,0.20000003840823274,0.1999999720912607,0.19999994232036877
2595,f2af0ac48653e4a43c2ff8bcdca7a450d780adb088c2dea88e529054a08e4218,Pest-Damage(513),2,0.9999999999999327,0.20000005388279538,0.20000006551665253,0.20000009718915857,0.19999992938006872,0.19999985403132478
2596,43471b7f45431e96d37239fa5e47e930f3789b140287831774354bf9a95a6633,Pest-Damage(513),4,0.9999999999999932,0.1999999836767378,0.1999999801492623,0.19999997055287497,0.20000002139653478,0.2000000442245901
2597,7b2d2bec0ca602834df041005320e15c03c4d454799e0511cf9dab42c4242d19,Pest-Damage(513),4,0.9999999999999964,0.19999998858753595,0.1999999861200787,0.19999997941160425,0.20000001495949632,0.20000003092128482
2598,3a2ad3e4fbc00193c0dadb7c115ece7e9720dd37577d69e2630a63f157b8d405,Pest-Damage(513),2,0.9999999999999984,0.20000000607360574,0.2000000073804365,0.2000000109596622,0.19999999203533425,0.19999998355096135
2599,f473b68e8c6e87557b7813f655c642fae3f3f397cc4582fadb8355adb15822d1,Pest-Damage(513),4,0.9999999999999903,0.19999998015458786,0.19999997586586235,0.19999996420254532,0.20000002601055228,0.2000000537664521
2600,b238f393d107b045ef7361ba8f2462ea81cc3f1ac5e164699bf4f46c12911650,Pest-Damage(513),2,0.9999999999999908,0.20000001921376392,0.2000000233630164,0.2000000346495222,0.19999997482333237,0.19999994795036496
2601,bc818d4e5e4055a4fc7056878b57ad7267acf3504d19a0cc7fc27d5c03f4c187,Pest-Damage(513),2,0.9999999999999848,0.20000002511070866,0.20000003053349938,0.20000004529712512,0.19999996708612208,0.19999993197254476
2602,864b08bfcac6b9c13a973e2837f4171d8b67ef72bc9aa83c3b874a3de774ffe1,Pest-Damage(513),2,0.999999999999991,0.20000001916926338,0.20000002330541075,0.2000000345659203,0.1999999748834874,0.19999994807591825
2603,b7209014b8351e3a1123b7c5e88edca270be6ef0d86ea6a4d56d2f3512ec2dbd,Pest-Damage(513),4,0.9999999999999988,0.19999999475917288,0.19999999362482754,0.1999999905534476,0.20000000686324723,0.20000001419930483
2604,f371de17e1fabab58b7d32046526f77342460f8455b751eb91ff446122f8888b,Pest-Damage(513),4,0.9999999999999952,0.19999998647785258,0.19999998355637058,0.19999997560082217,0.2000000177290198,0.20000003663593494
2605,4155d93bac5435b7c7aa6509a22c9570795a41567e993d5b89df2d453f91fe7b,Pest-Damage(513),2,0.9999999999999899,0.20000002033961298,0.20000002472968936,0.20000003669186378,0.19999997333832917,0.19999994490050485
2606,9de3c2c87673fbe25b3aa43ff8507f7cb27aba1969d2d73cf0787328e74d5eb6,Pest-Damage(513),2,0.9999999999998853,0.20000007041461504,0.20000008562290164,0.20000012700655306,0.19999990771514395,0.1999998092407863
2607,783ad00ed27e9b4e5836c73361c936bd83736f1adde8fd6d7d0480773fa88f1c,Pest-Damage(513),4,0.9999999999999817,0.1999999724084494,0.19999996644848242,0.19999995022252895,0.20000003616938603,0.2000000747511532
2608,0278bb932df2ea1c489d9df1d909ab074a45777e3c9954e3ff3e7d699695dd39,Pest-Damage(513),4,0.9999999999999919,0.1999999821275737,0.19999997826326718,0.19999996775809448,0.20000002342685205,0.20000004842421254
2609,76f8c8fd3a04742cec74f2794c3cc15f86647e2f7a4d1e3d564dee94c94e9d13,Pest-Damage(513),2,0.9999999999999979,0.20000000805131032,0.20000000978540297,0.20000001453056304,0.19999998944053096,0.19999997819219278
2610,10a54b9832f0357740027d7e64f7f8c0ba935231aa2e46e13ff45030ab13e808,Pest-Damage(513),4,0.9999999999999689,0.19999996355975794,0.19999995568972698,0.19999993426047014,0.20000004776796113,0.2000000987220838
2611,4083091f4cdefc987b4817651c2ec99d750f67476f0f3beb7643ce8009f330ee,Pest-Damage(513),2,0.9999999999999989,0.2000000049680269,0.2000000060373351,0.20000000896319475,0.19999999348635106,0.19999998654509227
2612,fab28d4b566a28686f9e2b5cc35641fc67c7984c3096bc82bf36ec90861d420e,Pest-Damage(513),2,0.9999999999999971,0.20000000947661328,0.2000000115221896,0.20000001707958984,0.19999998759008045,0.19999997433152672
2613,379f76115c38dec083d4b1e728f1052b5a6bdfe218de82ca75985d533de34924,Pest-Damage(513),2,0.9999999999999557,0.20000004360786294,0.20000005302811408,0.20000007865916528,0.19999994284528616,0.1999998818595715
2614,1232b68517402b5c81aa5dec6e839e810b6d98d71fd2c30828326cef92248d17,Pest-Damage(513),4,0.9999999999999988,0.19999999483203987,0.1999999937133312,0.19999999067413457,0.2000000067760144,0.20000001400447992
2615,8d3f6ae8fe994caf4dbad54e1cdc616a83e9417655b66466dd326173e8df1b1b,Pest-Damage(513),4,0.9999999999999833,0.19999997349207455,0.19999996776582357,0.19999995218531214,0.20000003474275926,0.20000007181403057
2616,20606ef7544c0e09463943f68c64e43d306284fb2e720a648ba3d20ee0124a82,Pest-Damage(513),2,0.9999999999999538,0.2000000445877091,0.200000054215764,0.20000008042778747,0.1999999415593289,0.19999987920941054
2617,f2f8188087f36042393719845f37600ab82c7e6edba0b0674c5f68e21ae09620,Pest-Damage(513),2,0.9999999999999908,0.20000001925754152,0.20000002341359405,0.20000003472754727,0.19999997476614026,0.19999994783517688
2618,8862662d28941d87fd17576ffa64c24003711bac957e1b86a789413ead2e5dbf,Pest-Damage(513),4,0.9999999999999896,0.19999997927387173,0.19999997479643206,0.19999996261370429,0.20000002716535198,0.20000005615063993
2619,92ce988eecaac870fa98f2a38613ab47d351bc54873102122ede3e596f747fa4,Pest-Damage(513),2,0.9999999999999993,0.20000000048263905,0.20000000058583214,0.2000000008746406,0.1999999993640819,0.19999999869280635
2620,e7f6886953474f98b3acedbd942e96a0b3eceee41920f0191bab2741b15916c1,Pest-Damage(513),4,0.9999999999999778,0.19999996945733906,0.19999996286259086,0.1999999448955739,0.2000000400407564,0.20000008274373968
2621,88ed307a7ecb62b3b65c574dd65c1be278a327ffe772746d1096ed538411c856,Pest-Damage(513),2,0.9999999999998557,0.20000007907202605,0.20000009615247494,0.20000014262099658,0.1999998963699961,0.19999978578450636
2622,0914aa94f623c7d47951e373694f875bfd3bc4ded898ae94c4b465e0247dce4f,Pest-Damage(513),4,0.9999999999999988,0.19999999527157009,0.19999999424807063,0.19999999147095565,0.2000000061969115,0.20000001281249202
2623,9bb35b1fbe07b1f1a70b9d922d08adb54cb1f6552e2c395c0fe4399716d39ed3,Pest-Damage(513),4,0.9999999999999993,0.19999999897510512,0.19999999875114732,0.19999999815456312,0.2000000013402652,0.20000000277891927
2624,98cc0419adb92ae9d12d174f5177f4abbab4985b9e885c29c78a2c81f8710aba,Pest-Damage(513),4,0.9999999999999925,0.19999998260738205,0.19999997885189938,0.19999996862337516,0.20000002279918447,0.200000047118159
2625,f565dbecbd4025715d90a6eea289ecc307a5ac69190dbebf5508a6b8c3724413,Pest-Damage(513),4,0.9999999999999987,0.19999999412157915,0.1999999928491422,0.19999998940389188,0.20000000769842138,0.2000000159269654
2626,d01735cdd73ce5bfa022cdce0f8c01122f39f4f819a65719dab2900be78c22be,Pest-Damage(513),2,0.9999999999999962,0.20000001162780986,0.20000001413743962,0.20000002098699451,0.19999998474957492,0.19999996849818097
2627,774cbcd98968da2f8e63fbe649ae8f7e370da433552bbc69bd2a0322b2cae1ba,Pest-Damage(513),4,0.9999999999999978,0.19999999169334012,0.19999998989640783,0.1999999850213782,0.20000001088292632,0.20000002250594745
2628,34dd3eb63aaf0b88d1d19191435f4600627285f911002f2b3c6051247d0f0a2b,Pest-Damage(513),4,0.9999999999999971,0.19999998986855322,0.1999999876795835,0.1999999817347517,0.20000001327126854,0.20000002744584308
2629,b00a5da73f0dd8e475073596d0d7ee7a248a0348237b5e9ea6fe641492115bb7,Pest-Damage(513),4,0.9999999999999882,0.19999997797211827,0.19999997321126292,0.19999996027062797,0.20000002886720253,0.2000000596787884
2630,22b050c5c35bfbd7b42ca8d5a1ce04ccbe0eac1c814f96d48a0e57f108d88047,Pest-Damage(513),4,0.9999999999999971,0.19999998994311352,0.19999998776568406,0.19999998187223078,0.2000000131703049,0.2000000272486667
2631,c447d91021d25365e74770e210144c9f418fcacdcb3f78bb0ac405f51dbd9c82,Pest-Damage(513),4,0.9999999999999876,0.19999997745559503,0.19999997258412502,0.19999995933988624,0.2000000295436313,0.20000006107676238
2632,03214ab8cf1ebb5d8cfe2af1588ea84f5461f39969985b728509598ca7e1a2a2,Pest-Damage(513),4,0.9999999999999988,0.19999999506181598,0.1999999939935017,0.19999999109464778,0.20000000647035573,0.20000001337967882
2633,6b16332c474e2b0e7a504111a43dc16e86c713923f718edb1bb9ead4d1fe04e9,Pest-Damage(513),4,0.9999999999999933,0.19999998376391626,0.19999998025623658,0.199999970718013,0.20000002127639901,0.20000004398543514
2634,ae08efc7f5479b9113eb2c39e3179ba97b855310187aae66c6b817cde810eaa4,Pest-Damage(513),4,0.9999999999999744,0.19999996698084388,0.19999995984769514,0.19999994043883437,0.20000004327789966,0.20000008945472686
2635,c33977e317920b2a75b1e7af5bde7d535d768c0e57f82149a1fabc361488a05a,Pest-Damage(513),4,0.9999999999999921,0.19999998244638417,0.19999997865151356,0.1999999683450656,0.20000002299993191,0.20000004755710477
2636,2941081127c54da6b7f829a65f38030996c96283f44ae0ddff031c662676cd0d,Pest-Damage(513),2,0.999999999999929,0.20000005536961868,0.20000006732734515,0.20000009988408798,0.1999999274218912,0.19999984999705697
2637,e5883bc2d89ee53d645aae8e01fcbb8ba07f42a0633376bb07ff0c68802fed8c,Pest-Damage(513),4,0.9999999999999932,0.1999999836155152,0.19999998007466685,0.19999997045302628,0.20000002146859636,0.20000004438819521
2638,8409bb56feac2f14c3012761767778b69f20674487d5ea229def927f024c2f9e,Pest-Damage(513),4,0.9999999999999993,0.1999999996062288,0.19999999951617622,0.19999999928857456,0.20000000051596944,0.20000000107305096
2639,85054634effc366d0716c0cc6430e56f9023b0ace45b66666a37717c3b790d79,Pest-Damage(513),4,0.9999999999999891,0.19999997878469125,0.19999997420037258,0.199999961735928,0.20000002780271292,0.20000005747629532
2640,59466489f44ea7373c3eb5ebc60aae4151ecc7ae10b8ef1378b2d5d5bcc9cd2f,Pest-Damage(513),2,0.9999999999999055,0.20000006391752648,0.2000000777242373,0.20000011529408734,0.1999999162256838,0.1999998268384651
2641,28c181a48ead6e759d96a30e2ec198458895861fa88d749cf3447db496c35b2e,Pest-Damage(513),4,0.9999999999999981,0.19999999267097948,0.19999999108625993,0.19999998678761746,0.2000000095996727,0.20000001985547042
2642,64d3c9b23fde9895e910ef481f73532bf63c70042a69202c8312412fe85ba1f5,Pest-Damage(513),2,0.9999999999999767,0.20000003138972133,0.2000000381691525,0.20000005663272497,0.19999995884914595,0.1999999149592552
2643,0dfb6ec48d500a88385a09e88335522dc1c69c3a887af70c416cb84d91c77d87,Pest-Damage(513),4,0.9999999999999826,0.19999997298784822,0.19999996715180288,0.19999995128047945,0.2000000353998346,0.20000007318003485
2644,5902773724053cfe90eced571d492babd98df0e3a9f6588ea8ea673d059bca7a,Pest-Damage(513),4,0.9999999999999976,0.19999999132610574,0.19999998944884256,0.19999998436330907,0.20000001136069873,0.20000002350104382
2645,b72ee4d0637ad2f5c3009d4c98f16956d3047a46ab6970787e30e1c99b41d1de,Pest-Damage(513),4,0.9999999999999993,0.19999999680235273,0.19999999610918553,0.19999999422501408,0.20000000419599934,0.20000000866744835
2646,327c2760561a6ae6ef1db5dae8af182ea29c2225d1fe40905a5dc1e90ab92f90,Pest-Damage(513),4,0.9999999999999891,0.19999997883954948,0.19999997426706945,0.1999999618364963,0.20000002772955838,0.2000000573273264
2647,d5d93b19fe65765015c9a0bd8438478d1d93439182136d4476c0a3ac2c20010f,Pest-Damage(513),2,0.9999999999999983,0.2000000067966306,0.20000000826095915,0.2000000122697828,0.1999999910833824,0.199999981589245
2648,55f18e3945647e8240efe04be0cc35cc5e05c8ebe13061a39ee20629296c52bb,Pest-Damage(513),4,0.9999999999999603,0.19999995874783338,0.19999994983663222,0.1999999255848566,0.200000054071215,0.2000001117594628
2649,3147b6a1888455300465cec3a27cb4d0e2bf0f65aebdd7bc09c7d79add06407d,Pest-Damage(513),2,0.9999999999999123,0.20000006161886288,0.2000000749278521,0.20000011115326127,0.19999991923397267,0.19999983306605112
2650,a90ea7a74679d87823b45a2b389b316601778d28668f98d73e34aa8697d62869,Pest-Damage(513),4,0.9999999999999922,0.1999999825734608,0.19999997881026055,0.19999996856407368,0.2000000228421225,0.2000000472100825
2651,2cbbcfb2b3a102f1f67c55f5dbe08cf6d435fc143c4f6b36afd888371be57b5a,Pest-Damage(513),4,0.9999999999999672,0.1999999626141891,0.1999999545390991,0.19999993256436083,0.20000004899977641,0.20000010128257456
2652,550b2de83171a9069b82f0d1adde8c89ffc37e6bbe68a12cef247cc97198bd8a,Pest-Damage(513),2,0.999999999999993,0.20000001668542672,0.2000000202928636,0.20000003009968692,0.19999997812973563,0.19999995479228713
2653,224e2872b41eb4d8efbeeb9ad05ea4d43e2388e5550ed3ff27b03b7c7becf054,Pest-Damage(513),4,0.9999999999999578,0.19999995753399133,0.19999994836082735,0.19999992339725045,0.20000005566073398,0.2000001150471969
2654,7129f1d8489c06dee6a0f62709c864b9f9b645619e42b279e08b7bd712dcb7f6,Pest-Damage(513),2,0.9999999999999994,0.200000000010767,0.20000000001020019,0.20000000003425888,0.19999999997387555,0.19999999997089846
2655,71683d5da00accc440aa129d5c05da789c142d295923c2ab5bc577d0d044d2d7,Pest-Damage(513),4,0.999999999999995,0.1999999863728758,0.19999998342521533,0.19999997542369388,0.20000001785646582,0.20000003692174906
2656,d2d07ae0dcec45211d7c3e4268eb71bbf8058879ac018542891662ee6f6f2a19,Pest-Damage(513),4,0.9999999999999839,0.19999997400259636,0.19999996838498768,0.199999953109637,0.20000003407064001,0.20000007043213885
2657,f2af5141f08cb7536df09769ec37601557a8564b3ca155a6c68785312bad66e0,Pest-Damage(513),4,0.9999999999999784,0.199999969759107,0.19999996322484964,0.19999994545484828,0.2000000396327412,0.20000008192845387
2658,34d0831b0433a47730016d35cbbb63620dffab36707de9be8c5eb2162ab2d4ae,Pest-Damage(513),2,0.9999999999999121,0.20000006163659415,0.20000007495037267,0.2000001111905375,0.19999991920684515,0.1999998330156505
2659,95aa01a5a88005f3a523d39486abceb2da1f34019fa2b0f0184d5e5b72db90c4,Pest-Damage(513),2,0.9999999999999993,0.2000000009836643,0.20000000119744396,0.20000000178040042,0.19999999870636215,0.1999999973321291
2660,34f3ad9d091f79d93b32c201f1ca8e14830f20eb80719725dc6aa802a29e843f,Pest-Damage(513),2,0.999999999999968,0.20000003688700063,0.20000004485815873,0.20000006654103683,0.19999995165084436,0.19999990006295942
2661,eb68b6a6c9c356277ffd1e370a6ca0eef174bea1231acb5f10df3f62d1c099c7,Pest-Damage(513),2,0.9999999999999319,0.20000005415208294,0.20000006584652552,0.20000009769423555,0.19999992901274138,0.19999985329441453
2662,1964d3a2e113cd2a2bfcdf8bb495da14103c3ff5cb848d51b92009243a4b5249,Pest-Damage(513),4,0.9999999999999618,0.19999995952818408,0.19999995078500626,0.19999992699403973,0.20000005304710344,0.2000001096456666
2663,b9ebe6a6811ab1206d9150f9d8caafdbbb7d602dd2d296368ed36cf2a4b28b55,Pest-Damage(513),2,0.9999999999999988,0.20000000502647217,0.20000000611640448,0.2000000090577864,0.19999999341977154,0.19999998637956543
2664,6af742a595703592c4cfa1117b2a39465e489f15682ad666bb77f63f1cc4ef3d,Pest-Damage(513),4,0.9999999999999866,0.19999997639793776,0.19999997129832012,0.19999995742660467,0.2000000309341542,0.20000006394298325
2665,7c4271355e67467f2027cce315097b67c727dcfbf8501e4c82308cbaf672f84a,Pest-Damage(513),2,0.999999999999995,0.20000001369011858,0.20000001664820916,0.2000000247027258,0.1999999820504651,0.19999996290848135
2666,a473f02f960ee514700e1c6076cdb76a7cca6f53eb79d7beb636748230e82f33,Pest-Damage(513),2,0.9999999999999631,0.20000003968958713,0.20000004826300577,0.2000000716120975,0.19999994796479312,0.19999989247051636
2667,46abedd96804a048ef40ad49734bd516e649d96effee435463c91ee27f3eb083,Pest-Damage(513),4,0.9999999999999871,0.19999997679803497,0.19999997178592352,0.19999995814913,0.20000003040933842,0.20000006285757313
2668,399c4e71d1487df5557843c24a9c2a114209731ffacf78dedc2ba1395a4c6817,Pest-Damage(513),4,0.999999999999993,0.1999999833213434,0.19999997971924774,0.19999996991270597,0.20000002186210497,0.2000000451845979
2669,72785c31f1c2cdfa881defe0cbce2b74f4d09af2ec92b49385768179177e80f3,Pest-Damage(513),4,0.9999999999999993,0.19999999952824635,0.19999999942037558,0.19999999916145433,0.20000000060753598,0.2000000012823877
2670,a79774c2f51904b62cdd68d4aea6fbc91f59b5fa956394cd55867e3c21e7bbc8,Pest-Damage(513),4,0.999999999999956,0.1999999564777729,0.1999999470758324,0.19999992149398144,0.20000005704345597,0.20000011790895736
2671,7a95b5696aa4eca64d7502cd337e1b931fbdf0432af2b57b95a157312624accf,Pest-Damage(513),4,0.9999999999999972,0.19999999039595678,0.1999999883181892,0.1999999826761214,0.20000001258712902,0.20000002602260364
2672,09372430c4484b8cc46a5bf9fb1beb03cdc031d24d24e3c295e4a80d730f9459,Pest-Damage(513),4,0.9999999999999799,0.19999997085667262,0.19999996456218175,0.19999994742913324,0.2000000381989824,0.20000007895303
2673,c5dfa39af205fa89a2c6c00f07199522bf4e4ceefc3ae9a6cfb5c3d813455efb,Pest-Damage(513),4,0.999999999999958,0.199999957619525,0.1999999484636073,0.19999992355508442,0.20000005554565176,0.20000011481613147
2674,32b4aaf74829ffa75387f75c3f2fa274df162f8cf7bec1bf65215f0b4393173d,Pest-Damage(513),4,0.9999999999999829,0.19999997328798141,0.1999999675167859,0.1999999518234148,0.20000003500527153,0.20000007236654632
2675,e030540f2c816d3fbb209949fecd97bdfd78ebd1f6cc0f2c9158d513b2783c8c,Pest-Damage(513),2,0.9999999999999943,0.20000001485147526,0.2000000180585038,0.2000000267993662,0.1999999805265383,0.19999995976411647
2676,58f4cfcd2a19a29426b16d01396a29fb735dd447653ce355c8a6ce2ceab79f6b,Pest-Damage(513),4,0.9999999999999925,0.19999998263692204,0.1999999788862512,0.1999999686746451,0.20000002276168402,0.20000004704049776
2677,102d3eefeb8f905f4d37e67eb7f72603ca1e6c63bef493cd353e4c98533b757e,Pest-Damage(513),2,0.9999999999999856,0.20000002466356298,0.20000002999193509,0.20000004448882966,0.19999996767392883,0.19999993318174347
2678,0cfbc5ec19eaab2bf0055b6ce09791bd6fe6e49f04b3517cda1820185a650586,Pest-Damage(513),4,0.9999999999999722,0.1999999657585641,0.19999995836098336,0.19999993823742562,0.2000000448772374,0.2000000927657894
2679,594404e35f31fbeffd0eda11647a0db50467b71b1c47eb27995114bdf5082124,Pest-Damage(513),4,0.9999999999999766,0.199999968500122,0.19999996169429096,0.19999994318845674,0.2000000412794066,0.20000008533772373
2680,6a564ead81dc9e5fd559ce6d7a7731d094bcaecf9925045d5457c43431f868b3,Pest-Damage(513),4,0.9999999999999952,0.19999998633020005,0.19999998337566757,0.1999999753481965,0.20000001791174177,0.20000003703419414
2681,5c14ffd6ce4941ff4c6b5ec0c6e9efe194963a3298008dd5c3ee83367c4dbf0a,Pest-Damage(513),4,0.9999999999999699,0.19999996417880264,0.19999995644108118,0.1999999353849731,0.20000004695022908,0.20000009704491406
2682,7b7fd1a4069851204e8cfe8ea82b24216e21b2cd5e4122d27333e6a24305342d,Pest-Damage(513),2,0.9999999999999113,0.2000000619576375,0.20000007533937095,0.20000011176314395,0.1999999187907905,0.1999998321490572
2683,dccf006affaceaa65ea4e58cba861779fcdcb4c538d2e6393b814ca9678bc8dd,Pest-Damage(513),4,0.9999999999999845,0.19999997457912436,0.19999996908631307,0.19999995415071253,0.20000003331418809,0.20000006886966187
2684,e3db9073657628fe353e806328651677e1cbf196f754d0afcec20a8adf1949f7,Pest-Damage(513),2,0.9999999999999988,0.20000000547118127,0.20000000665108167,0.20000000986786542,0.1999999928295199,0.19999998518035186
2685,bbee5f9ad625b6db561f087a43c6f53c47954837aa08b45d8d20fcdba095cdce,Pest-Damage(513),4,0.9999999999999715,0.19999996520108876,0.19999995768399909,0.1999999372342491,0.20000004560624865,0.20000009427441442
2686,c28a95d2ef4f3592c34cc3a6a88fb9a1683c96be015cf520da3872a602ca6a1e,Pest-Damage(513),4,0.9999999999999936,0.19999998382643727,0.19999998033055535,0.19999997083343263,0.20000002119207042,0.2000000438175044
2687,2c8e1c2cadc74411f5563cb9f0086dc3d9ed9a1321fba3c9222bc15d1b3fe499,Pest-Damage(513),4,0.9999999999999469,0.1999999521751807,0.19999994184652695,0.19999991373233986,0.20000006268375306,0.20000012956219948
2688,3b69066c74056a9fe3a5c891f8e784698ce45710f8a81fd2d4ec49fb9a6a8008,Pest-Damage(513),2,0.9999999999999981,0.20000000741862595,0.20000000901914153,0.2000000133951003,0.19999999026593912,0.1999999799011931
2689,78e3df749a7d4591dca3990997380bf3199799b76da5cace9d3460c7a317e3dc,Pest-Damage(513),2,0.9999999999999698,0.20000003586275583,0.2000000436090104,0.2000000646975295,0.19999995298941145,0.19999990284129288
2690,b35e507a1d7bfd8376c3f3684aff2d5fbfc487bb6061d0d371a00e15fca7e729,Pest-Damage(513),2,0.9999999999999858,0.20000002444025744,0.20000002972331468,0.20000004409128957,0.19999996796318795,0.19999993378195038
2691,ba935dbda653a6418b794d7ecd4c6caab13ac20cfb967270429464c0ac0e22d0,Pest-Damage(513),4,0.9999999999999482,0.19999995269443746,0.1999999424785647,0.19999991466896413,0.20000006200332604,0.2000001281547077
2692,3f5a91b98814fce1c3eaecbf22b9ec3dc959f979921176e03dcad101a443d91f,Pest-Damage(513),4,0.9999999999999784,0.1999999697007593,0.19999996315701463,0.19999994534456106,0.20000003971372335,0.2000000820839417
2693,c07593fcfb06e761269d39b711b51e6c6995b1c72f73d6d1b95b2296719cea6f,Pest-Damage(513),4,0.9999999999999892,0.19999997902298605,0.19999997449272797,0.19999996216426513,0.200000027492081,0.20000005682793978
2694,9d243d77c3f893eb7d2756ff2a0c5631904a6c02c04dd4eec3c24aed65ba6b0d,Pest-Damage(513),4,0.9999999999999699,0.199999964204914,0.19999995647433463,0.19999993543232494,0.20000004691610915,0.20000009697231708
2695,d4c96f64f3c429c51abcfedcec29f11c956a6e6e0cc63e0f293ce7d7ec497c0f,Pest-Damage(513),4,0.9999999999999964,0.19999998865628435,0.19999998620690407,0.199999979545876,0.20000001486212507,0.2000000307288106
2696,7ee80d68debd5459c5c6f9b6548b9de00a0fb55c2541633a975955a1cc4f4116,Pest-Damage(513),4,0.9999999999999992,0.19999999800565413,0.19999999757721054,0.19999999640270683,0.20000000261434564,0.20000000540008284
2697,93b562879da2e985455c8568f418aed06fd07213272006575e156c9f198c6d9a,Pest-Damage(513),4,0.9999999999999916,0.19999998138722833,0.19999997736893868,0.1999999664297228,0.20000002439296494,0.2000000504211453
2698,9485eb804ca4fd8f8d85c7311c4b211ce7eb3946c5e086c7e5a965fc2151ec11,Pest-Damage(513),4,0.999999999999954,0.19999995554404726,0.19999994594357878,0.19999991980694254,0.20000005827005682,0.2000001204353746
2699,a300b680520a9110d58b26eaa3c1ae1990cd4031451aa86f6d9627c925f05033,Pest-Damage(513),4,0.9999999999999738,0.19999996656691021,0.19999995934582943,0.19999993969185437,0.2000000438209889,0.20000009057441726
2700,927e185bd175f42dec4e556b89036bd34a48848519f7fd690e14b23d0c5234ab,Pest-Damage(513),4,0.9999999999999896,0.19999997925382898,0.19999997477314782,0.19999996257215263,0.20000002719600918,0.20000005620486133
2701,9e3b81f1d5ef0a196954d028fc68c53291c7033749374f8e55b7fc960a14a6ee,Pest-Damage(513),4,0.9999999999999786,0.1999999698609491,0.19999996335080017,0.19999994562979967,0.2000000395064258,0.20000008165202524
2702,0cec735ae21e9c2a6574958d664683e16876541b798c19f438e7cf4a251e2280,Pest-Damage(513),2,0.9999999999999984,0.20000000614302318,0.20000000747133145,0.20000001107485077,0.19999999195341314,0.1999999833573815
2703,36e7bdb55d017f7779d257595b761f4aff1e3be24dd83aa70c8f9710405aa460,Pest-Damage(513),4,0.9999999999999637,0.19999996056047079,0.19999995204194207,0.19999992885335346,0.20000005169657187,0.2000001068476618
2704,5996dc64ed731c2b44df33012ccfc4c1895090076e6485fdfdd0dc35fedb1475,Pest-Damage(513),2,0.9999999999999911,0.20000001886241947,0.20000002293588195,0.20000003401523345,0.1999999752842302,0.199999948902235
2705,783a7dd3930b95e8ecb446aa36f2ba312f5ea30f421bc846697580bec88a2e07,Pest-Damage(513),4,0.9999999999999695,0.19999996397764794,0.19999995619809116,0.1999999350242995,0.2000000472125357,0.20000009758742568
2706,c0b26f00287c173e6ca3d68ce691c4486ece736bbb7cf0353b692eeb0c5ab859,Pest-Damage(513),4,0.9999999999999553,0.19999995617114877,0.19999994670742505,0.19999992093448388,0.20000005745120214,0.20000011873574014
2707,fd72fea390a2d301d015ecaf524543be7782066172c4026cbc39f071a665c466,Pest-Damage(513),4,0.99999999999997,0.19999996428724764,0.19999995657382663,0.19999993558304338,0.20000004680637518,0.2000000967495072
2708,deaf990ac693f98a777ab938e314ceaded3bd4c7b1bdf807bc3749ca59125051,Pest-Damage(513),4,0.9999999999999785,0.19999996989705085,0.199999963395115,0.19999994569851556,0.20000003945643735,0.20000008155288115
2709,5f4c12ee1731ce2719e1366911737af6d6ef330ebba73c66c876b028d65d9512,Pest-Damage(513),2,0.9999999999999905,0.20000001969560136,0.2000000239462401,0.20000003553872694,0.19999997417576487,0.19999994664366672
2710,28eee6cd910fcd7dde9a50ee45d62a0e52678159f8cf165397446625ef4467e6,Pest-Damage(513),4,0.9999999999999524,0.1999999547873327,0.1999999450238379,0.1999999184316265,0.2000000592699422,0.2000001224872608
2711,1b20722b1647da916ab7ac6b07e3674defd7f9373626a19fe13b578ef94a08ed,Pest-Damage(513),4,0.9999999999999865,0.19999997626486066,0.1999999711382528,0.19999995718719413,0.20000003110845085,0.20000006430124156
2712,06513b563bea71b2e60a7cdd0e80ea3b55f006b8171463cd689a249b5f12f0c2,Pest-Damage(513),2,0.9999999999999523,0.20000004526643667,0.20000005504223345,0.20000008166261388,0.19999994066185206,0.19999987736686403
2713,0c7e99e6bc68f2cd7390b1c00cfb72bdf8de2a01f7a96b9c22da273ce75396a9,Pest-Damage(513),4,0.9999999999999933,0.1999999840215043,0.19999998057625926,0.19999997116705479,0.20000002095224814,0.2000000432829335
2714,93b588aef8570a14afdfc7c6b4ef2667fdf8f25574813cc9d0fe1b18764a8cdf,Pest-Damage(513),2,0.999999999999991,0.20000001905939038,0.20000002317774948,0.20000003438086947,0.1999999750186169,0.19999994836337376
2715,4f42fe743dc4985ddc33c8c609f320ca52897e3aebbb151eaecc252b18502ae0,Pest-Damage(513),2,0.9999999999998319,0.2000000853524404,0.2000001037848617,0.20000015395471854,0.19999988813355335,0.19999976877442616
2716,3a9d02be406fa008c42dfe399731f94e3bb042f76754b8903df9f7b1dc928657,Pest-Damage(513),4,0.9999999999999972,0.19999999040165928,0.19999998832750826,0.19999998268049732,0.2000000125847069,0.20000002600562827
2717,f729be1ae7c610038d47bbfdb4e0960a79ceea37c36b019296db2f69d19cffef,Pest-Damage(513),2,0.9999999999999882,0.2000000219541885,0.20000002669700834,0.20000003959582083,0.19999997122948415,0.1999999405234983
2718,6f0dbdbf42c4e5222e1b1218fdf9a2263e30b99d8ad3b787c6542776b2aae653,Pest-Damage(513),2,0.9999999999999938,0.20000001549354227,0.20000001884110166,0.20000002793824959,0.1999999797002758,0.19999995802683074
2719,e50e0b6e25b1dec590a430e127fba7d18039b499781e2b5f953bd879dfa93ec5,Pest-Damage(513),4,0.9999999999999598,0.19999995847602048,0.1999999495091417,0.1999999250893791,0.20000005443210733,0.20000011249335128
2720,d72c503caab0e10565b28bb64e22b3265a6e48b9c571bbd509889a1086ff6500,Pest-Damage(513),4,0.9999999999999971,0.19999999033028723,0.19999998823972853,0.19999998255418203,0.2000000126761876,0.20000002619961463
2721,d7382064a7011959cf9387fe59e0f37f2b7726ff19b02d0e491577ad0a93a92d,Pest-Damage(513),4,0.9999999999999992,0.19999999680363187,0.19999999611084163,0.19999999423626186,0.20000000418747466,0.20000000866179002
2722,ff5bd2791de5b93e97d502e65688cc940261f1ffe34a32a03b4fd8ebdd99b7b6,Pest-Damage(513),2,0.9999999999999769,0.2000000312919168,0.20000003804948302,0.20000005644697902,0.19999995898438594,0.19999991522723515
2723,8317b51c43c338816fd2d70007e8bf673255cec6f016c3b1dd61742fa517ebfa,Pest-Damage(513),4,0.9999999999999897,0.19999997948150075,0.19999997504988848,0.1999999629893825,0.20000002689256077,0.2000000555866676
2724,bcba90e723d8785cc7523d74b46611b86142596928a7bc28379cd04339d69668,Pest-Damage(513),2,0.9999999999999988,0.2000000048745519,0.2000000059241637,0.20000000879001573,0.19999999361251675,0.19999998679875186
2725,99ad89f9b9cdbdfd03272ba0d8576c0dbd129aa1f9cb2a39a337ca6bbc6d257e,Pest-Damage(513),4,0.9999999999999982,0.19999999291416046,0.1999999913809046,0.19999998722152154,0.20000000928437967,0.20000001919903368
2726,0b88a03e68e41e6c7e5ea299407c4b9260798fb7dc9f2344988ce75d86f452e1,Pest-Damage(513),2,0.9999999999999993,0.20000000100842177,0.20000000122310047,0.20000000182212938,0.19999999867526813,0.19999999727108017
2727,61ffed984058daa8dd6713c8bd305bbe70d2dae6e489ed3db672652a5aa51f75,Pest-Damage(513),2,0.9999999999999339,0.20000005338110666,0.20000006491129257,0.20000009627874757,0.19999993004282882,0.19999985538602438
2728,ec22e4933574b786b81966aea1f93d25593991e07350dd9d107be87377315659,Pest-Damage(513),4,0.9999999999999925,0.19999998247076645,0.19999997868194255,0.19999996837526338,0.20000002297876493,0.20000004749326267
2729,1b0b6b389e184a744defb4afdea335989bab78d987814f9bfa5c0c060b871a5f,Pest-Damage(513),2,0.9999999999999607,0.2000000410294024,0.2000000498925226,0.2000000740037796,0.19999994622813833,0.19999988884615713
2730,640eb79cbd747b70576df62a65c1661149de261b58b3b6a48e6c20fd85826814,Pest-Damage(513),2,0.9999999999999318,0.20000005422047581,0.20000006593279726,0.20000009780384087,0.199999928934368,0.1999998531085181
2731,915a1e721c2961f36e9dfe3a054c699a2f5f3928b97bb09b8d599d948feb8883,Pest-Damage(513),4,0.9999999999999862,0.19999997615035986,0.1999999709974112,0.19999995698156023,0.20000003125751611,0.20000006461315253
2732,da46b4c8aa763fd11341ffa6ce682e21fd59c65e09d6a97c39df1b192fdf7f1c,Pest-Damage(513),4,0.9999999999999644,0.1999999609883426,0.19999995256312758,0.19999992962282603,0.20000005113775696,0.2000001056879467
2733,69d866adbc2438c7a312dd5b90e7d1a5e0a8c754678010370a474ee910e0410e,Pest-Damage(513),4,0.9999999999999944,0.19999998545992229,0.19999998231923766,0.19999997376897646,0.20000001906005777,0.20000003939180586
2734,1a4f41cbf61297197d6965df2513c1a92eeb598255700f2af0fb535d83faa8e6,Pest-Damage(513),2,0.99999999999992,0.20000005883901764,0.20000007154779204,0.20000010613726352,0.19999992287880755,0.19999984059711928
2735,85f0758b698418adc3b7a934935567e34459688bef2eec7a1773105ff538ae5f,Pest-Damage(513),4,0.9999999999999806,0.19999997136172065,0.199999965176136,0.1999999483312024,0.2000000375439195,0.20000007758702143
2736,c4648218e93e15810f1efc56d79a2d2ea35e8eaa93e83e32788a2d9b1be9d12f,Pest-Damage(513),4,0.9999999999999988,0.19999999485275863,0.1999999937392988,0.1999999907106575,0.20000000674968663,0.20000001394759842
2737,f21dce3105f672be3652db5f491a3e3f68b1c086b1891cdb7a79183bc9d40745,Pest-Damage(513),4,0.9999999999999718,0.19999996541395337,0.19999995794404601,0.19999993760736057,0.20000004533587487,0.2000000936987652
2738,3f0982a44d1e41e29539de68361616165186d6871f0747aa89f851db6531a07f,Pest-Damage(513),4,0.9999999999999983,0.19999999341966132,0.19999999199426735,0.1999999881322203,0.20000000862240763,0.20000001783144344
2739,b312ddde4033de4c9b7cf0dcb71a361e08fb590f599aefd0bb75a3d10e6f6f64,Pest-Damage(513),2,0.9999999999999993,0.2000000018509073,0.2000000022501737,0.20000000332618767,0.19999999758359455,0.19999999498913684
2740,ca1e5a288b301db2e66cdeaa5a91fe323c92a4b2b414d35031dcef49a2d4df10,Pest-Damage(513),4,0.9999999999999942,0.19999998507457065,0.19999998185029488,0.199999973076963,0.20000001956265978,0.20000004043551176
2741,5f7debcea9dbf7ccf3ff487e94133e30f91031b25d6a2d23cb0ca0cd3ac763ad,Pest-Damage(513),4,0.9999999999999916,0.1999999816090263,0.1999999776372252,0.19999996681833496,0.2000000241108057,0.2000000498246078
2742,37fdc2dc0747ec957a30a3f192010fbb2c11ed20020e313a42ec181d0dde444e,Pest-Damage(513),2,0.9999999999999977,0.2000000085085858,0.20000001034564655,0.2000000153434642,0.19999998885127088,0.19999997695103258
2743,2d3c988c2c7cc34589939118eb147e3eb18e4e4f496d567ea33d339076de5f83,Pest-Damage(513),4,0.999999999999975,0.1999999674191378,0.1999999603847054,0.1999999412195914,0.20000004271184785,0.20000008826471757
2744,7971973c02a0e4fc705a3fe84814b885ad97b5537565b713e37d1bdf275f02ad,Pest-Damage(513),4,0.9999999999999555,0.19999995628460132,0.19999994684710523,0.1999999211358647,0.20000005730536777,0.20000011842706078
2745,f782ef4cf456cb99a7c283d563571e75787152e8548fac3e023eaf03c3495a26,Pest-Damage(513),4,0.9999999999999329,0.1999999462170822,0.19999993460945234,0.19999990297636733,0.20000007050126375,0.2000001456958344
2746,1c9db63c95f94122e4cd645decbb944c60b115a488cd400ea7c506fc261d6ce8,Pest-Damage(513),4,0.9999999999999722,0.1999999656451722,0.19999995822665229,0.19999993802379284,0.20000004503359628,0.20000009307078634
2747,103166643f4b65be7718e9f71eb13ddb1cbc663a5f52eea6917f2da67b2abd6f,Pest-Damage(513),4,0.9999999999999418,0.1999999499630011,0.19999993915828448,0.19999990973179277,0.20000006559142225,0.20000013555549928
2748,38518d60043d3fda53b27c6088004b7e35efa6ebfe71b4cb03a869aa3595ab72,Pest-Damage(513),4,0.9999999999999314,0.19999994565989107,0.19999993392555404,0.19999990196997725,0.2000000712312405,0.2000001472133372
2749,0a5b6c427d0506d72364c9057e6ecc9c5fc0822b4ef5faf9efbb352f754d3f06,Pest-Damage(513),4,0.9999999999999869,0.19999997656662652,0.1999999715051887,0.1999999577210692,0.20000003072098554,0.20000006348613017
2750,0ea60a9a11eb76831b042e8771d1335ad49d40be17b6d0ef6f6b5af544f0a9e4,Pest-Damage(513),4,0.9999999999999266,0.19999994374014776,0.19999993159713797,0.19999989849577457,0.20000007375740264,0.20000015240953709
2751,0891dced5ccd6d26eddf705483ac0c460f2cb3be53b8528820ad4a63cfdc8f80,Pest-Damage(513),4,0.9999999999999319,0.19999994586394382,0.19999993417714487,0.19999990233808443,0.2000000709644914,0.20000014665633548
2752,d95dcba5da14fda5a7d5f693be30b22896f52b5fae37044dfba22db7da0f330d,Pest-Damage(513),4,0.99999999999997,0.19999996431514572,0.19999995660956,0.19999993561452153,0.20000004678471334,0.20000009667605945
2753,d0964ec3928292c9ec439beaaa7ad382fce06ea54d507735dcb8ea200ef9775e,Pest-Damage(513),4,0.9999999999999607,0.19999995894185674,0.19999995007603283,0.19999992593302907,0.20000005381902128,0.20000011123006015
2754,ca39bd5fb573a4232eb2f8a22e8d0fe28e9a8996a757d59e305a161a6a14b917,Pest-Damage(513),4,0.9999999999999708,0.19999996462503467,0.19999995698499262,0.19999993618631925,0.2000000463683708,0.20000009583528275
2755,7b231802bcea970f918cfeec035e8842be4bdc94e96f6a750f32617429c1bc83,Pest-Damage(513),4,0.9999999999999897,0.19999997936893438,0.1999999749166794,0.19999996278565807,0.20000002704135175,0.2000000558873765
2756,bdc724db0587dbc6a97886abfe42b01b0e93b3d6759ff4c3e35c61cf58f21da9,Pest-Damage(513),4,0.9999999999999636,0.1999999604876941,0.1999999519559122,0.1999999287200254,0.2000000517940345,0.20000010704233379
2757,ce1a31cafe3f987e0f06a5decbaecb4745b40b1f5d1c1142330f50843c59a1e5,Pest-Damage(513),4,0.9999999999999669,0.19999996234869058,0.1999999542226949,0.1999999320761914,0.20000004935625373,0.20000010199616938
2758,e89525382c97f1ff7f4dd597778fa9a38053c79b388f0764d7e6f1062d24478a,Pest-Damage(513),4,0.9999999999999664,0.19999996219155403,0.19999995402667917,0.19999993179198047,0.2000000495617433,0.20000010242804306
2759,f9626225cf7f947a75c235e9479e06536642bbd8b5a3f2000dee7b6d9703ba5d,Pest-Damage(513),4,0.9999999999999566,0.19999995680443616,0.19999994747725522,0.1999999220770138,0.2000000566209488,0.2000001170203461
2760,4696a0d51474bf2a08807a526c43d15b7f3a593d11048c249c2ac19b9d88712c,Pest-Damage(513),4,0.9999999999999984,0.19999999418365827,0.19999999292515006,0.199999989514252,0.2000000076184304,0.20000001575850926
2761,ea816322894660d519afc491c4f7f61d0c3c177a03c4160275fab9d88c437ac3,Pest-Damage(513),4,0.9999999999999615,0.1999999593800038,0.199999950608784,0.19999992672140818,0.20000005324625125,0.20000011004355273
2762,6f43a4093b5323bb58e368e8eafc5894c9c78d82b68f04d79585827550ef42ca,Pest-Damage(513),4,0.9999999999999521,0.19999995467765824,0.19999994489166784,0.19999991823750116,0.20000005941106483,0.20000012278210796
2763,2a930e4c226a6573ef54593cbfaed935cbc0ad2c9c22095d580e7a7298dd3712,Pest-Damage(513),4,0.9999999999999807,0.19999997143144996,0.19999996526452324,0.19999994845962232,0.20000003745121053,0.20000007739319392
2764,7d76f09dbb038b67d42da03dd4d7473d9d297791761c41f47cfaf8e45fdc82df,Pest-Damage(513),4,0.9999999999999756,0.19999996775230344,0.19999996079155555,0.19999994182129904,0.20000004227495718,0.2000000873598848
2765,fa216b8a3ecdfed5b16d0c2fcfdf38ec0ac75e19dad8b827e5c5f7615ca7c586,Pest-Damage(513),4,0.9999999999999839,0.19999997394083158,0.19999996831979033,0.1999999529912656,0.20000003415901338,0.200000070589099
2766,f648361d8141900938e3881d02b097f1c25f7462f7daf08e2a88cb95316f2977,Pest-Damage(513),4,0.9999999999999473,0.19999995233810777,0.1999999420515356,0.19999991401831071,0.20000006247775065,0.20000012911429518
2767,aef3640a008b1f54e55a48630e1175ccb4cb3955541d734ae47f360d6af696af,Pest-Damage(513),4,0.9999999999999374,0.19999994801856263,0.19999993679347397,0.19999990622407424,0.20000006814012314,0.2000001408237659
2768,0780e87ecb433352770f943b373454a196c3b4781de158f632ae63b01125f33a,Pest-Damage(513),4,0.9999999999999662,0.19999996205324655,0.19999995386154426,0.19999993154243384,0.20000004974369717,0.20000010279907818
2769,a6c98ad124809a1663146a6dd8edc95e2b1714cf011ffc93ea8d23dbc8551c72,Pest-Damage(513),4,0.9999999999999916,0.199999981515188,0.19999997752734813,0.1999999666551473,0.2000000242299761,0.20000005007234048
2770,7bd9d6e565298e12462e45dd026ddbcf791bf485f01bf31e85eb6dcab3ed2538,Pest-Damage(513),4,0.9999999999999671,0.19999996255358274,0.19999995446776622,0.19999993245114134,0.20000004908269164,0.20000010144481803
2771,a00c55fcd06db7246b697a540b077199af5521a6020e2e88ffe70f7aea814ec8,Pest-Damage(513),2,0.9999999999999385,0.20000005147839184,0.2000000625991514,0.20000009286531828,0.1999999325225705,0.19999986053456795
2772,eef13c79aeac7fce2a17358a49b7e22df37df4b84a6c60fa46ed3cdedfdd93ad,Pest-Damage(513),4,0.9999999999999364,0.19999994767419796,0.19999993637452881,0.19999990560920725,0.20000006858657698,0.20000014175548905
2773,6bd755a2937cac5717dc468b0be0b8fe3cf365eec445a214f8c06c028cf142f1,Pest-Damage(513),4,0.9999999999999488,0.19999995308552335,0.19999994295416562,0.1999999153715262,0.20000006149295693,0.20000012709582796
2774,76d6d7817bcc0521dc01dc9b234b241e80f739aa47ec158ea733a338aaeedc32,Pest-Damage(513),4,0.9999999999999567,0.1999999569384603,0.1999999476412484,0.1999999223208136,0.20000005644392962,0.200000116655548
2775,3c1305f78b03229ba30cf48a2f51a5a5fa1b4a3aa6fa049f3f8ece62a450d295,Pest-Damage(513),4,0.9999999999999277,0.1999999441686909,0.19999993211457306,0.19999989927756934,0.20000007318818186,0.20000015125098478
2776,b37ece74811dd90b5954f3f5d7301b877d8633f889eebd3741177459bb251024,Pest-Damage(513),4,0.9999999999999721,0.19999996554678134,0.19999995810927024,0.1999999378426444,0.20000004516585934,0.20000009333544472
2777,6d098fc34975f8c51a625264c975c7e6ded399dfdb56652ba30f087672c41c89,Pest-Damage(513),4,0.9999999999999182,0.19999994052861123,0.1999999276871084,0.19999989271539545,0.20000007795595237,0.20000016111293253
2778,3a6118ec1eeacf5edb52a576ab0c0370e729f50b22606d8717a698cdeadd8f13,Pest-Damage(513),4,0.9999999999999992,0.19999999655400116,0.1999999958176209,0.1999999937694117,0.20000000452957498,0.20000000932939138
2779,c5c730d3803255e486302fcf91ce79a830a584640b603d081e4e16a1d18b72c7,Pest-Damage(513),4,0.9999999999999785,0.1999999697878884,0.19999996326392733,0.1999999454997846,0.2000000396012223,0.20000008184717752
2780,4c1aa897805b1f23073d9276e29d053bf36cd83a3ee94857722052387c7763d2,Pest-Damage(513),4,0.9999999999999778,0.1999999693747475,0.19999996276230886,0.1999999447518657,0.20000004014494718,0.20000008296613064
2781,b7875b6f06c6494a659ffa9e13ddc35c24376f8d498c9183781a3d74395ea6e7,Pest-Damage(513),4,0.9999999999999754,0.1999999676436703,0.1999999606570778,0.19999994162710968,0.20000004241548888,0.20000008765665336
2782,a876626138b05b1470b00854bb7839be985d7d74677d58f461f0c6095499cb70,Pest-Damage(513),4,0.9999999999999908,0.19999998047522682,0.19999997625690397,0.19999996477957188,0.2000000255915769,0.20000005289672051
2783,7b92ccbba2a5665cff640b5f69aec58539f8cad10e6e89a2791befd67415699b,Pest-Damage(513),4,0.9999999999999655,0.19999996163319178,0.1999999533486588,0.19999993079057427,0.2000000502893185,0.20000010393825662
2784,5f7d123bff6f066910ce293e4ed5840082e1d7a15acc1c6609aa97f6949de1e1,Pest-Damage(513),4,0.9999999999999702,0.19999996440946965,0.19999995672411647,0.1999999357940701,0.2000000466537899,0.20000009641855382
2785,5d644d6c78f110f831e225f2bca85475a9d70861ffa9265a7e788e97b85c7e32,Pest-Damage(513),4,0.9999999999999684,0.19999996330301278,0.19999995538350926,0.19999993378320033,0.200000048116612,0.20000009941366564
2786,21ba894999480640467b55662a3c9b64e084132aa6de1c72c93241b37154b86c,Pest-Damage(513),2,0.9999999999999782,0.20000003033745828,0.20000003689462753,0.20000005470335405,0.199999960253476,0.19999991781108406
2787,e1c2faab27aaa2b4361c4415a38ae43613e1dea8e889630e35734cb0be7d7378,Pest-Damage(513),4,0.9999999999999938,0.19999998424705398,0.19999998084714155,0.19999997156631172,0.2000000206617438,0.20000004267774904
2788,23373288cb7776a27666d27a8942bdf0998da94a326353fe44c4d47653c02544,Pest-Damage(513),4,0.9999999999999826,0.19999997294991823,0.19999996711393203,0.1999999511860411,0.20000003547132558,0.200000073278783
2789,a10c9254e8e70823ac83f4b1e47b3ab033e4511154b371567cf16eb1bffd6eab,Pest-Damage(513),4,0.9999999999999841,0.19999997423130692,0.1999999686668726,0.19999995350809258,0.20000003378250894,0.20000006981121898
2790,31928b24f8c22ce17c2c3c0795a9016c3a439161ef48b055f9d1a686f8f17a87,Pest-Damage(513),4,0.9999999999999944,0.19999998530179708,0.1999999821283743,0.19999997347283266,0.20000001927596822,0.20000003982102768
2791,696eab1890ee9c96d5a9d8390b76e2def9ff1da022e8a84f2c7bccc531c7ba16,Pest-Damage(513),4,0.9999999999999738,0.1999999666498269,0.19999995944773036,0.19999993983061942,0.20000004372084693,0.2000000903509764
2792,fead00ff8fe5b387c39fa1263a31a75894048ba79310c01c0359cafc4ea19209,Pest-Damage(513),4,0.9999999999999993,0.19999999901820892,0.19999999880775124,0.19999999821123624,0.20000000130085988,0.20000000266194365
2793,d0caff754b4531b072b242bd15d6086a0667c13b4ec67f2fac602dde86bdffa3,Pest-Damage(513),4,0.9999999999999848,0.19999997477370854,0.199999969322652,0.1999999544906964,0.20000003306758848,0.20000006834535464
2794,47716b31030fc817cf032aab3bd4746412ad78389b75c902bfcb873458a1cee6,Pest-Damage(513),2,0.9999999999999939,0.20000001541033313,0.2000000187429825,0.20000002777209752,0.19999997982230833,0.1999999582522784
2795,2e67b5d06bfe7edb856c7a913877021e627ce722ba40828017cebba81d177fa2,Pest-Damage(513),4,0.9999999999999808,0.19999997160684366,0.19999996547581853,0.1999999487716685,0.20000003722423218,0.2000000769214372
2796,86475f5a746dc8300778533745c43e918670235e01f18216d302d014004d04c2,Pest-Damage(513),4,0.9999999999999891,0.19999997868341646,0.19999997408355893,0.19999996152394584,0.2000000279593355,0.20000005774974328
2797,574f2ecc937df35d53e979d30d1f736de34479d8f28d0c747332f037bfce126b,Pest-Damage(513),4,0.9999999999999689,0.1999999636518177,0.19999995580383764,0.1999999344135363,0.2000000476577373,0.20000009847307107
2798,ee40e2d6d2d7eb35e31eb6f2845d408bc1b76424bbaa974b1d003b9e6a906c84,Pest-Damage(513),4,0.999999999999981,0.19999997178465875,0.1999999656918668,0.19999994908146942,0.2000000369995795,0.20000007644242546
2799,41997d8e5c28b62d270d749657cc3dd5a4241d40f5f69c59c5e45e42b0b9d264,Pest-Damage(513),4,0.9999999999999982,0.1999999931831183,0.19999999171438665,0.19999998767972937,0.20000000895392342,0.20000001846884224
2800,ba4da1da1d570ea938144f4c4de6b76ad8ca83f6e9ff5e265ce3554cff0a2ba2,Pest-Damage(513),4,0.999999999999975,0.19999996740644904,0.19999996036777504,0.19999994120024378,0.20000004272545352,0.20000008830007854
2801,2c26c666e3405e1acf87625270d56a76d8ecce2586a2786d8995be9888cde0c2,Pest-Damage(513),4,0.9999999999999744,0.19999996699239905,0.19999995986343716,0.19999994044608185,0.20000004327357154,0.20000008942451036
2802,f30d25ab14f27ef3a89a05b0e049f15846212c302079d2d0e8921accc4acf669,Pest-Damage(513),4,0.9999999999999882,0.19999997809118022,0.19999997336061048,0.19999996045751053,0.20000002873355593,0.20000005935714288
2803,90159844e9eabdfd63a543edf87bb2688b52aa58932a7d4e6aedfdf7c52667d0,Pest-Damage(513),4,0.9999999999999993,0.19999999814948105,0.1999999977496903,0.19999999663719303,0.2000000024445507,0.20000000501908485
2804,71494b8150a656ee79912660ee3d0cfc18bac4864db7d946131da72b3dfbaf38,Pest-Damage(513),4,0.9999999999999956,0.19999998716323744,0.19999998438930452,0.19999997684396006,0.20000001682533686,0.2000000347781611
2805,26f1312fc6eb4faa9928f818bfb0d12ecacb7114dd60cc028281afbd86ff8e31,Pest-Damage(513),2,0.9999999999998438,0.2000000823224998,0.20000010010936933,0.20000014847171071,0.1999998921201968,0.19999977697622345
2806,c54f2b6520afbd2662c2e60640fa0042899e8818488691ff4901537450e2e04f,Pest-Damage(513),2,0.9999999999999899,0.20000002024429148,0.20000002462221508,0.20000003648077627,0.19999997349516144,0.1999999451575558
2807,0153a7cdcd3358e86b253bbb4fae4b542a484512f5dc5c156cde812c53d70f44,Pest-Damage(513),4,0.9999999999999691,0.19999996368795392,0.19999995584948152,0.19999993447701425,0.20000004761205525,0.20000009837349494
2808,903b1172019f5cecbde3a546ff7ef14fe835e8a550505642d0da79ab46196b42,Pest-Damage(513),2,0.9999999999999906,0.20000001956234034,0.20000002378937445,0.20000003527253665,0.19999997437138858,0.19999994700436002
2809,d253149dab4056c68969fbe4ee810ed82a4f3faf1ae18bcbf3ef185ded7391ec,Pest-Damage(513),4,0.9999999999999917,0.1999999818470566,0.19999997792852506,0.19999996722445484,0.20000002381711257,0.2000000491828509
2810,c37040461bf9e9616a62a69ebd9314938b0a287460081591e3c819c690275514,Pest-Damage(513),4,0.9999999999999732,0.19999996625263466,0.19999995896610726,0.1999999391144952,0.20000004424146461,0.20000009142529823
2811,fab1b6e04f11dfb346dec72a5c2903904c51deae52ccaec9025df87407c8d3f8,Pest-Damage(513),2,0.9999999999999917,0.2000000181951796,0.20000002212989393,0.20000003280279197,0.19999997616673806,0.19999995070539642
2812,e5c9d7d21b8afe48b05deb7a3fe5768a33e9b1819117bcee92fa0bd0c958ed1d,Pest-Damage(513),4,0.9999999999999984,0.19999999449877404,0.19999999331324994,0.19999999005480049,0.20000000722789887,0.20000001490527664
2813,6b19d191ae1f74b22980cd86de46d6c5e97802d43971c1dac2276dfa44b7e3cd,Pest-Damage(513),4,0.9999999999999731,0.1999999661857708,0.1999999588829296,0.19999993900060511,0.2000000443235316,0.20000009160716295
2814,0d22439a6e0c99df86c1d40491a1ae02af92a669f01244c319648c66245edc64,Pest-Damage(513),2,0.9999999999998981,0.20000006639377832,0.2000000807399191,0.2000001197428538,0.19999991299488593,0.1999998201285627
2815,faf79162b93de8415fd3e17d00e567633446adddd8730a33bee6465d0fef0104,Pest-Damage(513),4,0.9999999999999977,0.19999999115827374,0.19999998924838208,0.1999999840478367,0.2000000115912499,0.2000000239542576
2816,31e04cb190f3fe58012c4b673878691185da1e0a1ff64f5a750cb0edf0bed2ee,Pest-Damage(513),4,0.9999999999999937,0.19999998417666653,0.1999999807624275,0.19999997145595377,0.20000002074139683,0.20000004286355538
2817,629a1a2ed227c608817c8eac90efdaafcf9bf2859c3744a36696b0a745475a53,Pest-Damage(513),4,0.9999999999999672,0.19999996266664963,0.19999995460819459,0.19999993263245877,0.20000004895256732,0.20000010114012967
2818,e5e530b794d58f4a8e34c0201f882ee86adda5c74c89e33a698cd3497c858af0,Pest-Damage(513),4,0.999999999999975,0.19999996737513948,0.19999996033050865,0.19999994112430808,0.20000004278165143,0.2000000883883923
2819,6c741df604495a24b291981597681bfd8e5f4816b804e8c99fa1580b91c5e689,Pest-Damage(513),2,0.9999999999999668,0.20000003780546985,0.2000000459745763,0.20000006816189134,0.19999995047458266,0.19999989758347986
2820,b7143963fd11d8f47e89591465ed89169156e3deca5c74e27933616ed0479afd,Pest-Damage(513),4,0.9999999999999819,0.19999997251622187,0.19999996658542757,0.19999995040699997,0.20000003603699343,0.20000007445435716
2821,fa96557144ad5fc10744a730e8bd4f41a5314465de41355dbb44826707d3a8d0,Pest-Damage(513),2,0.9999999999999941,0.2000000152408578,0.2000000185364237,0.20000002747695117,0.19999998003622807,0.19999995870953918
2822,dcac62af5b91699c74769828c7c9d240c27e19ffe993cef41e3b26a7e819c2e0,Pest-Damage(513),4,0.9999999999999826,0.19999997295763242,0.19999996712082377,0.19999995120814767,0.2000000354543738,0.20000007325902244
2823,e3e6ea03b599ca0541567e5836ce8275cd3fa57d02003bf588073b0706707caf,Pest-Damage(513),2,0.9999999999999882,0.200000021859355,0.20000002658014904,0.2000000394051512,0.19999997136854644,0.1999999407867983
2824,f50f74bdf86397419ddcf09bf6725f7bfe02e89fe2ae67882f33ea75917342d2,Pest-Damage(513),4,0.9999999999999954,0.19999998698170676,0.19999998417536655,0.19999997649277093,0.20000001708298,0.20000003526717575
2825,11eefd5448f727e507773d25540b701d2e89d6fffc6f377202f9c6f896034e53,Pest-Damage(513),2,0.9999999999999961,0.2000000118028447,0.20000001435464138,0.2000000212560334,0.19999998455704954,0.19999996802943096
2826,7948875a2be461bc829de341a86b6e950729277dfab55c51efcbdcebd37a6ac7,Pest-Damage(513),2,0.9999999999998141,0.20000008976208294,0.20000010914876157,0.20000016190846726,0.19999988235462396,0.1999997568260642
2827,d6dfc575bb1b6b87334a3949b8ae10ce7912a06130783bc6615322a2e3c4803b,Pest-Damage(513),2,0.9999999999999961,0.20000001215436117,0.20000001477765952,0.20000002189824306,0.1999999840891382,0.19999996708059817
2828,d5f2ba0a06c8965b9fc1958eb74e650d496ca023725e3c32356260ed0b4540c4,Pest-Damage(513),4,0.999999999999986,0.1999999759612067,0.19999997077434198,0.19999995661638179,0.20000003152534165,0.20000006512272772
2829,37b32c9532e3ae43ff2f5823178a577dd79237e7f3d80da8702195ca2a0837eb,Pest-Damage(513),4,0.9999999999999489,0.19999995317776983,0.19999994306526214,0.19999991553333746,0.20000006137538195,0.2000001268482487
2830,4809ab420e404d5075816a26df89ae0d0e3e560dee0bbb9bc9bc7665156e9a56,Pest-Damage(513),4,0.9999999999999568,0.1999999569792571,0.19999994768797336,0.19999992239027117,0.2000000563930352,0.20000011654946312
2831,748a6e6fe764388feb6133163978efab52879f4142b34d4c467db4f9c56f8eb0,Pest-Damage(513),4,0.9999999999999921,0.19999998232634877,0.19999997850977225,0.19999996811541668,0.20000002316823617,0.20000004788022596
2832,8253cbf4ac88d9f510400eb17d983cd6173df217f62dcc4453f9aa9da0e68886,Pest-Damage(513),4,0.9999999999999949,0.1999999861218527,0.19999998312488598,0.19999997496413305,0.20000001819170787,0.20000003759742047
2833,6ccdbb0eb27f1ed22bdf4244f478b770ea0e2ae0c741d7a2c0b6973b7cd64ba2,Pest-Damage(513),4,0.9999999999999956,0.19999998704990152,0.19999998425842522,0.1999999766268551,0.20000001698509223,0.20000003507972583
2834,67e52754ef6471ebdf3542f430b84fbb1565c1de3dee2a6c984dc382e85bf1ac,Pest-Damage(513),4,0.9999999999999925,0.19999998255076118,0.19999997878633305,0.1999999685057329,0.20000002288602348,0.20000004727114928
2835,803e94f4f0cc2cfadabb6527cc356f779a6465db51518015cdd36797dda0a2a7,Pest-Damage(513),4,0.9999999999999778,0.19999996941641196,0.1999999628150388,0.19999994481303082,0.20000004010155464,0.20000008285396384
2836,05cbf997c638fe593f300b05860efdc88b74d054eb18034464d5a8e7356c7c2e,Pest-Damage(513),4,0.9999999999999333,0.1999999463248672,0.19999993473491035,0.19999990316573785,0.2000000703627076,0.20000014541177702
2837,f3e38b102624476e87b892723a95117864d7c981de590bccb11dc0d201b6e499,Pest-Damage(513),4,0.9999999999999248,0.19999994301200102,0.1999999307073646,0.19999989718275415,0.200000074710545,0.2000001543873353
2838,aba4c497084b496dc8ce45e40330a5a7b11c620b51d33f061b8c11167b6153d7,Pest-Damage(513),2,0.9999999999998062,0.2000000917080226,0.20000011151717814,0.2000001654269708,0.19999987979808542,0.19999975154974292
2839,19e0c664eb0faef4cf4f229926c8cf0cf25131f9a007d412b491d8b65e2e7f1c,Pest-Damage(513),4,0.9999999999999774,0.19999996905954787,0.19999996237706255,0.19999994418192238,0.2000000405587412,0.20000008382272608
2840,1bff6511a09d9fd81682d4ead7d38d752a026fe022c4cebed63d035bfe740a5a,Pest-Damage(513),2,0.9999999999999815,0.2000000278585359,0.2000000338796518,0.20000005024209608,0.19999996349451446,0.19999992452520163
2841,5dac626b7bb984a497e4d8855703c949256d18b3fc24b0357dc7b07779bea042,Pest-Damage(513),4,0.9999999999999742,0.1999999669454387,0.1999999598091391,0.19999994037323204,0.20000004332658985,0.20000008954560033
2842,d797a860ba57c8de49a11d2aa51070abc6872f3e1a1bae2aa4cdea461c7e4857,Pest-Damage(513),4,0.9999999999999405,0.1999999493935342,0.1999999384659881,0.19999990870431278,0.2000000663380541,0.2000001370981108
2843,39d49cc68c0e202c17c734700944450d253e2cb1c0557874c4376703c1fe11a8,Pest-Damage(513),4,0.9999999999999393,0.19999994885300634,0.1999999378113359,0.1999999077220512,0.20000006705265938,0.20000013856094717
2844,bd3feec0c8505cb5f35f3257a31df3222d6f0dc9af8368e3bb1b1ad34c322696,Pest-Damage(513),4,0.9999999999999613,0.199999959282287,0.19999995048956978,0.19999992654231055,0.2000000533764316,0.2000001103094011
2845,a6b00cf41067a14eefc732fc4e01fdd2fc57f58a3f33d7c3d35f9a8ebca78478,Pest-Damage(513),4,0.9999999999999748,0.1999999672394414,0.19999996016660737,0.19999994088496176,0.20000004295554852,0.20000008875344097
2846,684ba22804dc18407b37317073269cc5035dc90dc60b7068a635a2e010eb5fb7,Pest-Damage(513),4,0.9999999999999992,0.19999999732239965,0.19999999674916888,0.19999999514291428,0.20000000353150973,0.20000000725400743
2847,df094e9030be51e83a8f0903a3c95bd241dcd68aa40722a77b497987504bc144,Pest-Damage(513),2,0.9999999999999737,0.20000003346268572,0.20000004068842478,0.20000006039298032,0.19999995611565502,0.19999990934025408
2848,2c86a7b4850e60b2a6bfb4c03a83dc486cca056a9feac661d541f919fb7b25b7,Pest-Damage(513),2,0.9999999999999152,0.20000006053429978,0.20000007361154137,0.20000010921458414,0.19999992064241204,0.1999998359971628
2849,1f4db849a6072511c93f90674e6482a23206340d03752c328e003d4e16d88c50,Pest-Damage(513),4,0.9999999999999815,0.19999997220009563,0.1999999661933853,0.19999994985016642,0.2000000364394406,0.20000007531691197
2850,c0981521b2f08c77f568d31530d105af780e0826f3fde47ebc3bcc30488e93a1,Pest-Damage(513),2,0.9999999999998705,0.20000007485742466,0.20000009102841246,0.20000013504871061,0.19999990187099634,0.1999997971944559
2851,b2f9850cfcf34d1c1e8bac76f4f40795b8c2f043c74271ef529d0c106f7e8548,Pest-Damage(513),2,0.9999999999999374,0.20000005187493508,0.20000006308223175,0.20000009359382487,0.1999999319928362,0.19999985945617196
2852,8640a86c150a3ecbdf09deb32b8056218f115397c51ef2036771a4f72b9be889,Pest-Damage(513),4,0.9999999999999993,0.19999999746607694,0.1999999969211571,0.19999999544988697,0.20000000330580314,0.20000000685707592
2853,35b197ec21916299098074dbf1aa27018e7f01acb5160fc0a6f3354f4b839cc4,Pest-Damage(513),2,0.9999999999998864,0.2000000701192614,0.2000000852623699,0.2000001264996909,0.1999999080820351,0.1999998100366427
2854,a01805a017233bd24741dec934997ea3a2e19b4dc1595bd97fdb6f95885237cb,Pest-Damage(513),4,0.9999999999999808,0.19999997147840456,0.19999996531732359,0.1999999485658697,0.2000000373721634,0.20000007726623886
2855,ae2b44ae234fe7d2d0ce3ff2073a2510c25904cfb2a8a378567bcac8a325af6d,Pest-Damage(513),4,0.9999999999999993,0.19999999957519066,0.19999999948232708,0.19999999925695955,0.20000000053867292,0.20000000114684974
2856,da047185aa42cfd800f45af7320e3741040880fc38a41edc3b8335ba2d112f17,Pest-Damage(513),2,0.9999999999999226,0.2000000577763887,0.20000007025754443,0.20000010424366882,0.19999992425410756,0.19999984346829036
2857,10b5784ce6b96330ad8dac7ca9d71db80af14341c77958f3189eaf1b6e841476,Pest-Damage(513),4,0.9999999999999979,0.19999999214874425,0.19999999045444428,0.19999998585045212,0.2000000102810669,0.20000002126529245
2858,a04fcec3a1a49e8af9b166739a92a96760b26c221be3a48871ebfd56f4bbc6a4,Pest-Damage(513),2,0.9999999999999769,0.20000003111452308,0.20000003783600076,0.2000000561514426,0.19999995919849056,0.19999991569954298
2859,d100fa71411cc6a3447fe12ddfe3917638f56e1c38e2df0beba718883acf3d8a,Pest-Damage(513),2,0.9999999999999978,0.20000000808014723,0.20000000982353683,0.20000001460438088,0.19999998938657845,0.19999997810535658
2860,9bdde16418b69201f3c8d7e4b195fc0c0d7e242e9d87c14f0530fd35203d02bb,Pest-Damage(513),4,0.9999999999999836,0.19999997385708368,0.19999996821172092,0.19999995284254893,0.2000000342656678,0.20000007082297877
2861,7d392a6ecf7f588e1dcbc95083e8e4a94f04e5cca7e8b7fc175cff0715d41453,Pest-Damage(513),4,0.9999999999999988,0.19999999526195428,0.19999999423746548,0.19999999147102088,0.20000000619632524,0.20000001283323396
2862,5fbcdd30afd9b4fdbf32777107bb5fb80545c0728e8a670890f7bbf540d4ec4e,Pest-Damage(513),4,0.9999999999999722,0.1999999656458079,0.19999995822419217,0.19999993804010954,0.20000004502040838,0.20000009306948194
2863,274aa004b27fedd10d42afc3e4b6900c7363c000aae651936ed5a333a1512b76,Pest-Damage(513),4,0.9999999999999825,0.1999999727676657,0.19999996688284802,0.19999995089083467,0.20000003568237273,0.20000007377627887
2864,547973610812412256a7f5d65b26e2c8048ce40c61759b67c6d51fea8796ae3c,Pest-Damage(513),4,0.9999999999999921,0.1999999821885916,0.19999997834031732,0.1999999678909916,0.2000000233298483,0.20000004825025114
2865,3512e2088bacf4212d3525496ba4809ce6b7b23d69336d54f1ad3c17841e50b4,Pest-Damage(513),4,0.9999999999999927,0.19999998291690382,0.19999997922749344,0.19999996920539526,0.20000002237507614,0.20000004627513127
2866,c962f8535eec375513ae426b356746681e2b15848cc3c279f9d2dae930b79e40,Pest-Damage(513),4,0.999999999999987,0.19999997687789578,0.1999999718815462,0.19999995830052963,0.20000003029870714,0.2000000626413213
2867,95305c99b0f23a5cb0dfdfe42c02529c98d43ce71b3d87e0cc530a310d680e0d,Pest-Damage(513),2,0.9999999999999896,0.2000000207964901,0.20000002528850425,0.2000000375291195,0.19999997273007614,0.19999994365581006
2868,cb188490958b219556ea29d42373d27e6a44b22f4cb77a6ca2ac420af544190e,Pest-Damage(513),2,0.9999999999999978,0.20000000848002294,0.20000001031170722,0.20000001527950817,0.19999998889843687,0.1999999770303248
2869,530c2c6f002633cb7497d742c8245525d04ec92275a2cd082465368ae481dc20,Pest-Damage(513),2,0.9999999999999591,0.2000000418063283,0.20000005084145572,0.2000000753965675,0.19999994521737632,0.1999998867382723
2870,ffc0cd863ac853bd9f03b1e794982aa1c65c0881e01f31e6225e0c6ec63ee6bd,Pest-Damage(513),2,0.9999999999999891,0.20000002112776516,0.20000002569497152,0.2000000381235618,0.1999999722990362,0.1999999427546653
2871,bbb6744dc960507f273f7c8697b5b6062c3447259bb4905023b20cacd3fd905d,Pest-Damage(513),2,0.9999999999998561,0.20000007898910843,0.2000000960535954,0.20000014246056916,0.1999998964874238,0.1999997860093033
2872,ea6c5bf0ae1a8afb279f07c96cacdd09ecc00d109cb6d589192ae433a6bd2345,Pest-Damage(513),2,0.999999999999891,0.20000006865219644,0.20000008348393383,0.2000001238388262,0.19999991001724848,0.19999981400779498
2873,2c903a5572d72361c5ba4f23b21809d38dd8dd22b76559d31484b6e717331095,Pest-Damage(513),4,0.9999999999999939,0.19999998466701896,0.19999998135581998,0.19999997233449976,0.2000000201026888,0.20000004153997245
2874,7a44eff34b0f69617aa42622567c03ac30fc24ed1a67ef297c72e03bdf577784,Pest-Damage(513),2,0.9999999999999769,0.20000003115721768,0.20000003789043425,0.20000005620755013,0.19999995915915955,0.19999991558563826
2875,b2fb91c7c4af635ce7b9e2544e753e511e0dc22f16d48b9f4a4f00b70730c624,Pest-Damage(513),2,0.9999999999999968,0.2000000107193986,0.2000000130336919,0.20000001933950254,0.19999998594722646,0.1999999709601805
2876,82245271936c73d543c7c6b2f13c7701502e1d3cb6de075faf208be3d576304b,Pest-Damage(513),2,0.9999999999999988,0.20000000542939134,0.2000000066037263,0.20000000979447285,0.19999999288349052,0.19999998528891896
2877,c2996e63bdfce6a38794bbe7baea646782fff3dceb20508289ce837ff545ccf9,Pest-Damage(513),2,0.9999999999999936,0.20000001598984032,0.20000001944215318,0.20000002884105897,0.1999999790434101,0.19999995668353746
2878,f92c3bf4e076f89462333543e4e81302f0c0e861be569f9740209735ee8eadb8,Pest-Damage(513),2,0.9999999999999993,0.20000000212696356,0.20000000258573464,0.20000000383879685,0.19999999721047224,0.19999999423803275
2879,361a6490b3b5fe784da9ed8a794e2968b7ae06c4132fe5f9e78d266190702690,Pest-Damage(513),2,0.999999999999988,0.20000002224445027,0.20000002704506578,0.20000004012571684,0.19999997084313081,0.1999999397416362
2880,c5f5715edda2f6d810e8a11a536a5b20bd4779e5b119ceeedc4fcdce1c5c48e9,Pest-Damage(513),2,0.9999999999999541,0.20000004433137125,0.20000005390983633,0.20000007996579217,0.19999994189622264,0.19999987989677762
2881,2a68ef667ba4be5f7d50855b6c418233af216f3f35360bcf7d074a0459cffab9,Pest-Damage(513),2,0.9999999999999908,0.20000001946378498,0.20000002366711428,0.20000003512082543,0.19999997447998047,0.19999994726829484
2882,b168165a9be004b76afe3ffdf8d2b34836ece5dfba2f7a16c2efccfa088b551d,Pest-Damage(513),2,0.9999999999999581,0.20000004239300676,0.20000005155497824,0.20000007644320048,0.19999994445737915,0.19999988515143535
2883,d775cbf77b7750ff7d021ee4b44c647fec2e98ed624dc3b9c91121f48a959691,Pest-Damage(513),2,0.9999999999999866,0.20000002360671298,0.20000002870661748,0.20000004256680748,0.1999999690711603,0.1999999360487018
2884,9158ed9ed87961271b386c29c34329650e915ce42f7550759531aaae88372115,Pest-Damage(513),2,0.9999999999997897,0.2000000955198675,0.20000011615613905,0.20000017229738284,0.1999998748069628,0.19999974121964778
2885,20e2bfd30723b409e5a90dbb0064d18b355e4b383c657da631d6183684e1debc,Pest-Damage(513),2,0.9999999999998852,0.20000007047160598,0.2000000856892564,0.20000012710959927,0.19999990763966988,0.19999980908986842
2886,ed430421feca12467fc1d181b86cfe893349c15a4c62af6d861cd379dc5a524d,Pest-Damage(513),2,0.9999999999999689,0.20000003639276148,0.20000004425743084,0.200000065635755,0.1999999523093007,0.19999990140475207
2887,ad250252f3be84b1ebf7bbc01f3fbae44560e6e3992037af371cf9939f2c4131,Pest-Damage(513),2,0.9999999999999941,0.20000001518044122,0.20000001846245713,0.20000002737795616,0.1999999801076138,0.1999999588715316
2888,d360159fe1f1efb35790f0b907f6aaa21b420e7b953c581ef6780ddf0773fe11,Pest-Damage(513),4,0.999999999999999,0.19999999573756466,0.199999994821751,0.19999999231471277,0.20000000558514489,0.2000000115408268
2889,22764b3b874f722f1fd2d7b4dec132b76d4dddb4eb1bb2c976378c5107c2218a,Pest-Damage(513),4,0.9999999999999799,0.1999999709213374,0.19999996464023428,0.19999994754691963,0.2000000381132264,0.2000000787782823
2890,7ebea0acf723a17d65167493a28dcd624bc95cc4878bf0b8ceabc714b6880ecc,Pest-Damage(513),2,0.9999999999999306,0.2000000547472445,0.2000000665712164,0.20000009874664657,0.19999992824918159,0.19999985168571102
2891,86b2d360a90ffb33fd3ceb584f42c389518b460363da19e979f2647612149f05,Pest-Damage(513),2,0.9999999999999882,0.20000002193983368,0.20000002668225064,0.2000000395754104,0.19999997124462326,0.19999994055788206
2892,6b49e33c07666b604f0b4075074a6a5e789f827004923bd1f7923b90b6a90834,Pest-Damage(513),4,0.9999999999999983,0.19999999351018324,0.19999999210692826,0.19999998829460297,0.20000000850498703,0.2000000175832985
2893,be59768d1aa8428bccebda220635a11773267f86e46b9757928d7c5b66928630,Pest-Damage(513),2,0.9999999999998136,0.20000008991768833,0.2000001093373018,0.2000001621786587,0.19999988215858208,0.19999975640776912
2894,c3aa69a63da4814dbe9a5b635100beb1832a16da3f47630e3559bb659b3b4c32,Pest-Damage(513),2,0.9999999999998506,0.20000008045476997,0.20000009783278205,0.2000001451199159,0.19999989455382444,0.19999978203870758
2895,d2060ece3505e1cbe922e91a0e4f7f94d7265d46ab4b8fb793a0a45ba8f2c105,Pest-Damage(513),2,0.9999999999999829,0.20000002674739728,0.2000000325220875,0.20000004824969375,0.1999999649403718,0.1999999275404496
2896,407e33c898f82f7fad13b07292352e241d38bc589e11d329209de743952121f5,Pest-Damage(513),4,0.9999999999999973,0.19999999061175036,0.19999998858368678,0.19999998306817185,0.20000001230277462,0.20000002543361642
2897,e864633fdfd2470f2b3e102f3aa916888374469fab8e2cdcaef7d92a6338253f,Pest-Damage(513),4,0.999999999999999,0.1999999960676838,0.19999999521985856,0.19999999290301068,0.20000000515729185,0.20000001065215517
2898,55312c02b4345ba6ae3fa641272aa33cc1849b036b298df3e41bea2127ae20c6,Pest-Damage(513),2,0.9999999999999819,0.2000000276652616,0.20000003363912428,0.2000000498925899,0.19999996374735624,0.1999999250556679
2899,51f3326167df06ae230973f14a6db434e13e626278804b0069e0153cb2f02937,Pest-Damage(513),4,0.9999999999999797,0.19999997080366433,0.19999996449825694,0.1999999473261987,0.20000003827423057,0.20000007909764947
2900,afcc5fe2e87aef2ef2cbaaf4296151f3b7b56b1253c76cd0bb1e469d1d7f7e17,Pest-Damage(513),4,0.9999999999999972,0.19999999047419248,0.19999998841482516,0.1999999828210406,0.20000001248197036,0.20000002580797135
2901,e1871969003134aa70208676f0ed4bb8ddbfd7c23a386d2782f6851bc02a39a5,Pest-Damage(513),2,0.9999999999997761,0.20000009857062426,0.20000011986292612,0.2000001777995524,0.1999998708084199,0.19999973295847717
2902,2aec2ed83ceee2ca43690cb65da68fd50981e286228e5f1647887bdbc11b77de,Pest-Damage(513),4,0.9999999999999989,0.19999999531155271,0.19999999429750162,0.19999999153319692,0.20000000615229274,0.20000001270545598
2903,12753a6511ed524e3e5e9b095b3db5558882df0d55697167785d7c848a0e963a,Pest-Damage(513),2,0.9999999999999578,0.2000000425673992,0.20000005175610577,0.20000007677873283,0.19999994421039483,0.19999988468736724
2904,44a1c3eca01620ec36a009a76228335d52fee7212a3935c67568994349bdb268,Pest-Damage(513),2,0.9999999999999438,0.20000004911855646,0.20000005972413346,0.20000008858046175,0.19999993563609572,0.19999986694075259
2905,4e6626b7c2bb121a8738dedb390ec96308d93d6d3b2e3126822d2307bd833ef6,Pest-Damage(513),2,0.9999999999999891,0.2000000211231567,0.20000002569025196,0.20000003809822758,0.1999999723183717,0.199999942769992
2906,47c9c398132bec3370a0b75234c1311bd9f6bc775a2225007db6fb2a57b46792,Pest-Damage(513),2,0.9999999999998952,0.20000006732200723,0.20000008187000665,0.20000012143164128,0.19999991176743934,0.19999981760890545
2907,20c0e04a71f86f5f2858e69ee900f7cc4b77a6662da8eaaf0fcb95a929a63599,Pest-Damage(513),2,0.9999999999999502,0.20000004620733575,0.20000005618197203,0.20000008335109662,0.1999999394344551,0.1999998748251406
2908,317a18c27a98e3c3d6da664955fe20c6cc9d3eceacfd398469d2c2071ae868d7,Pest-Damage(513),2,0.9999999999997946,0.20000009442639857,0.200000114822571,0.2000001703220513,0.19999987624157817,0.1999997441874009
2909,45ebc2fb994f27c323b8a42cbe20572c8a1120e80da8911f6c9ef23a03c99411,Pest-Damage(513),2,0.9999999999998751,0.2000000735429332,0.20000008942858238,0.20000013265687744,0.19999990360956418,0.19999980076204282
2910,d3d8c7ad0417d71ada0f3115ebec645d8009968bc14dad8957de25a741dc99ca,Pest-Damage(513),2,0.9999999999999692,0.2000000361119001,0.20000004391006942,0.20000006513876606,0.19999995266876516,0.19999990217049915
2911,c44aab23c7cb8af11f94d0659556630caa1f8e2509e2443480b9d08943004736,Pest-Damage(513),2,0.9999999999997999,0.20000009317206213,0.2000001132969755,0.20000016805459783,0.19999987788928672,0.19999974758707786
2912,b97f243cf7be815a9f77a49be19f8ab0b2563fe5b44879a684288559e4b11631,Pest-Damage(513),2,0.9999999999999847,0.20000002526034144,0.2000000307154813,0.20000004554763687,0.19999996690493907,0.19999993157160137
2913,95e3cc54868605287bd8524c3e7dc4dc3f70da95452f0b527efd3befa0724229,Pest-Damage(513),2,0.9999999999997374,0.20000010679736044,0.20000012986497515,0.20000019263649402,0.19999986002742662,0.19999971067374375
2914,329e2dc60dda01a2202213f4803702dde02d818e5713e1c3c59a5b6282b5f3ef,Pest-Damage(513),2,0.9999999999998768,0.20000007305514747,0.200000088831051,0.20000013177679804,0.19999990424814584,0.19999980208885768
2915,644716260fefd2e06a07a1954a1012a7a97d558d3e6515600fbb37b36ffcce63,Pest-Damage(513),2,0.9999999999999852,0.20000002476493953,0.20000003010914938,0.20000004465403728,0.19999996755340724,0.19999993291846654
2916,f3d75417a4fb93b62c91df1b3554414ba1dcd83c6ff06c60f8bbb8e11ee4a945,Pest-Damage(513),2,0.9999999999999888,0.20000002131508932,0.20000002591716234,0.20000003844254402,0.19999997206691203,0.1999999422582923
2917,45d608874bcce5822f4da0e35e9641217d0d7dbf634c2d8f429733f9f63e96cd,Pest-Damage(513),2,0.999999999999956,0.2000000434586045,0.20000005284485545,0.20000007839581804,0.1999999430360297,0.19999988226469237
2918,8cc25930cd12371f647c26dac7d749cf82e339427d28de1a3523116cd98b2ccf,Pest-Damage(513),2,0.9999999999999222,0.20000005794366518,0.2000000704601598,0.2000001045221013,0.19999992405265188,0.19999984302142182
2919,3c19be11afb2b9bc85ac84a67e4c00b3ea35792f40e677ec515b4875ca956fd1,Pest-Damage(513),2,0.9999999999998277,0.200000086447583,0.20000010512382374,0.20000015592027362,0.1999998867072826,0.1999997658010371
2920,6ed6741e54b6c443cba0e510a288484b252665ec3fd429238e40be04f4955bcc,Pest-Damage(513),2,0.9999999999998107,0.2000000905865108,0.20000011014905475,0.20000016339785345,0.19999988127183388,0.19999975459474695
2921,0df9ca29ceefebd6840d9a5967a8064e2bd29ca3bc2c658b35bb35f6efced7aa,Pest-Damage(513),2,0.9999999999997798,0.20000009777343278,0.2000001188956512,0.2000001763588186,0.199999871855843,0.19999973511625446
2922,1e12c46467eab12b7d82517337cfac7204b5bd1459389568f5cf91b6a1d1a3a9,Pest-Damage(513),2,0.9999999999997051,0.20000011316702443,0.2000001376105388,0.20000020413007424,0.1999998516758384,0.1999996934165241
2923,b2f864c161ff918f61c2a5854cf62ae5d42399e7ff1f7e48c4805b528d24dec9,Pest-Damage(513),2,0.9999999999998773,0.2000000728871542,0.20000008862427052,0.20000013146848977,0.19999990447188243,0.19999980254820307
2924,8c7ce1afa32578ac2ddbc9d47bcee8550908f92cafe51c0288b245fb69f63dc1,Pest-Damage(513),2,0.9999999999999379,0.20000005174386654,0.20000006291657052,0.20000009333009952,0.19999993218433976,0.19999985982512375
2925,9da5d35f602cf975fd2a47b4fe5c04905252f93dfc990d62f58dc28d6409cb2d,Pest-Damage(513),4,0.999999999999999,0.19999999690843237,0.19999999624459505,0.19999999440375107,0.20000000406804674,0.20000000837517476
2926,1943ae43afe6b1b7aed16f093f63d3495908dba54e54bbc6b5073d091b271373,Pest-Damage(513),2,0.9999999999999911,0.20000001896091169,0.20000002305307174,0.20000003419732562,0.19999997515122284,0.19999994863746814
2927,b3e3b4096128c5262d0131c934bf836b0144aff262c85fd2b3016e7739340785,Pest-Damage(513),2,0.9999999999999833,0.2000000264047746,0.20000003210462208,0.20000004762972404,0.19999996539076315,0.19999992847011616
2928,d74ea030dfb267d4afb3edd4cb183852d13b03ccae3d16df850ba8dcb4b4507a,Pest-Damage(513),2,0.9999999999998466,0.20000008157032959,0.20000009918730008,0.2000001471387732,0.19999989308614197,0.19999977901745508
2929,82c5308943b59de3cf82ae4d31d9d4eb57ab091f0ac7a88893317451f7281756,Pest-Damage(513),2,0.9999999999998606,0.2000000777263473,0.20000009451311426,0.2000001401947025,0.1999998981323086,0.1999997894335273
2930,73471afee278c36b1cd8c330c56f30ac83da987811d81fee81f57bfbfe0b10f7,Pest-Damage(513),2,0.9999999999999462,0.20000004804859847,0.20000005842131424,0.20000008665527377,0.1999999370344244,0.19999986984038906
2931,2d48c51908ec8a152a62b12bb7cc144ec157c257c172a890ace2d0a3081701b5,Pest-Damage(513),2,0.9999999999999095,0.2000000625701368,0.2000000760912773,0.20000011284975477,0.19999991800355088,0.19999983048528025
2932,8cbba9234e85a90e125b2ac41ce193278661167ff7b54bf92ea20990d3c289b8,Pest-Damage(513),2,0.9999999999998818,0.20000007153504923,0.20000008698235272,0.20000012903575176,0.19999990623972572,0.19999980620712057
2933,3712c18fbf04cdf132d8b8531fb611ccd78819999d6d80dc70c5a320fb60f061,Pest-Damage(513),2,0.9999999999996871,0.20000011657857192,0.2000001417603234,0.2000002102813548,0.1999998472066293,0.19999968417312056
2934,86ee314ad28c6434db6b901ba61861ef45429311f978d1bea33ccb2e44163ef5,Pest-Damage(513),2,0.999999999999921,0.20000005841770033,0.20000007103865186,0.20000010536345228,0.19999992344234852,0.19999984173784707
2935,26bba05ebf9b4c4847f8c0bf6d302f23fc9f7aa13ff1af07aec0b524bde56a5f,Pest-Damage(513),2,0.9999999999999936,0.20000001584681554,0.20000001927111047,0.20000002857954416,0.19999997923419408,0.19999995706833557
2936,382777ffc70b4c1d63690289580a093895ebdabaca3d3392764289635db94113,Pest-Damage(513),2,0.9999999999997963,0.20000009400534716,0.20000011430779663,0.20000016955863106,0.19999987679591072,0.19999974533231435
2937,23e0695eaff5765be929b37428991bc1087f94f39895c87a47c384380b52e576,Pest-Damage(513),2,0.99999999999978,0.20000009772812474,0.20000011884135407,0.2000001762810831,0.19999987191231497,0.19999973523712317
2938,362a9847b5e1ca2f2cebd14d18843076bf6b4a18603080f8c414ad25215c94df,Pest-Damage(513),2,0.9999999999999775,0.20000003080507944,0.20000003746102382,0.20000005559278558,0.19999995960471598,0.19999991653639512
2939,9eb2d64c7e8f52355a6038ad4fe3ff74b78407ec6eea9ea9a7e55ac350c4379b,Pest-Damage(513),2,0.9999999999998503,0.20000008054839455,0.20000009794773962,0.20000014527432836,0.1999998944424763,0.1999997817870612
2940,62213577a4e5c9e9f219e709a6cf1577eb896af8894a2004476e7218744aa69f,Pest-Damage(513),2,0.9999999999999564,0.20000004326548823,0.20000005261158751,0.20000007802702024,0.19999994330521617,0.19999988279068778
2941,5243f1b8f7a4848ff0668171de2777ea92a784a527b2c2be98402fdf8ba867cb,Pest-Damage(513),2,0.9999999999997957,0.20000009419063022,0.2000001145362579,0.2000001698971735,0.1999998765503628,0.1999997448255757
2942,e3bde12dc2b533662f1ce97168a405be1027d7cb5ac315d68e3df2e7e14a0676,Pest-Damage(513),2,0.9999999999998606,0.2000000777360228,0.2000000945277875,0.20000014022312199,0.19999989811178528,0.1999997894012825
2943,cad367d5856512bcc798b5e1c6bfa5eb08946e62b392902283c404dc45ffce30,Pest-Damage(513),2,0.9999999999997984,0.20000009351796505,0.20000011371370646,0.2000001686730107,0.19999987743939104,0.1999997466559267
2944,9cf4e20f8dba0d564595c7f74dec975f7de319ffd62eeaa96b8287d34013154d,Pest-Damage(513),2,0.9999999999999,0.2000000657989029,0.20000008001062486,0.2000001186805354,0.19999991376506904,0.19999982174486788
2945,7e3e7d17d6183fc905a5b06f51f49ecddd13b33c00fb3008fae8e00ccbce641b,Pest-Damage(513),2,0.9999999999997872,0.20000009612356107,0.2000001168872079,0.20000017337981232,0.1999998740200953,0.19999973958932338
2946,9cf83367b7bc4184177fd73382ffba2c11ed877d799f6e6f461cd977458747cf,Pest-Damage(513),2,0.9999999999998813,0.2000000716916508,0.20000008717437331,0.2000001293097968,0.19999990604130266,0.19999980578287646
2947,432adcad0a385972194fee4c4067b0e9e45d7fc9553a9f93b0386ddb14a4083b,Pest-Damage(513),2,0.9999999999999436,0.2000000492833006,0.20000005993406295,0.20000008888836976,0.19999993541391764,0.199999866480349
2948,aa24efb7181fe2abb3e3d35b6c5e586d4fb7c5f70a22f72aeb6e09a05d7f4d8c,Pest-Damage(513),2,0.9999999999998979,0.20000006646518775,0.20000008082450396,0.20000011988201657,0.19999991289283667,0.199999819935455
2949,7e9e12722f311aa24ae293d4c496ccb6d5856f7c7107d19debfd8d905ad5bf7e,Pest-Damage(513),4,0.9999999999999989,0.19999999567382246,0.19999999473835867,0.1999999922176415,0.20000000565367038,0.20000001171650697
2950,3d39869ee8762190c8e0e8493de6d70e5314c420d5b25aba2a9c3b1f1fea87be,Pest-Damage(513),2,0.9999999999998913,0.2000000685461888,0.20000008335195255,0.20000012362953132,0.19999991016946633,0.1999998143028609
2951,441fd165a3ec09a789c91364e27eb3ce6820ac7121e0c69fb870491f703957e6,Pest-Damage(513),4,0.9999999999999959,0.19999998770312447,0.19999998504908112,0.19999997780057488,0.20000001613169666,0.20000003331552282
2952,0b8b4aed93a86a3483614b5867c63a1cd7b3decc37f0fe272434d0ee240a6954,Pest-Damage(513),2,0.9999999999997525,0.20000010366591042,0.20000012605790388,0.20000018698724933,0.19999986413243706,0.19999971915649928
2953,9bbdeca088ef1d3fa21fcfb3d2332e6cf200d9471a304e008cbe9175caf6d484,Pest-Damage(513),2,0.9999999999999563,0.20000004327924786,0.2000000526283049,0.20000007804947728,0.19999994328902887,0.19999988275394104
2954,4d892e52a94c86b02573f4d3edee03d511fb601e72fb3e4c960941ca36ac8243,Pest-Damage(513),4,0.9999999999999993,0.1999999985967201,0.199999998292562,0.19999999749127886,0.20000000182168579,0.2000000037977533
2955,b58d78729c968d15d920bdbe8d65e7387bdc9ae2e5f2d5ff1d0164daf53cc4ff,Pest-Damage(513),4,0.9999999999999899,0.19999997974541892,0.1999999753699471,0.1999999634717588,0.2000000265415697,0.20000005487130545
2956,936aa932fa62aa6af8051fb3cabba59386625dee577e86bf61814855c6d418a7,Pest-Damage(513),2,0.9999999999999972,0.2000000095617672,0.2000000116255547,0.20000001727413705,0.19999998744688396,0.19999997409165712
2957,9429c4e683bc7b8361cc9d620225cf4f0f18f8d301d5877b13777fc64a71cee4,Pest-Damage(513),2,0.999999999999991,0.20000001901803835,0.2000000231242198,0.20000003432431288,0.19999997505823627,0.19999994847519273
2958,b6342538683eedc54bcc406cf4570fa985aeb598ae7676d3c3bb37c6db8d0c6e,Pest-Damage(513),2,0.9999999999999966,0.2000000110826594,0.20000001347898985,0.2000000200226127,0.19999998545041592,0.19999996996532207
2959,188074dd81c27e4523ac33a5881fa177cecf288853353f609cc7f06651f8193b,Pest-Damage(513),4,0.9999999999999982,0.19999999320349726,0.19999999173600677,0.19999998776604486,0.200000008888408,0.20000001840604303
2960,6c1f61fa0899148b33400e18dd1a949f83c0461d4c004e2172d956900939985f,Pest-Damage(513),4,0.9999999999999905,0.19999998032286675,0.19999997607402736,0.19999996452100255,0.20000002577924164,0.20000005330286172
2961,b3bba84959fec2c525d87835a32d2a7add10ae471bca94024cceac511b30f1be,Pest-Damage(513),2,0.9999999999999976,0.20000000901428386,0.2000000109569568,0.20000001627323244,0.1999999881741305,0.19999997558139637
2962,5b4d9568b5c256e1eb9aa6e56a2d73f8cda3c9c405ecaffc197ed8ff836de766,Pest-Damage(513),2,0.9999999999999155,0.20000006038755055,0.20000007342957293,0.2000001089199581,0.199999920857054,0.19999983640586444
2963,11afc769ec89a9b57dc7aab88728d6c3f85e0c20dec18b0b97b0a03adb418e51,Pest-Damage(513),4,0.9999999999999866,0.19999997635930483,0.19999997125292912,0.19999995736505408,0.20000003097884533,0.20000006404386672
2964,c459a0bd9c076cf4c4c465969216795dc5fc094c452c7ea9d5047db408deb491,Pest-Damage(513),2,0.9999999999998848,0.20000007059442576,0.20000008584471107,0.2000001273589044,0.19999990745855278,0.19999980874340584
2965,e632b4ff9a325f1d9ba0303598e186100454d253a3282c367ea370fcf8b66e8e,Pest-Damage(513),4,0.9999999999999847,0.19999997476999776,0.1999999693222374,0.19999995447809063,0.20000003307783526,0.20000006835183892
2966,4155be0394b7dc363e1d588097f068117e0d73ce715274cf477634d1c3276a4b,Pest-Damage(513),4,0.999999999999984,0.19999997418116489,0.19999996860374242,0.1999999534272657,0.20000003384037604,0.20000006994745098
2967,8ebd74c2b6bb39e765ec16a37b87a93dbe0a39836ba8c97e2235559d9566b7b0,Pest-Damage(513),2,0.9999999999999926,0.20000001731638628,0.20000002105355852,0.20000003124101673,0.19999997729892122,0.1999999530901173
2968,eeec7b41d7af5fad0e0697cc35d26be64c646e9b37c0984948d270ba3919ea6e,Pest-Damage(513),4,0.9999999999999921,0.1999999823932909,0.19999997858841026,0.1999999682384667,0.20000002307814652,0.20000004770168553
2969,1eff4394db34803f05fa4ed5bc4b2d27623d720af558d1276dbb145a3c5f228f,Pest-Damage(513),4,0.9999999999999587,0.19999995796770706,0.19999994888593695,0.1999999241823795,0.20000005508965224,0.20000011387432412
2970,665f75893292c6c9478c43b35a852dea2492cf30257a7344d7d3496eb13d5531,Pest-Damage(513),4,0.999999999999992,0.19999998206846442,0.1999999781928651,0.19999996765933245,0.20000002349854237,0.20000004858079565
2971,31781bb7b3f89ca37184602f6f4613f6e1350e1c7f8d9ceda90897fa8ca6fbb5,Pest-Damage(513),2,0.9999999999999992,0.20000000391682096,0.2000000047603511,0.2000000070542993,0.19999999487422318,0.1999999893943055
2972,c666aaefbbad9cdfc1fc07c28c14c8fbfcb2f580e67b82b48ba0fdfb5e812287,Pest-Damage(513),4,0.9999999999999993,0.1999999973190623,0.19999999673852456,0.19999999516032627,0.20000000351646133,0.20000000726562558
2973,d447f007c725e54a56a6496d0d3c2550e479f82e88741c4f300ea59916ac27bd,Pest-Damage(513),2,0.9999999999999163,0.20000006017362776,0.2000000731701061,0.20000010854278966,0.19999992113087112,0.1999998369826053
2974,c49c270fd73be89a6cc1f99b15bf1a15b07c862984b8afae25172e5823443698,Pest-Damage(513),4,0.9999999999999698,0.19999996425852246,0.19999995653685826,0.19999993552379763,0.20000004684932304,0.2000000968314985
2975,633ee21d27f2d1fecf04ed8a8b3b872302907e2b3c134e0e3edbf5c6ddb93809,Pest-Damage(513),4,0.9999999999999982,0.1999999925996204,0.19999999099829316,0.19999998665554694,0.2000000096955058,0.20000002005103365
2976,0888fbb604a025a790fb03c83e8dde01db00ed32fb3ca1c9b109e6f903514632,Pest-Damage(513),2,0.999999999999999,0.2000000041331637,0.20000000502145085,0.20000000745074234,0.1999999945854739,0.19999998880916925
2977,797250d1af41ffe4cb3da223b330f258f105a35228aee5f50330ce91f97e949c,Pest-Damage(513),4,0.9999999999999574,0.19999995724663558,0.19999994801394222,0.19999992287603818,0.20000005604009854,0.20000011582328553
2978,bd68d760c7cdf940ffbcf0188cae663d9dc7126d4243cde9c179e8e73b0d3955,Pest-Damage(513),4,0.9999999999999802,0.1999999711813669,0.19999996495317554,0.19999994802251703,0.20000003776669922,0.2000000780762413
2979,a3f2f3146cdbd03d230fb8b12716e85b628192ca9df58dd7310e78da3101f43f,Pest-Damage(513),2,0.9999999999999964,0.20000001112432048,0.20000001352562888,0.20000002005004897,0.19999998543173786,0.1999999698682637
2980,1840a677605524b7412a7eb349d84770d6e291d73ef2c70b465606b2ece4d873,Pest-Damage(513),4,0.9999999999999989,0.1999999957460058,0.19999999482564268,0.19999999232731128,0.20000000557475678,0.20000001152628338
2981,1a9a626d3087d655e38159ab2db99bf13ea663c87f1fbbcdf2727f4a23e550da,Pest-Damage(513),4,0.999999999999991,0.19999998075002676,0.19999997658898586,0.19999996527653396,0.20000002522998575,0.20000005215446773
2982,de1f9f0f3cca16a3885a2a2e2dac4e322e474544cea242077d8567ee26481779,Pest-Damage(513),4,0.9999999999999638,0.19999996072131654,0.19999995224080427,0.19999992914341572,0.2000000514864822,0.20000010640798124
2983,d97bc20b63cbe355b504133f82874b3706bca164f762f2529d906227dd547b13,Pest-Damage(513),4,0.9999999999999977,0.1999999914550053,0.19999998960578344,0.19999998458248777,0.20000001120205377,0.2000000231546697
2984,ebe8fcd7e1c54ad885cdc26461bc70e606b94528a4494057ec51cfabc025dd10,Pest-Damage(513),2,0.9999999999999148,0.20000006061679226,0.20000007370664313,0.20000010933797585,0.19999992055277732,0.19999983578581135
2985,907e8569dc80b8a654d5eacd56d3b4adf881f61803b991e6634864f98af8c2a5,Pest-Damage(513),4,0.9999999999999966,0.19999998871942265,0.19999998627880372,0.19999997965278632,0.20000001478375676,0.20000003056523055
2986,22aa1412d5bbab50dc3ddc7dffdffcd042c2a2fae6cb41c236a902dc5c7a8222,Pest-Damage(513),4,0.9999999999999879,0.19999997762090832,0.19999997278577153,0.19999995963232484,0.20000002933151467,0.20000006062948072
2987,37c48f2ae61136d061fdb7209290784250a7c902211380447b4202ed0e3351a3,Pest-Damage(513),4,0.9999999999999863,0.1999999762622044,0.1999999711322185,0.19999995717345412,0.20000003111826328,0.20000006431385967
2988,65618c09c1375e401afc0c999b6fab8a64862dae324d3be9006097825d875516,Pest-Damage(513),4,0.9999999999999921,0.1999999821042386,0.1999999782363452,0.19999996771348683,0.20000002345964193,0.20000004848628755
2989,7897177c91204444583d131ee0b56fe1f22fd98949cb43f0445bf37dd5c84cf2,Pest-Damage(513),4,0.999999999999978,0.1999999695395912,0.19999996295717667,0.1999999450566397,0.20000003992202722,0.2000000825245652
2990,dc7e1b5022abd7faf6f3d7baa69f406c258b63d9b7bf76777cf5a0c50cbc0173,Pest-Damage(513),4,0.9999999999999681,0.1999999631979701,0.19999995525042344,0.1999999336113381,0.20000004823958165,0.20000009970068663
2991,91127c61224e25f24856b93469f8f7f469f4515f5ceef2cce4ac93419d9e51c6,Pest-Damage(513),4,0.999999999999984,0.1999999741814953,0.19999996860831393,0.19999995341854748,0.20000003384798556,0.20000006994365763
2992,e1144d4c1e058dfcf46bf95d4c59a852ab8153840daa798fd839835de58ba4d6,Pest-Damage(513),4,0.9999999999999626,0.19999996005881268,0.1999999514314242,0.19999992795566263,0.20000005234842935,0.20000010820567116
2993,37231c6382a89b1da99cb976083ff98b97755507e737abb74872fd135a0c8b0c,Pest-Damage(513),4,0.9999999999999839,0.19999997398829067,0.19999996836862574,0.19999995309094556,0.2000000340841208,0.20000007046801715
2994,fac744dfbd28db19c2a0ca565337fe2b36575a497cc1cddf67866140d1fd4258,Pest-Damage(513),4,0.9999999999999947,0.19999998547234105,0.19999998233112726,0.19999997380010606,0.2000000190363738,0.20000003936005187
2995,85ed2395d9351608614dcdacbdd98a828f865fcfe847d98cb8de41e6aa8b5a61,Pest-Damage(513),4,0.9999999999999979,0.1999999923958547,0.19999999075406044,0.19999998627230148,0.2000000099754305,0.20000002060235275
2996,32dfa2ccb9ac442f566643eb1f22fada50b1cc8373ff09ef45246544ac46f8fe,Pest-Damage(513),4,0.9999999999999697,0.19999996400503944,0.19999995622625785,0.1999999350651969,0.20000004718214268,0.20000009752136325
2997,791edd337adf6601ddbb588f3a5293226e54dd771515f9ef62c7335104dddfee,Pest-Damage(513),2,0.999999999999999,0.2000000043889738,0.20000000534134782,0.20000000790064912,0.19999999426088672,0.19999998810814243
2998,a0385df84ccb64b09339b11995e47b24ba9e13fba82bc959e5cfc01b32df032d,Pest-Damage(513),2,0.9999999999999086,0.2000000628214375,0.20000007638803383,0.2000001133121143,0.1999999176653338,0.19999982981308057
2999,d05aa6cde992f89ab881080d287c6ae8695e07147405d5f12df61cd53a061a40,Pest-Damage(513),4,0.9999999999999928,0.19999998299040703,0.19999997931506608,0.1999999693117403,0.20000002229857716,0.20000004608420943
3000,1a409a8199ef6f54d57a43909e818889936b1a1eb6db39f152f7ac68dc84a5cf,Pest-Damage(513),4,0.9999999999999873,0.1999999771211519,0.19999997217730187,0.1999999587399402,0.20000002997938254,0.2000000619822236
3001,20bf3f402fa3dcc94e2748a74fae144700d9d37ad15aed1c974bb5ef4acbc651,Pest-Damage(513),4,0.9999999999999815,0.19999997221269475,0.1999999662094758,0.19999994987165584,0.20000003642402447,0.200000075282149
3002,4b3c75261abd822b843482be592251bacf9a1354af4deb3161cf535a22a78e7c,Pest-Damage(513),4,0.9999999999999722,0.1999999656299689,0.19999995820454253,0.19999993799654028,0.2000000450526626,0.2000000931162856
3003,76415694b7b25941227c10cd7b31dbb25128be69162dae8329a0237b607c050e,Pest-Damage(513),4,0.9999999999999826,0.1999999730595669,0.19999996724086563,0.19999995139508814,0.20000003531758592,0.20000007298689332
3004,441502aab7dd3acdfef209ee708fd86e295541e70bc136df2e8736dead7c14b3,Pest-Damage(513),4,0.9999999999999993,0.1999999978821851,0.19999999742476923,0.19999999619136016,0.20000000276694074,0.20000000573474475
3005,f42e276f6a5a89ae6cadd4e9cdab6923bdb8ac79fe4183e6562c29b25a5e5e5e,Pest-Damage(513),4,0.9999999999999902,0.19999997993969168,0.19999997560594443,0.1999999638151196,0.200000026292344,0.20000005434690032
