feature_row,source_id,class_label,filename,hard_cluster,membership_0,membership_1,membership_2,membership_3,membership_4
0,b855dcf781196bdf4acdb6d3be0f3aa9f92a2a293d651b2d2bb180a8bf73035e,Anthracnose(102),Anthracnose (1).jpg,4,0.19999999753395678,0.20000000110308264,0.19999999886815154,0.20000000067526405,0.200000001819545
1,87cbaa0917db06ba22386cfefc348f6e0f1c8d41f630462a04943de4865a5db4,Anthracnose(102),Anthracnose (10).jpg,4,0.19999999265820376,0.20000000328588352,0.19999999663149093,0.20000000200923992,0.2000000054151819
2,4a8cf82c320296d8022fa24f70b49324ec0cb8a233815cc77f65c996ac1d0060,Anthracnose(102),Anthracnose (100).jpg,4,0.1999999427832477,0.200000025733744,0.19999997382935972,0.20000001558183328,0.2000000420718153
3,beaca11596033dd112544ffda1492c5001772c521478dc629b6a217377080128,Anthracnose(102),Anthracnose (101).jpg,4,0.19999985489419267,0.2000000654358957,0.1999999337409499,0.20000003941109323,0.2000001065178684
4,eb2943a18cceec63d2092dedf0198eb7804a571e3afa3c038349f5df330e3f06,Anthracnose(102),Anthracnose (102).jpg,4,0.19999996239301984,0.20000001691592212,0.19999998280004339,0.20000001024046954,0.20000002765054517
5,70b5a84d44ffda7840ad92c2faacd92ea09254dfb3634a3348cf213e0cfa4456,Anthracnose(102),Anthracnose (11).jpg,0,0.20000000558567124,0.19999999735489155,0.20000000246931762,0.19999999856004821,0.19999999603007135
6,6513ae19078b995e6b34bf8d7aeea25a37be6006561731d370f4d5329a502e43,Anthracnose(102),Anthracnose (12).jpg,0,0.2000000804543655,0.19999996353176638,0.20000003661713953,0.19999997826277582,0.1999999411339528
7,c7aaa4a29753ec27c41c9c2bcdcdab975d27eec4cf4e70b60c8dee53acb51aee,Anthracnose(102),Anthracnose (13).jpg,4,0.1999999875599701,0.20000000560100603,0.19999999431383947,0.20000000338412618,0.2000000091410583
8,8396b72c811ffc54aa9b89298c6afaa43a3ebf726bef63635d25148fdea4b6b4,Anthracnose(102),Anthracnose (14).jpg,4,0.19999998763176358,0.20000000556732234,0.199999994345786,0.2000000033654329,0.20000000908969523
9,bb4e4be9f661773672aa4b393cc3e825bf0f62b4d563b17df43d77247ae10a45,Anthracnose(102),Anthracnose (15).jpg,0,0.2000000212643319,0.19999999031279336,0.20000000964689615,0.19999999428463897,0.1999999844913396
10,e12d7b8c036b365bd2dcb9ab1559ec380a9b1a2e6217104892f11182c35ae25d,Anthracnose(102),Anthracnose (16).jpg,0,0.2000000036280626,0.19999999833149598,0.20000000163579393,0.19999999903438295,0.19999999737026455
11,c6a52e79d8dcf8418e820334987c61fa30b74f8e443d9ce7de6b6e2a8d67b521,Anthracnose(102),Anthracnose (17).jpg,4,0.19999997399511016,0.20000001166518244,0.19999998808565853,0.20000000710058086,0.20000001915346807
12,7db30e7a704366f44641e124b4052c8d47295a96fbc19f437249f90714b2c0d5,Anthracnose(102),Anthracnose (18).jpg,4,0.19999997897524618,0.20000000940833335,0.19999999035259286,0.2000000057547433,0.20000001550908425
13,2cb6a7b46210b7b9362b49c03e03b521e06058a615bee11dad4631686f2f43c0,Anthracnose(102),Anthracnose (19).jpg,4,0.19999993012058784,0.20000003147012105,0.19999996806403034,0.20000001900510977,0.200000051340151
14,46b56510d1634f55da4625ff12d15fd342cd90b0e524fc58b42f790ff3f734ce,Anthracnose(102),Anthracnose (2).jpg,0,0.20000000163955145,0.19999999921515005,0.20000000071939486,0.19999999958247064,0.19999999884343309
15,6943ab94dac5431b78c31b826203c3fb49b82e2d99f383935f2804fb69bc9d3e,Anthracnose(102),Anthracnose (20).jpg,0,0.20000001186997873,0.1999999944789577,0.20000000531188586,0.19999999687894965,0.19999999146022804
16,c8657185ea469ecd1112d617e67b58d06b60ae28da226daa1f7b7b0f27b3cd38,Anthracnose(102),Anthracnose (21).jpg,4,0.19999999380964523,0.2000000026842681,0.19999999710431354,0.20000000174691424,0.200000004654859
17,4c2b44f3e3130972dad56d12bf4c65bfddfe70f94e120e268109d1b0ad97437f,Anthracnose(102),Anthracnose (22).JPG,4,0.19999987223338797,0.2000000576575952,0.1999999416846375,0.20000003467654456,0.20000009374783478
18,3f7812fb258535235edd6c60f77da30efe62efc24ac972e0a3f842ca1220424d,Anthracnose(102),Anthracnose (23).JPG,4,0.1999998764366386,0.20000005577423394,0.19999994361175083,0.20000003352753382,0.20000009064984264
19,526fd33e4b2ea5317eab207b64b358fb75925782ebac10fe639c35e4d6f8cb6d,Anthracnose(102),Anthracnose (24).JPG,4,0.19999990471978468,0.2000000429744542,0.19999995649736838,0.2000000258735164,0.20000006993487632
20,1603d84c9698fb404321601923cdfa49348e52d3127dea0fc9cb323156dd43e5,Anthracnose(102),Anthracnose (25).JPG,4,0.1999998363103984,0.20000007383496443,0.19999992526697274,0.20000004444685202,0.20000012014081245
21,23267d001bb4a99631f67e346cd47ba951e215063368aece482c982e3a395686,Anthracnose(102),Anthracnose (26).JPG,4,0.19999987179129436,0.20000005785431807,0.19999994148111128,0.20000003479828452,0.20000009407499175
22,6b1a65bb153f42171dda7e15979b6558a67e6c1c17b8bb62233a876beff828f2,Anthracnose(102),Anthracnose (27).jpg,4,0.1999999282477154,0.200000032296429,0.1999999671970861,0.20000001952493163,0.20000005273383784
23,01e291f8b62ce05388421f18ea31d1b500449970622347a63731caa7aa45ef5d,Anthracnose(102),Anthracnose (28).jpg,4,0.19999999410090097,0.20000000252344557,0.19999999721837078,0.20000000168586995,0.20000000447141264
24,3fd350dd6a779747d6b949ab04631bac51bda24b29c569b920a3b6153e591c9d,Anthracnose(102),Anthracnose (29).jpg,4,0.19999996713323612,0.20000001475152235,0.1999999849471984,0.20000000896926803,0.2000000241987752
25,dddbba7d6bb902b9b68f634ba95e2f5a769fada859ee665818e31341d015efa0,Anthracnose(102),Anthracnose (3).jpg,0,0.20000000302249124,0.1999999986020388,0.20000000135764198,0.19999999920043435,0.1999999978173937
26,e4f3dea2556bf0d86ee01610a31409547e087f3c9bc9e2c83b1ea8bc7559541e,Anthracnose(102),Anthracnose (30).jpg,0,0.20000000850959584,0.19999999604632804,0.20000000381092095,0.1999999977598439,0.19999999387331122
27,dc0d5ee594b0e487eb50870c4323a05a8f17acb1fb8a3b7b114849203ef2176c,Anthracnose(102),Anthracnose (31).jpg,4,0.19999986060929506,0.20000006279954055,0.1999999363124269,0.20000003789478848,0.200000102383949
28,8c2b8abcb7b63c6b87e783aade8f916cc2ac6424e5e34d9e2a489d01b6ec8fd1,Anthracnose(102),Anthracnose (32).jpg,0,0.20000011930935874,0.19999994603941268,0.2000000543782807,0.19999996769184414,0.1999999125811037
29,ff9372bab07609f953cf6be2c245e37799272f1ec8a68337c6f803ad93b82ce3,Anthracnose(102),Anthracnose (33).jpg,0,0.20000006926329802,0.19999996857964067,0.20000003150777257,0.1999999813014976,0.19999994934779114
30,b546b24bfe5990f26917a5222f981caccf8d9ce4cdd5ee38b7942ccaa7ff9c04,Anthracnose(102),Anthracnose (34).jpg,0,0.20000006735933396,0.1999999695207809,0.2000000306916511,0.19999998176836822,0.19999995065986587
31,637e2a107e65d1fb2d6085f530a07490065d817d1f3fb6169b7879e36beb0ec5,Anthracnose(102),Anthracnose (35).jpg,4,0.19999993401248453,0.20000002968917782,0.19999996982463367,0.2000000179640394,0.20000004850966463
32,855e9426fd6d91ac21637554877003c2c11787d77125bf15a1242a7a05b0c621,Anthracnose(102),Anthracnose (36).jpg,0,0.2000001295724438,0.19999994141868924,0.20000005906945553,0.1999999648997476,0.1999999050396637
33,6633a1d0326882dda1027f430c744fd6c96d897de3e0e92a1e63c68ba851eaf7,Anthracnose(102),Anthracnose (37).jpg,0,0.20000010891596579,0.1999999507556473,0.2000000496513132,0.1999999704968112,0.19999992018026244
34,d3033583481d5ef2b835943a628bdd25ff3c0227931663e6220dc12d07e844f6,Anthracnose(102),Anthracnose (38).jpg,0,0.20000006903175693,0.19999996872684128,0.20000003142975947,0.1999999813385042,0.1999999494731381
35,300cecedb217cbabc4cfc1033533bfbc7cfc205d9e7006b9362d33121e991b76,Anthracnose(102),Anthracnose (39).jpg,0,0.20000009572613983,0.1999999567351186,0.2000000436488565,0.19999997406004646,0.19999992982983858
36,fde6ffdfd86c52e53fb52cb5fc24bdeaa20020806909cae2c7fa6129ea6b9e17,Anthracnose(102),Anthracnose (4).jpg,0,0.2000000249083418,0.199999988636108,0.2000000112891905,0.19999999331503976,0.19999998185131992
37,2590e251f3c970b2d1755f440da6a8f8106a2e492c60381d4fb8a2dcbb831cbf,Anthracnose(102),Anthracnose (40).jpg,4,0.19999996837116377,0.20000001423225802,0.1999999855376985,0.20000000860947356,0.20000002324940613
38,20ab23b74fa4051b438c072656c0419d9b64268fd753d1ccae03291e8e79ea93,Anthracnose(102),Anthracnose (41).jpg,0,0.20000001965166794,0.19999999100002758,0.20000000888470773,0.19999999474703667,0.19999998571656014
39,d53065c50881932945274b202986315c642d577e71f3481906fbf08a67bbcafe,Anthracnose(102),Anthracnose (42).jpg,4,0.19999992173014414,0.20000003529027774,0.19999996425637756,0.20000002126198543,0.20000005746121527
40,ada9ad9e1ff692d8d6292ff9fd6f756a1f23dfd9163fcbda45c277a80aa1e64c,Anthracnose(102),Anthracnose (43).jpg,0,0.20000003171526215,0.19999998562737784,0.20000001443671145,0.19999999142921074,0.19999997679143783
41,088c56602036bd5d2c12454a7904a27c36fd75e7ff9b937dd08b2af2ae239063,Anthracnose(102),Anthracnose (44).jpg,0,0.20000012734937905,0.19999994248563213,0.20000005809594895,0.19999996546436824,0.1999999066046717
42,743d97fecbfc390bda0cc15fced8621e25ce7139dcfd3c6fbac0df8baefeebd6,Anthracnose(102),Anthracnose (45).jpg,0,0.20000005763700612,0.19999997391902774,0.20000002626116772,0.19999998440041838,0.19999995778237994
43,288468bc4e55c95e275129f485ece832d7ff723f53bcedd69f62518941357831,Anthracnose(102),Anthracnose (46).JPG,4,0.1999997390451889,0.20000011791266048,0.1999998809919368,0.20000007073261977,0.20000019131759392
44,5254c94a9c32179394f97e92eab25511c20ab2bdbfd543d7c73e88f7b10de099,Anthracnose(102),Anthracnose (47).JPG,4,0.19999977146822515,0.20000010323090753,0.19999989575814237,0.2000000619633305,0.20000016757939434
45,30bccc1c2b82e759b7518ba3b503a2a3515ef2696ea721cd3b8a8d7dc819a442,Anthracnose(102),Anthracnose (48).JPG,4,0.19999982494836852,0.20000007910280365,0.19999992017153542,0.20000004744484146,0.20000012833245098
46,236f52ec7f2899536cd8efe6746fa54e68eeee76bfa9e04df7e96d285d57710f,Anthracnose(102),Anthracnose (49).jpg,4,0.19999998603447078,0.20000000624992023,0.199999993592374,0.20000000382257077,0.20000001030066422
47,cd262eccae38a1aa540bac534149af4c19d0af23b3c99699dcce5683e3775ae9,Anthracnose(102),Anthracnose (5).jpg,4,0.1999999452786596,0.20000002461469116,0.1999999749728195,0.20000001490021693,0.2000000402336127
48,04476335c3684d9f55a6650e20aefd425dbca23dc22311ab4272e3951d8491bc,Anthracnose(102),Anthracnose (50).jpg,4,0.19999997650150353,0.20000001052660635,0.19999998922498086,0.2000000064252185,0.2000000173216909
49,56bdf45b42927f63521317e54cfe65629a3bf646960a7127ffb592b9210c85ed,Anthracnose(102),Anthracnose (51).jpg,0,0.20000002838827025,0.19999998708483616,0.20000001288996924,0.19999999235910215,0.1999999792778222
50,7635ebbf32ccd0335b43954f9e4dc5c1311f3d7c37dae04c67ad186c3823a2d7,Anthracnose(102),Anthracnose (52).jpg,0,0.20000003518953763,0.19999998408303904,0.2000000160376193,0.19999999047203476,0.1999999742177693
51,947a448f80e13331a1ee9be1e87f13758d09df3223722889ce2cebf80ec7b315,Anthracnose(102),Anthracnose (53).jpg,4,0.19999994253087444,0.2000000259129342,0.1999999737563107,0.2000000156106637,0.20000004218921705
52,7a61aa4577d16a4a29822b7913e870b3f53ecf8008b895d6e758d6dbfeb45139,Anthracnose(102),Anthracnose (54).jpg,0,0.20000003091248467,0.1999999860019953,0.2000000140782734,0.19999999163972912,0.19999997736751762
53,048d20e31c78478c5d4935c178c5be56ed9fca5d4cdd14aa62397730bfde9a4d,Anthracnose(102),Anthracnose (55).jpg,0,0.20000001601426917,0.19999999269997504,0.20000000726215025,0.19999999569840898,0.19999998832519655
54,63ca46c5484394a464f4ae638813aa1b696a333fce518880aa7d5fd43f8553be,Anthracnose(102),Anthracnose (56).jpg,0,0.20000006740153092,0.19999996950224297,0.2000000307111761,0.19999998175654282,0.1999999506285072
55,329e461f725e88562b70a475d166e1f4cc0f56d93862dbef6c45310569d6a26f,Anthracnose(102),Anthracnose (57).jpg,4,0.19999988118313988,0.2000000535537667,0.19999994572775354,0.20000003228753663,0.2000000872478033
56,858ddddace8d89d438a7994cfecf0a112605e3c632ff57bfaef3a9ac3a96392d,Anthracnose(102),Anthracnose (58).jpg,4,0.19999999801634832,0.20000000080606486,0.1999999990372975,0.20000000059283177,0.2000000015474575
57,02d77159eb88650fc95f6fb8481963fcbc60f0cd00e0b73266f26aa6f4490b20,Anthracnose(102),Anthracnose (59).jpg,4,0.19999992831147517,0.20000003224089638,0.19999996720900337,0.20000001952410823,0.20000005271451687
58,0f37b8632b7a592b301bd52c402f0babf9f028e55c15eb8c65fb90c695843f31,Anthracnose(102),Anthracnose (6).jpg,4,0.19999996932052871,0.20000001377395693,0.19999998595162222,0.20000000836983228,0.2000000225840598
59,80fb9cd31bf8d4494ef633dd7ac94315e68687f8d8e1d57a2abd620681d7c1a6,Anthracnose(102),Anthracnose (60).jpg,0,0.2000000120338109,0.19999999451583256,0.20000000545815108,0.1999999967670121,0.19999999122519332
60,c8786037cedc3d54b680c225e4e9e4e4e50f4d64da8b4de5c472f6973d56ee88,Anthracnose(102),Anthracnose (61).jpg,4,0.19999996467137754,0.2000000159182271,0.19999998385957357,0.20000000960354108,0.20000002594728064
61,1979fdd620149662e138309d1a7534b89fcbdafb9794c896b2b3edd450ba1574,Anthracnose(102),Anthracnose (62).jpg,4,0.19999994061779852,0.2000000267472744,0.19999997286442664,0.20000001614746446,0.20000004362303583
62,8daf374a6e4d0720d526b87ec463cb75037a089cf2cf03680cab5c5806070233,Anthracnose(102),Anthracnose (63).jpg,4,0.19999991083052848,0.20000004013340728,0.19999995923282649,0.20000002426626493,0.2000000655369727
63,016ba6fd7140c39722b677cd6d9c19d1f001adcbc962332f9ce277313d19aadb,Anthracnose(102),Anthracnose (64).jpg,4,0.19999998679493192,0.20000000586715092,0.1999999939138376,0.2000000036403199,0.2000000097837596
64,07729db7d968fb22f04bc5ac15e706622e0dfd8d8dcea58f98d36c3bcfb5360f,Anthracnose(102),Anthracnose (65).jpg,4,0.19999991532718914,0.20000003814347053,0.19999996131055203,0.20000002302186462,0.20000006219692368
65,7002c41da85f268a8df9e7a1762f03cec55ff1bc43c609f8e6207436367f8158,Anthracnose(102),Anthracnose (66).jpg,0,0.20000005242821134,0.1999999762448584,0.20000002386782229,0.19999998582939374,0.1999999616297141
66,8b193aeb4ea2c531b6b27440b4ae5ac0ca28d2e16998fd98ab752dabc1ba8ceb,Anthracnose(102),Anthracnose (67).jpg,4,0.19999989252426956,0.20000004841398294,0.19999995088993314,0.2000000292226388,0.2000000789491756
67,92f8dec851d91edada97e120ff318415d9ff074112349e92a118b58e9b253217,Anthracnose(102),Anthracnose (68).jpg,0,0.20000008759752014,0.19999996032283576,0.20000003988687232,0.19999997631527575,0.19999993587749593
68,2531ddabdba6239b763e272144cca88e3c1de17c988216e5514ba88f1942cce8,Anthracnose(102),Anthracnose (69).jpg,4,0.1999998842611678,0.20000005218407937,0.1999999471451002,0.20000003144036083,0.20000008496929192
69,38558e97e074a5a65636e6f9a74affeea806bcf09eac02ea247e76efe0ec3b43,Anthracnose(102),Anthracnose (7).jpg,0,0.20000008285249857,0.19999996243727966,0.20000003770377764,0.19999997761930197,0.19999993938714222
70,3ef013d5f0debd3c0009d499042afdfccddd172f2f3d546673ea68e2fd2e2b67,Anthracnose(102),Anthracnose (70).jpg,4,0.19999996937978154,0.2000000137562161,0.19999998598462093,0.20000000834854653,0.20000002253083488
71,2da6cee7ddfb4df7e13f8023996282d0674cc97a82266b79363b2fb350669039,Anthracnose(102),Anthracnose (71).jpg,4,0.19999990962395517,0.20000004070503094,0.1999999586996205,0.20000002457724114,0.20000006639415227
72,bc719ad565e44939b9132f900527f7ee569ec60cfc17934216f6e54dd0072b5e,Anthracnose(102),Anthracnose (72).jpg,0,0.20000007992063043,0.1999999637868005,0.20000003638272942,0.1999999783992302,0.19999994151060957
73,2858207fd6d9594cb1591ab9b20552e7160aa85c23d2ec1c45862a9b2bdeb196,Anthracnose(102),Anthracnose (73).jpg,4,0.19999999007274544,0.20000000435206855,0.19999999538678356,0.20000000277257476,0.20000000741582774
74,5b9d6f4568ebbc04e61f72cc08f8544c7e6d4d2071890f18bdca40b37f44cbc4,Anthracnose(102),Anthracnose (74).jpg,4,0.19999998014538534,0.20000000880377955,0.19999999083754594,0.20000000548410055,0.20000001472918855
75,8b882053c72fc295ef9e426dfbeb193d8f2caf317a01bb71c76957aa22f46aee,Anthracnose(102),Anthracnose (75).jpg,4,0.19999997103573472,0.2000000129009154,0.19999998667085606,0.2000000079649886,0.20000002142750534
76,a2f6a97a093305d1550915573f4855505fc681212c5a9a71c317c85da30b8162,Anthracnose(102),Anthracnose (76).jpg,4,0.19999995874811444,0.2000000185166981,0.19999998110807404,0.20000001125674138,0.20000003037037198
77,bfdd8450c1d8abe464a06e9d5ebda7254472166b3158ea5e3e7f4a7fd7155699,Anthracnose(102),Anthracnose (77).jpg,0,0.2000000702097726,0.19999996818848406,0.2000000319628804,0.19999998102265396,0.1999999486162089
78,973ddf619d81b1afbe19055b63fc686f960d76d7e303ca7f543fad3183261198,Anthracnose(102),Anthracnose (78).jpg,4,0.19999994413550756,0.20000002513440993,0.19999997445355489,0.20000001520818367,0.20000004106834393
79,cb3a47e744eb9bafad547c5875d6d98a02c241fd457c7c946c3f20e45284ad2e,Anthracnose(102),Anthracnose (79).jpg,0,0.20000003601753294,0.19999998364618946,0.20000001637470027,0.1999999902857208,0.19999997367585645
80,eb6a5f2204b981afd6508cebc29134f10a54a6500caea2c65df24d7397c588c0,Anthracnose(102),Anthracnose (8).jpg,4,0.19999997441743406,0.20000001145607438,0.19999998826652576,0.20000000699732456,0.2000000188626411
81,a01a9e9a233523ae14d183bdf3764c3e0ccfbab8c44ead132f24782452c58286,Anthracnose(102),Anthracnose (80).jpg,0,0.2000000940031102,0.1999999574463926,0.20000004281955544,0.19999997456788948,0.1999999311630522
82,53b45a4e974e864151010bcd544dedf0a3e82773a9c9f18ae0d6b0a1a6082cd6,Anthracnose(102),Anthracnose (81).jpg,4,0.19999989441510158,0.20000004759302042,0.19999995177383548,0.20000002868986552,0.20000007752817708
83,ca89f85e2b4dca162df0ac5f41c709c97b911bd20d085e2daffced760c608a6a,Anthracnose(102),Anthracnose (82).jpg,0,0.20000003218392418,0.1999999853090899,0.20000001458172556,0.19999999136719243,0.19999997655806798
84,d914801a983fa90a2f052795c9b82ff373000317da2f1ff3b18b84b80ea7cc52,Anthracnose(102),Anthracnose (83).jpg,0,0.2000000227785026,0.19999998960687307,0.20000001032342293,0.19999999388748282,0.19999998340371863
85,a593910c96e80e9cbaff3ed8b8a97207be01ba860c9028cd208632aeaf61272c,Anthracnose(102),Anthracnose (84).jpg,0,0.20000008660613325,0.19999996075700036,0.20000003942589806,0.19999997659257404,0.19999993661839424
86,aeba464259d7ae528fef09eaabd5736ae27beb90f23e3fd420e25130cd6a6213,Anthracnose(102),Anthracnose (85).jpg,0,0.20000007886103646,0.19999996427874514,0.20000003590791224,0.19999997867811423,0.1999999422741919
87,25eca3ec50191a7872ec3c597ebcf0c3e24564be82e88f2c03a510db5bc4b9c3,Anthracnose(102),Anthracnose (86).jpg,4,0.19999995856020072,0.20000001856002497,0.1999999809955959,0.2000000113330299,0.2000000305511485
88,667bd286fc83ca608fd691e2a6efb38550d5e5919d26d032f981c63834a0f7d2,Anthracnose(102),Anthracnose (87).jpg,0,0.20000001656229993,0.19999999241863214,0.20000000749038116,0.1999999955705833,0.19999998795810356
89,843587f031469f61a1910a637fc1064de079a62eab4405b5ee157bebf76b6cd9,Anthracnose(102),Anthracnose (88).jpg,4,0.19999996204473575,0.20000001701903286,0.1999999826062284,0.20000001036805937,0.20000002796194374
90,31070ff0506dbf74df3cd6a0e3cd5d36315a9925bd4f8db2dcb6183ff16739fd,Anthracnose(102),Anthracnose (89).jpg,4,0.19999985152538197,0.20000006693598602,0.1999999321903317,0.20000004033775362,0.2000001090105467
91,02d266bb26f021470c32032d8bb250b3505de67b300b618370a0ede3f3dd0751,Anthracnose(102),Anthracnose (9).jpg,4,0.1999999732370078,0.20000001198049314,0.19999998772243444,0.2000000073228084,0.2000000197372562
92,6261a30632cd26d65c619d51e48bc568cc0e25763c74a098b94528b00176ed8e,Anthracnose(102),Anthracnose (90).jpg,4,0.1999999469342933,0.20000002388268395,0.19999997573821116,0.20000001444166826,0.20000003900314337
93,40ead8c4ecf9efea4dd351c1c2debfeb63a3658bb7f1682e6a210615fa225fd8,Anthracnose(102),Anthracnose (91).jpg,0,0.20000013894597718,0.1999999371447555,0.2000000633193683,0.19999996238245127,0.19999989820744787
94,f605a8032c6398efc8a327a178cb14de1da5db37dea9132f4523c723e4020b3b,Anthracnose(102),Anthracnose (92).jpg,0,0.20000015174777452,0.1999999314008852,0.200000069183961,0.19999995888799915,0.1999998887793801
95,aef1ec1b5a1dd5c6ab9ac099e04fb71a7afeac149427c1d3a9c99726bdefdc7d,Anthracnose(102),Anthracnose (93).jpg,0,0.20000022053218394,0.1999999003696811,0.20000010058434298,0.19999994021346287,0.19999983830032897
96,c1374f61d77b18a22f54e02106734c0c6788ddb35ed4a3fee171a4ceeb925a2f,Anthracnose(102),Anthracnose (94).jpg,0,0.20000020132444157,0.19999990902035847,0.20000009180643094,0.19999994543711136,0.19999985241165763
97,19f83d896e15b814cb852db25a81343959504580b3e0675d34617f90cbd0b3e4,Anthracnose(102),Anthracnose (95).jpg,4,0.19999993483717948,0.20000002932124186,0.19999997020364013,0.20000001773748746,0.20000004790045103
98,0a18860068ccfd5e13d9bb32f2f599f139100adb8ad27892ec562f8ac243a43c,Anthracnose(102),Anthracnose (96).jpg,4,0.19999999551259087,0.20000000194936526,0.19999999790314726,0.20000000126407727,0.20000000337081933
99,40480a267715f281b8ae1820debe400e56970c7576b126bc0f520f28da0f7cb8,Anthracnose(102),Anthracnose (97).jpg,4,0.19999992763273708,0.20000003260177682,0.1999999669343009,0.20000001967490105,0.20000005315628405
100,ca98756896f96b4219f363667c1ab9b547aa0bc922602119f2c3649fdf279575,Anthracnose(102),Anthracnose (98).jpg,4,0.19999999119464792,0.20000000390564152,0.19999999593728598,0.20000000243131685,0.2000000065311078
101,75221d776e3f05dde6026f1d39799a0f33c8c0ab1696c0a4a68f1ea7c1829633,Anthracnose(102),Anthracnose (99).jpg,4,0.19999990974474877,0.20000004063400048,0.199999958744041,0.20000002455436847,0.20000006632284115
102,48ab046e600edf59372e25d8f307e1dce30e6e5b93cbc241e6c75f8be0ab5e93,Bacterial-Spot(752),Bacterial-Spot (1).jpg,0,0.20000010429338533,0.19999995287623637,0.20000004756367143,0.19999997173015469,0.19999992353655213
103,858299f30f991ef5860b3da40fb790c68d29350c4c3dfb24830ae8ada54fae9c,Bacterial-Spot(752),Bacterial-Spot (10).jpg,0,0.20000009172243643,0.19999995850303368,0.20000004179628092,0.19999997517012932,0.19999993280811967
104,6c0514015e7c366e4a5a06bf4ca64368927b6eb04832265c38d3dea033bdb1e6,Bacterial-Spot(752),Bacterial-Spot (100).jpg,0,0.20000014746124806,0.19999993336852043,0.20000006724872751,0.19999996003072482,0.1999998918907793
105,4097d0f7327d52a3240ee4197c70ab6a6d59809e2a208105adf30c32a0ea0f1e,Bacterial-Spot(752),Bacterial-Spot (101).jpg,0,0.2000000945576734,0.19999995723393116,0.20000004309704678,0.19999997439441564,0.19999993071693298
106,52466e9a00a693918eac5c6fdb17f480ec48d7f107751af820c67fd51ffeaf78,Bacterial-Spot(752),Bacterial-Spot (102).jpg,0,0.2000001023941984,0.199999953677247,0.20000004666070212,0.1999999722798791,0.19999992498797334
107,907a60c0245a6215cd18655d3f58071d11fd0eb0ee792f30cf61dad536efe702,Bacterial-Spot(752),Bacterial-Spot (103).jpg,4,0.19999999593176582,0.20000000177307492,0.19999999810283572,0.20000000114268995,0.2000000030496336
108,e5c1a3a698182772be3ac4147f1ad4b6d87e22aa7397a31df25bf7a786421a2d,Bacterial-Spot(752),Bacterial-Spot (104).jpg,0,0.20000003019966162,0.199999986242306,0.20000001370053996,0.19999999188293316,0.1999999779745593
109,f5e89e8a029a6957f03c62fadb84d0722a90f0af05332d5175e7ec897d2b78b7,Bacterial-Spot(752),Bacterial-Spot (105).jpg,4,0.19999996824751834,0.20000001422849334,0.19999998544283498,0.20000000867938794,0.2000000234017654
110,deadbba5b224bdfb24df640ab8dbdcc6c0f2b8b629cf69135824ee12333bcdd5,Bacterial-Spot(752),Bacterial-Spot (106).jpg,4,0.19999987194002966,0.20000005776384366,0.19999994153401887,0.2000000347723093,0.20000009398979846
111,f6ad3b65ec33d933b1bb54cdc62e5d74aab850783ca9fc4772d2bc6707ca506e,Bacterial-Spot(752),Bacterial-Spot (107).jpg,4,0.1999999994999904,0.20000000014393682,0.1999999997192803,0.20000000018584266,0.2000000004509497
112,325014be21cc74fe21b625624314ac694aaea73561f39e18636ffc7ce15a0919,Bacterial-Spot(752),Bacterial-Spot (108).jpg,0,0.20000002531238623,0.19999998846597086,0.20000001148144922,0.1999999931980351,0.19999998154215856
113,0bb310b669349a82aac67ad3d1930eb2df3a382eabb93689a6235bd4c078dcd8,Bacterial-Spot(752),Bacterial-Spot (109).jpg,0,0.2000000237407727,0.19999998922242268,0.2000000107945971,0.19999999359568502,0.1999999826465225
114,15bd56e611da5a8061772fcce85203b6d5273f50d2bd786583dc7955c21a4a04,Bacterial-Spot(752),Bacterial-Spot (11).jpg,0,0.20000017431605263,0.1999999212172803,0.2000000794849773,0.19999995276188484,0.19999987221980486
115,0c234eb7e69c4981dcca060bbb41e1f296bb4e21e11946cb14818442a3ae5424,Bacterial-Spot(752),Bacterial-Spot (110).jpg,0,0.20000003855762083,0.19999998251313494,0.20000001754254831,0.19999998958823334,0.19999997179846266
116,6bb18d66df9445e928aea45a3ffc359b84f64211425fd6cb3297c1d5e0a2e525,Bacterial-Spot(752),Bacterial-Spot (111).jpg,0,0.20000002560469632,0.1999999884024783,0.20000001165893783,0.19999999307686506,0.19999998125702254
117,d2e0509f425af8f13c9d018be481ddcc15d034fd1e25e3df24acf9d77451ecef,Bacterial-Spot(752),Bacterial-Spot (112).jpg,0,0.2000000470563641,0.19999997870752828,0.20000002144062834,0.19999998726354243,0.19999996553193683
118,aa1a1cb5f11e0ebdc5e15da320b3153aa5e5e50d36fe836dea9d696c85d55bc9,Bacterial-Spot(752),Bacterial-Spot (113).jpg,0,0.20000003365346974,0.19999998471302113,0.2000000152956501,0.19999999092726167,0.19999997541059744
119,8f4674bb8ddd82b3f1691b1c4ac497ad12d5928da750ac9d37ef697c58ee736f,Bacterial-Spot(752),Bacterial-Spot (114).jpg,0,0.20000009883717793,0.1999999553186662,0.2000000450605345,0.19999997322315913,0.19999992756046225
120,bd1eb56995967cc2fd0d05a0c992dbea937e1eb8e30144f7467ff2fbea8ac357,Bacterial-Spot(752),Bacterial-Spot (115).jpg,0,0.20000009233093094,0.19999995823893035,0.20000004208075478,0.19999997499858652,0.19999993235079735
121,cb78dff27c7cb5dbb1633e52f1c28d3aebe1f16b5bed6535619c1ae524191f40,Bacterial-Spot(752),Bacterial-Spot (116).jpg,0,0.20000004850301398,0.19999997805429692,0.20000002210064627,0.19999998687116521,0.1999999644708775
122,6dfc577f199074011891af23a0fb219d634abfc86bb618faa56ee78c49e55f67,Bacterial-Spot(752),Bacterial-Spot (117).jpg,0,0.20000011970826395,0.199999945848381,0.20000005455316078,0.19999996759016608,0.19999991230002817
123,5b70c33067970db2c1e0ecb4782b04a3f37e9cacca404fe965b1fa28a6de9feb,Bacterial-Spot(752),Bacterial-Spot (118).jpg,4,0.19999998725534507,0.20000000565534265,0.1999999941213465,0.20000000351774452,0.2000000094502213
124,259da5c39b0912d8f77d287d5ffb09773cb3182b26e647e6f688a670b1453f0e,Bacterial-Spot(752),Bacterial-Spot (119).jpg,4,0.19999999982435582,0.19999999998725246,0.19999999986065808,0.20000000010400706,0.20000000022372666
125,6587ff6a6f79c156fbfceaf280d76aea71124b4b029a566805f70cbb75162c26,Bacterial-Spot(752),Bacterial-Spot (12).jpg,0,0.2000001261665117,0.1999999430364034,0.2000000575669079,0.19999996577479384,0.19999990745538324
126,c3582fda2c562cc4f6f230778868cd8ddc9d1564b1c4f0159215b9365bb3ffa1,Bacterial-Spot(752),Bacterial-Spot (120).jpg,0,0.2000000811522554,0.19999996335065812,0.20000003702179342,0.19999997799144564,0.19999994048384753
127,fb900a151a1adbde17aaa0b5edce371399c6474abaa8ae9e15ebf413e4835266,Bacterial-Spot(752),Bacterial-Spot (121).jpg,4,0.19999996285223426,0.2000000167002049,0.19999998300400612,0.2000000101206787,0.2000000273228761
128,030fc1553314dac97aabae497ebce0eb735cb475f880ed752db761fb11624fbc,Bacterial-Spot(752),Bacterial-Spot (122).jpg,0,0.20000010942953678,0.19999995060201928,0.20000004993597637,0.19999997030939418,0.19999991972307352
129,a1012b524ae0a91929be0866cf19d70413f114a5c38e50fc3d508bace9cbd99d,Bacterial-Spot(752),Bacterial-Spot (123).jpg,0,0.20000003564687677,0.19999998388495954,0.20000001625155436,0.19999999034249838,0.19999997387411103
130,235cbfa8f4e10ceacfe20c7b3852c330151e69a22ba1718cca376cd873dec9a8,Bacterial-Spot(752),Bacterial-Spot (124).jpg,4,0.19999997930512514,0.20000000930327805,0.19999999053139259,0.20000000563841855,0.20000001522178573
131,12bcde2cf9e3305e4cae12f324d2a46bcc2c676dafdaf054a16ddf4f21257207,Bacterial-Spot(752),Bacterial-Spot (125).jpg,4,0.19999997829976848,0.2000000097476812,0.19999999006653416,0.20000000591694939,0.2000000159690668
132,036e5a72b4ae0e81b3004014757c5911f3aa04526bf11d3a6f3d2228fb65bfcc,Bacterial-Spot(752),Bacterial-Spot (126).jpg,4,0.19999993644261962,0.20000002865279565,0.1999999709724632,0.2000000172673505,0.20000004666477098
133,fef45d6b12ef2dd5dc42bf4bbac9ada9a46027074e16245b0a370064da710e1f,Bacterial-Spot(752),Bacterial-Spot (127).jpg,4,0.19999998773301772,0.2000000054930686,0.19999999437356522,0.20000000335519946,0.2000000090451491
134,a897c042610487adfbff5755bdbba72e8e1ac9fde01ee6001ae723587b054193,Bacterial-Spot(752),Bacterial-Spot (128).jpg,4,0.19999998201423058,0.20000000809935953,0.19999999177986713,0.20000000489180572,0.20000001321473707
135,76299a4c6ba94ec8ddeb3f0f177e7cd6d9966c55f7352c98b8350cbe8fc7bb97,Bacterial-Spot(752),Bacterial-Spot (129).jpg,0,0.20000001771462642,0.19999999192558746,0.2000000080336008,0.19999999524102255,0.19999998708516284
136,0a1daf4c0b6f3558cc36011fa436e25e3026c45004675d8ed32c8fd87d60b161,Bacterial-Spot(752),Bacterial-Spot (13).jpg,4,0.199999917608063,0.2000000371243356,0.19999996235797904,0.20000002239647124,0.20000006051315117
137,fb22d45e69ef33e6d54ddcebb248fb8d98b91e533b221ae64bdea0b9b576b5a6,Bacterial-Spot(752),Bacterial-Spot (130).jpg,4,0.19999990693896944,0.20000004200622382,0.19999995753167601,0.20000002525085409,0.20000006827227668
138,8c5ec9cde7f5a5fa84961c5a4552b16ecbf329524c61a29eb7526cb42e977c6d,Bacterial-Spot(752),Bacterial-Spot (131).jpg,0,0.2000000361460753,0.1999999836497233,0.20000001647298435,0.19999999021309023,0.19999997351812682
139,14edf8ec0bd2c2ed2b7d87ce5df61062c4dcef05f889467880f1017070800aa4,Bacterial-Spot(752),Bacterial-Spot (132).jpg,4,0.19999999152440168,0.20000000378204746,0.19999999610398264,0.20000000232625162,0.20000000626331657
140,d9b4a6568f87d8765d4cc63465b06495745a538b29dc51671ba64e0a3dc337db,Bacterial-Spot(752),Bacterial-Spot (133).jpg,4,0.1999999796704669,0.20000000915885566,0.19999999071132868,0.20000000552679162,0.2000000149325572
141,c04591f964a4c06637139bb4818258df71ce0f3fda614996a6dab3f289cae9a5,Bacterial-Spot(752),Bacterial-Spot (134).jpg,0,0.20000004575476182,0.19999997933061023,0.20000002086955718,0.19999998759483054,0.19999996645024032
142,fb2e1222afce16c30923a5f43d0d8440a3b4106227c8d8463d512d8b7c5e7d68,Bacterial-Spot(752),Bacterial-Spot (135).jpg,0,0.2000000806050855,0.19999996360241457,0.2000000367751445,0.19999997813692802,0.19999994088042736
143,6ba562fd2a5d6fcb2a6037a7c9dcbaf409f58add812b23d9a69a85f82ddefb46,Bacterial-Spot(752),Bacterial-Spot (136).jpg,0,0.20000000265839607,0.19999999875306232,0.20000000118289205,0.19999999930721044,0.19999999809843924
144,8a9f784a35ddbbf8d13eb29f1a14873f276c48625a825bafdea7d701b81881e2,Bacterial-Spot(752),Bacterial-Spot (137).jpg,4,0.19999998571916652,0.20000000644842555,0.19999999348446754,0.20000000387341224,0.20000001047452817
145,298cbb353e435c5fc8217805d52f91d6687587dab27df480877117003518b5b9,Bacterial-Spot(752),Bacterial-Spot (138).jpg,0,0.20000000496573028,0.19999999772221908,0.20000000224269227,0.19999999867457804,0.19999999639478042
146,87c789eb151e620cf93d48fa0d738261ab7396714dd1da4e2822da5ed3a9dd76,Bacterial-Spot(752),Bacterial-Spot (139).jpg,0,0.2000000854258579,0.1999999614802009,0.20000003900986255,0.19999997679608764,0.19999993728799112
147,ebd7c5baa89fa5bc0c537fb26a08e640abcb7fe103580e771992cdf43401c3be,Bacterial-Spot(752),Bacterial-Spot (14).jpg,0,0.2000000930420604,0.199999957960649,0.2000000424328688,0.19999997477968007,0.19999993178474174
148,00b974f849d83ded15824b38f280cd6652b1f283489b6a17bf3c19db179f8c95,Bacterial-Spot(752),Bacterial-Spot (140).jpg,0,0.2000000489407238,0.19999997789402293,0.2000000223243947,0.19999998672942876,0.1999999641114298
149,fa5fdbb476d371382ce6f07ab01357346cedb43c4ae0790358e78d3023e0dbd6,Bacterial-Spot(752),Bacterial-Spot (141).jpg,4,0.19999999072320135,0.20000000417608838,0.19999999575928812,0.20000000252389113,0.20000000681753105
150,47c423adb7e7b71938c361aa3683a8201e5c427965a0753c58bc021b854a94c0,Bacterial-Spot(752),Bacterial-Spot (142).jpg,0,0.20000001885619262,0.19999999146523093,0.2000000085899426,0.19999999489771803,0.19999998619091577
151,f365c651fd70aa0a68e7f94c9c66dbd213dfe59f03375461caa958c076ae367d,Bacterial-Spot(752),Bacterial-Spot (143).jpg,4,0.19999998067141941,0.20000000871565818,0.19999999117366224,0.20000000524986805,0.20000001418939212
152,1425c426f3b23af30eeb9e08db73ee04a48d831b4939d4bff7f63a218c53b765,Bacterial-Spot(752),Bacterial-Spot (144).jpg,4,0.19999998256452048,0.20000000784072913,0.19999999202441604,0.2000000047487116,0.20000001282162275
153,4fd5b6c378cc095170f5ac033de50819a54c95a7b75b3f996550dd8752fc9213,Bacterial-Spot(752),Bacterial-Spot (145).jpg,0,0.20000000808260915,0.19999999635035978,0.20000000368768522,0.19999999780765562,0.19999999407169014
154,9866a52283531cdebd1007328fdb54a5e36e02fa0f73f17ca3ae15fc016f7fd6,Bacterial-Spot(752),Bacterial-Spot (146).jpg,4,0.1999999962101899,0.2000000016871265,0.19999999825536677,0.20000000104257304,0.20000000280474364
155,d5f4d826974f2d1e60eedc71e86369dd79102aa09937f54caff5e80857d814bf,Bacterial-Spot(752),Bacterial-Spot (147).jpg,4,0.19999995879022392,0.20000001856976202,0.19999998117354367,0.20000001120098984,0.20000003026548058
156,1e5f0665f41cedffb0cb27d3293a28d384a89d8ac8b98502286469d25d803ca0,Bacterial-Spot(752),Bacterial-Spot (148).jpg,0,0.20000005467504073,0.19999997527575616,0.20000002492200034,0.19999998519171727,0.19999995993548556
157,3b0cb7c0b59fa67988587ce58ef28e727f766ed8308386540a8eb293b60ad9d1,Bacterial-Spot(752),Bacterial-Spot (149).jpg,0,0.20000008181989176,0.1999999630447389,0.20000003732357532,0.19999997781318796,0.19999993999860585
158,0041a5045f01e89035ea2fd705b63bade00b4fa33ba70567830dd927e74d4d4f,Bacterial-Spot(752),Bacterial-Spot (15).jpg,0,0.20000015836458507,0.19999992844012357,0.2000000722201457,0.19999995707638282,0.1999998838987628
159,ad67513af3f296a2ccae5b8eb654e25562bae19291259b02025fdaf81c824420,Bacterial-Spot(752),Bacterial-Spot (150).jpg,0,0.20000001617354457,0.19999999270822616,0.2000000073864117,0.19999999560608928,0.19999998812572828
160,6b014df65b042a04e02380daa0d9cf81a6473e35c4996a77292106a5955d1d05,Bacterial-Spot(752),Bacterial-Spot (151).jpg,4,0.1999999654328396,0.20000001555286273,0.19999998419294804,0.20000000940985857,0.20000002541149103
161,8bab5b2bc2abf9b1fc8c8ec630b5512da8a26b435f9deeb3bf9014eeb531f90b,Bacterial-Spot(752),Bacterial-Spot (152).jpg,0,0.2000000220013131,0.19999999003771127,0.20000001002015919,0.19999999404912333,0.1999999838916931
162,995a5c5a079ae5a5f305e1ff397362a8f7fde5abc9d0d35c56ff8b7ebd3f3d09,Bacterial-Spot(752),Bacterial-Spot (153).jpg,0,0.20000001719590482,0.1999999921959272,0.20000000782014213,0.19999999535958976,0.1999999874284362
163,c556da99dbf3701cba624bd294cd1a97463f1c0666c02652bb41a16ecca43335,Bacterial-Spot(752),Bacterial-Spot (154).jpg,0,0.20000005883948316,0.1999999734127127,0.20000002683321141,0.1999999840514972,0.1999999568630955
164,1757c856cab4514637d2a81f834b1b99429d7fc509b29cbb9430b68acc7951b3,Bacterial-Spot(752),Bacterial-Spot (155).jpg,4,0.19999999210916056,0.20000000349049554,0.19999999635307752,0.20000000218446007,0.2000000058628064
165,9be0ff5967de0f6fe5d63f109ce21cd13307bac35c7aca9abde7b98eaf6bcdd7,Bacterial-Spot(752),Bacterial-Spot (156).jpg,0,0.20000002610684553,0.19999998822210938,0.20000001191791592,0.19999999291220702,0.19999998084092216
166,5e6fa820e2fbd764b03d15d4984bf020381107e7305fa42463b59dda6bc9c9e7,Bacterial-Spot(752),Bacterial-Spot (157).jpg,0,0.20000000761147982,0.1999999964804356,0.20000000341951943,0.19999999798584484,0.19999999450272027
167,e00876908436aebc909015e36e8c828a9b6501db9c2fbf42fceb0e13fc95e876,Bacterial-Spot(752),Bacterial-Spot (158).jpg,4,0.19999995035109264,0.20000002238498704,0.19999997732621938,0.20000001348722965,0.20000003645047135
168,dc725fe3c26498589ef0e3552a11e2b20b9c461be93314fac6ab880a37814708,Bacterial-Spot(752),Bacterial-Spot (159).jpg,0,0.2000000354978331,0.19999998392966248,0.2000000161689538,0.1999999903966337,0.199999974006917
169,a54e77335cadab76b351e1772c211913bb9459272beb1917f7e47730d08072bc,Bacterial-Spot(752),Bacterial-Spot (16).jpg,0,0.2000000120625601,0.1999999945011636,0.20000000547002242,0.19999999675991248,0.1999999912063414
170,096af4bca67a544705b6a865b9e18df1f0539c67cee0b736b7b4e50fbe0c21cc,Bacterial-Spot(752),Bacterial-Spot (160).jpg,0,0.20000005288689443,0.19999997610588385,0.20000002412081277,0.19999998566293112,0.1999999612234779
171,79b25a73bf60412d55aadfe2b6f16365e2980bdadd9f76124ebc2ee1be6ed00a,Bacterial-Spot(752),Bacterial-Spot (161).jpg,4,0.19999999407458893,0.20000000262713888,0.19999999726534445,0.2000000016365745,0.20000000439635318
172,e02876d00b1fc2d2f9b871275eafc336804c7e784916374d5eaa5440e1e9680a,Bacterial-Spot(752),Bacterial-Spot (162).jpg,4,0.19999998172325673,0.2000000082573517,0.1999999916642668,0.2000000049544919,0.20000001340063298
173,cffb118890aa469c663c8b1fe64991e43afc7fe696dd00d628de0fab28e37317,Bacterial-Spot(752),Bacterial-Spot (163).jpg,4,0.1999999792086122,0.2000000093634268,0.1999999904980222,0.20000000565439338,0.20000001527554556
174,16ae9d87231a75b27109125da54dd96f560e49921ee52ccae9184e757318d54a,Bacterial-Spot(752),Bacterial-Spot (164).jpg,4,0.19999999866355758,0.20000000056658207,0.19999999936650684,0.2000000003848589,0.20000000101849463
175,5ac7de980f01458a3d4155d7eba30cd1276287c81f3a2e947f66b3e21d8f4e60,Bacterial-Spot(752),Bacterial-Spot (165).jpg,0,0.2000000507981332,0.19999997703687858,0.20000002315999896,0.19999998623698526,0.19999996276800402
176,6a587345f2ea27e5390e1214f7d21a5f3edab2acee0a4348fb9750d0505c9cae,Bacterial-Spot(752),Bacterial-Spot (166).jpg,0,0.20000003482446035,0.19999998428690619,0.2000000158960506,0.1999999905468909,0.19999997444569184
177,1c81c199d05cb49ecef956cf2830b21e4a4281be98b554f5d6b51c45052f9593,Bacterial-Spot(752),Bacterial-Spot (167).jpg,4,0.19999998764850935,0.20000000553477854,0.19999999433732507,0.2000000033760137,0.2000000091033734
178,6a0b04ec21073d2ae0de8dc120b235ced48b2629889e0fe2e0fc2bae1aa926b0,Bacterial-Spot(752),Bacterial-Spot (168).jpg,4,0.19999998254915077,0.20000000781500243,0.19999999199633064,0.20000000477276422,0.20000001286675184
179,1ecdc126eb746a8d6ccc42d48244d6d65694a4d24e0da560724a57595365d873,Bacterial-Spot(752),Bacterial-Spot (169).jpg,0,0.20000001598835448,0.1999999927661379,0.20000000728534467,0.19999999567192153,0.19999998828824142
180,ab14990bd88a2c73adcf5c534ba14c3caa2a1b549a21ae85ec87a5890d30e35e,Bacterial-Spot(752),Bacterial-Spot (17).jpg,0,0.20000017329104045,0.19999992173525186,0.2000000790528311,0.1999999530062987,0.1999998729145779
181,8e089835704d27f422de6f40847b6346af287247d8023cf2ca78c17ab0e93f2d,Bacterial-Spot(752),Bacterial-Spot (170).jpg,4,0.19999996955897248,0.2000000136899789,0.19999998607565497,0.20000000829056264,0.200000022384831
182,7ef6dec5255c314ef487580dcd99607b2ab70aa921fc6ad335a8ee4368b90ae6,Bacterial-Spot(752),Bacterial-Spot (171).jpg,0,0.2000000475000389,0.19999997844608255,0.20000002160385663,0.19999998718083284,0.199999965269189
183,d89ddd85e5ab4993c098447ee11614e9bee6a9402d25a18316d0f77b19d9617f,Bacterial-Spot(752),Bacterial-Spot (172).jpg,4,0.1999999288238666,0.2000000320755418,0.1999999674852963,0.20000001934474473,0.20000005227055057
184,915834599ada82fb873397c39bbd52a2aa6ff165b5fefbca1ab1f39816e0788a,Bacterial-Spot(752),Bacterial-Spot (173).jpg,0,0.2000000625791126,0.19999997167397432,0.2000000285071414,0.19999998306808034,0.19999995417169128
185,a0e3b5232d7ee294c058a0d113df29a756785d46b672339166bd14b574b65251,Bacterial-Spot(752),Bacterial-Spot (174).jpg,4,0.19999997683044532,0.20000001035310497,0.19999998935888094,0.20000000635125112,0.20000001710631776
186,5445c2489944d73fd09213099b1e587cbb4465417467784cd23fac4654db28f5,Bacterial-Spot(752),Bacterial-Spot (175).jpg,0,0.2000000309934538,0.19999998589922136,0.200000014072459,0.1999999916581074,0.1999999773767585
187,f0c8fdb0bbb321663ff40a06ee6ddc35e91cecfbadecfaccc7b77bf9ff753d9c,Bacterial-Spot(752),Bacterial-Spot (176).jpg,0,0.20000001655126812,0.19999999248181538,0.20000000752272123,0.1999999955378229,0.19999998790637233
188,a50019c9e67ec41a7e3f6403e3e50df7944d425267727f2a56022e389174c636,Bacterial-Spot(752),Bacterial-Spot (177).jpg,0,0.20000001875142176,0.1999999914917442,0.2000000085288514,0.19999999493915405,0.19999998628882865
189,9d7102ff9516f7b5df1c81953fd92b078faeb28fe3ef6cdae8b314c59ceaaf7c,Bacterial-Spot(752),Bacterial-Spot (178).jpg,4,0.19999999241458585,0.20000000340507948,0.1999999965262602,0.20000000206971938,0.20000000558435505
190,b42054ba9fcb16fb1c160a92687cbcaf6b1a3e3af5fa7b614bc15a54ee10ab17,Bacterial-Spot(752),Bacterial-Spot (179).jpg,4,0.19999999160470233,0.20000000377441918,0.1999999961591014,0.20000000228716636,0.20000000617461075
191,40aca97ce48939265d45bef95671e95670140b86b7b28999420b1c4e7b0f1fe3,Bacterial-Spot(752),Bacterial-Spot (18).jpg,0,0.20000006824665,0.19999996915708626,0.20000003112017617,0.19999998150495552,0.19999994997113196
192,dfc90a637d5d72318a4aeec38f3dd43fb81f42b06b90055188c72c1a0c63bd7f,Bacterial-Spot(752),Bacterial-Spot (180).jpg,4,0.19999999057324835,0.20000000423843053,0.1999999956873876,0.20000000256799783,0.20000000693293574
193,c6ab0b6906047318997627892ca1182d1343687a1c988a1a6db1dc25f0d68795,Bacterial-Spot(752),Bacterial-Spot (181).jpg,4,0.19999999183855754,0.20000000366687773,0.19999999626454434,0.2000000022249211,0.2000000060050992
194,1c4ba79802fd256a90e3750da8769d3aee5488f7eccfaba9a50dc3792367f3c4,Bacterial-Spot(752),Bacterial-Spot (182).jpg,4,0.1999999869445218,0.2000000058726241,0.19999999402900356,0.20000000355490083,0.20000000959894979
195,ae618b2b25ad2eda92854cc0bc8d8db2801a94d86499f3b3e8a803dc7f147ea7,Bacterial-Spot(752),Bacterial-Spot (183).jpg,4,0.1999999765261323,0.20000001056128594,0.19999998926554113,0.20000000639038035,0.20000001725666028
196,4789bc58b53a2f033adfcd3a03149f023c12f59b624796366fea114e83d56311,Bacterial-Spot(752),Bacterial-Spot (184).jpg,4,0.1999998324201984,0.20000007576693726,0.19999992360509478,0.20000004539502308,0.20000012281274646
197,51133c4e59034caf978f277493e503d54e92b7a761b57f610f358e12854f1212,Bacterial-Spot(752),Bacterial-Spot (185).jpg,4,0.19999997968266123,0.2000000090697978,0.1999999906631582,0.20000000557482908,0.20000001500955367
198,e8264e01272c2b154787e534ff1ba761e770c949ba846b7ffb4fb89ed830e6b0,Bacterial-Spot(752),Bacterial-Spot (186).jpg,4,0.1999999413078931,0.20000002642498899,0.19999997317243015,0.20000001596694728,0.20000004312774053
199,771bcbc1e788a72984526b57e5f76eaedc3f6e90f0aa912abe578fd0024f56fa,Bacterial-Spot(752),Bacterial-Spot (187).jpg,4,0.1999999395869979,0.20000002714678886,0.1999999723516579,0.20000001646737503,0.20000004444718034
200,ac1d779c5bd568dfc716b5ca86d340935e3fddbe6929277d462296ac5b7e6c50,Bacterial-Spot(752),Bacterial-Spot (188).jpg,4,0.19999991682341406,0.20000003745876177,0.1999999619872167,0.2000000226215179,0.20000006110908958
201,03073894a1cbf14826ef6fd0d105de0d42d81fa2d48fca235d2bd4ea32e68f83,Bacterial-Spot(752),Bacterial-Spot (189).jpg,4,0.19999991257968724,0.20000003934826516,0.1999999600338156,0.2000000237888178,0.20000006424941427
202,b5c361df90e3d81a7d78005c71580f7b4459298a444c52268c22d9bc398a3d68,Bacterial-Spot(752),Bacterial-Spot (19).jpg,4,0.19999999773591026,0.20000000097804008,0.19999999893857434,0.20000000064121642,0.2000000017062589
203,08a59bea56280b1bb4ab2c44bd477dca8f32cc1aa5fef29986ddccb47d877ae5,Bacterial-Spot(752),Bacterial-Spot (190).jpg,4,0.1999999221226229,0.2000000350779282,0.19999996441269693,0.20000002117687243,0.20000005720987946
204,ca5f512d22dd161bfd9ba58f9468c946a3024c824a539eb4ac91b2b98c8cf79f,Bacterial-Spot(752),Bacterial-Spot (191).jpg,0,0.20000009203564106,0.1999999583423638,0.2000000419269097,0.199999975097281,0.19999993259780444
205,a8fe80349a397ac750123883848396ad13a34406156e7fb170341e67e049e947,Bacterial-Spot(752),Bacterial-Spot (192).jpg,4,0.19999995780362434,0.20000001894273364,0.19999998067677685,0.20000001151322205,0.20000003106364325
206,fb5fa516100141749d280b51cd3d266407a56e6d57dab2efe529e723dc874ac9,Bacterial-Spot(752),Bacterial-Spot (193).jpg,0,0.20000000383702576,0.19999999816432595,0.20000000168422508,0.1999999990221976,0.19999999729222565
207,61066aeb98e032cdd7dbcccd72d1cc9c7a2da9025974346c686a2e8e446b5f3d,Bacterial-Spot(752),Bacterial-Spot (194).jpg,0,0.2000000823908968,0.19999996266925427,0.2000000375083116,0.19999997773033582,0.19999993970120156
208,0252ddcca2cac25fa8f77b98d83cac862aee778a8399a08e661ab8eae62f18e6,Bacterial-Spot(752),Bacterial-Spot (195).jpg,4,0.19999992561530958,0.2000000334860481,0.19999996599667696,0.20000002023845934,0.20000005466350596
209,ff8d6358bdb4c341b3f539d7e950c4a5d8b342e1495fcb0798da969304f8aa86,Bacterial-Spot(752),Bacterial-Spot (196).jpg,0,0.20000007836103176,0.19999996451189295,0.20000003568460162,0.19999997880948603,0.1999999426329876
210,4b20096a6dd258330f1b0587721192c9dee3c61451fb68ed8da6b52da2c8d0a4,Bacterial-Spot(752),Bacterial-Spot (197).jpg,4,0.19999996763442146,0.20000001445124396,0.1999999851282316,0.2000000088786092,0.20000002390749372
211,c0d15011e320af8a621297b842e4a509c8c3d10b63c9ed3f43032789f1786d06,Bacterial-Spot(752),Bacterial-Spot (198).jpg,0,0.2000000304125198,0.19999998618789874,0.20000001382446558,0.19999999179952077,0.1999999777755952
212,253ebc73ea648bbd4192fde4fa9e6744d815f1aac544037803fc7c47158ad4ee,Bacterial-Spot(752),Bacterial-Spot (199).jpg,0,0.20000001960102798,0.1999999910153194,0.20000000885659666,0.19999999476522776,0.19999998576182818
213,f6e2f7f2d7c14049d07ea9f94152ee9c56a8f6afb417719d3064b5eb5c65ce82,Bacterial-Spot(752),Bacterial-Spot (2).jpg,0,0.2000001227452019,0.19999994453619563,0.20000005597686302,0.1999999667303086,0.19999991001143091
214,8da7061c80ba2158574964abe8bfd8b7d4743786b508cccbea5c5d01835aaf5f,Bacterial-Spot(752),Bacterial-Spot (20).jpg,0,0.20000014255592038,0.19999993557877668,0.2000000650076538,0.19999996136412027,0.19999989549352892
215,d177b0b1cf6f29377e24d652a28a7d8651681434be3b5841fb189265ca763bff,Bacterial-Spot(752),Bacterial-Spot (200).jpg,4,0.19999993892576567,0.20000002746019022,0.19999997205949802,0.20000001663768116,0.20000004491686493
216,959072340b1200d5a1a3eb3dda13d0d10cc85285e2ce4720294e52d11289ed0f,Bacterial-Spot(752),Bacterial-Spot (201).jpg,0,0.20000001411062784,0.1999999935264061,0.2000000063723193,0.19999999623516782,0.19999998975547906
217,4adde1744d559f72d97f3d8e51e63b8f54866565faca9819965687391581629a,Bacterial-Spot(752),Bacterial-Spot (202).jpg,4,0.1999999102301644,0.200000040386369,0.19999995894716496,0.2000000244401439,0.20000006599615783
218,a993029b617016c9d19efae81ec66a035e694d0510823c7695a1e3b38a500159,Bacterial-Spot(752),Bacterial-Spot (203).jpg,4,0.19999992298986607,0.2000000346685144,0.19999996479687648,0.20000002095247674,0.20000005659226633
219,55dcb4982211b19cb90523255b01f2c839eab023cd336cf0ae241db5ff1300d1,Bacterial-Spot(752),Bacterial-Spot (204).jpg,0,0.200000088194297,0.19999996010315135,0.2000000401911062,0.1999999761229033,0.19999993538854227
220,4b28fed650be462f4db9ec009b32febb49b8fd1505c4817169709d1272fb1807,Bacterial-Spot(752),Bacterial-Spot (205).jpg,0,0.2000000000874841,0.19999999982074324,0.19999999994998208,0.20000000006179086,0.20000000007999966
221,1004293482e1db45f76a8d5a3dcbc8378d18b0bb130c172a344cb72531613635,Bacterial-Spot(752),Bacterial-Spot (206).jpg,4,0.19999992092024169,0.20000003562583843,0.19999996386732577,0.20000002149991614,0.20000005808667792
222,82b5fe994bd70f7bceb43e9b52524a803482dce8d30edd6ee4fad7467e286230,Bacterial-Spot(752),Bacterial-Spot (207).jpg,4,0.19999987349823123,0.2000000569674071,0.19999994218513803,0.2000000344063358,0.20000009294288779
223,ff08ecf9df90f8003a34b0f6eba5ac71f880a5132b6a4f3e6ba5c22826306db6,Bacterial-Spot(752),Bacterial-Spot (208).jpg,4,0.1999999454070743,0.2000000245402941,0.199999975020843,0.2000000148755039,0.20000004015628467
224,f0582ce45f81aa4661c4b3375479b9c79febc50803a92bcd57401487bd8c67a4,Bacterial-Spot(752),Bacterial-Spot (209).jpg,4,0.1999999247323422,0.20000003387408927,0.19999996558702843,0.20000002048459167,0.2000000553219485
225,5b0d042491d21ae067f0fcfa7e5c2c5dd941462bc1423906b7f3abbc95fa6080,Bacterial-Spot(752),Bacterial-Spot (21).jpg,0,0.2000001734634264,0.19999992162986258,0.20000007911368525,0.19999995297639683,0.19999987281662876
226,b9457ccce4fb0a966c26b903afd2b46ec6e1316400a84d4d187d2919b5d10c56,Bacterial-Spot(752),Bacterial-Spot (210).jpg,4,0.19999989118430087,0.20000004902102092,0.19999995027980982,0.20000002958495086,0.20000007992991753
227,9e30582346a65cc49db3534473272a57628e2eb37d9bb5c90a53b915237e7558,Bacterial-Spot(752),Bacterial-Spot (211).jpg,4,0.19999992528762298,0.20000003363688754,0.1999999658490842,0.2000000203257068,0.20000005490069858
228,b61c08df6111cd5d844142aa30e9a26e588050c3c14872b643063e5ab52ec95c,Bacterial-Spot(752),Bacterial-Spot (212).jpg,4,0.199999945177613,0.20000002464769226,0.19999997491863028,0.20000001493557812,0.20000004032048646
229,df09d2d519d9d2f2a52ff67f5a5d3ff289bc34056eba3b54dead9d258edc6465,Bacterial-Spot(752),Bacterial-Spot (213).jpg,0,0.2000000069496087,0.19999999674808974,0.2000000030975315,0.19999999818475594,0.19999999502001425
230,bf3f571e40c4549ef32a66ae6cc5a1bfee983e256e47de278a8a5ff30f7f80cd,Bacterial-Spot(752),Bacterial-Spot (214).jpg,4,0.19999996932471628,0.200000013738339,0.1999999859318339,0.20000000838945672,0.20000002261565406
231,1ed9959035fc1ca8d85ab48e85febfd7df81dcccdb735a59d8707f4b20e54785,Bacterial-Spot(752),Bacterial-Spot (215).jpg,0,0.20000005917792033,0.19999997311879342,0.20000002689683377,0.19999998404634267,0.1999999567601099
232,ce1009fe7a0b7786fa547a677b747d1c96a4c8c39069c745cf4e200b3dfbda44,Bacterial-Spot(752),Bacterial-Spot (216).jpg,4,0.19999992149216708,0.2000000353136439,0.1999999640934782,0.20000002137775166,0.20000005772295926
233,651612ee4cbe45d4318197f6f7f0f323817231f7509085306dbb26900904a705,Bacterial-Spot(752),Bacterial-Spot (217).jpg,4,0.1999999651840899,0.20000001564161116,0.1999999840643245,0.20000000949197008,0.2000000256180043
234,47d666e7b99384e37ee786b9bdfa726b8408078600ff922d6d70dfefa8afbabe,Bacterial-Spot(752),Bacterial-Spot (218).jpg,4,0.19999999775493468,0.20000000088869874,0.1999999988952059,0.2000000006854597,0.20000000177570096
235,aec7a953b44825972d80a154200260e6020fac01d4e5a6a40c7efd4f05a65992,Bacterial-Spot(752),Bacterial-Spot (219).jpg,4,0.1999999215072819,0.20000003536015382,0.19999996413479035,0.20000002134114192,0.2000000576566321
236,99eb5e7eaa623c3cbf26f7a4c84c8420ca7ef3347a45ceab9d366c1eb8714ac1,Bacterial-Spot(752),Bacterial-Spot (22).jpg,0,0.20000008925764917,0.19999995965256748,0.20000004069533017,0.1999999758163976,0.19999993457805568
237,e3168b4987516742fde81ae74d8c0924138e522cfb2e97878d50924d0deea087,Bacterial-Spot(752),Bacterial-Spot (220).jpg,0,0.20000000247930003,0.1999999987448599,0.20000000104385554,0.19999999941051536,0.19999999832146925
238,b6dc18d863c145209850c1b743db838c2c1ac6f8c2c4f6aa8b068c579f144f31,Bacterial-Spot(752),Bacterial-Spot (221).jpg,4,0.19999987229551994,0.20000005756303407,0.19999994167025023,0.20000003470055935,0.20000009377063632
239,28f34681c933105f82c784d47ab7dad0f7045710d15339b0fc2c901e7dd715b2,Bacterial-Spot(752),Bacterial-Spot (222).jpg,4,0.1999999090327031,0.20000004096361793,0.19999995842437632,0.20000002474261458,0.20000006683668803
240,7c9e4d31923e6fd24c47520035ac4f39d0964ed816658f6595806570b9018b34,Bacterial-Spot(752),Bacterial-Spot (223).jpg,0,0.2000000024719456,0.19999999881064837,0.20000000108080532,0.19999999937447202,0.19999999826212875
241,8f97387d509651b010ea810463382b3e943afdecb70a9e42c3fa54281b7fa946,Bacterial-Spot(752),Bacterial-Spot (224).jpg,0,0.20000001060565079,0.19999999509892227,0.20000000476662338,0.19999999719202774,0.19999999233677593
242,aad8621d8909079977b02d6362fa992b7b8eab99a0f94d4a2486996d6dc1581f,Bacterial-Spot(752),Bacterial-Spot (225).jpg,0,0.20000004244635472,0.19999998071852212,0.20000001929192776,0.19999998855732776,0.19999996898586772
243,3f1b9c01d8cc91972c0dd257f32f4f9c96d318a77d3e25987996fb2722df50b1,Bacterial-Spot(752),Bacterial-Spot (226).jpg,4,0.19999993146394546,0.20000003085226828,0.19999996866979952,0.20000001864791117,0.20000005036607557
244,5f1deaf11e5e31e98f348cb8e98403c25fedf9dea218becb197317304aa4b2b8,Bacterial-Spot(752),Bacterial-Spot (227).jpg,4,0.19999997775118827,0.20000000993303596,0.19999998977612618,0.20000000610403318,0.20000001643561643
245,4d8252dac6164f10fcc62fab48b061e6e00aa1e9b87922e342cc0b677cfad319,Bacterial-Spot(752),Bacterial-Spot (228).jpg,0,0.2000000092164446,0.19999999575709673,0.20000000415264627,0.19999999754987996,0.19999999332393245
246,2448b28ab5bafb1259bd0ab26d7a4cacc47e1626c92489ae3e7e8d1944989f08,Bacterial-Spot(752),Bacterial-Spot (229).jpg,0,0.20000001085289,0.19999999499825868,0.20000000488643677,0.19999999711822117,0.19999999214419348
247,2bc3a6b83fc66cc6199e22b0f210e37d3f36616e70da82e484ea23b610bc1e3c,Bacterial-Spot(752),Bacterial-Spot (23).jpg,0,0.20000008629010577,0.19999996100592984,0.20000003934997956,0.19999997661309263,0.19999993674089211
248,aa8d33ea9e7efc54664dda89bb030273902cd477ac20ea46ef8f768df42e0928,Bacterial-Spot(752),Bacterial-Spot (230).jpg,4,0.19999992868665392,0.20000003207633546,0.19999996738322617,0.2000000194193743,0.20000005243441019
249,ab7cdf4d226b3deb33507557ba6805afb781afe64e37a0e384cf4ad1a1d2b9b7,Bacterial-Spot(752),Bacterial-Spot (231).jpg,4,0.1999999684155715,0.2000000141632182,0.1999999855263164,0.20000000862731207,0.2000000232675817
250,df1c828753044cba1909db2083674fec5c4685c83c634ea0a41dd1d36513000a,Bacterial-Spot(752),Bacterial-Spot (232).jpg,4,0.19999993800235394,0.2000000279175864,0.1999999716641952,0.200000016863437,0.20000004555242754
251,0acb7fe3a104219395f8f941dafb718738c246dea47189537b9b93628dc189bc,Bacterial-Spot(752),Bacterial-Spot (233).jpg,4,0.19999996184896712,0.20000001711419563,0.1999999825211965,0.20000001041690166,0.20000002809873924
252,6284a1e260da58d378637651f2349391418c83aeb08a320de44c9f459a1bd9d9,Bacterial-Spot(752),Bacterial-Spot (234).jpg,4,0.19999996531523698,0.20000001557798572,0.19999998412128991,0.20000000945904758,0.20000002552643997
253,05c485dec070f8e958f3801ccaad9574e0ed39ae815aca6fe124bce482671bb0,Bacterial-Spot(752),Bacterial-Spot (235).jpg,4,0.19999995487322642,0.20000002024862545,0.1999999793285944,0.20000001231857414,0.20000003323097962
254,3dfe65a6778f0a974087b28432784d0fdf9e9d022894626b7c9bcf305289b303,Bacterial-Spot(752),Bacterial-Spot (236).jpg,4,0.19999995122260572,0.2000000219137052,0.1999999776738295,0.2000000132986891,0.20000003589117044
255,4831c56d23611d49d5796a3aeb2a837e3d6c3d308549c80b021350f33aac6104,Bacterial-Spot(752),Bacterial-Spot (237).jpg,4,0.19999996950881566,0.20000001365336534,0.19999998601461608,0.20000000834057882,0.20000002248262416
256,8bcdb3935f816865ecefb9c4ea20e907adbd21c313021e25f8cf4276750a5090,Bacterial-Spot(752),Bacterial-Spot (238).jpg,4,0.19999997888108462,0.2000000093814415,0.19999999026498344,0.20000000582291877,0.20000001564957176
257,44dceabb5d5b23159d686b7a097faa9ba10dd1068ae961907d52860d3d9e7d3c,Bacterial-Spot(752),Bacterial-Spot (239).jpg,4,0.19999998457520587,0.20000000684127403,0.19999999288288178,0.20000000425954895,0.20000001144108942
258,7b67ef0ec56cd0a62d122f231f88386fa8cf88dff97e4765e76364e25a013ce3,Bacterial-Spot(752),Bacterial-Spot (24).jpg,0,0.20000017377753396,0.19999992149978657,0.20000007926462202,0.19999995288401246,0.19999987257404503
259,e6b5d8bc76d7d732397bd4ed80fd80b6870d2c725e1ac3eecbd6a2e6c5b8ffbc,Bacterial-Spot(752),Bacterial-Spot (240).jpg,4,0.19999995049820127,0.20000002222503274,0.19999997733317043,0.20000001350483335,0.2000000364387623
260,a588c3937d0c8cfd1d6bcf56023353b1063460a67cd86abe70ef8e89743d5ec5,Bacterial-Spot(752),Bacterial-Spot (241).jpg,4,0.19999991985438073,0.2000000360518529,0.19999996334539574,0.20000002182274515,0.20000005892562547
261,e1c56c011b9ddfabe4220e843499f1127f28f3bacd03c286d79db56fcf1d9c11,Bacterial-Spot(752),Bacterial-Spot (242).jpg,4,0.199999925803087,0.20000003337219505,0.19999996606361936,0.2000000202052764,0.200000054555822
262,85b305344d435a66d27660bf001f0f241159a3071cb14ba1b73bf35a795ba53d,Bacterial-Spot(752),Bacterial-Spot (243).jpg,4,0.19999996343451734,0.2000000163920277,0.19999998324062268,0.20000000999086515,0.20000002694196714
263,ba54ee04259f616035ae3c3fb70e3b0e53e1b01485f7c497cc474d6cf4732981,Bacterial-Spot(752),Bacterial-Spot (244).jpg,4,0.19999993085943701,0.2000000311005332,0.19999996837801268,0.2000000188268692,0.20000005083514785
264,7b72fb029e1f6d912a305c0208a346eb0aa721638389902e5af7a64a392b4aa6,Bacterial-Spot(752),Bacterial-Spot (245).jpg,4,0.1999999277032051,0.2000000325569714,0.1999999669580654,0.20000001966371916,0.20000005311803906
265,7e2b5e54d0c2f281573aa043cfa9a5c9f4ad902bb19f80c3f4c317f74a5f08fe,Bacterial-Spot(752),Bacterial-Spot (246).jpg,4,0.1999999419713991,0.20000002609464881,0.19999997345526435,0.20000001580562463,0.20000004267306315
266,b239fff49ebe72f6c59bf028e49cce3695edbc376239ce3a319a4ec1772c6076,Bacterial-Spot(752),Bacterial-Spot (247).jpg,4,0.1999999566754483,0.2000000194978606,0.19999998019149814,0.20000001179129923,0.20000003184389373
267,3146071069ef1df76d14502f5f52c78aebbe5d6a7390ace379b4a0dbe242217f,Bacterial-Spot(752),Bacterial-Spot (248).jpg,4,0.19999993227653046,0.20000003048186463,0.19999996903815853,0.20000001842941031,0.20000004977403607
268,99c2382be623943ccc9bf8568b5167b6b4c7fc521c752058f0a1fea84b64c3e7,Bacterial-Spot(752),Bacterial-Spot (249).jpg,4,0.1999999456895741,0.200000024446939,0.19999997517176132,0.20000001477805474,0.20000003991367088
269,9c1325d2edcf6285021f8e089e0e4cd521892acfb27874d2e6939612a8aedd1e,Bacterial-Spot(752),Bacterial-Spot (25).jpg,0,0.20000007805314715,0.19999996470876824,0.20000003558127558,0.1999999788573192,0.19999994279948982
270,b16365925c80bfd82baf0e2416cac6e2b7cdb0600b22d467c1027d82a71a3018,Bacterial-Spot(752),Bacterial-Spot (250).jpg,4,0.19999986950126594,0.20000005880769686,0.1999999403843583,0.20000003546890088,0.20000009583777797
271,04412439abe7b5f6a9c058c4e2c047352c160404661a59a2aadc679fa4a90bce,Bacterial-Spot(752),Bacterial-Spot (251).jpg,0,0.20000000024386747,0.19999999978437094,0.2000000000433793,0.19999999999847612,0.19999999992990616
272,cc4a6a96e32847e75508446254d51388432719c2dadcfc119fa865b31324fe6d,Bacterial-Spot(752),Bacterial-Spot (252).jpg,0,0.20000005945388208,0.19999997303726866,0.20000002705045936,0.19999998394514656,0.1999999565132434
273,20fdf63b813ccf65deec142de16ecc6dd4078e876899a6474086aa7fed130459,Bacterial-Spot(752),Bacterial-Spot (253).jpg,0,0.2000000249039801,0.19999998865777627,0.2000000112999419,0.1999999933043851,0.19999998183391668
274,08efebb8efad774428cb0c38736e908200627c50a32ba72828b758d2cef5dfeb,Bacterial-Spot(752),Bacterial-Spot (254).jpg,4,0.19999995965430498,0.20000001811898202,0.1999999815287639,0.2000000110037943,0.20000002969415473
275,8c06f844b9626c2399b7b670eba70d5d25c001341ba2754d6d7a670d0936cbf8,Bacterial-Spot(752),Bacterial-Spot (255).jpg,4,0.19999996979056506,0.2000000136027249,0.19999998619249487,0.2000000082173518,0.20000002219686336
276,7d1f36bb87289a24faa0d70d1c00ec6ba6c324447f6b4148a2b8374b3d3194b5,Bacterial-Spot(752),Bacterial-Spot (256).jpg,4,0.1999999310383262,0.2000000310692719,0.19999996849146667,0.20000001874797463,0.20000005065296064
277,833145b2e6de47f954d753ec796d0c9eb2606f014d5443b61960c2db1486b4d0,Bacterial-Spot(752),Bacterial-Spot (257).jpg,4,0.19999990463779582,0.20000004294429513,0.1999999564167332,0.20000002593701016,0.20000007006416567
278,f8c5f9abf6a78204ea561737f1c94999f3195a07ba499169f1d53aa64d80289d,Bacterial-Spot(752),Bacterial-Spot (258).jpg,4,0.1999998889810528,0.20000005003453913,0.1999999492866564,0.20000003017127801,0.2000000815264737
279,7355f64883b44b2fe42ed69176a8b4c327146b102633cb57b5a61e703d36563c,Bacterial-Spot(752),Bacterial-Spot (259).jpg,4,0.1999999711625324,0.20000001293848463,0.1999999867897772,0.20000000787278524,0.20000002123642047
280,05e658d1c8d2054abeb450c0949bd62526fec56ec58b0e702a2a16d21f070060,Bacterial-Spot(752),Bacterial-Spot (26).jpg,0,0.20000007305152306,0.1999999669823274,0.20000003330916044,0.19999998020498772,0.19999994645200136
281,6d3af8aff828eaf1c788d32abfcbc35dc60018ddd4e646e68d32ad38757a671a,Bacterial-Spot(752),Bacterial-Spot (260).jpg,4,0.1999999286188684,0.2000000320944908,0.19999996734429015,0.2000000194453799,0.20000005249697075
282,f47d240cb1174d3e80c0cb2c8395660d8ff60e410fe1565be1041ee2901fc1d9,Bacterial-Spot(752),Bacterial-Spot (261).jpg,0,0.20000006716157986,0.19999996954867022,0.20000003056181745,0.19999998185966178,0.1999999508682706
283,af741fa8a42e47b73f19f377b7d90bd9b0c92dcee868279380792f9b6b0a9079,Bacterial-Spot(752),Bacterial-Spot (262).jpg,0,0.20000003120460566,0.19999998580024708,0.20000001416647656,0.19999999160303888,0.19999997722563184
284,1b1643c2c0d34c4522f38510ea581d2f479165352a43e88765aa5e4b62f74a6c,Bacterial-Spot(752),Bacterial-Spot (263).jpg,0,0.20000007357395097,0.19999996666208217,0.2000000334931125,0.19999998011471531,0.1999999461561391
285,57778211cd1636b45e90574b55e0f9bd71580acaf68f331e2ec42dc0adc90175,Bacterial-Spot(752),Bacterial-Spot (264).jpg,0,0.20000007445830847,0.1999999662779928,0.20000003390635393,0.19999997986551446,0.19999994549183023
286,43de3a768e975fa66e94f54069a48c206e55645c763d157d1b652baceeb19ee8,Bacterial-Spot(752),Bacterial-Spot (265).jpg,0,0.20000007267043995,0.19999996708941753,0.20000003309340617,0.19999998034808966,0.1999999467986467
287,f2f94801a17b2af42297277069a4be3b05b96a008cfe4605e65c36b2747e6089,Bacterial-Spot(752),Bacterial-Spot (266).jpg,4,0.19999993604855887,0.20000002876860368,0.19999997075274836,0.20000001741248427,0.2000000470176048
288,2db4d3bf7e16c28783ed7615599e9a036c3b8ba450a9f9029dc26e1886439921,Bacterial-Spot(752),Bacterial-Spot (267).jpg,4,0.19999999694825793,0.2000000013303141,0.19999999857701609,0.2000000008570636,0.2000000022873483
289,10364b04888bd090356044ee9db9abb00010d0523cbce089f22df24bb77bba06,Bacterial-Spot(752),Bacterial-Spot (268).jpg,4,0.19999994085684444,0.20000002664517613,0.19999997297729966,0.20000001607917187,0.20000004344150793
290,21a484e9bd8b33aef40ec54295cf1deeb9b28b3c46d393fac32b46a0ca2badae,Bacterial-Spot(752),Bacterial-Spot (269).jpg,4,0.19999990051428915,0.20000004481628972,0.19999995454187727,0.2000000270493511,0.20000007307819273
291,49ef5e976ecab3a3b88a32b4b2865329de420c8957c98f72e15076bb50db1ec0,Bacterial-Spot(752),Bacterial-Spot (27).jpg,0,0.2000000649266236,0.19999997064394703,0.20000002959759078,0.19999998241308936,0.19999995241874913
292,8e8127ac1f53c07ffd323f6568c014fc1be28d6103ce87cd9b128e6701b8c6b5,Bacterial-Spot(752),Bacterial-Spot (270).jpg,4,0.19999991956191085,0.20000003620535217,0.19999996322574537,0.2000000218889383,0.20000005911805324
293,ff2e234ea7d1ffa573c8f1122fc0f0101ae53a9740790b7e9a33784baf4a4bc3,Bacterial-Spot(752),Bacterial-Spot (271).jpg,0,0.2000000441127176,0.199999979939291,0.20000002003485556,0.19999998812149858,0.19999996779163742
294,f3bb0cacd88aa1e8007bfe68980fae11fe4c1a292ea129843d763109b4a8a116,Bacterial-Spot(752),Bacterial-Spot (272).jpg,0,0.20000003762700277,0.19999998289833715,0.20000001709539758,0.19999998986210515,0.19999997251715737
295,13e07ff625418df2f6955a4a9ae1c256e7af7c16089e3a42bee5be5149010faf,Bacterial-Spot(752),Bacterial-Spot (273).jpg,0,0.20000000346899555,0.19999999832326254,0.20000000151170919,0.19999999912661084,0.19999999756942186
296,b48d32ab662bc5677b132585b09eb2c9f2175bf58756dd85cd2f86f18eab1f35,Bacterial-Spot(752),Bacterial-Spot (274).jpg,4,0.1999999712104324,0.20000001288138583,0.19999998678867198,0.20000000788122935,0.20000002123828048
297,e352aca7875f38d8fac4e05c2e5bb6f588ec9df9261f734d128494009f2c727d,Bacterial-Spot(752),Bacterial-Spot (275).jpg,4,0.19999993629441334,0.20000002863023866,0.19999997084727905,0.20000001736250553,0.2000000468655635
298,ce2e44a78b99b44a9dcee9a6daab1ff4d75fa5dfcfbf649afcafe0d805c58d47,Bacterial-Spot(752),Bacterial-Spot (276).jpg,4,0.1999999427443889,0.20000002573952225,0.1999999738040356,0.2000000155997267,0.20000004211232655
299,ceefc6e58008eed2d339274190e8065d5fac662cd71eb35b283fc95d45814fd8,Bacterial-Spot(752),Bacterial-Spot (277).jpg,4,0.19999996937235048,0.20000001372245935,0.19999998595721705,0.20000000837310047,0.20000002257487262
300,6d253b7790e4f70553595b26bb936a0f09fa1d57a144992c9e720402bb0cdb7d,Bacterial-Spot(752),Bacterial-Spot (278).jpg,4,0.1999999587267786,0.20000001851274146,0.1999999810894971,0.20000001127081085,0.20000003040017192
301,374e3499e4c9671428be5dcc6fd5ac42b92245ab3d47acfff16ade4efa6ba7c1,Bacterial-Spot(752),Bacterial-Spot (279).jpg,4,0.1999999819758867,0.20000000802198198,0.19999999170144586,0.20000000496026676,0.20000001334041864
302,3eff5f5721fa4dfa520c258ec9eef48f8ba3f5773251152efc8e8361be145236,Bacterial-Spot(752),Bacterial-Spot (28).jpg,0,0.20000012118983793,0.1999999452341408,0.20000005526440356,0.19999996715474533,0.1999999111568723
303,9cac56df4e758a159c08a5953b951aa3405471da87ea16e0c6d5aead78bd5f4b,Bacterial-Spot(752),Bacterial-Spot (280).jpg,4,0.19999997583603005,0.20000001078583876,0.19999998889460988,0.20000000663079603,0.2000000178527253
304,7b02f3ac7c75e3d0493db0f3121a874aede2adfc9c33b3889082f0d344ddf90c,Bacterial-Spot(752),Bacterial-Spot (281).jpg,4,0.1999999539188144,0.2000000206841464,0.19999997889610702,0.20000001257461267,0.2000000339263196
305,28993b3ce0a4a0552ab11a8b4c809b68b594ae8710f0a16cf53627c1711ccdf0,Bacterial-Spot(752),Bacterial-Spot (282).jpg,0,0.20000014296630203,0.19999993537341823,0.20000006518198177,0.19999996126518882,0.1999998952131091
306,ae84d8bf36fb48d6850836433c834501b999c0e19170a4ed6e5f4670a8517ef7,Bacterial-Spot(752),Bacterial-Spot (283).jpg,4,0.19999995974662907,0.20000001810010878,0.19999998158558244,0.2000000109648359,0.20000002960284377
307,f4aaaf346f257bf88330a8204cafb1af379f78e664d1a8e8016f229a4ac17ef5,Bacterial-Spot(752),Bacterial-Spot (284).jpg,4,0.1999999704734767,0.20000001323981967,0.19999998646898448,0.20000000806553808,0.2000000217521811
308,fd466c38461aaa25c40fabffd86f46edf7073702597542744e7a6f8edbf0bd2e,Bacterial-Spot(752),Bacterial-Spot (285).jpg,4,0.19999997019133936,0.20000001341064477,0.1999999863681755,0.2000000081154242,0.20000002191441618
309,b2bdc9b141a11b100db14318e8a9b892eb712ff95f549dabaa29e3201fab3541,Bacterial-Spot(752),Bacterial-Spot (286).jpg,4,0.1999999759014843,0.2000000107526541,0.19999998892221377,0.20000000661539835,0.2000000178082496
310,028a657e7b41902ba56e5f4d449953b44c327c7133f00181416a4f7cc17c083f,Bacterial-Spot(752),Bacterial-Spot (287).jpg,0,0.20000002354443416,0.1999999892533588,0.20000001066779458,0.19999999368428464,0.19999998285012785
311,1da5d011362fdd12fff0db626083253af85a747b44650b99a8f7de3163c958f4,Bacterial-Spot(752),Bacterial-Spot (288).jpg,4,0.19999995109713575,0.20000002196193473,0.19999997761110272,0.20000001333770254,0.2000000359921243
312,4a18588d850769de8f7f6016f1639f46559a0e8d95855fda6827d849f1e84dc5,Bacterial-Spot(752),Bacterial-Spot (289).jpg,4,0.19999996473276843,0.20000001583474378,0.19999998385157447,0.20000000962094522,0.20000002595996821
313,463dbae616d7158679c3138781822ee1e0b7919fc88bde83b27b4b76e4f3d0f9,Bacterial-Spot(752),Bacterial-Spot (29).jpg,0,0.20000007714226625,0.1999999651184181,0.2000000351647037,0.19999997910549902,0.19999994346911282
314,9801e9a8f3d195f91c9e8ca43824e04939af3929da5a246ecb0ec53c9743532f,Bacterial-Spot(752),Bacterial-Spot (290).jpg,4,0.1999999464147032,0.2000000241011072,0.19999997549080437,0.20000001459262715,0.20000003940075808
315,84ad2bde22e854cd85d91a73bd939a7360022bf27cc238601bb2576614921672,Bacterial-Spot(752),Bacterial-Spot (291).jpg,4,0.19999997792376845,0.2000000098542363,0.1999999898543054,0.20000000605775364,0.20000001630993622
316,ada4b93db449cb0d2884d579665f67c308ae79dfc6d8c106af802aa8a2c555a1,Bacterial-Spot(752),Bacterial-Spot (292).jpg,4,0.19999993607606856,0.20000002873163825,0.19999997074941345,0.20000001741994938,0.20000004702293037
317,d5055450a9349ab2a39b53ca958b30411fa001ee1472edc88dd3087fcb7ddfdf,Bacterial-Spot(752),Bacterial-Spot (293).jpg,4,0.1999999935124061,0.20000000291418535,0.19999999703023721,0.2000000017690094,0.200000004774162
318,7b1265b4ee6dee0e2157767e3f8d70a6f9c7925df945dc356ee87743c6e44d92,Bacterial-Spot(752),Bacterial-Spot (294).jpg,4,0.199999957314562,0.20000001915154408,0.19999998044584463,0.20000001165306738,0.20000003143498193
319,d0d69d0e675cbb93e75f0ff77bdc90d66183e78df96556592601956cb13bf10c,Bacterial-Spot(752),Bacterial-Spot (295).jpg,4,0.19999997688981588,0.20000001029280787,0.1999999893643429,0.20000000635551196,0.20000001709752152
320,423914b0d3d16fd1c40ec94e8ca965eb62c304e97377764c812aa8d742235571,Bacterial-Spot(752),Bacterial-Spot (296).jpg,0,0.20000000202349197,0.1999999989775173,0.2000000008531637,0.1999999995176368,0.19999999862819026
321,61d86ef4b87e3c2a59d8c3f6912add95dcf573469e9b431f66905e6b73cfe451,Bacterial-Spot(752),Bacterial-Spot (297).jpg,4,0.19999998784833747,0.20000000545206692,0.19999999443334437,0.2000000033173735,0.20000000894887787
322,1dc75c92c2eb61e354bbf66f75718253e99ff7533cd7e569e5672a6ba16ec5f1,Bacterial-Spot(752),Bacterial-Spot (298).jpg,4,0.19999997727075172,0.20000001014198773,0.19999998955179357,0.20000000623920897,0.20000001679625798
323,a49b79b0030df937d9e2f87ca50d093350a71bcca37899c3a65a6c5bb5c3a6b5,Bacterial-Spot(752),Bacterial-Spot (299).jpg,4,0.19999995132280282,0.20000002186530977,0.1999999777174184,0.20000001327323153,0.20000003582123754
324,6db62ff381edfb9554fe1d5be73b857f2590fbd4a8683d083dd53bd9c57941ee,Bacterial-Spot(752),Bacterial-Spot (3).jpg,0,0.20000015557470482,0.1999999296710542,0.20000007092876443,0.19999995785080107,0.19999988597467555
325,df842bcf887aa9a4a53902dac6ba8fed2d08fe764a35c5cdb1c5d48d35ed6ca8,Bacterial-Spot(752),Bacterial-Spot (30).jpg,0,0.2000001052429229,0.1999999524020835,0.20000004796756307,0.1999999715001921,0.19999992288723834
326,657dca0ead4970c8cc4081b8f2d59cc6c19b22b6bd3109745e0c765941c2b685,Bacterial-Spot(752),Bacterial-Spot (300).jpg,4,0.19999994744159835,0.20000002363045818,0.1999999759547832,0.20000001431831407,0.20000003865484617
327,c6ee78cc3018be73dc0e4ae45b26b819ce54d97eaecbce215d3475b8e30c6607,Bacterial-Spot(752),Bacterial-Spot (301).jpg,4,0.19999999454326747,0.20000000237199733,0.19999999745123712,0.2000000015364298,0.20000000409706836
328,26395e93b0a7a8540677237ea892e1b431e488447f0f34d7b61f1e19a57f0339,Bacterial-Spot(752),Bacterial-Spot (302).jpg,4,0.1999999959117751,0.20000000183926472,0.19999999813041605,0.2000000011130144,0.20000000300552978
329,4e81b07908204ab8f49da92eb735fc4131c13c3c298c90e6bf510f615aeec494,Bacterial-Spot(752),Bacterial-Spot (303).jpg,4,0.19999999472298824,0.2000000023734453,0.19999999758635617,0.20000000143705515,0.2000000038801553
330,315fea8b317b2837ef677f419ef282602e26b0b97f8ae3ebf2bed49dae84f228,Bacterial-Spot(752),Bacterial-Spot (304).jpg,4,0.1999999744657235,0.200000011500498,0.19999998833118374,0.20000000694386666,0.20000001875872805
331,b5046c806f5320aeaef60210979597c14b34235e38367a17d9a130ac1f7bc625,Bacterial-Spot(752),Bacterial-Spot (305).jpg,4,0.19999996527869437,0.20000001562686348,0.1999999841254905,0.20000000944920837,0.20000002551974325
332,6cf8af218ade52f98ce6e9329bcb119b4ff24b58ec0c19037642013bacd5c5e0,Bacterial-Spot(752),Bacterial-Spot (306).jpg,4,0.19999999561876508,0.20000000197024997,0.1999999979958803,0.20000000119329603,0.2000000032218085
333,165b1b94ee240985a4ccb1b61589451b2413adc97b27642453613fea3912c758,Bacterial-Spot(752),Bacterial-Spot (307).jpg,4,0.19999999046244737,0.20000000420925806,0.19999999558581033,0.2000000026464641,0.2000000070960201
334,bb5a7858eb6cd5ec287422473c3c7e17fa92f9b33e11ac3a82ffda79ec68a43e,Bacterial-Spot(752),Bacterial-Spot (308).jpg,0,0.20000001147906643,0.19999999476108804,0.2000000052014645,0.19999999692042872,0.19999999163795232
335,4a22f6cc9e5a58275351148c29f93234bbb244edb2d689dbc13220b84881ebff,Bacterial-Spot(752),Bacterial-Spot (309).jpg,0,0.20000002840649617,0.19999998712851227,0.20000001293154243,0.1999999923223128,0.19999997921113633
336,92768c72149160efb23b8150a2d0922c513b621c6c58d84546c83a2c0a7130b2,Bacterial-Spot(752),Bacterial-Spot (31).jpg,0,0.2000000578796498,0.19999997378464351,0.20000002635574965,0.19999998434957017,0.19999995763038694
337,5dc29b571d311e32b3d62c984a3c7bb6bc682a8181bdc38059e5188bce5db5e7,Bacterial-Spot(752),Bacterial-Spot (310).jpg,0,0.20000001370159162,0.19999999375061905,0.20000000621102562,0.19999999632176538,0.19999999001499835
338,b3afb4c1033052badc91c1cefc76017d151c3d21e87c215e4e50226a2092b59c,Bacterial-Spot(752),Bacterial-Spot (311).jpg,0,0.20000000665699233,0.1999999968835033,0.2000000029659956,0.19999999826194464,0.1999999952315642
339,fc3e6a764aaf1d1d7aa8b8ebc84d5a99fdd69a1e92a8f418b0a9fddca5be2b7c,Bacterial-Spot(752),Bacterial-Spot (312).jpg,4,0.19999999343455294,0.20000000291170314,0.19999999697047446,0.20000000181312413,0.20000000487014535
340,d70306d18b033171fa76bdd200e6649f7278f0a1f52c99882608f8c55ef82796,Bacterial-Spot(752),Bacterial-Spot (313).jpg,4,0.19999999608087832,0.20000000172301352,0.19999999818186326,0.20000000109150962,0.20000000292273537
341,0b9e679a10a06dc07ea036d445aeb700f3bd464b75cd41a960e00bd9cf87c1b9,Bacterial-Spot(752),Bacterial-Spot (314).jpg,0,0.20000000437532017,0.19999999795764714,0.200000001953255,0.19999999885400202,0.1999999968597757
342,03cdc56ca76cfc44a25e49fe4e9c50e3da38374221ee83f210e2df22e7d430e5,Bacterial-Spot(752),Bacterial-Spot (315).jpg,4,0.1999999736874221,0.2000000117799075,0.19999998792969317,0.20000000719899066,0.20000001940398654
343,58b01a501e01ced233dbea8a1b78eb58018027a44e4a4976f2a96f5ea3f3e105,Bacterial-Spot(752),Bacterial-Spot (316).jpg,0,0.20000000255710243,0.19999999878966762,0.2000000011307902,0.19999999934041757,0.19999999818202216
344,5e1bcf5a8c6914718c044ccb2dd731481c3f42d86cd155401ac77fd4eeffee3e,Bacterial-Spot(752),Bacterial-Spot (317).jpg,4,0.19999994438552982,0.2000000250681174,0.1999999745977079,0.20000001511209628,0.20000004083654863
345,029e68a0c493242cc4a10d18c526a6513f32f16ee4b2d114657106ff6cce4228,Bacterial-Spot(752),Bacterial-Spot (318).jpg,4,0.199999981948309,0.2000000080891492,0.19999999172406252,0.20000000493422856,0.20000001330425068
346,d02199c37cf4b1469f0359ea9fd2cd3312c7592bd3e51ff6ca13c1a103ddd9f7,Bacterial-Spot(752),Bacterial-Spot (319).jpg,4,0.19999997287072474,0.2000000121801559,0.1999999875773753,0.2000000074013264,0.20000001997041778
347,3968a83abe0b1b061dd88012a538af659cadf94ce0b999706ade98dc6524b1a3,Bacterial-Spot(752),Bacterial-Spot (32).jpg,0,0.2000001242335342,0.19999994384652264,0.2000000566445408,0.199999966337319,0.1999999089380833
348,44259aa3d7112c6ab2b57d90d88e57339b9ea3ce5485505985faada7fcf89307,Bacterial-Spot(752),Bacterial-Spot (320).jpg,4,0.1999999924870355,0.2000000032902529,0.19999999650642322,0.20000000210024949,0.2000000056160389
349,79e187bd31ccce7dbbea57f23df27c24845c8ed498f61d009e41078666f4cf91,Bacterial-Spot(752),Bacterial-Spot (321).jpg,4,0.19999998473940253,0.20000000681265118,0.19999999298710608,0.20000000418718356,0.2000000112736567
350,af53d0b1ce31875e37583b6847dbef90ad2f91c2e63da9a8156365979618d952,Bacterial-Spot(752),Bacterial-Spot (322).jpg,4,0.19999997456697904,0.2000000114384442,0.19999998836687458,0.20000000692640907,0.20000001870129322
351,1304cdd6c6bf008f51c3ab6711d1d2af894ab291aece6b3f151db0dc9ebeea88,Bacterial-Spot(752),Bacterial-Spot (323).jpg,4,0.19999995286395741,0.20000002121468385,0.19999997844972592,0.20000001282756336,0.20000003464406943
352,15e9272c37b9dedd8722ebdf30c9f916c082f39b59c409da66cfe646c7dbcc5b,Bacterial-Spot(752),Bacterial-Spot (324).jpg,0,0.20000003891113738,0.19999998234091387,0.20000001769573014,0.19999998950009792,0.19999997155212063
353,ae62ddbfde1516f3d7f937a1309b5f7f58bbb7202ca057621b151d7d625be55e,Bacterial-Spot(752),Bacterial-Spot (325).jpg,4,0.19999999907900184,0.200000000377248,0.19999999955491904,0.200000000273406,0.20000000071542512
354,c0558898cff098c90253d7186679d73b01520db29b54e88b40406e0884e29630,Bacterial-Spot(752),Bacterial-Spot (326).jpg,4,0.19999999959423242,0.20000000016555416,0.1999999998034863,0.20000000012085073,0.2000000003158763
355,bd42ab80145daad094af6f3bcda784cc6e01e3455a015d7e9e9c1c852554603a,Bacterial-Spot(752),Bacterial-Spot (327).jpg,0,0.20000002495166316,0.19999998867934277,0.2000000113493666,0.19999999326497336,0.19999998175465417
356,cd341d33bb5fbf2484491982b7e5356de34247897abfd40ad89671c29ace9623,Bacterial-Spot(752),Bacterial-Spot (328).jpg,0,0.2000000207075776,0.19999999053488599,0.2000000093738761,0.19999999445340494,0.19999998493025545
357,72ea57b0ca7926fca8e1e6a5a6ca1b1f20c5a09d9c34b94595a132cf3937d23f,Bacterial-Spot(752),Bacterial-Spot (329).jpg,4,0.19999998918688577,0.2000000048450136,0.19999999504235785,0.20000000295593018,0.20000000796981257
358,884bcb5bdeb6923d6c1ffb95684140b31bdd84981ccf69895bccb8ab59559a30,Bacterial-Spot(752),Bacterial-Spot (33).jpg,4,0.19999997014864937,0.20000001345080165,0.19999998636223348,0.2000000081142178,0.20000002192409772
359,4d99da45c4792f05d589f27d460133de70a46494caaed001403b145984d8e2e0,Bacterial-Spot(752),Bacterial-Spot (330).jpg,4,0.1999999907796563,0.20000000412157948,0.19999999576631775,0.200000002526463,0.20000000680598345
360,91630b7e61dd63ae835d5da5ba335957cc91b33c1594eba34a39efa1a13ee58f,Bacterial-Spot(752),Bacterial-Spot (331).jpg,4,0.19999998963644985,0.20000000462717285,0.19999999523791318,0.20000000284305447,0.20000000765540962
361,eb227310f6242f8f638670fc0316a38fc465b68b669fcd8c99158e20d768e1a7,Bacterial-Spot(752),Bacterial-Spot (332).jpg,0,0.20000000082690655,0.19999999960205309,0.200000000361449,0.19999999979071834,0.19999999941887303
362,1d547c0f3b7b4b66df42643d5ba2eba530c9492945227c04e856d4c95e35030a,Bacterial-Spot(752),Bacterial-Spot (333).jpg,4,0.19999999292459672,0.20000000317908945,0.1999999967617212,0.20000000192876888,0.2000000052058238
363,591ed28125e9db5591e0400772c9b5febeceb8530568d4efbb511be0e75e809e,Bacterial-Spot(752),Bacterial-Spot (334).jpg,4,0.19999999497246704,0.20000000225502695,0.19999999769646468,0.20000000137290921,0.2000000037031321
364,bfd1b656b3c1f5a9bb1e2d49684604389f1c27464325d2305154fb4e78e37319,Bacterial-Spot(752),Bacterial-Spot (335).jpg,4,0.19999999311433622,0.20000000306616386,0.19999999683074446,0.20000000189396977,0.20000000509478577
365,62e9b45801d5259076a4e4874104b77b27f3800226a0f2874e0616e1d0550eeb,Bacterial-Spot(752),Bacterial-Spot (336).jpg,4,0.19999999735999346,0.20000000115476316,0.19999999877146252,0.20000000073886412,0.20000000197491688
366,8af13643e9759dc4bebd736055c23ddcc59da493d2fc2051e3d1d4b2d4ff2ff7,Bacterial-Spot(752),Bacterial-Spot (337).jpg,4,0.19999999750917924,0.20000000109608493,0.199999998845124,0.20000000069309004,0.2000000018565217
367,425e04a056b2ddbc4dde1950136f48d9dd26af902a9867e527b6025f46031b6a,Bacterial-Spot(752),Bacterial-Spot (338).jpg,4,0.19999998427138452,0.20000000706425441,0.19999999279945263,0.2000000042893737,0.20000001157553476
368,2f705b1222de19de666a7ff8fc1bf4b87829385c686882826525357bc7b21211,Bacterial-Spot(752),Bacterial-Spot (339).jpg,4,0.19999999117779999,0.20000000390001704,0.1999999959211208,0.20000000244412217,0.2000000065569399
369,f7163badca17b0cb3b828d5b3317a9b056e1515c373602f97f925fea74ad3f6b,Bacterial-Spot(752),Bacterial-Spot (34).jpg,0,0.20000007694038602,0.19999996519799781,0.2000000350651722,0.19999997916739612,0.19999994362904794
370,c4ee1efab1ec3876ebfe64187d05890069e034443a819341f344c7935eaa026f,Bacterial-Spot(752),Bacterial-Spot (340).jpg,4,0.19999998230355656,0.2000000078819295,0.19999999185604986,0.20000000486658334,0.20000001309188079
371,68b110bd90d0222da132f046b273098d080ae2050a2f8ab76276663c25d0ff4e,Bacterial-Spot(752),Bacterial-Spot (341).jpg,0,0.20000002387957289,0.19999998915644224,0.20000001085571523,0.19999999356006945,0.19999998254820028
372,1fd1a81a53c149cbc5696e644c60a8ade2d0047bd7a70be10ef5cd04b4b6f0b3,Bacterial-Spot(752),Bacterial-Spot (342).jpg,4,0.19999998461578458,0.20000000682588331,0.19999999290322168,0.20000000424664174,0.20000001140846857
373,3aee890a2d4011a2200567c89b3e92548f4fb9483931c04e0b101fbe3bbd9af1,Bacterial-Spot(752),Bacterial-Spot (343).jpg,4,0.19999998767004368,0.200000005497549,0.19999999432943494,0.20000000338712332,0.20000000911584911
374,1d155148e162f8ea8eef3c1eacb470a2be85efe6111ff2abffe5d0d3253264ce,Bacterial-Spot(752),Bacterial-Spot (344).jpg,4,0.1999999437421528,0.20000002531114164,0.1999999742735318,0.20000001531560221,0.2000000413575714
375,c208ebd50563398b2d42209a23286e497849672f5420561daf9f369f09a49c7f,Bacterial-Spot(752),Bacterial-Spot (345).jpg,4,0.19999997581431916,0.200000010857818,0.19999998892474574,0.20000000659867126,0.20000001780444587
376,a0ee2fe14f728ec5a303b369541afc7db89df937e7e048b8f48ef38e2784b09a,Bacterial-Spot(752),Bacterial-Spot (346).jpg,0,0.20000004007818856,0.1999999818071546,0.20000001822380484,0.199999989187645,0.19999997070320705
377,4ba5af6ad90341166212b8fb73303eb8d220ba948c331af945fc9ec24da7d5f3,Bacterial-Spot(752),Bacterial-Spot (347).jpg,0,0.20000017942097803,0.1999999189700512,0.20000008185125334,0.1999999513417964,0.19999986841592107
378,c07b1e525b2cc9de9e725222073d5f2b49b276376d08b8ccab08a3428efa4843,Bacterial-Spot(752),Bacterial-Spot (348).jpg,0,0.20000030143949515,0.19999986393613223,0.20000013756210813,0.19999991820726598,0.19999977885499848
379,b9a2dc3cde62ddeb14f97606c74b664df4078937e8752026e1145ebb0a777aed,Bacterial-Spot(752),Bacterial-Spot (349).jpg,0,0.20000026252902497,0.19999988152198378,0.20000011981974303,0.19999992875148592,0.19999980737776224
380,08fa0f787dfc7d59cfd96785fc2e35f4b963ce166f74a61c1666d67fa4ee56d4,Bacterial-Spot(752),Bacterial-Spot (35).jpg,0,0.20000012815089732,0.1999999420923829,0.20000005844130228,0.19999996526580224,0.1999999060496153
381,3611a9c930ddf2fb080144bd2ddd1d2027de00a3dd8358a5c9a3c308c576162b,Bacterial-Spot(752),Bacterial-Spot (350).jpg,0,0.20000030097366364,0.19999986414346813,0.20000013734762473,0.19999991833542272,0.1999997791998207
382,f4984f8fe1a66ca6662a39b3744a445df9df6643066c1d0e99bb52e0bd15e16e,Bacterial-Spot(752),Bacterial-Spot (351).jpg,0,0.20000030770705665,0.199999861143248,0.20000014044566097,0.19999991648460785,0.19999977421942652
383,8493ef7bb083bff309df61b61c394c7f6a695e32745b7ea26abfce46bbffae4f,Bacterial-Spot(752),Bacterial-Spot (352).jpg,0,0.20000030780817424,0.1999998610545933,0.20000014046401512,0.19999991648329146,0.19999977418992587
384,9b79e99b46a67417a18dc28c2d0f73146aa253fd1998667cf90f961eb6b437c2,Bacterial-Spot(752),Bacterial-Spot (353).jpg,0,0.20000015298515741,0.1999999309940067,0.20000006984626703,0.1999999584592585,0.1999998877153103
385,8b114d7541270432cb0e8ea1f92f38db9d49537b7308c5ddb9c0b3ecaf478f72,Bacterial-Spot(752),Bacterial-Spot (354).jpg,0,0.2000000546018041,0.19999997534530076,0.20000002491218222,0.19999998518953369,0.1999999599511792
386,a32c8181d3ca853267f9a99f90d9446554074bb775105989040208f16d8a40c5,Bacterial-Spot(752),Bacterial-Spot (355).jpg,0,0.20000010073552368,0.19999995450177827,0.20000004595265397,0.1999999726835837,0.1999999261264604
387,28b7d702540825b5393b60e4f3352b560bececd3f3433ef8634deaf6a5d918ec,Bacterial-Spot(752),Bacterial-Spot (356).jpg,0,0.20000000885504943,0.19999999601519203,0.20000000404893858,0.19999999758989542,0.19999999349092465
388,42a123abf44c3cc629dbe72af1d9b601cc6e02e3c33433cbfe14941a2a363785,Bacterial-Spot(752),Bacterial-Spot (357).jpg,0,0.20000001893347538,0.19999999141944147,0.20000000861817518,0.19999999488348208,0.1999999861454259
389,e4ddead6cc12a17e26e9f364c5c8a30daa47db3721dd662580c41ac5328e8ec6,Bacterial-Spot(752),Bacterial-Spot (358).jpg,0,0.2000000901698102,0.1999999592833258,0.20000004113897168,0.19999997554294097,0.1999999338649512
390,641a57dbd393c3435b8fb4731830673f1d1e6aea7261dd9efe5a7e99e7c8b7c9,Bacterial-Spot(752),Bacterial-Spot (359).jpg,0,0.20000003459850327,0.19999998439087657,0.20000001579427404,0.19999999060719145,0.19999997460915478
391,0ff19ff5d0dc314d034924aff64b2a6b3545c00bd024c93c492abeba53883023,Bacterial-Spot(752),Bacterial-Spot (36).jpg,0,0.2000000884293583,0.19999996004945192,0.20000004033221133,0.19999997602718006,0.19999993516179837
392,ffbeccab16b6e45b8ab0531fae4c3bd738f01cbfd911d8b3ab387334a163937e,Bacterial-Spot(752),Bacterial-Spot (360).jpg,0,0.20000002136896577,0.19999999031722046,0.20000000972778706,0.19999999422440107,0.19999998436162558
393,5930893a1adec1dd8dcceb94cc17e9fd6bee9f19b0ae970d26e2949e868fa72e,Bacterial-Spot(752),Bacterial-Spot (361).jpg,0,0.20000025791100642,0.1999998835841261,0.20000011769806944,0.1999999300184324,0.19999981078836565
394,6b406ae1236ff30532e37a3b7e4c5267fd9714b89ffeaea625472b6f4d5cb64a,Bacterial-Spot(752),Bacterial-Spot (362).jpg,0,0.20000019761558538,0.1999999108151898,0.2000000901918585,0.1999999463698838,0.19999985500748255
395,583456a732398077968df6758a45882e9ae3e83ef23f41c6de9b8c81210e5809,Bacterial-Spot(752),Bacterial-Spot (363).jpg,0,0.20000023208121626,0.19999989523482858,0.20000010590511724,0.1999999370320434,0.19999982974679448
396,96e70e6a92a6060905bb0d9d6d184a92f2139d2ac9f8961ee7a0b5276a1ae5aa,Bacterial-Spot(752),Bacterial-Spot (364).jpg,0,0.2000002537864601,0.1999998854294758,0.20000011580510935,0.19999993114733094,0.19999981383162377
397,dc182c8161b380dbe13dac13739b44a54674aadb71c270d281d7d11a1c910629,Bacterial-Spot(752),Bacterial-Spot (365).jpg,0,0.2000002815009347,0.1999998729503799,0.20000012847236906,0.19999992360852004,0.19999979346779628
398,14229ac4e6ea67ea1daff14379e5ecd212239c394bbc914428deb6285bd202bb,Bacterial-Spot(752),Bacterial-Spot (366).jpg,0,0.20000026953380834,0.19999987834134642,0.20000012300425815,0.1999999268623448,0.19999980225824224
399,3515c83a555b04ccc3a224bb3f7cade5e74d6329752d57df0303261f402adfc5,Bacterial-Spot(752),Bacterial-Spot (367).jpg,0,0.20000005968381612,0.19999997303317157,0.2000000272196146,0.19999998382160594,0.19999995624179168
400,310b847220771ece7b94693b022198d495a008c6aefdd77ea2c41fd4c5265bd9,Bacterial-Spot(752),Bacterial-Spot (368).jpg,0,0.20000024056064453,0.19999989139511506,0.2000001097667472,0.19999993473865235,0.19999982353884077
401,52daf0223626301d44b168d05bb43950d95edc88d7816450bd025ff5b9d2eaf2,Bacterial-Spot(752),Bacterial-Spot (369).jpg,0,0.20000018906121894,0.19999991472703954,0.20000008632064709,0.1999999486599874,0.19999986123110702
402,64449da802b3aa7523f5faabd40f0f7dca9e2ff495f4ac50770b67303494517f,Bacterial-Spot(752),Bacterial-Spot (37).jpg,4,0.19999996493093333,0.20000001567724454,0.1999999838982005,0.20000000960882836,0.20000002588479335
403,e5305a7996e1fe3175e3a1776acdd4269da1bce67c178482c978c8a689eca8f3,Bacterial-Spot(752),Bacterial-Spot (370).jpg,0,0.20000015187515124,0.1999999314153286,0.20000006928834702,0.19999995880920038,0.19999988861197265
404,bb7d1ccb1c4008d94c53eb80be11a8dccdfef245057c3bfbef82d19889d572d0,Bacterial-Spot(752),Bacterial-Spot (371).jpg,0,0.2000001960316151,0.19999991153345953,0.20000008947105635,0.1999999467975191,0.19999985616634985
405,b72fd81b964a64bcefd97142b58a2efb4de1f6f8788dcdc5d506adefed5785cf,Bacterial-Spot(752),Bacterial-Spot (372).jpg,0,0.20000027628886546,0.1999998752725442,0.20000012607418835,0.19999992504140102,0.19999979732300083
406,96b07eca341fbfd63a6d93dd60a3eca55aa826c73dab094b3dee36e1490a1b22,Bacterial-Spot(752),Bacterial-Spot (373).jpg,0,0.20000024133067684,0.19999989108411215,0.20000011014185212,0.19999993450749046,0.19999982293586852
407,a1b2f262794b06b3d6fcdc1d5375fe4427ed4fd2a4133f6a22330279b9c70155,Bacterial-Spot(752),Bacterial-Spot (374).jpg,0,0.20000022147366736,0.19999990003738885,0.20000010107370073,0.19999993990143594,0.19999983751380704
408,71945eb772168447530a30a57c948e6c5851540e3f16a0ec7eb9528fe57e5a9b,Bacterial-Spot(752),Bacterial-Spot (375).jpg,0,0.20000024605847794,0.19999988895222837,0.20000011230064255,0.19999993322314633,0.19999981946550477
409,b7ca9aa463002426eae066e2214eedc179921f4a6b8bfe5c051e29164acd9705,Bacterial-Spot(752),Bacterial-Spot (376).jpg,0,0.20000026413946953,0.19999988080090048,0.20000012055852154,0.19999992831107014,0.19999980619003824
410,b065b919bb43d7ccc6e074b53e381fc4118b81ab6e7184f36eaab3df48b35ad2,Bacterial-Spot(752),Bacterial-Spot (377).jpg,0,0.20000025225221554,0.19999988611771208,0.2000001151021626,0.19999993156628867,0.19999981496162114
411,f524e49a21c0063add5eaf528a4fbe5102cc80c6e4578b9cb481bcb7f368715a,Bacterial-Spot(752),Bacterial-Spot (378).jpg,0,0.20000004238095906,0.19999998088001358,0.2000000193470589,0.19999998849423758,0.19999996889773075
412,c6203344ca3988fc27987121103a166a10cf4c04d3887a04b3dae7d4aabc5c37,Bacterial-Spot(752),Bacterial-Spot (379).jpg,0,0.20000027253444908,0.19999987696844382,0.20000012436168377,0.199999926059379,0.1999998000760444
413,01a0266f8c0b4583b080aed9d0f17cc24bc5fc542b2f7a544d3536bb6d1e5602,Bacterial-Spot(752),Bacterial-Spot (38).jpg,4,0.1999998759276216,0.2000000559471065,0.199999943342878,0.2000000337005815,0.2000000910818124
414,a055cea571fe052f654ad2c84ed21407e907ca52c920765787237ee8ffebb403,Bacterial-Spot(752),Bacterial-Spot (380).jpg,0,0.20000017719831584,0.1999999199740015,0.2000000808373907,0.19999995194455655,0.1999998700457354
415,dd6a1f114d16cb978cb4e42a00aa9e79a447c52c8594fcf521ecb4feb3801a5a,Bacterial-Spot(752),Bacterial-Spot (381).jpg,0,0.20000029994217738,0.1999998646575549,0.2000001369082554,0.19999991858579652,0.19999977990621576
416,ba092b938b2399863a94f7f919b124cf8fe608e51c8a796d17c03c5c10758db6,Bacterial-Spot(752),Bacterial-Spot (382).jpg,0,0.20000014994620494,0.1999999323638498,0.20000006845824922,0.19999995928516665,0.19999988994652934
417,5a4b94bb599d1c50559d93351816e7ea2b42c8f0aff31f9dc3b403246a02bdac,Bacterial-Spot(752),Bacterial-Spot (383).jpg,0,0.20000026632972,0.19999987976814013,0.2000001215294766,0.19999992774357964,0.19999980462908362
418,8a426db6820dd22aeef2476919b16144056e75698e246e64602ffaf5ea9bae2c,Bacterial-Spot(752),Bacterial-Spot (384).jpg,0,0.200000202689853,0.19999990853879543,0.20000009251638312,0.19999994498433638,0.1999998512706321
419,a03d65111d2e7e2f1d1134109e3dba6cde877b5222f74623d8b11c6a0370682f,Bacterial-Spot(752),Bacterial-Spot (385).jpg,4,0.19999993967622764,0.2000000272888939,0.19999997250986218,0.20000001633164222,0.20000004419337403
420,f0a0768448117dd138435447cfece791b2a444aaf16363cba71aaf7542594769,Bacterial-Spot(752),Bacterial-Spot (386).jpg,0,0.20000002502508823,0.19999998869902533,0.200000011416959,0.19999999321268716,0.1999999816462401
421,9d600801dbfd315f5a7b943debc41ae61bf11f85cfee2b666b84356d46922190,Bacterial-Spot(752),Bacterial-Spot (387).jpg,0,0.20000027567518072,0.19999987558245105,0.2000001258153589,0.19999992518782472,0.19999979773918453
422,1941a00e80fc43d19bb89348ff5a046716327f1a11e3c91921ce914106dc92bb,Bacterial-Spot(752),Bacterial-Spot (388).jpg,0,0.2000003007682639,0.19999986423604404,0.2000001372537514,0.19999991839116812,0.19999977935077243
423,395609536bbd5e7d8bd27e8be1eed1f9cada491c129ed9e8b995b6cdce34e87d,Bacterial-Spot(752),Bacterial-Spot (389).jpg,0,0.20000024904344482,0.199999887573032,0.20000011364230968,0.1999999324326756,0.19999981730853786
424,82f077111f575cb6859cc9008ed4e85a266121e77d5da91f491c1b753a09fc5d,Bacterial-Spot(752),Bacterial-Spot (39).jpg,4,0.19999996242133392,0.20000001690833716,0.19999998281626383,0.20000001022969843,0.20000002762436656
425,ea2887a99fdd8d5a642e4208345bf1c2254a698a03f6be3a1194b09e5c6a7f6c,Bacterial-Spot(752),Bacterial-Spot (390).jpg,0,0.20000025011065642,0.19999988715195366,0.20000011416850663,0.19999993210616765,0.19999981646271567
426,3ba704c97c1bb6f5cba155a612c634efc8ee95c42435325d5557f1788be4e665,Bacterial-Spot(752),Bacterial-Spot (391).jpg,0,0.2000001125832765,0.1999999491185091,0.20000005133662593,0.19999996949043336,0.19999991747115506
427,e6dab5d14e6d532d85a23d0d10e49c80258510f735732b7ac414c1b317f3dd3a,Bacterial-Spot(752),Bacterial-Spot (392).jpg,0,0.20000011632046133,0.19999994743606742,0.2000000530448593,0.19999996847358567,0.1999999147250264
428,aa3ec2e5a53fce9910bf140d66ba0969db02e68d440201c12a8e2fb98a174505,Bacterial-Spot(752),Bacterial-Spot (393).jpg,0,0.20000012275250478,0.19999994462036808,0.200000056036905,0.1999999666752732,0.19999990991494893
429,8035f352419582e32598ee24429f6cc4ef2857f0d658a2a242d4e77a39b95700,Bacterial-Spot(752),Bacterial-Spot (394).jpg,0,0.20000012163013575,0.199999945127478,0.2000000555248727,0.1999999669791963,0.19999991073831724
430,bd218a5f4d88aaa6cb7c9b7bf0dcdfe8dacb2890c77587ce0ad786d2725333f2,Bacterial-Spot(752),Bacterial-Spot (395).jpg,0,0.20000001494680264,0.19999999325771972,0.20000000682390615,0.19999999594167134,0.1999999890299001
431,adbd3a0feff73b0a81d20e117c19da4c68baebceffcf4fbb84e89c5104cb559b,Bacterial-Spot(752),Bacterial-Spot (396).jpg,0,0.2000000439704654,0.19999998018732545,0.2000000200884164,0.1999999880478143,0.19999996770597847
432,68e08fdcb7edcc4623038c454592a6d01790b5560cd877a94dcfe3384594ae6e,Bacterial-Spot(752),Bacterial-Spot (397).jpg,0,0.20000021141504568,0.1999999045400499,0.20000009645931732,0.19999994265365714,0.19999984493193
433,f7560f12b20b4f53b8efb663764923fc913b668e924b7ddd9a49215ed1d56174,Bacterial-Spot(752),Bacterial-Spot (398).jpg,0,0.20000015731038967,0.19999992896356728,0.200000071769629,0.19999995733327022,0.1999998846231439
434,6d550f4dbc00c6c549293daf326a42b9dc185afc4061486471226e9c033ef715,Bacterial-Spot(752),Bacterial-Spot (399).jpg,4,0.19999999953018746,0.20000000021856934,0.19999999978989083,0.2000000001233789,0.20000000033797355
435,a15461088e9dcf0a6934a49b7eae4230cf71e7b21382ffb570648c72aeb5fbdd,Bacterial-Spot(752),Bacterial-Spot (4).jpg,0,0.20000006632378106,0.19999997003240477,0.2000000302474382,0.1999999820221569,0.199999951374219
436,1ddba460009020895ff76dc30bb6c9490c86869732dda796b04443d1efb26fc6,Bacterial-Spot(752),Bacterial-Spot (40).jpg,4,0.19999996571773385,0.20000001534666426,0.19999998427302373,0.20000000938013138,0.20000002528244676
437,eba248993253eba71f61604c6667a5cfde124116943293fa932b595070b6d38c,Bacterial-Spot(752),Bacterial-Spot (400).jpg,0,0.20000027197581033,0.1999998772370483,0.2000001241173755,0.19999992620090834,0.19999980046885757
438,fa1267a18fe0900f42b88e3945d6378fc239e3f34db588a11d8f0a4efc61062c,Bacterial-Spot(752),Bacterial-Spot (401).jpg,0,0.2000001794278754,0.19999991909406514,0.20000008193651947,0.19999995126258957,0.19999986827895044
439,2a63d55db7cc4bd65ebb93c3904635b738b9cc0c7d5a1eb05e09f08ec5f2bda5,Bacterial-Spot(752),Bacterial-Spot (402).jpg,0,0.2000000911815809,0.19999995883715474,0.20000004160750248,0.19999997526190955,0.19999993311185227
440,f7afe32848bb4e302295e3b9c65e66d69776f70409db8a6472532632b8b51cb9,Bacterial-Spot(752),Bacterial-Spot (403).jpg,0,0.20000028279343465,0.1999998723469078,0.20000012904933723,0.19999992327016855,0.19999979254015188
441,56c0d9c06384ad97ffcabcb4c5f349853794c0e8fb8d72c6ceecc52119b0bd68,Bacterial-Spot(752),Bacterial-Spot (404).jpg,0,0.20000009844017314,0.19999995556163225,0.20000004492051682,0.19999997329187028,0.19999992778580764
442,5c077bbbc0311153eb1986d62156b58fef7fca032112596ec0332dc3f83498ce,Bacterial-Spot(752),Bacterial-Spot (405).jpg,0,0.20000024509641856,0.19999988935690965,0.20000011184260116,0.19999993350236,0.1999998202017107
443,0ff796d39307203fb45c1e3e3a496377af98e3a682cce753a4c2030af9948be6,Bacterial-Spot(752),Bacterial-Spot (406).jpg,0,0.2000001564809161,0.19999992935238634,0.200000071400471,0.19999995754965452,0.19999988521657197
444,42595b889b3ecf6eac1655144416df6e8e75f50ae4aeb94b7cdd2f3ba1193ab0,Bacterial-Spot(752),Bacterial-Spot (407).jpg,0,0.20000021925573136,0.19999990095379622,0.2000001000069506,0.19999994055486955,0.1999998392286524
445,1eb850e52da9efb4ddc3bd85a06eea476978cb51f6478816cb601bd28a2eb513,Bacterial-Spot(752),Bacterial-Spot (408).jpg,0,0.2000001538230992,0.19999993059343654,0.2000000702143553,0.19999995824581537,0.1999998871232935
446,bfd01cdea9da1a5e7471dcfbc1f276c6021453a7af38dd1ebfbeb243fea893d4,Bacterial-Spot(752),Bacterial-Spot (409).jpg,0,0.20000018540009637,0.19999991633855568,0.2000000846234757,0.19999994967870194,0.19999986395917035
447,f05e7631e2c3bc3e0b8c64354f9deefefca24f91b3ce252dd544a52bb6550a99,Bacterial-Spot(752),Bacterial-Spot (41).jpg,4,0.19999992586961376,0.2000000333686797,0.19999996611104945,0.20000002017095805,0.2000000544796991
448,f7d3625fde674ce92bce15d8bd5110e473c4c0e0d4972e43b857ca37c173bc7b,Bacterial-Spot(752),Bacterial-Spot (410).jpg,0,0.20000024271287295,0.19999989042400299,0.20000011074917495,0.19999993415444692,0.19999982195950225
449,34922b85a53e0a991f1e6c4180e31c2b0d08a1030dec8f105b842dda844aec95,Bacterial-Spot(752),Bacterial-Spot (411).jpg,0,0.2000002990909919,0.19999986506789316,0.20000013653669393,0.19999991880088624,0.19999978050353484
450,398f95c6d6705b6aa28bffa9f22912fb46b8093b4b26ebbe226d9c9dae8f498f,Bacterial-Spot(752),Bacterial-Spot (412).jpg,0,0.20000027615641242,0.1999998753593099,0.2000001260312915,0.19999992506105368,0.1999997973919325
451,f8e00f731ada89f416c0400d5b3f3c0e59825a54536bcec2b01d3211d3947b94,Bacterial-Spot(752),Bacterial-Spot (413).jpg,0,0.2000000074378245,0.19999999668461405,0.20000000342136934,0.1999999979562312,0.19999999449996078
452,c3af3da3007bcac43593545e6d6636fe5148a8817e301254458d0f59cb6d5a51,Bacterial-Spot(752),Bacterial-Spot (414).jpg,0,0.20000024200157598,0.1999998907982922,0.20000011045892324,0.1999999343149559,0.19999982242625267
453,a1dc3793716b40eaf19b03efa6fea04a7f92a4992fc463edc0f3da83ac325c6b,Bacterial-Spot(752),Bacterial-Spot (415).jpg,0,0.20000024878532016,0.19999988765884305,0.2000001135047748,0.19999993252140605,0.19999981752965595
454,b701304897ebb2a95d6242c4c3dcef8faedc76f4043351edc0454092a0e044ad,Bacterial-Spot(752),Bacterial-Spot (416).jpg,0,0.20000002643565656,0.19999998811919545,0.20000001209746313,0.199999992795558,0.19999998055212684
455,5e1eec054b4d7d8300e24bb6404e0cc48175109dd1f7a50a0bfe381690547550,Bacterial-Spot(752),Bacterial-Spot (417).jpg,0,0.20000028799898675,0.19999986999988273,0.20000013142653528,0.199999921855911,0.19999978871868418
456,f630a65bcf0ffdfe5a84b980a714f802b49d1232e0bef20d332daab022d4c6dd,Bacterial-Spot(752),Bacterial-Spot (418).jpg,0,0.20000026687396327,0.1999998795599073,0.20000012180201052,0.19999992757308355,0.1999998041910354
457,fc4cc565179c0ecf53cf539647595e5f7c7a3b7a084c7ffc764f4d2fafedc5aa,Bacterial-Spot(752),Bacterial-Spot (419).jpg,0,0.20000025373028438,0.1999998854478783,0.20000011577500332,0.1999999311668314,0.19999981388000257
458,42854a44f459cf2d68eb2b8850bb4b6814f64d49347b2fe8025b3c8ff3cc097e,Bacterial-Spot(752),Bacterial-Spot (42).jpg,4,0.19999984926917042,0.20000006799014622,0.19999993118370837,0.20000004092814086,0.20000011062883408
459,6b1e87024266b8b07fc32ffa360ef6e58875b057328577df4df984c8e3a89730,Bacterial-Spot(752),Bacterial-Spot (420).jpg,0,0.20000027809961904,0.19999987449482137,0.20000012692609587,0.19999992452586787,0.19999979595359582
460,7b7dcfe0136db79f12a5801e6e9e40ad41e81d501ed24c1c2712df2a0193863f,Bacterial-Spot(752),Bacterial-Spot (421).jpg,0,0.20000029396396324,0.19999986734471287,0.20000013417272902,0.19999992021477847,0.19999978430381643
461,74afccc41bdebfe29a468cbc5bf6a66695494c910c4e4e9264b50ed12d4255dc,Bacterial-Spot(752),Bacterial-Spot (422).jpg,0,0.2000002594789017,0.1999998829116227,0.20000011843620283,0.19999992957143942,0.1999998096018333
462,a606d72f71f281e846f120ff7960cd253821e6232e0e13ec7cfa8aad7c6febb3,Bacterial-Spot(752),Bacterial-Spot (423).jpg,0,0.2000001703410691,0.19999992307691297,0.2000000777130681,0.19999995380056404,0.19999987506838576
463,aca105a73cbb866356f14a507ab20cdd7106a6358c571d59f56a1c52dd1a5e47,Bacterial-Spot(752),Bacterial-Spot (424).jpg,0,0.20000015925087145,0.19999992805924083,0.20000007263682826,0.1999999568240995,0.19999988322896
464,9ef20b4cd89ad002dd6e4b18d7647921e0eae40ecd1ffd5391014eef3dcb2711,Bacterial-Spot(752),Bacterial-Spot (425).jpg,0,0.20000022202184853,0.19999989976358828,0.20000010130695972,0.19999993976874647,0.1999998371388569
465,7050f17ff344ae6911277709b2f282b9fc5c94fb53761affe512254890ab8372,Bacterial-Spot(752),Bacterial-Spot (426).jpg,0,0.20000017110652996,0.19999992267275726,0.20000007802461206,0.19999995362865514,0.1999998745674455
466,87f312edcf0ded8d931003712ca655f9042e5e63b97fdea37835d9bf8bc58919,Bacterial-Spot(752),Bacterial-Spot (427).jpg,0,0.20000035819358583,0.1999998383329114,0.2000001634711493,0.1999999027986853,0.1999997372036683
467,ecf08618fcab3ad238055d7a523edb5f74d9714247cdbf38a2c9f1be085f5a51,Bacterial-Spot(752),Bacterial-Spot (428).jpg,0,0.20000025693585707,0.19999988404749727,0.20000011726785363,0.19999993026865834,0.19999981148013357
468,74983161b93ef471fe1f0d19f79ae3ca24209d3b038a7d2c654b0dfeded00922,Bacterial-Spot(752),Bacterial-Spot (429).jpg,0,0.2000003000897315,0.1999998645237559,0.20000013693223798,0.19999991858664512,0.19999977986762946
469,0e44be2e48b2aa834a54d6c952ec86fa474e0f2a4366117ae7a0518cc2a41bab,Bacterial-Spot(752),Bacterial-Spot (43).jpg,0,0.20000010889672387,0.19999995076931631,0.20000004964569082,0.199999970498937,0.1999999201893319
470,55bd77ce93cd17fd48e731f5ee6b87eb72546b4925b20be232c09c1f38494170,Bacterial-Spot(752),Bacterial-Spot (430).jpg,0,0.20000024045379916,0.19999989144167193,0.200000109716946,0.19999993476863626,0.19999982361894664
471,2fccecda6722565ead2283684547c9a4f006fb033008c8b94cbd67e63320e9f4,Bacterial-Spot(752),Bacterial-Spot (431).jpg,0,0.20000028978514592,0.19999986915467913,0.20000013221654453,0.19999992139509323,0.19999978744853728
472,993bcb42ed3b5eb65f90522654bceb734e3515f1fd5ea2b7b14f4828bb61ae7f,Bacterial-Spot(752),Bacterial-Spot (432).jpg,0,0.2000003187484909,0.19999985610894058,0.20000014545195788,0.1999999135193941,0.1999997661712165
473,b3f3a761065940adcc8eac001362b79b915049f24d3bcbe89c8a7cb1724817f5,Bacterial-Spot(752),Bacterial-Spot (433).jpg,0,0.20000027242367635,0.1999998770788132,0.2000001243501262,0.19999992605275227,0.1999998000946318
474,c4dd921fdc3b0442d534fe987936d48bd9e4c521fee5be86c4053fb8d486a1fc,Bacterial-Spot(752),Bacterial-Spot (434).jpg,0,0.200000261128334,0.19999988212533135,0.2000001191619962,0.19999992914924647,0.19999980843509205
475,4aa261a3aaaefabce76b7db4f196c598939d348e4a2cf04e648f916a5885961c,Bacterial-Spot(752),Bacterial-Spot (435).jpg,0,0.2000002546921365,0.19999988504845365,0.20000011623632724,0.1999999308846867,0.1999998131383959
476,88beaa914780729a04ae728f83af98fd8db7d8d0261cf1c28ec382cb543a27f8,Bacterial-Spot(752),Bacterial-Spot (436).jpg,0,0.20000030527212082,0.1999998622159374,0.2000001393174356,0.19999991716127724,0.1999997760332288
477,58158ca95a8475aa885bea9d3ba2b4cbcf7b4aa2e4a38f0b6990b328c1350807,Bacterial-Spot(752),Bacterial-Spot (437).jpg,0,0.20000027970981402,0.19999987372777664,0.20000012763501512,0.19999992411346684,0.1999997948139272
478,00a5203687fdbbb1ace72da1c6fe8ca23c7f597d220dc9ae0696acf4144e9cad,Bacterial-Spot(752),Bacterial-Spot (438).jpg,0,0.20000013216208348,0.19999994029370816,0.20000006027943454,0.1999999641700207,0.19999990309475324
479,44cc65204b01c18811d97b379ac653474d4cbd128cb337c01b4d6e4a8749d0d5,Bacterial-Spot(752),Bacterial-Spot (439).jpg,0,0.20000032754204003,0.19999985217949456,0.2000001494904664,0.19999991110900647,0.19999975967899253
480,8e4944901f6e43f8c6eb47af0caca03583dd590adefd91e38c0d7768c3dbb611,Bacterial-Spot(752),Bacterial-Spot (44).jpg,0,0.20000001798608838,0.1999999917687315,0.20000000813547036,0.19999999518857187,0.19999998692113796
481,29cf58c87d13cb43c9f28852899a29f98f1ed926baa216690069846433044320,Bacterial-Spot(752),Bacterial-Spot (440).jpg,0,0.20000020525567824,0.19999990733484527,0.2000000936578829,0.19999994431617524,0.1999998494354184
482,edfdd3d8223cab2420decadfd39401b0cf5c68c1422435e5c87fcd10aaf04e7a,Bacterial-Spot(752),Bacterial-Spot (441).jpg,0,0.20000027832147046,0.19999987436801722,0.2000001270101191,0.19999992448191115,0.19999979581848204
483,0af22d56e66d2f5fe6790078728dd6bdb36242da18516f5f9dc3253dba975ede,Bacterial-Spot(752),Bacterial-Spot (442).jpg,0,0.2000002815643581,0.19999987294821864,0.20000012851847812,0.19999992357529095,0.19999979339365423
484,af1b4140d9b28947a3450ac5238cf95617b57044547803c23af38e5bea8ec868,Bacterial-Spot(752),Bacterial-Spot (443).jpg,0,0.20000028224166755,0.19999987259069624,0.20000012879415527,0.19999992342301914,0.19999979295046186
485,68b8858476de38dbfb7308f376e67497808a0f42dc35c8fc5d04f1000bc5f7cb,Bacterial-Spot(752),Bacterial-Spot (444).jpg,0,0.20000029553504856,0.199999866618072,0.2000001348784772,0.1999999197991663,0.19999978316923597
486,c941a229d7ffaeee1702fa7ef7a1fb3a492ccb8b7058e47d91a48f0435f01b5f,Bacterial-Spot(752),Bacterial-Spot (445).jpg,0,0.20000023219746524,0.199999895183789,0.20000010595920162,0.1999999369996503,0.19999982965989385
487,489af0793e93665c5fcd466b6d4e942ba5ee424933388fc37c4015415fe658b6,Bacterial-Spot(752),Bacterial-Spot (446).jpg,0,0.2000002444749818,0.19999988963410872,0.2000001115568099,0.1999999336728788,0.1999998206612207
488,f8e73bc10f3e50f30ea984f712068acad6443537a2659da0fdd27f9db5c8158e,Bacterial-Spot(752),Bacterial-Spot (447).jpg,0,0.20000014776664166,0.19999993322988446,0.20000006738756673,0.19999995994825487,0.19999989166765234
489,167eb2da36d05ff0e0e21af6c68230985e24f59440cd20cfdb9edfeb3a0f7116,Bacterial-Spot(752),Bacterial-Spot (448).jpg,0,0.20000023210504314,0.1999998951554936,0.2000001058717532,0.19999993706729682,0.19999982980041323
490,faf519dc40b3d181b3b7ec3487c063a5a80a76a825e94f779c474b3a03916cf6,Bacterial-Spot(752),Bacterial-Spot (449).jpg,0,0.20000019064372082,0.1999999139176659,0.2000000869813951,0.1999999482886768,0.19999986016854138
491,726a1f108834ef12a1774f02b76060b8c721beb33f89f379c00b4263e5678316,Bacterial-Spot(752),Bacterial-Spot (45).jpg,4,0.19999995833046397,0.20000001872794881,0.19999998093199456,0.20000001135609297,0.2000000306534996
492,58f0cd5aa470f4ade092a4a6bd8b536bae50f0ff11f96bfb5de6a8352f73756e,Bacterial-Spot(752),Bacterial-Spot (450).jpg,0,0.20000010508245208,0.19999995252804012,0.20000004792888876,0.19999997151119464,0.19999992294942448
493,cb800c348fff24c5dd8f8f9fbe7b24aa24ac0d9e89a42e05728240afaea24d20,Bacterial-Spot(752),Bacterial-Spot (451).jpg,0,0.20000030553553114,0.1999998620846119,0.20000013942956535,0.19999991709736634,0.1999997758529252
494,bb03a3d6df382e9710b1866a32dfb92763807572e0eaa36d43424527e0fb5721,Bacterial-Spot(752),Bacterial-Spot (452).jpg,0,0.2000002208051023,0.19999990027901526,0.20000010072986243,0.19999994011937985,0.1999998380666401
495,db335302409b89c7a99b359922a68c3fcece92dd88f5988f6c74342c973947d6,Bacterial-Spot(752),Bacterial-Spot (453).jpg,0,0.20000008758714946,0.19999996044029292,0.2000000399546769,0.19999997624898497,0.19999993576889583
496,ab99a8c9376614059f073f1edda04336a756d6f6ada6912e6297a9bc60841200,Bacterial-Spot(752),Bacterial-Spot (454).jpg,4,0.19999995823354536,0.20000001879799142,0.19999998090474094,0.20000001136618903,0.20000003069753317
497,df7a618c0c7e69b583dc1216a9dd24d1bf4f8abeac8966375a0029dc179594cf,Bacterial-Spot(752),Bacterial-Spot (455).jpg,0,0.2000000267340048,0.19999998792361168,0.20000001219421862,0.19999999275153477,0.19999998039663014
498,ab3e52506d6f1926872c44033ae2ab64f47e97f8a2ea5fa88b39ee2f4622b47f,Bacterial-Spot(752),Bacterial-Spot (456).jpg,0,0.20000004550826023,0.19999997946220252,0.20000002077021362,0.19999998764942917,0.19999996660989455
499,e2bcd902601f71c08ab27ca4372f2b15bd2021c4ed2c50a8a053328052210047,Bacterial-Spot(752),Bacterial-Spot (457).jpg,4,0.19999999162947435,0.2000000037598796,0.1999999961682365,0.20000000228237597,0.2000000061600336
500,30978bc79f8e31766b07cc06477b2998995573a4750d74afc61599e2aa02ea9b,Bacterial-Spot(752),Bacterial-Spot (458).jpg,0,0.2000001014696207,0.1999999541499111,0.20000004627435752,0.19999997249675244,0.19999992560935825
501,9ea98a8b403f3c4df08a3776b65486d265147f1844997d087ed3d2cbb7943444,Bacterial-Spot(752),Bacterial-Spot (459).jpg,4,0.19999990873157844,0.20000004117374254,0.19999995833477166,0.2000000247787574,0.20000006698115005
502,ab31c21a058520ff3705e0883d79334692f9ddda483ccc4db3a4ebf48410843b,Bacterial-Spot(752),Bacterial-Spot (46).jpg,4,0.1999999824752835,0.20000000779467947,0.1999999919280993,0.20000000482576913,0.2000000129761686
503,57686078d2686b795188eb4c36fb7257b5998776528ee2e1827d3da42e007763,Bacterial-Spot(752),Bacterial-Spot (460).jpg,0,0.20000009430831106,0.19999995740036391,0.2000000430179381,0.19999997442900921,0.19999993084437775
504,17c2c2471b5cf58f7f2e17ad08d8998f909ec78b871f4cca3d4de30f70f490ea,Bacterial-Spot(752),Bacterial-Spot (461).jpg,4,0.19999996425179856,0.20000001608232995,0.19999998365170957,0.20000000973271184,0.20000002628145014
505,bedfe5b8bc66e28b584dc262f785743443016165bf901fd5075824f98cb94e82,Bacterial-Spot(752),Bacterial-Spot (462).jpg,4,0.19999994892848583,0.2000000230441526,0.19999997668794006,0.2000000138628704,0.20000003747655112
506,0d3780d84ecae49cb9a5c7ff4dfc091fee7933ba92edbbdd0fb1a8f038075a7e,Bacterial-Spot(752),Bacterial-Spot (463).jpg,4,0.1999999841438463,0.20000000716296773,0.19999999276774127,0.20000000429871184,0.20000001162673275
507,a5bdaec1bdfa512ebbea40f3d782d28e602510286e21bb8ff45909d8c6f9f195,Bacterial-Spot(752),Bacterial-Spot (464).jpg,0,0.20000002833087924,0.19999998723056395,0.20000001294091202,0.19999999230128226,0.19999997919636248
508,4755c2721a9c683c59bb486d6611f3793b355d46ee874d34923fa1bc2314ec85,Bacterial-Spot(752),Bacterial-Spot (465).jpg,4,0.19999993774486263,0.20000002807325118,0.1999999715720482,0.20000001690899918,0.20000004570083876
509,d26b3b7a270f7f9fadc13b37b142a3ecf34b5a4072cf66e8291c6100f9374268,Bacterial-Spot(752),Bacterial-Spot (466).jpg,0,0.20000004206090416,0.1999999809959643,0.2000000191825842,0.19999998859842485,0.19999996916212254
510,6bb249b25fe85835e0e1d869f71b8d3523ff084efab1f71263babf26fb2026d2,Bacterial-Spot(752),Bacterial-Spot (467).jpg,4,0.1999999884694113,0.2000000052229874,0.19999999474983157,0.20000000311746824,0.20000000844030155
511,c03dbdfb2ba0c0e76ba651f6c55b2e2bd637363edb737e8e0de81ad2e65fd064,Bacterial-Spot(752),Bacterial-Spot (468).jpg,4,0.1999999733187848,0.2000000119789562,0.19999998778250003,0.2000000072789274,0.2000000196408315
512,7d8cd180d91a15760c5e97677311bc0827295f0c11ee13c668c6dcee08fd07fe,Bacterial-Spot(752),Bacterial-Spot (469).jpg,0,0.20000009797382645,0.1999999557370391,0.20000004468503993,0.19999997343980574,0.19999992816428872
513,12781ee05085370b4829ffb586640af776a74842993cfa29c7a4fe2f1c12a3eb,Bacterial-Spot(752),Bacterial-Spot (47).jpg,4,0.19999999378445676,0.20000000275317173,0.19999999712978442,0.20000000171853,0.20000000461405715
514,d2dd46b2c5897e3eb17aee486f7e0c3ad48b97860284c040ece65d9a7bcfe762,Bacterial-Spot(752),Bacterial-Spot (470).jpg,0,0.20000000173132151,0.19999999914726907,0.20000000074418928,0.1999999995736197,0.1999999988036005
515,da265f47215d61ba768bfd773dd3dc7ce5e5b915465e0bd004615448992353f1,Bacterial-Spot(752),Bacterial-Spot (471).jpg,0,0.20000003377798437,0.19999998474884,0.20000001541183857,0.199999990837421,0.19999997522391597
516,1a6051857b1ef14301166791adc633f7a71e6534db4111a577bf185e7ed6d342,Bacterial-Spot(752),Bacterial-Spot (472).jpg,4,0.19999991845528897,0.20000003685075818,0.19999996281477467,0.20000002210001117,0.20000005977916704
517,49ed4d1624603d391d1dff4d6c4aec00fb6a418dfeab1fb5cd5b392359f39b71,Bacterial-Spot(752),Bacterial-Spot (473).jpg,4,0.19999996248017,0.20000001693195718,0.1999999828753479,0.2000000101828001,0.2000000275297248
518,d5c16bd18149ddfbe23d100ec057b170e98b69daf0af7aec2356568ee8d337c3,Bacterial-Spot(752),Bacterial-Spot (474).jpg,4,0.1999999179582064,0.200000037040595,0.19999996256561478,0.20000002225584443,0.20000006017973943
519,3cec1d70d14a945c3f4a6f603c7fad3bc4b92522fc98f9a3af64d5726f032ecf,Bacterial-Spot(752),Bacterial-Spot (475).jpg,0,0.20000015656106587,0.19999992930468385,0.20000007142954898,0.19999995753491798,0.19999988516978343
520,3bb2a6b92945987a5c0367948d64b86c32c52ac8b881750aa27d0412c923d3d6,Bacterial-Spot(752),Bacterial-Spot (476).jpg,0,0.2000000527527093,0.1999999761294866,0.20000002403580128,0.1999999857220089,0.19999996135999387
521,61b5fb113e63b61176258072fcaa2da6b5f1b5358f419fd05843f94833e54edf,Bacterial-Spot(752),Bacterial-Spot (477).jpg,0,0.20000004435751084,0.19999998001247452,0.20000002026494568,0.1999999879427968,0.1999999674222722
522,f5f28f2a8eca16ebdf2ab33b3b136ec688b63e8bc8392dc58c7a1e2bb4d1f6e3,Bacterial-Spot(752),Bacterial-Spot (478).jpg,0,0.2000000708642469,0.19999996802735406,0.2000000323481137,0.1999999807630813,0.19999994799720408
523,aef260e5a503b1f3f3f07be07b59a30532c843febc80c1c3a39f0677d50c4c02,Bacterial-Spot(752),Bacterial-Spot (479).jpg,0,0.20000017736347842,0.19999991989796595,0.20000008091188357,0.1999999519006438,0.19999986992602825
524,7d26478e9412916c9c4772b574da4b0737f9edab5437fcb9a103fce81dfd4e1b,Bacterial-Spot(752),Bacterial-Spot (48).jpg,4,0.19999988838390542,0.2000000503064052,0.19999994901560292,0.20000003033173624,0.20000008196235025
525,428d317d23bc0a2c00ef4e458400639f1560e39111f883a7285bccf686f41098,Bacterial-Spot(752),Bacterial-Spot (480).jpg,0,0.20000001642364737,0.19999999258624268,0.2000000074946755,0.1999999955437087,0.19999998795172574
526,fb920329f473480a53ba41ec8809d68105f0d857920af4629d14cb72bc608224,Bacterial-Spot(752),Bacterial-Spot (481).jpg,0,0.20000009653109616,0.19999995647447033,0.20000004408223732,0.199999973778593,0.19999992913360326
527,904b7c892bde78b1241cffebb72dff8d2171e6397fca8fc826631a2b16b79122,Bacterial-Spot(752),Bacterial-Spot (482).jpg,0,0.20000003690743517,0.1999999833173261,0.20000001682776225,0.19999998999976762,0.19999997294770885
528,98b28e9ce554748d6c3e47de6ebb026f804d1bf29be4cc9321059308fe643d42,Bacterial-Spot(752),Bacterial-Spot (483).jpg,4,0.19999999919893457,0.2000000003293419,0.19999999961372222,0.2000000002369539,0.2000000006210474
529,736f6d3580ac740bfe1567106ae5370a5d0abc1c59312ca420187d1bfb72edbb,Bacterial-Spot(752),Bacterial-Spot (484).jpg,0,0.2000000299002104,0.19999998646948922,0.20000001362304634,0.19999999190764187,0.1999999780996122
530,cfcb2b899e3815bcdf7ba1f0502b632f8bd6169f477e159813cc2ac8288d5e0b,Bacterial-Spot(752),Bacterial-Spot (485).jpg,0,0.20000005374952984,0.1999999756888353,0.20000002449670023,0.1999999854458507,0.19999996061908393
531,8a5ae243bd9ba021159b12b0a0aee7e5aac06c7cac93abdf84f99ad252899bb4,Bacterial-Spot(752),Bacterial-Spot (486).jpg,0,0.20000005978377278,0.1999999729870785,0.20000002726461094,0.19999998379511208,0.19999995616942567
532,d42dee556a850cd679de185ee84c4995f166eefcd520f9c085ecd821a53ee8f0,Bacterial-Spot(752),Bacterial-Spot (487).jpg,4,0.19999996928938163,0.2000000139057151,0.19999998601336585,0.20000000830636153,0.20000002248517587
533,4570385274d1091555e6bb480d4cc1e36d61c9435f94033f03c3ef59dc29aa4d,Bacterial-Spot(752),Bacterial-Spot (488).jpg,0,0.2000000084258059,0.19999999614278768,0.20000000381038985,0.19999999774660818,0.1999999938744084
534,c387521185ef2661a3a7a7f843f08a8af0a49382c79fabb68e6b9c8fc286eabe,Bacterial-Spot(752),Bacterial-Spot (489).jpg,0,0.20000001891919997,0.19999999143269737,0.20000000861608513,0.19999999488324238,0.19999998614877515
535,0ac3951275a91c90c3b2a49d7ab586500651f6f40c1725f3b61d46233d8a5cd7,Bacterial-Spot(752),Bacterial-Spot (49).jpg,4,0.1999999792293043,0.2000000092834817,0.19999999046204522,0.20000000569222057,0.20000001533294828
536,c42a95b1bc8340facdc04429fcab97ff350bdb3916ddc1faaeea6f635dc22a48,Bacterial-Spot(752),Bacterial-Spot (490).jpg,4,0.19999997534345285,0.2000000111089987,0.1999999887347903,0.20000000670272983,0.20000001811002832
537,7ae7fdb7f0c7e29df2b1452986b9f6d3c8af276a080871514e21be6b8c643431,Bacterial-Spot(752),Bacterial-Spot (491).jpg,4,0.19999999090135054,0.20000000409136218,0.19999999583786862,0.20000000247829133,0.20000000669112727
538,6ade03c7544c6e92c745cf92b2539dd7aff4373c2d1208311517c0cec7b73be6,Bacterial-Spot(752),Bacterial-Spot (492).jpg,4,0.19999992271817857,0.20000003485214604,0.1999999647121605,0.20000002098871966,0.2000000567287952
539,744302bc4112fa2822639bd4eb150b826646d2d193ed70efe5cab649aa23b4a1,Bacterial-Spot(752),Bacterial-Spot (493).jpg,0,0.20000006351165295,0.19999997129339214,0.2000000289587214,0.1999999827902659,0.19999995344596758
540,2d280b9ee5f82d9660ad1c2e0123bdcf2089e3ba1f6a3f73383e5c64c4a2dbb7,Bacterial-Spot(752),Bacterial-Spot (494).jpg,4,0.19999996077858578,0.20000001770549183,0.19999998210244704,0.20000001064123893,0.20000002877223638
541,d64d7001f191d74cfe75d8c7cff02310525681dbe79e07f84b7ea413f068c7a8,Bacterial-Spot(752),Bacterial-Spot (495).jpg,0,0.2000000209748811,0.1999999904982997,0.20000000955007058,0.19999999432938084,0.1999999846473679
542,632aa478cfd88134c36552f63a3add1d89aa1f92164c9483d9227e1d4a2211d9,Bacterial-Spot(752),Bacterial-Spot (496).jpg,4,0.19999995348023744,0.2000000210177272,0.19999997878336614,0.200000012610652,0.20000003410801712
543,f96c00b744c358e8f40115309b191ce044c9577e1b32c48f31f0d84bd7d790e7,Bacterial-Spot(752),Bacterial-Spot (497).jpg,0,0.20000000213685584,0.19999999901756577,0.20000000096367757,0.19999999943104194,0.19999999845085892
544,dfc09eff13a03d9c94ca3b4eae2ea866f9820d26230e97775aeb26912b8f3c2c,Bacterial-Spot(752),Bacterial-Spot (498).jpg,0,0.20000000269248336,0.19999999877557745,0.200000001222944,0.1999999992748569,0.1999999980341383
545,4c29035ba71bb708ec9daa2f9456d04a118018603af5e5147e4db2715d312be0,Bacterial-Spot(752),Bacterial-Spot (499).jpg,0,0.20000010368585908,0.19999995318263938,0.2000000473071597,0.19999997187530685,0.19999992394903507
546,cab033d63e89a7edcd601d46bccd754b364765ae66d843f15c55bd16600ebd16,Bacterial-Spot(752),Bacterial-Spot (5).jpg,0,0.20000002015367915,0.19999999086029996,0.20000000916970317,0.19999999455761244,0.1999999852587053
547,15efa7783a9e65faa26f3c614da42448a55f400a3d23f3313dba823574cd82ed,Bacterial-Spot(752),Bacterial-Spot (50).jpg,4,0.19999997325228774,0.20000001197312756,0.19999998772917438,0.2000000073191848,0.20000001972622555
548,e7ba98471b843506286463bd7b1b0ad1d622add943735663f6255d1efe4f2350,Bacterial-Spot(752),Bacterial-Spot (500).jpg,0,0.20000002677531323,0.19999998787524753,0.2000000121939603,0.19999999275848143,0.19999998039699754
549,26fa21be1dad0be70259d0004d4ecb16f766da6632d5fc2e83f10b18e4d9a57c,Bacterial-Spot(752),Bacterial-Spot (501).jpg,0,0.20000007047149143,0.19999996819646823,0.20000003216367176,0.19999998087460594,0.19999994829376266
550,1b6edd64606c43b0c84e74f437a00b5f489fd6e5e53baebceb0a32f2e0e7a23c,Bacterial-Spot(752),Bacterial-Spot (502).jpg,4,0.19999997972290728,0.2000000091638038,0.19999999075375335,0.20000000549520058,0.20000001486433494
551,97d10c4454779e3b994a7832894702be43a4ae5e7ec6603dcb474dda855739e5,Bacterial-Spot(752),Bacterial-Spot (503).jpg,0,0.20000004590479986,0.19999997925710464,0.20000002093436683,0.19999998755773268,0.19999996634599596
552,b8393e5cd621557766057e0d44e619931a2ddbadc1e4798f85d5c5595bb1ae46,Bacterial-Spot(752),Bacterial-Spot (504).jpg,4,0.1999999291153545,0.20000003196201246,0.19999996762990493,0.20000001925451372,0.2000000520382143
553,f16cca6c03dd8540e1c3f11a10509dff3cdddee806a5519679c9d2596b8fc15c,Bacterial-Spot(752),Bacterial-Spot (505).jpg,4,0.19999987739264485,0.20000005535194568,0.19999994405409985,0.20000003326261231,0.20000008993869733
554,1399a7541ab82a0e2c0f3cd3141b61ca18136b838ae654ccb7011936d4489231,Bacterial-Spot(752),Bacterial-Spot (506).jpg,4,0.19999989509076058,0.20000004735342725,0.19999995212426566,0.20000002846642892,0.20000007696511754
555,a27e643ad6ccca7b881b11c7132ede74f7bf4000f5cd68bb653d5a3fdd2f33e3,Bacterial-Spot(752),Bacterial-Spot (507).jpg,4,0.19999992308878065,0.20000003468454464,0.19999996488110472,0.20000002088845723,0.20000005645711275
556,16e42a60081f63f33c3a230cbd2166c598f3cdec81cb2b8175e687039e65c4a8,Bacterial-Spot(752),Bacterial-Spot (508).jpg,4,0.19999995532372322,0.2000000201280603,0.19999997958749863,0.20000001214553434,0.20000003281518336
557,a98b2e69cdf62640e97bac5bea3d896f4acd397ebfada9d5367b18be9e47e6e3,Bacterial-Spot(752),Bacterial-Spot (509).jpg,4,0.19999995772626772,0.2000000190666632,0.1999999806987993,0.2000000114796393,0.2000000310286306
558,74748ccd5baeae4835b0a7ec447a40b48194e804245645ae31237d52f0688eb8,Bacterial-Spot(752),Bacterial-Spot (51).jpg,0,0.2000000470762037,0.19999997862667254,0.20000002140338327,0.19999998730213528,0.19999996559160518
559,f81e2f550a3aceedc11c8ded17d0c8599ea13ef49567ab4672186269e7ad0a26,Bacterial-Spot(752),Bacterial-Spot (510).jpg,4,0.19999995980905536,0.200000018115957,0.19999998164246527,0.20000001092094474,0.20000002951157755
560,2810914319d23e56c773a15ea7f66ba0719005c4afc4d9df98fd3a71f72b387c,Bacterial-Spot(752),Bacterial-Spot (511).jpg,0,0.20000001965835418,0.19999999112899608,0.20000000897274328,0.19999999466444465,0.1999999855754617
561,420db9e89b7dc2aa233e17022cb18a6a292790ab87ca36a2f6ab29078f9db7fe,Bacterial-Spot(752),Bacterial-Spot (512).jpg,0,0.20000014157889162,0.19999993605318755,0.20000006458337335,0.1999999616088443,0.19999989617570316
562,18364be4be9247cd12d8a9ea36b11938b0d8b7063133ccb67ace0d34348290ee,Bacterial-Spot(752),Bacterial-Spot (513).jpg,4,0.19999998977239855,0.20000000459190145,0.19999999531679882,0.20000000279019592,0.20000000752870523
563,f330f9cdc59cf9cadb467c9d894e98de911dc5840a4203e53ef995d9bb780171,Bacterial-Spot(752),Bacterial-Spot (514).jpg,4,0.19999990539136211,0.2000000427944246,0.19999995688322483,0.20000002561613672,0.20000006931485168
564,5e3938381f2e5c6787a7428d7514739b2a6d44cd04c5b83ac07ab76b9dcc5029,Bacterial-Spot(752),Bacterial-Spot (515).jpg,4,0.19999995365428785,0.20000002088586685,0.19999997882850118,0.20000001259601968,0.20000003403532446
565,cf2b665aeb4620ae0e01cee08f76be1149d2cba879b3b69512bc480468665750,Bacterial-Spot(752),Bacterial-Spot (516).jpg,4,0.19999996690456817,0.20000001495451739,0.19999998490720827,0.20000000897038553,0.2000000242633206
566,87b2302823c9274f0ee00c400a634c7d146440bba2c016bbea3cc08e7de94e19,Bacterial-Spot(752),Bacterial-Spot (517).jpg,0,0.20000005509953786,0.1999999750713528,0.2000000251076168,0.1999999850846396,0.19999995963685294
567,bca4ec5d439951e13fb48939b39287768efd1867189158552d31d4b798b37e94,Bacterial-Spot(752),Bacterial-Spot (518).jpg,0,0.20000001736284825,0.19999999213124312,0.20000000790333175,0.19999999530796925,0.19999998729460752
568,7cffa7b701d6f2b4cfaeeeaf8a088b1a1cbfdb2c7911d7526817d290feafc67b,Bacterial-Spot(752),Bacterial-Spot (519).jpg,0,0.2000000320592041,0.1999999854853057,0.20000001460216563,0.19999999132781335,0.19999997652551124
569,027925e653679b8a770ae110260cef22ffe5a2c8fb83394184c2daba5a8e2ea4,Bacterial-Spot(752),Bacterial-Spot (52).jpg,0,0.200000002427961,0.19999999880757285,0.20000000104587562,0.19999999940016788,0.19999999831842263
570,1f140e210a9686684c8437314400a328c60c359f311e67f22f229d62ff0b23f3,Bacterial-Spot(752),Bacterial-Spot (520).jpg,4,0.19999988961231133,0.2000000497993873,0.19999994960675246,0.20000002996937102,0.20000008101217778
571,bef6455441abe2f5e9605695e21440514433685533fc42476f20240fa3bda29e,Bacterial-Spot(752),Bacterial-Spot (521).jpg,0,0.20000001327041522,0.19999999396129917,0.20000000602463605,0.199999996428826,0.1999999903148236
572,3dd97bff11f76699d04f473a68870aab95eda81f976118fa1bc19f3155495068,Bacterial-Spot(752),Bacterial-Spot (522).jpg,4,0.19999998243500786,0.2000000079017247,0.19999999196697704,0.20000000478239258,0.2000000129138979
573,172947dd162b6d554158b72fe0d129283a0098467898f07199eccfbf831c5284,Bacterial-Spot(752),Bacterial-Spot (523).jpg,0,0.20000006839587003,0.1999999690823536,0.20000003118353693,0.19999998146896705,0.19999994986927233
574,07143bff01f6b652ae3bbf219a96ec8089b2858579ca2371cc84e3dcd3a2d4d6,Bacterial-Spot(752),Bacterial-Spot (524).jpg,0,0.20000002953346105,0.19999998663597587,0.20000001345626797,0.199999992006575,0.19999997836772018
575,c7f572785254930a5cbd8baf1cce8e28b403505ed5e0f58e1ab450471925ef5c,Bacterial-Spot(752),Bacterial-Spot (525).jpg,0,0.20000004945892774,0.1999999775933687,0.20000002251793828,0.19999998662962437,0.19999996380014093
576,de93f89c2654618b97a7572f40b55513913bf1f2b85493c7489cb8f8521b02eb,Bacterial-Spot(752),Bacterial-Spot (526).jpg,0,0.2000000673295915,0.199999969538154,0.20000003068046998,0.19999998177380057,0.19999995067798387
577,a567813bb35ceae18791e8bcf7b1b838126b8e239d09e8a0dcbaf02a029bae96,Bacterial-Spot(752),Bacterial-Spot (527).jpg,0,0.20000007673779052,0.19999996528285927,0.2000000349683643,0.19999997922620302,0.1999999437847829
578,b88433c244c6faf025fe1a84a50b43e7690a9ad19bcc448541af16331b6a111b,Bacterial-Spot(752),Bacterial-Spot (528).jpg,0,0.20000000166727447,0.19999999924356054,0.20000000075837546,0.19999999954995545,0.19999999878083405
579,9a99b8813abe62279ab9d6dc5c53abd3c4655766e3e5def0dfc3a916cc2a40f8,Bacterial-Spot(752),Bacterial-Spot (529).jpg,0,0.20000002330190755,0.1999999894660996,0.20000001062366174,0.1999999936868734,0.1999999829214577
580,8a2bbd9f4fbabf5d95fc95cb0b4271e11f96d58d57824b52e67889b2779d1d50,Bacterial-Spot(752),Bacterial-Spot (53).jpg,4,0.19999996821065066,0.20000001427446845,0.19999998544485806,0.20000000867135498,0.20000002339866785
581,4c12d78245ab0bb0af9d3397fb246dddf6777e734286d769fe361f773c217bfd,Bacterial-Spot(752),Bacterial-Spot (530).jpg,0,0.20000002798708272,0.19999998730505492,0.20000001273194631,0.1999999924438668,0.1999999795320493
582,d165045070a0d125bc96639098895fb57aaf975aac43c974cbdbcd27b8781b4c,Bacterial-Spot(752),Bacterial-Spot (531).jpg,0,0.20000006121268563,0.19999997233085487,0.2000000279094379,0.1999999834142703,0.19999995513275132
583,4d9294cb24aba0f479c5e16404bd3b8e91f2f994607a684919566886632fac8a,Bacterial-Spot(752),Bacterial-Spot (532).jpg,0,0.20000001047562174,0.19999999523065065,0.2000000047542668,0.19999999718246092,0.19999999235699994
584,358d889a39a212ffc5a0d9bd80f423838ea18ad1b8eed1e42a069d603fdfb698,Bacterial-Spot(752),Bacterial-Spot (533).jpg,4,0.1999999728126086,0.2000000122185947,0.1999999875586864,0.20000000740946355,0.20000002000064662
585,223a1ff12b361e0832ba7a968eff1dfab13b37b483e3ddc159412e4937120f89,Bacterial-Spot(752),Bacterial-Spot (534).jpg,0,0.20000000678474947,0.1999999969236174,0.2000000030872961,0.19999999816748815,0.19999999503684904
586,b14fa61b1b8ff6060070761afa8746ee6c6eee310eaf057807164a34d39b052b,Bacterial-Spot(752),Bacterial-Spot (535).jpg,4,0.19999998451344364,0.20000000691633685,0.19999999288507206,0.20000000424729308,0.20000001143785434
587,9ee94ce43e334ed684bd1e0a0d411894889cd3622c1aba9579f49983ee9a54c4,Bacterial-Spot(752),Bacterial-Spot (536).jpg,0,0.20000001632481695,0.19999999261747428,0.2000000074410014,0.19999999557877157,0.19999998803793584
588,b3f0e77ae41b0ffb692f87fb77506c76c92a0a6c1578141c8b4d7065b6aedee5,Bacterial-Spot(752),Bacterial-Spot (537).jpg,4,0.19999996700253903,0.2000000148899932,0.199999984938803,0.2000000089561594,0.20000002421250537
589,91615734d78dbfb8d89b0e37853f68d02ac52e77670685c5373dd322afbd44d6,Bacterial-Spot(752),Bacterial-Spot (538).jpg,4,0.19999997600491284,0.20000001081841964,0.19999998904179656,0.2000000065184788,0.20000001761639222
590,7ab6ec5170eddc437f840a01426ef7a48cdafd30d8d837e369cc006c9d6a36bb,Bacterial-Spot(752),Bacterial-Spot (539).jpg,0,0.20000003559545246,0.19999998392376814,0.20000001623819036,0.19999999034696508,0.19999997389562393
591,a67e623101c18ef3fbbcfa57ffd62793edef321684766c0aef90a7a135ae4e73,Bacterial-Spot(752),Bacterial-Spot (54).jpg,4,0.1999999472864092,0.20000002370887357,0.19999997588938992,0.20000001435534676,0.20000003875998046
592,5b876d759d94cfaf19df32b7f8152e882fd3429d77f01f95dc5e071bebbe1fd4,Bacterial-Spot(752),Bacterial-Spot (540).jpg,4,0.1999999867777495,0.20000000593909933,0.1999999939472315,0.20000000360549816,0.20000000973042156
593,dacb85f28e16730fadef4ad1bb806d5418b64526b6a9733fe5f774c3a4ccc2b9,Bacterial-Spot(752),Bacterial-Spot (541).jpg,4,0.1999999920861216,0.20000000356468245,0.19999999638368002,0.20000000215190808,0.20000000581360788
594,38614cef8f6d58424a42cb34e806299921dd24be0b99e9827338900a350af3ef,Bacterial-Spot(752),Bacterial-Spot (542).jpg,4,0.19999998765162277,0.2000000055343435,0.19999999433943005,0.20000000337470542,0.20000000909989832
595,2c76f3da7d9af3dc6d1231b21185de66c6d44a39e281aa1f431c77eaf808bd85,Bacterial-Spot(752),Bacterial-Spot (543).jpg,4,0.19999995792641942,0.20000001892917393,0.19999998075976239,0.20000001145404595,0.2000000309305984
596,4e6d1ceb0fc0e908bb7a88e3885dd107f694e8c9d59f1679c1342e937a67315e,Bacterial-Spot(752),Bacterial-Spot (544).jpg,0,0.2000001201869702,0.19999994569968585,0.2000000548150434,0.19999996741896703,0.19999991187933353
597,f5c2c26e7f9ab0497ccde82fc4a909366651b77629873843ce614b4e0db1eaf2,Bacterial-Spot(752),Bacterial-Spot (545).jpg,0,0.20000002101432388,0.19999999048617684,0.20000000957166966,0.19999999431527693,0.19999998461255267
598,e64a5c43506eff2d459bfb123b380af8a5a7833b326025ce487471ca2eb7ef9d,Bacterial-Spot(752),Bacterial-Spot (546).jpg,4,0.19999999530564894,0.20000000209926908,0.1999999978450577,0.2000000012857322,0.20000000346429203
599,67d821fff48fa549e6c45375063e064ba8f364dbaa39a513fc96b4a6043ba42c,Bacterial-Spot(752),Bacterial-Spot (547).jpg,0,0.20000003040469808,0.199999986232897,0.20000001384751392,0.19999999177615654,0.19999997773873446
600,ef9713a58dd484af2cc7de4e77a1d9151cc5af3111df0d5e35fc939c83dbc108,Bacterial-Spot(752),Bacterial-Spot (548).jpg,0,0.20000014992217505,0.19999993227975685,0.20000006838604553,0.19999995934953224,0.19999989006249025
601,04aac2468caf03559b2121fc6bfd81b19b874f96b9b77f27ac4a417aa1f94085,Bacterial-Spot(752),Bacterial-Spot (549).jpg,0,0.20000002218760674,0.19999998993836932,0.2000000100953464,0.1999999940079567,0.19999998377072084
602,5696f94a209a91c72ab9b9c491764818fb8278828f1243d279433a90acd820b5,Bacterial-Spot(752),Bacterial-Spot (55).jpg,4,0.19999999048362602,0.20000000421762798,0.19999999560703466,0.2000000026297417,0.20000000706196955
603,625256815721182a3ed9de8e8570c480c75b78891f9329279aa4b0a3e6ea303f,Bacterial-Spot(752),Bacterial-Spot (550).jpg,0,0.20000002861032642,0.19999998705559885,0.20000001303689463,0.19999999225517626,0.1999999790420038
604,b6c53074ac8abd66a3abb079cb8f829cb457efebf29de93e197ce35ee4f60785,Bacterial-Spot(752),Bacterial-Spot (551).jpg,4,0.19999997466226635,0.20000001140170098,0.19999998841437322,0.20000000689659703,0.20000001862506248
605,b8e40f44e77842cea3665a910b80cac50d3b7f2af6d60e7fcbc7cd73ba71304f,Bacterial-Spot(752),Bacterial-Spot (552).jpg,0,0.20000008321418794,0.1999999624059913,0.20000003795377763,0.19999997744055664,0.19999993898548657
606,494c9b85900f3dfb504f0d8c44b9100f3500e54a2406b5e9b02fcf37600da33a,Bacterial-Spot(752),Bacterial-Spot (553).jpg,0,0.20000005408657792,0.19999997552264834,0.20000002464144606,0.199999985363007,0.1999999603863207
607,f787015586983b46b52b78d1995d25cfdab16a7393c8cf6cbc7256c627c97507,Bacterial-Spot(752),Bacterial-Spot (554).jpg,0,0.20000014851977435,0.19999993291879406,0.20000006774995507,0.1999999597264496,0.19999989108502692
608,7cba19ec72495bd043aeb9dd0ecaa9a44cc3396c1ca1c1970cfd9342ac8fc2d7,Bacterial-Spot(752),Bacterial-Spot (555).jpg,0,0.2000000044019484,0.1999999979993174,0.2000000019999926,0.19999999881392777,0.1999999967848138
609,4a6a26e27c2c54e4b7b956145baac12d3e05478e4b2e4569cda4b65080393c9e,Bacterial-Spot(752),Bacterial-Spot (556).jpg,0,0.20000009479221587,0.19999995715528257,0.20000004322166645,0.19999997431406857,0.19999993051676654
610,12b1d20b7823927f3f037eaf36efaf34c208d1573e5a7e58c936d4810d992b38,Bacterial-Spot(752),Bacterial-Spot (557).jpg,0,0.20000000830619916,0.19999999619583708,0.20000000375534654,0.19999999777979965,0.1999999939628176
611,ab6301fd3ef35e3e6e39a7aaaab8c951f2b6f277a3b4b3e31ad9d3340569a831,Bacterial-Spot(752),Bacterial-Spot (558).jpg,0,0.20000002832760974,0.19999998717674877,0.2000000129036704,0.1999999923359126,0.1999999792560585
612,d92761e57c213d98a94dc18828a462d78d97eff4cb9c71a49b5dcd06d555712f,Bacterial-Spot(752),Bacterial-Spot (559).jpg,0,0.2000000436411925,0.19999998024062904,0.20000001987671787,0.19999998819529266,0.1999999680461679
613,6b06fdb7d2a8435aa70b1b403b72a4127eb654b465c8205b14c3608d805ee25a,Bacterial-Spot(752),Bacterial-Spot (56).jpg,4,0.19999997864767466,0.20000000954570982,0.199999990196391,0.20000000585019304,0.20000001576003146
614,bb36d3053c7ca798037d47cf14b31799484358cdedb0531725d0533bcee49eb8,Bacterial-Spot(752),Bacterial-Spot (560).jpg,0,0.2000000328431731,0.1999999851417343,0.20000001496655068,0.199999991108836,0.19999997593970598
615,b078243dc9114cd92ace858e45fb2fe39f27f7f50b07f3e83d750d48503c79e1,Bacterial-Spot(752),Bacterial-Spot (561).jpg,0,0.20000005187174993,0.19999997655992985,0.20000002365489203,0.19999998594105037,0.1999999619723778
616,b7cea25b1377c4c636a3de1561260c6826e8b887d261786633087d57dcd04a08,Bacterial-Spot(752),Bacterial-Spot (562).jpg,0,0.20000004282679443,0.19999998060938004,0.20000001950578697,0.19999998841558214,0.1999999686424564
617,9629f1af7d796bde71a5e0a2a2cb57d7507fdaaf3f9ea79987e1f69425eba3fc,Bacterial-Spot(752),Bacterial-Spot (563).jpg,0,0.20000001722947097,0.19999999217608946,0.2000000078325412,0.19999999535355015,0.1999999874083482
618,a9ca39932dcef6d335b4158bfaf5c8bce770c11c9feabce1faf6c07b3e67c50e,Bacterial-Spot(752),Bacterial-Spot (564).jpg,0,0.2000000271927491,0.1999999877135805,0.20000001240162563,0.1999999926288884,0.19999998006315647
619,0557e1b082ffdffce2b1934045fcd4a8b4bb13eb0c4e6b625c842f1ee5e139d7,Bacterial-Spot(752),Bacterial-Spot (565).jpg,0,0.20000005804593443,0.19999997373459194,0.2000000264477896,0.19999998428922744,0.19999995748245666
620,3aa0ba627a6834cf57960982a76573cfbbc9a49ee90f3b0b0607b0707399d287,Bacterial-Spot(752),Bacterial-Spot (566).jpg,0,0.20000007436361789,0.1999999664010471,0.20000003391500068,0.19999997984218468,0.1999999454781497
621,1d58607ebee0385a8e9e56131083288628d6014ef97df37fd4ae21739a98d62f,Bacterial-Spot(752),Bacterial-Spot (567).jpg,0,0.2000000270818761,0.19999998768005833,0.2000000122972414,0.19999999270999783,0.19999998023082632
622,cdca391542e86c389531dd77baca2bbe1b2b1e87bf012c011197d80b463dd0f1,Bacterial-Spot(752),Bacterial-Spot (568).JPG,4,0.19999987478459705,0.20000005660464892,0.1999999429124577,0.20000003392408294,0.20000009177421338
623,c78741cc50058e53dff86f37651dbab4631e9ff71e6eeb0e273ce738825d841d,Bacterial-Spot(752),Bacterial-Spot (569).JPG,4,0.19999988543013214,0.20000005178935532,0.19999994776407926,0.20000003104174888,0.20000008397468444
624,496462aff51cade22513994132b7f160eee5392fd75ea4644b9c0cf01b35c0ec,Bacterial-Spot(752),Bacterial-Spot (57).jpg,4,0.19999999708295907,0.20000000128857232,0.199999998650689,0.2000000008086895,0.2000000021690901
625,6d51fed51ed3f24c42e30337ccfe5321cffa321e389ae4cb33283b7953435590,Bacterial-Spot(752),Bacterial-Spot (570).jpg,0,0.20000000605507473,0.19999999724961876,0.20000000275215754,0.1999999983675427,0.19999999557560635
626,1085ec9deda5e40f6e4cae23263a0d029d3b419f39ee706b3bb2169300a5e4f9,Bacterial-Spot(752),Bacterial-Spot (571).jpg,4,0.19999998207796077,0.20000000808350127,0.19999999181733555,0.20000000486672667,0.20000001315447574
627,b3e9621764f7f89f0e376bc70b1555408657be79974623d9ea58152e0961bb98,Bacterial-Spot(752),Bacterial-Spot (572).jpg,0,0.20000003227855176,0.19999998538292044,0.2000000147000357,0.19999999127038587,0.1999999763681063
628,3f2b6b9185d9859c77d7982ac950423bdfffd1b150c2a347a49076a591510b32,Bacterial-Spot(752),Bacterial-Spot (573).jpg,4,0.19999998874999428,0.2000000050449698,0.19999999484480194,0.2000000030728147,0.20000000828741932
629,d9d70b3617728cf3af4e49c2a3d2903de66d42d7eb0b4e07e5251841afcbe346,Bacterial-Spot(752),Bacterial-Spot (574).jpg,0,0.20000005596137876,0.19999997488872487,0.20000002563410282,0.19999998472492123,0.19999995879087235
630,556cc90ddfe61811e06ac06be64428ad0c2af4b8787f140cad2ec58a915a6a5c,Bacterial-Spot(752),Bacterial-Spot (575).jpg,0,0.20000012142380516,0.19999994530204415,0.20000005548317645,0.19999996698550482,0.19999991080546953
631,f21e90203575c3733c4e373ec6c33bb68f61af69ec04d8333dc37f8e328e80a5,Bacterial-Spot(752),Bacterial-Spot (576).jpg,0,0.20000018244284518,0.199999917681129,0.2000000832788351,0.19999995047613153,0.19999986612105924
632,cec05312f33d77af95532b57d2917ae9b5af58783933e1012f8e157492916652,Bacterial-Spot(752),Bacterial-Spot (577).jpg,0,0.20000018998569857,0.19999991432760061,0.2000000867541478,0.1999999483984173,0.19999986053413582
633,0cac017499f30d7adf2e0cc66c7822d8e32850fda8a3f68a9a271ee906158612,Bacterial-Spot(752),Bacterial-Spot (578).jpg,4,0.19999999120451908,0.2000000041836296,0.1999999961240456,0.20000000225645934,0.2000000062313463
634,4797e64e12005eb87d467ea0f57deb95f35abae622ad0d2ee952c49f190c1885,Bacterial-Spot(752),Bacterial-Spot (579).jpg,0,0.2000001897444098,0.19999991445633633,0.20000008665679078,0.19999994845171765,0.19999986069074538
635,ddebaae478e31f2632d21bdf70b0d9fe63425a3be2fd0cdf2f1c2452f02dcc27,Bacterial-Spot(752),Bacterial-Spot (58).jpg,4,0.19999998180916953,0.20000000817502891,0.1999999916754172,0.20000000495784312,0.20000001338254134
636,2b67b990f83d629002473fd1de1ceae1a428b11195997852f996f83d86a19d44,Bacterial-Spot(752),Bacterial-Spot (580).jpg,0,0.20000013803115613,0.19999993787280748,0.20000006310511445,0.19999996243833773,0.1999998985525841
637,ebd3bf2a9760bafa219a782e31fa4afc7face05d5d8b0a84e5ebfaa63556a8b9,Bacterial-Spot(752),Bacterial-Spot (581).jpg,4,0.19999996577692247,0.20000001545062723,0.19999998438429784,0.2000000092843465,0.200000025103806
638,b6f78a92ff1024f20667400b4330f02418edf3a056e333c16aca3b736408d2e6,Bacterial-Spot(752),Bacterial-Spot (582).jpg,0,0.2000001063696676,0.1999999521647549,0.2000000486568706,0.19999997102905928,0.19999992177964765
639,5199bb70e5853c7ba547798d4ecb1b90f6458e998d5d39bb692e6d323d416b3f,Bacterial-Spot(752),Bacterial-Spot (583).jpg,0,0.2000001721611375,0.19999992235701863,0.20000007860924093,0.19999995324458175,0.19999987362802124
640,39ea301bfefa5eba824dbe27fd0cf6ac884ef61ee98913034cbea2155ce9a0b6,Bacterial-Spot(752),Bacterial-Spot (584).jpg,0,0.2000001265918595,0.199999942889226,0.2000000577899225,0.19999996563193204,0.19999990709705984
641,a4f4b0fc217e796f3abb06e64229f40dc64f88af4284d9ef11a2aae5d908119a,Bacterial-Spot(752),Bacterial-Spot (585).jpg,0,0.20000025902074475,0.19999988312876327,0.200000118233748,0.19999992968924793,0.1999998099274961
642,597c7b93a3eaac8078255684fd2fb536885ff59834b61c8c4716da4c9fed4e3d,Bacterial-Spot(752),Bacterial-Spot (586).jpg,0,0.20000026142988628,0.19999988210219172,0.20000011937254805,0.1999999289986222,0.19999980809675189
643,43cc4d2f5f1377af4b88911d9357f5d2dc107c564eb1fd03c0a8b4a3140a22be,Bacterial-Spot(752),Bacterial-Spot (587).jpg,0,0.20000013920687085,0.19999993728572538,0.20000006360529643,0.1999999621536481,0.19999989774845914
644,2d63eed8140134dadbbbbfe16f776259b217f71a85b069c133e2c327a4f71f7c,Bacterial-Spot(752),Bacterial-Spot (588).jpg,0,0.20000021011302246,0.19999990517268593,0.20000009589396556,0.19999994297944482,0.19999984584088118
645,e4d39b392cd66d6bd25b0aece5f58c589b4737ea8235371166dd0102146e7c9c,Bacterial-Spot(752),Bacterial-Spot (589).jpg,0,0.20000027543486346,0.19999987569461716,0.20000012570811068,0.19999992525073446,0.19999979791167424
646,a741051f5cd7cf597db9b34b5ddd95ccae81f0b884803c0c6114a23cadcbf0ae,Bacterial-Spot(752),Bacterial-Spot (59).jpg,4,0.1999999508540614,0.2000000221029267,0.19999997752034018,0.20000001338463597,0.20000003613803571
647,1a6de49a38c0cec3636fd050787d75c31f7d3635650de6b91b6f41146ea3521b,Bacterial-Spot(752),Bacterial-Spot (590).jpg,0,0.20000028489300462,0.1999998714370542,0.20000013003181227,0.19999992267729574,0.19999979096083317
648,a41c7f2e49709ef976146ee6a13d0cdef410f7307e3e93d94145e2583b2e446c,Bacterial-Spot(752),Bacterial-Spot (591).jpg,0,0.20000024937929192,0.19999988749781708,0.20000011384494673,0.19999993229501412,0.19999981698293015
649,2768b784c2e8d3eec545cf42244d69b5c825b00e0909934b5c66c7cdf4cc0dba,Bacterial-Spot(752),Bacterial-Spot (592).jpg,0,0.20000009641066835,0.19999995655522768,0.20000004404436636,0.19999997379530562,0.19999992919443185
650,55f0ef491f6f8ba4a17822bd3889c01137a886a7d2139400778c3369e7303980,Bacterial-Spot(752),Bacterial-Spot (593).jpg,0,0.2000002775654064,0.19999987478456188,0.20000012671379036,0.19999992464122834,0.1999997962950129
651,3aae240e7872cee557883ab1c17c9d3fa9074fa7f91b6ff22eacb1272b96891e,Bacterial-Spot(752),Bacterial-Spot (594).jpg,0,0.20000027780491567,0.19999987468667046,0.2000001268295678,0.19999992456993332,0.1999997961089128
652,f5bbd7281ab8ed4326e9746685dfc935d61cf21751d442fece537165e4834c02,Bacterial-Spot(752),Bacterial-Spot (595).jpg,0,0.20000024314118447,0.1999998903137616,0.20000011099828738,0.19999993398766755,0.19999982155909893
653,579db28410f1249b25f6ed95566583a82c1d0e1b23cee881ca493e089c641046,Bacterial-Spot(752),Bacterial-Spot (596).jpg,0,0.2000002457311776,0.1999998891410065,0.20000011217782554,0.1999999332870733,0.19999981966291708
654,ce1f873d98d932ebe1218b8ff5f935d378b4530325f0762e4d571f8b1994d1a2,Bacterial-Spot(752),Bacterial-Spot (597).jpg,0,0.20000017886675336,0.19999991924654506,0.20000008161531152,0.19999995147620211,0.19999986879518797
655,077a2e50727cf1f30257225e7901520b42547709998224abfb0c1e935f5f610b,Bacterial-Spot(752),Bacterial-Spot (598).jpg,0,0.20000017905390208,0.19999991921952456,0.20000008173783512,0.19999995139045695,0.19999986859828134
656,b5537aa3323969442a3f10c431662c945cb8a71efb21d1cc1d5f6548a4877108,Bacterial-Spot(752),Bacterial-Spot (599).jpg,0,0.20000026378105754,0.19999988099379826,0.20000012041496384,0.19999992838926292,0.19999980642091747
657,22232f5d48d9c4a581c67b45e51e43a6277f57dc04df7df27de02090757efd2d,Bacterial-Spot(752),Bacterial-Spot (6).jpg,0,0.20000008420023907,0.19999996195568623,0.2000000384005236,0.19999997717634452,0.1999999382672066
658,d536a71c32bd2d02e420f2e788e48923a09411af22267fff83e8b03b9816cad7,Bacterial-Spot(752),Bacterial-Spot (60).jpg,4,0.19999998308809688,0.20000000759875258,0.19999999225971363,0.2000000046102312,0.20000001244320564
659,d142102bd5d9fc2e2819b71d27b7ad1ede303536e26e0dbbc7cda785a3608ef4,Bacterial-Spot(752),Bacterial-Spot (600).jpg,0,0.2000000958303924,0.1999999568978239,0.20000004383161155,0.1999999739037263,0.19999992953644585
660,bd4c63971bfec09a18e7c10994ad03061454c5eecefd7a12cf5ab462d4f33e99,Bacterial-Spot(752),Bacterial-Spot (601).jpg,0,0.2000000611341527,0.19999997257503715,0.20000002800829708,0.19999998330841548,0.1999999549740976
661,2de85ff8031dcd99ac097191dc5d74cdb63233aa67f60f112549ce16a67ff3e3,Bacterial-Spot(752),Bacterial-Spot (602).jpg,0,0.2000000021402696,0.199999999202782,0.20000000108574334,0.1999999993162111,0.19999999825499398
662,46cd472dc47cf70e1736d020dee7e802c3c8fe2c9470886a4eb1577fd283083f,Bacterial-Spot(752),Bacterial-Spot (603).jpg,0,0.20000005779308955,0.1999999739903002,0.2000000264236373,0.19999998427142354,0.19999995752154942
663,1c3a298d883c27f68f4019f836698dfafcf3142f34f79e7418ca07a712dca0f7,Bacterial-Spot(752),Bacterial-Spot (604).jpg,0,0.20000005754874484,0.19999997424907412,0.20000002640800277,0.19999998424729834,0.19999995754687994
664,9a9412b0993fc8f2a6f71e6b08d53e953fabea8bbae23ae261c8bbe09eefaac4,Bacterial-Spot(752),Bacterial-Spot (605).jpg,0,0.2000002862487539,0.19999987093079755,0.20000013071886893,0.19999992224516658,0.19999978985641312
665,8e06280ba57112c67a0327290829a1a4adc1b7fd7b5d160143f5895c49d46a08,Bacterial-Spot(752),Bacterial-Spot (606).jpg,0,0.20000015712116012,0.19999992918756965,0.20000007177267445,0.19999995730026404,0.1999998846183317
666,0e223c826d61d6134efbfd0a05798e750c64599cb0c950be105f24d46c44e758,Bacterial-Spot(752),Bacterial-Spot (607).jpg,0,0.2000001548918109,0.19999993012672526,0.20000007071194525,0.19999995794597406,0.19999988632354457
667,ddb0adf46a52601bd6ad9498885b59e2e9f6bb9766d0729cd512183d3378cc69,Bacterial-Spot(752),Bacterial-Spot (608).jpg,4,0.19999992154222365,0.20000003551795906,0.19999996426252817,0.20000002122541902,0.20000005745187016
668,c642c01615f71b8a86d7fe7d729e0a7cf88cc5b4ba4550483acb11fe08430b51,Bacterial-Spot(752),Bacterial-Spot (609).jpg,0,0.20000024506347497,0.19999988948793493,0.20000011190250194,0.19999993344044165,0.19999982010564651
669,69ce38517e09822a95969acb3e53228cdac5202bcd4e976454887eda8e7e6caf,Bacterial-Spot(752),Bacterial-Spot (61).jpg,4,0.19999999303178076,0.20000000308860244,0.1999999967835011,0.2000000019253913,0.20000000517072433
670,5dc6d5d015cc3c48b23ebd0aa67fad7a000f0648f9c5546ae89b556d240d8776,Bacterial-Spot(752),Bacterial-Spot (610).jpg,4,0.1999998393702254,0.20000007266791986,0.199999926801437,0.20000004348611378,0.20000011767430403
671,26ae4ca98d418790e461b71e4b43323201cfeb1d73f026dc2875fdee50fd6ff8,Bacterial-Spot(752),Bacterial-Spot (611).jpg,0,0.2000000473820175,0.19999997874409814,0.20000002170767991,0.19999998706334357,0.19999996510286097
672,3e9645f815965a6846e6d0049c9a1b5d81d09c0ef4700c84a858f42203fb0b5c,Bacterial-Spot(752),Bacterial-Spot (612).jpg,0,0.200000137162971,0.19999993820211512,0.20000006266856135,0.19999996271204484,0.19999989925430772
673,ca9396260d862347b7d5fa36fc081a54a2008ab7824751b09e5ad8bcc0ddfc95,Bacterial-Spot(752),Bacterial-Spot (613).jpg,0,0.20000024021030824,0.19999989165048876,0.20000010966972512,0.19999993477448852,0.19999982369498942
674,f7aa9d05ae3e08aca17379bafe6acf62ddcdc3dab372a4e697fb20cb5d720e97,Bacterial-Spot(752),Bacterial-Spot (614).jpg,0,0.20000028917285465,0.19999986956207857,0.2000001320216492,0.19999992148132573,0.19999978776209174
675,04a63f9bdfd31c7c1a696f31c29074f19475d7acbe5884509cfd23a37945755a,Bacterial-Spot(752),Bacterial-Spot (615).jpg,4,0.1999998312028817,0.20000007633798228,0.1999999230635606,0.2000000457122562,0.20000012368331915
676,0f2f82c7d1b77a5d211ecb64b7f6fbbf9d99b078d42e55a02cb2f5b00c60c3fe,Bacterial-Spot(752),Bacterial-Spot (616).jpg,0,0.20000012275931678,0.1999999447199718,0.20000005610596458,0.19999996661062852,0.19999990980411833
677,e06c0e677df338774e66197e5ca90cf8046fdb36629ff6b94546bb1a6554996e,Bacterial-Spot(752),Bacterial-Spot (617).jpg,0,0.2000000868850199,0.1999999608783083,0.20000003971238417,0.19999997636562328,0.19999993615866443
678,7ec9ca0cbffe87d5f29b845d743abd2f6a7d5d61759cccef1070dbdffeeb379a,Bacterial-Spot(752),Bacterial-Spot (618).jpg,0,0.20000022188879843,0.1999998999636752,0.20000010133656007,0.1999999397196584,0.19999983709130786
679,184eace9d6a75fe338f547da224849587a7d395e4bcff910a4023ce13996fb76,Bacterial-Spot(752),Bacterial-Spot (619).jpg,0,0.20000019518854092,0.19999991198409084,0.20000008913149384,0.19999994698351806,0.1999998567123564
680,37411a535cdff3b51cb279426956a6e76b94a5e81798366e5dc8c2f6c1eb90f3,Bacterial-Spot(752),Bacterial-Spot (62).jpg,4,0.19999997968689034,0.20000000913323301,0.1999999907070914,0.20000000553358943,0.20000001493919578
681,b9aead61f16c83594f72606ad9541d12cc2ff967a720fd974b2dedb733c7164f,Bacterial-Spot(752),Bacterial-Spot (620).jpg,0,0.2000001356886166,0.19999993882107642,0.20000006196567166,0.19999996314055438,0.19999990038408105
682,7a0eeb16d59f7d8a1a18ec90bdcf2619147f973a521b5cfc6742fbde89bed586,Bacterial-Spot(752),Bacterial-Spot (621).jpg,0,0.20000030388540269,0.19999986292534944,0.2000001387384315,0.19999991748663917,0.19999977696417715
683,7d04d56cebe6e90be720af5eaece6f9166f1f5ca5a53447ed2570f9f6d0a5dfa,Bacterial-Spot(752),Bacterial-Spot (622).jpg,0,0.20000015977874488,0.19999992799361244,0.20000007298915953,0.19999995657570807,0.19999988266277505
684,3ef0371548346bcf72d1a397b95f6292b8e4c9ab3643ee292bc30cdeb0e006f6,Bacterial-Spot(752),Bacterial-Spot (623).jpg,0,0.2000001584809529,0.19999992850781143,0.2000000723506419,0.19999995697142434,0.1999998836891695
685,c917c66ade13b97be5f671a81743abb790c68a8bb91306ee8f4bde34a8a42415,Bacterial-Spot(752),Bacterial-Spot (624).jpg,0,0.20000021236365187,0.19999990416183605,0.20000009692431328,0.19999994236570529,0.19999984418449346
686,0b1edbaac16d942b20883c4a8ec0a7237d808866777bb2525f9f58de087277df,Bacterial-Spot(752),Bacterial-Spot (625).jpg,0,0.20000024622873994,0.19999988889911074,0.20000011239372203,0.19999993316258333,0.19999981931584399
687,1d6874add9ca7d50cabe453a40f3a61bae2d532c36f7d491d97b62393a43223f,Bacterial-Spot(752),Bacterial-Spot (626).jpg,0,0.2000002335108115,0.19999989462688916,0.20000010658154527,0.19999993662122417,0.19999982865952998
688,f886034da6a297518acfe10261f59183964cace7d70ded23c12426a7348e14a7,Bacterial-Spot(752),Bacterial-Spot (627).jpg,0,0.20000011820769825,0.19999994673178775,0.20000005400123969,0.19999996787148525,0.19999991318778917
689,4f110afcae8f434ba692bec5fa0ffca8f963a2227b18bdfa9ac18ae00023b119,Bacterial-Spot(752),Bacterial-Spot (628).jpg,0,0.20000023207092577,0.19999989534897536,0.2000001059710673,0.19999993696798152,0.19999982964105015
690,94b6c2d6c7a5210de96454ee10f045becba4c01e79e0a6844a7649dc35ae4dc9,Bacterial-Spot(752),Bacterial-Spot (629).jpg,0,0.20000027033417045,0.19999987811503686,0.20000012345657453,0.19999992656283275,0.1999998015313853
691,238c0a7c09e4533efc3bdd03df941f818ca7fd3ce35a5f7973605a6a32aabd81,Bacterial-Spot(752),Bacterial-Spot (63).jpg,0,0.2000000192119884,0.19999999122701112,0.2000000087023955,0.19999999484888137,0.1999999860097236
692,f64eb10c80cb0f486e3a956edd3ae3b96268077c8b070f41fea0e74115f4c2ca,Bacterial-Spot(752),Bacterial-Spot (630).jpg,0,0.20000022666555914,0.19999989773980964,0.20000010347271155,0.19999993846466163,0.19999983365725807
693,9e8276f049ef9a79ecf9b42a7fcf9f55302db60f4803670d6a16487dc9ce722a,Bacterial-Spot(752),Bacterial-Spot (631).jpg,0,0.20000018747550322,0.19999991543387763,0.20000008559110044,0.19999994909563124,0.19999986240388754
694,56ea1339f73b34d2895f618dcbd6b8edd8ec23963e902ae8f2392712b891fdaa,Bacterial-Spot(752),Bacterial-Spot (632).jpg,0,0.20000022286741365,0.19999989942723367,0.20000010172201316,0.19999993951165282,0.19999983647168668
695,d2899b3504bd3213c9af858426cac7f8a26e6b403ccd310fb9fcb34977a41497,Bacterial-Spot(752),Bacterial-Spot (633).jpg,0,0.20000013851608786,0.19999993760273999,0.20000006329346173,0.19999996233805664,0.1999998982496537
696,1e15f837f878103bf6fc6e7de1c732e8302f3046028ea83bd2efa41d0df0a340,Bacterial-Spot(752),Bacterial-Spot (634).jpg,0,0.20000026890828387,0.19999987866279473,0.2000001227440566,0.1999999270082061,0.19999980267665865
697,187b454d7fe0bd0b4eaaa082c17e25159e73b05cd74cee51cc93adbb636a223b,Bacterial-Spot(752),Bacterial-Spot (635).jpg,0,0.20000019829467727,0.1999999104980504,0.20000009049479167,0.19999994619197423,0.19999985452050648
698,28ccb85d11cbb0e85147ecdaf47c5962f044e48669a6dafb3e20a483f09f4272,Bacterial-Spot(752),Bacterial-Spot (636).jpg,0,0.20000008516129955,0.1999999617427092,0.20000003898147536,0.19999997678080478,0.19999993733371116
699,b3038840e06909cf126b81528346151471b2bcd07efe3c68ba519613e31cee79,Bacterial-Spot(752),Bacterial-Spot (637).jpg,0,0.20000021724636402,0.19999990191806286,0.20000009912683203,0.19999994106508287,0.19999984064365825
700,7053d951a338f99599657a07bc4bc9ee0b8b331f7e5f8487f132f9b5a2f94c18,Bacterial-Spot(752),Bacterial-Spot (638).jpg,0,0.20000011323537456,0.19999994904956042,0.20000005177963412,0.1999999691761348,0.19999991675929615
701,39da22448db659af2bc67809a6f6e30eca466093d42594f91927a318cb90c6e2,Bacterial-Spot(752),Bacterial-Spot (639).jpg,0,0.20000014303720495,0.1999999356393887,0.20000006540660303,0.19999996106420861,0.1999998948525947
702,b505cfa9a940c0a66ea263a1184e426c7e14fa1da01b43b551bd4da4b330621d,Bacterial-Spot(752),Bacterial-Spot (64).jpg,0,0.2000000180585701,0.19999999174900165,0.20000000817682606,0.19999999516086878,0.19999998685473347
703,eceb01fd72e390ea87dbf476519dce988c02ecfa34c88b7d5dffe56d85f89fce,Bacterial-Spot(752),Bacterial-Spot (640).jpg,0,0.20000011460046255,0.19999994847160055,0.20000005242721947,0.19999996878243056,0.19999991571828682
704,6e4aa8579e814ae36bb765bcd9607b300f0e8355d76cf2e675463fde2e307399,Bacterial-Spot(752),Bacterial-Spot (641).jpg,0,0.20000025799257526,0.1999998836112807,0.20000011777639548,0.199999929956959,0.19999981066278952
705,d66c2f30ddd779b1490a3c2aa6ab2fd65d0f81ccc72387aac7b7fdd91895869a,Bacterial-Spot(752),Bacterial-Spot (642).jpg,0,0.20000007104699838,0.19999996812362994,0.20000003254694265,0.19999998060469348,0.19999994767773566
706,3c917cff941d667441d17a7a0e855a80cda56af6458926d33ddd1ec0caaba5b6,Bacterial-Spot(752),Bacterial-Spot (643).jpg,4,0.1999999196195895,0.2000000364113005,0.1999999634017897,0.20000002173178924,0.2000000588355311
707,47bb654e070ec84b9d4af95c404303f31618056482ee0ef4ffa2b2be6e455654,Bacterial-Spot(752),Bacterial-Spot (644).jpg,0,0.20000027919805888,0.19999987407325032,0.2000001274752851,0.19999992418256324,0.19999979507084237
708,d44ec4081b22a4a672b722981eeb401e1eb94899a78df20ed0cdaecc14b029a2,Bacterial-Spot(752),Bacterial-Spot (645).jpg,0,0.20000019445264194,0.19999991240231552,0.20000008885118795,0.19999994713064628,0.19999985716320814
709,45f109aa3730eb4940b540c6877cec80c2f622cee338e888743e4493b09f7eb7,Bacterial-Spot(752),Bacterial-Spot (646).jpg,0,0.2000002910784613,0.19999986868196434,0.20000013287840143,0.1999999209764031,0.19999978638476978
710,b6be1caa300847df0c7253b0bf5c12d9cd198cf2a40e51a57c07e0ffc8e1f729,Bacterial-Spot(752),Bacterial-Spot (647).jpg,4,0.1999999709668438,0.20000001317415358,0.1999999867953901,0.20000000783573174,0.20000002122788077
711,4f7bfbeed1622976ea5be51227c276c748dbad6497ca06f83237f88958d934f9,Bacterial-Spot(752),Bacterial-Spot (648).jpg,0,0.2000002067095953,0.19999990684278357,0.20000009442716507,0.19999994382137326,0.19999984819908273
712,dae55710363e0caa8538e89c55a0eed996497344a2198e8611d16c554574d3dd,Bacterial-Spot(752),Bacterial-Spot (649).jpg,0,0.20000002436915446,0.1999999891610924,0.20000001122473443,0.19999999328967807,0.19999998195534066
713,572972955d68d2da36df3ec9a2888ac84c682e2398cc72754529a038a715bfc8,Bacterial-Spot(752),Bacterial-Spot (65).jpg,4,0.19999998729434476,0.20000000569864193,0.19999999417827818,0.20000000346980704,0.200000009358928
714,95cbd95fbb63e447743f9658f74a8a312a311099109fb4d39c51740ebfbcd576,Bacterial-Spot(752),Bacterial-Spot (650).jpg,4,0.19999995129537593,0.2000000221634013,0.19999997788922588,0.2000000131062825,0.20000003554571447
715,408ee06c8da1f97df80845be20aba82728b63888d23a38b2256b15a982da08aa,Bacterial-Spot(752),Bacterial-Spot (651).jpg,0,0.2000002911370052,0.19999986868815067,0.20000013292635066,0.19999992094087057,0.19999978630762286
716,742625ccd3c79284966acf8f87d061f6e3bd6f284fb1a3a004b97d7ee6fe3203,Bacterial-Spot(752),Bacterial-Spot (652).jpg,0,0.20000011901538742,0.19999994644632954,0.20000005442109328,0.19999996760436448,0.19999991251282526
717,2370a56407d243e708407cde7a62d7d5e4bc27570d1b5b8d4296c68900aa790f,Bacterial-Spot(752),Bacterial-Spot (653).jpg,0,0.20000020397717116,0.199999908040935,0.2000000931576695,0.19999994458433093,0.19999985023989325
718,f8d9bbd06c59024ab08d4dc3d5e10381041c17e38dcbb2e34b21ea8bbc6203ae,Bacterial-Spot(752),Bacterial-Spot (654).jpg,4,0.1999999571922148,0.20000001949099389,0.19999998057331025,0.20000001151291397,0.2000000312305672
719,1810c193b55c5f8378505d0dde2b2638b39c5d50e86950b78e45fc1f70310d73,Bacterial-Spot(752),Bacterial-Spot (655).jpg,0,0.20000007078469334,0.19999996810396933,0.20000003233808109,0.19999998075983738,0.1999999480134189
720,e5b7518493de7e26b35086c269877c5eb6eeb8ba0fe4a8b7303460e22bcb296b,Bacterial-Spot(752),Bacterial-Spot (656).jpg,0,0.20000023091161925,0.1999998959134185,0.20000010546864935,0.1999999372575561,0.19999983044875677
721,d4252466b1d62794846c6636e938b421f590bf23aa2966789914d00f23548f4e,Bacterial-Spot(752),Bacterial-Spot (657).jpg,0,0.20000016665180864,0.19999992493721816,0.20000007615541798,0.1999999546825802,0.1999998775729749
722,4bd5ad4041e461a24c9bc479cc4026aa0d24233be0d86f1ee17aca82dff100da,Bacterial-Spot(752),Bacterial-Spot (658).jpg,0,0.20000024653964957,0.19999988877398073,0.20000011254536815,0.19999993306889197,0.19999981907210956
723,c458e19db7244879c0df3f66798c63e29797c3fbe66dd382c67aa6911fac4692,Bacterial-Spot(752),Bacterial-Spot (659).jpg,0,0.2000000450190406,0.19999997984208814,0.200000020649504,0.19999998768515836,0.19999996680420884
724,cceda8f3494facbe42df5dfc3663e6df2738b2bba1304a79dab778d4d1843d0b,Bacterial-Spot(752),Bacterial-Spot (66).jpg,0,0.20000002975125988,0.19999998648807962,0.2000000135236846,0.19999999197780477,0.19999997825917115
725,6d09d9c568275faf3b7f9507860606007d6fb676fa121c3f3dbefe5989466b8a,Bacterial-Spot(752),Bacterial-Spot (660).jpg,0,0.20000012364304168,0.19999994423682577,0.20000005645499783,0.19999996642206078,0.1999999092430739
726,97a3c9b11a7025cc5f86ec1a1cc72b099dba4412d5c2309996abc13082ffd32f,Bacterial-Spot(752),Bacterial-Spot (661).jpg,0,0.2000000702518363,0.19999996840242695,0.20000003213230116,0.19999998086899365,0.199999948344442
727,5116f16f64ba8332317884603b8b04f9367a887899d2247ce33ee9c76087ed1d,Bacterial-Spot(752),Bacterial-Spot (662).JPG,4,0.19999976826544621,0.20000010472363597,0.19999989432694865,0.20000006280364446,0.20000016988032462
728,8a55ed63a716a122028c4adc5ded3fdde2d03eeb220baa7ae0773b8312e92651,Bacterial-Spot(752),Bacterial-Spot (663).JPG,4,0.19999977751263776,0.2000001005104777,0.19999989852171499,0.2000000603185646,0.20000016313660507
729,2122b7fb8af3abe17693f4423ecc9385ee5e5482d3bb8dbec5cf9e197b259fc3,Bacterial-Spot(752),Bacterial-Spot (664).JPG,4,0.19999983573786212,0.2000000743206837,0.19999992515226497,0.20000004446364636,0.20000012032554293
730,7ee27c8c70f62941c6172113a89e6a9aef3270266370944a0ff480e81e9266cf,Bacterial-Spot(752),Bacterial-Spot (665).JPG,4,0.19999978681485187,0.20000009629923515,0.19999990275871496,0.20000005780189825,0.20000015632529963
731,d7d40992f6e72ae366076812c051536229505b7869eee675bbf15085b9564d23,Bacterial-Spot(752),Bacterial-Spot (666).JPG,4,0.19999974243599764,0.20000011635629014,0.19999988252262252,0.20000006982821486,0.20000018885687487
732,fb8a6bee757c882b2385bbcffd01c0d089f672d561b49cc6e731eddc6bdf16d7,Bacterial-Spot(752),Bacterial-Spot (667).JPG,4,0.19999983147147088,0.2000000761592339,0.19999992314891343,0.2000000456743258,0.20000012354605598
733,e15d11b1b14d2eb897bac19d59583147e4b3a8e40fc89347cb74259cc65f54b5,Bacterial-Spot(752),Bacterial-Spot (668).JPG,4,0.19999980090391895,0.20000008991963916,0.1999999091753794,0.20000005399116658,0.200000146009896
734,27579900fee374d11501d78780ce2bc8f823ff26fb09f031518b29fcddc92e15,Bacterial-Spot(752),Bacterial-Spot (669).JPG,4,0.1999997586115311,0.20000010904378215,0.1999998898972103,0.20000006544596996,0.20000017700150652
735,0db1f8c3a66ffa5a9e93b6f452eb6e5ec6757cd1372398d851c416b078895b1a,Bacterial-Spot(752),Bacterial-Spot (67).jpg,4,0.19999997027724203,0.20000001337976533,0.199999986412474,0.2000000080873013,0.20000002184321727
736,92bdb563994b57903384dc965ec22229f8f22494cab7933748c5f51c126e4063,Bacterial-Spot(752),Bacterial-Spot (670).JPG,4,0.1999997820246538,0.20000009849126726,0.19999990059193254,0.20000005908350105,0.20000015980864527
737,f8c59ea1adbe462e6ce09a113487fd3ea026140ea23a44a90e72152fada50201,Bacterial-Spot(752),Bacterial-Spot (671).JPG,4,0.19999979343388918,0.20000009332233443,0.19999990578633833,0.20000005599928922,0.20000015145814873
738,31f4d89539fc05670a15544ddbb3636ee849ac0783aeadaec08e5698bac0d066,Bacterial-Spot(752),Bacterial-Spot (672).JPG,4,0.19999976962262725,0.2000001040938096,0.19999989493521916,0.20000006244593382,0.20000016890241012
739,43a5ebc22522d228fe927122eba7ab55d0644384651e674f547d947e1cec800d,Bacterial-Spot(752),Bacterial-Spot (673).JPG,4,0.1999998327885531,0.20000007555766006,0.19999992374541667,0.2000000453212148,0.20000012258715538
740,3ae874ae861dea16f9dd9f0eb7c85a0395d6bc42501b0e6f2d8179a7a35eb927,Bacterial-Spot(752),Bacterial-Spot (674).JPG,4,0.1999998417016956,0.20000007155750754,0.19999992782789242,0.20000004288885734,0.20000011602404713
741,5d031fe48eb22828aa73e1a2be366fa9e99b0fabd7e9bcde48574d94c5fa7e99,Bacterial-Spot(752),Bacterial-Spot (675).JPG,4,0.1999997277026809,0.20000012302316106,0.19999987580973777,0.2000000738158643,0.20000019964855592
742,c3e8b77548a0558cc64ce4398d4d96837d5372e48d736a05a701dd1fd59d0ecf,Bacterial-Spot(752),Bacterial-Spot (676).JPG,4,0.19999976479088866,0.20000010621039674,0.19999989268867163,0.20000006379620144,0.20000017251384156
743,33ed423f07afc092833f7ced85b10af94a5e408725c931ec0b80c32315a138ef,Bacterial-Spot(752),Bacterial-Spot (677).JPG,4,0.1999998135012365,0.20000008427347396,0.1999999149500157,0.20000005054869655,0.20000013672657738
744,78600ac51810efac16710ad8e86b56b141867ca32ae7be8129da8c0238bd8fd5,Bacterial-Spot(752),Bacterial-Spot (678).JPG,4,0.19999980084830682,0.20000008998182794,0.1999999091739674,0.2000000539837636,0.2000001460121342
745,7993d2224a577f70a5d79510c6b59166b0ffd5cb63fe8180fcac926b08cd3aab,Bacterial-Spot(752),Bacterial-Spot (679).JPG,4,0.19999975169262643,0.2000001122301685,0.19999988678060535,0.20000006728476188,0.2000001820118378
746,6393eaa5341bf53b88a4119bd6dd48dee8abb94ceb2945990bb6b7e7ea01542a,Bacterial-Spot(752),Bacterial-Spot (68).jpg,4,0.1999999698553458,0.20000001354008795,0.19999998620065335,0.20000000822038144,0.20000002218353147
747,ac2807ef3075b063c0ff4a2bca503a4d9a0663335b86afeaa49d57c404e5e94c,Bacterial-Spot(752),Bacterial-Spot (680).JPG,4,0.19999979013797511,0.20000009476770803,0.19999990425488545,0.20000005691941203,0.2000001539200195
748,f748d7b7881eae1a84db26fb98de6f03de8dfaf0a11b48c7dff28e4da663f59c,Bacterial-Spot(752),Bacterial-Spot (681).JPG,4,0.19999973045804517,0.20000012174112997,0.19999987704246383,0.20000007309165818,0.20000019766670296
749,678fd9ec474da623ddfa63371990dfce3acbfb6d4c0542bea3693d7826c00166,Bacterial-Spot(752),Bacterial-Spot (682).JPG,4,0.199999768410696,0.20000010465624582,0.1999998943920327,0.20000006276537532,0.20000016977565013
750,2f2be8dc936e688d56f923dc6aeba47592f3504de7400440d0f63187fe1b270e,Bacterial-Spot(752),Bacterial-Spot (683).JPG,4,0.1999997575461314,0.20000010953559166,0.19999988941803168,0.20000006572838766,0.20000017777185766
751,8f6b7ce96ab0d9bf8955664864d2a6634b4651f0a9851c012e3ae961973bf703,Bacterial-Spot(752),Bacterial-Spot (684).JPG,4,0.1999997819030582,0.20000009852837147,0.19999990052500233,0.2000000591273248,0.2000001599162432
752,a3d6a8adfb421d2dff99b02696a6320166c0ab1e6e0b5ac25106c5b0606af01f,Bacterial-Spot(752),Bacterial-Spot (685).jpg,0,0.20000016301729892,0.19999992647429116,0.20000007443009934,0.1999999557320877,0.1999998803462229
753,242b4cf63b1f88b65ff1d82010d2e4c677a0f8e4a81f5a51a69f3ea0c2cfa43a,Bacterial-Spot(752),Bacterial-Spot (686).jpg,0,0.20000017004404916,0.1999999233435963,0.20000007766325092,0.19999995380037253,0.1999998751487312
754,4e463baa6d67cd5917d6bb1254099237bb92d0e5cc7efffb8a5e9bcb9c234f36,Bacterial-Spot(752),Bacterial-Spot (687).jpg,0,0.2000000174165098,0.1999999923029249,0.2000000080542808,0.19999999517411726,0.1999999870521673
755,8f119dcf03c50ac5f270b60a3e43ab2cf512db99ca24744de8319ecf2eed49cf,Bacterial-Spot(752),Bacterial-Spot (688).jpg,0,0.2000000833372504,0.1999999623953269,0.20000003803898847,0.19999997737975578,0.19999993884867842
756,e4a1325932311ff5e26a9ceef6d579914e0448e66b899845cbff3b72b8cf4bd3,Bacterial-Spot(752),Bacterial-Spot (689).jpg,0,0.20000014041912284,0.19999993668681795,0.20000006412521384,0.19999996185631347,0.19999989691253192
757,00c4577910acf87971c2d124fc2e413a903153ffdd240515de148f562dfec02d,Bacterial-Spot(752),Bacterial-Spot (69).jpg,4,0.19999999567720464,0.2000000018784365,0.1999999979804158,0.20000000121744232,0.20000000324650075
758,30956a897a4c51da53553581d21e7733e4d4dd5e443bbee6c0bf1150e5c125b6,Bacterial-Spot(752),Bacterial-Spot (690).jpg,4,0.19999993234296315,0.2000000306418864,0.19999996919103516,0.20000001829534347,0.20000004952877184
759,2fa0b242c3d7eac282965e1f5b910a74908e75d8c03d99131948534337aab646,Bacterial-Spot(752),Bacterial-Spot (691).jpg,4,0.19999998792538717,0.20000000548788144,0.19999999451415992,0.20000000325337267,0.2000000088191988
760,6226ea65ba8eedc81e304ec6a89c2a01333f7196d4545142a9712e91410447db,Bacterial-Spot(752),Bacterial-Spot (692).jpg,4,0.19999999020513856,0.20000000439156781,0.1999999955112793,0.20000000267615742,0.20000000721585698
761,a1dde9edca9ce305e3bd1835ea98f98ada51c483b9fa5e1949487646a758596b,Bacterial-Spot(752),Bacterial-Spot (693).jpg,4,0.19999998684171047,0.20000000596721884,0.19999999401333307,0.20000000355352343,0.20000000962421421
762,c4c412a6192f829a261779651e4cec9088cab8b5bcf0f029e046f718d8b066bf,Bacterial-Spot(752),Bacterial-Spot (694).jpg,4,0.19999991049090785,0.2000000404715588,0.19999995919690966,0.20000002424534025,0.2000000655952835
763,dfc5e896f2898723b5571d80b57197c609337663fec56b0aefe1becbe1276fa2,Bacterial-Spot(752),Bacterial-Spot (695).jpg,0,0.20000014657030205,0.19999993391276377,0.20000006693393466,0.1999999601858276,0.199999892397172
764,0bc450f273f0f71ffafc8165b374ca4037ab4133cc9b91d7486e1b1e10182c91,Bacterial-Spot(752),Bacterial-Spot (696).jpg,0,0.2000001658706648,0.19999992512392678,0.20000007569186695,0.1999999549957443,0.19999987831779717
765,82006476b4e567b39945cf5431f7626eba61aad686a3a8be4d37bd2fee6b1a12,Bacterial-Spot(752),Bacterial-Spot (697).jpg,0,0.20000012039793924,0.19999994566496612,0.2000000549505694,0.1999999673252033,0.19999991166132197
766,beb788e7e83e1ac0fb9bceb1480688f46ac4b99b36208f42d4780a4c8f559f2c,Bacterial-Spot(752),Bacterial-Spot (698).jpg,0,0.20000019062107444,0.19999991403525724,0.20000008704044525,0.1999999482293184,0.19999986007390455
767,6488e89ba8796a321aa5c1a6b7f61bcce62b18342bf21a046afb455f178eeb7c,Bacterial-Spot(752),Bacterial-Spot (699).jpg,0,0.20000016187181166,0.19999992698112937,0.2000000739007382,0.19999995604905343,0.1999998811972672
768,e0a91bf90afed204a024177ef6db4f0efd8667cb4647ea4ec5250de57e675474,Bacterial-Spot(752),Bacterial-Spot (7).jpg,0,0.20000015708053018,0.19999992907243277,0.20000007166817163,0.19999995739273302,0.1999998847861323
769,65077d8464c4841d1f505989c70dc5b94136fda5861a429695faaf26ca725231,Bacterial-Spot(752),Bacterial-Spot (70).jpg,4,0.19999998562906163,0.20000000637814672,0.19999999337182128,0.20000000396571502,0.20000001065525524
770,c4cb9699d2e080f1a0144f63ab34d9af0bfabe9600e94fef8b2ffabec74cf34d,Bacterial-Spot(752),Bacterial-Spot (700).jpg,0,0.2000000903589145,0.19999995926091624,0.20000004126593282,0.19999997545324355,0.1999999336609929
771,ed1a207eadc2f4c0cf31b5379189d55f0fe2c04c0bccd70d0f62ad5a63a9e17c,Bacterial-Spot(752),Bacterial-Spot (701).jpg,0,0.2000001870341124,0.1999999156184395,0.20000008538040384,0.19999994922454284,0.1999998627425014
772,3c45dd0628ed49048a08ff26504dc80b00bf388641ec94355583b37ab0fd8034,Bacterial-Spot(752),Bacterial-Spot (702).jpg,0,0.2000001133623949,0.1999999489041529,0.20000005178074517,0.1999999691952734,0.19999991675743356
773,de8bef462b3ab7421fad1261c03eede1c51e7f9ddd0b97e5003e8350cd90e673,Bacterial-Spot(752),Bacterial-Spot (703).jpg,0,0.2000000935789288,0.19999995772246215,0.20000004268054297,0.19999997463133742,0.1999999313867286
774,38c3d534f19b86c323316bdb2d5e18d593ed0d8a90917d270b6046bb8451552c,Bacterial-Spot(752),Bacterial-Spot (704).jpg,0,0.20000005369376284,0.1999999758349317,0.20000002454939714,0.19999998538747346,0.19999996053443478
775,fc483e2ad980e6545292f21a12d41efacfb79b739688d4b92e30606a6f5f87c7,Bacterial-Spot(752),Bacterial-Spot (705).jpg,0,0.2000000694481599,0.19999996879938234,0.200000031787663,0.19999998106636505,0.19999994889842962
776,c4b313f06e1a324baf8767480541cba74a0bd128ade2277ed4e57b46725248bb,Bacterial-Spot(752),Bacterial-Spot (706).jpg,0,0.20000009595053803,0.19999995673973348,0.20000004381950212,0.19999997393439742,0.19999992955582893
777,5dbe9398d3356f5318be33d1d3b60af96400a8f964fc1a39e9585cdf12dd8b3f,Bacterial-Spot(752),Bacterial-Spot (707).jpg,0,0.20000010832798418,0.1999999511459582,0.20000004946348374,0.1999999705799999,0.19999992048257403
778,65885bee4332c01edfaf0ce250558c2e60650b5bb0552ab338ff2d11f9401fe6,Bacterial-Spot(752),Bacterial-Spot (708).jpg,0,0.2000001104698236,0.19999995012383176,0.2000000504052214,0.19999997003253456,0.19999991896858868
779,ecf028d9475696b022f6029e55b34efcc41a5b833aab1a63b2b7d5b3d95acbcc,Bacterial-Spot(752),Bacterial-Spot (709).jpg,0,0.20000012905192893,0.19999994193478865,0.20000005901327086,0.19999996486940297,0.1999999051306086
780,b734e1c60cc0ca0a4735cd44d20d0c78a1a02f22ed6308337f9a54dfcea75119,Bacterial-Spot(752),Bacterial-Spot (71).jpg,4,0.19999997491250415,0.20000001123758093,0.19999998849562586,0.200000006860052,0.20000001849423704
781,f1c9527b51f6e728310bf2d42991110e0c644abfcf799df7af6661613f079a2a,Bacterial-Spot(752),Bacterial-Spot (710).jpg,0,0.20000016299313123,0.19999992646088624,0.2000000744033483,0.19999995575355345,0.19999988038908084
782,6f0663eb1aed7e0b24f39e79a770b83b23e4f98a9fa0d162ceb8530eaae81d86,Bacterial-Spot(752),Bacterial-Spot (711).jpg,0,0.2000000848252313,0.1999999617809422,0.20000003875495842,0.19999997694114585,0.19999993769772215
783,881ef4d3a4d78f3e29645d82a021055473568ba06348a48f5fb69f650ce03823,Bacterial-Spot(752),Bacterial-Spot (712).jpg,0,0.20000010331674553,0.19999995339732574,0.2000000471698088,0.19999997194619,0.19999992416992993
784,53a39f7dc2826cf60516d5cf3f20450d769748fcb541f091d780d3588d7db886,Bacterial-Spot(752),Bacterial-Spot (713).jpg,0,0.20000004421778791,0.19999998021611406,0.20000002029196193,0.19999998789522502,0.19999996737891104
785,85b3e2f13c99cf12c3426fd927f5e8fc260d37d2c38336715946783999c43c4b,Bacterial-Spot(752),Bacterial-Spot (714).jpg,0,0.20000005958367523,0.1999999731743092,0.20000002723582821,0.19999998379029169,0.19999995621589578
786,2c43e16ba2878e19a93e465573db974977326dd234eeba6313aaab109d8e64ea,Bacterial-Spot(752),Bacterial-Spot (715).jpg,0,0.2000000703050522,0.19999996823943492,0.20000003206699704,0.19999998093939747,0.1999999484491183
787,f3beb82ad7790e000a90dec57f6464263c4792f665a5e87aecd6e47c0c8d3ea8,Bacterial-Spot(752),Bacterial-Spot (716).jpg,0,0.20000006055833427,0.19999997269953204,0.20000002765809535,0.19999998354705764,0.1999999555369807
788,7cf5c91cbe326f57714a7016d6a6cf52a497c65fa5cff0c821f6e3d7866e2786,Bacterial-Spot(752),Bacterial-Spot (717).jpg,4,0.19999999210880254,0.2000000035704469,0.19999999640445243,0.20000000213595898,0.2000000057803391
789,821c237f3e6313f922ef3a4355ccbd007c6f5cf338c40513c817923cb49b598b,Bacterial-Spot(752),Bacterial-Spot (718).jpg,0,0.20000012007558735,0.19999994586044706,0.20000005483571168,0.1999999673820844,0.19999991184616955
790,0e0cee4e8bb37b04b5ee68fb2fa28a7d567a726a808619727000802a34e80ff0,Bacterial-Spot(752),Bacterial-Spot (719).jpg,4,0.1999999183614483,0.20000003689199602,0.19999996277121787,0.20000002212617013,0.20000005984916783
791,3f87452567bb72b48f13dc5bcb6db5de799dd4ee8bf57b38f0cdf2364bdd057a,Bacterial-Spot(752),Bacterial-Spot (72).jpg,4,0.19999988750059913,0.20000005068349117,0.19999994859862869,0.20000003058467958,0.2000000826326014
792,f8bfe8a24bdfcfe7a10bc7f34f8065ef60babf6c565822f1e7cbb073361703f4,Bacterial-Spot(752),Bacterial-Spot (720).jpg,0,0.20000007819726992,0.19999996474151632,0.2000000357102481,0.1999999787587331,0.1999999425922326
793,f6f14a5687d61eb010f2005455cd2a4c182535621401b48465a06383674f05cc,Bacterial-Spot(752),Bacterial-Spot (721).jpg,0,0.20000013740467493,0.1999999379351527,0.20000006267701945,0.19999996274271428,0.19999989924043873
794,583a12326a0fcd8cee2b72426043c541de844aaeff2c08d4614eaa7ac29c4539,Bacterial-Spot(752),Bacterial-Spot (722).jpg,0,0.20000004015732364,0.19999998189475,0.20000001833944375,0.19999998909076125,0.19999997051772134
795,8d33eb3bcaecdb4e43c7ec29653ada1a01baa9e66a8867a5bbbb7bcd48f003e0,Bacterial-Spot(752),Bacterial-Spot (723).jpg,0,0.20000008246295942,0.19999996274512763,0.2000000376110192,0.19999997764436495,0.1999999395365288
796,57bee4d060253db383ae17a2d340f73f7da06d49b137a3d030de9b26fd2cf10d,Bacterial-Spot(752),Bacterial-Spot (724).jpg,0,0.20000015207702415,0.19999993138777974,0.20000006942148882,0.19999995871566256,0.19999988839804478
797,c977c62366935f5ab03cd4a83e70184e9af606afbbbe49e3b2a25e66ad04a146,Bacterial-Spot(752),Bacterial-Spot (725).jpg,0,0.20000010951799121,0.1999999505377643,0.2000000499606636,0.1999999703003318,0.1999999196832491
798,cf49e5f08364deb44203efaebba4ee0da8a2230bd46e5fb952bc076fa0e07734,Bacterial-Spot(752),Bacterial-Spot (726).jpg,0,0.20000001341589976,0.1999999939727592,0.2000000061408385,0.19999999634236007,0.19999999012814257
799,dc95c30a96064d26f94503b1a3a8760c9ddb1b506ef970660bdf7510730a9f4b,Bacterial-Spot(752),Bacterial-Spot (727).jpg,0,0.2000001054721842,0.19999995235613152,0.20000004810933758,0.1999999714028815,0.19999992265946523
800,23bc9a164a6ce960f44fbad0ab15439d5a372930666e0d034be7312718ec33ee,Bacterial-Spot(752),Bacterial-Spot (728).jpg,0,0.20000016804979615,0.1999999242045952,0.2000000767278423,0.19999995436544488,0.19999987665232138
801,54691ec5013da0c0a2c520ee298f6f19e8beda7e69d2e89dc5d23f31e33aae86,Bacterial-Spot(752),Bacterial-Spot (729).jpg,0,0.20000011621593367,0.19999994761824,0.2000000530843824,0.1999999684198178,0.19999991466162614
802,64f6b2c91d92f78173d3acfc3c7577200ecfe23e6086a6dc612b26e61adaa9e1,Bacterial-Spot(752),Bacterial-Spot (73).jpg,4,0.1999998756680218,0.20000005602530124,0.1999999431993299,0.2000000337948061,0.20000009131254093
803,4d752bf9e04ad8c0c2fecdbd29c55e9ce831c4a480a92ca01d2d2ac115e5ff9c,Bacterial-Spot(752),Bacterial-Spot (730).jpg,0,0.20000011675734586,0.19999994722597347,0.20000005323597847,0.19999996836288125,0.19999991441782086
804,6a5d10065fe8debcd0411caa2e8f3d20cc637af58d1c0242e7f41d1a86812ff8,Bacterial-Spot(752),Bacterial-Spot (731).jpg,0,0.20000003426772286,0.19999998457882803,0.20000001566839176,0.19999999067360114,0.19999997481145615
805,3d14468bfd9667e1f8060ccb3b2859a5912370fe46ebd5698a0a6babae5f1bfb,Bacterial-Spot(752),Bacterial-Spot (732).jpg,0,0.2000000786238248,0.1999999645570217,0.2000000359100678,0.19999997863814029,0.19999994227094545
806,2e352a9c29f0e4ce7aee0a4dc65c859c55efcfbb9fe2737e8d5239ff6d6d2308,Bacterial-Spot(752),Bacterial-Spot (733).jpg,0,0.20000013699215172,0.19999993814714564,0.2000000625053754,0.19999996283889354,0.19999989951643374
807,7ad75063b747a3156303412efcb1c7128f4eb629c5139540260afd5093f82c08,Bacterial-Spot(752),Bacterial-Spot (734).jpg,0,0.20000009913618588,0.19999995526187306,0.20000004524748044,0.19999997309426457,0.199999927260196
808,7426c207fedb2e8eb8296ea18cc63f68eec660c0712c16ebe133a88f0ad0f220,Bacterial-Spot(752),Bacterial-Spot (735).jpg,0,0.20000020525586404,0.19999990734724926,0.2000000936660831,0.19999994430836565,0.1999998494224379
809,4041115d8c3e214c2977b84d8aa9c4c70f6b70ef513392b8748f1884c06c3714,Bacterial-Spot(752),Bacterial-Spot (736).jpg,0,0.2000001358614262,0.19999993870957467,0.2000000620230345,0.19999996311415894,0.1999999002918058
810,71206667697e0a595e619f6e93c8ba89ce0007b7a2583c8d006f1855adab95c7,Bacterial-Spot(752),Bacterial-Spot (737).jpg,0,0.20000013596905358,0.1999999387909759,0.20000006215598992,0.1999999630056325,0.1999999000783481
811,fb5437edf622f49f31ebb0d5f39456cb4d45d4fc99deb59eb1573a3ade60899d,Bacterial-Spot(752),Bacterial-Spot (738).jpg,0,0.20000001348282434,0.19999999401990623,0.20000000622121522,0.19999999627709242,0.1999999899989618
812,2810a3848c859c8b6d3a44a9704faf401ff7fe5d763d87248e9313c5fd390ae0,Bacterial-Spot(752),Bacterial-Spot (739).jpg,4,0.1999999521241196,0.20000002164285852,0.19999997817286497,0.2000000129707164,0.20000003508944048
813,f320566dd539186fc8ebb0879193d824c76a3a6a3b83222cd62bd3d5f04336b8,Bacterial-Spot(752),Bacterial-Spot (74).jpg,4,0.19999986067633957,0.20000006280140595,0.19999993636369331,0.20000003785702106,0.20000010230154017
814,697b71ad27874e2f2eefae90715baed6f07811c7257fff5610519b4915b7954c,Bacterial-Spot(752),Bacterial-Spot (740).jpg,0,0.20000015418622116,0.19999993050706674,0.20000007043012366,0.1999999581000171,0.19999988677657127
815,0ae21af2463838949f64b95a1fcad3e35d4df0b3ba860eefe71738e536974357,Bacterial-Spot(752),Bacterial-Spot (741).jpg,0,0.20000008431133848,0.19999996199494513,0.2000000385089471,0.1999999770917203,0.1999999380930489
816,4ba5488fdfad948b76b780bd79cf73d283c6c9b4917b1cec02dd84d764482888,Bacterial-Spot(752),Bacterial-Spot (742).jpg,0,0.20000003520509246,0.19999998408086345,0.20000001604780138,0.1999999904646634,0.1999999742015793
817,0bcad2fd7d4ac39ef2edfa0ff8389f881e3ef60dae57837e294031e8194fef1f,Bacterial-Spot(752),Bacterial-Spot (743).jpg,0,0.20000000532467552,0.19999999763788798,0.200000002456828,0.19999999853013353,0.199999996050475
818,0ab3b17cb4383619fdf93af1eec944f31eb770a6b8c68a04d11be3281f2dbf48,Bacterial-Spot(752),Bacterial-Spot (744).jpg,0,0.2000001414069031,0.19999993617687228,0.200000064534605,0.19999996162741288,0.19999989625420672
819,cb723b3e7fb1ae76d6f2a6d74edfde1181f36b6ac1cb877d0c5a6e5226168446,Bacterial-Spot(752),Bacterial-Spot (745).jpg,0,0.20000001865037118,0.19999999149118602,0.20000000845308066,0.19999999499473486,0.1999999864106274
820,cfd95dc67fd1f9684a750bdab14d680a79b064a84943191be278a215a9f4e2f5,Bacterial-Spot(752),Bacterial-Spot (746).jpg,0,0.2000001043744084,0.19999995276731802,0.20000004755398254,0.1999999717522717,0.19999992355201926
821,68fb3525d83027327a3c5e8ea4c9cdf6bc37b7bcb12142a1581b2ee85f6cf0d3,Bacterial-Spot(752),Bacterial-Spot (747).jpg,0,0.20000007194599037,0.1999999674587847,0.20000003278993403,0.19999998051848336,0.1999999472868075
822,dabad5d378773a3db5969e83bea9312f173fa71abf0ede8e0096d668144a465d,Bacterial-Spot(752),Bacterial-Spot (748).jpg,0,0.20000000155872594,0.19999999922755388,0.20000000066707588,0.19999999961910014,0.19999999892754425
823,eaee4d40114d65176398b5ff8ecf41c5d8b927b2306906d5bc3218b6ccf66a08,Bacterial-Spot(752),Bacterial-Spot (749).jpg,0,0.20000008777513487,0.1999999603317981,0.20000004002527128,0.19999997621258406,0.19999993565521157
824,c11f9b35d0ddd13941dc5d1b347ffe699c91fec484f9e219e8fb09bd0b596fc7,Bacterial-Spot(752),Bacterial-Spot (75).jpg,4,0.19999989448633537,0.20000004749482794,0.1999999517637615,0.20000002871081587,0.20000007754425916
825,a0115c0362b395921246341a0f89c0ae054c5cb4c367b579ab938c663f982031,Bacterial-Spot(752),Bacterial-Spot (750).jpg,0,0.20000009241978378,0.1999999582303262,0.20000004214170716,0.1999999749552762,0.19999993225290658
826,22c4481fe8a88a59270a1d8cbf95667897db86bc072ce95ed37c35fb2f979bb4,Bacterial-Spot(752),Bacterial-Spot (751).jpg,0,0.2000001178603212,0.1999999467029168,0.2000000537230461,0.199999968079018,0.19999991363469777
827,a56d10c111cde33e00e8fc7e09181d1e65ba118a2e2f731a37b255ecdd3a97d4,Bacterial-Spot(752),Bacterial-Spot (752).jpg,0,0.20000017525769634,0.19999992085324994,0.20000007995401622,0.19999995246930974,0.19999987146572773
828,075040caf879d7d6662f7eaef4f0bf38ba73f2f86357687f9ae75c2f3c1e546e,Bacterial-Spot(752),Bacterial-Spot (76).jpg,4,0.19999990233392265,0.20000004395060153,0.19999995534369872,0.2000000265826074,0.20000007178916968
829,3529c9695c2a3aaa2110cda129343864c4fc23aca054b4cd66d8ab36527cea2b,Bacterial-Spot(752),Bacterial-Spot (77).jpg,0,0.2000001328267311,0.19999993994187043,0.20000006054941488,0.1999999640215241,0.1999999026604596
830,1896c3318135e9910929ec8e9cb24502f00ac37318c19d5f3ce4c37af346e501,Bacterial-Spot(752),Bacterial-Spot (78).jpg,0,0.2000000223338618,0.19999998990366477,0.20000001018225133,0.19999999394923562,0.19999998363098637
831,294e55838b8aec183155f0b52291fcca847d8c9581b7615663789ada6a9c6b9f,Bacterial-Spot(752),Bacterial-Spot (79).jpg,0,0.20000005298900214,0.1999999759935932,0.20000002412479415,0.1999999856757987,0.19999996121681182
832,f2dfa6b333a61235e7cea996d4c3240171f5672db69e0e4eefcaaebea9047766,Bacterial-Spot(752),Bacterial-Spot (8).jpg,0,0.20000015234694432,0.19999993114666087,0.20000006946772378,0.19999995871520498,0.19999988832346594
833,ad1d6cf279246e618644c89ee0a24da5e8731ee860299121d790fc2501c7df2d,Bacterial-Spot(752),Bacterial-Spot (80).jpg,0,0.2000000068136333,0.19999999690909243,0.20000000309951843,0.1999999981605798,0.1999999950171761
834,c7898dc5c504d990009cfeec9118673154b0c92f7e289e73f9d645d0759de5b8,Bacterial-Spot(752),Bacterial-Spot (81).jpg,0,0.20000006617658103,0.19999997005718415,0.2000000301534365,0.1999999820876565,0.1999999515251419
835,5310d97a4b13e55f4a31361867e1f839eecfc28f5de8e90dc48e63791a12c245,Bacterial-Spot(752),Bacterial-Spot (82).jpg,0,0.2000000630443872,0.1999999714564147,0.20000002871466527,0.19999998294649884,0.19999995383803407
836,e0d1583f9ef973c5289a3312fbb226740e5fa4efdfba5f1f29333c88e49df3b3,Bacterial-Spot(752),Bacterial-Spot (83).jpg,0,0.20000006341524781,0.19999997124613686,0.20000002885635368,0.19999998287205395,0.19999995361020773
837,6b54db6afd6729b034b11c7a6849cccf86d998a205157b7ba07e06572930e864,Bacterial-Spot(752),Bacterial-Spot (84).jpg,4,0.19999999328050408,0.20000000291482267,0.19999999685748554,0.20000000189551484,0.20000000505167287
838,e8df0e8600b91c48e9b61b121b8b7f2de8bfbcb3efb5700e259b44de69ece7c7,Bacterial-Spot(752),Bacterial-Spot (85).jpg,0,0.20000002728828245,0.19999998760246512,0.2000000124014658,0.19999999264456697,0.19999998006321965
839,da399ec753f1b93c5994203b43aceccb3cb5dc850634ece1065220c4081690c1,Bacterial-Spot(752),Bacterial-Spot (86).jpg,0,0.20000003024462318,0.199999986309584,0.20000001377733828,0.19999999181700512,0.19999997785144955
840,e0a785cd055c969cafde8e499a6de8c504934ada95f793dd4eecb7abf29b0226,Bacterial-Spot(752),Bacterial-Spot (87).jpg,0,0.2000000456897614,0.19999997933333707,0.20000002082276389,0.19999998762890198,0.1999999665252356
841,34479ee589dafb8a54ecae87f1ba75b80fae4d88ddf4f6486a83f3165278db7d,Bacterial-Spot(752),Bacterial-Spot (88).jpg,4,0.1999999997123144,0.20000000004813442,0.19999999981614905,0.20000000012801078,0.2000000002953913
842,5eb356a19082b7d7f02770751883f55889c544f0a213e24cfa4a58ac3b8399b1,Bacterial-Spot(752),Bacterial-Spot (89).jpg,4,0.19999990492872086,0.2000000428479526,0.199999956572003,0.20000002583666576,0.20000006981465776
843,b4af2d4ad2929ce4d288b8c461e93649867cfe54aa253aa8d0dc73cb6c4dd735,Bacterial-Spot(752),Bacterial-Spot (9).jpg,0,0.20000014724524645,0.19999993349294748,0.20000006716759847,0.1999999600729381,0.19999989202126953
844,5f1a8326e5b3843d308457fb0915a213147fb53ea1a7686c4e93c03727564ff1,Bacterial-Spot(752),Bacterial-Spot (90).jpg,0,0.20000008672568517,0.1999999607094912,0.20000003948443726,0.1999999765558954,0.19999993652449097
845,510258165acc276f2d633acd98c95ea4277a13f6d7b24adccbe4e6e29fd86bff,Bacterial-Spot(752),Bacterial-Spot (91).jpg,0,0.20000005364799012,0.1999999757204435,0.20000002444116977,0.19999998548211764,0.199999960708279
846,11d60bf174f169c86258e882441344897dab820a9f7d5ac26fd13cd33aca393a,Bacterial-Spot(752),Bacterial-Spot (92).jpg,0,0.20000004788168865,0.19999997832252914,0.20000002180924306,0.19999998704720767,0.19999996493933156
847,694b804b9c453b233e9f7c403bec2c3ffc5cddd81ba9a1d83c92e88e8059f8f6,Bacterial-Spot(752),Bacterial-Spot (93).jpg,0,0.2000000296357441,0.19999998657341603,0.20000001349235533,0.19999999198891275,0.19999997830957175
848,39022f4a0e509d345752edded665d5054123b31a029142d58204c05a3f0c830d,Bacterial-Spot(752),Bacterial-Spot (94).jpg,0,0.20000000381302677,0.19999999820335582,0.20000000169144916,0.19999999901151283,0.19999999728065546
849,2267adc4581b7363da8a4be8e77ccc98726a725cab2099e787b92e1e81f2d031,Bacterial-Spot(752),Bacterial-Spot (95).jpg,0,0.20000003871679056,0.1999999824305334,0.20000001760823688,0.19999998955159293,0.19999997169284625
850,ce69282a501eae6ed2b58b68eba8c6fb9db5b94e7c8b249f3cbb154be18d8d7a,Bacterial-Spot(752),Bacterial-Spot (96).jpg,0,0.20000002615019652,0.19999998813761463,0.20000001189590458,0.19999999294025242,0.1999999808760317
851,6a45b2e134fb13f92856fe476a6e79b196c4a3ee90cfbbd99f35f52651d35b6d,Bacterial-Spot(752),Bacterial-Spot (97).jpg,0,0.20000005398519072,0.19999997557375934,0.20000002459863195,0.19999998538731323,0.19999996045510465
852,354b845f3362cb059c51fcb3f83ae907b58027920ab534aabf696b58568e4090,Bacterial-Spot(752),Bacterial-Spot (98).jpg,0,0.20000017019772334,0.19999992309531667,0.20000007761783498,0.19999995386774466,0.19999987522138032
853,f2991e3379e3f836ac09c7b94e3188bdd7c9a555c72fc6e3f831d043ab9fc2d1,Bacterial-Spot(752),Bacterial-Spot (99).jpg,0,0.20000013842471764,0.19999993746139214,0.20000006313389657,0.19999996247416804,0.19999989850582559
854,9a082012b896d7231b3cfe4451dbd2c83ea2427181267ddf08bc82da96db6e30,Downy-Mildew(240),Downy-Mildew (1).jpg,0,0.2000000914290359,0.1999999586086147,0.20000004164517954,0.19999997526628316,0.19999993305088665
855,9d9e40fc1d45879a33ae9240b16922d8a7dd038fab931bc499bfbf2169dd8fa5,Downy-Mildew(240),Downy-Mildew (10).jpg,0,0.2000001068551238,0.19999995165303602,0.20000004868956173,0.19999997107578762,0.19999992172649086
856,8ec1834ce03e934290b362379d5956cfb23bbb783b0ceaff403e056ed1dc529c,Downy-Mildew(240),Downy-Mildew (100).jpg,4,0.1999999530512062,0.2000000211092069,0.19999997852165857,0.20000001278945884,0.20000003452846954
857,9c67b01bce8b8d1d1e904d55177bce998e8ea2146517d175c5e819d57afcde6a,Downy-Mildew(240),Downy-Mildew (101).jpg,4,0.19999998482422995,0.20000000673172633,0.19999999299838614,0.20000000419013864,0.20000001125551897
858,d3cfcc5271f8ce9498953afb3239dea7fcb0b6c8b49e1eeea97c30dc8ac2f865,Downy-Mildew(240),Downy-Mildew (102).jpg,0,0.200000031738892,0.19999998553553527,0.20000001439508888,0.19999999147232694,0.19999997685815687
859,85cdcddf1c5f0289fd910940c86aa0828273885322da01de41a2e189230e09ea,Downy-Mildew(240),Downy-Mildew (103).jpg,0,0.20000009438470306,0.19999995726077738,0.20000004298508717,0.19999997447266266,0.19999993089676982
860,9567c23f00a9044d005be44822ec5b6bf4e4d4e973aa973de6623310306a0349,Downy-Mildew(240),Downy-Mildew (104).jpg,4,0.19999998426677187,0.20000000696081863,0.19999999272943703,0.2000000043551471,0.2000000116878255
861,5b90153bcf63c8c6ea66013f3880934b70d57720f460fa141e110f3ffeeba8eb,Downy-Mildew(240),Downy-Mildew (105).jpg,4,0.19999990286443387,0.2000000437857709,0.19999995563391684,0.2000000263932024,0.20000007132267592
862,37fc1d7283ce4725dbc3293cdee15083dde549f6483be833462e25074cf9191b,Downy-Mildew(240),Downy-Mildew (106).jpg,4,0.19999997001379347,0.20000001346059926,0.19999998626774348,0.20000000818209882,0.20000002207576503
863,21c58031df6699e01e565e27259dee3b7adf6427d8c8afb1ad19666a8455218d,Downy-Mildew(240),Downy-Mildew (107).jpg,4,0.1999999898876072,0.2000000044482218,0.19999999531035667,0.20000000281509261,0.20000000753872166
864,61934ed445e3891d5ca6bf54eba2f464d6a560ea0683de533b328f93c35265c0,Downy-Mildew(240),Downy-Mildew (108).jpg,4,0.19999997259386468,0.20000001223995137,0.19999998740910194,0.20000000751629235,0.2000000202407896
865,cd7aeb09ddb128e78d358940731405284d9010bb2191b39ec35c9d7c892e1d2e,Downy-Mildew(240),Downy-Mildew (109).jpg,0,0.20000001056771913,0.199999995122476,0.20000000475340957,0.19999999719819858,0.1999999923581969
866,ed69001ae5866ad9e57ba250185e08041bc279f4e68fb81e289997f34094c5d8,Downy-Mildew(240),Downy-Mildew (11).jpg,0,0.20000009474615882,0.19999995713497098,0.20000004317406075,0.1999999743516615,0.1999999305931479
867,45c5a1d4516013d9273995256d5e173536a4a38146b5a2d1951b14c9915b8e57,Downy-Mildew(240),Downy-Mildew (110).jpg,4,0.19999997237988834,0.20000001231424497,0.19999998729707583,0.20000000758794106,0.20000002042084974
868,2506bf3f999e14ae2cefd35ff0c3dcf308796610a1f00a29634f38dc05356604,Downy-Mildew(240),Downy-Mildew (111).jpg,4,0.199999987661228,0.20000000549652427,0.19999999432219331,0.2000000033925026,0.20000000912755178
869,6ec2efecf5f92bbf74913ea5849bdfbf4ca3cb75aaf4a29d938388b92f9880fc,Downy-Mildew(240),Downy-Mildew (112).jpg,4,0.19999987808989172,0.20000005492582473,0.19999994430049314,0.20000003314156573,0.2000000895422247
870,6989eba44b8bcd4cd0481df5ea5a5a081d19ce464983b9efb5f11e4ad04b2fc1,Downy-Mildew(240),Downy-Mildew (113).jpg,4,0.19999994808669566,0.20000002335147457,0.19999997625708896,0.20000001413578772,0.20000003816895298
871,4879ccba28e91e3d132fe8f2004c5abeb173bf8456a7b0c17e37ab0ccbafcc98,Downy-Mildew(240),Downy-Mildew (114).jpg,0,0.20000004551899841,0.19999997941417885,0.20000002074726642,0.19999998767293384,0.19999996664662253
872,fd948d91877cb431632dedfe568fc5a2ef9f8835d13af40251b2637f855276cd,Downy-Mildew(240),Downy-Mildew (115).jpg,4,0.19999994245636393,0.20000002591817384,0.19999997370389605,0.2000000156480534,0.20000004227351284
873,e877a47848b7599111703b37f203b89585c2b808e4880c51ccd0c9fdb8817b64,Downy-Mildew(240),Downy-Mildew (116).jpg,4,0.1999999181103209,0.2000000368907744,0.19999996258284397,0.20000002226442795,0.20000006015163269
874,19b6e5e6ce4a26ad70175e58a5b26ebbd04f9259e08ff812e775123ea7febf7f,Downy-Mildew(240),Downy-Mildew (117).jpg,4,0.1999998895690951,0.2000000497800897,0.19999994956205497,0.20000003000485292,0.20000008108390743
875,81aef0b8da20c13164daeb8b8ed0ad7268a13cf813a2087bb923511d444e52ed,Downy-Mildew(240),Downy-Mildew (118).jpg,4,0.19999993810552594,0.2000000278447937,0.1999999716943996,0.20000001685135574,0.20000004550392503
876,8ef14891e998321b08c0e3f9d2d0a8760b7ed80a519de8eeefe773e9145b62cf,Downy-Mildew(240),Downy-Mildew (119).jpg,0,0.2000002008092746,0.19999990944236404,0.20000009169349475,0.1999999454612202,0.19999985259364644
877,c279b79bfa02a4b5c7286229bc37d4c803e71d7a33a91a678be753516d3ffe13,Downy-Mildew(240),Downy-Mildew (12).jpg,0,0.20000010697931359,0.1999999516003784,0.20000004874842658,0.19999997104005146,0.1999999216318301
878,911b42583ec7e911aa7e2a69df2aaa85c18a18ed7f5e8ab2eee5c71934c41e0e,Downy-Mildew(240),Downy-Mildew (120).jpg,0,0.20000009675467093,0.19999995632607423,0.2000000441537206,0.19999997374712533,0.19999992901840893
879,43fce8dffd24903c01ea3522900e23c6a9fa71d1a745098cf0f87b096b76180d,Downy-Mildew(240),Downy-Mildew (121).jpg,0,0.20000004274238092,0.19999998082075637,0.20000001957897434,0.1999999883326855,0.1999999685252028
880,72e84b6965fc5c92facf16b7d8d0af159da2e856cbb735f8cf4c62173ebda010,Downy-Mildew(240),Downy-Mildew (122).jpg,0,0.20000010079760883,0.199999954511297,0.20000004600515167,0.19999997264369604,0.19999992604224656
881,7194a620e1bb16336ba2bf7face10b7dfef19398c944715b5945f4d7f2578b5d,Downy-Mildew(240),Downy-Mildew (123).jpg,4,0.19999995601646697,0.20000001989055113,0.1999999799520768,0.20000001191160408,0.200000032229301
882,bb3aaa5b3d858b26ce8252040bdaf806f09ae5e365570caf4d87628aff0b8dda,Downy-Mildew(240),Downy-Mildew (124).jpg,0,0.20000000886135869,0.19999999598780735,0.20000000403593904,0.1999999976029537,0.19999999351194125
883,3e9854cc015821270301b237685f904d50e20bfad7af3c79900ab64667e9ea55,Downy-Mildew(240),Downy-Mildew (125).jpg,4,0.1999999743107626,0.20000001157786507,0.19999998826530863,0.2000000069813291,0.20000001886473462
884,b3addce0d23776cca7254e55268c1c9e17705a6fc17f6988138242d9b2f0a30c,Downy-Mildew(240),Downy-Mildew (126).jpg,4,0.19999998702340763,0.20000000587548614,0.19999999408982572,0.20000000350995736,0.20000000950132307
885,35da24a4a2d07d47927b89f2dce26398f213860f7895a4ceaaac0e55b6ff754c,Downy-Mildew(240),Downy-Mildew (127).jpg,0,0.20000001635374756,0.19999999268485014,0.20000000750599972,0.1999999955217446,0.19999998793365797
886,8cd24e0a9bcec5fdf8ac17fcd44dc33fd4321bc8f4ebb929c8119e683ae8912d,Downy-Mildew(240),Downy-Mildew (128).jpg,0,0.20000005840372964,0.1999999735533202,0.20000002659827085,0.19999998420427867,0.1999999572404006
887,d5dd519cd41a1b275daa018edf80487335dcd74ec1b9019b50a4441254323ab5,Downy-Mildew(240),Downy-Mildew (129).jpg,0,0.20000005939212764,0.19999997314966103,0.20000002707665104,0.19999998390996793,0.19999995647159236
888,dd21506715e874ccea2bfc6d6ddb2681468f338e9ef17342043da3b6ad2e7e35,Downy-Mildew(240),Downy-Mildew (13).jpg,0,0.2000000471247002,0.19999997868209834,0.20000002147528312,0.19999998724165535,0.19999996547626295
889,07687f842dc20363d46900307d4942bcdfcfd3f60378d145053099a13646bcb0,Downy-Mildew(240),Downy-Mildew (130).jpg,0,0.20000006457649205,0.1999999707915345,0.20000002943095344,0.1999999825142292,0.1999999526867908
890,84ce78419064dafea4d944e909d1b0f0dc9414dcf1cec0d1c6d7a80e4b1d0713,Downy-Mildew(240),Downy-Mildew (131).jpg,4,0.19999999064978335,0.2000000042078918,0.19999999572489613,0.20000000254469402,0.2000000068727348
891,7b189ace1e30d0837142b5a9581ee001631512797834ec7baecaa22e81165e3d,Downy-Mildew(240),Downy-Mildew (132).jpg,0,0.20000007687778054,0.19999996525541505,0.20000003505527647,0.19999997916643425,0.1999999436450936
892,3e3bd4a82f12aaa81897bae8c950f90ae7fd989a30ba38c7c743b3ff57ff227d,Downy-Mildew(240),Downy-Mildew (133).jpg,0,0.20000004190903897,0.19999998104171385,0.20000001909861462,0.1999999886535216,0.19999996929711097
893,e1e85a1e64dc273a7b6a1490019389665e3e38db121130def46a0541d83b155c,Downy-Mildew(240),Downy-Mildew (134).jpg,0,0.20000003502721,0.19999998415786152,0.2000000159644448,0.1999999905149195,0.1999999743355642
894,c8728cfd47903cdf151344fa7677bcfa58d34f78774dc43b7fe6a970912de3e4,Downy-Mildew(240),Downy-Mildew (135).jpg,0,0.20000000182453287,0.19999999912757704,0.20000000080119465,0.19999999953470915,0.1999999987119864
895,93555196963accb3e3c72e703d5b02e194166855e872922355b9a165e67dfcc0,Downy-Mildew(240),Downy-Mildew (136).jpg,4,0.19999997746874604,0.2000000101597662,0.19999998971119481,0.20000000611995009,0.2000000165403429
896,85b7fc7b77de1217b27a4e7de31778048092f8dc4747f898184b0b30b28c261c,Downy-Mildew(240),Downy-Mildew (137).jpg,0,0.20000002839561026,0.1999999871350551,0.20000001292761246,0.1999999923241402,0.1999999792175819
897,f408ff56da6f1cbc1edd28185e73907d2c8561dfdf3e890aecd69a01dc68a614,Downy-Mildew(240),Downy-Mildew (138).jpg,0,0.20000001666293038,0.199999992450604,0.20000000758604464,0.19999999549569691,0.199999987804724
898,9f7647e3115d279cef39d1e9e56817fc4359b3bcbe47276c715480baa84d2f92,Downy-Mildew(240),Downy-Mildew (139).jpg,4,0.19999996551211874,0.20000001551945845,0.1999999842306764,0.20000000938690496,0.20000002535084144
899,fb5891e0aaefe6dd26a45b1760cd6ab02038e01b12ce46b1db09336755286319,Downy-Mildew(240),Downy-Mildew (14).jpg,0,0.20000005390854497,0.19999997554975987,0.20000002452585522,0.1999999854437556,0.19999996057208433
900,de05d9341b37327af2d397ddb3356ef50ada356409281f18beab6fb34deba1b0,Downy-Mildew(240),Downy-Mildew (140).jpg,0,0.20000002222531457,0.1999999899265596,0.2000000101158813,0.19999999399451684,0.19999998373772762
901,f04ddb6e4480f8d721c332e466fd57cfc5e8e5f8bc33c9bbe44f188a43e459ab,Downy-Mildew(240),Downy-Mildew (141).jpg,0,0.2000000496262716,0.1999999775367451,0.2000000226064539,0.19999998657265777,0.19999996365787157
902,ac2db1b50f6f4beab52051a87621eb51047f9056c22a3f242e7b4ae4f6e20b66,Downy-Mildew(240),Downy-Mildew (142).jpg,4,0.19999997737708358,0.2000000102394522,0.1999999896940444,0.2000000061214053,0.2000000165680145
903,6f9a6a1707ef06071ee4084b81cbd12d23c3cd125cc9a179c3a5899592262eac,Downy-Mildew(240),Downy-Mildew (143).jpg,4,0.19999994108366942,0.20000002659545332,0.19999997311461185,0.2000000159852086,0.20000004322105677
904,b7cd47d39e2d2b31461e48f4fef13ea34bfe855afa5cf3a4eeb1995bd0f849f6,Downy-Mildew(240),Downy-Mildew (144).jpg,4,0.19999998670241267,0.20000000597980547,0.19999999391715764,0.2000000036217484,0.20000000977887583
905,11f50e62df2512789e8a3e568333517fa526526c2c1fa3106e74f275f944a6ea,Downy-Mildew(240),Downy-Mildew (145).jpg,0,0.20000011158599737,0.19999994961707532,0.20000005091266493,0.199999969731443,0.19999991815281934
906,d86c758e673470eb14eeb6109997ddbab2d91fcdbae403f7eb4f2b14b5d84d5e,Downy-Mildew(240),Downy-Mildew (146).jpg,0,0.20000003639689556,0.19999998356341164,0.20000001660481,0.1999999901287442,0.1999999733061385
907,327a96f46d0ab1b87b45032ebfcc12461b015169f7dd7a0544565f519bf6e094,Downy-Mildew(240),Downy-Mildew (147).jpg,4,0.1999999835606649,0.20000000738362483,0.19999999247418282,0.20000000448296437,0.200000012098563
908,780615c1a2b15ec80ba6f8f69ad11501dce79cbb45edd4cd83c6f13c15cf3ef2,Downy-Mildew(240),Downy-Mildew (148).jpg,0,0.20000003147578957,0.19999998583614328,0.20000001439220275,0.19999999143252778,0.19999997686333662
909,04c1d2be9ec1f5a6cc362d5bdd126bba9f5ed4e79d6bd5cd0b3d5c08d109ba88,Downy-Mildew(240),Downy-Mildew (149).jpg,4,0.19999992093592422,0.200000035677266,0.19999996391215277,0.20000002145973078,0.20000005801492618
910,c0ba228964effcf1be635732a541806ce6142e4efa2d5af48a38775597abe34d,Downy-Mildew(240),Downy-Mildew (15).jpg,0,0.20000003379847328,0.19999998466404453,0.20000001537246537,0.19999999087791542,0.19999997528710137
911,ffc2862e13b82cf42b1601e457fd300cd7d8c8071038a379dcce3acd4bc36671,Downy-Mildew(240),Downy-Mildew (150).jpg,0,0.20000001182905203,0.1999999946309746,0.2000000053791283,0.19999999680827074,0.1999999913525743
912,b344070749655e5ff2e49755a401eab197522d393bf35b2d0fc32d50e01bd6e8,Downy-Mildew(240),Downy-Mildew (151).jpg,4,0.1999998726180495,0.20000005752839445,0.19999994188886092,0.20000003454498602,0.2000000934197091
913,59a6d70e7a277702fa23179bc1a2902a64d928eab271ce08abd7691ab2044ca0,Downy-Mildew(240),Downy-Mildew (152).jpg,4,0.19999999148453118,0.2000000038402305,0.199999996111719,0.2000000023126402,0.20000000625087905
914,b1aad0a933b747bc85acd988aa5cc3c38cbeba6e7272204216bdcc6cc83c3b8b,Downy-Mildew(240),Downy-Mildew (153).jpg,4,0.19999999722513864,0.2000000012481303,0.1999999987308649,0.20000000075561192,0.20000000204025428
915,0dd4f08e5104367e408df1113e4dc69041683d8707892a8d0c8f06bf82baea09,Downy-Mildew(240),Downy-Mildew (154).jpg,0,0.20000000276866797,0.19999999870110177,0.20000000123179856,0.19999999927865816,0.19999999801977347
916,6ecc21a244c4f2c9d505bb9a27a4ad46dac905185a3f2d36e3a92d2d10650bc8,Downy-Mildew(240),Downy-Mildew (155).jpg,0,0.20000000121061715,0.1999999994235861,0.20000000053314795,0.1999999996896259,0.19999999914302288
917,83c92cd26203382b648d04fe7d0e705d1f38207b0c55b87d97986830cb5de467,Downy-Mildew(240),Downy-Mildew (156).jpg,0,0.20000000805788404,0.1999999963459674,0.2000000036663544,0.19999999782381098,0.19999999410598315
918,75e053945d418e473a32a361bc58b7b38fdbf1c0d69a71dcea341378ff8a1b4a,Downy-Mildew(240),Downy-Mildew (157).jpg,4,0.19999996701380846,0.20000001483212432,0.19999998490984897,0.20000000898531756,0.20000002425890076
919,ca68f74f4de5710b07ae813f405b33ae7b06a27d2e5498ea5c62ed36d03a7082,Downy-Mildew(240),Downy-Mildew (158).jpg,4,0.19999997277564374,0.20000001228286302,0.19999998757252896,0.20000000739045262,0.20000001997851152
920,0fb520e7e34b3039ed7efa268f98261f98e4067f965a76f982fa908e438d0b8d,Downy-Mildew(240),Downy-Mildew (159).jpg,4,0.19999994969460244,0.2000000226834708,0.19999997702797329,0.20000001366407327,0.2000000369298802
921,95ceed77ecc09ef77b6a85e36708f5c9771f4bab0578b5f028382ae60a78ebbe,Downy-Mildew(240),Downy-Mildew (16).jpg,0,0.20000000330425238,0.19999999848369848,0.2000000014919101,0.19999999911856833,0.1999999976015707
922,b40ae69ec64ee6667d0e34b6718707ad8e45efa18abc0777cdb4a2854ea343d8,Downy-Mildew(240),Downy-Mildew (160).jpg,0,0.20000006827046593,0.19999996915935764,0.2000000311393995,0.19999998149048553,0.19999994994029144
923,e9a603b59891a11fd6a7284e784abfaa57d71ef79e7016ba4d40ba464fa062e5,Downy-Mildew(240),Downy-Mildew (161).jpg,0,0.2000000002214549,0.1999999998806103,0.2000000000885379,0.19999999995171475,0.19999999985768213
924,72cfa6851bd474067718fc81809bca79c5496cef36a929a8057fc9f5dc27c747,Downy-Mildew(240),Downy-Mildew (162).jpg,0,0.20000007198357045,0.1999999674561176,0.2000000328162924,0.1999999804994741,0.1999999472445455
925,39d903fad601c7480b23ed5c34f7fda24e88a91d540d1a0caf3a87bcefcea655,Downy-Mildew(240),Downy-Mildew (163).jpg,0,0.20000000772787843,0.19999999649572042,0.20000000351629216,0.1999999979128635,0.19999999434724555
926,e5db4d1079289b6256eddfa57595138700a80d0a2cd99fa94b4447c5cc04c2da,Downy-Mildew(240),Downy-Mildew (164).jpg,4,0.19999997831968508,0.20000000976432478,0.19999999009215216,0.20000000589591752,0.20000001592792044
927,81c0878fda67d5cc678ade9bb06e18238973c3d7410e9ba5dda2418a2a7bf252,Downy-Mildew(240),Downy-Mildew (165).jpg,4,0.19999998510452974,0.20000000668690757,0.19999999317883016,0.20000000406401622,0.20000001096571635
928,0995ce01f742ef96e5d7336c75d28a7435bae5304fc4b37dfebd6d20a326f5ff,Downy-Mildew(240),Downy-Mildew (166).jpg,0,0.20000010926664158,0.19999995065359671,0.20000004984743766,0.19999997036705516,0.1999999198652689
929,6e47bd7bf4aad587b827f0fae88a09cb249f5f34ab7aeb380aa6392f6e7dedba,Downy-Mildew(240),Downy-Mildew (167).jpg,4,0.19999995304363455,0.20000002116931315,0.1999999785547433,0.20000001275681137,0.2000000344754976
930,f6de8ccaf4bf10c84e4aaedba5f5e0c8e26f69e7a4596626c63c716751f64743,Downy-Mildew(240),Downy-Mildew (168).jpg,0,0.2000000279624664,0.1999999873245705,0.20000001272609289,0.19999999244528666,0.19999997954158344
931,ec815a56d0bf4a00d90ef91c1ba37c71f39c46c4d3e813c243493f967cd786ce,Downy-Mildew(240),Downy-Mildew (169).jpg,0,0.20000000967869622,0.19999999559157433,0.20000000439132135,0.1999999973978657,0.19999999294054238
932,3535569367060161411c5dd07455c29570190f81eec79ca4f595cdd3d315e80a,Downy-Mildew(240),Downy-Mildew (17).jpg,0,0.20000006315995572,0.19999997138511635,0.2000000287550438,0.1999999829267364,0.1999999537731477
933,d0d0918b38a2212b349088deb2ae5cf6583d5ae2edbb86fca4e0b5323f634dfb,Downy-Mildew(240),Downy-Mildew (170).jpg,4,0.19999999860586748,0.20000000059773307,0.19999999934344456,0.2000000003974672,0.2000000010554878
934,b85f2108808de7ca5809ecf3a077aa384468ff4e7c618cf641d589f2e2258ed7,Downy-Mildew(240),Downy-Mildew (171).jpg,4,0.1999999907739328,0.20000000414181573,0.19999999577512614,0.20000000251716438,0.2000000067919609
935,0dc43a1d87afe18b588cfe9b134abf2a2e0d82237e8c651a2db211abcf8fbcf3,Downy-Mildew(240),Downy-Mildew (172).jpg,0,0.20000001543402823,0.19999999298992013,0.20000000701533382,0.19999999583853723,0.19999998872218064
936,a11112cf7db6c9288b433d3ae678beaeb9801d8b6d7d494d26c0ab7583c50e54,Downy-Mildew(240),Downy-Mildew (173).jpg,4,0.1999999891133751,0.20000000492167141,0.1999999950367939,0.20000000294915413,0.20000000797900544
937,cf818ab1285b20568634a22f2c79e477478301b2eb7cf969571f0a6ac1c56624,Downy-Mildew(240),Downy-Mildew (174).jpg,0,0.2000000059750012,0.19999999729799367,0.2000000027235463,0.19999999838171606,0.19999999562174284
938,e6af6dddf1082195834c83ffed4dc3abd5a6c09bf218b830c4ae51b85c5b6478,Downy-Mildew(240),Downy-Mildew (175).jpg,0,0.20000004845272107,0.19999997808141326,0.2000000220805029,0.19999998688192683,0.199999964503436
939,be8bacd48c29e3c038c7539b8ecc7d6011e78586253f7b8522a1d43d98f7badc,Downy-Mildew(240),Downy-Mildew (176).jpg,4,0.19999996391676314,0.2000000162855269,0.1999999835322686,0.20000000979180735,0.20000002647363394
940,aac706eed49b501493d3dd241dd9f15877e542eecf45fa884642782b5bd3a808,Downy-Mildew(240),Downy-Mildew (177).jpg,0,0.20000002357575938,0.19999998933804777,0.20000001074577156,0.19999999361526077,0.1999999827251605
941,c7d285f19011ce50580ebd2819de8c1692ddcc8f7be884f2b3029aff70ba7b40,Downy-Mildew(240),Downy-Mildew (178).jpg,0,0.200000069678834,0.1999999685266552,0.20000003178405742,0.19999998110648345,0.1999999489039699
942,0efbd1fb497564f2500ee63f1fc945ebbe55f5ca41fe7185f321a1f951e97bdf,Downy-Mildew(240),Downy-Mildew (179).jpg,0,0.200000209294504,0.1999999054911373,0.20000009548756634,0.19999994323266548,0.19999984649412686
943,515ce66656b856f68f167fbf188d964cc97fbb5dda59147dcc92fb3668db2e21,Downy-Mildew(240),Downy-Mildew (18).jpg,0,0.20000009280975575,0.1999999580153199,0.20000004229447615,0.19999997487317553,0.19999993200727276
944,f3b6818ad7667825c091d463790510ab1f6937a07b00333a2fd3040f1cbd8912,Downy-Mildew(240),Downy-Mildew (180).jpg,0,0.2000001779892384,0.19999991962123437,0.20000008120105225,0.19999995172735024,0.19999986946112489
945,df61348bf8df6092b265655252894c43ce4456af553e87c3687409e10e91479a,Downy-Mildew(240),Downy-Mildew (181).jpg,0,0.20000023283965795,0.19999989488309686,0.200000106245105,0.19999993683185796,0.19999982920028236
946,627dc0a5a7c7c1dc224a2b18aa973ab3a44f5c348a9d784bf619a7cb27ca5acb,Downy-Mildew(240),Downy-Mildew (182).jpg,0,0.20000031786019343,0.19999985649949184,0.2000001450398345,0.19999991376672394,0.1999997668337564
947,03107b547cd29e052e5dae3794dee125cebdd673052b74cf666f5855c8d5c340,Downy-Mildew(240),Downy-Mildew (183).jpg,0,0.20000017927791566,0.19999991910634135,0.20000008183235635,0.1999999513371432,0.19999986844624346
948,29363d239e0d5ebc5d379c73a83d47fc11c0dcfab3b33a75ccec5c813fd3d912,Downy-Mildew(240),Downy-Mildew (184).jpg,0,0.200000186729402,0.1999999157268371,0.2000000852223856,0.19999994932487203,0.1999998629965032
949,481c7063196c695f96c9aa06957b6863d774c0be743a4c6e471264984ae73417,Downy-Mildew(240),Downy-Mildew (185).jpg,0,0.20000011240156582,0.1999999492424823,0.20000005128057072,0.19999996951395563,0.1999999175614256
950,8e782576d383c25f3dfec50b8690eb04e86378f206926f97d4328452da4f3cc0,Downy-Mildew(240),Downy-Mildew (186).jpg,0,0.20000021538401358,0.19999990274376975,0.20000009826733153,0.19999994157950798,0.19999984202537718
951,5916abc9b051ddf7a3e5a3f89025353759f6e0433872234a46b3511bea7c52ae,Downy-Mildew(240),Downy-Mildew (187).jpg,0,0.20000024106205536,0.19999989116748113,0.20000010999479942,0.19999993460336585,0.19999982317229834
952,aa0640d148b53ccb5fe59344d278558bba2c95129d666186d952c4d951f3137d,Downy-Mildew(240),Downy-Mildew (188).jpg,0,0.2000000599723437,0.1999999729039993,0.20000002735194444,0.19999998374265288,0.19999995602905962
953,2423f0c367c31838686343f945ef9a88c21316f61df90414695d97430068aac1,Downy-Mildew(240),Downy-Mildew (189).jpg,0,0.20000017880992538,0.19999991933281516,0.20000008162854008,0.1999999514546765,0.19999986877404277
954,04bd58a37724c2d62a097862f954cecc614e3eee41cb46c96b2daf5e2704de89,Downy-Mildew(240),Downy-Mildew (19).jpg,0,0.20000006794774933,0.19999996924614258,0.2000000309542187,0.19999998161412094,0.1999999502377685
955,1c1e2357e940bcfe20fcd804f99d92b869b2dbd4209e071ce78cb7baead7634d,Downy-Mildew(240),Downy-Mildew (190).jpg,0,0.20000027879031282,0.19999987416528786,0.2000001272298857,0.19999992434942565,0.19999979546508795
956,60a71a4daab0beb6a26c91da8217c7a279b99476d86d65c67741a99453006d5c,Downy-Mildew(240),Downy-Mildew (191).jpg,0,0.20000023234822958,0.19999989508742125,0.2000001060095993,0.1999999369758839,0.1999998295788661
957,8b6c3fd66b5f141f923b9df87296541712f9f543897bb9ce1c3478a475c3ba03,Downy-Mildew(240),Downy-Mildew (192).jpg,0,0.2000002358576475,0.19999989350100786,0.20000010760968323,0.19999993602516633,0.19999982700649496
958,a56b209bbda9e858ffe4cd298e061092620baf450244c701554bcfe61c2108de,Downy-Mildew(240),Downy-Mildew (193).jpg,0,0.20000014709824496,0.1999999335845002,0.20000006711668258,0.1999999600973953,0.19999989210317692
959,bbd9c777c7267f0d1c6d8e54a1088060ee8e08e33d88bbe349498a446f2b119a,Downy-Mildew(240),Downy-Mildew (194).jpg,0,0.20000015471512697,0.1999999301183938,0.20000007057459376,0.19999995804762175,0.19999988654426362
960,656404221056e8d0b4c72b1d907ae29f8d436f70ab8b89da286f014400f4f5e0,Downy-Mildew(240),Downy-Mildew (195).jpg,0,0.20000007220045404,0.1999999674359102,0.20000003296555147,0.19999998039345715,0.19999994700462725
961,b6bf21e6000cc1f93859a7630aff7ae730c342cccc9a5c446ded0e08da931463,Downy-Mildew(240),Downy-Mildew (196).jpg,0,0.2000001323420355,0.19999994023220735,0.20000006037426568,0.19999996410915594,0.1999999029423356
962,23540c63110716fccaf86db118d27a7951a11892b86aa99ac8ae432238997718,Downy-Mildew(240),Downy-Mildew (197).jpg,0,0.20000021801350873,0.1999999015765625,0.2000000994801135,0.19999994085411602,0.19999984007569935
963,283295c09dbab14392423c7670124c323809643a4cc6ec21e3d19cbe684186a3,Downy-Mildew(240),Downy-Mildew (198).jpg,0,0.2000001092434506,0.19999995067315207,0.20000004984274675,0.19999997036781234,0.1999999198728383
964,df79c6fd3b688ec4bb3d0f87d374e2bdc5304e11c5d428ba251a8dc2af706b88,Downy-Mildew(240),Downy-Mildew (199).jpg,0,0.20000014549841433,0.1999999342728173,0.2000000663647955,0.1999999605520166,0.19999989331195628
965,0d25ea093a63c0689b20846009300485e1ab91c099f25f4937086138bb0f8193,Downy-Mildew(240),Downy-Mildew (2).jpg,0,0.20000008494223,0.19999996155074043,0.20000003869388994,0.19999997701764968,0.19999993779548986
966,bbc1c1ba7049a59ef3ebdbf84e7d938cb65d7904e681ed651c2a2b713cc93794,Downy-Mildew(240),Downy-Mildew (20).jpg,4,0.19999992843780467,0.2000000322549689,0.19999996731242825,0.2000000194463161,0.20000005254848213
967,68780c69d01b0aa0a45f7496c9fcd0b9046452d3153fb76cede686cd718732d1,Downy-Mildew(240),Downy-Mildew (200).jpg,0,0.20000023316017063,0.19999989475165533,0.2000001063999801,0.19999993673684874,0.19999982895134508
968,1a687982bed5e0760374a7a18d52671e482ab418c99843fcd6906ad6979b2457,Downy-Mildew(240),Downy-Mildew (201).jpg,0,0.20000013509741302,0.19999993902474444,0.2000000616551159,0.19999996333940523,0.19999990088332142
969,b94d5f2f0007cfd04541ce0540cb836d3b58c4bdc881fbbb2e00f3eeae3f2dfe,Downy-Mildew(240),Downy-Mildew (202).jpg,0,0.2000001211980802,0.19999994524269446,0.200000055276048,0.19999996714506052,0.1999999111381169
970,5826bbeccc253c13b1873cf6f9911a1834b9978b379ab4333853f69c6790735e,Downy-Mildew(240),Downy-Mildew (203).jpg,0,0.20000016476501875,0.19999992562041735,0.20000007518559487,0.19999995529732725,0.19999987913164174
971,40dd6544053d6081c7504e9e826b38a77883e9167501f6cfc3736cd058159d00,Downy-Mildew(240),Downy-Mildew (204).jpg,0,0.20000028233037156,0.19999987251078147,0.20000012880886645,0.19999992342330283,0.19999979292667766
972,d93979b25079688800f4551ae1faa44f37186cca28b68f64bde63d15c69f4b16,Downy-Mildew(240),Downy-Mildew (205).jpg,0,0.20000019723369108,0.19999991094871863,0.2000000899924122,0.19999994649703765,0.19999985532814052
973,30a8d42353d8e573326ae4c07b4e60d89912919c4d6490bde5dd305973e0bbee,Downy-Mildew(240),Downy-Mildew (206).jpg,0,0.2000002772714195,0.1999998748263676,0.20000012652095064,0.19999992477641876,0.19999979660484346
974,e2b323b183e32b998790ad4c45037b486fc226ba237e581f045f775a5dd467c6,Downy-Mildew(240),Downy-Mildew (207).jpg,0,0.20000023114457807,0.1999998956804436,0.20000010549235733,0.1999999372720511,0.19999983041056996
975,7e839eefd4eabe672b11ae8816f975660e218cf3aa5bea3bcc46d84fb9918e82,Downy-Mildew(240),Downy-Mildew (208).jpg,0,0.20000010065801527,0.1999999547076683,0.20000004602756163,0.1999999726003265,0.1999999260064282
976,b3cccd80ebd6d992aabc70dc4519b907930cef3dff499fab325233113d3a9bec,Downy-Mildew(240),Downy-Mildew (209).jpg,0,0.20000012740838752,0.1999999425161611,0.20000005815967778,0.19999996541312168,0.19999990650265184
977,40da00703b7ca1266572663e30fa758c07a4023a9929333ecb2bbed18f47a9d7,Downy-Mildew(240),Downy-Mildew (21).jpg,4,0.19999995870668205,0.2000000185686598,0.19999998111053477,0.20000001124748198,0.20000003036664132
978,93e84505b9d490ea3581027bbe525aacf0424f44eb947c8456077d821b812ca9,Downy-Mildew(240),Downy-Mildew (210).jpg,0,0.20000023381222604,0.19999989444981078,0.20000010669263538,0.19999993656445209,0.19999982848087583
979,5160070a4765869fadaef4d10ce54f112e32e2cdac535a1c7a80a39bd8285158,Downy-Mildew(240),Downy-Mildew (211).jpg,0,0.20000024548115097,0.19999988918960937,0.2000001120222558,0.19999993339406263,0.19999981991292118
980,2de94faf739b41a3271c75442546be6149680e2309affe05129c2d38e2c6fb5d,Downy-Mildew(240),Downy-Mildew (212).jpg,0,0.20000013520195048,0.19999993895119692,0.20000006168577705,0.19999996332709152,0.19999990083398397
981,af4e37a3f29e52a622c5b60131f8e2a6729ddf63d139d07804c85bf531205541,Downy-Mildew(240),Downy-Mildew (213).jpg,0,0.20000014999172028,0.19999993232014313,0.20000006846397975,0.19999995928675685,0.19999988993739992
982,9711a470b5acd2330df1b54841e34e69857d778c47eddd6b0a3f9d2b0677aac7,Downy-Mildew(240),Downy-Mildew (214).jpg,0,0.2000000850672668,0.1999999615470848,0.20000003878494732,0.19999997695147367,0.19999993764922738
983,423c323596e988457e5ed44891b05a08eb1de9e5f4699edec4a454c7ff36ce35,Downy-Mildew(240),Downy-Mildew (215).jpg,0,0.20000023492153474,0.19999989395629125,0.20000010720352424,0.19999993625915033,0.19999982765949945
984,37c26e63b8504fa88d41db8a1bc6013b67c9a8b924a2b74d3d71c54ac43bd4fc,Downy-Mildew(240),Downy-Mildew (216).jpg,4,0.19999998206401004,0.20000000812628083,0.19999999183453743,0.2000000048482396,0.20000001312693208
985,6785f8bea293ff18714eb44c7319e21e1684e1eaf34a430e9d9c0dee68d472f7,Downy-Mildew(240),Downy-Mildew (217).jpg,0,0.20000016355140665,0.19999992613255166,0.20000007460877436,0.19999995564847817,0.1999998800587892
986,2b5bd6de7802984d0c52beff4282e606067158094e31ef1f83659281186b866d,Downy-Mildew(240),Downy-Mildew (218).jpg,0,0.2000000418719536,0.19999998109412123,0.2000000191046814,0.1999999886418311,0.1999999692874127
987,b80cbcb4e4aece0b0cd1044d3b7c111e3ee203e1d8f4b6017641cf672e924f14,Downy-Mildew(240),Downy-Mildew (219).jpg,0,0.20000023051408622,0.1999998959525774,0.2000001051966339,0.19999993745084033,0.1999998308858622
988,cc23e1ace07d53fdcceb12059bded907a1a15e2a7652d701d8b5bc3b420a5c5a,Downy-Mildew(240),Downy-Mildew (22).jpg,0,0.2000000285914745,0.19999998705113062,0.20000001301993037,0.19999999226840837,0.19999997906905606
989,2cddd520cb1ddfa6a5b1820470cfbf00e9f860a71f75da8cc9c3779447e19613,Downy-Mildew(240),Downy-Mildew (220).jpg,0,0.20000004631437085,0.19999997917299026,0.20000002118633647,0.1999999873853014,0.19999996594100106
990,d2fec175bf95629ab42d4174264fa77757547748a9220fcf2567d09c94661e34,Downy-Mildew(240),Downy-Mildew (221).jpg,0,0.20000023031292866,0.19999989603698537,0.20000010510071398,0.19999993750925513,0.19999983104011687
991,38ed20ed607036c32249fef94befc6d2ad5b970268f93bdc078a9c09074fbd24,Downy-Mildew(240),Downy-Mildew (222).jpg,0,0.20000023066134404,0.19999989587333,0.2000001052555673,0.1999999374186548,0.19999983079110398
992,c65161d3dda39e43f8c42524bd39ad5df87677b38d7b366cec2238cf5598ffcf,Downy-Mildew(240),Downy-Mildew (223).jpg,0,0.2000002212399872,0.19999990015353625,0.2000001009738927,0.19999993995822135,0.19999983767436258
993,338626519f30c9c835b621c8009f98913c800a5dad38276723802d047d76d7ea,Downy-Mildew(240),Downy-Mildew (224).jpg,0,0.20000015400075055,0.19999993045119044,0.20000007025525415,0.19999995823522002,0.1999998870575849
994,9c8ba65d2c65b8906665a181ed906b7f01bd097a1de4c3b49ab35b9c0dc4c78b,Downy-Mildew(240),Downy-Mildew (225).jpg,0,0.20000001610760607,0.199999992733069,0.20000000735318776,0.19999999562696963,0.19999998817916748
995,81a52fa77590cc2af1c931ff2d6e2578c237e1f363860231b3f78f602d752d40,Downy-Mildew(240),Downy-Mildew (226).jpg,4,0.19999991482029336,0.20000003842498532,0.19999996111307117,0.20000002312690732,0.2000000625147428
996,77dcaaec4dac1c3e1df5d834b7c370c7c80c5aae8411afa1f0136f6db8744a76,Downy-Mildew(240),Downy-Mildew (227).jpg,4,0.1999999254394311,0.20000003365022792,0.19999996597101843,0.2000000202341572,0.20000005470516546
997,56d08145471a24760cceab6931ac05141a2ce4e400e9b41d516c674362a7973c,Downy-Mildew(240),Downy-Mildew (228).jpg,4,0.19999995354022215,0.20000002100642897,0.19999997882091494,0.20000001258478453,0.20000003404764932
998,af817257855c57845d69b7fb7921da96fe2b4d1d65e54cbe0f05a7d26a689480,Downy-Mildew(240),Downy-Mildew (229).jpg,0,0.20000005991760955,0.1999999729465884,0.20000002733859867,0.19999998374680142,0.19999995605040194
999,9f2e36c2c4173ef6f0ccdd0be84e832de40906908215ab2c5fcae48987afa0f8,Downy-Mildew(240),Downy-Mildew (23).jpg,0,0.2000000458739637,0.19999997928562488,0.2000000209296497,0.1999999875571239,0.19999996635363787
1000,b1c92c1d30bdfc7240658e7cbb4886dbab3308935ed37d1a729969a6accc23b1,Downy-Mildew(240),Downy-Mildew (230).jpg,4,0.19999992547204457,0.20000003371613248,0.19999996603787018,0.2000000201761685,0.20000005459778433
1001,639d5490d8fda38704deeb444672273696b9215a39c6b52d50ff73ac52e70708,Downy-Mildew(240),Downy-Mildew (231).jpg,0,0.20000005739862597,0.19999997417889243,0.20000002625051488,0.19999998437192815,0.19999995780003854
1002,c3cf843c82f0a6c5c8b0ba2de5fdf1f50da62dba7b552e134ca454b994ce1910,Downy-Mildew(240),Downy-Mildew (232).jpg,4,0.19999995321311728,0.20000002115502047,0.1999999786722448,0.20000001267284828,0.20000003428676907
1003,20bce13bd9e558e160bb72eb47444947a293f6309967bcfae144864a9be89f29,Downy-Mildew(240),Downy-Mildew (233).jpg,4,0.19999990217183672,0.20000004433064292,0.1999999554675755,0.20000002643922501,0.20000007159071975
1004,37e71e6fb1fc7903e32a7c680433ff6f7a9af1bc02d2d25fc28563d340e2b5ce,Downy-Mildew(240),Downy-Mildew (234).jpg,4,0.19999994081194028,0.20000002676152218,0.19999997301866268,0.2000000160324753,0.20000004337539962
1005,c2dd31782a73b593f1d2cfd24720d1e431f54f771304224f10f9dc2346c611ad,Downy-Mildew(240),Downy-Mildew (235).jpg,4,0.19999991954226967,0.20000003639489305,0.19999996333334263,0.20000002178403645,0.20000005894545822
1006,3acdb4ed775b5e7b12284acb0f8a198809b54dfd58eac95d14be5f15190265bb,Downy-Mildew(240),Downy-Mildew (236).jpg,4,0.19999998445972358,0.20000000721389768,0.19999999303692906,0.20000000409525806,0.2000000111941916
1007,d63ed516e3bc0f9fa0b9df9bae206c5504bfa3db1d11dca9e6781190eed8fc95,Downy-Mildew(240),Downy-Mildew (237).jpg,0,0.20000007070641013,0.1999999681749801,0.20000003232543026,0.1999999807593108,0.19999994803386867
1008,c351bffa12233bb49352c2a1bcc8ae255553d0b15e7700df69f5f367c5c7019c,Downy-Mildew(240),Downy-Mildew (238).jpg,4,0.1999999533993854,0.20000002124595023,0.19999997887025364,0.20000001251582564,0.20000003396858515
1009,16c1cfd8d7b39cacd221fe66431f8b62350e044ad13262e6ccb26ea7341425e4,Downy-Mildew(240),Downy-Mildew (239).jpg,0,0.200000245070328,0.19999988942899427,0.20000011186959998,0.19999993347259315,0.19999982015848458
1010,6f8f7ee14cfa7865f1f88be6219e9d5b5f441361f9028017f7c0ad9b7e98b438,Downy-Mildew(240),Downy-Mildew (24).jpg,0,0.20000001104739135,0.19999999497908058,0.20000000501937973,0.19999999702318497,0.1999999919309634
1011,4a1dd21ca21ed116f6617d38a960b65ced638513008d48913a564ab03dab1929,Downy-Mildew(240),Downy-Mildew (240).jpg,0,0.20000001667415757,0.19999999268375926,0.2000000077449631,0.1999999953474863,0.1999999875496339
1012,43042355de5b8e61ac680d99c7652add940cf130a05d3b8b6ea70c70ce9ce22c,Downy-Mildew(240),Downy-Mildew (25).jpg,4,0.19999998882849443,0.2000000050537491,0.19999999490910694,0.20000000302425774,0.2000000081843918
1013,bf3a7bba577710e1ded6941367dd8c6ac0ece0c4845c6d7f991b983be23d3b6a,Downy-Mildew(240),Downy-Mildew (26).jpg,0,0.2000001057739621,0.19999995226849596,0.20000004827832213,0.19999997129122157,0.19999992238799824
1014,7125b45aeffde9fbb61d73e617dceffd4da7420783b434ece37ddea597530bc3,Downy-Mildew(240),Downy-Mildew (27).jpg,0,0.2000000696281818,0.1999999685034041,0.20000003173125602,0.19999998114833686,0.1999999489888212
1015,2e437064a8f085f257ad6ac28d7f242de3bfbe93ebb82aeb0a1ef636be6507c3,Downy-Mildew(240),Downy-Mildew (28).jpg,0,0.2000000811082744,0.19999996337341108,0.20000003700373145,0.1999999780017048,0.19999994051287823
1016,32e5d52aeb545f58583c52eda99138cb30df1b1afe5654106820fb991f820cf9,Downy-Mildew(240),Downy-Mildew (29).jpg,0,0.2000000506964247,0.19999997707743503,0.20000002311018844,0.19999998626774965,0.19999996284820215
1017,61062d11e349e741fdddf75ef885dbba83205a76893e4c081dabc459944e22df,Downy-Mildew(240),Downy-Mildew (3).jpg,4,0.19999996311603843,0.20000001667936354,0.19999998318779205,0.2000000099891976,0.2000000270276084
1018,7a2c1826107033369530f1c0b8a6541fdf6dd59855da9db3f339d0c772a0e475,Downy-Mildew(240),Downy-Mildew (30).jpg,4,0.19999997953618642,0.20000000924085734,0.19999999066382568,0.200000005550095,0.2000000150090355
1019,0063ab3704a1770eb499b76da220cfb3f64da46c0f8e52cac7d9681428eaeba2,Downy-Mildew(240),Downy-Mildew (31).jpg,4,0.19999991483609905,0.20000003844670894,0.19999996113887533,0.2000000231050627,0.200000062473254
1020,66b9431f9b4427ed77aa1c85f7c138567633ed14bd8046f9e5146be67ccfff4c,Downy-Mildew(240),Downy-Mildew (32).jpg,0,0.20000004605189553,0.19999997920203233,0.200000021008754,0.19999998751087683,0.1999999662264412
1021,7f42b3d86b773e1ae065b3a400346abb09dba2acfaeace13850bfa9d3564fe1c,Downy-Mildew(240),Downy-Mildew (33).jpg,1,0.19999999998223525,0.20000000001590032,0.19999999999706303,0.19999999999988344,0.20000000000491808
1022,9cf6af36699b422e05b2564e1aa5c3f9b10ac71a7d44e7100bb91b3ba3ae7da2,Downy-Mildew(240),Downy-Mildew (34).jpg,4,0.19999994592212822,0.2000000244276805,0.19999997533308006,0.2000000146623095,0.2000000396548017
1023,9f58490614d7cb9eb6a66608e9f4402fc4916b1070840521f5ae4664550bb9ff,Downy-Mildew(240),Downy-Mildew (35).jpg,4,0.19999995162757692,0.20000002184540616,0.1999999779323173,0.20000001311856264,0.20000003547613698
1024,eae3c3d1b609707a134e4ab1b2b2bd667d9ee7a929bd01fbe5824524d1958c0b,Downy-Mildew(240),Downy-Mildew (36).jpg,0,0.20000001294441416,0.19999999422172599,0.20000000594896034,0.19999999644809346,0.19999999043680605
1025,e29e3b624dd8c1e06b7b3d9d9e1a6c447e9524968cf0b8cab7a86342106eeb1b,Downy-Mildew(240),Downy-Mildew (37).jpg,0,0.2000000224825313,0.1999999898295115,0.2000000102456237,0.1999999939130543,0.19999998352927925
1026,d347470d11464fbacd332f4c7d45413b3020d55b8c4f1ef2a84dc245228e6b16,Downy-Mildew(240),Downy-Mildew (38).jpg,0,0.20000008868074054,0.1999999599369863,0.20000004044749234,0.19999997595811578,0.19999993497666504
1027,6b58cfa15190cf3e8c95dc5c5d07bd813c705a69b6ae95cac180c80df0b8597b,Downy-Mildew(240),Downy-Mildew (39).jpg,0,0.2000000438967545,0.19999998015840942,0.20000002001464745,0.19999998810564673,0.19999996782454182
1028,c4041d6084d67693c264553bff93634d9930471d430ae59c5746fb74bfc72e4f,Downy-Mildew(240),Downy-Mildew (4).jpg,0,0.2000000978308628,0.1999999557512864,0.2000000445873689,0.1999999735092845,0.19999992832119728
1029,e1957d0c1b716e723a44eb0f60ca497a09b2738df1677f349b1175adde5966ef,Downy-Mildew(240),Downy-Mildew (40).jpg,0,0.20000009779139197,0.19999995583203722,0.20000004460997214,0.19999997348152806,0.19999992828507046
1030,4591e7df3b0f93b90dd283c51e775ae7463e3547e63cc39b5c31ac3031c50636,Downy-Mildew(240),Downy-Mildew (41).jpg,0,0.2000000532184013,0.19999997594257155,0.2000000242633162,0.19999998558135773,0.1999999609943534
1031,9a18bc39941f2cf4245451ad88440acae3bdffa977cb9aea04a32fae5190f7df,Downy-Mildew(240),Downy-Mildew (42).jpg,4,0.19999995554734445,0.20000002005707007,0.19999997970882136,0.20000001206651388,0.2000000326202501
1032,b818689704e68a6b3743f1e3aeec94270e837c3aeccf7c2868a60bb19ee32152,Downy-Mildew(240),Downy-Mildew (43).jpg,0,0.20000006648723595,0.19999996995005132,0.2000000303164589,0.19999998198293792,0.19999995126331588
1033,8d6bc9561b7cb46fbd6e550a0740c0c17f46da734a55ac5d9479467d8eafcee5,Downy-Mildew(240),Downy-Mildew (44).jpg,4,0.19999998614532943,0.20000000625453812,0.19999999367802102,0.20000000375872076,0.2000000101633906
1034,ce601e327a9293da71c393ba081443d9139483ac9ca95d328165809e3900e59a,Downy-Mildew(240),Downy-Mildew (45).jpg,0,0.2000000869225108,0.19999996070682197,0.20000003962975194,0.19999997644971587,0.19999993629119947
1035,dc9943773f3952798c6d79722ffc4b6c1073356bd9c83d824409eb40aa816c46,Downy-Mildew(240),Downy-Mildew (46).jpg,0,0.20000012404595105,0.1999999439372804,0.20000005656286865,0.1999999663844089,0.19999990906949106
1036,e1e3f5ff3f7c47c5009dda515ddb6d228ddd39a7c2b2e58a85a88c293b1464c1,Downy-Mildew(240),Downy-Mildew (47).jpg,4,0.19999998311436548,0.2000000076055984,0.19999999228382118,0.2000000045914996,0.2000000124047153
1037,56005f1c1a2a23081f2481989388d77d52272c62b98e0cabe83e30f0da4c433e,Downy-Mildew(240),Downy-Mildew (48).jpg,0,0.2000001046548624,0.19999995272497598,0.2000000477362709,0.19999997162472158,0.19999992325916913
1038,7416d51b115a76f4d2fb2692bb9bfd7841fb169ce0486ab4b8dd6a47f34b6270,Downy-Mildew(240),Downy-Mildew (49).jpg,0,0.20000007818176713,0.19999996469750028,0.2000000356701245,0.19999997879379075,0.19999994265681728
1039,6ca5bcfacf4b7f5e766392a381a5f4d4ac7ca0775f988ab187af2407c0796fbe,Downy-Mildew(240),Downy-Mildew (5).jpg,0,0.20000009492147158,0.19999995704031504,0.20000004324409698,0.19999997431352498,0.19999993048059148
1040,154be311b5560dd9933f7a47e4ecc0bfd1d24b2747e0ba2ffea46c0ac0d4448a,Downy-Mildew(240),Downy-Mildew (50).jpg,0,0.20000002004491596,0.1999999909322223,0.2000000091349042,0.1999999945733399,0.19999998531461757
1041,571147fc370cf3479c5a31b6184e9408e98b9d34d4dcff3c5ef2818eb7260287,Downy-Mildew(240),Downy-Mildew (51).jpg,0,0.20000002634541203,0.19999998809265337,0.20000001201292655,0.19999999286111522,0.19999998068789276
1042,a6d5befead8acfcc039379e2a51ea80be5b13e7b604e778fbd62e51fff171336,Downy-Mildew(240),Downy-Mildew (52).jpg,4,0.19999993213481512,0.200000030669387,0.19999996905324596,0.20000001839258727,0.2000000497499647
1043,255ecafb743c9fb79506a5b19385c60f195f0fac57ec15941b66b4825a672f4d,Downy-Mildew(240),Downy-Mildew (53).jpg,4,0.1999999145171489,0.20000003858737822,0.19999996099139136,0.20000002319394541,0.20000006271013596
1044,b66b4d3ebc6eaf054649753157abacdd8ab973032d6b82ed3e1836f85bcb503c,Downy-Mildew(240),Downy-Mildew (54).jpg,0,0.20000000840426665,0.19999999619785747,0.20000000382974792,0.19999999772483967,0.1999999938432883
1045,277b76deb2985979633fb6f11fcd8e3c63d3346f07806f83e4bc2d6520640ae1,Downy-Mildew(240),Downy-Mildew (55).jpg,0,0.20000003849656606,0.1999999825827696,0.2000000175418585,0.1999999895790618,0.19999997179974396
1046,f6b38d03017edea3bb0e8c92e8443b8f07f360df783215cc214c3d1633b3a857,Downy-Mildew(240),Downy-Mildew (56).jpg,4,0.1999999803869588,0.2000000088019539,0.1999999910167459,0.20000000535285542,0.20000001444148607
1047,dcaa828dd7935102f4cf00b55fface14773b87acbc7cd5b6453e6704a76e138a,Downy-Mildew(240),Downy-Mildew (57).jpg,0,0.2000000638488223,0.19999997115067986,0.20000002911872672,0.19999998269304786,0.19999995318872327
1048,9eefd9be93a4cbdf71a42e1710549c502dd8a73afb68bb30238c115dc3703420,Downy-Mildew(240),Downy-Mildew (58).jpg,4,0.19999997767807212,0.20000001002441428,0.19999998978035882,0.20000000608805157,0.20000001642910317
1049,72dcfe89acf0f172913eca284e0ea9498ace2b41d1b1c96c00a39ca9034602c9,Downy-Mildew(240),Downy-Mildew (59).jpg,0,0.2000000270177033,0.1999999877591614,0.2000000123002762,0.19999999269689173,0.19999998022596743
1050,f97e5043a8f8ea74c4211cea85bcf362dbaec0cbd8da08e758826e03d14f222d,Downy-Mildew(240),Downy-Mildew (6).jpg,0,0.2000001569275114,0.19999992898004162,0.20000007149429788,0.19999995753285563,0.1999998850652934
1051,2bdd6daf060798195e01bb1c24e78a54f2237330637069f5308e149c5a367783,Downy-Mildew(240),Downy-Mildew (60).jpg,0,0.20000012076838297,0.19999994547782726,0.2000000551065922,0.1999999672365452,0.19999991141065238
1052,268b09fa31d86fb86f3beef92789a1af664eac77ad87f887fbe9cb23cd8c58d6,Downy-Mildew(240),Downy-Mildew (61).jpg,0,0.20000004622612502,0.19999997908484454,0.20000002106348358,0.19999998748727213,0.19999996613827467
1053,55696454c7508a8a9d9997dd60de99186b3ac17b26d02338ed938d102c702b0a,Downy-Mildew(240),Downy-Mildew (62).jpg,0,0.20000003286094475,0.19999998517991316,0.20000001500443546,0.19999999107567878,0.19999997587902785
1054,8e23d123ad150b72cba4049b7278db40df2114c042a7e59c2c20be7d93cc3541,Downy-Mildew(240),Downy-Mildew (63).jpg,0,0.20000003783463813,0.19999998287468806,0.2000000172353072,0.1999999897628355,0.19999997229253105
1055,6fa8f7789a232c59037e0110d42e9ec0813bd063697c52ece2efbcd48a8d701d,Downy-Mildew(240),Downy-Mildew (64).jpg,4,0.19999987738030559,0.2000000553829662,0.1999999440648795,0.20000003325038448,0.20000008992146426
1056,146047d3d0880e12af4a2861d0ab41397dcdd9bad167eb172b7da45bcba590c7,Downy-Mildew(240),Downy-Mildew (65).jpg,4,0.1999998926747444,0.200000048442524,0.1999999510208397,0.20000002912284337,0.20000007873904854
1057,c84bc327d02869d8ca448cddb8315657f98fb5e70d6c9d32a5451bbd151d08f2,Downy-Mildew(240),Downy-Mildew (66).jpg,4,0.19999997148695692,0.20000001289394867,0.1999999870033854,0.20000000772219287,0.2000000208935163
1058,86cb1ccf5544262b59a819ca758b3d8ae9faa6bf5ae8cb0860a8bfc3bc805d14,Downy-Mildew(240),Downy-Mildew (67).jpg,4,0.1999999761314224,0.2000000107223396,0.1999999890744229,0.200000006507864,0.20000001756395105
1059,b7c1a388b10cd3d10096430c69c90a704447f92b9ca9cfe981e6915f35786f77,Downy-Mildew(240),Downy-Mildew (68).jpg,0,0.20000000707042823,0.1999999967773526,0.2000000032065631,0.19999999810048547,0.19999999484517056
1060,70e9da8060af1537ce59d38566cadb7ab3371fec0a905049e8ec255846df663e,Downy-Mildew(240),Downy-Mildew (69).jpg,4,0.19999990211664373,0.20000004421019824,0.19999995534859308,0.20000002654281077,0.20000007178175425
1061,4b8b3d0b4a3e27dcc0a3c1bf99b037eb8df17c96eaf4d9f10d960af10f4e090c,Downy-Mildew(240),Downy-Mildew (7).jpg,0,0.20000014547015568,0.19999993423745877,0.20000006632093403,0.19999996058928454,0.19999989338216703
1062,0c5879c24eb8a0712fdf8eda6eed9d84384ad35adce800f709b41bb856ed0edc,Downy-Mildew(240),Downy-Mildew (70).jpg,0,0.20000002766521346,0.1999999874838837,0.2000000126067201,0.19999999251073855,0.19999997973344438
1063,cf4823f405e22f26fd8df5527c08c5b890710cc8e46025cfc73e22eaa600533e,Downy-Mildew(240),Downy-Mildew (71).jpg,4,0.1999999793562761,0.2000000092652321,0.1999999905451524,0.20000000563374187,0.2000000151995974
1064,c2b7e5ff1a7668f7c39c7d621cdde2221d509564996ba0d797fae6ec63336978,Downy-Mildew(240),Downy-Mildew (72).jpg,4,0.19999998417088785,0.20000000714196328,0.1999999927745545,0.20000000429689693,0.2000000116156975
1065,dc57bd5a597b20462d111cb20fc267991e8acf8878eb51ddb5b5c9eb815e7324,Downy-Mildew(240),Downy-Mildew (73).jpg,4,0.19999995627451786,0.20000001972744225,0.19999998003986638,0.20000001187019978,0.20000003208797384
1066,58fc201d1ce49e0dbf0a5007bc744faeb171e5821786ff0ed6ec3a421911b73a,Downy-Mildew(240),Downy-Mildew (74).jpg,4,0.1999999623850707,0.20000001693355848,0.19999998280536968,0.2000000102338597,0.20000002764214128
1067,c14d1cf2a3589954d0816d7341a8d6984bdd81ddf758e3a71a652a023aadfa32,Downy-Mildew(240),Downy-Mildew (75).jpg,4,0.19999997754475912,0.20000001016413343,0.1999999897708545,0.2000000060757836,0.20000001644446924
1068,5e53c1ec9a9ee9372374f163bce599cef3c54b8fd55285ca6fd9e266da537b06,Downy-Mildew(240),Downy-Mildew (76).jpg,4,0.1999999979209086,0.20000000089674747,0.1999999990243407,0.20000000058955275,0.20000000156845035
1069,5761dfd129478637352ff2073e54635ba4db4da0e8b87b967805d924d78398b0,Downy-Mildew(240),Downy-Mildew (77).jpg,4,0.19999997587707533,0.2000000108811547,0.19999998898667737,0.20000000655009573,0.20000001770499673
1070,1cce0a3294ca026de8a7e084ab4133fcc151d140de1e7a72fc57782210c92653,Downy-Mildew(240),Downy-Mildew (78).jpg,4,0.1999999258009737,0.20000003345252776,0.19999996611385323,0.20000002015738697,0.2000000544752582
1071,dac86bbb711d5a4ca2670b2e6879efd9db792f963538ad25d9bcc8c842f704a9,Downy-Mildew(240),Downy-Mildew (79).jpg,4,0.19999992542267078,0.20000003360098456,0.19999996592684438,0.20000002027362368,0.20000005477587657
1072,c14559f878ec55276f6f1c6feb8b4a7e87a907ebc66bcfdec6bfaf00b1c968b0,Downy-Mildew(240),Downy-Mildew (8).jpg,0,0.2000000176892634,0.19999999188903259,0.200000007991205,0.19999999527747078,0.19999998715302833
1073,f0ae6ec69b5ed343e0ea45e3805b1eb425f95e4123d0b65c0e19458fa3e29873,Downy-Mildew(240),Downy-Mildew (80).jpg,0,0.2000000141804652,0.19999999353657288,0.20000000643097546,0.19999999619070374,0.19999998966128277
1074,b5d44e7c2665ece2ec693a3ee79399665a6902269671d604d05b9f96b62bfdc7,Downy-Mildew(240),Downy-Mildew (81).jpg,0,0.2000000622629212,0.19999997187864685,0.20000002840281136,0.19999998311585765,0.199999954339763
1075,053463762eb114c277420c006fb95f0c8df9afedd2bad3daf2b253260ce23c0e,Downy-Mildew(240),Downy-Mildew (82).JPG,4,0.1999998541744034,0.20000006594441685,0.19999993353070986,0.20000003949418316,0.20000010685628677
1076,40f1b20a14dd2e3f3617bdd3025470f394318f00fc5ccee2e7e9034cf54fd2da,Downy-Mildew(240),Downy-Mildew (83).JPG,4,0.19999976598469718,0.20000010573688204,0.19999989327561274,0.20000006343243493,0.20000017157037306
1077,95abd87645705f6371feaaece27013b5a0f95ebe1017be91eaf1060ea3996a63,Downy-Mildew(240),Downy-Mildew (84).JPG,4,0.1999997982426963,0.20000009114440714,0.19999990797609937,0.20000005469893253,0.2000001479378647
1078,9af9c0fdc11e3c654758ad260f0de51bc5701c3c80564b65af2ebb4ab66dcd5f,Downy-Mildew(240),Downy-Mildew (85).JPG,4,0.19999983489950035,0.20000007458494473,0.19999992469599098,0.2000000447605433,0.20000012105902057
1079,fe4cff011f3e074645093aeb35bd9b28f0bb109f7fd3afda246559edd895570b,Downy-Mildew(240),Downy-Mildew (86).JPG,4,0.199999912917175,0.20000003943057854,0.19999996033905654,0.2000000235538468,0.20000006375934315
1080,fe7c891e43247963487fa68e2a4c903408ffa21c08d2750ca81c386359f100b1,Downy-Mildew(240),Downy-Mildew (87).JPG,4,0.19999986708373813,0.2000000600444259,0.19999993937491145,0.20000003603572097,0.2000000974612035
1081,97f4ed7610f9635eeb0b8e0970f72a48d30e8650e2dec935af27f61064272e64,Downy-Mildew(240),Downy-Mildew (88).JPG,4,0.19999983161568757,0.20000007609556422,0.19999992321570506,0.20000004563430643,0.20000012343873672
1082,94094cb4e7ec30cf85caed3fc5bb1b1cd5ddbc0d148e829759d0d7357015d3c1,Downy-Mildew(240),Downy-Mildew (89).JPG,0,0.20000003234089003,0.19999998543658104,0.20000001478119467,0.19999999120353454,0.1999999762377997
1083,b444c2140656e33f6a6b3f1144c7b5aba6271f64c56f92271ad9fedd36dbee33,Downy-Mildew(240),Downy-Mildew (9).jpg,0,0.20000000008115237,0.19999999991684203,0.20000000000705484,0.20000000000633578,0.1999999999886151
1084,cddd5cc7b1b31f686a72b7a29953ee9dda284ae72b0378f2b9dc0f4d244c9e67,Downy-Mildew(240),Downy-Mildew (90).JPG,4,0.19999985019634978,0.20000006768650194,0.1999999316807662,0.2000000406061255,0.2000001098302565
1085,2c0d24506c482e15c8e92fa67cee3469fe48421715fa8b85f8449294166193a7,Downy-Mildew(240),Downy-Mildew (91).JPG,4,0.19999982978609515,0.2000000769249733,0.19999992238303121,0.2000000461285161,0.20000012477738416
1086,ee06be071166f894254c6e870bdc36af26645e837104356e6e46468c436f00ca,Downy-Mildew(240),Downy-Mildew (92).JPG,4,0.19999987838841587,0.20000005493715184,0.19999994453090283,0.20000003297111524,0.20000008917241413
1087,dd55b36c86ef259fcd4a8395faec9db7bc5e88a9335fd914c398d89900fa0ce3,Downy-Mildew(240),Downy-Mildew (93).JPG,4,0.19999979601443688,0.20000009216252523,0.19999990696717812,0.2000000552959977,0.2000001495598621
1088,f79fda196268c79e9a6a09f556eefe839d5a38ca9ff4e224864a3b3beb13e731,Downy-Mildew(240),Downy-Mildew (94).JPG,4,0.1999998322842805,0.2000000757769064,0.19999992350994023,0.20000004546316233,0.2000001229657106
1089,4d7d9faec909317fb4be9c770c778e47a948d08fdb8f51c490b305678586e11a,Downy-Mildew(240),Downy-Mildew (95).JPG,4,0.19999986653658797,0.2000000602774261,0.1999999391161425,0.2000000361927197,0.20000009787712386
1090,0d41ebfcdf025871c495f4f2b1ab44981c26c17550299db7a5d6260e38ce5b4d,Downy-Mildew(240),Downy-Mildew (96).jpg,4,0.199999955623755,0.20000001993514752,0.19999997968744757,0.20000001209944845,0.20000003265420155
1091,56d71ff109f7fc2e2e5c9ed0a1cce934bd0bc8a24bc27953da75a66d7a0e359a,Downy-Mildew(240),Downy-Mildew (97).jpg,0,0.20000009762729268,0.1999999558030882,0.20000004446863948,0.19999997358901356,0.19999992851196624
1092,48dfddd929fa6db3c3e0ae8d2d608737d0e46da0aa8d1b55547ee7a40dd8f511,Downy-Mildew(240),Downy-Mildew (98).jpg,4,0.19999999975161353,0.20000000001565646,0.19999999982449204,0.2000000001262709,0.20000000028196716
1093,12d67aa993302a328f4cd8d12e88e42c79de96688e993f0686fb01367a1655b3,Downy-Mildew(240),Downy-Mildew (99).jpg,4,0.19999999823717984,0.20000000067838847,0.19999999911993138,0.20000000054990058,0.20000000141459964
1094,7b696c83106ee8b49c76131cc099568ac685c8df1fcffa012f4bc63d5986ab72,Healthy-Leaf(1399),Healthy-Leaf (1).jpg,4,0.1999999563895413,0.20000001967262876,0.1999999800904595,0.20000001184076807,0.20000003200660232
1095,fd06463e1fb869145c28afc106fde4dd3cd678da3de385b2b8587c793e9151dd,Healthy-Leaf(1399),Healthy-Leaf (10).jpg,0,0.2000000747323275,0.19999996626280447,0.20000003410126735,0.1999999797247522,0.1999999451788485
1096,20e15ca66aa00bd4b001fc8d553f90e1415e84d5c831a945533f18e9035bfba4,Healthy-Leaf(1399),Healthy-Leaf (100).jpg,0,0.20000013379352463,0.1999999394831857,0.20000006097630513,0.19999996377289542,0.19999990197408918
1097,81a84d48596ce27e2070da9c98f2ea79e526355ad3905e1aa9812263bcb043bd,Healthy-Leaf(1399),Healthy-Leaf (1000).JPG,4,0.19999980593256894,0.20000008764240437,0.19999991146543805,0.20000005263122828,0.20000014232836047
1098,01489f046347e459f2baf1698804f857e6feb56052530855568db1d36a4c9d01,Healthy-Leaf(1399),Healthy-Leaf (1001).JPG,4,0.1999998111501839,0.20000008531765465,0.19999991386605562,0.20000005119693484,0.200000138469171
1099,7079d52f524fe9bcb691cc89099a25d20d2dccd9698027af407672ba29cc6215,Healthy-Leaf(1399),Healthy-Leaf (1002).JPG,4,0.19999978184370143,0.20000009856436238,0.19999990050383915,0.2000000591378367,0.2000001599502605
1100,42c89a2cf31e2db934f54c84efbc66ba3f801dc807123062bf4641a3ce4bcf04,Healthy-Leaf(1399),Healthy-Leaf (1003).JPG,4,0.1999997886922751,0.20000009542022018,0.19999990359513342,0.20000005731177725,0.20000015498059406
1101,d2ad4c466b8b985d6a08c20c41ae5aba2aa9a8823c06cea396355928dc50d39e,Healthy-Leaf(1399),Healthy-Leaf (1004).JPG,4,0.1999997202129547,0.20000012637066752,0.19999987237041056,0.20000007586846097,0.2000002051775062
1102,8e3eaaad938da9ebd423b64161fe42c068780e8e3ee359c8264bc65cc3512f3f,Healthy-Leaf(1399),Healthy-Leaf (1005).JPG,4,0.19999977582086587,0.20000010127007908,0.1999998977470374,0.2000000607799859,0.20000016438203172
1103,51a43a00ace00253531e2d3b22db82371c8a866752b5c6dd54b534501fdddde7,Healthy-Leaf(1399),Healthy-Leaf (1006).JPG,4,0.19999973931218318,0.20000011776093551,0.19999988109366865,0.2000000706791667,0.20000019115404588
1104,35c3e9d16c9aba6451dfd9f8162dbdf842938457adf52a5c34d1cb0c4accb71c,Healthy-Leaf(1399),Healthy-Leaf (1007).JPG,4,0.19999973509916535,0.20000011969758866,0.19999987919358278,0.20000007180101026,0.200000194208653
1105,8567c4e3272fe6575101bc4d54fd164340311d36095c58ec19011a14f1f79c95,Healthy-Leaf(1399),Healthy-Leaf (1008).JPG,4,0.1999997630959656,0.20000010698773985,0.19999989192312684,0.2000000642486396,0.2000001737445282
1106,1888c55cedb149199f767f63ab0d333f465e34184fdf33c27138a3a430e3385b,Healthy-Leaf(1399),Healthy-Leaf (1009).JPG,4,0.19999979585266178,0.20000009224137677,0.19999990689711938,0.20000005533640583,0.20000014967243604
1107,7aa577cf8439dbb875a40cc22667125b5faf6bfe78ddc9045d0d43efb3c71c98,Healthy-Leaf(1399),Healthy-Leaf (101).jpg,0,0.20000008761282317,0.1999999603697941,0.20000003992843624,0.19999997627815957,0.199999935810787
1108,b26bc52754dbfbccaf9896b1b75ec73151097f3b95ef66397704362760bb29be,Healthy-Leaf(1399),Healthy-Leaf (1010).JPG,4,0.19999976396789212,0.200000106657983,0.19999989236217638,0.20000006397312448,0.20000017303882417
1109,8b508f11b30b3168c6571f74d0439d2dbc1dcece4fa6caf97e1529765bf6aa58,Healthy-Leaf(1399),Healthy-Leaf (1011).JPG,4,0.19999975773354003,0.2000001094915255,0.19999988952969663,0.20000006565289988,0.20000017759233787
1110,f86d298c5ab6778afbbec5c4619137ccf214fa985413ba341e8af4891e786bbf,Healthy-Leaf(1399),Healthy-Leaf (1012).jpg,0,0.20000011956068836,0.19999994611098929,0.20000005461223602,0.19999996751047786,0.19999991220560853
1111,db17b2a53e7e390aec2400bf3c27f2bf5f808d2f4250c1c714543905a38a16a5,Healthy-Leaf(1399),Healthy-Leaf (1013).jpg,0,0.20000014045683612,0.19999993673146022,0.20000006418226712,0.1999999618086499,0.19999989682078653
1112,00d9abb12735b0d0b81553468aeda36a5f7b562c772781d1f3668a12d9508227,Healthy-Leaf(1399),Healthy-Leaf (1014).jpg,0,0.2000000503156872,0.1999999773274763,0.20000002298704156,0.19999998632376786,0.1999999630460271
1113,27ea7fcca555c91ce66a4abc7cb0abaf70c8f548789e86730403905810d53817,Healthy-Leaf(1399),Healthy-Leaf (1015).jpg,0,0.20000026802461984,0.19999987918458625,0.20000012242029233,0.19999992717320586,0.19999980319729566
1114,23d04b24ca3f620b2900780ccb8d2f6ccc059cabb95904add89e79161b07c24f,Healthy-Leaf(1399),Healthy-Leaf (1016).jpg,0,0.20000014809111957,0.19999993322713147,0.2000000676284731,0.19999995977262333,0.19999989128065251
1115,2af57f2502f6eed99f3ab7f3e2f1f96ccedc3439b89ebdfdfac6d19691cddb33,Healthy-Leaf(1399),Healthy-Leaf (1017).jpg,0,0.20000017750643403,0.19999991995323474,0.20000008105452366,0.1999999517889228,0.19999986969688466
1116,10d2c586d8e7b34051a213d73440c081a67b42b78f443e9bb708531db815c53e,Healthy-Leaf(1399),Healthy-Leaf (1018).jpg,0,0.20000027953096303,0.19999987393134178,0.20000012763263994,0.19999992408712225,0.19999979481793298
1117,6635148717e126d6f5462cfdcbff085acbd09df25aaafaf4346a71f7742eb46e,Healthy-Leaf(1399),Healthy-Leaf (1019).jpg,0,0.20000004511109734,0.19999997977479816,0.20000002067510936,0.19999998767609511,0.19999996676290002
1118,6a92186f2b4df77f52828b2aa0eebeef0615e4274b68a304596d873462677ade,Healthy-Leaf(1399),Healthy-Leaf (102).jpg,0,0.20000006007657467,0.19999997276849868,0.20000002734263989,0.19999998376876055,0.1999999560435263
1119,b0ec38f605fa9389a2f7d82282890c06527acfedfd0326843c8f24ae48e03982,Healthy-Leaf(1399),Healthy-Leaf (1020).jpg,0,0.20000002636854233,0.1999999881448362,0.20000001206371484,0.19999999281639155,0.19999998060651514
1120,42427443b69e74bb4e17408ef71a9349a74ca785828bd96e1f6609d435780543,Healthy-Leaf(1399),Healthy-Leaf (1021).jpg,0,0.20000008561341492,0.19999996140099724,0.2000000390991172,0.19999997674209194,0.1999999371443786
1121,de44a4887f654e91b6669bb0c4b1fb34fe0e1e3c2e567704c491ae05d374d240,Healthy-Leaf(1399),Healthy-Leaf (1022).jpg,0,0.20000003002593816,0.19999998645211722,0.2000000137058685,0.1999999918496064,0.19999997796646984
1122,0dae84379ca3cff7eca14817b6f9b8ac468e5569882dc2739aa20624ec129deb,Healthy-Leaf(1399),Healthy-Leaf (1023).jpg,4,0.1999998615518836,0.2000000626006108,0.19999993688874523,0.20000003750089404,0.20000010145786634
1123,444e7ce9c31892e61533867c8812bcfcc92b44c717b42e5a1ef6f0f72b31c7b7,Healthy-Leaf(1399),Healthy-Leaf (1024).jpg,0,0.20000010338336954,0.19999995340021678,0.20000004722145595,0.1999999719080865,0.19999992408687114
1124,2eba911c1de63a0e840fd42e803fad086690096f4f8dad3e8ae0c5aed39359f5,Healthy-Leaf(1399),Healthy-Leaf (1025).jpg,0,0.2000000475197802,0.19999997863615473,0.2000000217411243,0.199999987053612,0.19999996504932874
1125,d85be618ee8f6f165a657eb0cbafe379a65a8a53d5c23ee1f3181de613ecea55,Healthy-Leaf(1399),Healthy-Leaf (1026).jpg,0,0.2000001305302168,0.19999994116263498,0.20000005962028922,0.19999996453233157,0.19999990415452745
1126,bf88e37971a9877456f2ed566cc67486e5763c3d0f03a0e24f9b97457114a0a9,Healthy-Leaf(1399),Healthy-Leaf (1027).jpg,4,0.19999996282895058,0.20000001694672123,0.19999998314582285,0.20000000998353087,0.20000002709497441
1127,041397c88fc026825ca2318314513e7a52f7fb9ffe7f0ec9e703dc60aec37e7e,Healthy-Leaf(1399),Healthy-Leaf (1028).jpg,0,0.20000009215284728,0.1999999584431334,0.2000000420793996,0.1999999749713061,0.19999993235331362
1128,e65378e9135386ab2fbf4237268288a388b95eb8ae31fd12dd51d45afded13e1,Healthy-Leaf(1399),Healthy-Leaf (1029).jpg,0,0.20000007596161962,0.1999999657285721,0.20000003467567698,0.19999997937866204,0.1999999442554693
1129,189e867d6c6a8761f7c9b338d2706283980fe0d430649506eab8ca7bf8bc63eb,Healthy-Leaf(1399),Healthy-Leaf (103).jpg,4,0.19999983520797993,0.20000007434496622,0.19999992477197762,0.20000004473870342,0.2000001209363729
1130,1274e90b8d6e2ca1d57bf4193ebde3fc4f1853abeb5c1b9d7886d7adb459e51d,Healthy-Leaf(1399),Healthy-Leaf (1030).jpg,0,0.2000002383359992,0.19999989253098685,0.2000001088366606,0.19999993526203388,0.19999982503431937
1131,3fe18875bf5471c52f08fba36ffd6848d8115192936eb2983d33c9cf3b4091b0,Healthy-Leaf(1399),Healthy-Leaf (1031).jpg,0,0.20000013324062624,0.19999993990027753,0.20000006083204702,0.19999996382062343,0.1999999022064259
1132,1ef5a26f4a5d634b55c05dd894985fe75179ece83d7b82561fd542b5fb2b4074,Healthy-Leaf(1399),Healthy-Leaf (1032).jpg,0,0.20000008092660387,0.1999999634934859,0.20000003694536392,0.19999997802783642,0.19999994060670992
1133,1dff4e9bb2da4d5e2e67bbbe2366ccf110d4b9d14a009a0b326e2d256edcfbb9,Healthy-Leaf(1399),Healthy-Leaf (1033).jpg,0,0.20000014665660928,0.19999993385812112,0.20000006696315809,0.1999999601719634,0.19999989235014823
1134,9bc6698f78527ff35ee05733849fa9c3a37d674c79c6f52790f1599f8617b912,Healthy-Leaf(1399),Healthy-Leaf (1034).jpg,0,0.20000010388775674,0.19999995312917618,0.20000004742361283,0.19999997179755158,0.19999992376190273
1135,f4951ef62fb1993f3f380c94712356ace7e3d8977c406ca9326c2d89ec88fe95,Healthy-Leaf(1399),Healthy-Leaf (1035).jpg,0,0.20000007178484555,0.19999996766099637,0.200000032800029,0.19999998048329373,0.19999994727083528
1136,bae6e2d8d69cae2aabd6f9b3572ac9ee9dc0b3f2471fdaaf4d091d99c2a75ee7,Healthy-Leaf(1399),Healthy-Leaf (1036).jpg,4,0.19999995706665208,0.20000001943054097,0.1999999804404536,0.20000001161829922,0.2000000314440542
1137,eedde74de9e5abeb1f6de496dd8637b239931206cdc794c37d343937b441516e,Healthy-Leaf(1399),Healthy-Leaf (1037).jpg,0,0.20000003870477726,0.19999998259621155,0.20000001770616896,0.19999998945715192,0.19999997153569019
1138,1fde66460f1dcad613dbce4ce60d8ad38043e0bfcb2f03f4a0315c9abc14b978,Healthy-Leaf(1399),Healthy-Leaf (1038).jpg,4,0.19999988042779934,0.2000000540644472,0.19999994549247196,0.2000000323888892,0.20000008762639235
1139,e7b126e43fc52f4c7e49c6f84e41a6c3dde354e0fda2878fca469841aead5232,Healthy-Leaf(1399),Healthy-Leaf (1039).jpg,0,0.20000008001405664,0.19999996393827146,0.20000003655019108,0.19999997825540136,0.19999994124207943
1140,738fc5d2ec7b0234d8936f5b4e2a5d0b0714ce3a2ac6e03375d519f44a41d76c,Healthy-Leaf(1399),Healthy-Leaf (104).jpg,4,0.1999999122679488,0.20000003956056794,0.199999959937743,0.2000000238298558,0.20000006440388443
1141,eddd1ba7358ba59aa2ad27e13e95b912577e5c7ef360bf10eb8b06b305dbdbb5,Healthy-Leaf(1399),Healthy-Leaf (1040).jpg,0,0.2000000301468188,0.19999998641735853,0.20000001377397106,0.1999999918050143,0.19999997785683737
1142,38ebbe2ff0e050eb234a3094b4eafbb92ccda359072f44e288687bc1e89d3cd1,Healthy-Leaf(1399),Healthy-Leaf (1041).jpg,0,0.2000002063546059,0.19999990690155156,0.20000009419985385,0.1999999439796155,0.19999984856437322
1143,6f30df579b656988d4005173e9e7666fcd8a75552661fbf47ae4d2234a3d2e19,Healthy-Leaf(1399),Healthy-Leaf (1042).jpg,0,0.2000000756748391,0.19999996585444083,0.20000003454260096,0.19999997945884931,0.1999999444692699
1144,0956fc34b37b927a08298e0e55fbbfb0c9dea462161367b65b730f4fc2f6ee46,Healthy-Leaf(1399),Healthy-Leaf (1043).jpg,0,0.20000000566742837,0.1999999974281648,0.20000000257764922,0.19999999847074101,0.19999999585601666
1145,e5cf3adfbdd35f40564c20cdf67bc09178c3a507effee86399e5099258d84656,Healthy-Leaf(1399),Healthy-Leaf (1044).jpg,0,0.20000010611103528,0.19999995220139097,0.20000004848709874,0.19999997114804782,0.19999992205242728
1146,475da27b56b14c8e26ef947e8eb6510917a05d6d98b2479ad988a6c096bc6f31,Healthy-Leaf(1399),Healthy-Leaf (1045).jpg,0,0.20000021549330496,0.19999990288914193,0.20000009844294556,0.19999994143118258,0.199999841743425
1147,fc86b737af478e70d046c8628faaf701780e90db3687e7751436a8d1ffca94c3,Healthy-Leaf(1399),Healthy-Leaf (1046).jpg,0,0.20000011747441906,0.1999999470121572,0.20000005363407466,0.1999999681013919,0.19999991377795712
1148,44ddde866fdc6ba6052ef08f2d330cd1be3ba857c5cce6813fab97993543b13e,Healthy-Leaf(1399),Healthy-Leaf (1047).jpg,0,0.20000018385964713,0.19999991703253014,0.2000000839195141,0.19999995009728397,0.1999998650910246
1149,cec9ec9914d5beaf2d702ce6c181fd13ac0897e8d14a92c4378e58c0eb1719f0,Healthy-Leaf(1399),Healthy-Leaf (1048).jpg,0,0.20000010843029453,0.1999999510679859,0.20000004948970238,0.1999999705716129,0.19999992044040435
1150,9fe74e1a076b8b34f689abe3f2b631403908efe4c6a0a6f64a6ae13cf1ba5060,Healthy-Leaf(1399),Healthy-Leaf (1049).jpg,0,0.20000010745616462,0.19999995154614372,0.20000004907007468,0.1999999708126622,0.19999992111495474
1151,92394434594230eef5a794144306dd43c31a61ca4bff669e0ed302fbb03422a2,Healthy-Leaf(1399),Healthy-Leaf (105).jpg,4,0.19999987422361548,0.2000000567097505,0.19999994256113768,0.20000003416701492,0.20000009233848146
1152,96106bcced96d59718e33a82dbe75e5bebad4dfd52cfa76f95ea67bdfc206dd6,Healthy-Leaf(1399),Healthy-Leaf (1050).jpg,0,0.20000006831325004,0.1999999692877698,0.20000003125435475,0.19999998138885622,0.1999999497557692
1153,211bda5efd09d6f0455d93e170258e85d4f7c0acfdc3a4e69091aaa22a837060,Healthy-Leaf(1399),Healthy-Leaf (1051).jpg,0,0.20000014629230742,0.19999993405576313,0.20000006681836,0.19999996025070546,0.19999989258286402
1154,9b1a26a2c577cc20df337aca509644b1b4d27bf9a77ac08b145728a1e02eb9bf,Healthy-Leaf(1399),Healthy-Leaf (1052).jpg,0,0.20000021074657084,0.19999990493365924,0.20000009621346604,0.19999994277902441,0.19999984532727944
1155,4dd0764f26580fb693b2d0e1c206421f9869c0aa0a9113dcb4dd98d83a4e90af,Healthy-Leaf(1399),Healthy-Leaf (1053).jpg,0,0.20000019810354183,0.19999991067736275,0.2000000904677037,0.19999994618712094,0.19999985456427075
1156,ad229896ccd117237bdbeeb461043bd2581f6c112ad2b35b79d9659886cf4ca4,Healthy-Leaf(1399),Healthy-Leaf (1054).jpg,0,0.20000019710603026,0.19999991106661186,0.20000008997307805,0.19999994649490507,0.19999985535937484
1157,4e10a052d6b954ee62acfc7a0b218b2fddadca0b4d5fa875650dd440ad145aa3,Healthy-Leaf(1399),Healthy-Leaf (1055).jpg,0,0.20000013911527376,0.19999993726522902,0.2000000635235853,0.1999999622162209,0.1999998978796912
1158,5eccca98615e6ed21839277a4153c831ace2dd2428fe087e272c3358421b9586,Healthy-Leaf(1399),Healthy-Leaf (1056).jpg,0,0.20000016233915002,0.19999992681704026,0.2000000741443203,0.1999999558938336,0.19999988080565578
1159,598e164364c77c21ac792f6225dcdb55adec57ec55e80b3b6e5dd227e978ab3c,Healthy-Leaf(1399),Healthy-Leaf (1057).jpg,0,0.20000004940938312,0.19999997771051767,0.20000002255642282,0.1999999865853122,0.19999996373836412
1160,c5ecb32f75d009ffc25e8a923c5c4f7df0444a391f73c0e26c914fd598d242a6,Healthy-Leaf(1399),Healthy-Leaf (1058).jpg,0,0.2000000526740807,0.1999999763057635,0.2000000240908042,0.1999999856575883,0.1999999612717633
1161,2d56bdaf1a2c34c8fa8ea94866fcd86e66b07eba47af2a418e13c24adefc8905,Healthy-Leaf(1399),Healthy-Leaf (1059).jpg,0,0.2000000938243767,0.19999995775650836,0.20000004288598094,0.19999997447640033,0.19999993105673358
1162,1e712e6e0d7a226673ace21ae3d9df5c685f903646ee4502d7c693686c4911fd,Healthy-Leaf(1399),Healthy-Leaf (106).jpg,4,0.19999983323923545,0.2000000752225095,0.19999992386632087,0.2000000452796079,0.20000012239232617
1163,f75c683c355c4280d1c0019b6bfc3bc8720dce29e799b3be38379219a5787e90,Healthy-Leaf(1399),Healthy-Leaf (1060).jpg,0,0.20000008351294615,0.19999996237697273,0.20000003815848424,0.19999997729511232,0.1999999386564845
1164,a3a89998ff5f5a99fc0958ae94210cb8b4773601eb31c8489cec9ff0168ffdf0,Healthy-Leaf(1399),Healthy-Leaf (1061).jpg,0,0.20000023270779466,0.19999989500479878,0.200000106225177,0.19999993682974043,0.19999982923248918
1165,afae933db5c49328e8f6764bd2c08e545e97308ead498dda3da35f0e246b4886,Healthy-Leaf(1399),Healthy-Leaf (1062).jpg,0,0.2000001406765601,0.19999993655124043,0.20000006423012784,0.19999996179834276,0.1999998967437289
1166,430e0ad547cc4f545bddd12a867b5d468126b28a7d4e66beed354fe76236d75c,Healthy-Leaf(1399),Healthy-Leaf (1063).jpg,0,0.20000006261562617,0.19999997184506255,0.20000002864489275,0.19999998294374466,0.19999995395067388
1167,7e4ff46789eef49f33bd8fd5c390775392b8464a5d8812c00d84eb96010e305c,Healthy-Leaf(1399),Healthy-Leaf (1064).jpg,0,0.20000019515750075,0.19999991189969596,0.200000089053922,0.19999994705194246,0.19999985683693888
1168,0479aa9676b0521f7159be8d107f0b96d4bfa827db8961cd8d6bbcdfc7e6aab0,Healthy-Leaf(1399),Healthy-Leaf (1065).jpg,0,0.20000007259131003,0.19999996721777977,0.2000000331169397,0.19999998031277208,0.19999994676119828
1169,574cae2361c80c3b6352b1cec1e6b7b0a65c362ebf263575bdb67f4acc48c007,Healthy-Leaf(1399),Healthy-Leaf (1066).jpg,0,0.20000014272885847,0.1999999356384878,0.20000006517552615,0.19999996123320984,0.19999989522391765
1170,4a85e4648ebaf3e93bd57ff72cc70ab5e145d23a2475d14ce2ddc982f619cd12,Healthy-Leaf(1399),Healthy-Leaf (1067).jpg,0,0.20000002100547554,0.19999999064568824,0.20000000966808293,0.19999999422305692,0.19999998445769637
1171,316fe830902888b6d516621e324b8861d6ef0693fa349050a8757b100633eaa7,Healthy-Leaf(1399),Healthy-Leaf (1068).jpg,0,0.20000014058935908,0.19999993664878835,0.20000006422786934,0.19999996178653923,0.19999989674744403
1172,235d18d62990ec1f463d40bea23add07c342e68386ff0e343a3276075259b65a,Healthy-Leaf(1399),Healthy-Leaf (1069).jpg,0,0.20000010656045417,0.19999995193726489,0.20000004865262674,0.19999997106344838,0.19999992178620582
1173,696d13c9f095289c732a5fff6c965902546131a837d8d6e803d8b3ffee88224b,Healthy-Leaf(1399),Healthy-Leaf (107).jpg,4,0.19999995540901375,0.20000002006519693,0.19999997961082053,0.20000001213759885,0.2000000327773699
1174,951392e7d8044933209c6cd7559e3840ead7feb498418cc71a973b11eeac74c0,Healthy-Leaf(1399),Healthy-Leaf (1070).jpg,0,0.20000003597422805,0.19999998390203677,0.20000001650741095,0.19999999015340003,0.1999999734629241
1175,2316b5afa8a623aafc8b572fb09feb59a029e58c2714947458074e2ad2080bf4,Healthy-Leaf(1399),Healthy-Leaf (1071).jpg,0,0.20000004513668293,0.1999999796432817,0.20000002060919003,0.19999998774204636,0.19999996686879892
1176,5b6f5b62a2a473b34d2ef0ca8bf0594905d44d111888d5b442c9ab2193eaa340,Healthy-Leaf(1399),Healthy-Leaf (1072).jpg,0,0.2000000824016594,0.19999996280380397,0.20000003760298873,0.19999997764202823,0.19999993954951964
1177,220c67b2cba15eca4ee80bd52f4021cdbb1a5468d896f0b96f665476de71a8d4,Healthy-Leaf(1399),Healthy-Leaf (1073).jpg,4,0.19999998872287772,0.20000000516481853,0.1999999949018811,0.200000003014469,0.20000000819595376
1178,c144e77a6bf0d09299da715964fcf62ee4ceada82b6c543cb44f38cdc6cc5c44,Healthy-Leaf(1399),Healthy-Leaf (1074).jpg,0,0.20000008998213153,0.19999995938695672,0.20000004106554245,0.19999997558226,0.19999993398310922
1179,c7080ce2111b00f9803015f31f681f88c329e211a182011c9ced13de0d1960ea,Healthy-Leaf(1399),Healthy-Leaf (1075).jpg,0,0.20000005763657677,0.19999997405308206,0.20000002634721728,0.19999998431880964,0.19999995764431427
1180,c57e18b84d127b12679c335fd622c1f3cc1d2f9fb374b910b4a2761863c573d8,Healthy-Leaf(1399),Healthy-Leaf (1076).jpg,0,0.2000000060060025,0.1999999973927838,0.20000000280798355,0.19999999830704887,0.19999999548618136
1181,4f7f9775df9923e6facb1af2e0770c37d0df0ce33b3d1a14d93a46390d12e724,Healthy-Leaf(1399),Healthy-Leaf (1077).jpg,0,0.2000000777114696,0.1999999649807171,0.20000003550138712,0.1999999788782609,0.19999994292816523
1182,2cca9e5cc88e88d57cad434e8a25d673d7d2d74efe15e8a626e2a1fabe188f39,Healthy-Leaf(1399),Healthy-Leaf (1078).jpg,4,0.19999996320308028,0.20000001674800638,0.1999999832972762,0.20000000990011288,0.2000000268515242
1183,34f2ac92145ceda939190f69c9066fa6aab3fe09a75da207bbae1c1ed6663350,Healthy-Leaf(1399),Healthy-Leaf (1079).jpg,0,0.20000014074644795,0.19999993653907921,0.20000006427462388,0.19999996176757912,0.19999989667226986
1184,6d81f073b5427c0f5dd051d27e37bbcdb197f7ca204a3e8e20ebcb88aa677e3f,Healthy-Leaf(1399),Healthy-Leaf (108).jpg,4,0.19999981609238593,0.2000000829804013,0.19999991605303552,0.20000004992119566,0.2000001349529816
1185,990ab91823e7b471f195b00ba04416150bf268f4c9934e29260cf9df191ffccc,Healthy-Leaf(1399),Healthy-Leaf (1080).jpg,0,0.20000013521230067,0.19999993899644322,0.20000006172284993,0.19999996329396683,0.19999990077443935
1186,19bad48d189dfdcc4ed468b668b500b0a52cc57019e2a5f914f4989180152606,Healthy-Leaf(1399),Healthy-Leaf (1081).jpg,0,0.2000002005654866,0.19999990952254726,0.2000000915630705,0.19999994554562148,0.1999998528032741
1187,31852ff853fda62682797493536314d99b9724f739867a0467535fa3a826c45d,Healthy-Leaf(1399),Healthy-Leaf (1082).jpg,4,0.19999994356740292,0.20000002551035584,0.19999997427140723,0.20000001528941358,0.20000004136142036
1188,38721298a496e54639c99bbb99523b5b0c03c74dea137e44de7036cb57b48122,Healthy-Leaf(1399),Healthy-Leaf (1083).jpg,0,0.20000011433537337,0.1999999483675585,0.2000000521618802,0.19999996899060218,0.19999991614458576
1189,fc4fad5822dbc437ec545ad6cff77b53263c736a3850379e4328bb879a59415f,Healthy-Leaf(1399),Healthy-Leaf (1084).jpg,4,0.19999993278411624,0.2000000304417909,0.1999999693917459,0.20000001817623417,0.20000004920611283
1190,d479dd3a3eb0f4d2bd5f91c6ea8f6059266b870177c3fc3405aea5253b77fda2,Healthy-Leaf(1399),Healthy-Leaf (1085).jpg,0,0.2000000670637819,0.1999999697705792,0.20000003063179173,0.19999998177735218,0.1999999507564949
1191,be45168c6629fae8b2809384d77e2b1852b1e5dc77b008405f0ba2d8bdd23bc2,Healthy-Leaf(1399),Healthy-Leaf (1086).jpg,4,0.19999996844307857,0.20000001427580505,0.19999998561947285,0.2000000085432779,0.20000002311836562
1192,678d7786a45d5319186ed96a4668d81a7fc219aea3f24f233283ff8e8f5f86f4,Healthy-Leaf(1399),Healthy-Leaf (1087).jpg,0,0.20000006787793465,0.1999999694148908,0.20000003101084435,0.19999998154927612,0.19999995014705418
1193,e3a95ac9a97bb84b5e222218a462e10c929332d66c34b10cb70a1949ddf7b0c8,Healthy-Leaf(1399),Healthy-Leaf (1088).jpg,0,0.2000000882883458,0.1999999601919635,0.2000000403187255,0.19999997601720065,0.19999993518376452
1194,e99be97efe793f60350b5040330b1ec6c8ec67483fd8643cec47976fa07bd8ee,Healthy-Leaf(1399),Healthy-Leaf (1089).jpg,0,0.20000006082289373,0.19999997254179055,0.20000002775405656,0.19999998349861295,0.19999995538264623
1195,c11ddcc4f34d059a9ab5f11bbe5dfc1917f0c24963903e66ea2a4593b5c34e02,Healthy-Leaf(1399),Healthy-Leaf (109).jpg,4,0.1999999511296905,0.2000000220089677,0.19999997766577807,0.20000001329132452,0.2000000359042393
1196,d64cf7cec4e2e562742ed84e464cdf0c07ea2d07c50ce32568f07f4a34d283db,Healthy-Leaf(1399),Healthy-Leaf (1090).jpg,4,0.19999998552332343,0.2000000065681379,0.19999999341527705,0.20000000390746095,0.20000001058580053
1197,2f69355bf4d91241a54a573a39cdaa0c99fb774f30fef754e3e0ea31be00007b,Healthy-Leaf(1399),Healthy-Leaf (1091).jpg,0,0.20000008965350213,0.19999995955251687,0.20000004092661564,0.19999997566083424,0.19999993420653106
1198,d968778a3311035eb6832b690cd5f8783400292f32c6bcd10ed3f72896dab4ba,Healthy-Leaf(1399),Healthy-Leaf (1092).jpg,0,0.20000001704544967,0.19999999232090399,0.20000000778834442,0.19999999536571006,0.19999998747959188
1199,d81657024f5fe546043587481c765258187fab36cc3e835a59e94f5c03baa0de,Healthy-Leaf(1399),Healthy-Leaf (1093).jpg,0,0.20000005664040854,0.1999999744751837,0.20000002587480983,0.199999984605803,0.19999995840379486
1200,6cec8f339f846ed28f89d9228442454d1f05df3304b807c3e429ed68a17683ef,Healthy-Leaf(1399),Healthy-Leaf (1094).jpg,0,0.20000003762323454,0.19999998304280753,0.200000017185775,0.19999998977591957,0.19999997237226338
1201,b9794d389f7b061550f1e1a3eaf1fdb6bf5426f03eaadf48dd278dd8e55e93f1,Healthy-Leaf(1399),Healthy-Leaf (1095).jpg,0,0.2000000367733691,0.1999999834846535,0.2000000168355486,0.1999999899711077,0.199999972935321
1202,06d2cd691bfa12c94ee4c119280d0bc1f0578393c0fa9bb15996d84e44c22257,Healthy-Leaf(1399),Healthy-Leaf (1096).jpg,0,0.20000013668761096,0.19999993835538465,0.2000000624120924,0.19999996287848007,0.19999989966643186
1203,2ac83f76558f029928f4c848195b03b95a825fe9116d99b1ecfaf84041bb0974,Healthy-Leaf(1399),Healthy-Leaf (1097).jpg,0,0.20000004542322353,0.19999997952029036,0.20000002074417153,0.19999998766057145,0.19999996665174322
1204,462b1d34f0192f1c332e41cf0933bbb596da4443a77658f497bc6636f225359b,Healthy-Leaf(1399),Healthy-Leaf (1098).jpg,0,0.20000022606041296,0.1999998979860122,0.20000010317927655,0.1999999386453415,0.19999983412895683
1205,ed4c0d1a19b337f54bca7a5c8cc760baba4e7965ec56782c1dfdaab8649af234,Healthy-Leaf(1399),Healthy-Leaf (1099).jpg,0,0.2000001816490986,0.19999991805301323,0.20000008292543725,0.19999995068343454,0.19999986668901637
1206,da1bad328b0d83282d9c699774e2fd42dc0255fc4e6cd1b5dfed9dcb1152c293,Healthy-Leaf(1399),Healthy-Leaf (11).jpg,0,0.20000006983108548,0.19999996846933718,0.20000003186092297,0.19999998105821926,0.1999999487804351
1207,32cbe9adac9d80d8966f5778877b20f696ccaa71446c17bcb667336fa4b5bc9b,Healthy-Leaf(1399),Healthy-Leaf (110).jpg,4,0.1999999049449656,0.20000004286318823,0.19999995659409872,0.20000002581867202,0.20000006977907536
1208,3f382510e8b34e77ee24e6d8828d97f4808ca7c7d819f9b97f82b6102b2c88eb,Healthy-Leaf(1399),Healthy-Leaf (1100).jpg,0,0.20000008714535467,0.19999996072820217,0.2000000398101346,0.19999997631486355,0.19999993600144494
1209,5e204a236896f4d29427ba9145d8eb19152e8a18fedf3d2a73d45986782deb2a,Healthy-Leaf(1399),Healthy-Leaf (1101).jpg,0,0.20000002549606202,0.199999988493025,0.20000001163613976,0.19999999308093905,0.1999999812938342
1210,2f444a6fcb1afd27cc2817775c3e0bc50ae949993852ce0fbb016025932469fa,Healthy-Leaf(1399),Healthy-Leaf (1102).jpg,0,0.2000001678622353,0.1999999243118968,0.2000000766568716,0.1999999544024756,0.19999987676652073
1211,c9431f5bd9e38b072bca1e209554ba436adb33fe34c99f32df0e9bb4f8249bbd,Healthy-Leaf(1399),Healthy-Leaf (1103).jpg,0,0.20000003993335475,0.1999999819767041,0.20000001822486208,0.19999998916320927,0.1999999707018698
1212,97b080b5b7d7d21c6df695966f05dfd21ee992f87a4afe3b051250069c2958c7,Healthy-Leaf(1399),Healthy-Leaf (1104).jpg,0,0.20000002607061576,0.19999998834936125,0.20000001197311215,0.19999999285463824,0.19999998075227277
1213,4ff3a584f4c90e27c556f58f412f56466c69024b8d9ba4b69cc997e208d571e1,Healthy-Leaf(1399),Healthy-Leaf (1105).jpg,4,0.19999995919099792,0.20000001855914887,0.1999999814663507,0.20000001098835982,0.20000002979514275
1214,17ae73eb5b646e55504add2203164fec155e1395f867543b2144d64f27a50ed3,Healthy-Leaf(1399),Healthy-Leaf (1106).jpg,0,0.20000015300735438,0.19999993092264645,0.200000069816796,0.19999995849064434,0.19999988776255873
1215,ceffa97d438fa7c356ce289910c82c9e65ff32229fa25f7e20fc3cd8b7be982c,Healthy-Leaf(1399),Healthy-Leaf (1107).jpg,0,0.20000010581486197,0.19999995231662068,0.2000000483399971,0.19999997123987925,0.19999992228864089
1216,c5937201348f4fa2d732c299ef9b48a86ab6a4c1f825042e99f852608bd416d8,Healthy-Leaf(1399),Healthy-Leaf (1108).jpg,0,0.2000000528539965,0.1999999761530362,0.2000000241267109,0.19999998565221608,0.1999999612140404
1217,d566e2b88351475aba84fee0ddbbe4aaaddadc6bff057010a548cd65010ede7b,Healthy-Leaf(1399),Healthy-Leaf (1109).jpg,0,0.20000002832376976,0.1999999872606028,0.20000001295504768,0.1999999922871664,0.1999999791734134
1218,4c99fcfca21f35af3973cdd4a5759af6c67376ace3fa82e69b4d9d173c7f9e9a,Healthy-Leaf(1399),Healthy-Leaf (111).jpg,0,0.200000008475418,0.19999999616751757,0.20000000386336314,0.1999999977044662,0.19999999378923505
1219,32387fd63dd54a9fc1e8578cf8809cdd941f0400d605deb9cdb09ee92e805f93,Healthy-Leaf(1399),Healthy-Leaf (1110).jpg,4,0.1999999937853771,0.20000000291403666,0.19999999723434136,0.20000000161999631,0.2000000044462485
1220,c96c4a52846e8952a3a9dce121c2855b2f63fe422094f8bafad14c81163607d3,Healthy-Leaf(1399),Healthy-Leaf (1111).jpg,0,0.20000001397089348,0.1999999937560407,0.20000000641590596,0.19999999617132466,0.19999998968583516
1221,519a0a4681b5092c44e575aa12ca921dd04857b592507cdb853e009fbbb569ff,Healthy-Leaf(1399),Healthy-Leaf (1112).jpg,0,0.200000034202317,0.1999999845984388,0.2000000156321426,0.19999999069718508,0.1999999748699166
1222,000c3c7386e379989b44948ea677aa081b613a71f2892ebaf1224448d4090ea7,Healthy-Leaf(1399),Healthy-Leaf (1113).jpg,0,0.2000000573469713,0.19999997412191145,0.20000002617519522,0.19999998443512035,0.19999995792080164
1223,16df6cfef1e374d137e6a9e9afd7e34e15ed584760f5d685553a1a147786c772,Healthy-Leaf(1399),Healthy-Leaf (1114).jpg,0,0.2000000494622215,0.1999999777227786,0.200000022603952,0.19999998654916937,0.19999996366187855
1224,0a71ecffef3603e0dcd4e9cb683869ee3b921ee0b2a8981450f587cd9471c530,Healthy-Leaf(1399),Healthy-Leaf (1115).jpg,0,0.2000001646977476,0.19999992568399763,0.20000007517645058,0.19999995529545755,0.19999987914634668
1225,272feca9454ca665b9fb23603b7c84bd191b26a58885719bbfd8fa6d7bac4541,Healthy-Leaf(1399),Healthy-Leaf (1116).jpg,0,0.200000140211598,0.19999993679491074,0.20000006403981987,0.19999996190391178,0.19999989704975965
1226,d712da436aff1f88c7bacfff36d58ca49827996ea7f4e18719df37489487b5f4,Healthy-Leaf(1399),Healthy-Leaf (1117).jpg,0,0.20000013357620897,0.1999999397343148,0.20000006097582929,0.1999999637383418,0.1999999019753052
1227,b3da6a077349c5886793660cade75ed8e86c95dc8e73e903e36b796fd3f74b8b,Healthy-Leaf(1399),Healthy-Leaf (1118).jpg,0,0.20000018261324629,0.1999999176803612,0.20000008340577183,0.1999999503834783,0.19999986591714244
1228,5e6021e56256ebf26cc861a348e528806c5270c5010a014e0097e7a8f5c436e8,Healthy-Leaf(1399),Healthy-Leaf (1119).jpg,4,0.19999997461136396,0.2000000115203808,0.19999998845291653,0.20000000685205896,0.2000000185632797
1229,884655a8070d18760a8a48f7372837988512735034fce800d6d88bbc5162a479,Healthy-Leaf(1399),Healthy-Leaf (112).jpg,0,0.2000000702081306,0.19999996822066662,0.2000000319823723,0.19999998100395272,0.1999999485848778
1230,9cbd88a1c7ac813bbd66569f063a6ba85dc9d2730d48957e55395df40ae0e836,Healthy-Leaf(1399),Healthy-Leaf (1120).jpg,4,0.19999993387120527,0.20000002995162414,0.19999996988817062,0.20000001788104677,0.20000004840795318
1231,164b8e8f4861510455004ffd373b3972818b8d7889143fe82a7f6526b412b495,Healthy-Leaf(1399),Healthy-Leaf (1121).jpg,0,0.2000000709867899,0.1999999679639428,0.20000003239884528,0.199999980734764,0.199999947915658
1232,40109a4b84a577150bcbda8091187104e0eedfe2298375fae01cd9eac1dd24e2,Healthy-Leaf(1399),Healthy-Leaf (1122).jpg,0,0.2000000490104555,0.19999997791870153,0.20000002239256454,0.19999998667642235,0.1999999640018561
1233,5eefc7136dab6716bca59dec259714071ec5122021a0f63a46a874c3295937ab,Healthy-Leaf(1399),Healthy-Leaf (1123).jpg,0,0.2000001180838302,0.1999999467133545,0.20000005389682118,0.19999996795041655,0.1999999133555775
1234,0d8b7ac59a1b0e19e533258ee525dd09c1757668389173ad4e1df183f83f2486,Healthy-Leaf(1399),Healthy-Leaf (1124).jpg,0,0.20000005002700896,0.1999999773920083,0.20000002281276846,0.19999998644207925,0.19999996332613504
1235,5eee1b10563454c3b364fe145441fdac1f3fce8211009d66067c13edff59d3a7,Healthy-Leaf(1399),Healthy-Leaf (1125).jpg,4,0.19999997274802858,0.2000000122798477,0.1999999875500504,0.200000007407647,0.2000000200144264
1236,acbb4682ba7d64bd963aa45eb487af33fc899c4ad63d0be13120513d230dfb36,Healthy-Leaf(1399),Healthy-Leaf (1126).jpg,0,0.20000000853847105,0.19999999611422592,0.20000000387632091,0.1999999977028049,0.1999999937681772
1237,ac29c35f41e77e524de5205f2184069677b41d30a9a1402f121574d1f391e424,Healthy-Leaf(1399),Healthy-Leaf (1127).jpg,4,0.1999998027010885,0.20000008911495723,0.19999990999985282,0.20000005349976283,0.2000001446843386
1238,76a0e8428270923b896277c84b0f33753bdaedc03ca37ed0e25d6cd6b5576658,Healthy-Leaf(1399),Healthy-Leaf (1128).jpg,4,0.19999983126775422,0.2000000761863293,0.19999992301429786,0.2000000457695011,0.20000012376211743
1239,447b71f4e977092766a039e6acdc66c7b2ca9647cdfac085294151f3b19021ed,Healthy-Leaf(1399),Healthy-Leaf (1129).jpg,4,0.19999978178294583,0.20000009859739867,0.19999990047994937,0.20000005915121474,0.2000001599884913
1240,05fc4ac612baadc8ca9e01bbc168a80eea539c1e073e8c2e9a08b4f51cf660fc,Healthy-Leaf(1399),Healthy-Leaf (113).jpg,0,0.2000000434277108,0.1999999803726383,0.2000000198022166,0.19999998823153853,0.19999996816589583
1241,7a296f1a2672a669fac131a5f85169f9cbd198a8d7135be7088fff770d5dd946,Healthy-Leaf(1399),Healthy-Leaf (1130).jpg,4,0.19999983902448476,0.20000007263727182,0.19999992652321713,0.20000004369380753,0.20000011812121868
1242,90101b8f2040de20d316a1283f96ec84aa030ebf1815d97bca375e149040b81d,Healthy-Leaf(1399),Healthy-Leaf (1131).jpg,4,0.1999998597419692,0.20000006334334955,0.19999993601472982,0.2000000380372193,0.20000010286273207
1243,dc01c5deb1245eb452bdb7b9e9b1eb3a4b00c26181f3dfa8a638894a4ca60564,Healthy-Leaf(1399),Healthy-Leaf (1132).jpg,4,0.19999983236652086,0.2000000757197035,0.199999923534572,0.200000045453361,0.2000001229258427
1244,9071a62deec818c2e265d9b73620c503fe2eb2412ab19601d30750db562eab32,Healthy-Leaf(1399),Healthy-Leaf (1133).jpg,4,0.1999998097008171,0.20000008594319885,0.19999991318631696,0.20000005160798082,0.20000013956168633
1245,f3130f17ea036a1bb93ed2f010e1b45f37245fb295fd443ed9675635602ff10b,Healthy-Leaf(1399),Healthy-Leaf (1134).jpg,4,0.19999981410740675,0.20000008394833635,0.19999991519349086,0.2000000504157567,0.20000013633500935
1246,43b29d9383654aa728832b95c51d1cda2547c5e661e41a96c7c5b23342daab6a,Healthy-Leaf(1399),Healthy-Leaf (1135).jpg,4,0.19999991608485485,0.20000003785962955,0.19999996169364923,0.20000002278058884,0.20000006158127745
1247,b551f93d3f1bd7003539c473fb498a514a2e6a8b4b01b7b85e387200cb856950,Healthy-Leaf(1399),Healthy-Leaf (1136).jpg,4,0.19999979129291406,0.20000009428363333,0.19999990480606772,0.2000000565835065,0.20000015303387847
1248,e2a024940bf76db5d5b64f355aebac4f4fff021ef7f2230ff83a07598d84a586,Healthy-Leaf(1399),Healthy-Leaf (1137).jpg,4,0.1999998688527025,0.2000000591973423,0.19999994015087225,0.20000003558573634,0.20000009621334658
1249,672bd1a2db9a0be18f97696b473f9fffeb66ac8356154b2f40510533062d7bb0,Healthy-Leaf(1399),Healthy-Leaf (1138).jpg,4,0.19999984326935952,0.20000007085222068,0.19999992854492193,0.20000004246219105,0.20000011487130676
1250,6ae947c56841680e582297cd392653a2841d820e0430995bce8118ae6b9206f3,Healthy-Leaf(1399),Healthy-Leaf (1139).jpg,4,0.19999986802658562,0.20000005961917583,0.19999993980541803,0.20000003578007883,0.20000009676874167
1251,b4d153a03b319d4f93dd2e88baaac45bfe0b708c81ade2ff2076a5aa78cba78b,Healthy-Leaf(1399),Healthy-Leaf (114).jpg,0,0.20000009058865273,0.19999995904917792,0.20000004130102936,0.19999997545682258,0.19999993360431742
1252,3166429f2ffc72203fef03266183da2674cfbff6b83c3c757e0e075c4e5335f2,Healthy-Leaf(1399),Healthy-Leaf (1140).jpg,4,0.19999989160104464,0.20000004894389983,0.19999995054158617,0.20000002940419603,0.20000007950927345
1253,028033e8d4f824f481beeb37b9a05fd3dc7265fdaef8b8a02697433592ba8b0a,Healthy-Leaf(1399),Healthy-Leaf (1141).jpg,4,0.1999999453891344,0.20000002465464298,0.19999997508122513,0.20000001481563487,0.20000004005936267
1254,ce21711f255de112de5e020791fe4d3ebb0855a35cd446871a4f2f5832757e4f,Healthy-Leaf(1399),Healthy-Leaf (1142).jpg,4,0.1999998706477747,0.20000005841871546,0.19999994099039875,0.20000003507931743,0.20000009486379366
1255,e2ec3a90f6b648a881a4951276f8e0a811b0aca6cb769d39780cf7422d1f318a,Healthy-Leaf(1399),Healthy-Leaf (1143).jpg,4,0.199999851174708,0.2000000671741504,0.19999993208170216,0.20000004038402272,0.20000010918541683
1256,f554c7f90317530c4bd55df62eba696115f1bfe9244f9cac3c01c20928496bc9,Healthy-Leaf(1399),Healthy-Leaf (1144).jpg,4,0.1999998351576909,0.20000007443574722,0.19999992479282552,0.2000000447107107,0.20000012090302552
1257,d806351e86ffd5203d460b3c921ebf19a36a550fb283e10e47f6523782efd391,Healthy-Leaf(1399),Healthy-Leaf (1145).jpg,4,0.1999998097761619,0.2000000858917596,0.19999991320942695,0.20000005159808182,0.20000013952456977
1258,662d65514cc4e84d4e78da3b34f97f9283d0b8670bd81a92e9210a4efd0fae49,Healthy-Leaf(1399),Healthy-Leaf (1146).jpg,4,0.1999998586592014,0.2000000637991615,0.19999993549947784,0.20000003835121397,0.20000010369094529
1259,98d9078eca99d548f8034492a96ddcc878dd29d17f9f6d752b2be201efaf57b2,Healthy-Leaf(1399),Healthy-Leaf (1147).jpg,4,0.1999998876981852,0.20000005068542517,0.19999994874763655,0.20000003047560402,0.20000008239314915
1260,4412d521e0e11f8241b6e3390c46011c30304ac0ea0b1e5b5b2c329c8c1acbe9,Healthy-Leaf(1399),Healthy-Leaf (1148).jpg,4,0.19999980499535733,0.20000008808023742,0.1999999110473917,0.20000005287667225,0.20000014300034116
1261,aa7feab4f8d4056d94bbe6eeb1a81ed6618d1a0e4e00497a278bd79c625f612a,Healthy-Leaf(1399),Healthy-Leaf (1149).jpg,4,0.19999991323464472,0.20000003910155967,0.19999996036426795,0.20000002358133054,0.20000006371819717
1262,6aba512e435483bef9c5e91f57d74bd235934d3eaf8259931f7e371324c40f5d,Healthy-Leaf(1399),Healthy-Leaf (115).jpg,0,0.20000005161690787,0.1999999766367468,0.2000000235139439,0.1999999860335809,0.1999999621988205
1263,7ebde2a32e648ac26939ab2abf9adaad5aaf5950742fa581683c4e6aea6e83b9,Healthy-Leaf(1399),Healthy-Leaf (1150).jpg,4,0.19999984928172543,0.20000006807521017,0.199999931247871,0.20000004086926162,0.2000001105259317
1264,80bfde4426ceecc023a8903922ba07ace323c0938200512a559dd08ab16249ff,Healthy-Leaf(1399),Healthy-Leaf (1151).jpg,4,0.19999981097481695,0.20000008535709538,0.19999991376061063,0.20000005126907902,0.20000013863839805
1265,cd4f3e3cebce55bf1c756b0c15f0cd3ba9539f08391b633d9d942707e31a45f6,Healthy-Leaf(1399),Healthy-Leaf (1152).jpg,4,0.19999983695300735,0.20000007368335454,0.1999999256496387,0.20000004418835082,0.20000011952564856
1266,b91a6dfaa6f002de5d8e7bdd6804e5e68c11787db449d837b0d3a85bda0c2802,Healthy-Leaf(1399),Healthy-Leaf (1153).jpg,0,0.2000000159962739,0.19999999278867092,0.2000000073059978,0.19999999565443574,0.1999999882546216
1267,9fa303792a60e1c691e7a79854cff1a8b0bda10b45f120e3d55bd4586f5b8513,Healthy-Leaf(1399),Healthy-Leaf (1154).jpg,4,0.19999997192591493,0.20000001266857564,0.1999999871863124,0.20000000762012923,0.20000002059906768
1268,080a1095a4c9fd26aecca47dca8bb440440b13c52514e7e45b568225e096253e,Healthy-Leaf(1399),Healthy-Leaf (1155).jpg,4,0.19999981442162704,0.20000008381007514,0.1999999153392032,0.20000005032838533,0.2000001361007093
1269,85b69e315ecced45f1b38bcea58648e2f85ec693211ad3a9b49ffdb1b40caf28,Healthy-Leaf(1399),Healthy-Leaf (1156).jpg,4,0.1999998531474035,0.2000000662768921,0.199999932977619,0.20000003985301626,0.20000010774506924
1270,3d907c54dcbb521f5b3884241c5ab3576291d6ddcbf43dbd506f834315f3cade,Healthy-Leaf(1399),Healthy-Leaf (1157).jpg,4,0.19999979191571232,0.2000000939843024,0.19999990507858148,0.20000005642568583,0.20000015259571802
1271,4d874295ffcc042d4ac349a930a642c93c07060a49756a5409b03d3438f7c154,Healthy-Leaf(1399),Healthy-Leaf (1158).jpg,4,0.19999990186468275,0.20000004433676982,0.19999995524204017,0.2000000266036526,0.20000007195285452
1272,dff027add51a3c50cf5b2811d9d1718b010d33008a8c1ce8c7dd9a11374b7f0e,Healthy-Leaf(1399),Healthy-Leaf (1159).jpg,0,0.20000001284848284,0.19999999417197872,0.20000000584523403,0.19999999653130843,0.19999999060299606
1273,416d641afe4c797ca3ac31d6cd158dcc7b22a840ecdc174b7d53e6feb3c4303e,Healthy-Leaf(1399),Healthy-Leaf (116).jpg,4,0.1999999883514369,0.20000000521101505,0.19999999465393384,0.20000000318934952,0.20000000859426473
1274,6ff97d478e1c569628db83b0a982b8ab067e8070284148a118e582dce62cf844,Healthy-Leaf(1399),Healthy-Leaf (1160).jpg,4,0.19999997150244894,0.20000001281446908,0.199999986963864,0.20000000776245788,0.2000000209567601
1275,55724b9a08860d38a4ce66516d7ac9e6acbc33f795ba6a054886c52b2c8f9ca0,Healthy-Leaf(1399),Healthy-Leaf (1161).jpg,4,0.19999996130971082,0.20000001748332732,0.19999998235620361,0.2000000104866967,0.2000000283640616
1276,d6b0fefba331a55b7f3e7ec7463f7a960c55cbb0972761d13cbb10c012233116,Healthy-Leaf(1399),Healthy-Leaf (1162).jpg,4,0.19999992768404065,0.20000003263503932,0.1999999669941489,0.20000001962658837,0.2000000530601829
1277,b02907cd6c51a13af0756c83057bf849662f3d9ebf25b3f0533de49234b16368,Healthy-Leaf(1399),Healthy-Leaf (1163).jpg,0,0.2000000043899237,0.19999999804023896,0.20000000201757417,0.1999999987958562,0.19999999675640703
1278,46052322dd8d9044bc6cb59b946be3d4631cf085d15433f1d1dd23a50f920599,Healthy-Leaf(1399),Healthy-Leaf (1164).jpg,4,0.1999999084965945,0.20000004129950677,0.1999999582402367,0.20000002483067486,0.2000000671329872
1279,a5906a61b1dd886264de51cd04231b9c13b9bec533f33c72443086a52c202a98,Healthy-Leaf(1399),Healthy-Leaf (1165).jpg,4,0.19999990278153773,0.2000000439122845,0.19999995565354092,0.20000002636133313,0.2000000712913037
1280,45683b3da12062f38132d4d295e3b5de5bf341ba4a5641a10c38fd952a1dad97,Healthy-Leaf(1399),Healthy-Leaf (1166).jpg,4,0.1999998050883848,0.20000008801808478,0.19999991107691548,0.20000005286383934,0.2000001429527756
1281,14f6fbf2e1369f08330084f676db42f3c3d73e991934e6681e8d11e29c998ef9,Healthy-Leaf(1399),Healthy-Leaf (1167).jpg,4,0.19999982334659952,0.2000000797535509,0.19999991939413314,0.20000004792378306,0.20000012958193344
1282,dffcf2dc28da0183cdf37022dff7592022fb08aeb7be16570e464920d47a0207,Healthy-Leaf(1399),Healthy-Leaf (1168).jpg,4,0.1999999161390543,0.20000003785111897,0.199999961728759,0.20000002275629974,0.20000006152476799
1283,51afdbf48370e33393ad1469d34a21d80e0087983fbb22bd07be0256f2dea747,Healthy-Leaf(1399),Healthy-Leaf (1169).jpg,4,0.1999999742490576,0.20000001161029346,0.19999998824015933,0.20000000699553794,0.20000001890495173
1284,2a2f98bc95a405d4e76fc4aa48e5a392b4bc3ee4597ebe48b6e3eefb2ae76934,Healthy-Leaf(1399),Healthy-Leaf (117).jpg,0,0.20000000514215177,0.1999999976622661,0.20000000233590554,0.19999999861493245,0.1999999962447442
1285,363da026625fec548738e2b30018ac41c4c0b16ffdfbc5a56ff1dd57d5a0c891,Healthy-Leaf(1399),Healthy-Leaf (1170).jpg,4,0.19999991581615037,0.20000003803003244,0.19999996160285158,0.2000000228238385,0.2000000617271271
1286,c466a100111933829183e56f13b1a25a3d2145a3d64907f4f3a7e72ddfd8b4bc,Healthy-Leaf(1399),Healthy-Leaf (1171).jpg,4,0.1999998486561229,0.20000006834256837,0.19999993095271604,0.20000004104816085,0.20000011100043183
1287,3696fccfd5c000f5c2e63ca0c24fe43e879a04003c85fa2eea1cc35159035d44,Healthy-Leaf(1399),Healthy-Leaf (1172).jpg,4,0.19999992628208219,0.2000000332918607,0.19999996636980025,0.20000001999234687,0.20000005406391003
1288,2b95d5c9d845b03c761e3c7fb8127018f169cc74ca66e2a7b5d377a14effe055,Healthy-Leaf(1399),Healthy-Leaf (1173).jpg,4,0.19999984625856693,0.20000006941325374,0.19999992985112694,0.2000000417057521,0.2000001127713003
1289,11952d520ae8dd28bc2068c7adc38c428094d182439cba01965d003618ea7440,Healthy-Leaf(1399),Healthy-Leaf (1174).jpg,4,0.19999982065013353,0.20000008101312364,0.19999991819097065,0.20000004862959705,0.20000013151617516
1290,c3413444cc72114d5f7c67bf7c0179024d20c468792ada3404c5984d5f288a62,Healthy-Leaf(1399),Healthy-Leaf (1175).jpg,4,0.19999983043055578,0.20000007655214416,0.19999992262434838,0.20000004600387689,0.2000001243890748
1291,eb0c55b77c630f5b0646eb527319e96acb916acb76569f45ce1463296afd5ed5,Healthy-Leaf(1399),Healthy-Leaf (1176).jpg,4,0.19999985478061105,0.2000000655495221,0.19999993372919475,0.20000003940375374,0.20000010653691833
1292,4fb66b5bc95be1ee5cb013ca498aeb902e95e9f677a3f5fa0bb494bb4606922e,Healthy-Leaf(1399),Healthy-Leaf (1177).jpg,4,0.19999982610722128,0.20000007855806567,0.1999999206865527,0.2000000471438094,0.20000012750435084
1293,12251abc5e3befd5ba581202538d4a425343817e09115ccf02f371bef80c5f52,Healthy-Leaf(1399),Healthy-Leaf (1178).jpg,4,0.1999998730236779,0.20000005732942783,0.1999999420639305,0.20000003444511216,0.20000009313785155
1294,694e2edd74b2971f7c6fe8ff2d9d261b0a9ff6f23fb1c91a6b7fa50bef62aa6b,Healthy-Leaf(1399),Healthy-Leaf (1179).jpg,4,0.19999980194175357,0.2000000894249087,0.1999999096321621,0.20000005372584492,0.2000001452753307
1295,7a74b3430caa65e49671c7902da8034f37dece70f43dfb998d0f850bf20c16bc,Healthy-Leaf(1399),Healthy-Leaf (118).jpg,4,0.19999989058317766,0.20000004930962878,0.1999999500166761,0.200000029737649,0.20000008035286862
1296,c4c79e7195c57c3d80dbad5c5c79655efe0065324a984dd305665b7403643fd7,Healthy-Leaf(1399),Healthy-Leaf (1180).jpg,4,0.1999998467951612,0.20000006914485038,0.19999993007915315,0.20000004157615206,0.2000001124046832
1297,b250dfe7504c86e7bd36e130fd7ac0ce60d8293fbb1c9e889b177206bcc6e1dd,Healthy-Leaf(1399),Healthy-Leaf (1181).jpg,4,0.19999987091414262,0.20000005821150693,0.19999994105590474,0.200000035060094,0.20000009475835162
1298,06a38a8cace75568ee0b1050b09a7418e7f690f4f08d8b31480f880549a0434b,Healthy-Leaf(1399),Healthy-Leaf (1182).jpg,4,0.1999999055291959,0.20000004259735246,0.19999995685931768,0.2000000256613111,0.20000006935282294
1299,601b96cf1b9c0425be96d4c1764f4497528ab20e347e79394b4fad9c777b8150,Healthy-Leaf(1399),Healthy-Leaf (1183).jpg,4,0.19999982954043183,0.20000007696046468,0.19999992222250906,0.20000004624159237,0.20000012503500217
1300,753fbab3235715f6e412f773b3a1c83186dea61c4164d3abf410001089ca0ae7,Healthy-Leaf(1399),Healthy-Leaf (1184).jpg,4,0.19999993670057062,0.20000002858580296,0.19999997112222284,0.20000001716761187,0.20000004642379177
1301,836c1b6591140448eaf38812d37a1fe5472ff36522e12fa5f1c7e8b70990ee7a,Healthy-Leaf(1399),Healthy-Leaf (1185).jpg,4,0.19999994400465496,0.20000002531379463,0.19999997447149404,0.20000001517052532,0.20000004103953106
1302,907cd2a4ce2ac68d28eb32a4e4a388f623d8c4d42b7731fd135fe4d0b1e3bdfe,Healthy-Leaf(1399),Healthy-Leaf (1186).jpg,4,0.19999983487034695,0.20000007456146493,0.19999992465917968,0.20000004479111666,0.20000012111789192
1303,5635d3fc94b589f5895a7509d04d58ffdf1011d4cb997992a5704c792d2da0ab,Healthy-Leaf(1399),Healthy-Leaf (1187).jpg,4,0.19999986370104364,0.20000006154746305,0.19999993781578096,0.20000003696831767,0.20000009996739473
1304,b216bc0394e68b4e6485f182641519120c1cfab5c236df69d429443a8244a84e,Healthy-Leaf(1399),Healthy-Leaf (1188).jpg,4,0.19999988593743376,0.20000005154807923,0.19999994798778226,0.2000000309118703,0.20000008361483448
1305,6785171680a616c99472f5c014ec22a882ed40969a238017affbbea232092ad6,Healthy-Leaf(1399),Healthy-Leaf (1189).jpg,0,0.20000003156079874,0.19999998573943625,0.20000001439353976,0.19999999144546046,0.19999997686076473
1306,a6ec52314b8d79a3c551498a370539c837ec12379833c52fbb7c849fdb0ec333,Healthy-Leaf(1399),Healthy-Leaf (119).jpg,4,0.19999989047461073,0.20000004939374458,0.19999994998976225,0.20000002974561637,0.20000008039626616
1307,49e49c28b83ac5eecfce537c4fb530a3834ed76e558e787d341bf424224b35c1,Healthy-Leaf(1399),Healthy-Leaf (1190).jpg,4,0.19999983306858626,0.20000007538418144,0.19999992384305137,0.20000004527426546,0.20000012242991547
1308,08eeaa5cc6d1f046e8685cc5adb9e5f08cd08d55cc3b43082738238aee97559a,Healthy-Leaf(1399),Healthy-Leaf (1191).jpg,4,0.19999997908210826,0.20000000945875143,0.19999999046508374,0.20000000566584814,0.2000000153282085
1309,b128bc26ac020397a9f76dd0d8c0e16320c9cf1cda0dfd67caa13ab38d5362ae,Healthy-Leaf(1399),Healthy-Leaf (1192).jpg,4,0.19999991284302346,0.20000003936815855,0.19999996024339206,0.20000002363266178,0.20000006391276418
1310,627fecc3952ead957b48d22bcc5a59e9066ad86ff17b96c6353b5b03307d0f6b,Healthy-Leaf(1399),Healthy-Leaf (1193).jpg,4,0.19999987977748587,0.2000000543120025,0.1999999451660659,0.20000003259338736,0.20000008815105838
1311,b58f71001e3bb100d1796788b801d0c79d8831f5ccd643f03a5fa98737d7b1fe,Healthy-Leaf(1399),Healthy-Leaf (1194).jpg,0,0.2000000113791374,0.19999999488685366,0.2000000052080236,0.19999999689847436,0.199999991627511
1312,cb419501e4c9258bd883a56103e9b83dfd7c6bf72e9f7143c57f56cdd1dab94b,Healthy-Leaf(1399),Healthy-Leaf (1195).jpg,4,0.19999988422977327,0.20000005225237208,0.19999994716572747,0.20000003141588527,0.20000008493624194
1313,418534d31daf4b847c149bbcfbdc4b3d7380192bded0605320b0e46702f49add,Healthy-Leaf(1399),Healthy-Leaf (1196).jpg,4,0.19999990337465506,0.2000000436463054,0.19999995592528957,0.20000002619917448,0.20000007085457563
1314,6a2f38857187d1cc0e3301e44d2364592ec70f3b7908bfb41243767a7576e944,Healthy-Leaf(1399),Healthy-Leaf (1197).jpg,4,0.19999991649315266,0.20000003773909128,0.19999996192121972,0.20000002263112907,0.20000006121540734
1315,1e544526ada2dd076938732618652c8099356b6c078d4cc80481641d03e7d95f,Healthy-Leaf(1399),Healthy-Leaf (1198).jpg,4,0.19999997084042462,0.2000000131166293,0.1999999866638632,0.20000000794005887,0.20000002143902398
1316,c2b869ea8ddb43353787c958bac37f61c94cb86a8366dfcbc4241f892ed9db9a,Healthy-Leaf(1399),Healthy-Leaf (1199).jpg,4,0.19999980103018172,0.2000000898664339,0.19999990923562233,0.2000000539549256,0.2000001459128366
1317,d73bbc38aeb795ab6ef24fe227c4263d7d054287997d307b9175e72379582ff5,Healthy-Leaf(1399),Healthy-Leaf (12).jpg,4,0.1999999627779942,0.20000001676031176,0.19999998298727983,0.20000001012470248,0.20000002734971173
1318,c4bec39c0c996fd1372c644724dd4ce753172fe3ea562db1f74196fa1f81a984,Healthy-Leaf(1399),Healthy-Leaf (120).jpg,0,0.20000000736259219,0.19999999655632222,0.2000000032825218,0.19999999807591,0.19999999472265373
1319,42a36a6da1a5f7b01c4f32f8e14cf3f6477a5df4b8fc0efbfffcfda430ffcfb1,Healthy-Leaf(1399),Healthy-Leaf (1200).jpg,4,0.19999995013964553,0.20000002257795965,0.19999997729279237,0.20000001348560587,0.20000003650399653
1320,e9f42a862a4632eefc05b926e8ce7b9154c9920bd67f5246950661ecba2bc2f3,Healthy-Leaf(1399),Healthy-Leaf (1201).jpg,4,0.19999997069023207,0.2000000132268379,0.19999998662270282,0.20000000795513717,0.20000002150508994
1321,b56a8dbe39a0a77ddfe78ebe176d6f5c73ba2febe2f4eb626927e53322ec3a6c,Healthy-Leaf(1399),Healthy-Leaf (1202).jpg,4,0.19999981614658865,0.20000008305091754,0.19999991613902648,0.20000004984858596,0.20000013481488138
1322,093c5490836e54aa91f600aed5b63d6a59f16fa5e3b8bc33d9e287019c8b974b,Healthy-Leaf(1399),Healthy-Leaf (1203).jpg,4,0.1999998970618878,0.20000004643668487,0.1999999530064535,0.20000002794836488,0.20000007554660887
1323,882dfeb53b1ee0acec817b9b59a7ef56199b1dae89d9c4ede2c62f4d9cd6b18d,Healthy-Leaf(1399),Healthy-Leaf (1204).jpg,4,0.19999979890191438,0.20000009086685375,0.19999990829006187,0.20000005450823627,0.2000001474329337
1324,ee1c4e090b640029d9adbdb87c6d4e16a3b272bf6d9ce0760e5381789c8f994b,Healthy-Leaf(1399),Healthy-Leaf (1205).jpg,4,0.19999993940743638,0.20000002732893843,0.19999997233498634,0.20000001645450158,0.20000004447413725
1325,7924410ee1f9a9d647fcf1545b1937d3e6511a209145d196b5c822b0ad57f3c8,Healthy-Leaf(1399),Healthy-Leaf (1206).jpg,4,0.19999983005287664,0.20000007674210432,0.19999992246474343,0.20000004609465472,0.20000012464562095
1326,d364db421b3374334874024f1c5cc27544dcace58d82279e8dd76ae01dac8754,Healthy-Leaf(1399),Healthy-Leaf (1207).jpg,4,0.1999998831849972,0.2000000527097604,0.19999994667971563,0.20000003170786373,0.20000008571766315
1327,5d5e31acb48333399cc083845d76c1cd4009d98e912288be8821e27e5e6c7515,Healthy-Leaf(1399),Healthy-Leaf (1208).jpg,4,0.19999985931927255,0.20000006354174002,0.19999993582685666,0.20000003814740244,0.20000010316472827
1328,daffd3a99b687812564082742af377f3ce4a64037a186d15829e9bff05c89f7b,Healthy-Leaf(1399),Healthy-Leaf (1209).jpg,4,0.19999996089737,0.2000000176165077,0.19999998213396905,0.20000001063092496,0.2000000287212282
1329,09ff1a4b4304f4e73e559712fc36783e593c3c77217c5330d3905e9d217651a0,Healthy-Leaf(1399),Healthy-Leaf (121).jpg,0,0.20000007528088082,0.19999996593751537,0.20000003430169946,0.19999997962362775,0.1999999448562765
1330,d774c69e7cfb8d7ed9f1934a22002289cd3535f94626c50bd8472d56b7f882aa,Healthy-Leaf(1399),Healthy-Leaf (1210).jpg,4,0.19999985398705356,0.2000000659279123,0.19999993338013916,0.2000000396068557,0.2000001070980393
1331,c92efeac77bdce7f97797c5863e75ba0873182ec0a1fe3f17b721585c7a9f283,Healthy-Leaf(1399),Healthy-Leaf (1211).jpg,4,0.1999999857783863,0.20000000643121915,0.19999999351780692,0.2000000038519949,0.20000001042059257
1332,7bfb40896b1dd7b854c1004d436e47ebb14587b8d45af541a4a7388c630c406e,Healthy-Leaf(1399),Healthy-Leaf (1212).jpg,4,0.19999994341230132,0.2000000255104801,0.19999997415559254,0.20000001537434867,0.2000000415472773
1333,18fd601ae6d322c5f4880965c57c148565034e9820794f24f344c9f7bc5fd7a7,Healthy-Leaf(1399),Healthy-Leaf (1213).jpg,4,0.1999999006157686,0.20000004482550138,0.19999995462366382,0.20000002698818242,0.20000007294688385
1334,0520f3baa71ebb375629b5e2919227b4973d0f006b7e8126f67ef346dac41bb5,Healthy-Leaf(1399),Healthy-Leaf (1214).jpg,4,0.19999989074406457,0.20000004931586052,0.19999995014092825,0.20000002964577718,0.20000008015336943
1335,0e8d388f4357480a45e836e3d92a982be8d9aef001bb5e83084f4bae5982c1a4,Healthy-Leaf(1399),Healthy-Leaf (1215).jpg,4,0.19999997249331586,0.20000001241155177,0.19999998744464761,0.20000000746667168,0.20000002018381302
1336,a7ae7738979203547fdc1dbf345fc208cd2294c694a42cf116c27588ea79f136,Healthy-Leaf(1399),Healthy-Leaf (1216).jpg,4,0.19999986612753207,0.20000006042528856,0.19999993890578444,0.20000003632638483,0.20000009821501002
1337,ccb6ba32597302209806cf43b34ab33f408878e01f118bfc7292e26754d7cf3f,Healthy-Leaf(1399),Healthy-Leaf (1217).jpg,4,0.1999998848158885,0.20000005204870017,0.19999994747242103,0.2000000312197349,0.20000008444325537
1338,5348cf92b79e8af2d00f11d50dabfe4f610ca36aa7cb125eb3360910858a2f1e,Healthy-Leaf(1399),Healthy-Leaf (1218).jpg,4,0.1999998266880021,0.20000007828179112,0.19999992094250782,0.2000000469948693,0.2000001270928297
1339,142334358dbf81ed7049fd9a49b059ae9dc0f4f5591ebd5f10709e0649292cea,Healthy-Leaf(1399),Healthy-Leaf (1219).jpg,4,0.19999994746836855,0.20000002373351577,0.1999999760413659,0.20000001424097996,0.20000003851576978
1340,105896e7bb36f08730a5b34e6cd524158adc1b4e3b93ccb76f848b918cdafc2f,Healthy-Leaf(1399),Healthy-Leaf (122).jpg,0,0.20000004694369133,0.19999997874016132,0.2000000213776375,0.1999999873054564,0.1999999656330535
1341,943f6307bf34c85d30019853e63a1093492dd162c0296561453c4e409a0960ac,Healthy-Leaf(1399),Healthy-Leaf (1220).jpg,4,0.19999993157335572,0.20000003088385024,0.1999999687718948,0.20000001856864233,0.20000005020225692
1342,e495d2b278ee0705d376d268405e63e50cdb738e225caa5d1870474d288ae4c5,Healthy-Leaf(1399),Healthy-Leaf (1221).jpg,4,0.19999990338496237,0.2000000436217655,0.19999995591721226,0.2000000262087036,0.20000007086735647
1343,28947f311f4d37321902d251d78f2eb9c0ae0f27ac65a662c72298457d5a51a9,Healthy-Leaf(1399),Healthy-Leaf (1222).jpg,4,0.19999985124798328,0.20000006716291355,0.19999993212924458,0.2000000403509311,0.20000010910892746
1344,d7ebd5fc7050fd66c2b5790804e69969f8aa2ab1a0888932e6a3e269e0f1df44,Healthy-Leaf(1399),Healthy-Leaf (1223).jpg,4,0.19999990182666025,0.20000004433563626,0.19999995521290087,0.20000002662519897,0.20000007199960362
1345,ae2663739c30afa28077162418270724977d656743f94de186b7d77dba1d7262,Healthy-Leaf(1399),Healthy-Leaf (1224).jpg,4,0.1999998774892765,0.20000005533717763,0.19999994411676508,0.20000003321890775,0.2000000898378731
1346,7d78f420df9754b8e9b54b5615c2d151417ac72f27adbe73a9e640154ba4a6bc,Healthy-Leaf(1399),Healthy-Leaf (1225).jpg,4,0.19999997794813082,0.20000000990710487,0.19999998990664886,0.20000000601225512,0.20000001622586028
1347,4c7c53c604850023ba69ccaf391453a70dbaa9218ca5d7d203c961ebf7313db5,Healthy-Leaf(1399),Healthy-Leaf (1226).jpg,4,0.19999980385925062,0.20000008857890433,0.19999991051987626,0.2000000531937589,0.2000001438482098
1348,578143f7da08cc772997648d8c33255abde8e2969ff389b6862891a4fa594c6c,Healthy-Leaf(1399),Healthy-Leaf (1227).jpg,4,0.19999988528063212,0.20000005181471234,0.19999994766883483,0.2000000311083468,0.2000000841274739
1349,5a5914589c3962b06c9a1dfea64ccea0245d999eb2e2ec1ac38db4cee0596121,Healthy-Leaf(1399),Healthy-Leaf (1228).jpg,4,0.19999998335906147,0.2000000075291353,0.1999999924174989,0.20000000450478309,0.20000001218952124
1350,8a934cbf7206e3f55b3f8be0ccb7653cf1b67ede2f455cc9b522fb3b5be068f5,Healthy-Leaf(1399),Healthy-Leaf (1229).jpg,4,0.1999999188774871,0.20000003663196303,0.19999996298928285,0.2000000220028627,0.20000005949840444
1351,386063391d3e4f1be7137aaed1f0fa6429bb20d5d83925415f41bf85fbe0f2c5,Healthy-Leaf(1399),Healthy-Leaf (123).jpg,0,0.20000002870013803,0.1999999869635503,0.20000001304474752,0.19999999226243798,0.19999997902912608
1352,69f8dca31ffa22be2e4ba157a66229dc6fa1c482eb037ce9475fdffa4eedaca4,Healthy-Leaf(1399),Healthy-Leaf (1230).jpg,4,0.19999991403076942,0.20000003880126865,0.19999996076557325,0.20000002332915753,0.20000006307323118
1353,73a7d9bee607dbe555600cb6b01061f83d5ad24eb71af4550e3d272351e4071c,Healthy-Leaf(1399),Healthy-Leaf (1231).jpg,4,0.1999998827318564,0.2000000529527049,0.19999994649769823,0.20000003180751488,0.20000008601022568
1354,3f7a13df2bcba95022eed68bdb93888544849e04a29746795da1e8f23d079f9e,Healthy-Leaf(1399),Healthy-Leaf (1232).jpg,4,0.19999989786516068,0.20000004610060554,0.19999995339011936,0.20000002771423908,0.2000000749298752
1355,5e015c8545c0ce82eb75040322cea825589c44d60dfb1b31e2193700a976a93b,Healthy-Leaf(1399),Healthy-Leaf (1233).jpg,4,0.19999984498862544,0.2000000700173835,0.19999992929154004,0.2000000420314973,0.20000011367095377
1356,32615c1d5368f616a85ca41320a18d1ee4ca9cff31e9f831c3882101322b1875,Healthy-Leaf(1399),Healthy-Leaf (1234).jpg,0,0.20000003751335077,0.19999998304886382,0.20000001710760196,0.19999998983258505,0.19999997249759843
1357,aed3e27184778bbdb0733122fd347773f1eb2d22ba77584ca0601eebe6dcd663,Healthy-Leaf(1399),Healthy-Leaf (1235).jpg,4,0.1999999148004842,0.20000003843303527,0.19999996110349352,0.20000002313307708,0.20000006252991
1358,0d2bc69faf3cdef47815b72016f6c9cf00d4de4b7ef7ef5cd9a84709008c3562,Healthy-Leaf(1399),Healthy-Leaf (1236).jpg,4,0.19999990466620807,0.2000000430347166,0.19999995649627755,0.20000002586627616,0.2000000699365216
1359,873acbe4814f9e809ec24489454ea89fb4f9efaeac70c237e4c2a114e0efd08e,Healthy-Leaf(1399),Healthy-Leaf (1237).jpg,4,0.19999990390502442,0.20000004340213579,0.19999995616436045,0.2000000260584425,0.20000007047003682
1360,28053c1e2f85fc2ec7caf97bf7f43a3b1aab1ad648d6ea952aea645d184ce001,Healthy-Leaf(1399),Healthy-Leaf (1238).jpg,4,0.199999895368546,0.20000004728094636,0.19999995228517572,0.20000002835892539,0.20000007670640652
1361,016900944867201a00de11d6148886cdc6438d692e32266169d5bdb3057fbbf9,Healthy-Leaf(1399),Healthy-Leaf (1239).jpg,4,0.1999998676062235,0.20000005978192878,0.19999993959613946,0.20000003591050722,0.20000009710520092
1362,9bb21b7d91cb9fcf0573e033092c83b710d23c7e99e3541cc5956c276adead76,Healthy-Leaf(1399),Healthy-Leaf (124).jpg,0,0.2000000451618887,0.1999999795595812,0.20000002057415986,0.1999999877794739,0.1999999669248964
1363,5d81a5a149e30142928db9ae55a48aaa00c414512d9af667bd5e086be2dfa826,Healthy-Leaf(1399),Healthy-Leaf (1240).jpg,4,0.19999994571376037,0.20000002447318632,0.1999999752068649,0.2000000147488265,0.20000003985736192
1364,c2566d5bb08d3637ec33f72b82347173434d8357c372beed34a8c308d45da91d,Healthy-Leaf(1399),Healthy-Leaf (1241).jpg,4,0.19999987967023816,0.20000005429090836,0.19999994507229238,0.2000000326649447,0.20000008830161622
1365,2e97afccc322d9957b41253bf73a89ed44006e0c985180c2cee1d2c5b2a39908,Healthy-Leaf(1399),Healthy-Leaf (1242).jpg,4,0.19999995124497552,0.2000000219362906,0.19999997770518171,0.2000000132727152,0.20000003584083706
1366,fa62203c98f5f2fed6a0c5ef1dc089a95523d44e420400e020c45bea33623a20,Healthy-Leaf(1399),Healthy-Leaf (1243).jpg,4,0.19999992336897823,0.20000003455635199,0.1999999650079701,0.20000002081370358,0.20000005625299608
1367,dfcce2e6fb35394aec2b6eee3107b63371571dd46928c654547e60b041f9525a,Healthy-Leaf(1399),Healthy-Leaf (1244).jpg,4,0.1999999954972624,0.20000000203298865,0.19999999794572965,0.20000000122175768,0.20000000330226164
1368,526e897f3ca88e844959c15764960a6e90e3b831b1c3cd529edb776acb40df7c,Healthy-Leaf(1399),Healthy-Leaf (1245).jpg,4,0.19999993864807616,0.2000000276365201,0.19999997196570554,0.2000000166819603,0.20000004506773778
1369,be1f15920570c6d8cdb0308165f96b929ad4d0bf1dd031efb679b49437567dbd,Healthy-Leaf(1399),Healthy-Leaf (1246).jpg,0,0.20000009554192605,0.19999995684636393,0.20000004358282808,0.1999999740927916,0.19999992993609045
1370,8c0d5d64e8b8d7a30aa6264c5eca187f2b079a56b1eba62b87ed6aaa787f4711,Healthy-Leaf(1399),Healthy-Leaf (1247).jpg,4,0.19999999489800985,0.2000000023110877,0.19999999767719331,0.20000000137979335,0.2000000037339158
1371,c1504bda16d5b9f90381cbcb36a25af8404cad6a308307f3def63c0752abcd86,Healthy-Leaf(1399),Healthy-Leaf (1248).jpg,4,0.19999992064667416,0.2000000358165428,0.1999999637858526,0.2000000215330475,0.2000000582178829
1372,1409aa27b1a1ed55be1e6501dd040b73160896e27417b8e90147386ac6899b8e,Healthy-Leaf(1399),Healthy-Leaf (1249).jpg,4,0.19999993722825438,0.2000000282641128,0.1999999713091991,0.2000000170753251,0.2000000461231086
1373,21b875bb59b9458cdef208f58b677bfdc5c843c7f7f017bcca9f60db40fc42d3,Healthy-Leaf(1399),Healthy-Leaf (125).jpg,0,0.2000000102856034,0.19999999535360996,0.2000000046914975,0.199999997211325,0.19999999245796404
1374,453e6e4f1f02265d11801e7cb29a7329bb144d3ddd0039e5c3b7a6cb89e5c4fe,Healthy-Leaf(1399),Healthy-Leaf (1250).jpg,4,0.19999994024283133,0.20000002691955607,0.19999997269527514,0.20000001624747005,0.20000004389486742
1375,6412f6949b06acd56571be057c3939be90d046df3aa518742eb0116b041c19d0,Healthy-Leaf(1399),Healthy-Leaf (1251).jpg,4,0.19999998797542531,0.20000000543851149,0.19999999451974104,0.20000000325637662,0.20000000880994548
1376,eff6e414aa2c03081c5111e0cffbdc765f2f96987fa6ae948905abbcc93e42da,Healthy-Leaf(1399),Healthy-Leaf (1252).jpg,4,0.19999998098676455,0.20000000852559718,0.19999999128693965,0.2000000051937718,0.2000000140069268
1377,4523f17db248d52028b5b4afc2da47c5fccc3ff1a8b0e9f1752429bbf3e70765,Healthy-Leaf(1399),Healthy-Leaf (1253).jpg,0,0.2000000003454633,0.199999999867653,0.20000000017309863,0.19999999989227527,0.1999999997215099
1378,23b170af05e9a7d5d7d80b8c223a71066c73b225680012eb32fba8088b06a1cf,Healthy-Leaf(1399),Healthy-Leaf (1254).jpg,4,0.19999993918339334,0.20000002742751913,0.1999999722310489,0.2000000165167572,0.20000004464128135
1379,94a3cf6cf771e7d1c55be706775cabfc2bafb2af2f7ce7bbbf669985d2f73ae4,Healthy-Leaf(1399),Healthy-Leaf (1255).jpg,4,0.19999984229298237,0.20000007127176322,0.19999992808572453,0.20000004274013855,0.20000011560939132
1380,3041c981f24f0e93a1834dfe6e822d6dcf279f88a00b3bec8ba580943e3dbb93,Healthy-Leaf(1399),Healthy-Leaf (1256).jpg,4,0.19999991665352987,0.20000003760594873,0.19999996195518463,0.20000002262462435,0.20000006116071234
1381,c4435e7582655eb98e1dd59f22473e1d850cf5f109c5cf2148973b3dadf0898e,Healthy-Leaf(1399),Healthy-Leaf (1257).jpg,4,0.1999998907839314,0.20000004931121546,0.19999995016780925,0.20000002962696006,0.2000000801100838
1382,36eb4963f1939d9c541d168e326d63ee016ba1a515d6f5a81d7d22e48d26168f,Healthy-Leaf(1399),Healthy-Leaf (1258).jpg,4,0.19999995923715833,0.20000001835986783,0.19999998137241753,0.20000001108509807,0.20000002994545818
1383,85d1b4c84b0e3285410983410b2680307a170a6ace3201c86fe5ca5757249888,Healthy-Leaf(1399),Healthy-Leaf (1259).jpg,4,0.19999985989111901,0.2000000632444542,0.19999993606265282,0.2000000380162563,0.20000010278551753
1384,18f368862a0ffec1d7fc6dd1db68bc80ce6210c1d70bc450e416eb553b8b55a8,Healthy-Leaf(1399),Healthy-Leaf (126).jpg,0,0.2000000190994329,0.19999999137384564,0.20000000871281773,0.19999999482061864,0.199999985993285
1385,0460bb3f05d749e54167aba7eda89de42d44552ea84dfab4b20456476dd4a7bb,Healthy-Leaf(1399),Healthy-Leaf (1260).jpg,4,0.1999998901721637,0.2000000495724484,0.1999999498789995,0.20000002980198958,0.20000008057439883
1386,1fbc51433b6009351df8ae7a3145c51e954e8821b7ddd086a7060124d17f9ef8,Healthy-Leaf(1399),Healthy-Leaf (1261).jpg,4,0.19999999920481246,0.20000000036512935,0.19999999964133527,0.20000000021228495,0.20000000057643802
1387,4aaa160972836eeeb75db93ace2aef62b78f5a19c851dd90a87b5ba58e15b8b4,Healthy-Leaf(1399),Healthy-Leaf (1262).jpg,4,0.1999999764607679,0.20000001058890954,0.19999998923469856,0.20000000640958207,0.20000001730604194
1388,82265e8fd4dc2b3310af53b86426f9e2f7ac38347e1a660c51d221d1ef08a288,Healthy-Leaf(1399),Healthy-Leaf (1263).jpg,4,0.19999995399237416,0.20000002073156978,0.19999997898173555,0.20000001250555544,0.20000003378876516
1389,6f4155ff233403b6e911ac65553ce8a777ef7e187e6383fc8235481a2ae069f4,Healthy-Leaf(1399),Healthy-Leaf (1264).jpg,4,0.199999846640837,0.20000006924252836,0.19999993002690117,0.2000000416010558,0.20000011248867766
1390,5c44361293efe4022a169bc9d60a9e09523ecc6c5ea85c5d5f108b5c54109406,Healthy-Leaf(1399),Healthy-Leaf (1265).jpg,4,0.19999995329807818,0.20000002105252507,0.1999999786697929,0.20000001268923645,0.20000003429036736
1391,3b765f4c0b95dcdc4cdcd4e3961b473fc2811343777e5b732a0759d9d10ab5c8,Healthy-Leaf(1399),Healthy-Leaf (1266).jpg,4,0.19999996921919502,0.20000001390176064,0.19999998595842872,0.2000000083474417,0.2000000225731739
1392,af8455b6242c57f1ca4cebd9b726071775b0f764eeba51faa277c1ea42916d5d,Healthy-Leaf(1399),Healthy-Leaf (1267).jpg,4,0.19999989115813693,0.20000004914042196,0.19999995033735696,0.20000002952648951,0.2000000798375946
1393,c1dc9ae50ca985d3db25c063db27136a48602132ecfd6fe6d40478933f8c1b68,Healthy-Leaf(1399),Healthy-Leaf (1268).jpg,4,0.1999998633776988,0.20000006167559603,0.19999993765680915,0.2000000370669582,0.20000010022293785
1394,f759eaa4dc97f6123f8df916dec261e67ac81b06f81ddbcc472fd496bbb7136b,Healthy-Leaf(1399),Healthy-Leaf (1269).jpg,0,0.20000006923053837,0.19999996878312057,0.2000000316144922,0.19999998119533605,0.19999994917651287
1395,85a25cdf0ee20226068076487bfe6d174b5293cc5803823b8f5c62cde76ac1f7,Healthy-Leaf(1399),Healthy-Leaf (127).jpg,4,0.19999997588081675,0.20000001087706834,0.19999998898684093,0.20000000655049224,0.20000001770478165
1396,45748bc182ee1f1236f94aeac58e4b6c5731627ea2ef1ec34e1e4977568318ce,Healthy-Leaf(1399),Healthy-Leaf (1270).jpg,4,0.19999981859705218,0.20000008194970975,0.19999991726044947,0.20000004918069472,0.2000001330120938
1397,406ba671f2a95fd7918a9c5735bc74d7a4103cb7350af4c96154c946b2177415,Healthy-Leaf(1399),Healthy-Leaf (1271).jpg,4,0.19999994620638764,0.2000000242664783,0.19999997544172918,0.2000000146056808,0.200000039479724
1398,16ed866e2a5a427a5a45a7518a49c1f02ee249afc85497eb0d844298f4aed6e1,Healthy-Leaf(1399),Healthy-Leaf (1272).jpg,4,0.1999999112249736,0.2000000400847115,0.19999995949618316,0.20000002408030038,0.20000006511383128
1399,f59d28d7868f228878ef4716ef62b22a444a0dccca71f09b7fe435d9ea68cb51,Healthy-Leaf(1399),Healthy-Leaf (1273).jpg,4,0.19999992037762232,0.20000003595820715,0.19999996367603862,0.2000000215937576,0.20000005839437435
1400,2231ea747d2599e12e5101630c6f7d7ca3487c2cd907c5ea2560a2631eef8956,Healthy-Leaf(1399),Healthy-Leaf (1274).jpg,4,0.1999998833011155,0.20000005268860008,0.1999999467528517,0.2000000316573235,0.20000008560010923
1401,d077fee6fde559ee5909c5f081cc5462c78ea11ce9595a8b351aaa5957603132,Healthy-Leaf(1399),Healthy-Leaf (1275).jpg,0,0.2000000460014278,0.19999997916117354,0.2000000209447329,0.19999998756361462,0.19999996632905107
1402,b8d2efa7e4b7c195aaceea0ad2f6eac676c27d61ed828a7bb6c9b49e5112b806,Healthy-Leaf(1399),Healthy-Leaf (1276).jpg,4,0.19999987891911086,0.2000000546736644,0.1999999447575666,0.20000003284185605,0.2000000888078021
1403,5fcf8d55071e12cec311f4845bffed976eca1eda4048d036e323a7f12e6d0616,Healthy-Leaf(1399),Healthy-Leaf (1277).jpg,0,0.20000009007371686,0.1999999593065611,0.2000000410821773,0.19999997558137814,0.19999993395616647
1404,1a2b52cc189dcffcb5017580c93cb9026482c975eaf9d93ce90bc62a8d7d73f2,Healthy-Leaf(1399),Healthy-Leaf (1278).jpg,4,0.19999999024531026,0.2000000043824722,0.19999999553514328,0.20000000265938794,0.2000000071776863
1405,d2f672ceacf03cf28dfe300f5e42055d49f09d2190d1fbda2aad55321bae4e8e,Healthy-Leaf(1399),Healthy-Leaf (1279).jpg,0,0.2000000521462154,0.1999999764331188,0.200000023778323,0.199999985868488,0.19999996177385482
1406,5f3c00f728a5b3852a0578a0a6e0c56cb386d5ae03b6f717a4b85f73e73321e2,Healthy-Leaf(1399),Healthy-Leaf (128).jpg,0,0.2000000996432677,0.19999995499987683,0.2000000454574254,0.199999972976703,0.19999992692272722
1407,62d68398663e9f36020547b4792ec776be8696f4767185f8dc3c68b288b51d5e,Healthy-Leaf(1399),Healthy-Leaf (1280).jpg,4,0.19999996691842067,0.200000014973129,0.19999998492951118,0.20000000895153539,0.2000000242274038
1408,c20dca7de3f31e9ac40ad4aa9265035004f1d6259e185671ca5b6d7778a355cf,Healthy-Leaf(1399),Healthy-Leaf (1281).jpg,0,0.20000002366359151,0.19999998933916288,0.20000001081216934,0.19999999356678158,0.19999998261829463
1409,09a1d934c26cca911ae7658fe14c81576917a4982db92acb78b0cdcd9b24617f,Healthy-Leaf(1399),Healthy-Leaf (1282).jpg,4,0.19999988307500086,0.20000005278726435,0.19999994664735202,0.2000000317205848,0.20000008576979808
1410,00375a6242a41f1c366417ead3f8c153c813822343f70b8600f1a19870f8aa6b,Healthy-Leaf(1399),Healthy-Leaf (1283).jpg,4,0.19999997012630627,0.20000001348637234,0.1999999863683936,0.20000000810475596,0.2000000219141718
1411,c4bc166e4fd39ed7b6898e752d0611fc0233e0ff27985d8cdc8ca9b1fe86a816,Healthy-Leaf(1399),Healthy-Leaf (1284).jpg,4,0.19999991292023908,0.2000000393212093,0.19999996027081557,0.2000000236190598,0.2000000638686762
1412,80b53a4b6608f623c6a61eb0004a9789ebdce2a0472eee1c99901225a6a6a5e7,Healthy-Leaf(1399),Healthy-Leaf (1285).jpg,0,0.20000001699746114,0.19999999232474794,0.2000000077550143,0.19999999538972785,0.19999998753304876
1413,13a615a7fb97ee05cb64d8e1d3c47eaa7f3c5758cac0d83ce6b9ccabfdea4fdd,Healthy-Leaf(1399),Healthy-Leaf (1286).jpg,4,0.1999999742529657,0.20000001163265801,0.19999998825745363,0.20000000697961143,0.2000000188773112
1414,274853820134db4c0c89975bc8df8750a4e8f8c96fb0a7f26e39e093e0cc8804,Healthy-Leaf(1399),Healthy-Leaf (1287).jpg,4,0.19999993087647902,0.20000003122779333,0.1999999684727226,0.20000001873966602,0.200000050683339
1415,c26a50ddf84672fc5fe8e8c626844580c6bc4380f0608ecae8b65a923136f56a,Healthy-Leaf(1399),Healthy-Leaf (1288).jpg,4,0.19999988541793878,0.2000000517358312,0.1999999477205024,0.20000003108110395,0.20000008404462358
1416,6c2dc1ee21b7922c6faee5a23b9c5ced0b7697b54523c8f046b97a04b6682680,Healthy-Leaf(1399),Healthy-Leaf (1289).jpg,0,0.2000000204969364,0.1999999907158924,0.20000000933317524,0.199999994458099,0.19999998499589683
1417,69f49ea101038aeda8f74badaad52a2906f5b326581eae4a218ad6827df8c402,Healthy-Leaf(1399),Healthy-Leaf (129).jpg,0,0.2000000433848928,0.1999999803980715,0.20000001978665805,0.1999999882393809,0.1999999681909968
1418,c0c0083cc7691f32ed24479715e0b43052fc48f65cea0d465607760f0348e1c6,Healthy-Leaf(1399),Healthy-Leaf (1290).jpg,0,0.20000013743011025,0.1999999379524482,0.20000006270724952,0.19999996271845347,0.19999989919173847
1419,4e06f920354bb12233ffec2ac3f3313164179469f09d10e2c1e0e5a469b130c9,Healthy-Leaf(1399),Healthy-Leaf (1291).jpg,4,0.19999994210278,0.20000002609256015,0.19999997355211327,0.20000001573492443,0.20000004251762207
1420,916c130743a5d89ccd1fca5190ec648ce32ab28999711df4883afa139fbbc5c2,Healthy-Leaf(1399),Healthy-Leaf (1292).jpg,0,0.20000007733942032,0.19999996508257406,0.20000003528896376,0.19999997901966676,0.19999994326937498
1421,2183f2d3795b8104468ee76dc3a698aa1964ee36363ac9fdad574c321e80e50c,Healthy-Leaf(1399),Healthy-Leaf (1293).jpg,4,0.19999992148356685,0.20000003544496112,0.199999964171755,0.20000002130227018,0.20000005759744685
1422,3f7627c5205ca3931aa2ba6ce99623dccfb0180567a692841942946ac13acfdd,Healthy-Leaf(1399),Healthy-Leaf (1294).jpg,4,0.19999990652959004,0.2000000421968699,0.19999995734867887,0.20000002535852845,0.20000006856633273
1423,932143d9f480f01665776ffb011c8d1952a1cfa0fe6226e96ec7f654cc1ce867,Healthy-Leaf(1399),Healthy-Leaf (1295).jpg,4,0.19999996491650754,0.20000001576982923,0.19999998394705715,0.20000000955991454,0.20000002580669146
1424,d2ed80782aeb6c2230192db7c13b63a52c740015466a8105adce5e31625e3dcb,Healthy-Leaf(1399),Healthy-Leaf (1296).jpg,0,0.20000001172799806,0.1999999946863752,0.20000000533943352,0.1999999968297957,0.1999999914163975
1425,5ec76f3d3628bcd7e3efb203a73370fd8fd36a7071f057d35a03309383ea5313,Healthy-Leaf(1399),Healthy-Leaf (1297).jpg,4,0.1999999616085786,0.2000000173296997,0.1999999824805044,0.20000001041682527,0.20000002816439205
1426,7426d704bb4f26a7e421bf622e2d8d3d77da5a01a645c18841dd9b82573152f4,Healthy-Leaf(1399),Healthy-Leaf (1298).jpg,0,0.20000005513278538,0.19999997508952483,0.20000002514415352,0.19999998505528893,0.1999999595782474
1427,a0e9ee141ef417434b60aa52aa4f57873defd6c04fbf976f71ff6cb08ca293da,Healthy-Leaf(1399),Healthy-Leaf (1299).jpg,4,0.19999990908349566,0.20000004099878477,0.1999999584849035,0.2000000246931817,0.20000006673963436
1428,9f74b8bcbdd1104a2ff9fcb14f04771879247b9e9805f04365b9f0a37000ebbe,Healthy-Leaf(1399),Healthy-Leaf (13).jpg,0,0.20000002364178046,0.1999999893208519,0.20000001078396937,0.1999999935896478,0.19999998266375058
1429,26fdaa3e8017da4418c510c9fbf7d7f451f7ac59271832edc0d4cfe6f5daf3eb,Healthy-Leaf(1399),Healthy-Leaf (130).jpg,0,0.2000000997588381,0.19999995493686004,0.20000004550318776,0.19999997295204225,0.19999992684907178
1430,44bbb532917a875f6d938fa646666f0ae3d724193d7f733d2210549a0549c98f,Healthy-Leaf(1399),Healthy-Leaf (1300).jpg,4,0.1999999410164973,0.2000000266208644,0.1999999730808597,0.20000001600658918,0.20000004327518942
1431,57f5c61b570fb878b19aae25ef36e91d39376a545f71ca4024417ab3e27186b4,Healthy-Leaf(1399),Healthy-Leaf (1301).jpg,4,0.19999998294314159,0.20000000769264664,0.19999999221199757,0.20000000463223752,0.2000000125199766
1432,90921757430cf4c4afaa4d6ac67480189e24342e17f9088ccc1eb69f036ce70f,Healthy-Leaf(1399),Healthy-Leaf (1302).jpg,0,0.20000009142296282,0.1999999587315001,0.20000004171980626,0.1999999751944935,0.1999999329312373
1433,2e100b87dba9af8b367280dc285b30dd143b5c26024ec207a04132eeb002fcf4,Healthy-Leaf(1399),Healthy-Leaf (1303).jpg,4,0.1999999057109204,0.2000000425745497,0.19999995698028347,0.2000000255756812,0.20000006915856522
1434,4d23275432216cff64559cf4ac48da72b185912df5a6a3105f329d056906f6dd,Healthy-Leaf(1399),Healthy-Leaf (1304).jpg,4,0.19999992243168585,0.20000003499049304,0.19999996458726768,0.20000002106106043,0.20000005692949308
1435,a8755a5ad13ddacb5ee7436f1fd7c9d6a84b61927f160cdcdcde8f0f10572af7,Healthy-Leaf(1399),Healthy-Leaf (1305).jpg,4,0.19999987001132297,0.2000000586732769,0.19999994067879612,0.20000003527181212,0.20000009536479196
1436,e537a7af3eb42d364a7310108dfa2030905713ffa57ec3086be17151b9e5e969,Healthy-Leaf(1399),Healthy-Leaf (1306).jpg,4,0.19999990068105641,0.20000004485546216,0.19999995469169926,0.20000002693411664,0.20000007283766544
1437,7b0a5590a675d382a44ba7903ccce13042893578186724602af135ca4616e9a5,Healthy-Leaf(1399),Healthy-Leaf (1307).jpg,0,0.20000006459155362,0.19999997083198573,0.20000002946851264,0.199999982481772,0.19999995262617595
1438,44763205a4c5398e75fa02fbc715eae287368fb9a4b648158224cf390c53a915,Healthy-Leaf(1399),Healthy-Leaf (1308).jpg,0,0.20000007763567063,0.19999996488975766,0.20000003538598257,0.19999997897519883,0.1999999431133902
1439,283541fe693417e3e3375ca546242e425e0bb28359ada45fa340b68d0a7ed09b,Healthy-Leaf(1399),Healthy-Leaf (1309).jpg,4,0.1999999182621396,0.20000003690545345,0.19999996270567721,0.20000002217236235,0.20000005995436737
1440,13cd4c4dbcf3e9cee8d049d32c80b309a20b7d1dce15f9bfc18d5184a57c484b,Healthy-Leaf(1399),Healthy-Leaf (131).jpg,4,0.19999995598059742,0.20000001981733623,0.19999997987812854,0.20000001197602546,0.20000003234791244
1441,6b8944a330e7f4cd4442ff040c64350d1876b72338b857c1b4ece4681b4e519c,Healthy-Leaf(1399),Healthy-Leaf (1310).jpg,4,0.19999991969472658,0.20000003623837828,0.19999996334625753,0.20000002179607312,0.2000000589245646
1442,b7dc230390e7af21007b5e4487371ad70ff8f103a5067dc861198befff28b862,Healthy-Leaf(1399),Healthy-Leaf (1311).jpg,0,0.2000000518540615,0.1999999765741277,0.2000000236508748,0.1999999859421479,0.1999999619787882
1443,ad136fe0216df4bc465d6591bec356bf483e2b6580d778f948cabab60d1f91e5,Healthy-Leaf(1399),Healthy-Leaf (1312).jpg,0,0.20000008690095342,0.1999999607441976,0.200000039637793,0.19999997643882977,0.19999993627822624
1444,239220055ff863c5447425639ee5303a70e00af713d5d8aa03148cbdfae723d6,Healthy-Leaf(1399),Healthy-Leaf (1313).jpg,0,0.20000012502394166,0.19999994353206976,0.20000005703252435,0.19999996609708287,0.19999990831438147
1445,a62e6ac29bb5bddc497cb2a0844068aa00436da4575bd57822d7b6b95fe65bef,Healthy-Leaf(1399),Healthy-Leaf (1314).jpg,0,0.2000000285389034,0.19999998704922398,0.20000001297950287,0.19999999229831358,0.19999997913405612
1446,13c8a1443b42a222b94bff78f2df5c5f36a5499d3436fdf777c2090e7149f401,Healthy-Leaf(1399),Healthy-Leaf (1315).jpg,0,0.20000004098738436,0.19999998146451772,0.20000001868244935,0.19999998889969678,0.1999999699659519
1447,be82f6b6ce481a2474b7cd02d4da19d22e9e933cdaf09194f5b843f720180454,Healthy-Leaf(1399),Healthy-Leaf (1316).jpg,0,0.20000012114703655,0.19999994527430948,0.20000005525835066,0.19999996715375462,0.19999991116654875
1448,a891dd9c28e0b6de5bc0755564fea4880302d0cc4736901915d44e8174fce460,Healthy-Leaf(1399),Healthy-Leaf (1317).jpg,0,0.2000001509940324,0.1999999317806951,0.20000006886551489,0.19999995906811396,0.1999998892916436
1449,a8d75bee0a9059502a0fd377cd5c08a31390c4f5810822d0130baae463f1e291,Healthy-Leaf(1399),Healthy-Leaf (1318).jpg,0,0.20000004623472903,0.19999997908678446,0.20000002107110862,0.19999998748141196,0.1999999661259659
1450,c5100bc6fc72bb390f38fa077c7a26c39321af68fb2d7cff5df0db1ea62a3dde,Healthy-Leaf(1399),Healthy-Leaf (1319).jpg,0,0.20000007648983747,0.19999996546495225,0.2000000349004761,0.1999999792507657,0.19999994389396847
1451,c1390cffaa57bae8f07cbf62fc440c80d1d187bbd29db9e5eb0ce2f49f8f2fcf,Healthy-Leaf(1399),Healthy-Leaf (132).jpg,0,0.20000001531361064,0.19999999303050256,0.2000000069515371,0.1999999958796596,0.19999998882469008
1452,b9963c4ce5b7d841bd7d7c16ed76b4674c9c2e72c99a21e312d7908c69235de2,Healthy-Leaf(1399),Healthy-Leaf (1320).jpg,0,0.20000020584191158,0.19999990705071083,0.20000009391283954,0.1999999441690029,0.19999984902553522
1453,194b1712e818971315a58f2e7e009b67eab6ea70da956cbc2e78d817e124510a,Healthy-Leaf(1399),Healthy-Leaf (1321).jpg,4,0.19999998910313124,0.20000000488729264,0.19999999500711385,0.2000000029759687,0.20000000802649354
1454,0b71cfea5a7cae7a5da67fd04434287971a9ba1a2c741a57d34fbccfe20b5608,Healthy-Leaf(1399),Healthy-Leaf (1322).jpg,0,0.20000002494082272,0.1999999887309101,0.20000001137459528,0.19999999323949005,0.1999999817141819
1455,bc00c2adf9964cc2fb360cf41bd089c738092da57ae7b6e829ac09bde7233bec,Healthy-Leaf(1399),Healthy-Leaf (1323).jpg,0,0.20000010331297627,0.19999995334902146,0.20000004713574243,0.19999997197776534,0.19999992422449442
1456,4a6a87be290827912f7d85153c9b73530e653cf62890e46b69076d55e26be140,Healthy-Leaf(1399),Healthy-Leaf (1324).jpg,0,0.20000005420329997,0.19999997556308188,0.20000002475476078,0.19999998527456223,0.19999996020429522
1457,aaaef9c9b75b46072c8e35c6e41289e800741e46dfc7ea8ee8871c97c58498e9,Healthy-Leaf(1399),Healthy-Leaf (1325).jpg,0,0.2000001561743508,0.19999992947085563,0.20000007124781743,0.19999995764525066,0.19999988546172545
1458,363e551c71d44b96cb88678c7dca93dc0e804c040e56c984c49d0a8a0831627d,Healthy-Leaf(1399),Healthy-Leaf (1326).jpg,4,0.19999990823297384,0.20000004133651358,0.1999999580670818,0.20000002495236063,0.20000006741107015
1459,1b1a55861d7a00ebea072a1e34737bf459256ddda9468913af8d18e17b317fc8,Healthy-Leaf(1399),Healthy-Leaf (1327).jpg,4,0.19999995597998035,0.20000001980779117,0.1999999798715101,0.20000001198234746,0.20000003235837097
1460,760bcb7d9c4aece818456d2488ad0d6a826b5349589146adf6b6639db1ee5d8f,Healthy-Leaf(1399),Healthy-Leaf (1328).jpg,4,0.19999996650693183,0.20000001498805328,0.19999998463174315,0.20000000916768032,0.2000000247055913
1461,3075da7b13d7582dd12c1c26f23f5d8bbb646dcb8244b329c5c839ab5adb8a13,Healthy-Leaf(1399),Healthy-Leaf (1329).jpg,4,0.19999993658414617,0.20000002855505597,0.19999997101529204,0.20000001724992383,0.200000046595582
1462,c51ae25063a5ae3609c5788d2fa0b142ae0639fa92d433381e00f5b5b9988b24,Healthy-Leaf(1399),Healthy-Leaf (133).jpg,0,0.2000000028612178,0.19999999868062904,0.2000000012878446,0.19999999924060535,0.19999999792970324
1463,22285ac9dbcb963580937babfc3be0075b737c792487172ca1d2a92b720a6fcd,Healthy-Leaf(1399),Healthy-Leaf (1330).jpg,4,0.19999991997122982,0.20000003609027733,0.1999999634574949,0.2000000217353999,0.20000005874559798
1464,b6f816a5482e8c9af03832a25a945b8832e19152a801ece2cf8a72757746cf2a,Healthy-Leaf(1399),Healthy-Leaf (1331).jpg,0,0.2000000090485006,0.19999999583704817,0.20000000407877325,0.1999999975930677,0.19999999344261035
1465,6af4573442546e15f02f6a6dc45f1b8432b45515f61873278b1715b7fda6863b,Healthy-Leaf(1399),Healthy-Leaf (1332).jpg,4,0.19999996274434398,0.20000001669900627,0.199999982922721,0.20000001018086297,0.20000002745306567
1466,592e093016cdae195af7da8295c3099297c962dc4627b8cdd50d26282fa29393,Healthy-Leaf(1399),Healthy-Leaf (1333).jpg,4,0.19999997692003266,0.20000001037312443,0.19999998943873956,0.20000000629004416,0.2000000169780591
1467,01900f25ad9ac34d1051b16e7f7a54ee1387569ce8a3d4b3daf6b12064641798,Healthy-Leaf(1399),Healthy-Leaf (1334).jpg,4,0.19999999905935437,0.20000000030340145,0.1999999994928865,0.2000000003294559,0.2000000008149017
1468,9004ec645eba53c083112aa75f1e8262aaa91ace7c72b188c922ebfa3d57e807,Healthy-Leaf(1399),Healthy-Leaf (1335).jpg,4,0.19999993619144177,0.2000000287118727,0.1999999708229749,0.20000001736912737,0.20000004690458326
1469,1eafe0d8f1a4a328fe2278aa6d121793218fd61316c1d71eba200aa14aa9b602,Healthy-Leaf(1399),Healthy-Leaf (1336).jpg,0,0.20000002084913743,0.19999999051641373,0.20000000946781568,0.19999999438741276,0.1999999847792203
1470,399cd83deacdf6301773d0edb8ba4e5e997216763a8c3bee161eda04a42afcfc,Healthy-Leaf(1399),Healthy-Leaf (1337).jpg,0,0.20000002386739804,0.19999998918264203,0.20000001086358357,0.19999999355081982,0.19999998253555643
1471,81ab2330f99a9b234f6bcf8d1b35e3fec9f9ad773aacfefed4d2693a899c4e2f,Healthy-Leaf(1399),Healthy-Leaf (1338).jpg,4,0.19999995340945612,0.2000000209231611,0.19999997866955885,0.2000000127074033,0.20000003429042063
1472,d80333574ab436cbf0cde4d2038cee3fd6ac52e167eafe76d2daccda07fbc34a,Healthy-Leaf(1399),Healthy-Leaf (1339).jpg,0,0.200000018851148,0.19999999140361518,0.20000000854661917,0.1999999949385814,0.19999998626003623
1473,b7ade6c03016d9611ddcc9395d1a782cd8c18f4e109b9ce12eb5bf13c1021c13,Healthy-Leaf(1399),Healthy-Leaf (134).jpg,4,0.1999999422057806,0.2000000261441563,0.19999997366238212,0.2000000156472867,0.2000000423403943
1474,246d8f99841b799147dd557550d1b31c9597fd7ed80a626a3ac3fda1647f8ea7,Healthy-Leaf(1399),Healthy-Leaf (1340).jpg,4,0.19999997078856985,0.2000000131433814,0.1999999866423334,0.2000000079522365,0.2000000214734788
1475,025ea225cfa086f752b9e1970cb61a0e046eb5bb011c6a3626262a6ddd2e1082,Healthy-Leaf(1399),Healthy-Leaf (1341).jpg,4,0.19999992273873285,0.2000000348067583,0.19999996469834566,0.20000002100554629,0.20000005675061683
1476,5f9cdde3ff1188db9df309d3a1297adecd116ea84229bae770e2844ca2488dac,Healthy-Leaf(1399),Healthy-Leaf (1342).jpg,4,0.1999999436167098,0.20000002536849326,0.19999997421677382,0.20000001534924342,0.20000004144877964
1477,8d449fe54b29f50c31949640a920585f5ad8f09da864593a64a6a650e8fbcd13,Healthy-Leaf(1399),Healthy-Leaf (1343).jpg,0,0.2000001148102732,0.1999999480673343,0.2000000523232792,0.1999999689143762,0.19999991588473714
1478,fb8f7e18bec29a68677b1129f44946bb0d5719f4bc9913c1b45021f204d3cf47,Healthy-Leaf(1399),Healthy-Leaf (1344).jpg,4,0.19999997680073783,0.20000001037781068,0.19999998935263125,0.20000000635247303,0.2000000171163472
1479,76af0fd4c1caed5e0d7b269c078b3384b7963869fe76793fe0ab9605c2467016,Healthy-Leaf(1399),Healthy-Leaf (1345).jpg,0,0.20000008306579162,0.19999996241953882,0.20000003785160364,0.19999997751352805,0.1999999391495379
1480,aaecf0ef1125c8b516ad96087e13facc08c55868ba6cbfb967bcc12edfed7b46,Healthy-Leaf(1399),Healthy-Leaf (1346).jpg,0,0.20000005991696343,0.1999999728606476,0.20000002728270366,0.19999998379971942,0.199999956139966
1481,d1a0a36bd4dc9ff8ef898671979b817fe2df52e22aced8c5f86502380a54d158,Healthy-Leaf(1399),Healthy-Leaf (1347).jpg,4,0.19999998604922822,0.2000000061793319,0.19999999355779272,0.20000000385747788,0.20000001035616916
1482,54eda21ba2592a62067494510bb97f1b7ec3e8ad920f38c70104171e1d038f01,Healthy-Leaf(1399),Healthy-Leaf (1348).jpg,0,0.20000002619757357,0.1999999880815782,0.20000001189529878,0.19999999294882623,0.1999999808767232
1483,cb1e30e7c9dd48d52f1426450fa1e95a1e49547551a7d7bfe061b268b82ede0e,Healthy-Leaf(1399),Healthy-Leaf (1349).jpg,4,0.19999996457139496,0.20000001588615746,0.19999998376417372,0.20000000967793036,0.20000002610034354
1484,a8cf1b41967aac3af047b3844a77b78f903e14c6d5f6df77c3d1c647e9cd827e,Healthy-Leaf(1399),Healthy-Leaf (135).jpg,0,0.20000002903204087,0.19999998685475698,0.20000001322258532,0.1999999921472565,0.19999997874336023
1485,0e4841bfb32b847f0ad28942b10f0d197e8581b33986f87e2429232dacfecaf2,Healthy-Leaf(1399),Healthy-Leaf (1350).jpg,0,0.20000002068659586,0.19999999060903803,0.20000000940603965,0.19999999441969352,0.19999998487863302
1486,5bc1cb054552b775fdd5387a1dff9b151a7d2f81f86eb4277eb62d38c32e9bcc,Healthy-Leaf(1399),Healthy-Leaf (1351).jpg,4,0.1999999441094372,0.20000002514102533,0.19999997443840523,0.2000000152185992,0.2000000410925331
1487,cabd369666ced552103bc768be486f6a951fbb8aea2927c0279a658e4c3593af,Healthy-Leaf(1399),Healthy-Leaf (1352).jpg,0,0.20000006023702616,0.19999997273948206,0.20000002744371545,0.19999998369854136,0.19999995588123495
1488,455459943d49245094fdff47a5511f384de3b2316d4b643b63cd5449ab061a3c,Healthy-Leaf(1399),Healthy-Leaf (1353).jpg,0,0.20000007879827075,0.19999996430627548,0.20000003587876453,0.1999999786958001,0.1999999423208892
1489,441376d2d1ff5e9d355201246fc5e23b8ac4285824664c6467ecf2082469427d,Healthy-Leaf(1399),Healthy-Leaf (1354).jpg,0,0.2000000102508764,0.1999999952934475,0.20000000462694761,0.19999999726731113,0.19999999256141726
1490,4c81fd2fc8639c933a7c56df1e73c5309c95fbbb85b70f44d4f5f20c0d527f71,Healthy-Leaf(1399),Healthy-Leaf (1355).jpg,4,0.19999996157568933,0.20000001729121175,0.1999999824311475,0.20000001045846177,0.2000000282434896
1491,71f23ebdddc8d16ee06d430968c6e6e4ac3ba2038f04b4bfb6b91d09e1b6420f,Healthy-Leaf(1399),Healthy-Leaf (1356).jpg,0,0.20000001145929336,0.1999999947537321,0.2000000051820666,0.1999999969358468,0.19999999166906113
1492,89bafc8d3d6e78331352c86c988640bd07bbd759a04fbdc78bc0aa51acdfaaab,Healthy-Leaf(1399),Healthy-Leaf (1357).jpg,4,0.1999999851809951,0.20000000660312656,0.1999999931820887,0.20000000407358878,0.2000000109602009
1493,c74695f5e254dd454815ffca882da4d34ec8c9104c69f41b8bce5d12cd3be359,Healthy-Leaf(1399),Healthy-Leaf (1358).jpg,4,0.1999999379411136,0.20000002792988422,0.19999997162640407,0.20000001688944946,0.2000000456131487
1494,e7ebc626f0303bc80fd122052ab150e349e323d217238cf3291ccd3c51bd29a7,Healthy-Leaf(1399),Healthy-Leaf (1359).jpg,0,0.20000002653894847,0.1999999878913083,0.20000001202770606,0.19999999287817666,0.19999998066386057
1495,c0a5304e55344081bc63f5b0d532c0f3ab94543c76f61874e7d6224881a8ee92,Healthy-Leaf(1399),Healthy-Leaf (136).jpg,0,0.2000000947177844,0.19999995725552172,0.20000004323068407,0.19999997429359218,0.19999993050241757
1496,48f5c849bba8d0d3515a8357c96475b37f306a3226f29647e8ca8f3453a0127d,Healthy-Leaf(1399),Healthy-Leaf (1360).jpg,4,0.19999999130406634,0.2000000038273968,0.19999999596879375,0.20000000241957058,0.20000000648017255
1497,6357ce275dd2f9d421cb0d10a23667626f63ca47577b6ff4c466162924c96494,Healthy-Leaf(1399),Healthy-Leaf (1361).jpg,0,0.20000003587786896,0.19999998374574984,0.2000000163346197,0.19999999030162163,0.19999997374013984
1498,be283796a9d0930512eca90e2c2231b91fb89db6e82dee15374225e589d4826c,Healthy-Leaf(1399),Healthy-Leaf (1362).jpg,4,0.19999998468299238,0.20000000676064913,0.1999999929114608,0.20000000424977574,0.20000001139512194
1499,f73a6204c310be7e1830f822e29f8fca819c6aa36ba45ece57303c0344de5a79,Healthy-Leaf(1399),Healthy-Leaf (1363).jpg,4,0.19999986693700048,0.2000000600082922,0.19999993924197826,0.20000003613839912,0.2000000976743298
1500,b475b34592903db018a1670e9fbfd5606a12b7180b6a86b7202fd5bc717cf5d1,Healthy-Leaf(1399),Healthy-Leaf (1364).jpg,4,0.19999994272405158,0.2000000257445894,0.19999997379215997,0.20000001560775424,0.2000000421314448
1501,afc6d6bf3f4c7bf83ee1f7bba0dcc17fe0c1a3eeacd34bfbdf2b6574fe35941e,Healthy-Leaf(1399),Healthy-Leaf (1365).jpg,4,0.19999994977203855,0.20000002260310715,0.19999997703422923,0.20000001367116116,0.20000003691946397
1502,f4b7fd3164926b6a94868d9545350fdd4dfc8b1bbdd248ff01d4545b67336cd8,Healthy-Leaf(1399),Healthy-Leaf (1366).jpg,4,0.19999989666865411,0.2000000465579306,0.1999999527907175,0.200000028089308,0.20000007589338983
1503,15a0b06ba0b5934bd1d8365c7c99570cb322deaf4f451722df664cc45ca127e2,Healthy-Leaf(1399),Healthy-Leaf (1367).jpg,4,0.19999993975265742,0.20000002713490375,0.19999997246774084,0.20000001638402973,0.20000004426066822
1504,78a0d107f18164d7f3d1c4f9d7b4cffe4a92b38fd7731604e84c95838b8215d9,Healthy-Leaf(1399),Healthy-Leaf (1368).jpg,4,0.19999991985315765,0.200000036121531,0.19999996338941414,0.20000002178093337,0.20000005885496386
1505,1e404fc49350114fd426a0b6dde537100ed492ecb5c670992bf68784fc521ecd,Healthy-Leaf(1399),Healthy-Leaf (1369).jpg,4,0.1999999120660825,0.20000003960861165,0.1999999598178271,0.20000002391088798,0.20000006459659078
1506,881201fbab7e933d7c97f0c28ba6b8a5badae968607456a44a1f7a3f13c45f55,Healthy-Leaf(1399),Healthy-Leaf (137).jpg,0,0.20000013365552363,0.19999993962595544,0.20000006096515133,0.19999996376098994,0.1999999019923795
1507,9925550bf7ce4c3f68befce66fa1780ee4dd20c9d7739da5612470480b369e1b,Healthy-Leaf(1399),Healthy-Leaf (1370).jpg,4,0.19999997180065787,0.2000000126707271,0.199999987093963,0.20000000768713172,0.2000000207475204
1508,375093a36809ad531f1bfb2861b94ff02226d82df1d284bedc0dfe37763ca892,Healthy-Leaf(1399),Healthy-Leaf (1371).jpg,4,0.19999993557353002,0.2000000290056021,0.19999997055045926,0.20000001752749338,0.20000004734291515
1509,fb74664830f941e4f1c9d730ae8199d794c48a2c54e1ad240a4639f5a05ba27e,Healthy-Leaf(1399),Healthy-Leaf (1372).jpg,0,0.20000003983544945,0.1999999819259641,0.2000000181190908,0.19999998924817228,0.1999999708713234
1510,c7a75a1ce738ca743b53a8a2b6fa444da54b0f5b2a3aea10a6ac601055a6e7b7,Healthy-Leaf(1399),Healthy-Leaf (1373).jpg,4,0.199999947086617,0.20000002376278248,0.19999997577483805,0.20000001443175078,0.20000003894401178
1511,bdd28741bdbc237aa4cade71f32c0e85f2cde0ea4b0128d580688fb39bffb276,Healthy-Leaf(1399),Healthy-Leaf (1374).jpg,4,0.19999990340773832,0.2000000435065445,0.1999999558599866,0.2000000262665692,0.20000007095916145
1512,b6380dcadec02c69ab5edac1c670d3d29af35fac5c2cd27a629c041a082e9ce7,Healthy-Leaf(1399),Healthy-Leaf (1375).jpg,4,0.19999995807185972,0.20000001879419893,0.19999998078149,0.20000001145715426,0.200000030895297
1513,b198eacad99d21f35e6ce90d233020cd857f2d620363fc4fc972163872cba812,Healthy-Leaf(1399),Healthy-Leaf (1376).jpg,4,0.1999999420635442,0.20000002607402992,0.1999999735108681,0.20000001576786183,0.200000042583696
1514,c541b3e6e6225d936cd1d93a7ebd96e6051a67b47d575135f600cecaeee520e0,Healthy-Leaf(1399),Healthy-Leaf (1377).jpg,0,0.20000001414696425,0.199999993517288,0.20000000639350987,0.199999996220691,0.1999999897215469
1515,837d49d21a45321ce1143e239b016682f7d2a4711fc6acc382796c5b7b59ddfe,Healthy-Leaf(1399),Healthy-Leaf (1378).jpg,0,0.20000007090977806,0.19999996788445581,0.20000003229001573,0.19999998082544687,0.19999994809030353
1516,aac7122aa96cc3abfcf15efcfef5675132fcb2b78ba03dabb78f6498799f759d,Healthy-Leaf(1399),Healthy-Leaf (1379).jpg,0,0.20000016501030213,0.19999992543724898,0.2000000752508686,0.19999995527515663,0.19999987902642374
1517,da2dbdc9713226ab74f706cf3f000f1dbb2f9bf1115ee5cfeedc97e63b394a63,Healthy-Leaf(1399),Healthy-Leaf (138).jpg,0,0.2000001045691179,0.19999995277666527,0.20000004770555088,0.19999997164011807,0.19999992330854774
1518,8c03b7d2d8541c2ea348423ca28466e718ce2b9d0baf1c10d07f13cb27b6541d,Healthy-Leaf(1399),Healthy-Leaf (1380).jpg,0,0.20000007090309008,0.19999996790786917,0.2000000323001049,0.1999999808148145,0.19999994807412136
1519,494419d66a164e07a9beea27d421ae8137b188c1e26dd02310fdf3ca2c74c4c9,Healthy-Leaf(1399),Healthy-Leaf (1381).jpg,0,0.20000011509926335,0.19999994795660583,0.2000000524678209,0.19999996882380547,0.19999991565250455
1520,b67ee083ad00a3ac61bacff6ff4f4d384d5ffbe95451b61fcb8a31d6cb47efd6,Healthy-Leaf(1399),Healthy-Leaf (1382).jpg,0,0.2000001172620242,0.1999999469261687,0.20000005341987295,0.19999996827012997,0.19999991412180412
1521,de789f9c5ef613a44b7a8c488b1d3746567ef2160a31a32d23dfaa5336002903,Healthy-Leaf(1399),Healthy-Leaf (1383).jpg,0,0.20000010462271306,0.19999995263976197,0.20000004765734122,0.19999997169445702,0.19999992338572678
1522,72d67c5b1efc2e7e2e918aea107ba2c1ef1f53983aede075774f17d52c1ee443,Healthy-Leaf(1399),Healthy-Leaf (1384).jpg,0,0.20000004763150264,0.19999997844606743,0.20000002170196216,0.19999998710867778,0.19999996511179008
1523,668c77b5306219ec502468de6f1659165e67a4142be23ba9b0693375d325a0b5,Healthy-Leaf(1399),Healthy-Leaf (1385).jpg,0,0.20000003903547428,0.1999999823836729,0.20000001781621898,0.19999998940600724,0.19999997135862668
1524,ee107d3005043f040924979ee97b121afdca2a6e56e0a10cf3ab11ce12de2538,Healthy-Leaf(1399),Healthy-Leaf (1386).jpg,0,0.20000010963863452,0.1999999504969141,0.2000000500244826,0.1999999702593599,0.19999991958060892
1525,c0e0b0d6ff3ed19a678828b3de4e90754a337eda1dd56a98810ff04646333559,Healthy-Leaf(1399),Healthy-Leaf (1387).jpg,0,0.20000006935823092,0.19999996866543732,0.2000000316339512,0.19999998119718373,0.19999994914519678
1526,9c43526fa3284a2c3bd4da9a1501c4c181b9be6c3f367672443d372ed37e60ea,Healthy-Leaf(1399),Healthy-Leaf (1388).jpg,0,0.20000001303161521,0.19999999416058942,0.20000000597467252,0.19999999643791921,0.19999999039520364
1527,4844a3e4dd7cb4c9c61cc36a6e581398361f5fa1f2dc14268089103e64dc23b4,Healthy-Leaf(1399),Healthy-Leaf (1389).jpg,0,0.20000021444264607,0.19999990323091044,0.2000000978778619,0.1999999417969797,0.1999998426516019
1528,a9e2481309e253df8997f83199cb34f9027675645f8be3c996c37819ffcdb15c,Healthy-Leaf(1399),Healthy-Leaf (139).jpg,0,0.2000000981228013,0.1999999557363238,0.20000004479598682,0.1999999733588488,0.19999992798603933
1529,5c7264dbf382b39339f1a9a30703f5bbd016dade8a6d2c44306f72d6ef95e47b,Healthy-Leaf(1399),Healthy-Leaf (1390).jpg,0,0.20000033600514475,0.19999984834400017,0.20000015334261864,0.1999999088219913,0.19999975348624507
1530,16621c0a3de19401c850b4cfd06061d4b735b78259897dd1f6cf6cb673b6cae6,Healthy-Leaf(1399),Healthy-Leaf (1391).jpg,0,0.20000031428237805,0.19999985817141408,0.20000014344388106,0.1999999147028687,0.1999997693994581
1531,a677086f167bb155ca100d530b7c00c898ab7244bea409ff83721ace4cd0dc0e,Healthy-Leaf(1399),Healthy-Leaf (1392).jpg,0,0.20000028884445417,0.19999986962464245,0.20000013181657214,0.19999992162273164,0.19999978809159966
1532,0fbc76318da8fdc5db4deb75c76ab53aff03608c55dab9f390599705c775aab7,Healthy-Leaf(1399),Healthy-Leaf (1393).jpg,0,0.2000002293647988,0.19999989645958055,0.20000010466460927,0.19999993776991865,0.19999983174109284
1533,bd3a01564a88ab5da229edf9adc185a5ab53a2b248537b01f785fb17dee31baf,Healthy-Leaf(1399),Healthy-Leaf (1394).jpg,0,0.20000029908584344,0.19999986502497274,0.20000013650509657,0.19999991882978707,0.1999997805543001
1534,95857c0561561d3384d94665da7f1a04d6d414506a32c71caf09304fdfdae0d2,Healthy-Leaf(1399),Healthy-Leaf (1395).jpg,0,0.20000017637529244,0.19999992038004602,0.20000008048418522,0.19999995214702923,0.19999987061344712
1535,6a7965a4f7cf22f89c0d859c934785ce8240884b020a728b44d7eaf1f07bab27,Healthy-Leaf(1399),Healthy-Leaf (1396).jpg,0,0.20000026436930068,0.1999998806725224,0.20000012064743977,0.1999999282636448,0.1999998060470923
1536,f0e9179e511616f24c6c26f88035a1904f7670cecf7f4b68837358310fdc640d,Healthy-Leaf(1399),Healthy-Leaf (1397).jpg,0,0.20000025177887717,0.19999988633779858,0.2000001148902854,0.19999993169077446,0.1999998153022643
1537,e17904391631061b33cbf026a75e89c014253416d91d55951b4aa194a0cc2a9d,Healthy-Leaf(1399),Healthy-Leaf (1398).jpg,0,0.2000001821735339,0.19999991772870054,0.20000008310814898,0.1999999505944352,0.19999986639518136
1538,2c3e73890397fdbfd4c93d61900fb41d3a6ff0f2b19daf5bdbd97fa6e3d8be09,Healthy-Leaf(1399),Healthy-Leaf (1399).jpg,0,0.20000028613971726,0.199999870846587,0.20000013058300592,0.19999992235614028,0.19999979007454954
1539,a7626348e86cad424227013b2e7caef03c782e0893bf10a9f5f41564eee9e6eb,Healthy-Leaf(1399),Healthy-Leaf (14).jpg,4,0.1999999612486045,0.20000001746839965,0.19999998230084065,0.2000000105289497,0.20000002845320541
1540,a165aeef578ae331afbeca15f53a94835a940c4e5dc5050d0a44c78762052fd7,Healthy-Leaf(1399),Healthy-Leaf (140).JPG,4,0.19999979652341746,0.20000009195318694,0.19999990721262395,0.2000000551454411,0.20000014916533052
1541,d99ea67cf326589fa0928d9d48a845d350e0cf7dce3ce8658d3b71826141e2b8,Healthy-Leaf(1399),Healthy-Leaf (141).JPG,4,0.19999980071828996,0.2000000900453892,0.19999990911774626,0.2000000540159543,0.2000001461026203
1542,2684222b78f7b3fa9a34da60a321127803b327966d272ed730d207f842f9be81,Healthy-Leaf(1399),Healthy-Leaf (142).JPG,4,0.19999983974949725,0.20000007245161688,0.19999992694533464,0.20000004341049504,0.20000011744305618
1543,122e1507837844b4c6bb93d75ce5eec71a58e998038d22aca31080cdbe295639,Healthy-Leaf(1399),Healthy-Leaf (143).JPG,4,0.19999991718001472,0.20000003746295805,0.19999996225638858,0.20000002242377177,0.20000006067686676
1544,b331114a1251f475212eb6c10e5d4d96c0f8a6b1facc5b267da85beb94fa4589,Healthy-Leaf(1399),Healthy-Leaf (144).JPG,4,0.19999980013721488,0.20000009028766505,0.19999990883964328,0.20000005418580485,0.20000014654967205
1545,d8c5365ef8619f43ff640d3074b98ad168d31a8ed229e37af7a02dafc67083d0,Healthy-Leaf(1399),Healthy-Leaf (145).JPG,4,0.19999990964072883,0.20000004087765177,0.19999995882329408,0.20000002446240106,0.20000006619592417
1546,0cfe3218f9a9c024bcfd3948de85ee8b73f209a814b310f775eb296e44cc164c,Healthy-Leaf(1399),Healthy-Leaf (146).JPG,4,0.1999997489771434,0.20000011337850485,0.199999885491484,0.20000006806872267,0.20000018408414508
1547,5a9c3c544b6121b04abaa256b89cc3720485c01efc0c466e3c74cc44332b8824,Healthy-Leaf(1399),Healthy-Leaf (147).JPG,4,0.1999998145148016,0.20000008381779102,0.19999991541371934,0.2000000502725182,0.20000013598116992
1548,97bd934d49c771c281d0439f0eddc11128e4f1b9603c8691db5ff8884a4856ea,Healthy-Leaf(1399),Healthy-Leaf (148).JPG,4,0.1999997957887899,0.2000000922453585,0.1999999068519392,0.2000000553688963,0.2000001497450161
1549,7304f03f28f2bba5724655a63aad5a9ba60f7a5e0fd2474429d6924719604955,Healthy-Leaf(1399),Healthy-Leaf (149).JPG,4,0.19999991162603134,0.2000000399464989,0.19999995970670484,0.2000000239450924,0.2000000647756726
1550,b7e52ad156eeae9ec49170b7f3fc3589b79e5209d575923e329b2e463c9ffeba,Healthy-Leaf(1399),Healthy-Leaf (15).jpg,0,0.20000002948261703,0.19999998667323143,0.20000001344228754,0.19999999201171653,0.19999997839014744
1551,e93f1de324c95bc51524cc96e4af0394e0fc8c64fa950ef8c34b116988c12c42,Healthy-Leaf(1399),Healthy-Leaf (150).JPG,4,0.19999984440002436,0.20000007037066653,0.19999992907930417,0.20000004213750125,0.20000011401250367
1552,f676004b36a4f94ac646b304b66f5ac5701ad4a46b39dddffbf9d1425d86e08a,Healthy-Leaf(1399),Healthy-Leaf (151).JPG,4,0.1999997888868585,0.2000000953693679,0.19999990370777432,0.2000000572364122,0.2000001547995871
1553,8ef0b127d1fe1275214c0c45bd8c5c2e06b4249b703af9b078ddc4f6a4d60be3,Healthy-Leaf(1399),Healthy-Leaf (152).JPG,4,0.1999997976764211,0.20000009143210687,0.19999990773840867,0.20000005483297156,0.20000014832009178
1554,1349f743f9208f1a22ab150e338dbe7d0b8df1894ece65253f5f4e9132e05618,Healthy-Leaf(1399),Healthy-Leaf (153).JPG,4,0.19999978645033237,0.20000009645137531,0.1999999025844057,0.2000000579083841,0.20000015660550238
1555,79766595cac76a4c483c4007e48c5dfec223b68423c70b8a193a54767b714030,Healthy-Leaf(1399),Healthy-Leaf (154).JPG,4,0.1999997528489604,0.20000011164713505,0.19999988726886583,0.20000006700823367,0.20000018122680502
1556,b6e977527495358820dd6c5db9a5053af529c7ac210a62a35ba88452c10110c8,Healthy-Leaf(1399),Healthy-Leaf (155).JPG,4,0.1999998037600237,0.2000000886275762,0.19999991047692006,0.20000005321795045,0.20000014391752963
1557,9deb26c8138139d20619389e7b8a0b27847f2d45366ed273a7c14e51fc297448,Healthy-Leaf(1399),Healthy-Leaf (156).JPG,4,0.19999988461648535,0.2000000521749743,0.19999994740462387,0.20000003125134855,0.20000008455256804
1558,09d22f03ed15bd95bee7ce817f58bc7339592e1a825cb65a754b930fb52a6184,Healthy-Leaf(1399),Healthy-Leaf (157).JPG,4,0.1999997915652076,0.20000009415873743,0.19999990492897396,0.20000005651064875,0.20000015283643227
1559,fe5834dfe7df714a0503b0ab7c4de8db953aad7f4e27b82dde6558d9d02f81be,Healthy-Leaf(1399),Healthy-Leaf (158).JPG,4,0.19999980793092348,0.20000008682300816,0.19999991243065485,0.20000005203853535,0.20000014077687814
1560,4284d26e618d08482b84175ee16ba5067e0232d128afd9d7bd072d7853ca1564,Healthy-Leaf(1399),Healthy-Leaf (159).JPG,4,0.1999998334990732,0.200000075290165,0.19999992410403036,0.20000004509598096,0.2000001220107504
1561,89416f4974e14e68383b18a6b1441d2068bd97ecaff9013730cd07d46527fd43,Healthy-Leaf(1399),Healthy-Leaf (16).jpg,0,0.20000013787720525,0.19999993778631334,0.20000006293423356,0.1999999625753148,0.19999989882693317
1562,527c622920f6f9effc424d8c7efe8199776dfff86356803d1cb59c1b203a7b69,Healthy-Leaf(1399),Healthy-Leaf (160).JPG,4,0.1999998816201477,0.20000005357840803,0.19999994607014743,0.20000003203331743,0.20000008669797942
1563,c2dcc4adcbeda19baec1c836c2b15f992a0672f7f17f6698c899405120322bc7,Healthy-Leaf(1399),Healthy-Leaf (161).JPG,4,0.19999978989206585,0.2000000949139009,0.19999990416539426,0.2000000569646543,0.20000015406398478
1564,cac3f80a19e3e53c4da2a1496412d23ddd02b1577bd2884a07947bd3439cc962,Healthy-Leaf(1399),Healthy-Leaf (162).JPG,4,0.19999980943642065,0.2000000861221969,0.19999991310400592,0.20000005164306303,0.20000013969431352
1565,a54f98377aedb683836d193b773defdb05ce3914b280aeda12f21bfb07607b9a,Healthy-Leaf(1399),Healthy-Leaf (163).JPG,4,0.19999977770410143,0.20000010042107066,0.19999989860709555,0.20000006026826128,0.20000016299947107
1566,aa8f6cba607abdb29d8285b8df91e223f4896dd3174102513db62cf05be6dc1b,Healthy-Leaf(1399),Healthy-Leaf (164).JPG,4,0.19999980737151835,0.20000008707067143,0.19999991217238114,0.2000000521933921,0.20000014119203707
1567,457860ae7a45439e487b388a66cf62b0584cfadc8875a3768d741d5137299f35,Healthy-Leaf(1399),Healthy-Leaf (165).JPG,4,0.19999980947263984,0.200000086104241,0.19999991311951426,0.20000005163425885,0.20000013966934616
1568,9997e8acf60bd0385538bf16c713e62cdea020bdca0e42115940dddb8139ebd0,Healthy-Leaf(1399),Healthy-Leaf (166).JPG,4,0.19999981011757467,0.20000008579199843,0.19999991340018022,0.20000005147210143,0.20000013921814533
1569,ceaeb9671f138dd042d7e0ba50f501ec6011540b03faf36c719be23190541266,Healthy-Leaf(1399),Healthy-Leaf (167).JPG,4,0.19999982555955242,0.2000000788698584,0.19999992047819937,0.20000004725276657,0.20000012783962312
1570,d2622473304d87ecd3ad43d8781cdb26aa1eea5c2fc2dea5ecabdee2044a60a1,Healthy-Leaf(1399),Healthy-Leaf (168).JPG,4,0.1999998184285927,0.20000008201375036,0.19999991717562263,0.20000004923336556,0.20000013314866877
1571,fde88282c863a97decbbc341c76d68a0245a68cee49a13a0463f86b3ca1e5ab4,Healthy-Leaf(1399),Healthy-Leaf (169).JPG,4,0.19999984835700557,0.20000006854084343,0.19999993085693712,0.20000004109046599,0.20000011115474783
1572,c82dc85af2b3c71e0c25eecef9e33556a9f973b325c62b453898be51b06ceca2,Healthy-Leaf(1399),Healthy-Leaf (17).jpg,0,0.20000005508322968,0.19999997512096798,0.20000002512734152,0.1999999850632062,0.1999999596052547
1573,409790d9be9aac778e05266cea90ef2237823a97dee0fe010ffdccdca13811b0,Healthy-Leaf(1399),Healthy-Leaf (170).JPG,4,0.19999978371531868,0.20000009776175448,0.19999990138515883,0.2000000586041273,0.2000001585336408
1574,4da3c4952222c156b50c04f4368b95b9d191c115521e83adf16d9e9952475682,Healthy-Leaf(1399),Healthy-Leaf (171).JPG,4,0.19999978763131745,0.20000009590247356,0.19999990311310556,0.20000005759752099,0.2000001557555823
1575,d2e3491776b2bd8a34115308c03801bdcb551eaca06baa0bae1734f34c7d00fa,Healthy-Leaf(1399),Healthy-Leaf (172).JPG,4,0.19999985289222957,0.20000006645763044,0.19999993290321127,0.2000000398819347,0.20000010786499411
1576,cd8977c53d78b16818cb4a31e4738e149a2cab281958edc2ee1de782d4f04c86,Healthy-Leaf(1399),Healthy-Leaf (173).JPG,4,0.1999998487750498,0.20000006837746606,0.19999993106397654,0.20000004096160545,0.20000011082190217
1577,eddaf2d7536756a13d0429256fc27dc24110032862cb32c5b5f9cfaa73da4a5c,Healthy-Leaf(1399),Healthy-Leaf (174).JPG,4,0.19999988545534436,0.20000005177865934,0.19999994777603813,0.20000003103440117,0.20000008395555696
1578,cce8bd05fcbdbe96abb598845fd5410ffca08e10209442aacdde208e5f29082d,Healthy-Leaf(1399),Healthy-Leaf (175).JPG,4,0.19999981071358366,0.20000008557457605,0.19999991370554418,0.20000005127893736,0.20000013872735864
1579,9f2674aa3e885c7201bde8715124cc2a41b517268a1852d98d60913a531ba0bb,Healthy-Leaf(1399),Healthy-Leaf (176).JPG,4,0.19999989938735324,0.2000000455323797,0.19999995416124805,0.2000000272282231,0.20000007369079606
1580,8eab91cee32bca578e5671f1fdf54062d62c2b12de1f4bc136af9ba7641744d0,Healthy-Leaf(1399),Healthy-Leaf (177).JPG,4,0.1999998215063603,0.20000008065131414,0.19999991859753502,0.2000000483818903,0.2000001308629002
1581,5a36eb5187a44c0b29b44e74227f80058ba9dd5900176c4c00ab0bbb1cfad181,Healthy-Leaf(1399),Healthy-Leaf (178).JPG,4,0.19999980791045455,0.20000008677985853,0.19999991238754555,0.20000005207609786,0.2000001408460436
1582,d7980bb9c87e2b26067a1eda646aaa6ce82e9ed5d82443f74f7622cfdc6b54a3,Healthy-Leaf(1399),Healthy-Leaf (179).JPG,4,0.19999990275250726,0.20000004400258256,0.1999999556899358,0.20000002632176175,0.2000000712332126
1583,c5b0bc92456c0c9f7c8a3d6ee2bdf28a4ff2d868d062b86f46462d1feebdc03c,Healthy-Leaf(1399),Healthy-Leaf (18).jpg,4,0.1999999958360034,0.20000000189793868,0.19999999811168828,0.20000000111856178,0.2000000030358079
1584,68bcba5047bc57e94a6c7a5b5a7d04a5ad9c2921bc5cdb209cddca65daa1940e,Healthy-Leaf(1399),Healthy-Leaf (180).JPG,4,0.1999998442503721,0.2000000703554384,0.19999992895760263,0.20000004222861362,0.20000011420797323
1585,74c66e41fe6bd129edff9605ea11b8e4b22887fc90cf659239106aefcebbebfe,Healthy-Leaf(1399),Healthy-Leaf (181).JPG,4,0.19999984728826747,0.20000006903016174,0.1999999303736363,0.20000004137632343,0.20000011193161113
1586,beaaec046e31b010e944920da5af818fa1f34e9fe579846b0e51360ad9d49d17,Healthy-Leaf(1399),Healthy-Leaf (182).JPG,4,0.19999983262137272,0.20000007566503894,0.1999999236897954,0.20000004534713545,0.20000012267665757
1587,43cbcf3898a5c03b1ec204f0ce65d7756b069b755fe1d6c779ce1d930d7207bc,Healthy-Leaf(1399),Healthy-Leaf (183).JPG,4,0.19999981804455177,0.20000008219130258,0.1999999170031014,0.20000004933500934,0.20000013342603487
1588,a7932ac1d856e7ba64d67eb4fbfdb3796ffb0cb96f38e001a2d5a71903330ba0,Healthy-Leaf(1399),Healthy-Leaf (184).JPG,4,0.1999999783587872,0.20000000988917913,0.19999999020187068,0.20000000579826727,0.20000001575189583
1589,4284ebd874f260d4cdefd05d20e92e63dd8fd674bf219dd4a9c33f86b3e3f1b3,Healthy-Leaf(1399),Healthy-Leaf (185).JPG,4,0.1999999821979592,0.20000000814034513,0.1999999919436582,0.200000004766231,0.20000001295180644
1590,25abd2cfb8fd585fda959f705c4a58544768338a6f15f19da8cfdc401413dfc0,Healthy-Leaf(1399),Healthy-Leaf (186).JPG,0,0.20000002984457357,0.1999999865771581,0.20000001365080022,0.19999999187221465,0.1999999780552535
1591,93a710095f189bdc21e51cb6afba84bfffa03660feb78bbcfe0ac4e0b99a5d8b,Healthy-Leaf(1399),Healthy-Leaf (187).JPG,4,0.19999984636858564,0.2000000693890201,0.19999992991760313,0.2000000416601544,0.20000011266463683
1592,8d523b00a6f07e9edf724dafbadd87b12e3ab67472baf990bfda020560bad293,Healthy-Leaf(1399),Healthy-Leaf (188).JPG,4,0.19999991220837204,0.20000003975429917,0.19999996001798206,0.2000000237438636,0.2000000642754831
1593,b2ee05c4c5ea5890bcdfcdaf0920fbb48064103e8a3e213d4893901c36024a30,Healthy-Leaf(1399),Healthy-Leaf (189).JPG,4,0.19999996953638283,0.20000001384676042,0.19999998615989015,0.2000000082073476,0.20000002224961905
1594,823bccc4a7d10757cb738ef5f5451269726e799e6f5d6cc89de5dda85860c4e1,Healthy-Leaf(1399),Healthy-Leaf (19).jpg,4,0.19999993811959382,0.20000002790085494,0.19999997174100367,0.2000000168093255,0.20000004542922215
1595,70b73ff0b61cf7de0f5885a01c9f6cd01f7680982f87ffdbc558697bcb1efe71,Healthy-Leaf(1399),Healthy-Leaf (190).JPG,4,0.19999985804920511,0.20000006416532062,0.19999993527950824,0.20000003846098016,0.20000010404498592
1596,29bd0e53767ffafa8c0d76533236683d61451d7f591fcac9d917950089826b61,Healthy-Leaf(1399),Healthy-Leaf (191).JPG,0,0.20000002026324973,0.19999999096122384,0.2000000093166253,0.19999999443588024,0.199999985023021
1597,bd18231b687535ee633bab0ec822040336af7740e101a424124873ccb9cd6072,Healthy-Leaf(1399),Healthy-Leaf (192).JPG,4,0.19999980800909384,0.20000008676371103,0.19999991245085252,0.20000005203203972,0.20000014074430283
1598,cbc230d5331dfb4a591ed33e91223e720688e72d31694326a6b2b87968a4d208,Healthy-Leaf(1399),Healthy-Leaf (193).JPG,4,0.19999988688469011,0.20000005115963124,0.19999994844516925,0.20000003063063088,0.20000008287987858
1599,b5f15e919aede28ac0f09e991e43c87db285a85b516e09270f06fe4394fcb33e,Healthy-Leaf(1399),Healthy-Leaf (194).JPG,4,0.19999987975658165,0.20000005431644902,0.1999999451530745,0.20000003260176236,0.20000008817213238
1600,4a9a563f8df272f06b7707a073c6c2df3d8c89d9d885afd90b1b4d13273b2cf4,Healthy-Leaf(1399),Healthy-Leaf (195).JPG,4,0.19999999129362525,0.2000000040309624,0.19999999609199687,0.20000000230054224,0.20000000628287312
1601,a4f08cd24641df040f75a7dc5515b7c0a3360246f9940fc8441d15ea4a52c839,Healthy-Leaf(1399),Healthy-Leaf (196).JPG,4,0.19999980666827788,0.20000008735207,0.1999999118281151,0.20000005240617896,0.20000014174535818
1602,7a2afd9583e93e84630ae8209ef0053c7e9ec6b55fad02ae05a19e44442c18ad,Healthy-Leaf(1399),Healthy-Leaf (197).JPG,4,0.19999984124858045,0.20000007176151394,0.1999999276207683,0.20000004301190066,0.20000011635723672
1603,c7be10b59cc23c0950bdd9bfffad28b26aba6abb347e091539a10464c38dab15,Healthy-Leaf(1399),Healthy-Leaf (198).JPG,4,0.1999998544343815,0.2000000657344541,0.19999993358959453,0.20000003948007558,0.20000010676149432
1604,2477458991171182830cb44e60a6c4dfd6f88c8a6394d15c72e76fc7de81ffcf,Healthy-Leaf(1399),Healthy-Leaf (199).JPG,4,0.19999995640005133,0.20000001975337073,0.1999999801503604,0.20000001178560015,0.20000003191061738
1605,e98837244dc2ea21a677ff27dbb3f8f7ad1ccb40fbb943d6b0fff82fcffbad28,Healthy-Leaf(1399),Healthy-Leaf (2).jpg,0,0.20000027247968885,0.19999987704496905,0.20000012437008677,0.1999999260426195,0.19999980006263582
1606,ef93f66d1c1bd965acfe2d6c452ca68ec2f0153cee4e8a7e02c3c64d6f41bb7e,Healthy-Leaf(1399),Healthy-Leaf (20).jpg,0,0.20000003976484393,0.1999999819944168,0.20000001811035428,0.1999999892446453,0.19999997088573965
1607,275002c06be8c8ea7c1356aef3c91c6f8bdbb85dfe12c4e33fc4841ecb3ebed6,Healthy-Leaf(1399),Healthy-Leaf (200).JPG,4,0.19999979858101843,0.20000009102441998,0.1999999081516217,0.2000000545871707,0.20000014765576923
1608,b9049361a62be24fded417440010072ee0bc1b4ae9d5a7b1610aa626268e6562,Healthy-Leaf(1399),Healthy-Leaf (201).JPG,0,0.20000007771189143,0.19999996499571498,0.20000003551122691,0.19999997886875412,0.19999994291241244
1609,8ec66675d0321c111f514563eee75e76a8cef828b5bea12028d4d77c0592e84d,Healthy-Leaf(1399),Healthy-Leaf (202).JPG,0,0.2000000559363311,0.19999997480868734,0.20000002556352225,0.19999998478714337,0.19999995890431588
1610,24313d550ca8706f57da3458c53baba729321690d58efed8773a1dfea7c2f2fc,Healthy-Leaf(1399),Healthy-Leaf (203).JPG,0,0.20000005275257007,0.19999997629097593,0.200000024139789,0.19999998562347066,0.19999996119319427
1611,bbdad77b37d37c3bd1a4db7e00b97eee191fb882e899213681bb6f292daaa689,Healthy-Leaf(1399),Healthy-Leaf (204).JPG,4,0.19999982994507548,0.20000007684821022,0.19999992245241374,0.20000004608851663,0.20000012466578396
1612,33f3c32d120ffcc388fe01c4197ce303864d5085a00ba193697353d198d0b1e8,Healthy-Leaf(1399),Healthy-Leaf (205).JPG,4,0.19999982738897398,0.2000000779661431,0.199999921262744,0.20000004680391495,0.20000012657822386
1613,f43c45c6a0f7116efda724facc4a9b3f8ff45bcc3f0e22853baa7312053ad866,Healthy-Leaf(1399),Healthy-Leaf (206).JPG,0,0.2000000417935376,0.19999998120217352,0.2000000191157696,0.19999998861887935,0.1999999692696399
1614,df7d9cd4c3278ae8182aa90f95771f907e152e899cb6d7cfbc13a2a1e6b8600d,Healthy-Leaf(1399),Healthy-Leaf (207).JPG,0,0.20000001786584132,0.19999999205138996,0.20000000822770822,0.1999999950816165,0.19999998677344408
1615,e6d787aa3bb141d99075c57708ccdd84b7e9e1a291285e1f4e118558e30764a3,Healthy-Leaf(1399),Healthy-Leaf (208).JPG,4,0.1999998798236698,0.20000005435147625,0.1999999452258074,0.2000000325435779,0.20000008805546873
1616,04ad7378fd69514d2ea4037ae1465977c8ed15d6f7712d47d2a942c8bc6c6935,Healthy-Leaf(1399),Healthy-Leaf (209).JPG,4,0.19999981865323324,0.20000008191763358,0.19999991728160707,0.20000004916919872,0.20000013297832733
1617,f27a593b7c8b4a1e0a2d2be292d8642806c5e12a58aa0b96521b5022a5479937,Healthy-Leaf(1399),Healthy-Leaf (21).jpg,4,0.19999998601438768,0.20000000633832227,0.1999999936341576,0.20000000377926766,0.2000000102338647
1618,833b6b211a346182bc3860659900c789ca5ade84c34cd9de50220072acc85fdc,Healthy-Leaf(1399),Healthy-Leaf (210).JPG,4,0.19999995499856218,0.20000002039819842,0.19999997951860093,0.20000001215843197,0.2000000329262064
1619,ed23c7269bf64489b535c89cdd9bcdac8ffcfee59fcc31d797784ce9a0198b82,Healthy-Leaf(1399),Healthy-Leaf (211).JPG,4,0.19999983900175267,0.20000007271993908,0.1999999265594116,0.2000000436556232,0.20000011806327345
1620,e044ccd19e91a9e107fe734e09d07801b21223aa1f07fd3bba87ce24f93f14f7,Healthy-Leaf(1399),Healthy-Leaf (212).JPG,4,0.19999986329054698,0.20000006177679586,0.19999993765680618,0.20000003705263603,0.200000100223215
1621,0d136844edf45bfaec186191539f2192e75e035795a67177f1aeef147b2ebd5d,Healthy-Leaf(1399),Healthy-Leaf (213).JPG,4,0.1999998381352278,0.2000000731628515,0.1999999261974091,0.20000004385907108,0.20000011864544046
1622,c0ece39350a44942f06188301d27ca292def69211d2ad630fa3ee8661a40c786,Healthy-Leaf(1399),Healthy-Leaf (214).JPG,4,0.1999998735772803,0.20000005718535818,0.19999994238451996,0.20000003422978635,0.2000000926230552
1623,bf6d541b0d1291128c3915c1ad6689af92b95cb4f40cf0771cef7f6c41019b72,Healthy-Leaf(1399),Healthy-Leaf (215).JPG,4,0.19999986017568117,0.20000006314181545,0.19999993620885664,0.20000003792285423,0.20000010255079262
1624,7f57443ab0d9ba80ffd5bc535cf5f18327046bf4e32ed4c268d393401b406f1c,Healthy-Leaf(1399),Healthy-Leaf (216).JPG,4,0.19999982566710245,0.20000007883567236,0.19999992053653326,0.20000004721479323,0.20000012774589862
1625,a8f25b87d55ce18aede36603871b6db9cb05ae1cbb73768b1da83d2e59b7ac5c,Healthy-Leaf(1399),Healthy-Leaf (217).JPG,4,0.19999983441538266,0.20000007482800114,0.19999992449085438,0.20000004487693845,0.20000012138882334
1626,88f6469edeb20227c887fc445699553d44e94ab041e9aa79edeec5eec2623e1f,Healthy-Leaf(1399),Healthy-Leaf (218).JPG,4,0.19999982953446369,0.200000077027946,0.199999922261356,0.20000004620337095,0.20000012497286349
1627,556d9d4ce58f8bf0c4cf5d003a26de7435739d52153801d021e49b76a1786283,Healthy-Leaf(1399),Healthy-Leaf (219).JPG,4,0.19999983595426235,0.20000007413333495,0.19999992519307422,0.2000000444594267,0.20000012025990183
1628,6b076c038abf2a1630cf71ea575156d18d5ae6eb3d92c2a5116cdd1a1ffee0c0,Healthy-Leaf(1399),Healthy-Leaf (22).jpg,4,0.1999999566216203,0.20000001953417726,0.19999998017464835,0.2000000117983067,0.20000003187124743
1629,afde4c08233a8d7bd7ba6a05c90292817add9c7868bbe1d72b81bba8b6bae9d5,Healthy-Leaf(1399),Healthy-Leaf (220).JPG,4,0.19999984507440025,0.20000006997838424,0.1999999293303526,0.20000004200815893,0.200000113608704
1630,5dcadcb37662fa2d1112e8f3992eeb5c91213d7a987645ff66722fbdc650526e,Healthy-Leaf(1399),Healthy-Leaf (221).JPG,4,0.19999980584687105,0.2000000876746085,0.1999999114221962,0.20000005265839615,0.200000142397928
1631,b3d354b258cc82bbe353b801850fa38228f2bcb582203e33fd67db88902a66b0,Healthy-Leaf(1399),Healthy-Leaf (222).JPG,4,0.19999987728388915,0.20000005548594438,0.19999994405908822,0.2000000332400988,0.2000000899309795
1632,1f5963bd48239b7073e0edb6767070b2e747b27feed7dc1582af5fbc63645616,Healthy-Leaf(1399),Healthy-Leaf (223).JPG,4,0.19999989018888892,0.20000004966927087,0.1999999499537817,0.2000000297333688,0.20000008045468973
1633,b9a628e787eabba99ab1d69c450d50001ec1edeae68f327bd84a4c982dbb6945,Healthy-Leaf(1399),Healthy-Leaf (224).JPG,4,0.1999999257047147,0.20000003361970803,0.19999996614961452,0.20000002010776466,0.20000005441819813
1634,c0e929925274ea84658730873e293d056951d74a8d426fd27d1e006d265bbb6e,Healthy-Leaf(1399),Healthy-Leaf (225).JPG,4,0.19999992575215192,0.20000003359026242,0.1999999661661023,0.2000000200997872,0.2000000543916961
1635,a721ca31d18ddeaa0b9a6e1b86001056507b400faa3986905d55c99f45d4b409,Healthy-Leaf(1399),Healthy-Leaf (226).JPG,4,0.19999996801635903,0.2000000145105454,0.19999998545181932,0.20000000863340708,0.200000023387869
1636,4c7300ec31d58a4007e7cc6b218beea881029b42f278e9403af25c12bf49bd62,Healthy-Leaf(1399),Healthy-Leaf (227).JPG,4,0.19999985800681228,0.2000000641343299,0.19999993522787093,0.20000003850313153,0.20000010412785538
1637,10fddea2f9be969dd0e3b9e65c173bf88d444b0ecbee1ed339db2976a74ad377,Healthy-Leaf(1399),Healthy-Leaf (228).JPG,4,0.19999988699921906,0.20000005113774377,0.1999999485167308,0.20000003058139595,0.20000008276491044
1638,9fb5dbf22b4890f5ac50e7c24a7e0ac7dff9617c14fd898add940ad129c7ef8e,Healthy-Leaf(1399),Healthy-Leaf (229).JPG,4,0.19999998720464326,0.20000000584504168,0.1999999942056241,0.20000000342936833,0.20000000931532266
1639,9926a72c6097b3f56576f32fec512e095c9d862e537609f1bf863294c6fa6cc0,Healthy-Leaf(1399),Healthy-Leaf (23).jpg,0,0.20000014768895344,0.1999999333349348,0.2000000673972457,0.19999995992666464,0.19999989165220136
1640,1ae80e95ff919970e263606d36e30cbbbf4b5da9ded5062ae0e0d455dd0e0322,Healthy-Leaf(1399),Healthy-Leaf (230).JPG,4,0.19999997012614104,0.20000001358513686,0.19999998643193262,0.20000000804448018,0.20000002181230944
1641,1f04fffd93142da22049a00cbbeacbf53d9b500ff9ee1523c4ede5b209c3050e,Healthy-Leaf(1399),Healthy-Leaf (231).JPG,4,0.199999952777422,0.20000002142417697,0.19999997852008441,0.20000001274687446,0.20000003453144224
1642,28ec3be91424e4bd0e5459d04ca5d5bd0e24f26392d2331e3a6bbee252e053ad,Healthy-Leaf(1399),Healthy-Leaf (232).JPG,4,0.19999996062618847,0.20000001783319707,0.19999998207086922,0.20000001064659548,0.2000000288231499
1643,1c5a4a748717abd20b389ee94b179b221b092dde4b1726254d65676676764381,Healthy-Leaf(1399),Healthy-Leaf (233).JPG,4,0.1999999091175549,0.2000000411174605,0.19999995858689995,0.20000002460211108,0.2000000665759736
1644,598d5b995e288cd385508366291a6b4df3cbbdfe3d2a1762f776af00d0a34b0a,Healthy-Leaf(1399),Healthy-Leaf (234).JPG,4,0.19999989903364918,0.2000000457295477,0.19999995402397067,0.2000000273013145,0.20000007391151794
1645,5619584205fa98910e811f90d30dc954665c7ef0795b7611ca4d7190d8516f01,Healthy-Leaf(1399),Healthy-Leaf (235).JPG,4,0.19999979277840543,0.2000000936301339,0.19999990549486693,0.20000005616986075,0.20000015192673293
1646,0e8dbcd41986fa6bf0e9695f4694e205cf46a881935d300ba07923c2da3bf56e,Healthy-Leaf(1399),Healthy-Leaf (236).JPG,4,0.19999981030836567,0.2000000857159144,0.1999999134937121,0.20000005141416388,0.200000139067844
1647,96ac766dda18328ef239ed01b483ad94b1d443acca2e6f674a82766dd481d4ec,Healthy-Leaf(1399),Healthy-Leaf (237).JPG,4,0.19999988437695326,0.20000005233588403,0.1999999473293378,0.2000000312839851,0.2000000846738399
1648,d5f12e11fe05c79e7e92c620044a3851c546f4612221e10f3126d479627c1615,Healthy-Leaf(1399),Healthy-Leaf (238).JPG,4,0.1999999962719839,0.200000001781985,0.19999999836277058,0.20000000095093853,0.20000000263232195
1649,15e88749961af803aa141f15bca213468f26830c9adc9bfc0f2a94428f9c3285,Healthy-Leaf(1399),Healthy-Leaf (239).JPG,4,0.19999982843040276,0.2000000775174462,0.19999992175178727,0.20000004650833647,0.20000012579202728
1650,c14ae350a87588543f73a812e945417da45448a85c1cbc694127d97146624258,Healthy-Leaf(1399),Healthy-Leaf (24).jpg,0,0.2000001158400078,0.1999999476944365,0.20000005285226555,0.19999996857857072,0.1999999150347193
1651,9c98b8ab85b83ff61d505c5a5cdf5bc92f9d18a532e6a9d8b865fbd68564415c,Healthy-Leaf(1399),Healthy-Leaf (240).JPG,4,0.1999999132604275,0.2000000392845407,0.19999996050145535,0.20000002345540618,0.20000006349817026
1652,f5c274c969d405f131a3b3ce24f15a9612aa976e7870c97daf60e8cc53aa1dab,Healthy-Leaf(1399),Healthy-Leaf (241).JPG,4,0.19999978895699957,0.20000009536082358,0.19999990375468726,0.20000005720326616,0.20000015472422342
1653,ac828175420e149564ade8be6eccb62d16143c9941c94db9a6cc61227838a874,Healthy-Leaf(1399),Healthy-Leaf (242).JPG,4,0.19999993085211273,0.20000003128583,0.1999999684919424,0.20000001871752895,0.2000000506525859
1654,9d9c08137aa268019570213bb18a7f0dba7d5c5ea83c5b8477dd3654a004b6f0,Healthy-Leaf(1399),Healthy-Leaf (243).JPG,4,0.1999998481222329,0.20000006865777578,0.19999993075678885,0.2000000411475025,0.20000011131570006
1655,ea2b57932a118fb990a807030121c8fbdcd5ec567df43fdfe838a0a573f3126e,Healthy-Leaf(1399),Healthy-Leaf (244).JPG,4,0.19999980716635815,0.2000000871231925,0.19999991205278944,0.2000000522734594,0.2000001413842006
1656,73ae1b1d482d53af5e675f5297d8e5f54712d348cbe636bf396cfdc953b7c098,Healthy-Leaf(1399),Healthy-Leaf (245).JPG,4,0.1999998688683567,0.2000000593035898,0.199999940230942,0.20000003551205167,0.20000009608505967
1657,ef5a647a70b036b0469a59f0b35b3f3cc990bf88be538564fbbe205abbff02d5,Healthy-Leaf(1399),Healthy-Leaf (246).JPG,4,0.19999982968052105,0.2000000769624376,0.19999992232826344,0.20000004616345016,0.2000001248653277
1658,371c1112714d71cc0dd0960a9e5384455cc22dbed8a2dfd256a4cc13e633764f,Healthy-Leaf(1399),Healthy-Leaf (247).JPG,4,0.19999991717889679,0.2000000375290554,0.1999999622981306,0.2000000223838961,0.200000060610021
1659,b510c1b10a2c09896fef07d4302e97fc635959ec23c17b95c44407cf3e4a9421,Healthy-Leaf(1399),Healthy-Leaf (248).JPG,4,0.19999992567353003,0.20000003360601992,0.19999996611741766,0.20000002013304394,0.20000005446998848
1660,a17890c8cea997f1c35fdc429a5037962f3170d9f91abf78d39aac4006a7ed7c,Healthy-Leaf(1399),Healthy-Leaf (249).JPG,0,0.20000002328819866,0.1999999895667785,0.20000001067836176,0.1999999936329097,0.1999999828337514
1661,4bf28b68277e7e6fc1d47feccd601dff5e2ed5b8444cab13725e1e0c8becd1f4,Healthy-Leaf(1399),Healthy-Leaf (25).jpg,0,0.20000008558342222,0.19999996134310136,0.20000003903923028,0.1999999767936451,0.19999993724060103
1662,33dbb5c3fa1aebbced02f7eaae4153ed8aa116367d1191bf6b1286be3884dd41,Healthy-Leaf(1399),Healthy-Leaf (250).JPG,4,0.19999984629614906,0.20000006948433652,0.19999992992495852,0.20000004164166618,0.2000001126528896
1663,a0a9f925a2854d2dcd227f06c3e47332911ad3ab12daae3e7ba42e9bb5b146ba,Healthy-Leaf(1399),Healthy-Leaf (251).JPG,4,0.19999991811792203,0.200000037019505,0.19999996267136602,0.2000000221814712,0.20000006000973575
1664,69c8033ced784efd14a512e1a8e4266ff59c4c645ac59c0ce8523f0f209f4c4f,Healthy-Leaf(1399),Healthy-Leaf (252).JPG,4,0.1999998791974236,0.20000005464850687,0.1999999449493024,0.2000000327049184,0.2000000884998487
1665,f23fb366115bcf73ff582b7301a48ce9313ee5a0a1972daf9e6cfe841ef6150e,Healthy-Leaf(1399),Healthy-Leaf (253).JPG,4,0.19999985889402747,0.20000006378831794,0.19999993566781,0.20000003822913087,0.20000010342071367
1666,cfad373b61f0c1d1de09b189736cdb1df9c5571188299c55089f101bddfc8c3c,Healthy-Leaf(1399),Healthy-Leaf (254).JPG,4,0.1999999343946924,0.20000002972782588,0.19999997013499385,0.20000001773116108,0.20000004801132684
1667,3e7667e72632ef9859a1f9434d01368004cbdbfc5d08fade603ab7be18ed528d,Healthy-Leaf(1399),Healthy-Leaf (255).JPG,4,0.1999999558056469,0.20000002003197942,0.19999997988570617,0.20000001194071917,0.2000000323359483
1668,85049d2fdd2f69fd5937f545d52115ac354666dd5dbe84fcd6d9b962a6862555,Healthy-Leaf(1399),Healthy-Leaf (256).JPG,4,0.19999992889736773,0.20000003219284204,0.19999996761571892,0.20000001923280844,0.20000005206126295
1669,79075f051c984107b5f62fc1a24f56ff6e5cd9c8c72b82dc5af26dd195447d44,Healthy-Leaf(1399),Healthy-Leaf (257).JPG,4,0.19999986303511885,0.20000006194277126,0.19999993757290369,0.2000000370910965,0.20000010035810978
1670,946cf7da43150cda4e025533b28388748b5c4fc4787153ac1bcf2f1a1692b922,Healthy-Leaf(1399),Healthy-Leaf (258).JPG,4,0.19999987748712536,0.2000000553680568,0.1999999441349431,0.2000000332009794,0.2000000898088955
1671,6f264278c0bb68bacf169392b63c5db60d7b8698977f551b6b71d5f0fb17abff,Healthy-Leaf(1399),Healthy-Leaf (259).JPG,4,0.19999989280921265,0.20000004850314337,0.19999995116028493,0.20000002901235808,0.20000007851500087
1672,00c4f884eb6cc5f77fa5c3bbb690ee78f7d8037f1a01b509d2fc4ffc4ddadc6e,Healthy-Leaf(1399),Healthy-Leaf (26).jpg,0,0.2000001009254635,0.19999995443549282,0.20000004605190752,0.19999997262010746,0.19999992596702876
1673,facdec94256f8b84e961258efeec54709e068ca943a28681c3f41e3c3bee9b4b,Healthy-Leaf(1399),Healthy-Leaf (260).JPG,0,0.20000002976766926,0.1999999866234327,0.20000001362321626,0.19999999188616288,0.19999997809951897
1674,a067298f6fd02ff35ab38ae86ac2807fb835fc7ece1be08aaf93523a7bc81b47,Healthy-Leaf(1399),Healthy-Leaf (261).JPG,4,0.19999999906308177,0.2000000005077309,0.1999999996272735,0.20000000020254932,0.20000000059936462
1675,2393a37af45dba2167d74d96eb9fa0a40ccb1108709debcd45fa848a030218d2,Healthy-Leaf(1399),Healthy-Leaf (262).JPG,4,0.1999998466018618,0.20000006940371007,0.1999999301014969,0.20000004152360765,0.2000001123693237
1676,05737221e327cbcbd5cc823e63324d4e2ae91a7dff78668b45935599853adca3,Healthy-Leaf(1399),Healthy-Leaf (263).JPG,4,0.1999998506635374,0.20000006755730595,0.1999999319467035,0.2000000404295355,0.20000010940291754
1677,68fe8ab76bb127d7e5abdfb80deb04f0bc91b92acd62a8ad0f889350d12b4767,Healthy-Leaf(1399),Healthy-Leaf (264).JPG,4,0.1999998606577203,0.20000006301058454,0.1999999364845694,0.20000003773935093,0.20000010210777494
1678,9e8ad2c59fe01d670d8e74489d3fc6dbd90d520408f71feaab76502bafd29ddb,Healthy-Leaf(1399),Healthy-Leaf (265).JPG,4,0.19999991705044334,0.20000003760319793,0.19999996224998287,0.20000002240900672,0.20000006068736925
1679,0ca9bafcd165d5177ab23ab18ba0b3cb875a48412702a4a1c80c0ee03ad88f49,Healthy-Leaf(1399),Healthy-Leaf (266).JPG,4,0.19999977197546465,0.20000010304213828,0.19999989601560755,0.20000006180119909,0.2000001671655904
1680,39085c485025d734d0b33b794a0a240b2ff8316af491e2650bb79d388b916f70,Healthy-Leaf(1399),Healthy-Leaf (267).JPG,4,0.19999996056199942,0.20000001795480934,0.19999998210127773,0.20000001060755837,0.200000028774355
1681,cb0846e8a6ca584e0d0fd78bf3ad5715e65de6f8ce17ee1bb696ded64e7c7420,Healthy-Leaf(1399),Healthy-Leaf (268).JPG,4,0.19999986869463982,0.20000005937851886,0.1999999401494058,0.20000003556130141,0.20000009621613415
1682,ebf75750607957c2a14d37e1a7e6343f7456e4a1b985dbbfe5de28036f7ce363,Healthy-Leaf(1399),Healthy-Leaf (269).JPG,4,0.199999916046698,0.20000003800770128,0.19999996176054982,0.2000000227109563,0.20000006147409463
1683,4067052f80f78862dd6db0366151eae82db01eee9e13f378ae8b2ade73dfac3f,Healthy-Leaf(1399),Healthy-Leaf (27).jpg,0,0.20000009129690227,0.1999999587920156,0.200000041664573,0.1999999752264271,0.19999993302008212
1684,79a9290dbb41cfe74eb70d2d106ad2bec1bceecfe4be9d233ff0660db2027d5b,Healthy-Leaf(1399),Healthy-Leaf (270).jpg,4,0.19999999257470932,0.20000000333349044,0.19999999659982784,0.2000000020258663,0.20000000546610608
1685,64d987df36c88d051477456f901be3dfaadce7a7887efce7df8b1b9a39efc11e,Healthy-Leaf(1399),Healthy-Leaf (271).jpg,4,0.19999996550439447,0.20000001554893304,0.19999998424396268,0.20000000937331996,0.20000002532938993
1686,39113786c2f04f82a874ae297cb35734ccba9ab8bbad69be799fa824d5c8dc85,Healthy-Leaf(1399),Healthy-Leaf (272).jpg,4,0.1999999619637554,0.20000001713962018,0.1999999826233678,0.2000000103385778,0.20000002793467864
1687,85c6178f67b2380ba3540b801bccd54e66039f2f8bac8e885497857c1f9fa040,Healthy-Leaf(1399),Healthy-Leaf (273).jpg,0,0.20000009670441318,0.19999995632108544,0.2000000441129496,0.19999997377759884,0.1999999290839529
1688,0c74ffff324eef449993bd4b17863d4e16787b08c6a159d76c954a48b66dc2bd,Healthy-Leaf(1399),Healthy-Leaf (274).jpg,0,0.20000003002601707,0.19999998639579175,0.20000001366961273,0.19999999188398088,0.1999999780245976
1689,574d3d3a99ac4444c67d90b3472e9b05359d977947ff66a9ef9882d029053285,Healthy-Leaf(1399),Healthy-Leaf (275).jpg,4,0.19999995898271208,0.20000001852044427,0.19999998128572172,0.20000001112606938,0.20000003008505254
1690,f55626d736b8c832ae3950286f2e33883633bd05bedd3cc33586879bf30ea585,Healthy-Leaf(1399),Healthy-Leaf (276).jpg,0,0.2000001074245893,0.19999995149058367,0.20000004901049215,0.19999997086363003,0.1999999212107048
1691,0354503b0b15eb8d947aed200327e83c208ae7e51cc1ce3a1f8d15c21fc61b51,Healthy-Leaf(1399),Healthy-Leaf (277).jpg,0,0.2000000330160713,0.19999998505896546,0.2000000150423261,0.19999999106465816,0.1999999758179789
1692,6719aac13fe4aa27d787fceb018a183a64b154c111f6d032018b757876716458,Healthy-Leaf(1399),Healthy-Leaf (278).jpg,0,0.200000019434457,0.19999999127064177,0.2000000088968148,0.19999999470053664,0.1999999856975497
1693,1d182a507005cba3e4823a2f19f2c0321b705136fa189751cb4204a2b5e31595,Healthy-Leaf(1399),Healthy-Leaf (279).jpg,0,0.20000001731737832,0.19999999218569425,0.20000000790448969,0.19999999529964652,0.19999998729279114
1694,6765965dd26cc40ee7355c7094144031d2874c909fb6d11803a07098480f1907,Healthy-Leaf(1399),Healthy-Leaf (28).jpg,0,0.20000010472651616,0.1999999526867382,0.20000004776521826,0.199999971608879,0.1999999232126484
1695,d4c60ac827b4001a08f480ebf3cb9a7628b9506818d0248ab0c2bc104fcc8614,Healthy-Leaf(1399),Healthy-Leaf (280).jpg,0,0.20000012782783644,0.19999994230165458,0.20000005833492263,0.19999996531487135,0.19999990622071498
1696,594f2641f14a25116f0bc5160c0a00c8e5de0d18c0779c1215215ce8054b1631,Healthy-Leaf(1399),Healthy-Leaf (281).jpg,0,0.2000000408675869,0.19999998160097102,0.20000001868089706,0.19999998888182918,0.19999996996871586
1697,af3bddd377c9864b5ed4ac84f3e37a6e867ec130230e97ce41e44494cb569bb9,Healthy-Leaf(1399),Healthy-Leaf (282).jpg,0,0.20000002627129757,0.19999998814010542,0.20000001198802073,0.1999999928724621,0.19999998072811415
1698,0a2556b4cc7ac4ea40fcb0f5e3c9c652a2d0dcc1af263b4ebd3a7b68b6a6293a,Healthy-Leaf(1399),Healthy-Leaf (283).jpg,0,0.2000000459715306,0.19999997933881322,0.20000002103697667,0.1999999874715461,0.1999999661811333
1699,2e6d053712c801e4e4ee6eea1800b8b8dfb2e3208d88625baa97d731b3299d98,Healthy-Leaf(1399),Healthy-Leaf (284).jpg,0,0.200000062941132,0.19999997160587696,0.20000002873385572,0.1999999829116139,0.19999995380752134
1700,016d2b76be6836f6f3a7a6812ae1714d890547f375903c7022214ee6c6b0bfb9,Healthy-Leaf(1399),Healthy-Leaf (285).jpg,4,0.19999998566764457,0.20000000649276656,0.19999999347466668,0.20000000387471834,0.20000001049020374
1701,eb2da52c20c7da7bc3fd1aecce9ab3312be4d7ec8b7ec6368c78850eab84839b,Healthy-Leaf(1399),Healthy-Leaf (286).jpg,4,0.19999995271468177,0.2000000214160907,0.19999997846806875,0.20000001278622798,0.2000000346149308
1702,849b71b64fce830624e6c04ff46ae8e3f420bfe164a73563777cddf738ede441,Healthy-Leaf(1399),Healthy-Leaf (287).jpg,4,0.19999997293299812,0.2000000122589785,0.19999998767482632,0.20000000731917905,0.20000001981401802
1703,d218a8a3906962dbf28744f9c6961bf9a8e0a498bb0b20e1bb417e215207c1e8,Healthy-Leaf(1399),Healthy-Leaf (288).jpg,4,0.19999996249107754,0.2000000170322088,0.19999998294833504,0.20000001011587945,0.20000002741249914
1704,2d967b8b75604e628c4416abc0ee81f21deb625cba6f78da24dea770f43dca35,Healthy-Leaf(1399),Healthy-Leaf (289).jpg,0,0.20000001936046036,0.1999999912723174,0.20000000884255348,0.19999999473987778,0.199999985784791
1705,262d18ed982fbf7a0b497c5f6f9e66d2bea3e00c482dc7df5c87937fe2a82c93,Healthy-Leaf(1399),Healthy-Leaf (29).jpg,4,0.19999998972059144,0.20000000459888323,0.19999999528262424,0.2000000028141567,0.20000000758374445
1706,f962fb8180e5173dc6439b56e27cb78b945e8300ba79c61fe7cdbe831259efdf,Healthy-Leaf(1399),Healthy-Leaf (290).jpg,4,0.1999999643178381,0.20000001614372376,0.19999998374065756,0.20000000965908396,0.20000002613869655
1707,51aa2a66bd9da1802a5dc1b30ceacce70c64300eb04a63de1c376a380f08cc97,Healthy-Leaf(1399),Healthy-Leaf (291).jpg,4,0.1999999959920192,0.2000000017983151,0.19999999816406117,0.20000000109415056,0.200000002951454
1708,1ddb40f69d747569fbe4ff13628e8bd9ea4ff49df9a928e0db394f48e1cadb78,Healthy-Leaf(1399),Healthy-Leaf (292).jpg,0,0.20000000490238795,0.1999999977693594,0.2000000022258308,0.19999999868071286,0.19999999642170901
1709,718b9f3930293df9b366f9ce17b9510e02559c5b15dab5f19832ee7dcc9ec86f,Healthy-Leaf(1399),Healthy-Leaf (293).jpg,4,0.1999999643551537,0.2000000160894468,0.19999998373352001,0.2000000096718639,0.2000000261500156
1710,65bbb5cb5a3500b5b67eb6a303dcc3d0add8773408d6113eebd195e56d8af5e4,Healthy-Leaf(1399),Healthy-Leaf (294).jpg,0,0.20000001562225891,0.1999999929254717,0.20000000711450036,0.19999999577508695,0.19999998856268203
1711,643ad163c35fd1c9f62cff3f63b7e1e80e1c8be8308608da8bffb1fdcccc27e9,Healthy-Leaf(1399),Healthy-Leaf (295).jpg,4,0.19999993190427617,0.20000003077887316,0.19999996895146724,0.2000000184516308,0.20000004991375273
1712,3aaa5ed61fb709cdf2f08fbc2390863cd891695b70b7fad00d8dbb007ea5e4df,Healthy-Leaf(1399),Healthy-Leaf (296).jpg,4,0.1999999860006004,0.20000000630036496,0.19999999359936513,0.2000000038100449,0.2000000102896246
1713,6b25102b03b2abaa53401457f204ba9f5f9d771395000b692d5402518c678510,Healthy-Leaf(1399),Healthy-Leaf (297).jpg,0,0.20000003732947702,0.19999998310679645,0.20000001700746411,0.19999998989759346,0.19999997265866906
1714,d3ae11ba7886bcf241f4454d94d1fee079c6201b825150ef1afce73746e7396b,Healthy-Leaf(1399),Healthy-Leaf (298).jpg,0,0.20000001267098755,0.19999999427169463,0.20000000577680047,0.19999999656731204,0.19999999071320526
1715,08d4247e51a1be0a578bf75dd6a380c538415d1e0d909ab3f5d9c52494714464,Healthy-Leaf(1399),Healthy-Leaf (299).jpg,4,0.1999999469705226,0.20000002390009142,0.19999997577658193,0.20000001441130355,0.20000003894150056
1716,623c769391f0fbcc048506bc047d045f9c18bfa8fc98c12f5fe0f4ac12153863,Healthy-Leaf(1399),Healthy-Leaf (3).jpg,0,0.20000027407872628,0.19999987628047947,0.20000012507228146,0.19999992563488309,0.19999979893362968
1717,5393834c3915b7deac22cb6a67ce7206cebbc755a9367ca79b5641dae3e254b4,Healthy-Leaf(1399),Healthy-Leaf (30).jpg,4,0.19999990489838976,0.20000004291362783,0.19999995659167152,0.20000002581294574,0.20000006978336513
1718,3ce32c8454409095290107d01d7bafcc1201d872a4ceb5b1c05891d6a2e3c7a5,Healthy-Leaf(1399),Healthy-Leaf (300).jpg,4,0.1999999027971381,0.2000000439903918,0.1999999557155976,0.2000000263049818,0.20000007119189073
1719,94554ef311d4156e9bdbe901129fc85ced50d261327108f88d698dbb4b6c90ab,Healthy-Leaf(1399),Healthy-Leaf (301).jpg,4,0.19999989213382666,0.2000000488006952,0.19999995084745706,0.20000002920007798,0.2000000790179431
1720,fd1d7cbc8e71a6a9612e75efd2b5109f4a67ffea46328fa90132543dc46dca82,Healthy-Leaf(1399),Healthy-Leaf (302).jpg,0,0.20000017299397146,0.19999992203959382,0.20000007902712752,0.19999995298328857,0.19999987295601865
1721,ec8b13c81141e8f0b17166b7f15eaf98886fd6eaaefa5289495f533eb3c543e3,Healthy-Leaf(1399),Healthy-Leaf (303).jpg,0,0.200000084578983,0.19999996194515032,0.20000003867677085,0.19999997697557437,0.19999993782352146
1722,5b63356b4c383ae0bd28cb269be39ba62548c4cac403b02679247b68bd02e58d,Healthy-Leaf(1399),Healthy-Leaf (304).jpg,0,0.20000011571102436,0.19999994784472697,0.20000005285297193,0.19999996855749433,0.19999991503378234
1723,f43751785f5c9ced3ba891a1da26587ab15a438794d7234b67496def73192f07,Healthy-Leaf(1399),Healthy-Leaf (305).jpg,0,0.20000018512236437,0.1999999166430624,0.20000008461219015,0.19999994964464202,0.1999998639777412
1724,ef2ff3397120e0d705b334d87974c08fb6265b0a685064a2f45822638c55a4c0,Healthy-Leaf(1399),Healthy-Leaf (306).jpg,0,0.20000017192221392,0.19999992245971857,0.20000007849699394,0.19999995331274872,0.1999998738083248
1725,63cfc5783f3ea85e07730910bf511905d0c7ab4142581bca5495d6561f777328,Healthy-Leaf(1399),Healthy-Leaf (307).jpg,4,0.19999988523907825,0.20000005194707243,0.19999994772313043,0.20000003105015554,0.20000008404056327
1726,fbabb866737564a8215c2307cd86ccfa0fe58079d3f64e5b74ba585bd07f6b98,Healthy-Leaf(1399),Healthy-Leaf (308).jpg,0,0.20000016778298035,0.1999999243089596,0.20000007659569585,0.1999999544474563,0.19999987686490783
1727,4521824d92949b9bde8f0c320ed66e5139a7e12ed1d2ce99f5a707d292a247ba,Healthy-Leaf(1399),Healthy-Leaf (309).jpg,0,0.20000008558070398,0.19999996143512505,0.2000000390965743,0.19999997673910486,0.19999993714849187
1728,4ce95156e4c36dae95784809782529864a1759f5e9f9d9376a8f78b73e2a975d,Healthy-Leaf(1399),Healthy-Leaf (31).jpg,0,0.20000016571585696,0.1999999251826588,0.20000007561406163,0.199999955044572,0.19999987844285064
1729,2c463a263f07237fc98c26855387621e90c49ba5d8c44c92942e34129723fa36,Healthy-Leaf(1399),Healthy-Leaf (310).jpg,0,0.20000024681953582,0.19999988861171902,0.20000011264998663,0.19999993301489138,0.1999998189038671
1730,ae4f8a97787b4fe69d9344fc02d6288f583163a1a7a86eed7d6346c1f4c5a810,Healthy-Leaf(1399),Healthy-Leaf (311).jpg,0,0.2000001745697484,0.19999992134102657,0.20000007975435885,0.19999995254768446,0.19999987178718182
1731,1ff714978cbce2bf93e2409e7525025fe4171d67831659da6ad0e0a254292212,Healthy-Leaf(1399),Healthy-Leaf (312).jpg,0,0.20000021683710567,0.19999990220338404,0.20000009900499413,0.1999999411148523,0.19999984083966374
1732,330057a2937eb742d3c19ee7f404a7abf4e3bfc777a439844b533dde63707b14,Healthy-Leaf(1399),Healthy-Leaf (313).jpg,4,0.1999998847736506,0.2000000522023662,0.19999994753978498,0.20000003114882756,0.20000008433537073
1733,a4b984aa67d48be2ebef6ab3cc34d14342d95d60060e188c1d6fef8f114d6be8,Healthy-Leaf(1399),Healthy-Leaf (314).jpg,0,0.20000018286272664,0.19999991767030637,0.2000000835857697,0.19999995025345416,0.19999986562774313
1734,3a69579f15e953675a7c1eab0c9c917901fa710a8b245e55431f961871205ec2,Healthy-Leaf(1399),Healthy-Leaf (315).jpg,0,0.2000000551899375,0.19999997523227836,0.20000002527899424,0.19999998493714155,0.19999995936164844
1735,832865bb93a216f0c27af99bbf38dce27712848f653cceb0e1d8d5dacae7b14a,Healthy-Leaf(1399),Healthy-Leaf (316).jpg,0,0.20000028422877508,0.19999987173775552,0.2000001297293459,0.199999922857145,0.19999979144697846
1736,88f8a166fa2b11527e7dbcee06140a2a18994dfc309c621c5fb70bc4c80761d1,Healthy-Leaf(1399),Healthy-Leaf (317).jpg,0,0.20000009287129095,0.1999999582778939,0.2000000425099029,0.19999997467964106,0.19999993166127109
1737,6831db1b62a1cabb0f0045e5c47a8328a346d2805b09da0dc650cb59fd884ace,Healthy-Leaf(1399),Healthy-Leaf (318).jpg,0,0.20000014695114565,0.19999993377737993,0.20000006713123114,0.19999996006015716,0.19999989208008606
1738,62f36a47ab40473c51fe145807e2bb83258b74fc91aa096e4836f6afaf85dee7,Healthy-Leaf(1399),Healthy-Leaf (319).jpg,0,0.20000024339305852,0.19999989027138002,0.20000011115919872,0.19999993387567755,0.1999998213006851
1739,1a9c5c028e26a79c3c3619f5ee3c41f0a67846d857462f850c352d128f8b3e1f,Healthy-Leaf(1399),Healthy-Leaf (32).jpg,0,0.20000002026062527,0.19999999082608788,0.20000000922748534,0.19999999451984535,0.19999998516595616
1740,9db288ab16ff21919cb6737d2580dd26d17509ef30fbdd53583e522db3407354,Healthy-Leaf(1399),Healthy-Leaf (320).jpg,0,0.20000029185860563,0.19999986839298703,0.20000013327521868,0.19999992072629025,0.19999978574689847
1741,07787fe1980cf0c634511cb5cd0aee3ed8d1bf464060581cced173662585764f,Healthy-Leaf(1399),Healthy-Leaf (321).jpg,0,0.20000017431776895,0.19999992144479947,0.2000000796330935,0.1999999526221848,0.19999987198215324
1742,0837de0ef87f4b05951f103d4ebcd3f2d1825bd622eae9b43969d141ce382a02,Healthy-Leaf(1399),Healthy-Leaf (322).jpg,0,0.20000016502301157,0.19999992556719137,0.20000007534404832,0.19999995518875321,0.1999998788769955
1743,463900ef3ca29b627c20ebd90839ca60c47c87d89980112b521662018d2512e7,Healthy-Leaf(1399),Healthy-Leaf (323).jpg,0,0.2000000468346392,0.1999999789737745,0.2000000214466363,0.19999998722225437,0.1999999655226956
1744,b24e94bd9e0856596655220082d81271842ae2115b924c001efba4819813dd84,Healthy-Leaf(1399),Healthy-Leaf (324).jpg,0,0.20000016070582693,0.1999999275480138,0.200000073394638,0.1999999563405812,0.19999988201094004
1745,41e6f2c11fd11d86afee65e249615c98417b57e906be9d953d926ddb8edd3d2c,Healthy-Leaf(1399),Healthy-Leaf (325).jpg,0,0.20000007926573377,0.19999996430048977,0.20000003622438817,0.19999997844355935,0.19999994176582894
1746,aec7b8f30d539200887e59492c25ff8660bc93e880be35eb4d3ee349a89f68b4,Healthy-Leaf(1399),Healthy-Leaf (326).jpg,0,0.20000018801040875,0.19999991525113006,0.2000000858732157,0.19999994891483494,0.19999986195041053
1747,f1292e52e1f0b66f99612d852fad1e7dc15d6720da55fc084787a95ababe9b0a,Healthy-Leaf(1399),Healthy-Leaf (327).jpg,0,0.20000011392304706,0.19999994869344168,0.2000000520638489,0.19999996901741468,0.19999991630224756
1748,1ba4984d98e45b03df17459385f31dc1cf20021b9e3bf5fad554937081b8692b,Healthy-Leaf(1399),Healthy-Leaf (328).jpg,0,0.2000002585336037,0.19999988341964242,0.20000011805725482,0.19999992977831896,0.19999981021118018
1749,b2ef68277c2c9f52e405db27f62033ebff64828cc77473211e741c2dcd885bf8,Healthy-Leaf(1399),Healthy-Leaf (329).jpg,0,0.2000000376998215,0.19999998320226392,0.2000000173459117,0.19999998963696927,0.19999997211503362
1750,99bc570d68ddd81e00850070e50a286f96526ca8938c3ed3e12fbf970adbd978,Healthy-Leaf(1399),Healthy-Leaf (33).jpg,0,0.20000000263220424,0.19999999883450795,0.2000000012158872,0.19999999927186496,0.19999999804553553
1751,f982662fcd08f1071a26a77c0d9b84143cde2e64821dfd2c4baf52465485a620,Healthy-Leaf(1399),Healthy-Leaf (330).jpg,0,0.20000017079094315,0.19999992305499942,0.2000000780352399,0.19999995356803252,0.19999987455078513
1752,fcb47a8f588b3c5a9029e21afa68a94c8fd64fd3a542d0a94b21df8a543c40f6,Healthy-Leaf(1399),Healthy-Leaf (331).jpg,0,0.20000027216069938,0.19999987718713141,0.20000012422348545,0.19999992613039078,0.199999800298293
1753,a3eb97493e41cd45d7df233450efec3e0987525c45a983e75b75a79978a9add5,Healthy-Leaf(1399),Healthy-Leaf (332).jpg,4,0.199999833823649,0.2000000751587106,0.1999999242619926,0.20000004499893745,0.20000012175671034
1754,78ced8fbe3c4b3706a1c59b6b09bb5c208c89124788403bdb98f30cf00d5bd1f,Healthy-Leaf(1399),Healthy-Leaf (333).jpg,4,0.19999989498868054,0.20000004755112924,0.1999999521755508,0.20000002840173142,0.20000007688290808
1755,efce95b32b4318c9998f8066b2e4b242daa7758ebc8edb1eff68bbd6bc5db46a,Healthy-Leaf(1399),Healthy-Leaf (334).jpg,4,0.19999994185645908,0.20000002637491218,0.19999997355012997,0.20000001569741008,0.20000004252108872
1756,a10143ac9db6fef54626cbe5cd7542f35ed605df7fc8b1044ce228a6e37e684e,Healthy-Leaf(1399),Healthy-Leaf (335).jpg,0,0.20000002220111412,0.1999999901610314,0.20000001024914948,0.1999999938647652,0.19999998352393986
1757,a930debb8e5f82d149d5d731114b87bf92a05ffce0050efcd0ef84c097464697,Healthy-Leaf(1399),Healthy-Leaf (336).jpg,0,0.2000001281080442,0.19999994215106237,0.2000000584471328,0.19999996525337918,0.19999990604038131
1758,7a59f5dc94e5c9bf753f5aebe3884ccaa5b885e227aeb515f91c6ea7e043c884,Healthy-Leaf(1399),Healthy-Leaf (337).jpg,0,0.20000016249963576,0.19999992678640474,0.20000007424443203,0.19999995582453028,0.1999998806449971
1759,921ab81dd0abadfa667af165a89706270231d986a661f19541e20ddd110eb375,Healthy-Leaf(1399),Healthy-Leaf (338).jpg,4,0.19999999776012714,0.20000000119625666,0.19999999909744043,0.2000000004949833,0.20000000145119246
1760,d98ff391796841e3bfc27d605ab3c91a1ec1267e7cfcbb5acde29efbf19ab606,Healthy-Leaf(1399),Healthy-Leaf (339).jpg,0,0.20000015487974473,0.19999993018808038,0.20000007074269527,0.19999995791520314,0.1999998862742764
1761,c2a9c089551e30561615bbe885ac5187e80d84502581e05f428c6b0d889c5c45,Healthy-Leaf(1399),Healthy-Leaf (34).jpg,4,0.19999995847443502,0.20000001883394836,0.1999999811078849,0.2000000112125017,0.20000003037123001
1762,b3911cd15a275863462682be42ef4af784a85ffc00f0f257fddb3454a0c74ee2,Healthy-Leaf(1399),Healthy-Leaf (340).jpg,0,0.20000025240436067,0.19999988611489855,0.20000011521418504,0.19999993148481837,0.19999981478173726
1763,021f7d60a352812cd742048d41683be8c74a3bdb8ca7259233be89c01ceee4f3,Healthy-Leaf(1399),Healthy-Leaf (341).jpg,0,0.2000002281016889,0.1999998972115902,0.2000001042056564,0.1999999380018722,0.19999983247919229
1764,1073b891bc45792b19cd17d602e115411894d2d848ea2dcdccfbf047ae2bd82d,Healthy-Leaf(1399),Healthy-Leaf (342).jpg,0,0.20000001848520424,0.1999999918234232,0.20000000854386651,0.19999999488246908,0.199999986265037
1765,2837fcda85013a4df4f823d3bb1c5bbb6ae27f5386d0abfed1bc0ce256adfdf4,Healthy-Leaf(1399),Healthy-Leaf (343).jpg,0,0.20000003143863446,0.19999998597398602,0.20000001445349772,0.1999999913690999,0.19999997676478184
1766,9d7f257ffb99aecce1fc75973694332f383e23f58530a1efea133328eabdd3f5,Healthy-Leaf(1399),Healthy-Leaf (344).jpg,0,0.2000001476528489,0.19999993346042888,0.20000006745141574,0.199999959870048,0.1999998915652585
1767,c1aaed6d0d257af05743f009b535fbd184345dfc64b375c745dd01430e140b6b,Healthy-Leaf(1399),Healthy-Leaf (345).jpg,4,0.19999998318432444,0.2000000077719,0.19999999244348884,0.20000000445215094,0.20000001214813581
1768,3bbd4062ad8219ca80ecc8f8c4cfc8876984938d0c36d8902efb670b46e3e59a,Healthy-Leaf(1399),Healthy-Leaf (346).jpg,4,0.19999989971580992,0.2000000453650067,0.19999995429885997,0.2000000271509971,0.2000000734693263
1769,1cfb1121447349f96e5c76d8e5db3a2372e598b52ecedf8f3c305b3b3721fb56,Healthy-Leaf(1399),Healthy-Leaf (347).jpg,0,0.2000001716167673,0.19999992265161026,0.2000000783925002,0.1999999533627733,0.1999998739763489
1770,b1ce18ca06d7f34ef3251e40037f113b93194a1ab5be214153a1d5ce59c3e092,Healthy-Leaf(1399),Healthy-Leaf (348).jpg,0,0.20000018465918212,0.1999999166718407,0.20000008428445973,0.19999994988019065,0.19999986450432677
1771,4566513ceb7f8739243c9161986c77a138e5e71ba307d11a4ebc42b6adc9bc7b,Healthy-Leaf(1399),Healthy-Leaf (349).jpg,0,0.20000027302687085,0.19999987683272605,0.20000012464224848,0.19999992587298765,0.19999979962516695
1772,72ec7a852a81a488a9b2c5a68463edaeff1ac74607d809ce857bda052bb5f123,Healthy-Leaf(1399),Healthy-Leaf (35).jpg,0,0.20000000201896773,0.19999999913245375,0.20000000094972703,0.19999999942547483,0.19999999847337663
1773,4f7a4683df281a9492a652d6a4e2bf474ed28c405568816a2048561c90b9e4fe,Healthy-Leaf(1399),Healthy-Leaf (350).jpg,4,0.1999998157693066,0.20000008330831676,0.19999991602293984,0.20000004989764972,0.20000013500178707
1774,2b0b472e94ed88ad653e9e08b99a1ee2c67dc24544c649ddc20d1018c0caed69,Healthy-Leaf(1399),Healthy-Leaf (351).jpg,0,0.20000021867591627,0.19999990138184062,0.20000009984960956,0.19999994061072818,0.19999983948190542
1775,7b65182ae57ec3eb0535fd7d3c130e9c7448cc95abeb468b92b75abd6f91b8f0,Healthy-Leaf(1399),Healthy-Leaf (352).jpg,0,0.2000001101835976,0.19999995045294902,0.2000000504035447,0.19999996998840225,0.1999999189715065
1776,7f1207288d9ac4a461df546ceb905b104faff6d9c773b1374fba5f32cc3af95a,Healthy-Leaf(1399),Healthy-Leaf (353).jpg,0,0.20000014167187943,0.1999999362155314,0.2000000647576247,0.19999996145906046,0.19999989589590408
1777,b20c015a4850e64e94afd4bbd08237d2cd125a9b2985eabd5b99aecaecd9604f,Healthy-Leaf(1399),Healthy-Leaf (354).jpg,0,0.20000019394161314,0.19999991250086152,0.20000008853263881,0.1999999473499236,0.19999985767496298
1778,c677bc6acf391a5f353b191c38aa0cf65bdc3e1078d2dd4c7dd9ddbe6c61efeb,Healthy-Leaf(1399),Healthy-Leaf (355).jpg,4,0.19999995179000365,0.20000002199174416,0.19999997814825443,0.20000001294068803,0.20000003512930967
1779,2517c8716316db4006a43b9ad83411efdd8cfb7cce73840f86fd7ddeb598d0ea,Healthy-Leaf(1399),Healthy-Leaf (356).jpg,0,0.200000158628184,0.199999928544559,0.20000007248452725,0.1999999568687877,0.19999988347394204
1780,53015cd09ebb7d006706ec29b3f8b911c5eb90a5cb5183e130c97ecf4d78c664,Healthy-Leaf(1399),Healthy-Leaf (357).jpg,0,0.20000014126743657,0.19999993628788953,0.20000006450182653,0.19999996163593015,0.19999989630691725
1781,4b0a8255a62e54696bd1599a273f626b507363a9184bb13fea5de3c3ecba72c6,Healthy-Leaf(1399),Healthy-Leaf (358).jpg,0,0.20000031741052188,0.19999985678327536,0.20000014488667547,0.1999999138392621,0.19999976708026518
1782,4edc59e1c3e5099714c3a3db8e618fbaca89a2020a71964274debc0d406690a6,Healthy-Leaf(1399),Healthy-Leaf (359).jpg,0,0.20000016362695813,0.19999992628278407,0.20000007476221154,0.19999995551566555,0.19999987981238077
1783,92d3c3cdbd2263b0e89073da358473bc2d915522f0a542c6f4f67b53c7a5fd63,Healthy-Leaf(1399),Healthy-Leaf (36).jpg,0,0.2000000585874346,0.19999997352578622,0.20000002671784647,0.19999998412043357,0.19999995704849924
1784,3bdbe8847f67fd3a853ba6e912c7b89dc19062d2681b8cdc1d8b4b0699822cbc,Healthy-Leaf(1399),Healthy-Leaf (360).jpg,0,0.20000014714648934,0.19999993376830433,0.20000006727129743,0.1999999599589287,0.19999989185498035
1785,ca634482dea06452df12cf9e6b39c6658e952d1cae491dbb8fcc576396421c11,Healthy-Leaf(1399),Healthy-Leaf (361).jpg,0,0.20000012920232127,0.19999994172195898,0.20000005898827938,0.1999999649168774,0.199999905170563
1786,5b9623fb44b17f1818bb66f7b35b8bc2d84ec60f08ca4fe357068a1e46a082c9,Healthy-Leaf(1399),Healthy-Leaf (362).jpg,0,0.20000017498517916,0.19999992105708844,0.2000000798816544,0.1999999524937541,0.19999987158232388
1787,bf1d4326014eabc4ef58a2ae5cfe29a74f274356d07a463b88ce76de67ae2bee,Healthy-Leaf(1399),Healthy-Leaf (363).jpg,0,0.2000002594155649,0.19999988304855448,0.20000011847721713,0.19999992952254128,0.1999998095361221
1788,4178ef85504b1a1b4513080af0a6d78ef952b6ecb1a3e40dff6a2726f3df8872,Healthy-Leaf(1399),Healthy-Leaf (364).jpg,0,0.20000015763272866,0.19999992902138228,0.20000007204808243,0.19999995712206878,0.19999988417573789
1789,642c5cc886e2c8aeddbb42e74a6ee8b24e5321f6178432faedf8cf810d920713,Healthy-Leaf(1399),Healthy-Leaf (365).jpg,0,0.20000007317041724,0.1999999671240618,0.20000003348941875,0.19999998005336392,0.19999994616273836
1790,05f1787464016a10794189cad16b7a82143b1a311b65fc384dbf00322597a1b6,Healthy-Leaf(1399),Healthy-Leaf (366).jpg,0,0.20000022394474984,0.19999989900623574,0.20000010225569723,0.19999993917952294,0.19999983561379436
1791,605863e10a6c7efd0acb9384edbcd4b4e81c5a71c7ff63b6e0be1b03a3f29f60,Healthy-Leaf(1399),Healthy-Leaf (367).jpg,0,0.20000010007217453,0.19999995491198613,0.20000004572144053,0.19999997279587126,0.19999992649852763
1792,33b1a8c66ef6bd7e86c473baf526d420a2ec83128f0fb48e9299ebdd6dab8b50,Healthy-Leaf(1399),Healthy-Leaf (368).jpg,0,0.20000024633005903,0.19999988891612938,0.2000001124805013,0.1999999330969283,0.19999981917638202
1793,13bc37d7e0a5bedaae8f5167620670a6bc23d1dd7a2d69ee099b9819b8da25e1,Healthy-Leaf(1399),Healthy-Leaf (369).jpg,0,0.20000007492631447,0.19999996631780098,0.200000034281949,0.1999999795854403,0.19999994488849507
1794,08ce5d6c1d19c858a5f40a0cecb0a6d946ab86b150e08841ebdc26ba01b9ab56,Healthy-Leaf(1399),Healthy-Leaf (37).jpg,0,0.20000008132367372,0.1999999633467659,0.200000037147565,0.19999997790026025,0.1999999402817351
1795,d85c26eb498d9b89ba240a339df0c5ce0c8abba97988f267b01568d5f9dbd39c,Healthy-Leaf(1399),Healthy-Leaf (370).jpg,4,0.19999991204443004,0.20000003983767614,0.1999999599492787,0.2000000237828267,0.20000006438578846
1796,aa8cf2354ebb0decc92d3cc8ad9de7eeeab9920f7414c9efd6f7579072dd645e,Healthy-Leaf(1399),Healthy-Leaf (371).jpg,4,0.19999993576128033,0.20000002920334733,0.19999997081824755,0.20000001730411074,0.2000000469130139
1797,bd3f6868bb4b1522392c762cedf2970b67c647b6c267297dcf3231d52cdc481f,Healthy-Leaf(1399),Healthy-Leaf (372).jpg,0,0.20000016879602944,0.1999999238691666,0.20000007706918863,0.19999995416191893,0.1999998761036963
1798,53b08cea937323c1f6f8d6be1a93ea28a88b4f8594d91f5eede9cf068faebb7d,Healthy-Leaf(1399),Healthy-Leaf (373).jpg,0,0.20000009988463008,0.19999995502712226,0.2000000456554001,0.19999997282832993,0.19999992660451762
1799,8771e950963d91622ffa0d059f1a69989c1a1c977cbd817b4bac620bcf3905ce,Healthy-Leaf(1399),Healthy-Leaf (374).jpg,0,0.2000003107527728,0.19999985974299025,0.20000014181911557,0.199999915673586,0.19999977201153546
1800,e4ade5586b1bb63ee02880d95d2c7e975ef6d27c7da702ac9ca7aa4e1bb0989c,Healthy-Leaf(1399),Healthy-Leaf (375).jpg,0,0.20000009745047934,0.1999999561190829,0.20000004454027637,0.19999997349280899,0.1999999283973525
1801,58ddf98c0aa36813cd5c51377ace527e1d5d61747fcdcc3807f07e85cc3315aa,Healthy-Leaf(1399),Healthy-Leaf (376).jpg,0,0.20000024171961037,0.19999989095274243,0.20000011034787113,0.19999993437486738,0.19999982260490862
1802,da68598de23cca9e396168bbdb14170a69f3d22bb945eb64550a2b4625072143,Healthy-Leaf(1399),Healthy-Leaf (377).jpg,0,0.20000024722157153,0.1999998885388084,0.20000011290353914,0.19999993283956155,0.19999981849651932
1803,0eb4f76f8e9cbd1ede51e9dfd1edb302de89fc430821c68d14ebacb9e257c4c3,Healthy-Leaf(1399),Healthy-Leaf (378).jpg,0,0.2000002640126841,0.1999998808979278,0.2000001205263521,0.19999992832110428,0.19999980624193175
1804,e1fd1c44a8c2d669604d76073a2e1a3bb624d985fe57e7439286613cd92daffa,Healthy-Leaf(1399),Healthy-Leaf (379).jpg,0,0.20000025116653783,0.19999988675554392,0.20000011470203108,0.1999999317707292,0.1999998156051581
1805,477cb2045de5ae255ed37b3adceb43c8cd38fb7729462f9440aa35daea9d9e0d,Healthy-Leaf(1399),Healthy-Leaf (38).jpg,0,0.20000005046620323,0.19999997728060015,0.200000023069032,0.19999998626962703,0.19999996291453756
1806,8fdab2304425392d1d6cb004f2f180b0ab3b4335bbb1fb9071c96fa58a87eb9f,Healthy-Leaf(1399),Healthy-Leaf (380).jpg,0,0.20000014831732651,0.19999993307608444,0.20000006770007858,0.1999999597411491,0.19999989116536146
1807,c1e2412388a40814e1b7d2684c6faf918030b21f4e1adfdc13d60f7000e0b2ba,Healthy-Leaf(1399),Healthy-Leaf (381).jpg,0,0.20000009992747383,0.19999995499014653,0.20000004566357069,0.19999997282741705,0.19999992659139187
1808,6c0ebb2a7bb4d56c60d00eb5714c2e2177459644c1581965dcc229fd358fa6a2,Healthy-Leaf(1399),Healthy-Leaf (382).jpg,0,0.20000024212263065,0.19999989081862365,0.2000001105625447,0.19999993423638143,0.19999982225981958
1809,96288d88cd4b9110fa2f8be2032b4f0b434859be696b56b278a1c61b5abf1f06,Healthy-Leaf(1399),Healthy-Leaf (383).jpg,0,0.20000003276754047,0.19999998534753483,0.20000001504269643,0.19999999102460714,0.1999999758176212
1810,9965f222ccbf473876c4f36a0b01b407ead8f3c79444bc35de45e2fe95fad989,Healthy-Leaf(1399),Healthy-Leaf (384).jpg,4,0.19999994596083587,0.20000002444508141,0.19999997537327646,0.20000001463065947,0.20000003959014678
1811,b23649cdef2aeeef2877b34a18881f5ed52ff96d60db3580b1ee4ad7e994c403,Healthy-Leaf(1399),Healthy-Leaf (385).jpg,0,0.20000013625625226,0.19999993859049883,0.20000006224129635,0.19999996297084938,0.1999998999411032
1812,159d14a97011017508eba6f13ad02034050c4351798ef06737529b7844fb5e91,Healthy-Leaf(1399),Healthy-Leaf (386).jpg,0,0.2000001784581383,0.1999999195737376,0.2000000815210086,0.19999995150020838,0.19999986894690702
1813,b56d0f1def970c88ec52ad7a11fd3e56466217f36a70141ad7fff9ed1f007b7c,Healthy-Leaf(1399),Healthy-Leaf (387).jpg,4,0.19999990760619496,0.2000000418487599,0.19999995792899763,0.20000002498238634,0.20000006763366107
1814,53ece64609e54790dfa7ec55486145e0f51c10b79ed7f40058c9dae426b70c92,Healthy-Leaf(1399),Healthy-Leaf (388).jpg,0,0.20000024344951442,0.1999998901869653,0.20000011114689648,0.1999999338962398,0.19999982132038405
1815,cb12e869212791bf7b48594dc82f2acff4c9239c06043457bb49c5f30c344f16,Healthy-Leaf(1399),Healthy-Leaf (389).jpg,0,0.20000015080060055,0.19999993200837024,0.2000000688675529,0.1999999590347846,0.19999988928869175
1816,e889b3fbe604b9d73bdca7d701ce4853b6bf9695bf9f7eac38a34404ef93af79,Healthy-Leaf(1399),Healthy-Leaf (39).jpg,4,0.19999997533105082,0.20000001113942195,0.1999999887450909,0.20000000669088688,0.20000001809354945
1817,80e89e2cda1296df9b10014eb85878bec66a7b25b2fe67a3c1829860635413fb,Healthy-Leaf(1399),Healthy-Leaf (390).jpg,0,0.2000002129424696,0.1999999039573627,0.2000000972252015,0.19999994217410969,0.19999984370085644
1818,35e742ac223ffc7f5c1d62464f82f467df34fc6a50a8e83321cea0b12fdeef19,Healthy-Leaf(1399),Healthy-Leaf (391).jpg,0,0.20000017620633484,0.19999992053327248,0.20000008045660386,0.1999999521456835,0.19999987065810537
1819,0b14df8c28d96886acf749df2e86983260132e32a393502f2ca09f8babd8fb9a,Healthy-Leaf(1399),Healthy-Leaf (392).jpg,4,0.19999996333385323,0.20000001669871473,0.19999998336310154,0.20000000985844305,0.2000000267458876
1820,33a4c8a462f99d7677136946beeef59a719cc6b0192e2382e0728e88cda69840,Healthy-Leaf(1399),Healthy-Leaf (393).jpg,0,0.2000002746346257,0.19999987614491777,0.20000012540036127,0.19999992541359934,0.19999979840649584
1821,870d3a776d06edaa742ac83fe10b7fdfdd8c8de7bee2b3062261bf85934d8b03,Healthy-Leaf(1399),Healthy-Leaf (394).jpg,4,0.19999988317925826,0.20000005284371247,0.1999999467616708,0.20000003162921767,0.20000008558614077
1822,65bfef2f3461ba5f5f788dab410f1565830721fa5f3053bdbe11838043b5feb6,Healthy-Leaf(1399),Healthy-Leaf (395).jpg,0,0.20000025298520874,0.19999988580749134,0.2000001154499691,0.19999993135481625,0.1999998144025146
1823,ac05045d30110bdff0cd24c39f680e2f61711f36a1d4e8e224f276e84750c259,Healthy-Leaf(1399),Healthy-Leaf (396).jpg,0,0.2000001516830004,0.19999993157393084,0.20000006924690653,0.19999995881744678,0.1999998886787156
1824,d4a72b2eecf859fbd58cfad1b8b3543c4d2a626a1ab57d421a69cee2aed7850b,Healthy-Leaf(1399),Healthy-Leaf (397).jpg,0,0.2000001624792924,0.19999992680148682,0.20000007423898192,0.1999999558266255,0.19999988065361332
1825,166234ad21e6f81d3b884b96cb5a4f2eaf5ade9ed06ef3c40f4e99f82a43903c,Healthy-Leaf(1399),Healthy-Leaf (398).jpg,0,0.2000000956507314,0.19999995693685677,0.20000004372242844,0.19999997397803423,0.19999992971194913
1826,b7a76ea484df07e6d1bcb8715d994274dd57bf8f1c6f7de229765cfd06ed2654,Healthy-Leaf(1399),Healthy-Leaf (399).jpg,0,0.20000014846748346,0.19999993312254355,0.20000006784220445,0.19999995963070466,0.1999998909370638
1827,6655b3c602d6544c0d4bd3eac9e2631d37218e3530065ee5ea7de441fe8990d6,Healthy-Leaf(1399),Healthy-Leaf (4).jpg,4,0.19999992365289607,0.20000003447841863,0.1999999651698286,0.2000000207058613,0.20000005599299545
1828,01ba17298e086e6366b7301fd93de2534f41644561c0101c135262b1336f9390,Healthy-Leaf(1399),Healthy-Leaf (40).jpg,4,0.1999999865312315,0.20000000604227766,0.19999999382950867,0.20000000367717316,0.20000000991980896
1829,0ca14508117185f1d4555db24ba2779bf72d6e3700f19025500775f0cbe08af6,Healthy-Leaf(1399),Healthy-Leaf (400).jpg,0,0.2000001599729297,0.1999999279899661,0.20000007313206428,0.19999995647175706,0.19999988243328276
1830,ae0b9cef4be1d03bf5746998256e6e77773a2d29f36bb75b5a2a114acd74f60d,Healthy-Leaf(1399),Healthy-Leaf (401).jpg,0,0.20000025355369763,0.19999988564583307,0.2000001157706045,0.19999993114255396,0.1999998138873109
1831,14085cf887479110ae841f4401be5ff46c296fd3d47373ded47c542d5a067889,Healthy-Leaf(1399),Healthy-Leaf (402).jpg,0,0.20000003704625482,0.19999998343758402,0.2000000170091925,0.1999999898506104,0.19999997265635827
1832,cf13c7473b7e3f0c07f393b4c1056770ca32c0378fcc81a91552be28fdabe5c1,Healthy-Leaf(1399),Healthy-Leaf (403).jpg,0,0.20000021150790065,0.19999990459178046,0.20000009656193884,0.19999994257127876,0.19999984476710123
1833,515364bbc62ea0f3886e654b4444d7a333dbc3f171ad964992139a79a8fc11ae,Healthy-Leaf(1399),Healthy-Leaf (404).jpg,4,0.1999998587287111,0.20000006390747932,0.19999993562128077,0.2000000382469982,0.2000001034955305
1834,41edc3890c12eefce04b03d954debc59b0986bfb79f61106e26874574ead91cf,Healthy-Leaf(1399),Healthy-Leaf (405).jpg,0,0.20000025095284174,0.1999998867934235,0.20000011456678918,0.19999993186452072,0.19999981582242485
1835,07825d0e1bf2f0d7408b0e975a04063589eb0bb96c66a46a6b75f881118c247c,Healthy-Leaf(1399),Healthy-Leaf (406).jpg,0,0.20000010126833895,0.19999995444680305,0.20000004631539683,0.19999997242587755,0.19999992554358373
1836,17007a7bb6df204f3d026c0749fdb672254a7d5587800ec67ca847200dd3a929,Healthy-Leaf(1399),Healthy-Leaf (407).jpg,0,0.20000006808614096,0.19999996943446496,0.20000003117922682,0.199999981423708,0.1999999498764591
1837,4414b6493d52befc60a57b9707e08b30eaa9c22010787e6d61bfebc895744339,Healthy-Leaf(1399),Healthy-Leaf (408).jpg,0,0.20000025923109752,0.1999998831558705,0.20000011840852988,0.1999999295579328,0.19999980964656916
1838,d65e3fc50eecd73649ce1628d4b6d5af7e497dc3b562c7bdb69f5903aa96ecd9,Healthy-Leaf(1399),Healthy-Leaf (409).jpg,0,0.20000017234212153,0.1999999223344478,0.200000078730069,0.19999995315970662,0.1999998734336551
1839,ae9a1d1cf0bd7e3463df06729b4f93e0013d160f44ff3bd3ad966d38b87cf96e,Healthy-Leaf(1399),Healthy-Leaf (41).jpg,0,0.2000000504583123,0.1999999771836342,0.20000002300060174,0.1999999863331426,0.19999996302430909
1840,09125c1bc08d46c2ff8f2f4d1ff0756587b84cfd54932ded41baafb9f6f63ccd,Healthy-Leaf(1399),Healthy-Leaf (410).jpg,0,0.20000021006528965,0.19999990520063135,0.2000000958763909,0.19999994298846566,0.1999998458692225
1841,ef6b4a76c8a1e773f614906fde3724818c3173e3c05c743bc41dd6dcb4e9f1ed,Healthy-Leaf(1399),Healthy-Leaf (411).jpg,4,0.19999993580797198,0.20000002913492956,0.1999999708090461,0.20000001732042486,0.20000004692762743
1842,365465031ce61f16a88e6f5dafe9938779d51e6ee924781e36303cceb2f5cc05,Healthy-Leaf(1399),Healthy-Leaf (412).jpg,0,0.20000011175359897,0.19999994965333381,0.20000005106121999,0.19999996961769786,0.1999999179141493
1843,932c1e740443251e3f3e281e393688e89f9cf9c192076acaf32daa51f4bd8b02,Healthy-Leaf(1399),Healthy-Leaf (413).jpg,0,0.20000017502164485,0.19999992111255274,0.20000007994478772,0.1999999524400745,0.19999987148094006
1844,75fb484a64a754a4bd7f411a1f7048e68fca3da567ed649a5ffe0c5b02f19f9e,Healthy-Leaf(1399),Healthy-Leaf (414).jpg,4,0.1999998458652741,0.20000006970490553,0.19999992974524514,0.200000041742727,0.20000011294184816
1845,9c1a411582503a04a63597350e93f9c4914edc5c8bbd0189dacef2295e1750c1,Healthy-Leaf(1399),Healthy-Leaf (415).jpg,0,0.20000011635297119,0.199999947539668,0.2000000531359303,0.19999996839266976,0.1999999145787607
1846,0005ea5c86f398fd30cdb534062ea308258eadce00f0df100da130bd45f388c5,Healthy-Leaf(1399),Healthy-Leaf (416).jpg,4,0.19999988655425957,0.20000005136348892,0.19999994832967635,0.20000003068711636,0.20000008306545883
1847,9b0fb5a3779a6cb876e781fae544cc931c43e8dc017d8f78ddcbab574b79c94d,Healthy-Leaf(1399),Healthy-Leaf (417).jpg,4,0.1999999250127586,0.20000003401821476,0.19999996588947286,0.20000002024315222,0.2000000548364015
1848,5299134b2c679ed39e030e72666c711999bdc6dcc56a0eb114d9f3b0775fe36e,Healthy-Leaf(1399),Healthy-Leaf (418).jpg,4,0.1999999350353862,0.200000029501478,0.19999997046801257,0.20000001751920754,0.20000004747591568
1849,371a293b198166a0ef97c514db16e75e3ee2e2036f6e64ca57a93a8cca4d9906,Healthy-Leaf(1399),Healthy-Leaf (419).jpg,0,0.20000017850046994,0.1999999196583017,0.20000008160718047,0.19999995142539914,0.19999986880864865
1850,381186f18970a393ec7b561c642ca3f4daecd2119b2deea2ede7b1ed6c5f4a3f,Healthy-Leaf(1399),Healthy-Leaf (42).jpg,0,0.20000008053509363,0.199999963585296,0.20000003671180902,0.1999999781856832,0.19999994098211804
1851,9a3becd0cf1db40b1f46320511529e4292beba44b3f67de1d1c6da9796475b40,Healthy-Leaf(1399),Healthy-Leaf (420).jpg,0,0.20000013679787293,0.19999993828206364,0.20000006244708765,0.19999996286281996,0.1999998996101558
1852,6abc68ec91418e53d9b9fc5b5f543cb5de301b39ca7ddfcd01273c9aac9ca9d4,Healthy-Leaf(1399),Healthy-Leaf (421).jpg,0,0.20000007571329104,0.19999996604224965,0.20000003469239963,0.1999999793231179,0.1999999442289418
1853,c5023bbfaa33eefa069f46e603b7d460adb574cc5182408ce9534ae60facd792,Healthy-Leaf(1399),Healthy-Leaf (422).jpg,0,0.20000020300143526,0.19999990852259358,0.2000000927389234,0.19999994482389596,0.19999985091315187
1854,2ef629c542c5831f82570c1b5407a70f4145946cabbb14a985fb98521fcd91cb,Healthy-Leaf(1399),Healthy-Leaf (423).jpg,0,0.20000015679887678,0.1999999293521243,0.20000007163793765,0.19999995737602272,0.1999998848350387
1855,ba4b610c32a9630d17fb52b9987dab5a683241c49bf1be1e55a15226ea2bb471,Healthy-Leaf(1399),Healthy-Leaf (424).jpg,4,0.19999989183010802,0.20000004896200993,0.19999995072442184,0.20000002926776614,0.20000007921569402
1856,a552745ab1d57ca78a3943a2389253168bd7b979bede8bb6b43832267cef1758,Healthy-Leaf(1399),Healthy-Leaf (425).jpg,4,0.19999992149599127,0.2000000355266009,0.1999999642335651,0.2000000212455068,0.20000005749833588
1857,0cbb276bb0a0a0f34af04ce4501612bda4393ead8f2a1a59420f9fc147ca75cc,Healthy-Leaf(1399),Healthy-Leaf (426).jpg,0,0.2000002449126146,0.1999998895589395,0.20000011183551616,0.19999993347960635,0.19999982021332338
1858,d183c6c387e2131a6ec75a250c9212c5b9a9407f5379f9163608fa8528981e2e,Healthy-Leaf(1399),Healthy-Leaf (427).jpg,0,0.20000014166774802,0.1999999361467011,0.20000006471002607,0.19999996150316837,0.19999989597235637
1859,61919545aa2e9bb1f7092dec5bac592c5329af02fe0c3dc4c873d867a6b0730e,Healthy-Leaf(1399),Healthy-Leaf (428).jpg,0,0.20000008361474703,0.19999996238828205,0.20000003824181728,0.19999997723238,0.19999993852277362
1860,8b72d0933de223848d0a781c39316dc219f73b913cf42fd861f36537fe4f892e,Healthy-Leaf(1399),Healthy-Leaf (429).jpg,4,0.19999994341495403,0.20000002567646274,0.19999997426454846,0.20000001527141464,0.2000000413726201
1861,6d9b7ae75ae91b64e770a491ccbad93550c8127d3f2e1419eb8af8433f73983f,Healthy-Leaf(1399),Healthy-Leaf (43).jpg,0,0.20000002255024624,0.19999998981645473,0.20000001028773476,0.19999999388395534,0.19999998346160894
1862,84842e99bdb0e1e820c9518fd0a6f08398887a8edb0245c9aabc011f8752c544,Healthy-Leaf(1399),Healthy-Leaf (430).jpg,0,0.2000001489400899,0.19999993291519505,0.20000006806177123,0.1999999594988457,0.1999998905840982
1863,619fe2e65b6eb3ea102153992e7bd307ea6b915ec0e7e23504869d92312a45fb,Healthy-Leaf(1399),Healthy-Leaf (431).jpg,0,0.2000000325344652,0.1999999854389976,0.20000001492741015,0.19999999109618977,0.1999999760029373
1864,8c77ccdcb46b01cc68c6cfa9713150dd1f5a0a04217c4f6511bfe58d74600439,Healthy-Leaf(1399),Healthy-Leaf (432).jpg,0,0.20000019425598625,0.19999991241786857,0.2000000887142081,0.1999999472288001,0.19999985738313697
1865,107d0a8d8831e78ac0fb7290a4904143869e6ec09d77c696e48c68096fb4f12a,Healthy-Leaf(1399),Healthy-Leaf (433).jpg,0,0.20000019492262222,0.1999999120984281,0.2000000890064095,0.19999994705914761,0.19999985691339262
1866,4373f667020e8713b7cf785263b3b733b034d5ee0bee0604f0b3d7ba78a369e4,Healthy-Leaf(1399),Healthy-Leaf (434).jpg,0,0.20000020877711322,0.19999990581698998,0.20000009531108884,0.19999994331675075,0.19999984677805718
1867,1f4bfd31a8474bc8c795f1cdf95d2abd4eace463ea9930b39635d1cc62092879,Healthy-Leaf(1399),Healthy-Leaf (435).jpg,0,0.20000013685252346,0.19999993832240434,0.20000006251403643,0.19999996280846344,0.1999998995025724
1868,5310c818f6c58dd7b1c6f9994a2e1ab5bb68dfe347f7d8dd2da5bd7587fd36ed,Healthy-Leaf(1399),Healthy-Leaf (436).jpg,0,0.20000011906103957,0.19999994627844728,0.20000005434661694,0.19999996768145575,0.19999991263244035
1869,9bf4a7a51d6600a4c384a4955b415544b2d845e2fecaec7f07fceee91ecd2045,Healthy-Leaf(1399),Healthy-Leaf (437).jpg,0,0.2000000609796367,0.19999997255692725,0.20000002788099597,0.1999999834036808,0.19999995517875935
1870,ff8c6dde05b1ae6c62bdae2878460e1a4ec1b65c9159644511a8efac211de0b8,Healthy-Leaf(1399),Healthy-Leaf (438).jpg,0,0.20000018054427351,0.19999991851899895,0.20000008239994843,0.1999999510028907,0.1999998675338883
1871,9d9cf6a0bda8d1442955953f10ddccabbaa5b2802a0d31c8207172d801dbe700,Healthy-Leaf(1399),Healthy-Leaf (439).jpg,0,0.20000012727237482,0.19999994254958106,0.2000000580794028,0.19999996546703264,0.1999999066316086
1872,2f14bbc7ac5d3dfddd4707665181f509af5e7cce15fd384c7d061574cc1cf9b2,Healthy-Leaf(1399),Healthy-Leaf (44).jpg,4,0.19999997374785491,0.20000001185843772,0.19999998802546434,0.20000000711780003,0.20000001925044308
1873,70a24de8d2899200f6c6a3eb137215d43edd9bbaf9a4bcb4aef8cafc4de90f87,Healthy-Leaf(1399),Healthy-Leaf (440).jpg,0,0.20000029752289064,0.1999998658124097,0.20000013584462267,0.1999999192037924,0.19999978161628462
1874,e6ae1554ae1b2b025d66dc647a67fa06a7f1f92d3d57522547a4ab50b7d4b54f,Healthy-Leaf(1399),Healthy-Leaf (441).jpg,0,0.2000001424913438,0.1999999358174591,0.20000006511346005,0.19999996125406297,0.19999989532367404
1875,dc014b52db8ba9cb6a170dc21877264e0bd50f5c1907aefa010b305b07c54a93,Healthy-Leaf(1399),Healthy-Leaf (442).jpg,4,0.19999992456455518,0.2000000341735649,0.19999996565465047,0.20000002039354278,0.20000005521368672
1876,eeb115e09cbd207d6784f8f532d907471c5d3765d9ddb40fc3838a5937315c00,Healthy-Leaf(1399),Healthy-Leaf (443).jpg,0,0.2000002166759786,0.1999999022374288,0.20000009890644782,0.19999994118216843,0.19999984099797638
1877,9c469b66b1d640d8c5122eb0d9c7822a0bf50d7e9740ad285aa990463d244a68,Healthy-Leaf(1399),Healthy-Leaf (444).jpg,0,0.2000000993776543,0.19999995520256608,0.20000004538971927,0.19999997299840822,0.1999999270316521
1878,271de686e9c8b58e10bd8416f0efc4e5f1a86d8bc8e229857cf1eb3511076a4d,Healthy-Leaf(1399),Healthy-Leaf (445).jpg,0,0.20000018583415502,0.19999991613258936,0.20000008481494388,0.19999994956683687,0.19999986365147493
1879,f288f0b8e9b002cde88bb9397bef10e8d967fb82b00f4c3df81a19256fbdf817,Healthy-Leaf(1399),Healthy-Leaf (446).jpg,0,0.20000021769358467,0.199999901766251,0.20000009936323188,0.19999994091326845,0.19999984026366394
1880,86769485e07c5277a62b5bcb9ce2d4174cb1005a7493f1f3baca4fc19603632d,Healthy-Leaf(1399),Healthy-Leaf (447).jpg,0,0.20000020717927455,0.19999990650774255,0.2000000945620915,0.19999994376881056,0.1999998479820809
1881,3d780e4c836ac7a2750a6496adb663a0c5d35da2f27027545b5932b954c6c527,Healthy-Leaf(1399),Healthy-Leaf (448).jpg,0,0.20000010958176495,0.19999995055846295,0.20000005002160615,0.1999999702528475,0.1999999195853185
1882,ad68fb12d81c2829690abdf309285098459334d51cd74e67edde643c6c320918,Healthy-Leaf(1399),Healthy-Leaf (449).jpg,4,0.1999999771979787,0.20000001042767193,0.19999998968158172,0.20000000610463856,0.20000001658812908
1883,8a0596f15a0f3047094974b550788f955a0c40b1b70c0880324bb3ac6ed4938d,Healthy-Leaf(1399),Healthy-Leaf (45).jpg,4,0.19999996551728227,0.2000000155775188,0.19999998427193103,0.2000000093486636,0.20000002528460423
1884,db9ce67e158a40b25b033b4f5288b8927a420ade1536c29c78ba24a97c095c7e,Healthy-Leaf(1399),Healthy-Leaf (450).jpg,0,0.20000007372258802,0.19999996677026016,0.20000003367381952,0.19999997996720192,0.19999994586613032
1885,9b051074f77d6a444feadb30b0d61bae25f2b15680b81d0e2a641a9f30c20347,Healthy-Leaf(1399),Healthy-Leaf (451).jpg,0,0.20000005602273227,0.1999999747789589,0.20000002560894947,0.19999998475810443,0.19999995883125493
1886,f98508bfd2e94ecceee8e3f9eb78ef4e69287183be4526bed50f9c5ec9a8eb4d,Healthy-Leaf(1399),Healthy-Leaf (452).jpg,0,0.20000008638105066,0.1999999611140707,0.20000003948764564,0.1999999764974229,0.19999993651981013
1887,2363408be0f3b300d7a7a9be3b06317115107e9302abaecc2478d8a0eb6b1034,Healthy-Leaf(1399),Healthy-Leaf (453).jpg,4,0.19999996637534198,0.20000001532884468,0.19999998475298,0.20000000903153,0.20000002451130322
1888,9895564bb6dc6f23fc7073b90ee3858671a4ef5c21755ee8a015bbe653b366de,Healthy-Leaf(1399),Healthy-Leaf (454).jpg,4,0.1999998813406873,0.20000005365006263,0.19999994590742523,0.20000003214235373,0.20000008695947097
1889,587dfdb83150b57026f1a28f341dd20066ce81c88258abb497e8f0922e9e9c19,Healthy-Leaf(1399),Healthy-Leaf (455).jpg,0,0.20000020459975615,0.1999999077029998,0.20000009340488933,0.19999994445001157,0.19999984984234323
1890,c72a4823255b8c19018d221863c2b81312b9e542bd09c661af7b2ac65fd22e65,Healthy-Leaf(1399),Healthy-Leaf (456).jpg,0,0.2000002608716937,0.1999998823116899,0.20000011909029122,0.1999999291758645,0.19999980855046065
1891,3708060e8016d55cf31a2e977d07d93fefbe1689c1ea8912b3c09079839da439,Healthy-Leaf(1399),Healthy-Leaf (457).jpg,4,0.19999992143422443,0.2000000355276029,0.19999996418813784,0.20000002127871938,0.20000005757131553
1892,80ccc40540b83f8e07fd1df7cf29c3802963243c02dadc0b8aaf7396a2488d4c,Healthy-Leaf(1399),Healthy-Leaf (458).jpg,4,0.19999994046528746,0.20000002706622208,0.19999997295614694,0.200000016036253,0.20000004347609063
1893,6fcc60630acb220aa896106e973b8255d27b3ca20120bfcec183ca778f0b8b94,Healthy-Leaf(1399),Healthy-Leaf (459).jpg,0,0.2000000227323417,0.19999998983786324,0.20000001043778776,0.19999999377147681,0.19999998322053048
1894,5c5784278c96fda47dbd998aa557c021e85bfe2635514667cb3ea149c5634b41,Healthy-Leaf(1399),Healthy-Leaf (46).jpg,4,0.19999996267475162,0.2000000168937891,0.19999998299621496,0.20000001009971283,0.20000002733553146
1895,017df46043b902977441887c39fbd3d57ae9ab42e5c4a12d4762d3a5190c4a8a,Healthy-Leaf(1399),Healthy-Leaf (460).jpg,4,0.19999997262703192,0.20000001248920712,0.19999998759462864,0.20000000734587822,0.20000001994325395
1896,6d7f9e2e10a915347a2ec3cac7d0161abf60cff90bd6b73e2a0ed6e23b696148,Healthy-Leaf(1399),Healthy-Leaf (461).jpg,0,0.20000015092215878,0.19999993198734145,0.20000006894496275,0.19999995898141795,0.199999889164119
1897,fb19eca33aeb3cde2f47b6069fadcb9eef3ab15f8c8286a89b8b42a87cb4db1f,Healthy-Leaf(1399),Healthy-Leaf (462).jpg,4,0.19999995033089948,0.2000000225322036,0.19999997740616834,0.20000001340871437,0.2000000363220144
1898,6e6435d63565ba965d3fc8842feaedf1b961ae8099c84d7436b2a8698c51824e,Healthy-Leaf(1399),Healthy-Leaf (463).jpg,0,0.2000002208314983,0.1999999005032383,0.2000001008943501,0.1999999399685263,0.1999998378023869
1899,ca38714412c23779b19face4172e7717842f66f49f469c770a17a53b5939c916,Healthy-Leaf(1399),Healthy-Leaf (464).jpg,0,0.2000002056667039,0.19999990724328343,0.20000009390601584,0.19999994414720562,0.1999998490367912
1900,c42e422248a09176d7049ebe5a7157b2c2dd1ca7fa3283082d213f4a39d995d1,Healthy-Leaf(1399),Healthy-Leaf (465).jpg,0,0.2000001498001003,0.19999993253842302,0.2000000684615279,0.1999999592584478,0.19999988994150109
1901,e3888785d88ae0fca1707a592bf43e85eb49de0f11b72f81e55b4104085deb75,Healthy-Leaf(1399),Healthy-Leaf (466).jpg,4,0.19999990009185742,0.20000004525761791,0.19999995451079672,0.2000000270109999,0.20000007312872814
1902,be5919123f20f152fd44e91c0c13c30f3a2117d8f405896005606636fd628cab,Healthy-Leaf(1399),Healthy-Leaf (467).jpg,4,0.19999981292720492,0.20000008458333515,0.19999991472090892,0.20000005067360432,0.20000013709494663
1903,281fe8f3f8191513f3a6b5910d86c7cd6950a2116da7b210b11867b977d6d533,Healthy-Leaf(1399),Healthy-Leaf (468).jpg,0,0.20000017376800006,0.19999992164939917,0.2000000793540098,0.19999995279798718,0.19999987243060377
1904,e0f59453fee3c013931adf8acf9c8a24bf1c1e468049edbf9a314bb395a3ce6c,Healthy-Leaf(1399),Healthy-Leaf (469).jpg,0,0.20000020968248133,0.1999999054446954,0.20000009574768676,0.1999999430488558,0.1999998460762807
1905,165e435df82f6161b45271aa27d43095e9cc3fb6aee85d924a12081b21aff0c5,Healthy-Leaf(1399),Healthy-Leaf (47).jpg,0,0.2000000636012246,0.19999997132047498,0.20000002904308548,0.199999982724665,0.19999995331055
1906,d9f64d8f06fc53bafa67497fda8bec67acce85bd5f261979e175352beee31539,Healthy-Leaf(1399),Healthy-Leaf (470).jpg,0,0.2000002277708861,0.19999989722370626,0.2000001039659468,0.19999993817503683,0.19999983286442408
1907,7b820bc6df3ca235a74863496e02047322c4facf95934970d9cabe840ea20be3,Healthy-Leaf(1399),Healthy-Leaf (471).jpg,0,0.20000019002341032,0.1999999143207396,0.20000008677771217,0.19999994838197346,0.19999986049616456
1908,ff898f6df43e3a9b9a84234d360a247ab9677ded4c948eee38ac70c1803a41f5,Healthy-Leaf(1399),Healthy-Leaf (472).jpg,0,0.20000008607799336,0.19999996129760644,0.20000003937961616,0.19999997655125287,0.19999993669353108
1909,a581508578e4b6c40a70342fd0241684b09e26013096e7c011ed3b0bd38d06bc,Healthy-Leaf(1399),Healthy-Leaf (473).jpg,0,0.20000001866055642,0.19999999172326466,0.20000000861032177,0.19999999484757994,0.19999998615827727
1910,093993f5c2a57197cceff13738be35ba0fc9fb74a9b894ded62ec2d976859cc4,Healthy-Leaf(1399),Healthy-Leaf (474).jpg,0,0.2000001775389601,0.19999991984478338,0.2000000810086646,0.19999995183717387,0.199999869770418
1911,3c12b227818f1a8c68a317a0c10abdc3c397019b03c6c12809fbf02a261e3b28,Healthy-Leaf(1399),Healthy-Leaf (475).jpg,4,0.1999999977248682,0.2000000011895383,0.19999999906675187,0.20000000051822775,0.20000000150061376
1912,7787f44d326d61c511b37987dda7c6db3f718db1e0b79890e7d1f3654cc471e6,Healthy-Leaf(1399),Healthy-Leaf (476).jpg,0,0.2000001166833218,0.1999999474843031,0.20000005334728388,0.1999999682460564,0.1999999142390349
1913,3c7553a4aab2c747488ff770b4a1b3aaf514d9054f9b3157d1d0144dbb48a8bf,Healthy-Leaf(1399),Healthy-Leaf (477).jpg,4,0.19999988048084893,0.20000005406953594,0.19999994553530584,0.2000000323566478,0.20000008755766127
1914,a00c8ec541ed38175031faac3d1162d5ab72a08ac6fdf423006f0e841451ac88,Healthy-Leaf(1399),Healthy-Leaf (478).jpg,0,0.2000002307630324,0.19999989591017717,0.20000010535537763,0.1999999373407103,0.1999998306307025
1915,be98ed94edb6eb540921a64de5c54adb2bc997cd7b8321d44bc542ff5e3e2c22,Healthy-Leaf(1399),Healthy-Leaf (479).jpg,0,0.20000024363150323,0.19999989013088357,0.20000011124684625,0.19999993383120795,0.199999821159559
1916,8e91d26ac1ae245a26cc5359979489da6b655aa5589551da0e2f000cbbc33bf3,Healthy-Leaf(1399),Healthy-Leaf (48).jpg,0,0.2000000766270049,0.19999996541956105,0.2000000349736326,0.19999997920324875,0.19999994377655275
1917,b222489091c80e5840892da5275efb421bab694bdac73403dd0e9b675da42bca,Healthy-Leaf(1399),Healthy-Leaf (480).jpg,0,0.20000022050089344,0.19999990053231326,0.20000010066576546,0.1999999401312501,0.19999983816977768
1918,e9a943e834a94c28ca6f369229eff7e6f962554c359f2201a8a21b478904232c,Healthy-Leaf(1399),Healthy-Leaf (481).jpg,0,0.2000002348166021,0.19999989401771498,0.2000001071646693,0.19999993627893253,0.19999982772208114
1919,6df4e2ee1afa41d1466fff35e4fe39f99c744eda2763ef74849b19641ec7fe76,Healthy-Leaf(1399),Healthy-Leaf (482).jpg,4,0.19999998131316332,0.20000000857584138,0.19999999156327034,0.20000000498465575,0.20000001356306923
1920,1fbdef158239698a2e723eb80d5756d497bcc8b83583da663c71e2942f39e5de,Healthy-Leaf(1399),Healthy-Leaf (483).jpg,0,0.20000018624726468,0.19999991605853226,0.20000008507601583,0.1999999493862843,0.19999986323190289
1921,01d5c5a424c1b05b640a18d97b675d8f0b2dc868007d9b09d9fb7892a015e752,Healthy-Leaf(1399),Healthy-Leaf (484).jpg,0,0.2000001189157882,0.19999994638297391,0.2000000543055687,0.19999996769715486,0.19999991269851428
1922,84dc596593e96078689ce5b81a50b9f49ac82e69952ae6c35da61cf630615f6e,Healthy-Leaf(1399),Healthy-Leaf (485).jpg,0,0.20000023408428283,0.19999989434189025,0.2000001068263842,0.1999999364816034,0.19999982826583923
1923,5739eb0b0f95d3b365f91a6ab0368943b9092346e13bfebfca60fc095c7f4a86,Healthy-Leaf(1399),Healthy-Leaf (486).jpg,0,0.2000001972449272,0.19999991097864556,0.20000009002000288,0.19999994647258768,0.19999985528383668
1924,1f1bce6512e336d1f8c6e88dfa3a5f958d70fe6e0ef1504a5326e0a7ff08f2cd,Healthy-Leaf(1399),Healthy-Leaf (487).jpg,0,0.20000026175111701,0.19999988189777193,0.20000011948066151,0.19999992894755472,0.1999998079228947
1925,a037db83c0ca591a1596e9d1414355fab77740fdc878c0856fe7ee78d07d0279,Healthy-Leaf(1399),Healthy-Leaf (488).jpg,0,0.20000020975485275,0.1999999053263064,0.2000000957252831,0.1999999430814887,0.19999984611206914
1926,f97b4dac60942c173dc2c5c3f97fcdd4747e22698d6cda83e37df4204754a9b3,Healthy-Leaf(1399),Healthy-Leaf (489).jpg,0,0.2000002115401093,0.19999990453991562,0.2000000965525294,0.1999999425852849,0.19999984478216082
1927,e2eb738bd5aa6a5c73d6ba5e5c667da73cccc0456efc7047b636b0dd32d5f850,Healthy-Leaf(1399),Healthy-Leaf (49).jpg,0,0.20000009932623755,0.19999995517858218,0.20000004533568644,0.1999999730409948,0.19999992711849918
1928,bb8c2a2e5f0c78e24864fa325e7f8ec8c51f3fa5fa03f31665fe6a23c2f25d8c,Healthy-Leaf(1399),Healthy-Leaf (490).jpg,0,0.2000002861214913,0.1999998708468513,0.2000001305694761,0.1999999223657341,0.1999997900964471
1929,ebf4882fe70f217f87a8eb7904dfef9e7d32bd17641524f88bfc302a7d5dba2c,Healthy-Leaf(1399),Healthy-Leaf (491).jpg,0,0.20000027889199787,0.19999987422859566,0.2000001273469128,0.1999999242554056,0.19999979527708797
1930,eb186aa1498d26db4e52ab479d7c2ae5fec8d2c4c245bbe8e639de28a28ad1c5,Healthy-Leaf(1399),Healthy-Leaf (492).jpg,4,0.1999998887476433,0.20000005040532007,0.1999999493512726,0.2000000300726047,0.20000008142315934
1931,b0d7334b985a2de9ee64465125eca0bd45d14543c953750922f880ec398558f7,Healthy-Leaf(1399),Healthy-Leaf (493).jpg,0,0.2000002197177983,0.1999999009297632,0.2000001003369175,0.19999994031703153,0.19999983869848947
1932,38f7f8959db76a5c10311bf02deddef7c16a7fc8ee72d89c3fcfa5720d984c9b,Healthy-Leaf(1399),Healthy-Leaf (494).jpg,0,0.20000029833787045,0.1999998653650056,0.2000001361652733,0.1999999190312051,0.19999978110064562
1933,f52147bba792e04633b37238f2ab9abc78cbe2aeaaa92cdc77522bb66e7dcc15,Healthy-Leaf(1399),Healthy-Leaf (495).jpg,0,0.20000020709459157,0.1999999065903478,0.20000009455209994,0.1999999437647688,0.19999984799819176
1934,c749487578f6b6a9fefc06443cc3baea63dfa97ec1548ee2e676228c02377f0e,Healthy-Leaf(1399),Healthy-Leaf (496).jpg,0,0.20000019454079365,0.19999991223455335,0.200000088808808,0.1999999471848821,0.19999985723096297
1935,8bbbd70f6bacd9367d4403e07bf5079db092c389b3c753e58bf1aeaa0610ff98,Healthy-Leaf(1399),Healthy-Leaf (497).jpg,0,0.2000002258307769,0.1999998981373768,0.20000010310506114,0.19999993867842752,0.19999983424835757
1936,9177e7179319334d813d9bc667e4decc6dffb5926f6709b442bcfc2907f70cce,Healthy-Leaf(1399),Healthy-Leaf (498).jpg,0,0.200000070515725,0.19999996837429704,0.2000000323114154,0.19999998074206393,0.19999994805649868
1937,f243d5aeff61ed0830d5927651e07a9fae64b98a4a96b36fab378317a68db796,Healthy-Leaf(1399),Healthy-Leaf (499).jpg,0,0.20000018801322422,0.19999991518671964,0.20000008583365214,0.19999994895247833,0.1999998620139257
1938,c23c4e5bf3d9797891fd61fbe75e4379fb876876bd9679cdbf1f3768acb355b3,Healthy-Leaf(1399),Healthy-Leaf (5).jpg,4,0.19999987489313273,0.20000005648247982,0.19999994291483789,0.2000000339392912,0.2000000917702583
1939,75abf0d7a98a65ef434b7ef52b1bd240ed8e2a3cf58fe92a907a0558ccacb541,Healthy-Leaf(1399),Healthy-Leaf (50).jpg,0,0.20000002325168764,0.1999999895305938,0.20000001062767545,0.19999999367490107,0.19999998291514207
1940,7aec850607ec517530fbf1eb7186a17e932aab23ef749357d612340cfdcc68fd,Healthy-Leaf(1399),Healthy-Leaf (500).jpg,0,0.20000018071714437,0.19999991851879378,0.20000008252913154,0.19999995090869785,0.19999986732623254
1941,c6f1b9d6df9ad514a8882dc2a91d8a5f79b52d2e62e4bcbbc5b6dcb8586a1f14,Healthy-Leaf(1399),Healthy-Leaf (501).jpg,0,0.20000009257123608,0.19999995826118294,0.2000000422746513,0.19999997485361098,0.19999993203931868
1942,858e001176d0e8a37dc3abd323eb680612d5a02009a030d57fc850db54416879,Healthy-Leaf(1399),Healthy-Leaf (502).jpg,0,0.20000015367967236,0.1999999308008472,0.20000007024085012,0.19999995819765878,0.1999998870809715
1943,fbec80c283c4fcdad297ea9567120a5836210bc1cea267834fcc4547f3be483c,Healthy-Leaf(1399),Healthy-Leaf (503).jpg,0,0.200000000548698,0.19999999989970166,0.20000000034562096,0.19999999976139787,0.19999999944458152
1944,f2f0167f52c20bb5134e90ebbe9495f4e47cda3232ab051351dbde8a799e7ad1,Healthy-Leaf(1399),Healthy-Leaf (504).jpg,0,0.20000025639679742,0.1999998843854449,0.20000011708293985,0.19999993035722352,0.19999981177759435
1945,0819116a8f927a1268ca73765c600bb1686aa2ca6c1b31353fb9c2c622b687ba,Healthy-Leaf(1399),Healthy-Leaf (505).jpg,4,0.19999982873377212,0.20000007744288137,0.19999992193059773,0.2000000463880829,0.20000012550466595
1946,4ecf4295d7962794a5624736661d1198f23fd2de0b04a5694ef707b45ab83b99,Healthy-Leaf(1399),Healthy-Leaf (506).jpg,0,0.20000019912701222,0.19999991026197994,0.2000000909646651,0.19999994588095538,0.19999985376538737
1947,71f518d3633d968dfb077767212f17bf8a22526efd14af686f4c83ff17b44908,Healthy-Leaf(1399),Healthy-Leaf (507).jpg,0,0.20000007295419858,0.19999996724368213,0.2000000334050059,0.19999998009864342,0.19999994629846984
1948,230fc31cc567ac20ef44a21b6ccb48fb23d14231e4c64e4187774d6437e05cef,Healthy-Leaf(1399),Healthy-Leaf (508).jpg,0,0.20000005991989458,0.19999997312120735,0.2000000274528698,0.1999999836389884,0.19999995586703984
1949,ce2d76ac01e13cb7b6dd08eaa0d1d7a35b66d0054feec6394185e5c21a80efe3,Healthy-Leaf(1399),Healthy-Leaf (509).jpg,0,0.20000015345260208,0.1999999308607305,0.2000000701098201,0.19999995828531997,0.19999988729152746
1950,e8d31f9da300793cd87dee79059b52bcb6e1cf611edcbb23ca7330d824b3a5c9,Healthy-Leaf(1399),Healthy-Leaf (51).jpg,4,0.1999999822822334,0.2000000079966335,0.199999991913964,0.20000000480791316,0.20000001299925588
1951,a11833cb420564e3c2e436d82e0b3ca9b456507e06c3f23d53e2a04dab08084b,Healthy-Leaf(1399),Healthy-Leaf (510).jpg,0,0.2000000095668935,0.19999999590770584,0.20000000451182712,0.19999999726651652,0.19999999274705704
1952,c33dec47e0d2f51c07e13c808f4edf1ef7ec677bb9f639825ad2474944ac4a62,Healthy-Leaf(1399),Healthy-Leaf (511).jpg,0,0.20000022057385808,0.19999990055998781,0.20000010073813806,0.1999999400744134,0.1999998380536026
1953,61b64bf8f2b579988311a8379b9f0bc84451f889c0eda099fe4b746a43a17e87,Healthy-Leaf(1399),Healthy-Leaf (512).jpg,0,0.20000025029060237,0.19999988715969552,0.20000011430798048,0.19999993200308963,0.19999981623863197
1954,e411763047d2bfe437ee7fdb966021f3a734db09ac35867e47ae5bee6838262b,Healthy-Leaf(1399),Healthy-Leaf (513).jpg,0,0.2000003186047386,0.19999985625702887,0.20000014543990877,0.19999991350756469,0.19999976619075893
1955,d9f0f183667611caff2a569ab731ba91d36f33f768814f1fc8dabd7709ab0fd9,Healthy-Leaf(1399),Healthy-Leaf (514).jpg,0,0.2000001356905713,0.19999993890590537,0.20000006202185566,0.19999996308769755,0.19999990029397008
1956,dc914690389d208c9c9c9a5c337470088b5eb3fc4253e32da469f93c4c5d56a4,Healthy-Leaf(1399),Healthy-Leaf (515).jpg,0,0.20000007655384794,0.1999999656005443,0.20000003503578126,0.19999997913315207,0.1999999436766743
1957,ad0c658193f4366e949dc6d953817f7ddeb721c072de989cb6daa1a7dddc6a1d,Healthy-Leaf(1399),Healthy-Leaf (516).jpg,0,0.2000002530384013,0.19999988589656936,0.20000011554731698,0.19999993127136745,0.1999998142463449
1958,2639f5a0b4dedbb419d0b1fcef3818e91eac4153d03a80dee7540fdb343be62e,Healthy-Leaf(1399),Healthy-Leaf (517).jpg,0,0.20000018894376703,0.19999991481080412,0.20000008628678562,0.19999994867306742,0.19999986128557593
1959,5faa46e70ed5b7e2fbaebd36df9ac9a10131348106551c42849933136797d35e,Healthy-Leaf(1399),Healthy-Leaf (518).jpg,0,0.20000023559522173,0.19999989369314378,0.2000001075374068,0.19999993605127284,0.19999982712295486
1960,0e24d65b32c7f5c3b0d799803f48eeb9922b942f0e14187d60909a0e46f2bfe0,Healthy-Leaf(1399),Healthy-Leaf (519).jpg,4,0.1999999193258428,0.20000003653870238,0.19999996326431924,0.2000000218146193,0.20000005905651627
1961,92307e0f2f7179a2777e2ff91cb338d64b3d41a45727416b334403fd60a6a770,Healthy-Leaf(1399),Healthy-Leaf (52).jpg,0,0.2000000166099956,0.19999999252691414,0.20000000759567682,0.19999999547805825,0.19999998778935507
1962,48481e91832536d7dbf435e3969a17ba1dd4f881033e4360dbab274dd82c1ef1,Healthy-Leaf(1399),Healthy-Leaf (520).jpg,0,0.20000026709516214,0.1999998794248995,0.20000012188026486,0.199999927534489,0.19999980406518464
1963,598e25eb2bd01c36beb94fb8c23ee3556424ef3998075541682760b06a5e2f62,Healthy-Leaf(1399),Healthy-Leaf (521).jpg,0,0.20000017918496305,0.19999991928853886,0.20000008188035132,0.19999995127675357,0.19999986836939326
1964,d83bf0bb9c50228db2a34894c5423640c7dea1ec0280ff380b928c785dad21d3,Healthy-Leaf(1399),Healthy-Leaf (522).jpg,0,0.20000010100557145,0.19999995450828473,0.20000004615876177,0.1999999725321059,0.1999999257952761
1965,1a6261881807d99b14faa5322cd18b9af8755b417d667f72fbd58d5585ac35c5,Healthy-Leaf(1399),Healthy-Leaf (523).jpg,0,0.20000018931128785,0.19999991469603565,0.20000008648755305,0.19999994854233558,0.19999986096278788
1966,258b0f1ba686033535aac4924c5c87cddfa1c60e00ec97b3cf9177a97d651e3d,Healthy-Leaf(1399),Healthy-Leaf (524).jpg,0,0.20000019295832747,0.19999991296833677,0.2000000880992361,0.19999994760240875,0.19999985837169085
1967,9d783fa42f1a2a18f293d448166f7597dcea570ca0620e734a232dbaba520809,Healthy-Leaf(1399),Healthy-Leaf (525).jpg,0,0.2000002469032454,0.19999988860654572,0.20000011270914778,0.19999993297231333,0.19999981880874781
1968,87f0b2da07f30689f653189d4faaf3c37325325243df6381a7df1fa7a5657f75,Healthy-Leaf(1399),Healthy-Leaf (526).jpg,0,0.2000001995523682,0.19999990996981387,0.20000009109418163,0.19999994582666836,0.19999985355696803
1969,ba557ccf8cc05a508b48af4e3fd54f5dbc563fa35dfb7eaea80a76cb42fac938,Healthy-Leaf(1399),Healthy-Leaf (527).jpg,0,0.20000018183490242,0.1999999180134907,0.20000008303874198,0.19999995060588308,0.19999986650698187
1970,dc3aeb183b61fea4fc34a5dffd9c1f9f55acc097a7d32af0e3bddec031c2c66f,Healthy-Leaf(1399),Healthy-Leaf (528).jpg,0,0.2000002029387782,0.19999990844132054,0.20000009263956273,0.19999994490759782,0.1999998510727407
1971,5116595d0d620f4e7c7e5868d94f74b8aec2acf8fc32500e053da521703685f4,Healthy-Leaf(1399),Healthy-Leaf (529).jpg,0,0.2000000709660166,0.19999996808567927,0.20000003246182402,0.19999998067181768,0.19999994781466243
1972,ef12eac5d4d79fe7062716450a86a414584402393d9fa993fefeeb1e2adf38e5,Healthy-Leaf(1399),Healthy-Leaf (53).jpg,0,0.200000023637127,0.19999998930341564,0.20000001076924456,0.1999999936027392,0.19999998268747365
1973,78ae7a003223b31a8b5c7b50a4a52acc2b70e2c4ecd6289587f044473ec85df0,Healthy-Leaf(1399),Healthy-Leaf (530).jpg,0,0.20000027919834792,0.19999987409132466,0.20000012748713633,0.19999992417141274,0.1999997950517783
1974,ee13cb11def5e766ace8e012eea033f345ac6a280945a749eb2ff12c5384c395,Healthy-Leaf(1399),Healthy-Leaf (531).jpg,0,0.20000023400067077,0.19999989446983021,0.20000010684641029,0.19999993644922467,0.19999982823386406
1975,c7bd6ac7f2eb90a2098ae7d464cf7f2a53e29906538e4b913d5489f647d54148,Healthy-Leaf(1399),Healthy-Leaf (532).jpg,0,0.20000023645856566,0.19999989331196577,0.2000001079368718,0.19999993581175698,0.19999982648083986
1976,e5dcc141322ea284e4e1ba00e013c69abe84b6091c171c0f91d5cd3763f96518,Healthy-Leaf(1399),Healthy-Leaf (533).jpg,4,0.19999994924439157,0.20000002313335058,0.19999997698180913,0.2000000136361163,0.20000003700433236
1977,221c9c8fe7e2f92c1db4140db8cd4bc6db50902ec73d7fd7a191d487b990a4c5,Healthy-Leaf(1399),Healthy-Leaf (534).jpg,0,0.20000018456140872,0.1999999166858663,0.20000008422034707,0.1999999499249728,0.19999986460740507
1978,a1fa61214478930bcebdd7c4c4ee358cc3bade47e764cffae4f18e384079f034,Healthy-Leaf(1399),Healthy-Leaf (535).jpg,0,0.2000002493067292,0.1999998875707244,0.200000113837781,0.1999999322904453,0.19999981699432
1979,edac2a83b15e358045f8d85d2c33cab8f2b9fe165b56cdd1c1178bca0c2508a1,Healthy-Leaf(1399),Healthy-Leaf (536).jpg,0,0.20000028045802482,0.19999987351490223,0.2000001280569492,0.19999992383436932,0.19999979413575447
1980,9e2d8f4e0c04479c1b3e19c8eea87fb11c6ec7788a771a3009fb40bd25552864,Healthy-Leaf(1399),Healthy-Leaf (537).jpg,0,0.2000001512883619,0.19999993187727133,0.20000006914767504,0.199999958848267,0.19999988883842473
1981,5331bd54ab0ef9a0e087bc2188e352df497a9f8c44b8019bcb1eeea7e4d18636,Healthy-Leaf(1399),Healthy-Leaf (538).jpg,0,0.20000019601542882,0.1999999116238704,0.2000000895172721,0.19999994675136626,0.19999985609206244
1982,736c5514da50de3b43deb10d55d2393b4a297acf0adebdf110d45bf108e0a696,Healthy-Leaf(1399),Healthy-Leaf (539).jpg,0,0.20000029178819656,0.19999986842289416,0.20000013324186433,0.1999999207465379,0.19999978580050695
1983,ff993daf20f17a3e398651f75b6b16a47e8ffd77edf874b935a9ec419c39cab2,Healthy-Leaf(1399),Healthy-Leaf (54).jpg,0,0.20000008178314393,0.19999996307843648,0.2000000373177631,0.1999999778125668,0.19999994000808957
1984,d2a8fb328ca891e74f052138210f5a747d256b4290626f15a5e97ad72ef36cfd,Healthy-Leaf(1399),Healthy-Leaf (540).jpg,0,0.20000025061743032,0.19999988696151677,0.2000001144244901,0.19999993194532747,0.19999981605123535
1985,dae9064d5aeea36769cae9a07b926a727a271ec4284165622bc6a0d8a9a99e91,Healthy-Leaf(1399),Healthy-Leaf (541).jpg,0,0.20000025428751123,0.19999988536033234,0.20000011613508673,0.19999993091564203,0.19999981330142777
1986,90a8dce76f39a039e50475010156e4e5e51bc95f8115729904928ac1086615b0,Healthy-Leaf(1399),Healthy-Leaf (542).jpg,0,0.2000002361173688,0.19999989354079736,0.20000010782946853,0.19999993585884138,0.19999982665352384
1987,bff4c74809d3a86a5e8c0eb1ee4a0d27ec21dd2ae516f151e83939533d50201c,Healthy-Leaf(1399),Healthy-Leaf (543).jpg,0,0.20000029669224234,0.1999998661627185,0.20000013544978293,0.19999991944420473,0.1999997822510515
1988,e0696a488f8df84b08140a2f273c4945e64ce44e4c71c3e585283d07e20972c2,Healthy-Leaf(1399),Healthy-Leaf (544).jpg,0,0.2000003144087682,0.1999998581452389,0.2000001435213369,0.19999991464953976,0.1999997692751163
1989,c4135958461919e4d9a359dabcad5b4a5ffc34d8ee9e948334a017594fbb2304,Healthy-Leaf(1399),Healthy-Leaf (545).jpg,0,0.20000024163815358,0.19999989099644355,0.20000011031515186,0.1999999343928543,0.1999998226573967
1990,799dfc95b62a849f4cc0a92a37365deeaccf2a8fbd57e9ab03c562f765f3dc80,Healthy-Leaf(1399),Healthy-Leaf (546).jpg,4,0.1999999130358195,0.2000000394039412,0.199999960410752,0.20000002350560436,0.20000006364388292
1991,0298d5d6247e97ef1aa20d9901513bb1e2d09efd81e4e35b4073d45c66ae415d,Healthy-Leaf(1399),Healthy-Leaf (547).jpg,4,0.19999984921002686,0.20000006821686372,0.19999993128571295,0.20000004082205583,0.20000011046534066
1992,1a278a4add55b4304979f8efb63d9b5e1664d5727ab63a6661bbb4ce6fea695b,Healthy-Leaf(1399),Healthy-Leaf (548).jpg,0,0.20000017705395923,0.19999992025659583,0.2000000809119956,0.19999995185137628,0.1999998699260731
1993,ad5a87981a09d7c2cbc66737800d708a597df758b4721fc2e3dc9733ec30effa,Healthy-Leaf(1399),Healthy-Leaf (549).jpg,0,0.20000023099479214,0.19999989580750546,0.20000010546253588,0.19999993727670592,0.19999983045846048
1994,4775c93216531ea9d91616fe2ac897fdff89e1879bcfb2a3b4c53c34f8ec5e27,Healthy-Leaf(1399),Healthy-Leaf (55).jpg,4,0.19999996601981446,0.2000000153397186,0.19999998449420486,0.20000000921903277,0.20000002492722932
1995,c623aac057be8741ff3717a80abca3131fa9ad46e7602ef8aaa436d8188e644a,Healthy-Leaf(1399),Healthy-Leaf (550).jpg,0,0.20000007397978592,0.1999999668116407,0.2000000338929343,0.19999997980173811,0.19999994551390096
1996,313781b081263e11df7db7222be2fc45971810cae743227df5cd30da87765b64,Healthy-Leaf(1399),Healthy-Leaf (551).jpg,0,0.20000016068132495,0.19999992759706606,0.20000007340818896,0.19999995632415232,0.1999998819892677
1997,7cc0354b39076ff1ce2217881a60fbe55742d938b3e55bd14390324acb681c88,Healthy-Leaf(1399),Healthy-Leaf (552).jpg,0,0.20000001833588557,0.19999999180447786,0.20000000841987028,0.19999999497531662,0.1999999864644497
1998,ab686f420a440ff44112438044266127d60bcf95c8e527d1cc17ff5523afd590,Healthy-Leaf(1399),Healthy-Leaf (553).jpg,4,0.1999999865045193,0.2000000063454989,0.19999999400516802,0.2000000035071232,0.20000000963769068
1999,7c45fdbcd57b2a0ce8a8c2709973ad5df8d29ba54c3b26fff84c9f0b99d49e18,Healthy-Leaf(1399),Healthy-Leaf (554).jpg,0,0.20000024368178898,0.19999989018494393,0.20000011131943424,0.19999993377088457,0.19999982104294836
2000,07a5aa6c29d41e4ce6cb3bce6a17c71a49cf115f698bc75fa8c4d8dee5a3e042,Healthy-Leaf(1399),Healthy-Leaf (555).jpg,0,0.20000013062575042,0.1999999412425815,0.20000005974316643,0.19999996443133947,0.19999990395716227
2001,8b737cf061aac28a1053b9e92e78eeb65a26c506e57e90908ad503ac487d9f61,Healthy-Leaf(1399),Healthy-Leaf (556).jpg,4,0.19999987674262967,0.20000005582067923,0.19999994387058664,0.20000003333212496,0.2000000902339795
2002,49f21b2ded8856e52c2292bf46072a4368f3962ff10b427359b7a5d7370c1945,Healthy-Leaf(1399),Healthy-Leaf (557).jpg,0,0.20000018527514268,0.19999991652455143,0.2000000846500338,0.19999994963351805,0.19999986391675412
2003,ca92e78824554e2f6315ebb0609f222b978ff24f08c2261192e90587912b56e5,Healthy-Leaf(1399),Healthy-Leaf (558).jpg,0,0.20000013931280103,0.19999993719255457,0.20000006362447778,0.19999996215285162,0.1999998977173149
2004,0a0bf2907697460a9d984f28d958cbe8cc1f14cdf8ef8d2da9ea9beb203c4984,Healthy-Leaf(1399),Healthy-Leaf (559).jpg,0,0.2000001465614472,0.19999993394529245,0.20000006694830622,0.1999999601709122,0.19999989237404195
2005,82b53f5a60aefee6b746d70ac97216b655ee53d6f7ab70e21d8bd26019872cc3,Healthy-Leaf(1399),Healthy-Leaf (56).jpg,4,0.19999998241501257,0.20000000794594652,0.19999999198049895,0.20000000476625485,0.20000001289228714
2006,d88733a2b0f3b19fe8a0009b0e36a230cb52b56955f342b470b0ddd5148ab435,Healthy-Leaf(1399),Healthy-Leaf (560).jpg,0,0.20000002191928667,0.19999999027103627,0.20000001010945448,0.19999999395179074,0.19999998374843186
2007,56b10fd3f187997bc2cfc516e13307cc72889b3547cf00cae2f85c73f28f8aa7,Healthy-Leaf(1399),Healthy-Leaf (561).jpg,0,0.20000006121380812,0.19999997251348323,0.20000002802817,0.19999998330232346,0.1999999549422152
2008,e8edee0c9ae047f4b4d700c1231a7baa19daef48a513f1b443f2ee211d35951f,Healthy-Leaf(1399),Healthy-Leaf (562).jpg,0,0.20000004239217267,0.19999998105792322,0.20000001947037804,0.19999998837989663,0.19999996869962935
2009,53db99287d4c1d91874760b2ecff0d913013feae5a7b36251a69c8cef14e7f9f,Healthy-Leaf(1399),Healthy-Leaf (563).jpg,4,0.1999999826416805,0.20000000795730913,0.19999999215749492,0.2000000046357114,0.20000001260780398
2010,f4165833b3664985f9836b4f376bf83272dd74275289560a63d85e63e0f28f9a,Healthy-Leaf(1399),Healthy-Leaf (564).jpg,0,0.20000008868684027,0.1999999601342206,0.20000004057944065,0.19999997583484375,0.19999993476465458
2011,6bf609d95f4fa6275059755e1aec3a0b34c7283c11ddd7423fe1846e21418a2a,Healthy-Leaf(1399),Healthy-Leaf (565).jpg,0,0.20000014264495203,0.1999999357288081,0.2000000651710762,0.19999996122399552,0.1999998952311682
2012,e0dd090e42860d7a77a3fd530b292f52253c255e0e3232d8e90ece98ea0ff3e5,Healthy-Leaf(1399),Healthy-Leaf (566).jpg,0,0.2000000952411609,0.19999995707483695,0.2000000435051985,0.1999999741175837,0.19999993006121983
2013,a94d7dab85aca632c1b62d1470c51941e29f9792e9c88b8bc3c97ea0d7944bf2,Healthy-Leaf(1399),Healthy-Leaf (567).jpg,0,0.20000000876110235,0.19999999626120915,0.20000000413744964,0.19999999749135194,0.19999999334888688
2014,8d11d525ae54284ab844d57a3cd19f0521842999a7df9dd4d0b0345020eb8e26,Healthy-Leaf(1399),Healthy-Leaf (568).jpg,4,0.1999999470512206,0.20000002404215947,0.19999997592849197,0.20000001428062478,0.20000003869750327
2015,8e1fe12f29cc340db69a8a3ee4dedef9fa914a536f54d4a56f95ab7501cbef24,Healthy-Leaf(1399),Healthy-Leaf (569).jpg,4,0.19999991251837956,0.2000000395703002,0.19999996013111138,0.20000002368680853,0.2000000640934003
2016,e770813eb9fba12bde6891c27b2894279f57849898092fd0c45435ee1baeae03,Healthy-Leaf(1399),Healthy-Leaf (57).jpg,0,0.20000002569771827,0.19999998839200142,0.2000000117216783,0.19999999303225885,0.19999998115634318
2017,f7f7bfff3f3bd845d216f0b609143e3469db0516303b0a9475a15d32b8868ba3,Healthy-Leaf(1399),Healthy-Leaf (570).jpg,0,0.20000024579326284,0.19999988914332886,0.20000011222570646,0.19999993325167686,0.19999981958602492
2018,e0071ac434756bb19837703502a5498b928fb58cb5afc5eeb28fc0ccb18e4c92,Healthy-Leaf(1399),Healthy-Leaf (571).jpg,0,0.20000022951554122,0.1999998965563518,0.20000010483978362,0.19999993762866805,0.19999983145965544
2019,c58f01de641f43df51231d62415752eb8007658c8693169ac5975baabd956fc9,Healthy-Leaf(1399),Healthy-Leaf (572).jpg,0,0.20000018259590055,0.1999999176617241,0.20000008338068484,0.1999999504043226,0.19999986595736793
2020,f54cb1d7907bf5483843cdccb7153e1a37ef3dd794eebe862a8142b231f973e5,Healthy-Leaf(1399),Healthy-Leaf (573).jpg,0,0.20000006330233414,0.1999999716502604,0.20000002903255373,0.1999999826871155,0.19999995332773618
2021,085f3ca7b4251eccd24d72e9e2a45b8d2b38ba286d9ecc2f16daf0bda60fc34c,Healthy-Leaf(1399),Healthy-Leaf (574).jpg,0,0.20000026954709957,0.1999998784947828,0.20000012311331397,0.1999999267616667,0.199999802083137
2022,e4affe46a7c29c30e407c257555b665b24a9e4099a15ad82c0796befe9f89086,Healthy-Leaf(1399),Healthy-Leaf (575).jpg,0,0.20000021524716843,0.1999999029780426,0.2000000983162691,0.19999994151156286,0.19999984194695702
2023,6976630c28ea0bd2f7dd11f43ad4c40fb4aef6baea9b37788f155d9f3fbcf371,Healthy-Leaf(1399),Healthy-Leaf (576).jpg,4,0.19999984982969835,0.20000006790335312,0.1999999315465999,0.20000004067445323,0.20000011004589546
2024,9082c7aaa1e57eefc6acdc72ec021fd6d4a69038bd7f3cc4abe2fabbdf8a321b,Healthy-Leaf(1399),Healthy-Leaf (577).jpg,0,0.2000000840328932,0.1999999622308083,0.2000000384528325,0.19999997709984954,0.1999999381836165
2025,f50ca187d1065306553feced37fc75bd5543335207f70d70081e158ec7e7bd00,Healthy-Leaf(1399),Healthy-Leaf (578).jpg,0,0.20000013393863414,0.1999999396430887,0.20000006118773025,0.199999963595825,0.19999990163472187
2026,23c21b7e34b9e522c69deefe704e0312d6d05942bf835e6e80fe36db43296b19,Healthy-Leaf(1399),Healthy-Leaf (579).jpg,0,0.20000002311560275,0.19999998972970093,0.20000001065462383,0.19999999362825127,0.1999999828718212
2027,865ac6c3689fbb7e970ec79b339deebd8138c7ba70e846a20d561c15ab776508,Healthy-Leaf(1399),Healthy-Leaf (58).jpg,0,0.2000000296986145,0.19999998658047285,0.20000001354388688,0.1999999919500838,0.19999997822694193
2028,c5cfdfa3ce1cc2be80e9626e06b351cbf32519cb5ca694c95a5f382e94972ecc,Healthy-Leaf(1399),Healthy-Leaf (580).jpg,0,0.2000001742891293,0.1999999214389608,0.20000007960773517,0.199999952641497,0.1999998720226777
2029,dfd324c56ec130f3fc0e891df91285bdf75d94c40c5ec128221958862f29e65c,Healthy-Leaf(1399),Healthy-Leaf (581).jpg,4,0.19999984368366427,0.20000007066248324,0.19999992873221936,0.20000004235126898,0.20000011457036426
2030,4c0a0caf1fbf9f0d0a87e02392ac548e698757d55648c91290b704c2355c1159,Healthy-Leaf(1399),Healthy-Leaf (582).jpg,0,0.20000001401958092,0.1999999938376317,0.20000000650494176,0.1999999960949567,0.19999998954288897
2031,175a9d6cfaa9ef526fdde585e62af9ae3a585b59fbc3b02c62a20faf932e3e8b,Healthy-Leaf(1399),Healthy-Leaf (583).jpg,4,0.19999990248261362,0.20000004413776665,0.19999995557551586,0.20000002638704686,0.20000007141705706
2032,ba07ea0fde43857a349c6a6df87b3adc93410eb96231375dce4447cec18b9432,Healthy-Leaf(1399),Healthy-Leaf (584).jpg,4,0.1999999168392944,0.20000003772898903,0.19999996217349986,0.20000002244806464,0.20000006081015204
2033,63b26a3fbff62b4952718877a1b38fff7fcfd1edccf793b24b3318ecee8fca7d,Healthy-Leaf(1399),Healthy-Leaf (585).jpg,4,0.1999998567937026,0.20000006479535995,0.19999993474753025,0.20000003876330186,0.20000010490010534
2034,3f1c6abcd81299cf7cb5922b9ae569874d40ad0ea6dafcceed1f28d21572756e,Healthy-Leaf(1399),Healthy-Leaf (586).jpg,0,0.20000008228344163,0.1999999630362037,0.2000000376648022,0.19999997756530632,0.1999999394502461
2035,2fd4343594f7f05fbb2aff9936aca1a814ed7bdef35a1a158d4a968ee25a6397,Healthy-Leaf(1399),Healthy-Leaf (587).jpg,0,0.20000007270035908,0.19999996733068195,0.2000000332713307,0.19999998018445925,0.19999994651316894
2036,4af410b10885a01186e7c1954590838add409fe57bfda1a6f3d9488e3de6816d,Healthy-Leaf(1399),Healthy-Leaf (588).jpg,0,0.20000015412099953,0.19999993056919074,0.2000000704214521,0.19999995809788618,0.19999988679047148
2037,76b2429653a62bd27abc41a6ef65c98d98c7b407222f198b971ba8da3b631b97,Healthy-Leaf(1399),Healthy-Leaf (589).jpg,0,0.20000024044666878,0.19999989153297512,0.20000010977051322,0.19999993471683278,0.19999982353301002
2038,7b7e5dd68e01e6996f1e9523a54bdcb1061bbfc41ba33f1af606ad760493f792,Healthy-Leaf(1399),Healthy-Leaf (59).jpg,0,0.20000004047726797,0.19999998172729294,0.20000001847053528,0.19999998901801355,0.19999997030689018
2039,db4b0bb23def5f696120e6588f425ebf773158f5f06084452914ad547baf11b5,Healthy-Leaf(1399),Healthy-Leaf (590).jpg,0,0.2000002424775721,0.19999989075288965,0.20000011078559934,0.19999993408266753,0.1999998219012715
2040,0b040940e4323c31e0bec4d2d640a51079ec00f7138a785cc3398a3979558568,Healthy-Leaf(1399),Healthy-Leaf (591).jpg,4,0.19999999008263952,0.20000000465573547,0.1999999955899259,0.20000000258176823,0.20000000708993096
2041,eca8c4796af2ceb92f1a3ab7f499946a0f0accb59a613fdbe98ebfc9e076e3da,Healthy-Leaf(1399),Healthy-Leaf (592).jpg,0,0.20000008435962582,0.1999999620687004,0.20000003859251406,0.19999997702026032,0.19999993795889934
2042,9a9a224f7324e7035662da1cf9c981a8522f5db4fb6d47e09d3e38dab6fbdafd,Healthy-Leaf(1399),Healthy-Leaf (593).jpg,0,0.2000002316634513,0.19999989554971867,0.2000001057959447,0.19999993706825678,0.19999982992262855
2043,883062d100585b9d0931a54c8004aa6c4250936905bee37372eeb1b23a28d16f,Healthy-Leaf(1399),Healthy-Leaf (594).jpg,0,0.20000015650679,0.19999992941372874,0.20000007145932816,0.19999995749805882,0.19999988512209427
2044,22199bc48b38f812b4f0e34bfd2a8bddd0ceac11932642833da5a8054d200be7,Healthy-Leaf(1399),Healthy-Leaf (595).jpg,4,0.19999998042770123,0.20000000904163528,0.1999999912018141,0.20000000518454797,0.2000000141443015
2045,a5cc3bc9810807f34b2b79172d3360a6d8171107c12381e4c2245885b8ca09b2,Healthy-Leaf(1399),Healthy-Leaf (596).jpg,0,0.2000001356800845,0.19999993896498147,0.2000000620522133,0.19999996305747494,0.19999990024524578
2046,5fdb402c3f8c390dcae9e1c88b1b79e11300ec69196e3fe25c261bbb5e5e16a8,Healthy-Leaf(1399),Healthy-Leaf (597).jpg,0,0.20000003291939727,0.19999998535595542,0.20000001516163743,0.1999999909364185,0.19999997562659136
2047,675a616705bdfb8a971d34bfafc7078c19cc091dcc5562a6a401cd9ba5b48380,Healthy-Leaf(1399),Healthy-Leaf (598).jpg,0,0.200000189245976,0.19999991473359094,0.20000008646299489,0.19999994855517156,0.19999986100226658
2048,0dcdb294e7f0d87d9effeebbb0a7bdd8c1ce01be2878612bd1d22472b8f9e226,Healthy-Leaf(1399),Healthy-Leaf (599).jpg,0,0.20000003575730171,0.19999998408123534,0.20000001646076793,0.19999999016272446,0.19999997353797055
2049,9fe3859a4611736a5d5b70df61506e980e2d3997206e8020baaf66381c96996d,Healthy-Leaf(1399),Healthy-Leaf (6).jpg,0,0.20000008721407556,0.19999996059003988,0.20000003977241465,0.19999997636157668,0.19999993606189329
2050,3c817e8a43c19d08b8b5e78bc2050ba30accb0b4e523292c90d30d19bf7cfca2,Healthy-Leaf(1399),Healthy-Leaf (60).jpg,0,0.2000000577197852,0.19999997394941005,0.20000002634237882,0.19999998433625768,0.19999995765216833
2051,0c20a4ba677a2985a03d132cd06c0670fecb7d6f121129e7784e86356eab9c16,Healthy-Leaf(1399),Healthy-Leaf (600).jpg,0,0.20000007872241474,0.1999999646245459,0.20000003602729377,0.19999997854305612,0.19999994208268948
2052,0eb59282f0a49bc7d5c18a8c339384ddf44370ff5ef81b2005d039a35557eb58,Healthy-Leaf(1399),Healthy-Leaf (601).jpg,4,0.1999999710561489,0.20000001328942044,0.19999998693646234,0.20000000771667467,0.2000000210012937
2053,bd0a31295237377dc6a517244a27f2b635dac0840b4bc49c925fafac59507fb8,Healthy-Leaf(1399),Healthy-Leaf (602).jpg,0,0.20000016597929784,0.19999992522125729,0.20000007583588808,0.19999995487700298,0.19999987808655392
2054,b90055b5c7debf92a0fb0962e5dc37b1273feb5652f4274d0490f2f8f97568b4,Healthy-Leaf(1399),Healthy-Leaf (603).jpg,4,0.1999999209248584,0.2000000358678738,0.19999996402680917,0.20000002134962813,0.2000000578308304
2055,030a71b5eb93323a34eab654f99ff8cf53ab2f3854fc259674e2cf4d3d7aa82a,Healthy-Leaf(1399),Healthy-Leaf (604).jpg,4,0.19999981873742403,0.20000008197847371,0.1999999173837918,0.20000004908621252,0.20000013281409787
2056,4910b825c33e9a1de755071a8b8858a0af688c411932f74d5c1fd6cc13373bb4,Healthy-Leaf(1399),Healthy-Leaf (605).jpg,0,0.20000007971425984,0.19999996421084607,0.20000003650193127,0.19999997825318913,0.19999994131977372
2057,7f3a7c77f2767577f3560e7ea4689bb0dea4a334a0a1584c20ea5184942645b9,Healthy-Leaf(1399),Healthy-Leaf (606).jpg,0,0.20000024247220496,0.19999989068853424,0.2000001107399686,0.19999993412476363,0.1999998219745285
2058,a17d47e418efbd38f6f1021d35fddf8ed675e2bb311b39503fe71de633e1241a,Healthy-Leaf(1399),Healthy-Leaf (607).jpg,4,0.1999998294323465,0.20000007715711643,0.19999992226840674,0.20000004618044984,0.20000012496168046
2059,8d0c6ad43e4f1b36daa8e3b06d1863e95b26e58297a1d625cee5c797f85b56f0,Healthy-Leaf(1399),Healthy-Leaf (608).jpg,0,0.20000014046397604,0.19999993679687497,0.20000006422969507,0.19999996176485213,0.19999989674460175
2060,39803edf8f2b7199c7220335b82ce65bd59244ad1b22b8bff77e37532ddc197f,Healthy-Leaf(1399),Healthy-Leaf (609).jpg,0,0.2000001213198106,0.1999999454440036,0.20000005549707592,0.19999996695595243,0.1999999107831574
2061,5f897c2e55544439318881167f21cb3970d4862f9992500f833e59a9d9894285,Healthy-Leaf(1399),Healthy-Leaf (61).jpg,0,0.2000000299412257,0.1999999864792259,0.20000001365994058,0.19999999187920206,0.19999997804040576
2062,373653c18e375253c99010333fb4852f5e3aeb6f159cf582eef86155912b6688,Healthy-Leaf(1399),Healthy-Leaf (610).jpg,0,0.2000002059757648,0.19999990714917307,0.2000000940763889,0.1999999440357367,0.19999984876293656
2063,647b321689e440c3d0b39e21283aa9e3fbea8873aee8e18b82e98da05d49b809,Healthy-Leaf(1399),Healthy-Leaf (611).jpg,0,0.20000001382894608,0.1999999938898607,0.20000000639617724,0.19999999616720918,0.19999998971780675
2064,bbbee24866d905d4cd3c22720e00ca9a5a427e0ccf106586370568ace2c9fa02,Healthy-Leaf(1399),Healthy-Leaf (612).jpg,0,0.20000011046541058,0.1999999503447392,0.20000005054445189,0.19999996990031832,0.19999991874508002
2065,7fe9294efd6a6ef0a42a6504705621051b2e8237288d84965487d20595864515,Healthy-Leaf(1399),Healthy-Leaf (613).jpg,0,0.20000007627378596,0.19999996571392675,0.2000000348995711,0.19999997921695664,0.1999999438957595
2066,79070d87676ec0fa226c04210a22ed6de78f9107f50e85ace2e602a4830b70f4,Healthy-Leaf(1399),Healthy-Leaf (614).jpg,0,0.20000008386600288,0.19999996223720318,0.20000003833221702,0.19999997718738954,0.1999999383771873
2067,dffde58d3110016f7a484655a6c4f963cae25e8770ee5dc9f5bb610aa46b42a5,Healthy-Leaf(1399),Healthy-Leaf (615).jpg,4,0.19999993717482467,0.2000000284913165,0.19999997141580508,0.20000001696586772,0.20000004595218593
2068,0c4743195a79422fdbebd001525b91939807a2f4bf60237a6076a514cedbd12b,Healthy-Leaf(1399),Healthy-Leaf (616).jpg,4,0.1999998876463704,0.20000005088247239,0.19999994883584768,0.20000003038351644,0.2000000822517931
2069,cb1fdd44fbf43012f72bffaa8f763b01a630cc52f482f4ba3d362203c278ba27,Healthy-Leaf(1399),Healthy-Leaf (617).jpg,0,0.20000020942200192,0.1999999056165399,0.20000009566385274,0.19999994308675226,0.19999984621085312
2070,3e3d902caacc84063878706f1890612a128cd41f441b81559307cff708612aa5,Healthy-Leaf(1399),Healthy-Leaf (618).jpg,0,0.20000015412239452,0.19999993059253476,0.20000007043747534,0.19999995808268942,0.19999988676490596
2071,2de924ec3bf4ad0c71406fde03e73d1d5140e3d398ef0b0c7d2c64bff1fc6b54,Healthy-Leaf(1399),Healthy-Leaf (619).jpg,0,0.200000040868853,0.19999998173184516,0.20000001876637413,0.19999998880149367,0.19999996983143392
2072,f848a23282403c31569eaa8d7aed9dd5bb458e56c357e27e31aabddc57c9b0c0,Healthy-Leaf(1399),Healthy-Leaf (62).jpg,0,0.2000000221750883,0.19999998999917806,0.2000000101251588,0.19999999397766552,0.19999998372290922
2073,ac0385326ec63ccb7b88cc7a7c7998a8e060de6f06743572e7911e48f1efb8d4,Healthy-Leaf(1399),Healthy-Leaf (620).jpg,4,0.19999999090529957,0.20000000424823663,0.19999999594218876,0.20000000238078625,0.20000000652348876
2074,6890368c6788ff30500d7081c75e55f9ab3bc11edb9109af94cd29cf113a5a76,Healthy-Leaf(1399),Healthy-Leaf (621).jpg,0,0.20000024744783032,0.19999988844648225,0.20000011301312065,0.19999993277241893,0.1999998183201477
2075,dac6cf1ea3fc51f0f2c60399531e8f5bf9bf88500e6f1424ded6e00d71b083c3,Healthy-Leaf(1399),Healthy-Leaf (622).jpg,0,0.2000001092193868,0.19999995081776942,0.20000004991817477,0.19999997029288005,0.1999999197517891
2076,82b7c22712239fe95ef6d751c12e1bd57ac67b1e66f23f88f5953d6607447ccf,Healthy-Leaf(1399),Healthy-Leaf (623).jpg,4,0.19999998556589832,0.2000000066786266,0.1999999935185101,0.20000000381716385,0.20000001041980095
2077,0d9ea995046c06858295310e28746192e19d2287f8e39e6d18c0bcde7f18e020,Healthy-Leaf(1399),Healthy-Leaf (624).jpg,0,0.2000000149984057,0.19999999336499522,0.20000000693184833,0.19999999584829356,0.19999998885645717
2078,aee95124302c76df73a0ad960d90945b6762c6d893a89c519aefc2e6379c6b38,Healthy-Leaf(1399),Healthy-Leaf (625).jpg,0,0.20000003965045704,0.1999999822664633,0.20000001820037644,0.19999998914146425,0.19999997074123904
2079,b1f38e661e97ac37dc3b5e3141dca57d5c247db9bfe3bf0a2ded1e04211a9746,Healthy-Leaf(1399),Healthy-Leaf (626).jpg,0,0.20000025130474344,0.1999998867427704,0.2000001147971954,0.19999993170303465,0.19999981545225617
2080,47f433ecf815af52b82f381645bb2ea1deea76f7f98072779cd35b1caa6c74b2,Healthy-Leaf(1399),Healthy-Leaf (627).jpg,4,0.19999993181369863,0.20000003093441188,0.19999996898413394,0.20000001840641382,0.20000004986134187
2081,427b24dad469905040ef0563e45425ca009bfa50da18aa975c47385b41433b67,Healthy-Leaf(1399),Healthy-Leaf (628).jpg,0,0.20000002123226232,0.19999999054138973,0.20000000977031732,0.19999999416263745,0.19999998429339325
2082,36e778b813091579af2521c5f02e5c714207a4aa8f36d73d1c344fb8d6fbb9f9,Healthy-Leaf(1399),Healthy-Leaf (629).jpg,0,0.20000003471933647,0.19999998448741424,0.20000001594698377,0.19999999048237793,0.19999997436388756
2083,8d30bbd2391a86ab84b65212cec3e87133aa0495d8094e8744d9a63353d87819,Healthy-Leaf(1399),Healthy-Leaf (63).jpg,4,0.19999999200991392,0.20000000358973263,0.19999999634286988,0.200000002178305,0.20000000587917863
2084,4236dfeb38a219114c4777a80b455099e5a53b0f42ba8e7fd2a07a71bf10f3cd,Healthy-Leaf(1399),Healthy-Leaf (630).jpg,0,0.20000029217310977,0.19999986818965682,0.20000013337906083,0.19999992067833863,0.19999978557983392
2085,2427fa86d0fa08c5a83f9f24ac6d5743e1bd178c02dc914ea0be6c964e7cc6a8,Healthy-Leaf(1399),Healthy-Leaf (631).jpg,0,0.20000025967955318,0.19999988281099962,0.2000001185212093,0.19999992952296364,0.19999980946527438
2086,a5433cc53278c78d8d43b1ac413d85a8c26dff2926d80f3b3c0f14f4b71c27ba,Healthy-Leaf(1399),Healthy-Leaf (632).jpg,0,0.20000015354220005,0.1999999308507608,0.20000007017035976,0.1999999582424222,0.19999988719425713
2087,7e602d5ab4ddf0303e0c0b28e9fe690a51e27962ce46eaf03e141d9d367ee6ef,Healthy-Leaf(1399),Healthy-Leaf (633).jpg,0,0.20000026716968058,0.19999987945169936,0.20000012195334918,0.19999992747753478,0.1999998039477361
2088,faa3e0963ce017fd4ec911247ae85816fc03b3c87644b9def5c3a1a4e0c1508a,Healthy-Leaf(1399),Healthy-Leaf (634).jpg,0,0.20000025656195597,0.19999988429697474,0.20000011714939162,0.19999993032099903,0.19999981167067865
2089,969e3cf413e9cab01699a2aa585c44b2bd4aa421eec80e307fed0fd77fc8d463,Healthy-Leaf(1399),Healthy-Leaf (635).jpg,4,0.19999999689753079,0.20000000156785672,0.19999999869228574,0.2000000007398385,0.20000000210248817
2090,0ba5c8f0a593edf3e6fcbb6d98e3b4948c6a44b4fcc37bbedf6c076dabebe821,Healthy-Leaf(1399),Healthy-Leaf (636).jpg,0,0.20000021133096735,0.19999990471369877,0.20000009650834677,0.1999999425936085,0.1999998448533786
2091,786011c07aae2f0c1d8aaa3f47809348aa55798265d2e2c60f46bcffd0a1801e,Healthy-Leaf(1399),Healthy-Leaf (637).jpg,4,0.19999992046674128,0.2000000361081474,0.19999996383944363,0.2000000214536515,0.2000000581320163
2092,c5e247b003a247c45b7df8c0a8e536affc51675ac68011ad30dc27a02e7adae0,Healthy-Leaf(1399),Healthy-Leaf (638).jpg,0,0.20000024020505103,0.19999989172412486,0.20000010971334198,0.19999993473259456,0.19999982362488766
2093,faa91bde1c38ff5408f5593ceb3629596e1262922e2c454063f4837290ec6b84,Healthy-Leaf(1399),Healthy-Leaf (639).jpg,0,0.20000023241138404,0.19999989529647513,0.20000010619187164,0.19999993681409248,0.19999982928617677
2094,83cbf3294557b7574cda7615d94e62f453c6bd99f8583e404f98bb5639b8775b,Healthy-Leaf(1399),Healthy-Leaf (64).jpg,4,0.1999999826601183,0.20000000779917362,0.19999999206907806,0.2000000047219178,0.20000001274971213
2095,3db39e863b393e231931bb8695cf2b1da7d165327b6e54af86db501492147d6e,Healthy-Leaf(1399),Healthy-Leaf (640).jpg,0,0.20000014816251738,0.19999993326470497,0.2000000677061353,0.1999999597109405,0.1999998911557019
2096,dc8bb60b7e8635fb7e081e9fbf3af5291ab70b6aca93f759595d64dee2cecd3e,Healthy-Leaf(1399),Healthy-Leaf (641).jpg,0,0.2000001599577021,0.19999992801769148,0.20000007313857512,0.19999995646323024,0.19999988242280123
2097,4c70181408ffed0aff87e2b41c8363dc742ef78cf072386ff6d7ebc1e90c63ac,Healthy-Leaf(1399),Healthy-Leaf (642).jpg,0,0.20000013790900764,0.19999993792174794,0.20000006304549683,0.19999996247549678,0.1999998986482507
2098,f54c2d4028cf2ecd5b45a5385c30cc9bbeb58face19ff1ef3c988d21860c9dec,Healthy-Leaf(1399),Healthy-Leaf (643).jpg,0,0.20000020614752828,0.19999990712130752,0.20000009418673553,0.1999999439587253,0.19999984858570335
2099,ba7edd727035ad63f84166300fb9619980d03e4e62da27974892188b72029355,Healthy-Leaf(1399),Healthy-Leaf (644).jpg,0,0.20000004082059586,0.19999998177119177,0.2000000187556314,0.19999998880377395,0.1999999698488071
2100,3aa4554828aad421548f79c5576b780e793b8507c066a169b17eccdc89426d39,Healthy-Leaf(1399),Healthy-Leaf (645).jpg,0,0.20000006468993003,0.19999997099718522,0.20000002964854496,0.19999998232716673,0.19999995233717296
2101,78bd6818258dc8f697dbd0ae99893119a100a3c339ad4f67130d6761afcb11e3,Healthy-Leaf(1399),Healthy-Leaf (646).jpg,0,0.20000008088585502,0.19999996354416416,0.20000003694754295,0.19999997801923805,0.19999994060319978
2102,f7ce94d995d92753d741b9497e1117e33f1db0edd14934eaafa5aed7bf9652d2,Healthy-Leaf(1399),Healthy-Leaf (647).jpg,0,0.200000024617171,0.19999998909861952,0.20000001136992068,0.1999999931922479,0.199999981722041
2103,0fc54e10018c638da4b3b4c6600153a57ddc6f4f59bd9dfe2a5ef19818070bbf,Healthy-Leaf(1399),Healthy-Leaf (648).jpg,0,0.20000013694233904,0.19999993830319096,0.2000000625687785,0.19999996277107338,0.19999989941461815
2104,7997e55e0231389b9ef37cdce02fade93788da832fadf4f0f1633a81b2c533bd,Healthy-Leaf(1399),Healthy-Leaf (649).jpg,0,0.20000023192250715,0.19999989539031995,0.2000001058867282,0.19999993702385885,0.19999982977658567
2105,97dd18f9e5d4270bd99632f1284850a0f9c4859089aaca21ada857cfb02155eb,Healthy-Leaf(1399),Healthy-Leaf (65).jpg,4,0.19999998465255206,0.20000000690754102,0.19999999298330307,0.20000000417659328,0.20000001128001052
2106,b7e74aeb917f9a76cb455f32199d919072c04e7c8e3bf7d5b9ea9c71f42d39fb,Healthy-Leaf(1399),Healthy-Leaf (650).jpg,4,0.1999998894673324,0.20000005008401578,0.19999994968214874,0.2000000298751977,0.2000000808913055
2107,f6d2754f6ce9795576994c32485623fadbdc2a8c6f6ea28671e5a7f2bfbdf8c1,Healthy-Leaf(1399),Healthy-Leaf (651).jpg,0,0.20000018960127466,0.1999999145639537,0.2000000866190239,0.19999994846426228,0.1999998607514854
2108,ec89f9acc4aafa78f407117ecdfc818c8667584347932e51c8d7c466ff5c4716,Healthy-Leaf(1399),Healthy-Leaf (652).jpg,0,0.20000017800857228,0.19999991981841167,0.20000008134291936,0.19999995159679693,0.19999986923329985
2109,c918c96a125b410dcc4257c3cfca7817b95c237cc62d4d49903c833680d4fe77,Healthy-Leaf(1399),Healthy-Leaf (653).jpg,0,0.20000002845491116,0.1999999873200072,0.20000001309131174,0.19999999217900288,0.19999997895476704
2110,31201200a072bb3f759c162115f4a769d22c949fc441acfdad4c327286ff9171,Healthy-Leaf(1399),Healthy-Leaf (654).jpg,4,0.19999993846081524,0.20000002791090404,0.1999999720026026,0.2000000166168595,0.2000000450088186
2111,4eb883e9b0c193cc31548128370f168f45f3b2fa5c1495fe2aeedd9a24c15270,Healthy-Leaf(1399),Healthy-Leaf (655).jpg,0,0.20000018794589292,0.19999991521598928,0.2000000858022812,0.19999994897146448,0.19999986206437212
2112,977f3b35883105065184f688dc970c438b6c27689118ae824dfd68f4db30a696,Healthy-Leaf(1399),Healthy-Leaf (656).jpg,0,0.20000033265506,0.19999984991514655,0.20000015185187126,0.19999990969492895,0.19999975588299324
2113,3d58eda0ecbd8a40216e70d72763850dc31fc7da948ae7c3cd600dae05d64a52,Healthy-Leaf(1399),Healthy-Leaf (657).jpg,0,0.20000007379569526,0.19999996686611712,0.20000003379053505,0.19999997986902912,0.19999994567862336
2114,2890de45d26cec6e195a97ec81dcbacf1003d93667ea86672ad73be019b9866c,Healthy-Leaf(1399),Healthy-Leaf (658).jpg,4,0.19999989471778182,0.2000000476738483,0.19999995205212384,0.20000002847500364,0.20000007708124234
2115,1dc4a3b7fad0767ef17290f5c1fc98f5bb09725d6551e6fcc1a222d9d66e3d46,Healthy-Leaf(1399),Healthy-Leaf (659).jpg,0,0.2000002020799739,0.199999908840977,0.20000009225537302,0.19999994513330263,0.19999985169037332
2116,9119d13d0a1c087a7e3ee36055264b3299d2f321a8c242dcd9b81fc3daf13d65,Healthy-Leaf(1399),Healthy-Leaf (66).jpg,4,0.19999998046776934,0.20000000878334,0.19999999106510383,0.2000000053201019,0.20000001436368492
2117,fae6fc1e04d59f9f8ca451ecd879607275272493f7855dc8de911325fbb78981,Healthy-Leaf(1399),Healthy-Leaf (660).jpg,0,0.20000025928925416,0.19999988303375313,0.2000001183731344,0.19999992960050134,0.1999998097033571
2118,9f5c2fdbe56d456c6a0872114ca83cc4be7c232e1626f21e1b358455b3830195,Healthy-Leaf(1399),Healthy-Leaf (661).jpg,0,0.20000017095435416,0.19999992299560937,0.2000000781191663,0.19999995351506106,0.19999987441580913
2119,b0852e4e894c46936d217eab3afc8168953927b4f039c93c98a8427a99776fbd,Healthy-Leaf(1399),Healthy-Leaf (662).jpg,0,0.2000002698574972,0.1999998782776413,0.2000001232051457,0.1999999267242738,0.19999980193544206
2120,ff22abb221c47437aa30dc81b7b86736d4362541c0d64858279fa1fddd2f8862,Healthy-Leaf(1399),Healthy-Leaf (663).jpg,0,0.20000011260115366,0.199999949212365,0.20000005141036586,0.1999999694233292,0.19999991735278638
2121,609605ebe86978f0208abb0f95cd3f6f57aaf4ce82d4fbd94f878c82c92d6293,Healthy-Leaf(1399),Healthy-Leaf (664).jpg,4,0.19999990438793078,0.20000004330499088,0.19999995646250115,0.20000002585342735,0.20000006999114978
2122,9414a95336355d4d5c1abb9b03e0c491df4dd47a88c0e17fc32deec2a847eee1,Healthy-Leaf(1399),Healthy-Leaf (665).jpg,0,0.20000011496080383,0.19999994828238807,0.2000000525744715,0.19999996870082323,0.1999999154815135
2123,177e3f03df7c66e54e710a65220e99272c3350f403a13e91de9e69c990d2c267,Healthy-Leaf(1399),Healthy-Leaf (666).jpg,0,0.2000001568776351,0.19999992929427235,0.20000007165957145,0.19999995736843418,0.199999884800087
2124,221d691822ec634b1e26b64ea605e5faa2e2100f8c03ca03579ce9a2bfce5595,Healthy-Leaf(1399),Healthy-Leaf (667).jpg,4,0.19999985400929057,0.20000006604650566,0.19999993347318468,0.20000003952228315,0.20000010694873602
2125,26a719d9ddb615cfc8c8aca34725a41960cc80fd98641e4d4af0836393f89ca2,Healthy-Leaf(1399),Healthy-Leaf (668).jpg,4,0.19999983418550424,0.20000007498996183,0.19999992442364453,0.20000004490404175,0.20000012149684754
2126,70392ea3308d7b63294cab2653c699503350c4e48cffcc1f69aafeccfebcded2,Healthy-Leaf(1399),Healthy-Leaf (669).jpg,0,0.20000015519397613,0.19999993004561814,0.20000007088557104,0.19999995783037894,0.19999988604445576
2127,decdd3072f5e0582e9c3f25bdd624ae3efe77facf58dec45b0a695453783a266,Healthy-Leaf(1399),Healthy-Leaf (67).jpg,4,0.19999998675854147,0.20000000595678036,0.19999999394426551,0.20000000360524084,0.2000000097351718
2128,e1137ecdb14447db8a9b5ea56c87640f63333dd71e52f11cda34d0d2d3d5155a,Healthy-Leaf(1399),Healthy-Leaf (670).jpg,4,0.19999986682624857,0.20000006024191266,0.1999999393098503,0.2000000360562245,0.20000009756576398
2129,5cba37ecb104818083de531720cb39e878dd73fb4902332e69bb8684e026d529,Healthy-Leaf(1399),Healthy-Leaf (671).jpg,0,0.20000031323382844,0.19999985866994097,0.2000001429815531,0.1999999149718239,0.19999977014285344
2130,d419df48f1736ed6cac7d9868121179d07feda36542a1c32afe8cda3713a3b2c,Healthy-Leaf(1399),Healthy-Leaf (672).jpg,0,0.20000026205009996,0.1999998817922317,0.20000011963609593,0.1999999288484209,0.19999980767315145
2131,b464b9e06256b9bfef45e170a136659802dbe1c478f43dad8c51d7a007759025,Healthy-Leaf(1399),Healthy-Leaf (673).jpg,0,0.20000021223161976,0.19999990431771883,0.20000009692627943,0.1999999423429291,0.19999984418145297
2132,2ed33899764d4bc0a4fce3bdbdd338d80bb8c4ac168f4f470a094d4a349172de,Healthy-Leaf(1399),Healthy-Leaf (674).jpg,0,0.20000017642038206,0.1999999205619572,0.2000000806353292,0.1999999520114718,0.19999987037085973
2133,6c006666c50dc0b2a12b19039e6c8b90437f4223f8c85c8f11f5fbb4ea020afc,Healthy-Leaf(1399),Healthy-Leaf (675).jpg,0,0.20000012613273196,0.1999999432184659,0.2000000576591621,0.19999996568225795,0.1999999073073822
2134,995a5b8711d8aca0e4cb8c50f971573eb05286eed9594d0498a0210fd6b2e7bc,Healthy-Leaf(1399),Healthy-Leaf (676).jpg,4,0.19999987298486271,0.20000005748605998,0.19999994213582944,0.20000003437053723,0.20000009302271074
2135,503a9a1dfc964cf97144f11d4a8634f88220fa9f8189b3e05cecdce59a6d4631,Healthy-Leaf(1399),Healthy-Leaf (677).jpg,0,0.2000000839922734,0.1999999622579691,0.20000003843995043,0.19999997710563386,0.19999993820417333
2136,78db5a8bb9e1e944579396e5cf076c892a111a320ded439f2210dcdf70f51557,Healthy-Leaf(1399),Healthy-Leaf (678).jpg,0,0.20000016731873593,0.1999999245510248,0.20000007640466932,0.1999999545536109,0.19999987717195916
2137,81e1baae7f2710e7b30568e7f22b4f1f4543da9e1e29dd7fcafa624624510c4d,Healthy-Leaf(1399),Healthy-Leaf (679).jpg,0,0.20000012853677196,0.19999994209356686,0.20000005873058158,0.19999996505416917,0.1999999055849105
2138,3ba1ea411b6cca8dea717ba3f9993ddfc027e0c011e29f2a8bc37bb1c7c93f3d,Healthy-Leaf(1399),Healthy-Leaf (68).jpg,4,0.199999977223935,0.2000000102485471,0.19999998958542967,0.20000000619967115,0.20000001674241702
2139,0000b2c815a6c24eb628c0a5440a61d904ff00656cff6197d4844d36b3ec6da6,Healthy-Leaf(1399),Healthy-Leaf (680).jpg,0,0.20000015531669327,0.19999993003494188,0.2000000709704781,0.19999995776987495,0.19999988590801185
2140,7c6951d9ae25d55927a934c76f550885bcf09ad469b98cbdcb8f640e886a1496,Healthy-Leaf(1399),Healthy-Leaf (681).jpg,0,0.20000031441311636,0.19999985814364438,0.20000014352368053,0.19999991464829173,0.19999976927126686
2141,f034fdb018f04128e82489281bb6f7994d0f3ac6797164144d5d80d696ba68c6,Healthy-Leaf(1399),Healthy-Leaf (682).jpg,0,0.20000025131376875,0.19999988671922808,0.2000001147888091,0.19999993171252498,0.1999998154656691
2142,c3cbea7432b85e36cade2e608545b431a88ccfb49a2c8ac2bb49e62828f2ba1f,Healthy-Leaf(1399),Healthy-Leaf (683).jpg,0,0.20000018392521052,0.199999917024773,0.20000008396350824,0.19999995006617213,0.199999865020336
2143,9c11b5c9aa41a3fda5955713b6849459ab3654b4d95f8ae29226f7dbf5e9bbc9,Healthy-Leaf(1399),Healthy-Leaf (684).jpg,4,0.19999989151188086,0.2000000491804229,0.19999995062752815,0.20000002930852984,0.20000007937163825
2144,3b563917b06e9c670833f1b0c4468a8bdfcae89845a2569c34dfa3c7143fbc69,Healthy-Leaf(1399),Healthy-Leaf (685).jpg,4,0.19999999749384675,0.20000000119381506,0.19999999889677703,0.20000000064172058,0.20000000177384067
2145,4dafba7261b0771e957ea31d3c1bd8eaaa4a8f20159eb5a99979004c9fe49b1e,Healthy-Leaf(1399),Healthy-Leaf (686).jpg,0,0.20000003830057425,0.19999998283398962,0.200000017557555,0.19999998953320902,0.19999997177467224
2146,1cfe246ed80f50d2791da158477f20c049a53afef3bc95d36ec0797a042797d3,Healthy-Leaf(1399),Healthy-Leaf (687).jpg,0,0.20000005469043836,0.19999997555231847,0.20000002511204384,0.19999998501490301,0.19999995963029635
2147,4a6055810884e5ecd04c3be8ce22dd946726bd3ec8a8a40c3f7a0fee4f6e8584,Healthy-Leaf(1399),Healthy-Leaf (688).jpg,4,0.19999995524808714,0.2000000203206632,0.19999997965532654,0.200000012069519,0.200000032706404
2148,c4d5071fce225c6117a9bdc457a564b563d55b90e060643abd9f510a0dbfb89d,Healthy-Leaf(1399),Healthy-Leaf (689).jpg,4,0.1999999627151507,0.20000001696251185,0.19999998307081962,0.20000001003596296,0.2000000272155549
2149,a0abca87a372f8f630e9fa64a5a0a4995e411fbe53dc6d9ae000d1307aa1979e,Healthy-Leaf(1399),Healthy-Leaf (69).jpg,0,0.2000000336730284,0.19999998477737682,0.20000001535172932,0.19999999087737597,0.1999999753204896
2150,cca39c393fb8ce67938e5e3f7f46d5338261fdc27e33f6c5aa63576ce346b393,Healthy-Leaf(1399),Healthy-Leaf (690).jpg,4,0.19999981813156018,0.20000008229661728,0.19999991713620557,0.20000004922339937,0.2000001332122176
2151,07c09b895a33b15f5ab4da3425246fab7cf77c3a4c5bb47acaec5256d63d1c0d,Healthy-Leaf(1399),Healthy-Leaf (691).jpg,4,0.19999991780500986,0.2000000372950687,0.1999999626153722,0.20000002218462182,0.20000006009992743
2152,3ea8815b7835c9512643ca0039cb7f619b78024a9b95daf5c67cc2d9fbb00a0a,Healthy-Leaf(1399),Healthy-Leaf (692).jpg,0,0.20000006556893357,0.19999997055177307,0.20000003001824407,0.19999998211797204,0.19999995174307736
2153,030d1fd30c5d846fd59adb4f5e8e4d8c6d2d70232378565ececd530343d8fe55,Healthy-Leaf(1399),Healthy-Leaf (693).jpg,4,0.19999999021006812,0.20000000459225237,0.1999999956442181,0.20000000255078196,0.20000000700267956
2154,652a61e0f0baf47b37e1ec14307ab661343da81700eb95265ef4dab6fe41c199,Healthy-Leaf(1399),Healthy-Leaf (694).jpg,0,0.20000018377903883,0.19999991722824628,0.20000008398555344,0.19999995002191492,0.19999986498524655
2155,f92d683a72470f7865eaf1b820ad6abae11aa2d32fb67f6a3d544d38406e1b5d,Healthy-Leaf(1399),Healthy-Leaf (695).jpg,0,0.20000018317384816,0.1999999175423764,0.20000008373575448,0.19999995016127747,0.1999998653867435
2156,2a3731963d9c9c775752ad60020b6fd997446394ee34b6d65fc361c668dccbf1,Healthy-Leaf(1399),Healthy-Leaf (696).jpg,4,0.19999996931433725,0.20000001403183373,0.19999998611346667,0.20000000821614441,0.2000000223242179
2157,3cfc7418908991f65a09b69250ee7d211c8ad8a6fac0fb0c8a21fda2dbac1a88,Healthy-Leaf(1399),Healthy-Leaf (697).jpg,0,0.20000011550253213,0.19999994806727572,0.20000005284056172,0.19999996853567908,0.19999991505395123
2158,47febf4fd308c92058679b3df71de4b93c284231c646bf8ee1d6b6d737f3d38b,Healthy-Leaf(1399),Healthy-Leaf (698).jpg,0,0.20000013588354296,0.19999993882273226,0.20000006211259158,0.19999996303307277,0.19999990014806043
2159,d7c76544df46b4a7b74b25d9337f85e1e5dc84a06ac7366ba9ed0b5a1cf9aa67,Healthy-Leaf(1399),Healthy-Leaf (699).jpg,0,0.2000001050202334,0.19999995275283816,0.20000004802739124,0.1999999714079739,0.19999992279156326
2160,2113d7c73632ebbfddd5aa0e294d9fc11b0a5bfda1b8d051d0be13e532f32566,Healthy-Leaf(1399),Healthy-Leaf (7).jpg,0,0.20000007435718586,0.19999996642988713,0.20000003392862598,0.1999999798279422,0.1999999454563588
2161,4da1756c149eb50b8bb05352db6a45f457ba4115a27a2b5581cf9f9fd76568cf,Healthy-Leaf(1399),Healthy-Leaf (70).jpg,0,0.20000003906876515,0.199999982306143,0.20000001779106893,0.1999999894350957,0.19999997139892728
2162,cc355e1b0eca044d298ebe4b4336a33adfe472d322782b0e8f6f60958975dc4f,Healthy-Leaf(1399),Healthy-Leaf (700).jpg,4,0.19999993214676434,0.20000003085818793,0.19999996918399782,0.2000000182708687,0.20000004954018125
2163,3cd2e0095298550aca8b6d9a17e765e530d5a08763643634f4706a6700effee2,Healthy-Leaf(1399),Healthy-Leaf (701).jpg,0,0.200000110208113,0.19999995041340646,0.2000000503963445,0.1999999699991478,0.19999991898298827
2164,7eef658dddc807d62cd5ce69488e97748dd493eb2dbda29c5263251ff8c99a96,Healthy-Leaf(1399),Healthy-Leaf (702).jpg,0,0.2000002147782058,0.19999990319255995,0.2000000981040813,0.19999994163701243,0.19999984228814055
2165,23a610bb0e1934f1ae72d749f047b40260d5d63065e3aa4ab990796dfd4c3104,Healthy-Leaf(1399),Healthy-Leaf (703).jpg,4,0.19999998867127422,0.2000000053197012,0.19999999496317536,0.20000000294824286,0.2000000080976064
2166,e3e89e7801824c0a4b948bb23a4a7846881517da3dfe8cae1d6ec08f23e169d4,Healthy-Leaf(1399),Healthy-Leaf (704).jpg,0,0.20000008606499145,0.19999996126508646,0.2000000393489461,0.19999997657802543,0.1999999367429505
2167,9d1a6d8338c8ad3b7106edb75bc5a11bcd4e815cd0acad29b61d488288add31e,Healthy-Leaf(1399),Healthy-Leaf (705).jpg,0,0.2000001071900281,0.1999999517540268,0.20000004900519158,0.19999997083126028,0.1999999212194933
2168,80a9804d9e26778554deb49d985c477b4e47bbb55720e49397c16aa7b83f941a,Healthy-Leaf(1399),Healthy-Leaf (706).jpg,4,0.19999998147500297,0.20000000853677966,0.1999999916590666,0.2000000049199308,0.20000001340921994
2169,1ad0aac9a022200e8306e34329ae3bdf2e9992c8cf75ec00f655e397a242f92f,Healthy-Leaf(1399),Healthy-Leaf (707).jpg,0,0.2000001987103811,0.19999991035331124,0.20000009071211028,0.1999999460529463,0.19999985417125124
2170,d1c9c10a6ea5692e621d88de0de8d59b58a7ee4d0af743497e3a6662fea06bd2,Healthy-Leaf(1399),Healthy-Leaf (708).jpg,0,0.20000000199349757,0.19999999933110577,0.20000000105883944,0.19999999931841494,0.19999999829814236
2171,9435ffc33ede7e708f9ce176a69eb33360b8d2d91480c117a0683b5a23295be2,Healthy-Leaf(1399),Healthy-Leaf (709).jpg,0,0.200000136310505,0.1999999386073453,0.20000006229273914,0.19999996293092318,0.1999998998584874
2172,3b5f66a589cd2ad499d6f7b85100804f0cf21b7a5d6d9d79d339caeefb21c428,Healthy-Leaf(1399),Healthy-Leaf (71).jpg,0,0.20000008668666533,0.19999996081898833,0.20000003952585557,0.19999997651044268,0.19999993645804814
2173,c85b2a9269df2b73937d99d89ede99dbd57af8b8b299871d593c87d222d129d3,Healthy-Leaf(1399),Healthy-Leaf (710).jpg,4,0.19999986000286496,0.2000000633766206,0.19999993623129558,0.20000003787427686,0.200000102514942
2174,3049779f3ea3b2e5558c63aa140d0676f472294debfde756dcc1fb6180b2336b,Healthy-Leaf(1399),Healthy-Leaf (711).jpg,0,0.2000001557319005,0.19999992990892038,0.20000007119953464,0.1999999576195561,0.1999998855400884
2175,6ccd4d696fdf79b96d4a09c5e200314c63c4b8a2202a057d1381bbcfcaffa985,Healthy-Leaf(1399),Healthy-Leaf (712).jpg,0,0.20000002058811883,0.19999999086084438,0.20000000949472688,0.1999999943197451,0.1999999847365648
2176,25601b2b3b8dfca1379d3a4c72b10b625748056b74e22b9cc52ea6e1b1af8301,Healthy-Leaf(1399),Healthy-Leaf (713).jpg,0,0.20000004135486626,0.19999998140479602,0.20000001891853117,0.1999999887351092,0.19999996958669738
2177,731d8063bbc8c70c6ec7f1c14dd063e0cd5502b3dfa242e4c58b74ef5170b0ad,Healthy-Leaf(1399),Healthy-Leaf (714).jpg,0,0.20000015711508728,0.19999992920799792,0.2000000717813724,0.19999995729097497,0.19999988460456736
2178,8d34678c8957770d8505f135e0b6fec6b981e05e5e2a9266bcc93db2d6567fed,Healthy-Leaf(1399),Healthy-Leaf (715).jpg,0,0.20000018336938152,0.1999999174323935,0.20000008381100298,0.19999995012147592,0.19999986526574604
2179,c30c4c5533d1db836c7434f6711a31ba850017aa1e42b383868165e702d0dc5e,Healthy-Leaf(1399),Healthy-Leaf (716).jpg,0,0.20000012613466822,0.1999999432477703,0.2000000576794889,0.1999999656632079,0.19999990727486475
2180,4e96e9b4ff435c61503189664610afdd3157a64a634cefe3c75a916021969921,Healthy-Leaf(1399),Healthy-Leaf (717).jpg,0,0.2000001410685196,0.19999993649805498,0.20000006448887095,0.1999999616165777,0.1999998963279766
2181,a6c962a2d9c940592e4c6345167592e46a4d3fc51bce0c16f29623e81007af60,Healthy-Leaf(1399),Healthy-Leaf (718).jpg,0,0.20000015416409359,0.19999993047366832,0.20000007039190706,0.19999995813226762,0.19999988683806338
2182,b4323598e59f905c64076d74e26d6c4c0dd360ad3a32aee877c96caaad1b628d,Healthy-Leaf(1399),Healthy-Leaf (719).jpg,0,0.20000003476447675,0.19999998458629906,0.2000000160443345,0.1999999903971658,0.19999997420772392
2183,4f26146a428cc09ff7fdd73959dfd714946a89898f38364dc6f5eb280fd35413,Healthy-Leaf(1399),Healthy-Leaf (72).jpg,0,0.20000000117573977,0.1999999994477882,0.20000000052270098,0.19999999969411,0.199999999159661
2184,e0012ef1dc24ed5d4ea4fae0a7645cf4426d07cbc52a588e72ac9ce2d958578d,Healthy-Leaf(1399),Healthy-Leaf (720).jpg,0,0.20000012310384335,0.19999994456816186,0.20000005626560735,0.19999996651480703,0.19999990954758048
2185,5c0f72060a66b9fe6b3a10f1449a1e9ba89128b683698869506b11b86e6964c7,Healthy-Leaf(1399),Healthy-Leaf (721).jpg,0,0.20000024760987947,0.19999988837682348,0.20000011308923116,0.1999999327261341,0.19999981819793183
2186,7538df118aca1015f1b9856b702fb7486a0d342e35ecd9d7534f2164b78914b7,Healthy-Leaf(1399),Healthy-Leaf (722).jpg,4,0.19999990266478723,0.2000000441150095,0.19999995569703957,0.20000002630130137,0.20000007122186234
2187,d3936d2d22f7b7cb72350ee12acf59fd0b2ccb0759326cd5e819fa24b614ee3e,Healthy-Leaf(1399),Healthy-Leaf (723).jpg,4,0.19999994323657994,0.20000002584625198,0.19999997424084626,0.2000000152655092,0.20000004141081273
2188,98b066a762714b4b9982e3b597a997ce63dcfa89a50ea7e3266fd9b917e9eb57,Healthy-Leaf(1399),Healthy-Leaf (724).jpg,0,0.20000011418204489,0.19999994865591705,0.20000005223337283,0.19999996889873572,0.19999991602992948
2189,e449a7832be7597c276b4c1fd23fb654e41497205c81bbe7ef3e18f17cd20482,Healthy-Leaf(1399),Healthy-Leaf (725).jpg,4,0.19999995516224622,0.2000000204739999,0.19999997968999741,0.20000001202292406,0.20000003265083233
2190,579e6bc07cef07dfc1da8fb872ad3c28e3ee686c19a4036dd45b1ad7c30925d3,Healthy-Leaf(1399),Healthy-Leaf (726).jpg,0,0.2000001544196629,0.19999993040738567,0.20000007054016683,0.19999995803290246,0.1999998865998821
2191,642d25818d40c7709dc14b69cc0ea801ec3326428fe203a58c8f076255fcc1af,Healthy-Leaf(1399),Healthy-Leaf (727).jpg,0,0.2000002881272033,0.19999987006322512,0.20000013156336233,0.1999999217473623,0.19999978849884706
2192,6282a948025bc4bd680e886b44788f54fc678d103ca1b764f8cfbc5e0bcf20a3,Healthy-Leaf(1399),Healthy-Leaf (728).jpg,0,0.20000018008772202,0.19999991871253767,0.20000008218355186,0.19999995113447394,0.19999986788171462
2193,164bc1abc7250cfef0462eb0966ae01ec8cea809c92b41f199737bec73c189c7,Healthy-Leaf(1399),Healthy-Leaf (729).jpg,0,0.20000019003147884,0.1999999143050726,0.2000000867736162,0.1999999483868916,0.19999986050294083
2194,7602131c0f5fca231fd2151d164a7080155bde97627eb6f02d66c9018f8ff56e,Healthy-Leaf(1399),Healthy-Leaf (73).jpg,0,0.20000000322668848,0.19999999854064432,0.20000000147064223,0.1999999991262357,0.1999999976357893
2195,8e560f89fa1ec9c91000465eebcf28ce690a0856579793e444fb4639e398190c,Healthy-Leaf(1399),Healthy-Leaf (730).jpg,0,0.20000000972352341,0.19999999579507333,0.200000004556211,0.19999999724933706,0.1999999926758553
2196,15e4b1384d9a017d282e50bb6694c1306029ae1043a64fc5eebf24245f7bc692,Healthy-Leaf(1399),Healthy-Leaf (731).jpg,0,0.20000017538739315,0.19999992098166208,0.2000000801337555,0.19999995232001866,0.1999998711771706
2197,f0d697c81fcc5a54a98dc366ec07c4ba692818f240d7c4cda5ef80aa5d8bc757,Healthy-Leaf(1399),Healthy-Leaf (732).jpg,0,0.20000015275533037,0.19999993118202794,0.20000006979583448,0.1999999584703889,0.1999998877964182
2198,b7b7504e1143c4b95c3ee86d203bc9a688419a5731538080e9f03b8795d5679f,Healthy-Leaf(1399),Healthy-Leaf (733).jpg,0,0.20000005087799988,0.19999997703960723,0.20000002322151966,0.19999998619176143,0.19999996266911185
2199,99202f66e2100081d65c9c85f75f95bf7e3a45821784995a469d6fe4de57f593,Healthy-Leaf(1399),Healthy-Leaf (734).jpg,0,0.20000014387099932,0.19999993524536336,0.20000006577572924,0.1999999608486987,0.19999989425920942
2200,890902e6dc721a3bd36836b4c0e3a5508b042e461756b2ef1f847c7ef6107e25,Healthy-Leaf(1399),Healthy-Leaf (735).jpg,0,0.20000019991693666,0.19999990986607694,0.20000009129979102,0.19999994569057816,0.19999985322661717
2201,f7f27cf053fa84d5978e485a4aa00848beb78496a7287786ee6ab18bb9348789,Healthy-Leaf(1399),Healthy-Leaf (736).jpg,0,0.20000012006726664,0.19999994585517628,0.2000000548258752,0.19999996738964304,0.1999999118620388
2202,7a75eec4f8edab5204c5eac14e74d58886b796a941b5a5a535e44a453dad45f7,Healthy-Leaf(1399),Healthy-Leaf (737).jpg,0,0.2000001830221111,0.19999991753555563,0.2000000836178736,0.1999999502483672,0.19999986557609245
2203,1f5a9189355771bac586ef5c46b51a2bc753a7f72da9bc617154c619062b142b,Healthy-Leaf(1399),Healthy-Leaf (738).jpg,0,0.2000000940697698,0.19999995773538334,0.20000004305577898,0.19999997435521144,0.19999993078385647
2204,7d556c45f200bf70575a77e131d49418297139b60ca82966eca4a3ca5ae8baaa,Healthy-Leaf(1399),Healthy-Leaf (739).jpg,0,0.20000021375437158,0.19999990356138242,0.20000009757656428,0.1999999419716933,0.19999984313598837
2205,c9af053235b541472f6cf275208f2b43c72d7382eaf7b5452093fc7ddd71bb4c,Healthy-Leaf(1399),Healthy-Leaf (74).jpg,0,0.20000003140917894,0.19999998575050887,0.2000000142872421,0.1999999915213654,0.19999997703170483
2206,1a41bb8f4128757274a0741da431e2f0568531364074be3eaf43bc18e13fae0f,Healthy-Leaf(1399),Healthy-Leaf (740).jpg,0,0.20000014685064155,0.1999999338602163,0.20000006710952875,0.1999999600645776,0.19999989211503585
2207,94ba9383250fefcff0d2f09bf8c6c2106eb18e0b35d94a2b9e6c88c4d9f6a1c0,Healthy-Leaf(1399),Healthy-Leaf (741).jpg,0,0.20000009451397727,0.1999999574922114,0.2000000432309891,0.19999997426071675,0.19999993050210546
2208,aa18d3e17d743455e9111055385b3d2a9bd14b3fa309305369bd0ad4e4656dd9,Healthy-Leaf(1399),Healthy-Leaf (742).jpg,4,0.19999999416860034,0.2000000028177475,0.19999999745861627,0.20000000146907512,0.2000000040859609
2209,445807fb856018b1625e30e68589bdf3081fd2beb28ea205f6e7a04532de871a,Healthy-Leaf(1399),Healthy-Leaf (743).jpg,4,0.1999999972912748,0.2000000012886457,0.19999999880648806,0.20000000069471563,0.20000000191887587
2210,5f586258c0f584e1529ef57da6346fbd7413843b537bbc29a7d7097c325bb3bb,Healthy-Leaf(1399),Healthy-Leaf (744).jpg,0,0.20000014579716788,0.1999999342797682,0.2000000665925354,0.19999996038451082,0.19999989294601764
2211,0d51d6a7441ddfad1d86306a1fd5330301202ae84f213a86fc0287ccb2ca2cfd,Healthy-Leaf(1399),Healthy-Leaf (745).jpg,0,0.20000014107930264,0.19999993653453849,0.2000000645204054,0.1999999615882301,0.19999989627752343
2212,e99cba5160c4f00994dc54470e1d49c75f83258b1eaef9ba8463cb63b19e49d9,Healthy-Leaf(1399),Healthy-Leaf (746).jpg,0,0.20000010958844136,0.1999999506887117,0.2000000501106508,0.19999997016975016,0.1999999194424459
2213,3414cbf3f4db39e470c24a0471f16258cba1b8b5de868889c2e79fc3a8588f7d,Healthy-Leaf(1399),Healthy-Leaf (747).jpg,0,0.20000008960792112,0.19999995981909136,0.2000000410645611,0.19999997552335408,0.19999993398507243
2214,1f93e7b90e9d4c27e8a0bdc5e28da8b035c7472fb8b37061501261b952baac08,Healthy-Leaf(1399),Healthy-Leaf (748).jpg,4,0.199999993809333,0.20000000291164316,0.1999999972505322,0.2000000016080873,0.20000000442040447
2215,432dff3e73209f33e81e433bcc6a003559e2dcccb2b348ea072642d0cf1e6891,Healthy-Leaf(1399),Healthy-Leaf (749).jpg,0,0.20000014437925978,0.19999993489749507,0.20000006593112604,0.19999996078296714,0.1999998940091519
2216,a09586daee0258713196c26c0386fb6c0b89b54474d92d8c83b0a2a26cb59bc8,Healthy-Leaf(1399),Healthy-Leaf (75).jpg,0,0.2000000294283199,0.19999998666305058,0.2000000133951437,0.19999999204762262,0.19999997846586318
2217,b82bf4d85d8132f2eb4916368632a37b7149237d60142aedf5e67ff81e963b5b,Healthy-Leaf(1399),Healthy-Leaf (750).jpg,0,0.20000023709937023,0.1999998930853662,0.20000010826970094,0.19999993559980436,0.19999982594575824
2218,2d45aed1ebbb93458c6347beaeed78a5de3036386021b6e3e2a6f8cbc51b008c,Healthy-Leaf(1399),Healthy-Leaf (751).jpg,0,0.20000024831788346,0.19999988795949059,0.20000011334922357,0.19999993259350138,0.19999981777990092
2219,dd89441f041d1d0d7c607c24af176fdf26f25c91836d996e495040799abbd9f6,Healthy-Leaf(1399),Healthy-Leaf (752).jpg,0,0.20000019686275403,0.19999991119201846,0.20000008987199888,0.19999994655144823,0.19999985552178035
2220,d12409f393b1a934b6c226a371d5341d090093d365210c3e5584a57a4934faae,Healthy-Leaf(1399),Healthy-Leaf (753).jpg,0,0.20000020194709078,0.19999990895897413,0.200000092232182,0.1999999451340706,0.19999985172768248
2221,c51c84a60fa2aa3124a1e4d0621ee72fd969812f8f4e38a22aaa2486cc0dfbee,Healthy-Leaf(1399),Healthy-Leaf (754).jpg,0,0.20000023355692467,0.19999989467824686,0.2000001066491985,0.199999936564843,0.19999982855078693
2222,fcc49174c718fa213b86af58bdc92e1ac886a9bc9d351699a81468ccca6195f5,Healthy-Leaf(1399),Healthy-Leaf (755).jpg,0,0.20000028814145057,0.19999986999407682,0.20000013152928608,0.1999999217816066,0.19999978855357986
2223,ee9ecd48425bcff40a33606559ff217f7d7df4abcf9ef4d58bad7cd8eadd7cc9,Healthy-Leaf(1399),Healthy-Leaf (756).jpg,4,0.19999999388801032,0.20000000290970193,0.19999999730821286,0.20000000156649525,0.20000000432757953
2224,3f52be1ddf3339bad9bad650f5e1189d5b812d7a9849d26637c079a7f3aa5e9e,Healthy-Leaf(1399),Healthy-Leaf (757).jpg,0,0.20000009996118015,0.19999995504897713,0.20000004572679259,0.19999997277311812,0.19999992648993206
2225,2310c7f2712b22704d61a1cbd33e3a08c65b19a50717a88792e827603797fa75,Healthy-Leaf(1399),Healthy-Leaf (758).jpg,0,0.20000027791367714,0.19999987462758545,0.20000012687282195,0.19999992454666865,0.19999979603924692
2226,b7a7b38937bddafd04e3786a8e496bf4d85fc1865b1379d15421f36dc0853f5d,Healthy-Leaf(1399),Healthy-Leaf (759).jpg,0,0.2000002239689609,0.1999998989475379,0.20000010223589634,0.1999999392019987,0.19999983564560614
2227,6eb2eef0fa6e27303310294afd2cde6acfcd706400a7fbdb5bad93d09bcfc1e5,Healthy-Leaf(1399),Healthy-Leaf (76).jpg,0,0.20000000229052636,0.19999999896230086,0.20000000104283988,0.19999999938081434,0.1999999983235186
2228,c69758889752f0840210f3a3eadf56424454c42b06738b7bc702db74f731f4e0,Healthy-Leaf(1399),Healthy-Leaf (760).jpg,0,0.20000020756741707,0.1999999063430305,0.20000009474600267,0.19999994365718482,0.199999847686365
2229,5ae56e9427c3a43542306d72e1c07cecc7025039f6156282f3f873094aac0709,Healthy-Leaf(1399),Healthy-Leaf (761).jpg,0,0.20000011509756693,0.19999994825719603,0.20000005266046655,0.19999996864140335,0.19999991534336706
2230,85287998f387710218d1f7c38ae761220c76047f061a0ade5210be94506f63fc,Healthy-Leaf(1399),Healthy-Leaf (762).jpg,0,0.20000001281956953,0.19999999439144658,0.20000000596507425,0.1999999964127897,0.19999999041111993
2231,e1349bc0d184e6fdcec95fa2025616b536cd5c875c16aab7c7756b5bec3aa51e,Healthy-Leaf(1399),Healthy-Leaf (763).jpg,0,0.20000024482726353,0.19999988957919806,0.2000001117848124,0.19999993351393902,0.199999820294787
2232,518bdc76183ec1c9b4ef3198303bb1cc4a5a1d6307ab44f59c68ada977617b09,Healthy-Leaf(1399),Healthy-Leaf (764).jpg,0,0.20000019875206837,0.1999999103581166,0.20000009074634595,0.19999994602723487,0.19999985411623425
2233,4287352b5e2f247851d243021476ff602040c241908174ad1589d6214bf9f35b,Healthy-Leaf(1399),Healthy-Leaf (765).jpg,0,0.20000017617699906,0.1999999205763451,0.20000008046257353,0.1999999521354288,0.19999987064865357
2234,49343e5df35e7241dabc5f9ee935a61a6f2936ef74ef0750fa29193c8b131e2d,Healthy-Leaf(1399),Healthy-Leaf (766).jpg,0,0.2000001447185793,0.19999993470404456,0.20000006606003537,0.1999999607155243,0.19999989380181646
2235,70ef0ecb98a7c96c1efc5af585b75d1090a5467a07caa9716723f40cfb0f2081,Healthy-Leaf(1399),Healthy-Leaf (767).jpg,0,0.2000000587846499,0.19999997364838612,0.20000002694436728,0.19999998393809348,0.1999999566845032
2236,27f46558eaba2358d20c95aa844f3057616c846b65c732d92f4f7ec1bb9c079c,Healthy-Leaf(1399),Healthy-Leaf (768).jpg,0,0.20000027476315618,0.1999998761538324,0.20000012550225513,0.19999992533796715,0.19999979824278907
2237,dc796aca34c3fa1dadb39b626a49b95c7d810c72cee5392110340154fc55d0b2,Healthy-Leaf(1399),Healthy-Leaf (769).jpg,0,0.20000015771024154,0.19999992884275786,0.2000000719905447,0.19999995718839508,0.19999988426806067
2238,8782bdfc745ce6e1c96149167fcb889fc1792a02123b2710b6438518c0b601d7,Healthy-Leaf(1399),Healthy-Leaf (77).jpg,4,0.19999993964528362,0.20000002725507696,0.19999997246488224,0.20000001636910014,0.200000044265657
2239,68261bdf0aa61d140a6e57139abc7c065ad1175b576b5e115ba3a1aca8e5e46d,Healthy-Leaf(1399),Healthy-Leaf (770).jpg,0,0.2000002541983423,0.19999988537535152,0.2000001160781067,0.1999999309553145,0.1999998133928852
2240,7d0f7174ec883c03fa2f33e661a613006f0cf2f5baba3507deca4aa9075601b1,Healthy-Leaf(1399),Healthy-Leaf (771).jpg,0,0.20000024787888335,0.19999988814416053,0.2000001131401582,0.19999993272093922,0.1999998181158587
2241,88d0861f216ea4e2c669ee81f403788fbf66e69269c3e247863a7182d8a48829,Healthy-Leaf(1399),Healthy-Leaf (772).jpg,0,0.20000021037256485,0.19999990513002697,0.20000009606047572,0.1999999428637197,0.19999984557321276
2242,9b25ed08ef52c843b0d1aa35dd2795ca082a77962e1917bba5904a6c5b3cd2c4,Healthy-Leaf(1399),Healthy-Leaf (773).jpg,0,0.20000006742182933,0.19999996975592702,0.20000003088991056,0.19999998159057267,0.19999995034176044
2243,e12f03ede2d3598cfed75c666d83e43aa4025d4da9cf56691018578238b75351,Healthy-Leaf(1399),Healthy-Leaf (774).jpg,0,0.2000001121221435,0.19999994954195596,0.20000005126497203,0.19999996948430737,0.19999991758662114
2244,54836aa4c969d45e0d7f676b2e899c57150638868a223d95f71a92ad5988619a,Healthy-Leaf(1399),Healthy-Leaf (775).jpg,0,0.2000002847696893,0.19999987154080862,0.2000001300067047,0.19999992268152444,0.19999979100127296
2245,821ec7658a269e6018b58601a7a049d7b2090b34f38e211894053da17e31711b,Healthy-Leaf(1399),Healthy-Leaf (776).jpg,0,0.20000021699080595,0.19999990215732097,0.20000009909025526,0.1999999410589626,0.19999984070265522
2246,54fa8faf74f3a9d2b65855267118657509fb967dabb811b1fff0c7fc88660daa,Healthy-Leaf(1399),Healthy-Leaf (777).jpg,0,0.20000007620007512,0.1999999657531805,0.2000000348698642,0.19999997923344395,0.19999994394343626
2247,c11bc3ae73e6b3f55a794bc5465ab2bd3b2d9cddc4268e5994c328058ba271db,Healthy-Leaf(1399),Healthy-Leaf (778).jpg,0,0.2000001242402611,0.1999999439933192,0.20000005674430515,0.19999996624414507,0.19999990877796953
2248,6ebd270fb963abe16f405cf609ad95ca060056675a0646f6323dc66e7fcf5908,Healthy-Leaf(1399),Healthy-Leaf (779).jpg,0,0.20000027484330166,0.1999998760275867,0.2000001254807791,0.19999992537129124,0.1999997982770412
2249,008542f0da32432533c13d2088a13425562b65a8982747c340b3be3ba4e97872,Healthy-Leaf(1399),Healthy-Leaf (78).jpg,4,0.1999998339754811,0.20000007499198783,0.19999992426783203,0.20000004501751548,0.20000012174718346
2250,a6fe5ebd763f21839f9c1624b7942aa29fd974bfdca8187d48dbd37a3753d832,Healthy-Leaf(1399),Healthy-Leaf (780).jpg,0,0.2000001667677082,0.19999992484956053,0.20000007618535903,0.19999995467272494,0.1999998775246472
2251,e492fac1fc37b2bb6ea096c8c2479501544990a6ec7d6551ba261698e085546f,Healthy-Leaf(1399),Healthy-Leaf (781).jpg,0,0.20000018691943258,0.1999999156233243,0.20000008529768376,0.19999994928412992,0.19999986287542945
2252,0359033b166cec5f7331f15f44cc602294461e72ba93ef2e271fce006580249d,Healthy-Leaf(1399),Healthy-Leaf (782).jpg,0,0.20000027431352446,0.19999987634026847,0.20000012528644415,0.19999992547006493,0.199999798589698
2253,f78aceba5cea4053eeb54f8f6e72158812b29140306707652f373b90fc5c36f7,Healthy-Leaf(1399),Healthy-Leaf (783).jpg,0,0.2000001218829148,0.19999994506970903,0.2000000556764058,0.19999996687617075,0.19999991049479965
2254,08a445ea724fad00b9c327f3685d2e41d7718f35a582d19a4aa7bdff46a852a6,Healthy-Leaf(1399),Healthy-Leaf (784).jpg,0,0.20000020041318178,0.19999990963067948,0.20000009151905557,0.19999994556305084,0.1999998528740324
2255,43b1e5d8f7864051e5b84735e0cd80b5d11a75c56bfc117483eac4521e92a494,Healthy-Leaf(1399),Healthy-Leaf (785).jpg,0,0.20000019180056872,0.19999991354241464,0.2000000876040609,0.19999994788506353,0.19999985916789212
2256,9c5b31c0f0f8c23d9cd3d4af91cee1114fd40a73781ce31e88b605cb337806c4,Healthy-Leaf(1399),Healthy-Leaf (786).jpg,0,0.20000014594624071,0.19999993410818237,0.20000006659329,0.19999996040776816,0.19999989294451864
2257,22b52e7e01aa1031558264a4e228301e8c98774826345ae557ecbca26f237f3e,Healthy-Leaf(1399),Healthy-Leaf (787).jpg,0,0.2000000855991357,0.19999996150974675,0.20000003915843956,0.1999999766834809,0.19999993704919714
2258,983eeca3ac10bb3736c88e41745a66210f843ac36c421cbe96aa9856de0265cb,Healthy-Leaf(1399),Healthy-Leaf (788).jpg,0,0.20000014012993114,0.19999993695165003,0.20000006407984255,0.19999996185303084,0.19999989698554546
2259,8f24c33309b2b0f95dd9d694f4b470ef1342578b0712f875f9dfef4093f67791,Healthy-Leaf(1399),Healthy-Leaf (789).jpg,4,0.19999993669807,0.2000000287240505,0.19999997120947965,0.20000001708436954,0.2000000462840303
2260,060121d182b76790e6a50d9dbe54fc47808fb1625a0608ab88ef2535c9acc4c3,Healthy-Leaf(1399),Healthy-Leaf (79).jpg,4,0.1999998348390245,0.20000007458441924,0.19999992465043437,0.20000004479397396,0.20000012113214782
2261,09fbe0cd30e93b4073f957d17caa914479cd77a1fe3c2c072541d92408425363,Healthy-Leaf(1399),Healthy-Leaf (790).jpg,0,0.2000001937207861,0.19999991268713127,0.20000008848774486,0.1999999473569142,0.19999985774742352
2262,d19e62d4b362d2c965487462c3ac500f0753fab1083da05ee029e9199245f1fb,Healthy-Leaf(1399),Healthy-Leaf (791).jpg,0,0.2000002508811007,0.1999998867711016,0.20000011449868896,0.19999993191722246,0.19999981593188618
2263,ff4267103ad0fee11f768d18f62c7f04d3de65aad290dcdbbae6449bbc44ce92,Healthy-Leaf(1399),Healthy-Leaf (792).jpg,0,0.2000001710596698,0.19999992285649942,0.2000000781080049,0.1999999535420894,0.19999987443373643
2264,804eaba2b1e14e915c447fcf5c247f57c95e0280364b3721cc7540988cfc55d8,Healthy-Leaf(1399),Healthy-Leaf (793).jpg,0,0.20000022809173285,0.19999989717322925,0.20000010417329708,0.1999999380306032,0.19999983253113765
2265,77d83e22da2e10ea208ff94fd3a47ea6daa0039dab8d0e8c8e3f2df4b1acd924,Healthy-Leaf(1399),Healthy-Leaf (794).jpg,0,0.20000018969256267,0.19999991441263776,0.20000008658975638,0.19999994850674777,0.1999998607982954
2266,8fe78ef6b53bba58241bfd9a37fe6a83a3cbdccc80c251c56707d56ac43f67d4,Healthy-Leaf(1399),Healthy-Leaf (795).jpg,0,0.20000012848496385,0.19999994220541983,0.2000000587640006,0.19999996501428532,0.19999990553133043
2267,f17b000ea8dbede4cbe3b7bb9dcecef81cb7c2ce9d9e5a0720da0aa59df727b7,Healthy-Leaf(1399),Healthy-Leaf (796).jpg,0,0.20000017110409768,0.19999992280419174,0.2000000781075931,0.19999995354985442,0.19999987443426306
2268,5b6bf5101a1caf53a0ebce249a54ae21668259e610a8287c4223c878bc77cb65,Healthy-Leaf(1399),Healthy-Leaf (797).jpg,0,0.20000009610487354,0.19999995659229444,0.20000004383959835,0.19999997393984478,0.19999992952338894
2269,a624217e9e977d974b550941cd13d612039e99b77bffe8ed00fa8299106b2894,Healthy-Leaf(1399),Healthy-Leaf (798).jpg,0,0.2000000396335506,0.1999999822026059,0.20000001814642754,0.19999998918933495,0.19999997082808105
2270,a712abbe7aaf2bd65667862ad761684cb0c1f1889c7bbd0e0a113dd3dd7c4abc,Healthy-Leaf(1399),Healthy-Leaf (799).jpg,0,0.20000001814145088,0.19999999184011033,0.20000000829754128,0.19999999506000016,0.19999998666089747
2271,bbfa4eddc8beb15cb1f493c83f5598dd804dd38ab0a80e0b94f80deecb9c4019,Healthy-Leaf(1399),Healthy-Leaf (8).jpg,0,0.200000092099304,0.1999999584458621,0.2000000420410599,0.19999997499891603,0.19999993241485794
2272,af82d0f3685469737f590c25ee7ded19c2dc97a523c0a9bd8efd795a10301b76,Healthy-Leaf(1399),Healthy-Leaf (80).jpg,4,0.19999982471624378,0.20000007918359045,0.19999992005014472,0.20000004752241002,0.20000012852761098
2273,64085986df87c6117bab68d409a65397cf3e0d9ed87cd68e3e4de56a132193c0,Healthy-Leaf(1399),Healthy-Leaf (800).jpg,0,0.2000001023807341,0.19999995386428537,0.2000000467713782,0.1999999721730669,0.19999992481053544
2274,cb866676d6836532beebd260460241cbb4aadd2547833fabf1108e80e430a734,Healthy-Leaf(1399),Healthy-Leaf (801).jpg,0,0.20000021160033632,0.19999990447641064,0.2000000965566241,0.19999994259108436,0.19999984477554467
2275,8cdf14fa4b412d2666c3e31262b09fb00dd5429395f1d9bf1d0aa6814b442bc2,Healthy-Leaf(1399),Healthy-Leaf (802).jpg,0,0.20000021250298097,0.19999990411379154,0.20000009699741797,0.199999942318847,0.19999984406696247
2276,8608d0accc5507dd24329296107887953f4cc1190abc6e41f4f4e23c4a264155,Healthy-Leaf(1399),Healthy-Leaf (803).jpg,0,0.20000008003910952,0.19999996402426135,0.20000003662440408,0.19999997818929552,0.19999994112292968
2277,44913cc3fe90e743d06a3ee5b63192a4eaea7960598448d7c7c8960b509518ca,Healthy-Leaf(1399),Healthy-Leaf (804).jpg,0,0.20000024257409527,0.19999989063149395,0.20000011077929164,0.1999999341036864,0.19999982191143276
2278,d95b23fff67149e208af1b900be526e0debb75d3ffb8af14eee3f7e92f0c2e33,Healthy-Leaf(1399),Healthy-Leaf (805).jpg,4,0.19999997873311606,0.20000000973918192,0.1999999903850148,0.20000000568526152,0.20000001545742563
2279,e896b619e16559a8a51fa5415ddf6964390e9940307637e377c502d1fc76dff8,Healthy-Leaf(1399),Healthy-Leaf (806).jpg,0,0.20000017441702042,0.19999992134248348,0.20000007964104766,0.1999999526301696,0.1999998719692788
2280,c90a079b40938ccf5fb72c504aa21b36a83f33b92993e4a02b9d050afdfd755f,Healthy-Leaf(1399),Healthy-Leaf (807).jpg,4,0.1999998647206695,0.2000000612478509,0.19999993838476585,0.20000003659370713,0.20000009905300667
2281,786d022f6252cb7fd4a3b0e01435e881e27947208bd1274d7a99e19ad5221f3e,Healthy-Leaf(1399),Healthy-Leaf (808).jpg,0,0.20000017083706478,0.199999922902816,0.20000007797149186,0.19999995363552803,0.1999998746530993
2282,9a578c7ae00a5eb93d96cdd1aa7e7161966095e3cf8abb7cb55efdfb5549c94c,Healthy-Leaf(1399),Healthy-Leaf (809).jpg,0,0.20000009002096403,0.1999999594386416,0.20000004112795236,0.1999999755296368,0.1999999338828051
2283,8b6e6c9006ec6250ace8dc5975a81531a278a49f22987ce17ce3057eeded14b5,Healthy-Leaf(1399),Healthy-Leaf (81).jpg,4,0.19999982619563839,0.20000007850921095,0.1999999207210235,0.2000000471250455,0.2000001274490817
2284,83bfa2c37b65330cb6e8b225efbdae773199f12596d8657d7a73fca9fd0dff5b,Healthy-Leaf(1399),Healthy-Leaf (810).jpg,0,0.20000024907565608,0.19999988760889637,0.2000001136895133,0.19999993239313257,0.19999981723280186
2285,4b7e9310236bd11083e079ebfcbccf912781991c1dfa4f6d4f7db2bf24c69344,Healthy-Leaf(1399),Healthy-Leaf (811).jpg,0,0.20000012240072879,0.19999994477346375,0.20000005587237196,0.19999996677383466,0.19999991017960084
2286,6fd961c4cdef2f2085cdb28e9f2522b2462186f1d5c69903379abfd6061e7f69,Healthy-Leaf(1399),Healthy-Leaf (812).jpg,0,0.20000013346631562,0.19999993979204278,0.20000006093071473,0.19999996376305873,0.19999990204786813
2287,d72c603bb7c75114ead62703962135f357483637c2d062a3c0c92279d1b857ef,Healthy-Leaf(1399),Healthy-Leaf (813).jpg,0,0.20000011544685917,0.19999994793714954,0.20000005271515878,0.19999996864551725,0.1999999152553152
2288,21817d06138b23c587054856be1a65935e2a9382847a981379499866b463b782,Healthy-Leaf(1399),Healthy-Leaf (814).jpg,0,0.20000011120212713,0.19999994992048642,0.20000005082142908,0.19999996975618267,0.1999999182997746
2289,a52de3ce37915472915e1f7ed79bfc199be9d54016bc91dbc32f5db746c56214,Healthy-Leaf(1399),Healthy-Leaf (815).jpg,4,0.1999999960417595,0.2000000019585615,0.19999999830460205,0.2000000009690573,0.20000000272601975
2290,b147e4b26a7f76f25f60928e4d6bd36cbcc52e1b59441938f0bf14bc8a353db8,Healthy-Leaf(1399),Healthy-Leaf (816).jpg,0,0.20000006896571595,0.19999996888201468,0.2000000314801978,0.1999999812796178,0.19999994939245386
2291,ffc6911f4411a33afd37da10678b533fdb8d75a8da7d16aa912ae4d1763929e0,Healthy-Leaf(1399),Healthy-Leaf (817).jpg,0,0.2000002681118509,0.1999998790975067,0.20000012242920454,0.1999999271786127,0.19999980318282515
2292,46d80764830330f4a88f68b782e758f758581ab0d675fb4538700668b572e062,Healthy-Leaf(1399),Healthy-Leaf (818).jpg,4,0.19999996698322722,0.20000001499811837,0.1999999849941011,0.20000000890083375,0.20000002412371962
2293,b91c841eab5350b0f5d5c1e55d7cfe32757e75751c1f386d696cc59afb695e2c,Healthy-Leaf(1399),Healthy-Leaf (819).jpg,0,0.20000028386222124,0.19999987191183669,0.20000012956769908,0.1999999229513439,0.19999979170689924
2294,6c9cac0bfeb3ebc9aa660dca10a81bb541087575808e6516ec3cf2e5f50cbbfa,Healthy-Leaf(1399),Healthy-Leaf (82).jpg,4,0.19999987298167782,0.20000005740825288,0.19999994208310504,0.2000000344195101,0.2000000931074542
2295,3b6f2dafecc25e3b69e39c7e5202ebbc8ca25de136537603fbcda3f47ba86e7e,Healthy-Leaf(1399),Healthy-Leaf (820).jpg,4,0.199999961349179,0.2000000176146619,0.1999999824703751,0.2000000103847432,0.2000000281810408
2296,d8f64e19eef9a1ac16dd17a882bc302b7bf832264d7579db29048f706dd1251c,Healthy-Leaf(1399),Healthy-Leaf (821).jpg,4,0.19999994467831103,0.20000002516417958,0.19999997487847385,0.2000000148933216,0.20000004038571398
2297,34977dc2807b856c370e12c8af57f893be68e947dbcb0a9ac38af57ff94be6f5,Healthy-Leaf(1399),Healthy-Leaf (822).jpg,0,0.20000003043065925,0.19999998647789588,0.2000000140249749,0.19999999161261428,0.19999997745385567
2298,ad08d168f386cf9d7a73563707005c727fcfbab1d11fd9c02819c3e189af36fe,Healthy-Leaf(1399),Healthy-Leaf (823).jpg,0,0.20000011217969302,0.19999994940604227,0.20000005122023973,0.19999996953554766,0.19999991765847727
2299,a7de9afdf2f0a83953d954752041df8b237858714720a9a743f34f04907a7280,Healthy-Leaf(1399),Healthy-Leaf (824).jpg,0,0.2000000942532967,0.19999995745737278,0.20000004301358643,0.19999997442439607,0.19999993085134804
2300,b479f2d49b461915cd312e2ba9183c9c78d61e5e57703006f4eafc29576f6cce,Healthy-Leaf(1399),Healthy-Leaf (825).jpg,0,0.20000020047484296,0.1999999095854942,0.20000009153593498,0.19999994555688216,0.19999985284684574
2301,5cd3cde88154c9e8b29fe21a7243a412652ab17f4c32faa643c6ec886b6ca9f1,Healthy-Leaf(1399),Healthy-Leaf (826).jpg,0,0.20000016393791678,0.19999992607945233,0.20000007486350369,0.19999995546957242,0.19999987964955473
2302,81ad78a011225546f09ed53bf83ad0d1f9c9de69bed9e2278295e0349336824a,Healthy-Leaf(1399),Healthy-Leaf (827).jpg,0,0.20000005322610664,0.19999997609319264,0.20000002436639575,0.1999999854855014,0.19999996082880364
2303,675bc2f1f2db28eee099629492fb3a2fabbb091d36354e12dd142ba9b09cf1cc,Healthy-Leaf(1399),Healthy-Leaf (828).jpg,0,0.20000023583452015,0.19999989365441986,0.20000010769137674,0.19999993594412405,0.19999982687555914
2304,41813dd5f024231e5c86e668d21095956faa06c49d109845793570ea258cde7c,Healthy-Leaf(1399),Healthy-Leaf (829).jpg,4,0.19999996459123207,0.2000000160601382,0.19999998389113322,0.2000000095606107,0.20000002589688576
2305,6046ba944055eecb2e5d939ee706e5e75aec4fd25e11c4210bba71c18a480591,Healthy-Leaf(1399),Healthy-Leaf (83).jpg,4,0.19999984916526647,0.20000006810705084,0.1999999311812675,0.20000004091325294,0.20000011063316225
2306,bea5e30db93353ee7e4b68b390dd49157cbd6c6a8056dc56fd66fdedf1d77be8,Healthy-Leaf(1399),Healthy-Leaf (830).jpg,0,0.20000012301130723,0.19999994449232508,0.20000005614747868,0.19999996661159225,0.19999990973729684
2307,f720ed88a7df3ee6a6f558365d0d08cd20ef5191d9a7ce66e43018ab556e8596,Healthy-Leaf(1399),Healthy-Leaf (831).jpg,0,0.20000007442345663,0.199999966414864,0.20000003396860752,0.19999997980107928,0.1999999453919925
2308,d0b0be837b3db700c1c8f2272018b9e8ef41655442e25b87108be41441789988,Healthy-Leaf(1399),Healthy-Leaf (832).jpg,0,0.2000001330521471,0.19999994003454113,0.20000006077772794,0.19999996384171917,0.19999990229386455
2309,f87604ff7d729cadd84981901b76660ee5f72395afdc460e3071aa5f6d613bd3,Healthy-Leaf(1399),Healthy-Leaf (833).jpg,0,0.20000024523277002,0.19999988936277024,0.2000001119483235,0.19999993342416783,0.19999982003196837
2310,d5d13df63a1fac7907a9c1ee8c823a9c8b0bd8ab1460e393a5f375dcdeddf73c,Healthy-Leaf(1399),Healthy-Leaf (834).jpg,0,0.20000001980432147,0.19999999123583687,0.20000000915080746,0.19999999451937628,0.19999998528965796
2311,d35be333c94b045d1be53d4984e4f9975ce71927df511a042b0e2d697780b6e2,Healthy-Leaf(1399),Healthy-Leaf (835).jpg,0,0.20000005866030085,0.19999997361092411,0.20000002682719487,0.19999998402872693,0.19999995687285332
2312,e5b1d395f4a43074165db37dd8ddedad31db33f80b8c3b57b7d77ab8892ea3ad,Healthy-Leaf(1399),Healthy-Leaf (836).jpg,0,0.20000017378764368,0.19999992175557071,0.20000007943721956,0.19999995272245258,0.19999987229711355
2313,0a17606e50a37fb174deef63926a39de42c2bdb3228d0d78c2890a1ae32dc75d,Healthy-Leaf(1399),Healthy-Leaf (837).jpg,0,0.2000002770278711,0.19999987500595615,0.20000012645471993,0.19999992480011544,0.19999979671133744
2314,5d3ed9bf54ccf6178e614a39388fcc839f9112c0ce77aad7d6a9e67d35b7be0d,Healthy-Leaf(1399),Healthy-Leaf (838).jpg,4,0.19999995554500938,0.20000002027666364,0.1999999798488409,0.20000001193397463,0.20000003239551134
2315,42e991d4205a4b8310c5d7d3081562f8b4db8513fce9587a012b22f645eba836,Healthy-Leaf(1399),Healthy-Leaf (839).jpg,0,0.2000002249379997,0.19999989857108413,0.20000010271753965,0.1999999389019315,0.19999983487144507
2316,711a46b76aef47b0fa91d2afb8ee7fe5a88735c4529afb883f8e05b24d002b4a,Healthy-Leaf(1399),Healthy-Leaf (84).jpg,4,0.19999981135885964,0.20000008517874637,0.19999991393252758,0.2000000511677396,0.20000013836212688
2317,90416555e1f6845977d35f7b728c62452b047ccc22e0628027a26991f79b89e9,Healthy-Leaf(1399),Healthy-Leaf (840).jpg,4,0.1999999047364164,0.20000004319170436,0.19999995664999395,0.20000002573211478,0.20000006968977052
2318,2954736cd1242ffe18206fb39416befaab3b8c1406661f1762f361948a476294,Healthy-Leaf(1399),Healthy-Leaf (841).jpg,0,0.2000000983566333,0.19999995563734932,0.20000004490681908,0.19999997329127017,0.19999992780792814
2319,72a5b2e6fd632194c0cce3896b6cdb02d00f2d529c71aa2292525fbcfe85bc95,Healthy-Leaf(1399),Healthy-Leaf (842).JPG,4,0.199999803762803,0.20000008871762912,0.1999999105371446,0.20000005316167244,0.2000001438207509
2320,2c3562ca4939bab1d1f7e14a807ea57d9dd7556b90b4a867f0b84d31fffa67c3,Healthy-Leaf(1399),Healthy-Leaf (843).JPG,4,0.19999978354714673,0.20000009780966702,0.1999999012904417,0.2000000586670124,0.2000001586857322
2321,7e6ea43d95fb52710abd60c41efa42b134ff2eb63ab66030b4eef8d95127a5fe,Healthy-Leaf(1399),Healthy-Leaf (844).JPG,4,0.19999973419643338,0.20000012014559065,0.19999987880774397,0.20000007202120612,0.20000019482902587
2322,610955cb885b8be9fa965ccc20b460f9820eac4aa41d8f4a14cc7f6a8d5717af,Healthy-Leaf(1399),Healthy-Leaf (845).JPG,4,0.19999978270785712,0.20000009821162107,0.19999990092227646,0.20000005888050443,0.20000015927774087
2323,c095285efbac38191cd43405cb07bc15c3c88fd7646214fb14c59c1a8533c5bd,Healthy-Leaf(1399),Healthy-Leaf (846).JPG,4,0.19999978035478952,0.20000009921851572,0.19999989981283423,0.20000005955281963,0.20000016106104088
2324,e7ae3a71299006a2641cb2ab923e01d493b0091a6cd2b492e32e06b026f26f17,Healthy-Leaf(1399),Healthy-Leaf (847).JPG,4,0.1999997655826586,0.20000010588385014,0.19999989306992846,0.2000000635625914,0.2000001719009714
2325,f32fc2ad2c8b7c4b17abf31889f990ff139048c95ff55006cde048b5d8f5639b,Healthy-Leaf(1399),Healthy-Leaf (848).JPG,4,0.19999973024110043,0.20000012188645705,0.19999987697402585,0.2000000731215682,0.20000019777684852
2326,00032718d49e1d8029d818735de431db609f4070091bd65353a3517185f0ad43,Healthy-Leaf(1399),Healthy-Leaf (849).JPG,4,0.19999985454360997,0.2000000657755268,0.1999999336977787,0.20000003939545904,0.20000010658762551
2327,87f5ea6735c18823595d4fb9531871c39afc95073c9e23045fe597a05e83f2da,Healthy-Leaf(1399),Healthy-Leaf (85).jpg,4,0.19999979584537628,0.2000000921522164,0.19999990683419067,0.20000005539485222,0.2000001497733643
2328,1f40e5cd15c191cc9b589342c6d6a88c810c33dd84693ea99e4a3fa552f1111c,Healthy-Leaf(1399),Healthy-Leaf (850).JPG,4,0.19999977700844845,0.20000010074768032,0.19999989829775727,0.2000000604493982,0.20000016349671584
2329,4a6258b81c980dad4bf6633195c5bd56d0ab32e85edf744776605eecb6902115,Healthy-Leaf(1399),Healthy-Leaf (851).JPG,4,0.1999996989231582,0.20000013602155886,0.19999986268121492,0.20000008162006744,0.2000002207540007
2330,9d82b7fc9a16ccfc218569466e2bd712c121f656b1d1cc904b5b05927731ca6b,Healthy-Leaf(1399),Healthy-Leaf (852).JPG,4,0.19999978370380292,0.2000000976684407,0.19999990131639686,0.2000000586675301,0.20000015864382942
2331,b2c62ac89740230e4401b3ac96f8608b5257fb1b899acb08a4fb1da070612c1e,Healthy-Leaf(1399),Healthy-Leaf (853).JPG,4,0.19999978875104715,0.2000000954650035,0.19999990366799988,0.2000000572524488,0.20000015486350062
2332,23e032c31e058f8cc1c80b5721a04b899093107681021c733d8d139e76d336ab,Healthy-Leaf(1399),Healthy-Leaf (854).JPG,4,0.19999976831758898,0.2000001046475278,0.19999989431688078,0.20000006282172117,0.20000016989628117
2333,ac11ade6e5492a233fe06a99d658f4e85bf9b6575f66e8ffd70537ad946369e5,Healthy-Leaf(1399),Healthy-Leaf (855).JPG,4,0.19999976249529217,0.20000010727796935,0.19999989166133125,0.20000006439999984,0.20000017416540733
2334,7b3d69bc4b188a5fc2fb064d515ad30c6e821e0c5997f82201bca2de13c13759,Healthy-Leaf(1399),Healthy-Leaf (856).JPG,4,0.1999997631904407,0.20000010695330783,0.19999989197152385,0.20000006421799235,0.20000017366673534
2335,776ff633a16681cded0a040d0207c2ea0b45e2998b71a53b3479635e9d96a19b,Healthy-Leaf(1399),Healthy-Leaf (857).JPG,4,0.19999982747693695,0.2000000779596283,0.1999999213243043,0.20000004675989122,0.20000012647923937
2336,7b283edf12f8767957c09bf08537e77bbfd094d4b94831726bd06cd53fc44cb9,Healthy-Leaf(1399),Healthy-Leaf (858).JPG,4,0.1999997938946614,0.20000009312328818,0.19999990600232995,0.20000005586889358,0.2000001511108269
2337,6b455ba22ad6777ad8f9c017f5e9dd5787cc95c78fc0aeaadca2c0bf6d0a2070,Healthy-Leaf(1399),Healthy-Leaf (859).JPG,4,0.19999980967915632,0.20000008603949299,0.19999991323214375,0.20000005156099215,0.2000001394882148
2338,31bbfdf33a09081bd6a64d5d263cd00fa22a4445d00ff92ccbef96cb326ef72e,Healthy-Leaf(1399),Healthy-Leaf (86).jpg,4,0.19999981723026397,0.20000008254890103,0.19999991662511796,0.20000004956215334,0.20000013403356373
2339,b54c17d2dda1ac2594953334d2de53a19ae96dd7f3239f3cee89c84e35ac1c4f,Healthy-Leaf(1399),Healthy-Leaf (860).JPG,4,0.19999980243388932,0.2000000892862169,0.19999990991048755,0.20000005354128128,0.20000014482812492
2340,61cecae92496d8733362d50b23cb9915e643899680afcbce7a5ecfde72d78f46,Healthy-Leaf(1399),Healthy-Leaf (861).JPG,4,0.19999978533913265,0.2000000969531512,0.19999990207742893,0.20000005820978933,0.20000015742049784
2341,a334d8991c22a44748d47230705f4f6a4d20ca507385de879fcf84ba0b91cba9,Healthy-Leaf(1399),Healthy-Leaf (862).JPG,4,0.1999998113355711,0.20000008526852156,0.199999913972989,0.20000005112566485,0.20000013829725347
2342,19b94de8c708532119fbd557d37ebdc96b56c521f78713fb21d8156cab20e217,Healthy-Leaf(1399),Healthy-Leaf (863).JPG,4,0.19999971163354896,0.20000013027308525,0.19999986847440757,0.20000007817821394,0.20000021144074423
2343,87a64dd5d772059b10990e13eb00a29cb0f13c685ab3682c7a299448dbf0d806,Healthy-Leaf(1399),Healthy-Leaf (864).JPG,4,0.1999997481330721,0.20000011380078456,0.19999988513289674,0.20000006827264916,0.2000001846605974
2344,0f25d39f9a74c13f75105b1d3d0d24e6e065d9317739d8de48f48c9b4b95b61a,Healthy-Leaf(1399),Healthy-Leaf (865).JPG,4,0.19999979548724786,0.20000009237910918,0.19999990671281573,0.20000005545214214,0.20000014996868506
2345,98646528044d64da30b23e8231147cf95af67e0f8ed5ce3315e458187243b6ed,Healthy-Leaf(1399),Healthy-Leaf (866).JPG,4,0.19999979705785667,0.2000000917028561,0.19999990745067656,0.2000000550061255,0.20000014878248526
2346,d42e9b9281b0e752baf231fe391967be3848e4684b37f6403607e16e76a8b66c,Healthy-Leaf(1399),Healthy-Leaf (867).JPG,4,0.19999978728582105,0.20000009610568786,0.1999999029859507,0.20000005766255288,0.20000015595998744
2347,f4e2654b9b2965d379bd7ff65dfec80fcac0144e8daaaa2ab36f933a954be681,Healthy-Leaf(1399),Healthy-Leaf (868).JPG,4,0.199999813971393,0.20000008406781586,0.19999991516876775,0.20000005041714,0.20000013637488342
2348,3b8fc004753e474f4b666d80cd16494289a2d0f870331d141018ffffead04555,Healthy-Leaf(1399),Healthy-Leaf (869).JPG,4,0.19999985480369858,0.20000006563950778,0.19999993380438405,0.200000039336053,0.2000001064163566
2349,3bc5aae9bcec15a41bc4984fd8224256e39e52c60131cf2fc2f6f97c1186bd26,Healthy-Leaf(1399),Healthy-Leaf (87).jpg,4,0.19999995512945395,0.20000002018454138,0.19999997947887246,0.2000000122176392,0.20000003298949312
2350,bcd4c160008931373bc49769b92d986ace7015a27ea8038174a14cc1ed43e832,Healthy-Leaf(1399),Healthy-Leaf (870).JPG,4,0.19999981606805506,0.2000000830986774,0.19999991611091036,0.20000004986195982,0.20000013486039747
2351,18bf5221b54473cfd989c4e8d768debc225af7e2dfc3a99ebac732e7e6a8ba89,Healthy-Leaf(1399),Healthy-Leaf (871).JPG,4,0.19999980427156655,0.2000000884460021,0.1999999107421839,0.20000005304914245,0.20000014349110493
2352,560534bdcf803430ee5dd425aba493a655b54bf4f2bb734dab055c278c5bb745,Healthy-Leaf(1399),Healthy-Leaf (872).JPG,4,0.19999980690728375,0.20000008727228147,0.19999991195529737,0.20000005232423268,0.20000014154090479
2353,ef353741a9650ecbe12763806345e679aa1da0d282cd469acc1d0c26ea4295d2,Healthy-Leaf(1399),Healthy-Leaf (873).JPG,4,0.1999997777668146,0.2000001004092818,0.19999989864636336,0.2000000602411763,0.20000016293636394
2354,602bc976c313fddb2bf35499db688e43d0faf635b7adefd2552cbede97f11c31,Healthy-Leaf(1399),Healthy-Leaf (874).JPG,4,0.19999982409862171,0.2000000795072442,0.19999991979728296,0.20000004766273,0.20000012893412097
2355,dc4cd084f0ffb66de418f1f0e5906e8460ba11023a0df5359dcf0861038e077d,Healthy-Leaf(1399),Healthy-Leaf (875).JPG,4,0.19999985960302874,0.2000000634163434,0.1999999359578836,0.2000000380684151,0.2000001029543293
2356,8b0eb38652c5bdaab06127f62be621eed9bb09e8b28c941bff31469faae8411e,Healthy-Leaf(1399),Healthy-Leaf (876).JPG,4,0.19999983434041993,0.2000000748914092,0.19999992447574608,0.20000004487943626,0.20000012141298862
2357,e4e601225fe573900d37964c715f2f8ac3abfdabe784b8fc9e5d7e16aee132d2,Healthy-Leaf(1399),Healthy-Leaf (877).JPG,4,0.19999980990554217,0.2000000859014908,0.19999991331231998,0.200000051521301,0.20000013935934605
2358,d9789c2946d5abc88203c30dddab03159f48a50d0ce267f4a48b2d1163677da3,Healthy-Leaf(1399),Healthy-Leaf (878).JPG,4,0.1999997567186506,0.200000109955247,0.19999988907016628,0.20000006592481107,0.2000001783311251
2359,da319f094ad00c532b716006f7474728607a5ebfddc309d484277357488d2c17,Healthy-Leaf(1399),Healthy-Leaf (879).JPG,4,0.19999979291397454,0.20000009357321072,0.19999990555949806,0.20000005613048538,0.2000001518228313
2360,32d2761ea21c5e9658c931ed46a50d3711bc68a5edf62ef4f2ddb1ce185bd9fc,Healthy-Leaf(1399),Healthy-Leaf (88).jpg,0,0.20000002894667923,0.19999998685719445,0.200000013160446,0.19999999219274991,0.19999997884293036
2361,eb2d10d6599ed81fab5fd3bba57897eb804b34f846f669f756d55220b0e2c191,Healthy-Leaf(1399),Healthy-Leaf (880).JPG,4,0.19999974631617398,0.20000011462306805,0.19999988430515542,0.2000000687642998,0.20000018599130276
2362,9793048c1462372cc23ef39cadac48f60d0cb863b0a3f447f7d97205584eaf24,Healthy-Leaf(1399),Healthy-Leaf (881).JPG,4,0.19999980610042167,0.20000008756884,0.19999991154342417,0.20000005258438697,0.20000014220292717
2363,7fd383893ee63acf06d21dd302d768cc6fce5e12f0609cb4e2cf12032c5ec3c1,Healthy-Leaf(1399),Healthy-Leaf (882).JPG,4,0.1999997805360237,0.20000009913479252,0.19999989989427783,0.2000000595047402,0.20000016093016565
2364,29c81459bf86b0348dcee60569b13314de6b51443335c168eb16566257088536,Healthy-Leaf(1399),Healthy-Leaf (883).JPG,4,0.1999997855228876,0.20000009686413403,0.1999999021573802,0.20000005816366517,0.20000015729193296
2365,83a30a4d078a81af483eba7074b86fc1c1343de48218eedee5d65f96787cdc1c,Healthy-Leaf(1399),Healthy-Leaf (884).JPG,4,0.19999979706583365,0.20000009169366834,0.19999990745067497,0.2000000550072987,0.20000014878252434
2366,06bfbfb8efef0a9f6cb00a3a6bebf27076e2dbb31ca82e04d8852736590db1d7,Healthy-Leaf(1399),Healthy-Leaf (885).JPG,4,0.1999997830479674,0.20000009801337582,0.19999990104863624,0.20000005881558333,0.2000001590744373
2367,54af7a84d6953959eb07bcb061646a1c5fa01f24aa337382e1d2eb6a42a2b6ee,Healthy-Leaf(1399),Healthy-Leaf (886).JPG,4,0.19999979535386825,0.20000009247138598,0.1999999066725931,0.20000005546876962,0.2000001500333832
2368,878acfa01ee0eb21cc16614a8cfc7280fefc638dba1360146d4c0bc683884263,Healthy-Leaf(1399),Healthy-Leaf (887).JPG,4,0.19999976067988612,0.20000010807674792,0.19999989081954261,0.20000006490514918,0.20000017551867413
2369,ff4ef8e1e89dbf9618141bdba6fede3a5a871f868cf3f085aec92638831c8395,Healthy-Leaf(1399),Healthy-Leaf (888).JPG,4,0.19999976376516035,0.20000010669316146,0.19999989223335718,0.2000000640624707,0.20000017324585023
2370,a770e05174ebddfdf476d11e07ea81cf184437bfa5f798ccb37a86b021815188,Healthy-Leaf(1399),Healthy-Leaf (889).JPG,4,0.19999976584809828,0.2000001057681055,0.1999998931936366,0.2000000634880006,0.20000017170215897
2371,85f9d96022d14d7f76c0641efe34d1d629a7e322dc07127d5b05de60393813fe,Healthy-Leaf(1399),Healthy-Leaf (89).jpg,0,0.20000010869347648,0.19999995081511573,0.20000004952330483,0.19999997058209273,0.1999999203860103
2372,b10a74cf56a0f7ea0975c1aa752670796eca9c7c7ac5fb45ddf511c8bb44de6b,Healthy-Leaf(1399),Healthy-Leaf (890).JPG,4,0.19999977646148984,0.20000010098279894,0.19999989804054913,0.20000006060491093,0.20000016391025127
2373,3d4fe61c2c202359cf1610833c6b207f656144c2f89e5615390e514c1781c9c5,Healthy-Leaf(1399),Healthy-Leaf (891).JPG,4,0.19999972060808202,0.2000001262144139,0.19999987256494323,0.20000007574771045,0.20000020486485037
2374,d018f558838b81001b0c971cfc8f775bc8578d377301eded836f0344286e5963,Healthy-Leaf(1399),Healthy-Leaf (892).JPG,4,0.19999979799789272,0.2000000912509359,0.1999999078618135,0.20000005476781565,0.2000001481215424
2375,088228836f12e539e021b99117bd3989d35a8247e8d9d482d5e060e9a745e8e4,Healthy-Leaf(1399),Healthy-Leaf (893).JPG,4,0.19999974442618376,0.20000011551180347,0.19999988346565467,0.2000000692554085,0.20000018734094957
2376,13263d3a433c169f7cfdd59cf839447cc57ea242b68be1f1c3c902552218c8c7,Healthy-Leaf(1399),Healthy-Leaf (894).JPG,4,0.19999981916587872,0.2000000816404253,0.199999917485964,0.20000004905806476,0.20000013264966712
2377,1cc4e59da8c8c5114640e7f9a64a45c263242739670db8583ce3bca402d58d2a,Healthy-Leaf(1399),Healthy-Leaf (895).JPG,4,0.19999979012158395,0.2000000947630045,0.1999999042396258,0.20000005693129194,0.20000015394449383
2378,6f9b604b5843c4128615c3bd6989df2d58054e50941a16e2c642690c8e7641d2,Healthy-Leaf(1399),Healthy-Leaf (896).JPG,4,0.19999976862162136,0.20000010450345776,0.1999998944511336,0.2000000627432167,0.20000016968057058
2379,039786d35c415b620e05a20cb1f9675d98e1013dcdfc2115c96c83c43c1802ba,Healthy-Leaf(1399),Healthy-Leaf (897).JPG,4,0.19999978942583263,0.20000009511454467,0.19999990394627193,0.20000005709716112,0.20000015441618976
2380,5600826529e9656d90b7cd70f773fc393586bd12d297d1e8f63c2e775f1867a1,Healthy-Leaf(1399),Healthy-Leaf (898).JPG,4,0.1999997815426177,0.20000009867871987,0.1999999003525496,0.20000005923265177,0.20000016019346117
2381,de936e7a92d30fd60f50f59cfa2cf1020a2a943861ed4856a6249fa6bb447512,Healthy-Leaf(1399),Healthy-Leaf (899).JPG,4,0.1999998436196538,0.20000007062821423,0.19999992866209,0.20000004240706254,0.2000001146829795
2382,4e2adf91cc4a9ad445c2d7828863728e494350de2b7036190ea2cc1f1d65c50e,Healthy-Leaf(1399),Healthy-Leaf (9).jpg,0,0.200000027331825,0.19999998762914606,0.20000001245110288,0.19999999260426965,0.19999997998365643
2383,1aa3c167c190898f5b7c8ca1ac6db603b403b45d6a12648020bc7f453fb718c5,Healthy-Leaf(1399),Healthy-Leaf (90).jpg,4,0.19999997183002008,0.20000001257682826,0.1999999870554748,0.20000000772840898,0.20000002080926788
2384,41f8b364a989414a39f109e18aae1c9662e189bc49caae182ce883b26295575a,Healthy-Leaf(1399),Healthy-Leaf (900).JPG,4,0.1999997716968877,0.20000010317477304,0.19999989589290562,0.20000006187254782,0.20000016736288573
2385,ecfb06cf2fbac81d492ccede61519d3b80b9bb70cc0f4c8b1e0d99011f3960ca,Healthy-Leaf(1399),Healthy-Leaf (901).JPG,4,0.19999978492213336,0.20000009718923903,0.1999999019180701,0.2000000582937444,0.20000015767681312
2386,91549392d45fc37b81c3b03087ba3ab1b10faa0c6605765946c8f1e7e42a1e54,Healthy-Leaf(1399),Healthy-Leaf (902).JPG,4,0.19999981948404202,0.2000000815200902,0.19999991764616815,0.2000000489575379,0.2000001323921618
2387,a0ed0cc18a4c822f99d26f09b92d21db6fc259e944e88e0511c88427616d5fbb,Healthy-Leaf(1399),Healthy-Leaf (903).JPG,4,0.19999978884811634,0.20000009538908559,0.19999990369153473,0.2000000572455665,0.2000001548256969
2388,ad3bfcc433bd724ad4151d2c8f9290ef12d9d961525bd3f72552033dcb12e70b,Healthy-Leaf(1399),Healthy-Leaf (904).JPG,4,0.19999979537044896,0.2000000924501443,0.199999906671309,0.20000005547269725,0.20000015003540048
2389,9b66fb98e1a71ed1c724a880a62d7627b2f5108f0fc1a45a5e30c78e4f98146d,Healthy-Leaf(1399),Healthy-Leaf (905).JPG,4,0.19999973443744312,0.20000011998661663,0.19999987888535747,0.2000000719864175,0.20000019470416522
2390,a4008efdabc9b8e0de9c2a9f7415ea7ec87edfbc04a690b9dabd8f73234918bd,Healthy-Leaf(1399),Healthy-Leaf (906).JPG,4,0.19999978371223334,0.2000000977023954,0.1999999013445891,0.2000000586421643,0.20000015859861797
2391,8d19f412b73a5e8e03f383cd83f889d4edcacacd708764644b42bcc7deb63f8f,Healthy-Leaf(1399),Healthy-Leaf (907).JPG,4,0.1999997989194278,0.2000000908380253,0.19999990828430966,0.20000005451590133,0.20000014744233593
2392,3c9b257646171dcce0c1b880c8a2e0bd15d018fd3c2340a1d257fb78d040500a,Healthy-Leaf(1399),Healthy-Leaf (908).JPG,4,0.19999979406584306,0.20000009304861327,0.19999990608220972,0.20000005582092276,0.20000015098241136
2393,2fc3e5ed3b31bc001270791dddbd3fd88d56095aa23ff3813d20ae760be1cfe7,Healthy-Leaf(1399),Healthy-Leaf (909).JPG,4,0.1999997979300127,0.2000000912714516,0.19999990782430072,0.2000000547923835,0.20000014818185155
2394,ba20f1fb0f680cbbb4a8f93980b5da44b9fcf6c4b25e776b4e61a78d2598d640,Healthy-Leaf(1399),Healthy-Leaf (91).jpg,0,0.20000010283722217,0.1999999534788724,0.20000004686387818,0.19999997215860396,0.19999992466142325
2395,e497744500fef72445bd97d2b561dde17aecf4f6224d611b6e1dcb60577754ba,Healthy-Leaf(1399),Healthy-Leaf (910).JPG,4,0.19999980432367684,0.20000008838110497,0.19999991073923895,0.20000005306023622,0.20000014349574308
2396,66e83e82fead32cd459a31c52f54fd76dbe98ee588d40efdeefa1bc1603723fd,Healthy-Leaf(1399),Healthy-Leaf (911).JPG,4,0.19999976470171646,0.20000010630164097,0.19999989268087373,0.20000006378935237,0.20000017252641658
2397,ab865a18405bede62c07b8fe2b6c01340f5dc272adc3da40ad5eb90b73fe4397,Healthy-Leaf(1399),Healthy-Leaf (912).JPG,4,0.19999980440827997,0.200000088353767,0.1999999107848717,0.20000005303066096,0.20000014342242042
2398,7df73e56f22f2c737baf97df83b69816b68a18d77a42ad92bcd620ae7ed9be8e,Healthy-Leaf(1399),Healthy-Leaf (913).JPG,4,0.19999976498832808,0.20000010612555266,0.1999998927815246,0.200000063740071,0.2000001723645236
2399,25e3f9c166e391e106153cf0461498f757e6373e8763247da22a9174d7da5abf,Healthy-Leaf(1399),Healthy-Leaf (914).JPG,4,0.19999976830374325,0.20000010467572735,0.1999998943246402,0.20000006281198715,0.20000016988390204
2400,0d4592640c9033c0f36e9984f345eaf44648bae61726a551ee48fba9efb0cb39,Healthy-Leaf(1399),Healthy-Leaf (915).JPG,4,0.19999978664927645,0.20000009635166036,0.19999990266876372,0.20000005786048752,0.2000001564698119
2401,df451804d93b06fed26a25655b2d09f6cef8d11fdbb3fc529ff2194f59ae4b4d,Healthy-Leaf(1399),Healthy-Leaf (916).JPG,4,0.19999982126061044,0.2000000807252714,0.19999991846148077,0.2000000484712248,0.20000013108141257
2402,d193ebb924bedde59e412fa77c3c8492073e8ed70c472f5a4844ddedc8b12b43,Healthy-Leaf(1399),Healthy-Leaf (917).JPG,4,0.19999977811130537,0.2000001002574375,0.19999989880598532,0.20000006014563412,0.20000016267963763
2403,bce822525e8b80b380fcfce04d7141132893f50f5071fd76bb263c3b778b5f11,Healthy-Leaf(1399),Healthy-Leaf (918).JPG,4,0.19999977642417846,0.20000010095323462,0.19999989799359555,0.20000006064338707,0.20000016398560436
2404,34bd6b2628c3aaf5aaaf76af913cccce080fb35f98b3ab88b02d2d01e4e44096,Healthy-Leaf(1399),Healthy-Leaf (919).JPG,4,0.19999975631352174,0.20000011009796634,0.19999988885936337,0.20000006605917273,0.20000017866997583
2405,ca5ef1569a06ed7aaad6f8f0e4e9d3d29db571740ab480fe5dd28506d66fb65d,Healthy-Leaf(1399),Healthy-Leaf (92).jpg,4,0.19999996743063087,0.2000000146131178,0.1999999850803291,0.20000000889141825,0.20000002398450395
2406,e71bc3425c2b3042d300be0f8522130d206b67ae6c2ff6aac32cac36444eb861,Healthy-Leaf(1399),Healthy-Leaf (920).JPG,4,0.19999978657515008,0.200000096422259,0.19999990265888087,0.2000000578579324,0.2000001564857776
2407,534ff041783842e3405f51ae1d588106483322cd04751b8c3f6436c17ac8e1c5,Healthy-Leaf(1399),Healthy-Leaf (921).JPG,4,0.19999978116557438,0.20000009883885653,0.19999990017402489,0.20000005934112253,0.20000016048042166
2408,839a9ccac196ae811d6f346442c78c3f2819b3de31af349981a26c01d01b41fb,Healthy-Leaf(1399),Healthy-Leaf (922).JPG,4,0.19999978188210746,0.20000009850906256,0.19999990049687244,0.20000005915060926,0.2000001599613482
2409,d6138ebf39cf6bc196c4921405d5a179dd1721d01aedbd8f8a500b6d1de8f687,Healthy-Leaf(1399),Healthy-Leaf (923).JPG,4,0.19999980064462505,0.200000090073243,0.19999990908067222,0.20000005403943985,0.20000014616201997
2410,c525975f232e95a8bfda017fd6ae202d4d87f084f007a15df4b79469b541bb55,Healthy-Leaf(1399),Healthy-Leaf (924).JPG,4,0.1999998003327583,0.20000009019348028,0.19999990892504654,0.2000000541364919,0.20000014641222288
2411,9c90ebccac5f7da120cdd2bd6c9c1e3e347900aa50bcb69d4fe0ae7a5da0da79,Healthy-Leaf(1399),Healthy-Leaf (925).JPG,4,0.19999975611925536,0.20000011015814778,0.19999988875297833,0.20000006612875465,0.20000017884086382
2412,71587a09c23a1c9525b8a8a41a9496b5dac70233e7f3a8792a950eeaec1cb8c1,Healthy-Leaf(1399),Healthy-Leaf (926).JPG,4,0.19999980949018467,0.2000000860439453,0.1999999130936902,0.20000005166144913,0.2000001397107307
2413,b1b5493ab1cc5d7e67a1582088cf633e7e5cfa8f180c4a7a4425944030db9e23,Healthy-Leaf(1399),Healthy-Leaf (927).JPG,4,0.1999998028257018,0.20000008905982786,0.19999991005727624,0.20000005346509114,0.20000014459210297
2414,49626725dd8861abf169743db65d8ab85947e411c7331bc6bdaf8e60277eb36b,Healthy-Leaf(1399),Healthy-Leaf (928).JPG,4,0.19999980561150185,0.20000008783603,0.19999991135029588,0.20000005268859156,0.2000001425135807
2415,5ab504d5868ab9ebc687d7201072cf759577cb67a89c2e8a52926a6d49f359bb,Healthy-Leaf(1399),Healthy-Leaf (929).JPG,4,0.19999973840821525,0.20000011817534463,0.19999988068519767,0.20000007092054703,0.20000019181069537
2416,0043630a48c1daf822c9d6dd36b059bb5cc67b9837eae907d9197f5a76210146,Healthy-Leaf(1399),Healthy-Leaf (93).jpg,0,0.2000000495611321,0.19999997751940496,0.20000002254663796,0.1999999866190989,0.19999996375372617
2417,c89fd1cffef3fbcc163e0b7075fe8d6ef0fb072b7f01e3f1c1d3751064cfd591,Healthy-Leaf(1399),Healthy-Leaf (930).JPG,4,0.19999974924269634,0.2000001132759603,0.1999998856237915,0.20000006798618175,0.2000001838713702
2418,cc4fefe0e4960fd7cfa8b9b782a1545b51141cec84cdd78bfee7276a666ba34f,Healthy-Leaf(1399),Healthy-Leaf (931).JPG,4,0.19999977128808397,0.20000010326740292,0.19999989564705623,0.20000006203952753,0.2000001677579293
2419,16b0de4fc9243dc7ccccfbce8062d6a527aafca72ec5c2180ac1ddbb25ed553d,Healthy-Leaf(1399),Healthy-Leaf (932).JPG,4,0.19999972825674783,0.2000001227346585,0.19999987603780642,0.20000007368893796,0.20000019928184923
2420,829df637eaa9da428e8688ac89e2dd6b0fcc055133139dbb9393fdd271a14ad8,Healthy-Leaf(1399),Healthy-Leaf (933).JPG,4,0.19999978046613562,0.20000009921704856,0.19999989989511552,0.20000005949277544,0.20000016092892484
2421,b9ff575956978d822f0e28068314053504ea5b24deb4e820a4471e8616c70d0b,Healthy-Leaf(1399),Healthy-Leaf (934).JPG,4,0.19999979348649338,0.2000000932935523,0.19999990580706933,0.20000005598815537,0.20000015142472957
2422,21a40f53d0b60cdafb1b7ae928a38623d0656a6801936f46c70b9eab59fd7cce,Healthy-Leaf(1399),Healthy-Leaf (935).JPG,4,0.1999997610069784,0.2000001080322304,0.19999989103536847,0.20000006475351811,0.20000017517190474
2423,d1e6495e0efd637548859c612377c44be411302df6326b0e3c87e4a3ee9d198e,Healthy-Leaf(1399),Healthy-Leaf (936).JPG,4,0.1999997661669282,0.20000010562955758,0.1999998933426281,0.20000006339831777,0.2000001714625684
2424,0984b8bbe4f764118bb2b0da448a6103634c31d7a7e563259fa5c7d8351bb9b8,Healthy-Leaf(1399),Healthy-Leaf (937).JPG,4,0.1999998078777604,0.20000008682321294,0.19999991239106032,0.20000005206758584,0.20000014084038056
2425,a8ad62d012816d025dbab8caa5e8e54814a2e5bbead94cfb53d28630a97548cf,Healthy-Leaf(1399),Healthy-Leaf (938).JPG,4,0.19999974824074213,0.20000011375087778,0.1999998851811504,0.20000006824416924,0.20000018458306051
2426,312e3cdca5bb3efdb55c35c3b5edd461ff9af0075ae3271aee02e0c99197a4fe,Healthy-Leaf(1399),Healthy-Leaf (939).JPG,4,0.19999976543875586,0.20000010596772974,0.1999998930164151,0.20000006359003342,0.20000017198706596
2427,292fcd164b5a56a0794da3e5bc8a95f997a52eda9e86f5b870760b7359ddb0e6,Healthy-Leaf(1399),Healthy-Leaf (94).jpg,4,0.19999997974915307,0.20000000903712156,0.19999999069178287,0.20000000555824626,0.20000001496369604
2428,71cffadedd6da4538f5d80d0570a39f8346d3e1977f423ba2b7c1f14d2c22842,Healthy-Leaf(1399),Healthy-Leaf (940).JPG,4,0.1999997601119763,0.20000010838291993,0.19999989059251758,0.20000006502885082,0.20000017588373536
2429,cf33d127d90ee78ccb39acbbaf94e4d157549c46264f427cfa95d7c4e01d07e4,Healthy-Leaf(1399),Healthy-Leaf (941).JPG,4,0.19999980365690398,0.2000000887764445,0.19999991049587887,0.2000000531835697,0.2000001438872028
2430,d24766a442faeb6f574e1cbacf8a07cccf1b6585844ced63f10f6f8ce270823c,Healthy-Leaf(1399),Healthy-Leaf (942).JPG,4,0.1999997707965294,0.20000010357504303,0.19999989547805253,0.2000000621206122,0.20000016802976292
2431,dcea550d1a7ebe4924002f7715802b404fef21fffdf6aebfa5f7a02258614415,Healthy-Leaf(1399),Healthy-Leaf (943).JPG,4,0.19999982034888597,0.20000008123918203,0.19999991811152168,0.20000004865625048,0.20000013164415992
2432,aaebdcc17921e7c0cf47deb17fc8249ba54d429aac82a860f1ac4ad1626fcb2a,Healthy-Leaf(1399),Healthy-Leaf (944).JPG,4,0.199999767334959,0.2000001051530606,0.19999989390844117,0.20000006305046714,0.2000001705530721
2433,3eecdb314aa7df3a5b30b835974eb8104d118c70442bafc716004492449bed09,Healthy-Leaf(1399),Healthy-Leaf (945).JPG,4,0.19999977593665913,0.2000001012065644,0.19999989779260835,0.20000006075541765,0.20000016430875042
2434,b425a8141bda9486f2dd5624e43c96ddb41c8c74cf77efb4fe141347d2a3cff3,Healthy-Leaf(1399),Healthy-Leaf (946).JPG,4,0.19999972751848344,0.20000012312299897,0.19999987573646602,0.20000007385565777,0.2000001997663938
2435,f8095c3aacd5c763ae76b4d6132aefef4b2535d64ee079ed7a2f42cf64d39ccd,Healthy-Leaf(1399),Healthy-Leaf (947).JPG,4,0.19999976733847075,0.2000001051618513,0.19999989391670656,0.20000006304314225,0.20000017053982927
2436,b534de460cadd8167a4f42f2402d2fe5c8a6b342d245648dabea185e0e39d7bc,Healthy-Leaf(1399),Healthy-Leaf (948).JPG,4,0.19999978759750334,0.20000009599237384,0.1999999031458346,0.2000000575612689,0.20000015570301932
2437,b3440e515081f5d0b796e8c7f2017d5ac7b1ace0216e605df7300318b47494ca,Healthy-Leaf(1399),Healthy-Leaf (949).JPG,4,0.19999971800356106,0.20000012740187423,0.19999987138404035,0.20000007644727136,0.20000020676325309
2438,72bdbf8990854f57e06b3415beebf5337788273dc85a6f463d85d930060c255e,Healthy-Leaf(1399),Healthy-Leaf (95).jpg,0,0.20000005465118642,0.19999997523802246,0.2000000248799675,0.19999998522822882,0.19999996000259487
2439,9ef8bdabf4a00da5be0c09e3a8e5b0e9793e3251efa70bd036e908e0057a7a01,Healthy-Leaf(1399),Healthy-Leaf (950).JPG,4,0.19999977726106632,0.20000010069962798,0.19999989845568109,0.2000000603407313,0.20000016324289335
2440,dbb72d0cf9566ef63a108a1dba9d2909b338ddac5f578beceda40d0a73f36e70,Healthy-Leaf(1399),Healthy-Leaf (951).JPG,4,0.199999748218207,0.20000011384298233,0.1999998852237819,0.20000006820037125,0.20000018451465762
2441,6697a1ae38ac1957f5737178c08bfda2bce5618b6786a7ff0f929b23db2fdd63,Healthy-Leaf(1399),Healthy-Leaf (952).JPG,4,0.19999977394922006,0.20000010214153294,0.19999989691008213,0.20000006127162556,0.2000001657275394
2442,af0fbadf04c9a56b55139c13c945c17823f5c50d3b7165d57e88ae0761236835,Healthy-Leaf(1399),Healthy-Leaf (953).JPG,4,0.1999997155515066,0.2000001284871769,0.19999987025111796,0.20000007712563886,0.20000020858455966
2443,b3dbe630901df3556ef9452bab5428af2cb07431e8e10b879b66784262d6ff7a,Healthy-Leaf(1399),Healthy-Leaf (954).JPG,4,0.19999978386526376,0.2000000976216334,0.1999999014068664,0.20000005860778397,0.20000015849845248
2444,1814789c3f201a6ba0bef7f38b05b0113c96a4e8ab2e43938bd44ad38f41d4f0,Healthy-Leaf(1399),Healthy-Leaf (955).JPG,4,0.19999976355396437,0.20000010684081687,0.19999989217070366,0.20000006408788226,0.20000017334663295
2445,1b5f48732cb69abdf94e5ad6be63c20dde54b8327ebfa1e760159d9a4cc38299,Healthy-Leaf(1399),Healthy-Leaf (956).JPG,4,0.199999831060752,0.2000000763218095,0.19999992294687277,0.20000004579979522,0.20000012387077062
2446,0ff8174d717c172d2bebe3c07b4b421aaf709ff259d2b7d5b39360b38b47468c,Healthy-Leaf(1399),Healthy-Leaf (957).JPG,4,0.19999980526841543,0.20000008803008829,0.19999991121910463,0.20000005275787114,0.2000001427245205
2447,20cce75c745caf3907c55b5802f62cc7aa3f41b33c3095ba0b73a456dee1d8e9,Healthy-Leaf(1399),Healthy-Leaf (958).JPG,4,0.19999981580847007,0.20000008323556,0.19999991600518718,0.20000004992045914,0.20000013503032363
2448,8204eae201e7bb5828451cce5a2de76a02d27fa45902880eb7a202d282e2dd0a,Healthy-Leaf(1399),Healthy-Leaf (959).JPG,4,0.19999978406534716,0.2000000975493038,0.19999990150979594,0.2000000585425083,0.20000015833304485
2449,9f8446e79cf9f3439726591497f892aca8fba2a6119665e6e561eaeb767fa11b,Healthy-Leaf(1399),Healthy-Leaf (96).jpg,0,0.20000015254041908,0.19999993102629635,0.2000000695347469,0.19999995868294093,0.1999998882155968
2450,09d6b03d717c02ab4a59b16048eb63ae2a11268028831c266100515049f3bf57,Healthy-Leaf(1399),Healthy-Leaf (960).JPG,4,0.19999978480228175,0.20000009722923853,0.19999990185420197,0.2000000583349003,0.20000015777937757
2451,1c9c8b502f2dd7cf94169ea6f6b327fb986fb856c836af4f0d5267d078d5f821,Healthy-Leaf(1399),Healthy-Leaf (961).JPG,4,0.19999978566784615,0.20000009687497347,0.19999990227272318,0.2000000580777084,0.20000015710674873
2452,83ce71e52e2655fab4d7f23fcca3fa77301601e9e3c67995aeedd55b9e06b389,Healthy-Leaf(1399),Healthy-Leaf (962).JPG,4,0.19999978324043555,0.2000000979210186,0.19999990113297925,0.20000005876669297,0.20000015893887368
2453,c1e27a4d5a9dc01a60bdbb5fba56073db2d7829a465fa69cc86dc72bbea0402d,Healthy-Leaf(1399),Healthy-Leaf (963).JPG,4,0.19999979853660066,0.20000009105372518,0.19999990813733076,0.20000005459363673,0.20000014767870672
2454,cea763871fd5f91b9cbebf191633ec2677cd334f45de63f04c16fe339a9347ae,Healthy-Leaf(1399),Healthy-Leaf (964).JPG,4,0.19999977915822786,0.20000009981168376,0.1999998993010326,0.200000059845118,0.20000016188393777
2455,69bbccf5fbd773c28c5a487e69a5cd71685439772ea1d9e183addab33a0dc6e6,Healthy-Leaf(1399),Healthy-Leaf (965).JPG,4,0.19999975938658474,0.20000010868726764,0.19999989024657827,0.20000006523981168,0.20000017643975768
2456,538b95c5b45de2ed7d3dc5d2898598f1310810298598be4aa1cc6bdbcfe6c5fc,Healthy-Leaf(1399),Healthy-Leaf (966).JPG,4,0.19999976507218034,0.20000010618211836,0.19999989288073258,0.200000063659722,0.20000017220524674
2457,242c6be303f74bb034b2e940c64b1d40f356a702a54bd294be53ca47b9b9fd4d,Healthy-Leaf(1399),Healthy-Leaf (967).JPG,4,0.19999978120915457,0.20000009890894005,0.19999990025183406,0.20000005927465517,0.20000016035541615
2458,60c1eaad60ae65b4de7a8ceadf010917bf9de78efdab2ffed30a7d8191e2dadc,Healthy-Leaf(1399),Healthy-Leaf (968).JPG,4,0.19999981407497558,0.2000000840236755,0.19999991521773322,0.20000005038740273,0.200000136296213
2459,9956144a59d77254dae9f4e462d8c3a9349e69c9384bc8e4c40cf4d5b1172f4f,Healthy-Leaf(1399),Healthy-Leaf (969).JPG,4,0.19999979229589065,0.20000009382094106,0.199999905257233,0.2000000563172728,0.20000015230866255
2460,b2f7771aa1092d6c151fb67886cf9ad9cb8434e4cdc50af25e10ea7711659c96,Healthy-Leaf(1399),Healthy-Leaf (97).jpg,4,0.19999993753968073,0.20000002811359074,0.19999997144487786,0.20000001699695402,0.20000004590489676
2461,1091cb93498b0714f949579759a806162d60167f5c123912dbb20660ff64f08c,Healthy-Leaf(1399),Healthy-Leaf (970).JPG,4,0.19999979873402104,0.20000009090603826,0.1999999081896131,0.20000005457580058,0.20000014759452697
2462,10abccfa304cfad2375f90f226a4fbf14841d2e5c85ddb22a248e1e551c82312,Healthy-Leaf(1399),Healthy-Leaf (971).JPG,4,0.19999982629156823,0.20000007859244806,0.1999999208465056,0.20000004702194432,0.20000012724753385
2463,5450778660f56f7fa58ec237a7196983176ec75e02d8bd98007e76769d986685,Healthy-Leaf(1399),Healthy-Leaf (972).JPG,4,0.19999982762938048,0.2000000778908327,0.19999992139390277,0.20000004671847849,0.20000012636740547
2464,1904049b40455853c9a0769ec2b362f133b6e9545608bb7216259493ad56f89f,Healthy-Leaf(1399),Healthy-Leaf (973).JPG,4,0.19999976611077275,0.20000010566197196,0.1999998933215517,0.20000006340918958,0.2000001714965141
2465,d1b47784fb7fbc5ccb3bd4b55f371e18eef25821b0bea4b23bc09e6dad8ca3fa,Healthy-Leaf(1399),Healthy-Leaf (974).JPG,4,0.1999997834628907,0.20000009784524353,0.19999990125031317,0.20000005869135756,0.20000015875019517
2466,cb44f5057fdb41477c8c2830a4f4352fbd910999d036a3f6ff6b31997773edd7,Healthy-Leaf(1399),Healthy-Leaf (975).JPG,4,0.19999977015103657,0.20000010381573943,0.19999989515079472,0.20000006232664042,0.20000016855578887
2467,e0d7fa14f4a25cf9172b09107dc77ca9c65fac4a861d12c3b585017180378a84,Healthy-Leaf(1399),Healthy-Leaf (976).JPG,4,0.19999979228273645,0.20000009388151405,0.19999990528653894,0.20000005628760525,0.20000015226160534
2468,07b93d15806832e3400867a8830d1e07fd19a08f0ecf1da6017e337507be589c,Healthy-Leaf(1399),Healthy-Leaf (977).JPG,4,0.19999980361187752,0.20000008873305775,0.19999991043419194,0.20000005323463443,0.20000014398623836
2469,e05a32943bf8209510d824db64aecf7c6276d0ae4d8785c63270172691e41212,Healthy-Leaf(1399),Healthy-Leaf (978).JPG,4,0.1999997603933526,0.20000010825812617,0.19999989072234212,0.2000000649511832,0.20000017567499584
2470,ea7e875f1ec10935e2ab0afa0e386a5577318a823f4e0bb58426b97da6a67d0a,Healthy-Leaf(1399),Healthy-Leaf (979).JPG,4,0.19999978192462844,0.20000009853294295,0.19999990054403313,0.20000005911277902,0.20000015988561642
2471,07cc6b50e1e9ab3aca3004c9cfff49120becba5443d74e516410a63099ba6252,Healthy-Leaf(1399),Healthy-Leaf (98).jpg,0,0.20000009599289426,0.19999995655556863,0.20000004373237862,0.19999997402378505,0.19999992969537353
2472,f19a7428e30b0e9bc368e4c448fb4c9e41ae95dbbb6c4422bd77db5f7712f255,Healthy-Leaf(1399),Healthy-Leaf (980).JPG,4,0.19999980875711507,0.2000000864492864,0.19999991280723292,0.20000005181500388,0.20000014017136175
2473,efe876f8e6b0985938f1460b3aeef3cd74de31a1be06183456e4f6c2383b11f8,Healthy-Leaf(1399),Healthy-Leaf (981).JPG,4,0.19999978878667854,0.20000009544532116,0.19999990368192558,0.20000005724487419,0.20000015484120062
2474,a142f5bbd72b0d2dfd877d0e49682c76009515da030f2a69b624cfc0ac19490a,Healthy-Leaf(1399),Healthy-Leaf (982).JPG,4,0.19999979545707644,0.20000009237260089,0.19999990668605275,0.2000000554726715,0.2000001500115984
2475,f39c63424dc9ec63a58efd1e5b94bd11e4fa704f46b25ff3c63335524c54b527,Healthy-Leaf(1399),Healthy-Leaf (983).JPG,4,0.1999998069750047,0.20000008722791596,0.19999991197731337,0.20000005231421816,0.20000014150554776
2476,ba97d0a25c667e8761c3c07016c5f17cc95a97afdd1392bbc698263fe15136f4,Healthy-Leaf(1399),Healthy-Leaf (984).JPG,4,0.19999978314586403,0.20000009793518275,0.19999990107137353,0.2000000588097883,0.20000015903779136
2477,44b65d21becddeea4732f83886f723db60f7cbd814940ffbdde2935b322f6d68,Healthy-Leaf(1399),Healthy-Leaf (985).JPG,4,0.1999997997021376,0.20000009049654177,0.19999990864911146,0.20000005429633427,0.2000001468558749
2478,1a4cb0c010fdc6619557673d0525c4bb9594aaff430e4e4d48348fab65b5a7a0,Healthy-Leaf(1399),Healthy-Leaf (986).JPG,4,0.19999977671965502,0.200000100921242,0.1999998981938819,0.20000006050141172,0.2000001636638094
2479,0bfd38c6a91c26a1276b50dbd6b8b1546eeaf5903472006bf98aaa7c996b820f,Healthy-Leaf(1399),Healthy-Leaf (987).JPG,4,0.1999998000294519,0.20000009034382704,0.19999990879528176,0.20000005421052017,0.20000014662091917
2480,18faff93987bc0f0d279d280dd114aabdfe5b43320dda53c946c5bc8316d95e8,Healthy-Leaf(1399),Healthy-Leaf (988).JPG,4,0.1999997860032489,0.20000009672881922,0.1999999024291564,0.20000005798360648,0.20000015685516892
2481,9c5ea6a2ff63aeacfe0f26c7c3626787ab107813b606ff617919aa917247b08e,Healthy-Leaf(1399),Healthy-Leaf (989).JPG,4,0.1999997533370489,0.20000011141724755,0.19999988748549669,0.20000006688165675,0.2000001808785501
2482,28fd43c967f8a8e71e7ce9b5102bbe9e29597cbd221b88cf62deb9de4506fde0,Healthy-Leaf(1399),Healthy-Leaf (99).jpg,0,0.20000007652037954,0.1999999653405629,0.20000003484318646,0.19999997931013794,0.19999994398573326
2483,54e2d120838093a2859bd0cc41957d86b866dadbe12e8ea33612ee9b170c46a5,Healthy-Leaf(1399),Healthy-Leaf (990).JPG,4,0.19999976510175133,0.20000010616135003,0.19999989288945028,0.20000006365624032,0.20000017219120805
2484,8264f0d3ed4b2da6758a9a7ad5b9e83fad298870dcb66cf1a2e2ceb0710acf53,Healthy-Leaf(1399),Healthy-Leaf (991).JPG,4,0.19999975059860575,0.20000011271130813,0.1999998862731324,0.20000006758934036,0.20000018282761337
2485,6ed9a8b73b5a6a1e65587719023db55f168143a1093aae77f8f43fca8155cd90,Healthy-Leaf(1399),Healthy-Leaf (992).JPG,4,0.1999997814722553,0.20000009872348284,0.19999990032881768,0.20000005924388395,0.20000016023156014
2486,cfcb8092ff209ac526bf41222e181d9ebde4a5511cdfdf784702061cf0a9508e,Healthy-Leaf(1399),Healthy-Leaf (993).JPG,4,0.19999977195453594,0.20000010306780458,0.19999989601647908,0.20000006179701207,0.2000001671641684
2487,fdeeb5b37e1b08811ebf5822def11a9fdf77488ec2724cbf8fbb7b4fa9d54dbb,Healthy-Leaf(1399),Healthy-Leaf (994).JPG,4,0.1999997669541726,0.20000010533973406,0.19999989374411833,0.20000006314467195,0.200000170817303
2488,d2f5d335209b8f005d285beee3135c9587b8c3184c67a1a4372a3615daa5cf40,Healthy-Leaf(1399),Healthy-Leaf (995).JPG,4,0.19999976309619713,0.20000010706229807,0.19999989197138224,0.20000006420303806,0.20000017366708436
2489,9cc0cb12c9cc87ee30ee6e5a142d616a21348923608c278d9aed76f4ee3e17dd,Healthy-Leaf(1399),Healthy-Leaf (996).JPG,4,0.19999978020442255,0.20000009926540382,0.1999998997306731,0.20000005960633302,0.20000016119316735
2490,14048a3a57e9339f90e7478fec931d5f132f1cc2b5b32f2aebaf7350e8373015,Healthy-Leaf(1399),Healthy-Leaf (997).JPG,4,0.19999977794734775,0.20000010026679824,0.19999989868941828,0.20000006022943817,0.20000016286699743
2491,eb85a1252b778646424c1688e77025bfcdac499528b4292cc958c37c57dc6731,Healthy-Leaf(1399),Healthy-Leaf (998).JPG,4,0.19999980210532178,0.20000008937019953,0.199999909719012,0.20000005366961957,0.20000014513584705
2492,91c1b5f89b1e47cc5b1f7db61456a30c707451f2972b932aa4d05434b4f1aefe,Healthy-Leaf(1399),Healthy-Leaf (999).JPG,4,0.19999975543514398,0.20000011050745564,0.19999988846693093,0.20000006628963193,0.20000017930083752
2493,1fa4612d1ed63a10bba3a7e0788e12c1536bf9d0555116ce9fc3247a5e97c17c,Pest-Damage(513),Pest-Damage (1).jpg,0,0.2000001165183427,0.19999994743350955,0.20000005319104497,0.1999999683669591,0.19999991449014365
2494,2c2ffea3c4c633b589057958bc8ade9e091c8b9098137aa8dd0cc0404e2c2283,Pest-Damage(513),Pest-Damage (10).jpg,0,0.20000029992649956,0.19999986466614184,0.20000013690218946,0.19999991858924251,0.19999977991592657
2495,4b0c7252b848d06f427ae9f74f6dbef1e0850e4aeac5bc5da529bc3009b9ef35,Pest-Damage(513),Pest-Damage (100).jpg,4,0.19999997013792695,0.20000001344485166,0.19999998635026456,0.20000000812356616,0.20000002194339075
2496,b379fc08a627800111b81f5bc2b9ef0a12386b84bb465a38ca8b34d434b48365,Pest-Damage(513),Pest-Damage (101).jpg,4,0.1999999881557031,0.20000000530103945,0.19999999456571238,0.20000000324130562,0.2000000087362395
2497,3de77227c29477a8fd59fcb0e01c34d45cea58d9b963ea13199919b90c2ab199,Pest-Damage(513),Pest-Damage (102).jpg,4,0.19999997701035932,0.2000000103542158,0.19999998949394757,0.20000000625187567,0.2000000168896017
2498,973f4a172d5942ce6ba0d3e2c1247760d0b4568e40ed6e69ea8efb24bdd50cc5,Pest-Damage(513),Pest-Damage (103).jpg,0,0.2000000269030267,0.19999998785775847,0.2000000122780574,0.19999999269919724,0.19999998026196017
2499,4242dacc64b380758393f1b8d5422d8d93b919171cf494e1840ee56bd2679514,Pest-Damage(513),Pest-Damage (104).jpg,4,0.19999994403457402,0.20000002514117168,0.19999997438257222,0.20000001525940486,0.20000004118227732
2500,246ec55e3d371aede5f70a5c6cbde6ebeb700859d2ee7248d5d988f8431ff55e,Pest-Damage(513),Pest-Damage (105).jpg,0,0.2000001450232242,0.19999993459899518,0.2000000662199879,0.19999996061288075,0.19999989354491188
2501,67f41f2c49b13a1d0a597f0bb1952275b3920fba842b0763249f87f2746808e9,Pest-Damage(513),Pest-Damage (106).jpg,4,0.19999997406260972,0.20000001164986278,0.19999998812626274,0.20000000707310397,0.20000001908816065
2502,2f0aec0482b2cc8c70745b7e9486573fe37906f1b05b1d28bb2ee5b2ebf1ab80,Pest-Damage(513),Pest-Damage (107).jpg,0,0.2000001198357231,0.19999994582452119,0.20000005463307072,0.19999996753497942,0.19999991217170554
2503,087c7c22e59169a512f6d8e8e0e7a3a5ceddfcb2704acc15f18c4f6b3cac22e3,Pest-Damage(513),Pest-Damage (108).jpg,0,0.20000005373988944,0.19999997568467826,0.20000002448684648,0.19999998545379483,0.19999996063479097
2504,023619aa04e8cc75895992c7ee40674c5ef80e1c158ae6bfbd789d50e1e96e0f,Pest-Damage(513),Pest-Damage (109).jpg,0,0.20000005897063425,0.1999999733044818,0.20000002686148885,0.1999999840459441,0.19999995681745095
2505,d1f75f976ecdeccef46686e5ec59396fb5c4a44b2125c6264990b0016396d07b,Pest-Damage(513),Pest-Damage (11).jpg,0,0.20000027441014737,0.19999987618051177,0.20000012525557173,0.19999992551478868,0.1999997986389803
2506,1f2525fd63985cbd1aff85633805b6f306d4963b62c3ea64d0cb11e3d0d67074,Pest-Damage(513),Pest-Damage (110).jpg,0,0.20000003345648798,0.19999998485403003,0.20000001523948263,0.1999999909490904,0.19999997550090895
2507,02090df45c8ad7420cbcacd8a288497683fe3ef3e6249a5eb025a4e7d99187d1,Pest-Damage(513),Pest-Damage (111).jpg,0,0.20000003656753926,0.19999998347456807,0.20000001667512513,0.19999999008972277,0.19999997319304472
2508,a90bca853cf119dcb0ea0d898ce8d3111ae21e4f2f4229c81de98c4f36eac66c,Pest-Damage(513),Pest-Damage (112).jpg,0,0.2000000868681523,0.19999996074345402,0.20000003961280793,0.19999997645722759,0.1999999363183581
2509,7bc0902dfcb59a6849937a81ab6af21ebce5b3050671b0e42ea84c166a315e18,Pest-Damage(513),Pest-Damage (113).jpg,0,0.2000001120609308,0.19999994935617812,0.200000051099383,0.19999996963101732,0.19999991785249083
2510,f73e68a1fb9d99d991c960779b1975e6762f5082ea078fbf2cd7ba58827d962c,Pest-Damage(513),Pest-Damage (114).jpg,4,0.1999999505571726,0.20000002231532885,0.19999997743531941,0.20000001341715534,0.2000000362750237
2511,8e056edafba3a24be7120eee7aa81e3cee97cdefeb9b917fdba413484fc4c54c,Pest-Damage(513),Pest-Damage (115).jpg,0,0.20000010742833813,0.1999999514375454,0.20000004897909365,0.19999997089389965,0.19999992126112318
2512,469d425a0493fc5d5a279a69a26f3132a6bbd6db24928fee472d3eda48364d88,Pest-Damage(513),Pest-Damage (116).jpg,4,0.1999999584504577,0.2000000186792205,0.1999999809902546,0.20000001131999162,0.2000000305600756
2513,32267b7a6171c8ed32d3107863ce45da72c1426d37d031318e2b7e3ab5eec84d,Pest-Damage(513),Pest-Damage (117).jpg,0,0.20000010071886593,0.19999995449241476,0.20000004593430637,0.19999997269847608,0.1999999261559369
2514,de6968dad2bc2a81eb459f6ba3721be4fad29153d91fe8067be8a0cf1d3723cb,Pest-Damage(513),Pest-Damage (118).jpg,0,0.20000008250150275,0.19999996269191417,0.20000003760556312,0.19999997765577138,0.1999999395452486
2515,9cc3a70178c8a01c0d6b31986e428409256793b0d603418577b46622d5e24cdd,Pest-Damage(513),Pest-Damage (119).jpg,0,0.20000012579654736,0.19999994308767316,0.20000005732347742,0.19999996594577188,0.19999990784653013
2516,ba4a17df8d4886865995c9a6bb3ac9b172b788da702681e7684e9170db063132,Pest-Damage(513),Pest-Damage (12).jpg,0,0.20000028919718882,0.19999986945002274,0.20000013196752245,0.19999992153638085,0.19999978784888506
2517,4a18a2fc07b1a8140d1edd9a4cbfef815189adee61e97e27efcef608b3c55299,Pest-Damage(513),Pest-Damage (120).jpg,0,0.20000011695934608,0.19999994705370638,0.2000000532758459,0.199999968357575,0.1999999143535266
2518,37831692a76c35440ec99be59c8090d278667c83ce4c250f396f76635ffa845f,Pest-Damage(513),Pest-Damage (121).jpg,0,0.2000000045842452,0.19999999789942097,0.20000000207192067,0.19999999877524738,0.19999999666916582
2519,4b4c5b7288af8b25f1019c178dab7986220ff72d3ecabf1444d046c8a6f839b8,Pest-Damage(513),Pest-Damage (122).jpg,4,0.1999999303715424,0.2000000313513679,0.19999996817505797,0.20000001894031033,0.20000005116172148
2520,1826a059bac9e56d08f55ebd50d4d2d2c813c26364c6b8bccefc1f3fbaa22982,Pest-Damage(513),Pest-Damage (123).jpg,0,0.2000001469600196,0.19999993361610496,0.20000006703383602,0.1999999601536901,0.19999989223634929
2521,28c8ff3362efc93040a6614e05dc4ccb2fdcf3a58851f490c561b3830f490943,Pest-Damage(513),Pest-Damage (124).jpg,0,0.20000006444400875,0.19999997089147195,0.2000000293964293,0.19999998252585907,0.19999995274223104
2522,d39685cfa5c7f079d9e03734b748be66b47b74daf2989c0d982e28a7dcae2596,Pest-Damage(513),Pest-Damage (125).jpg,4,0.19999993295162535,0.2000000301634209,0.19999996933743025,0.20000001825453328,0.2000000492929901
2523,32dfdb111d20e93f307ed609d1012077880f8ac8cc1949890ec331ee818f7d8d,Pest-Damage(513),Pest-Damage (126).jpg,0,0.20000013723273852,0.19999993794607296,0.20000006255561026,0.19999996283018495,0.19999989943539326
2524,fa322f123a2c9f669089d5ec64e04c8804a4ec6c9a788e6214d858cc83f0a8eb,Pest-Damage(513),Pest-Damage (127).jpg,0,0.20000001665805606,0.19999999245067748,0.20000000758256717,0.19999999549854058,0.19999998781015857
2525,39e214c4558494bed4f50c3fc6dd446cbc8afc0c40fd82c42ad3e7b3c342de06,Pest-Damage(513),Pest-Damage (128).jpg,0,0.20000002282438814,0.1999999896160723,0.20000001036346096,0.1999999938564905,0.19999998333958818
2526,4469e775b69cd54439f706dfd5e0e1272a8c1f57c1d4d5184431deeee5373e96,Pest-Damage(513),Pest-Damage (129).jpg,0,0.20000008571367925,0.19999996119890465,0.20000003904363026,0.19999997681045337,0.1999999372333326
2527,848cb3f8993d4d2e3592b287b0b7d2cd6e9f59348d6955ba968d304fa1fcc375,Pest-Damage(513),Pest-Damage (13).jpg,0,0.200000254321398,0.19999988522298978,0.20000011607182583,0.19999993098091126,0.19999981340287512
2528,178de2cde5a36070300074fb051ad501ff258889de258c2011113dadf012e1a5,Pest-Damage(513),Pest-Damage (130).jpg,4,0.1999999360007739,0.20000002887235935,0.19999997078379764,0.20000001737503012,0.20000004696803908
2529,a97295a8322deb61ac9839c404ca79618094388add9257bca2a6987b6527d86b,Pest-Damage(513),Pest-Damage (131).jpg,0,0.20000008991970683,0.19999995938595075,0.20000004101823496,0.19999997561708338,0.19999993405902405
2530,6df9256c954570acbcde09e7cf325981fb75cfc2f555a451e00da7cc572bb626,Pest-Damage(513),Pest-Damage (132).jpg,0,0.2000000629544887,0.19999997150759907,0.20000002868043906,0.19999998296420457,0.1999999538932686
2531,a992ac69716f2126337960cff8cb135b0f76847388d423dacf786dc12478efb1,Pest-Damage(513),Pest-Damage (133).jpg,0,0.20000013918578272,0.19999993711456363,0.20000006347916685,0.19999996226972466,0.1999998979507622
2532,1436102da5a4ce1badcab2cfd34cea91e26fbe17e9e6eca885221d85a4961a4a,Pest-Damage(513),Pest-Damage (134).jpg,4,0.19999997119934104,0.20000001294489134,0.19999998682131567,0.20000000784842104,0.20000002118603086
2533,448c0cec0069c1edc71b3b97055b99ab4c71907c92b024d065b3f85405606f33,Pest-Damage(513),Pest-Damage (135).jpg,4,0.1999999418154627,0.20000002633625416,0.19999997349455903,0.2000000157433356,0.20000004261038845
2534,8fc97e714c3ef9803e8513c9ef4b9e1e60b01d43eb7ec9bf9fdead7a3972998f,Pest-Damage(513),Pest-Damage (136).jpg,4,0.19999995274224208,0.20000002126843872,0.19999997839354755,0.2000000128613827,0.2000000347343889
2535,004f52ea1ad42601a0eaf436335f3369e7759162074c3ad318f41edf6060f3cf,Pest-Damage(513),Pest-Damage (137).jpg,4,0.19999989297300322,0.2000000483416487,0.19999995117863717,0.2000000290213101,0.20000007848540088
2536,e091210c105f06c72bcd0d1e69f9d0edc6478a2c536e11b39b41cbfa5db34229,Pest-Damage(513),Pest-Damage (138).jpg,4,0.19999997925745003,0.20000000939451182,0.19999999055463355,0.20000000560887105,0.2000000151845334
2537,0dc42cfe7403cf3bc94185bba6eaa5e93db86ddecf579a3b27b5b6c869c48a42,Pest-Damage(513),Pest-Damage (139).jpg,0,0.20000005151445266,0.1999999767294284,0.20000002349715024,0.19999998603305574,0.19999996222591296
2538,f1836c177b157fcc84c8ca5c3f83294b043462ad7a2da7dc19eface23c2c3931,Pest-Damage(513),Pest-Damage (14).jpg,0,0.2000002102138729,0.19999990510653431,0.20000009592675155,0.1999999429646624,0.1999998457881788
2539,b9ce8d7d37dbf246f9e551e638bd82db405c333b4e9e4224d7829f49ee7e8bc0,Pest-Damage(513),Pest-Damage (140).jpg,4,0.1999999128228988,0.20000003934862953,0.19999996021572194,0.20000002365547828,0.20000006395727143
2540,eddd75e61828473223bae5d9dfa90ba7e40671e854d4b295236c2bc6f30726ba,Pest-Damage(513),Pest-Damage (141).jpg,4,0.19999994870936977,0.2000000231301273,0.19999997657981897,0.20000001393045075,0.20000003765023328
2541,6a983718d9adc8f403f466d50cb8014002789b4025fd459a2703ed54428caced,Pest-Damage(513),Pest-Damage (142).jpg,4,0.19999993979536,0.20000002709709785,0.19999997247531218,0.20000001638363055,0.20000004424859952
2542,6787cc5a28541f204656a4e37d79c23fc822b0e3c8e8bee3d191e0eec5e7a966,Pest-Damage(513),Pest-Damage (143).jpg,0,0.20000000067869372,0.19999999965375653,0.20000000028425555,0.19999999984053057,0.1999999995427637
2543,169e1ed1aa5443b8793e38f2069f1c432fabdb5af203545210c770f6f81c05d4,Pest-Damage(513),Pest-Damage (144).jpg,4,0.19999992291153318,0.200000034799979,0.1999999648231381,0.2000000209150063,0.20000005655034353
2544,73bb398ab78b01025c1ea27277ee7cef92e8b12cc0ba1553ad8ff1eba258c91d,Pest-Damage(513),Pest-Damage (145).jpg,4,0.19999987768667687,0.20000005523636827,0.19999994419931796,0.20000003317237056,0.2000000897052664
2545,d5455f7e8cbe2a4fb6bc763fc95caf614169fc2352da13b4c8176fb021320938,Pest-Damage(513),Pest-Damage (146).jpg,4,0.19999988800493124,0.20000005053219694,0.19999994887809427,0.20000003040138203,0.20000008218339568
2546,759ba4bdb98abf9a9cda82424f82a2f4ade825ee8a6dae39712932733d1d130b,Pest-Damage(513),Pest-Damage (147).jpg,4,0.19999984617677338,0.20000006938036508,0.19999992976886083,0.20000004177049027,0.20000011290351039
2547,e7a7204cdc54d3e7d44f6d86388f74d796ee9906df299a3cc7762a60345f9e77,Pest-Damage(513),Pest-Damage (148).jpg,4,0.19999988214829048,0.20000005322978293,0.19999994624013767,0.20000003195743407,0.2000000864243549
2548,774a6f10be84c298313d73f4de64049f804e9d8d50a7228b6e5046e25893b953,Pest-Damage(513),Pest-Damage (149).jpg,4,0.19999995414307448,0.20000002068877198,0.19999997906682138,0.2000000124492338,0.20000003365209826
2549,a751c6225acb69bae5c1645e68acc2be7b31eee629ad7b9ae7d39dfc343b9308,Pest-Damage(513),Pest-Damage (15).jpg,0,0.20000002502970884,0.19999998866499363,0.2000000113984332,0.1999999932309579,0.19999998167590627
2550,023776a5fea013f4a41f333d64d6f4b77d362d80f43320997c4930a2efe88fc2,Pest-Damage(513),Pest-Damage (150).jpg,4,0.19999987359972185,0.20000005708606125,0.19999994233746032,0.20000003427850357,0.20000009269825297
2551,a456b38460f422836d22ed5341e1917bc53caccb250ba3ce92643224caf41096,Pest-Damage(513),Pest-Damage (151).jpg,4,0.19999991594847175,0.20000003794548776,0.19999996164727182,0.20000002280299067,0.2000000616557779
2552,82ee576e7fb90c0703fba27e8571d30f815e0ddd1212fcb3657352e992b60633,Pest-Damage(513),Pest-Damage (152).jpg,4,0.19999986520069274,0.2000000608346819,0.19999993847707678,0.2000000365832672,0.20000009890428141
2553,7a9e0ba572e6ff5f53d709186b88e9783d6b891f1bc315f46a87987ee145b7bd,Pest-Damage(513),Pest-Damage (153).jpg,4,0.19999985559849723,0.2000000651515635,0.1999999340838833,0.20000003919937714,0.20000010596667878
2554,b8d132f6e4d86e87db9e00e3e6a98ece919afeb6322d3bf5261f365fcdaef5af,Pest-Damage(513),Pest-Damage (154).jpg,4,0.19999993606100777,0.2000000289025602,0.1999999708483776,0.2000000173238373,0.2000000468642172
2555,e2cf868693255d0720ca4f9c1898d99fc9db0381915fcacbddaf0ca7cde0c04f,Pest-Damage(513),Pest-Damage (155).jpg,4,0.1999999408185521,0.20000002673517636,0.19999997300672456,0.20000001604512543,0.20000004339442154
2556,78ba0e08e359dab9ddda8421dcd55435b18177aadc6e2bf9c40f0bcbdc6a93eb,Pest-Damage(513),Pest-Damage (156).jpg,4,0.19999997784635906,0.2000000099666009,0.19999998986897913,0.20000000603156637,0.20000001628649447
2557,3ce6e4d36c3194e9e7ded9837d96a4e00b967fb532680969ffb91db023f843b5,Pest-Damage(513),Pest-Damage (157).jpg,4,0.19999986255235766,0.20000006205939155,0.1999999372874453,0.2000000372842143,0.20000010081659117
2558,eab6ba02962732635869d8a724815b7b37e6a6b4261ace720d9026d6e03f8b2e,Pest-Damage(513),Pest-Damage (158).jpg,4,0.19999990586730734,0.20000004251952347,0.19999995706191664,0.20000002552414156,0.20000006902711098
2559,df7b8076acd503466ed7825c529a04cad7ebd812ca17e3e10dda77883e6336f7,Pest-Damage(513),Pest-Damage (159).jpg,4,0.19999994119268844,0.2000000265309123,0.19999997315467258,0.20000001596524955,0.20000004315647713
2560,09f790d038de08cd204dd13399f6fb534a855c6b5668835bc948add2e7ad826f,Pest-Damage(513),Pest-Damage (16).jpg,0,0.20000004517039086,0.19999997959586457,0.20000002060386826,0.19999998775249597,0.19999996687738034
2561,f8f40037aaeb74b57dd3dc14bc40be9de35b681bd6c7a0c130077e377690abd5,Pest-Damage(513),Pest-Damage (160).jpg,4,0.1999998668599244,0.20000006006778057,0.19999993922269552,0.20000003614411072,0.2000000977054889
2562,b660e584a11c5230a4459e0192279df41aa427bb55683b35d700486712613eff,Pest-Damage(513),Pest-Damage (161).jpg,4,0.19999984239246807,0.20000007113255994,0.1999999280702139,0.2000000427704876,0.20000011563427045
2563,61f7ea02291aef0a2a955bce075f45916cfad8828e95e376695fa5992f55d083,Pest-Damage(513),Pest-Damage (162).jpg,4,0.1999999580846009,0.20000001889631472,0.19999998085684506,0.2000000113878374,0.20000003077440193
2564,e685937b3881d3bc84a2911b004fbd6076113cfe0fd7611022f4cb16b0f74e79,Pest-Damage(513),Pest-Damage (163).jpg,4,0.19999993635698082,0.20000002872563982,0.1999999709556408,0.20000001727026687,0.20000004669147162
2565,8e707b39cc0202f180a2376db6bda1cdebc4a64abcfd063cf3588e2dd29a8d25,Pest-Damage(513),Pest-Damage (164).jpg,4,0.1999998304236029,0.20000007659560823,0.1999999226472138,0.20000004598110535,0.2000001243524698
2566,25ca3bcf73fe5997144488d2e0e857de8be336b22708238d3e28f185260b6634,Pest-Damage(513),Pest-Damage (165).jpg,4,0.19999989873297383,0.20000004571496868,0.19999995379005034,0.20000002747493,0.20000007428707717
2567,ec803f8f5c160ce5deb533725d2c585266906f57cd221e7967befb3c19262b27,Pest-Damage(513),Pest-Damage (166).jpg,4,0.1999998737200789,0.2000000569813215,0.19999994235981366,0.20000003427648996,0.200000092662296
2568,8efffac7dd623e18f4e56463057004b191d64be760f9f206db20edb4cb4b7ffa,Pest-Damage(513),Pest-Damage (167).jpg,4,0.1999999688125153,0.20000001400594467,0.1999999857215983,0.20000000850611155,0.20000002295383013
2569,b0033f8988f2dd15bb8acf420a966e29a0f170584d9e82392ce532dfae2c1c71,Pest-Damage(513),Pest-Damage (168).jpg,4,0.19999989481976263,0.20000004750335573,0.19999995201835088,0.20000002852317247,0.20000007713535842
2570,c6ff4d05301336591060970cc30cdaad1dc417e390e49a11a3905cf21b61e725,Pest-Damage(513),Pest-Damage (169).jpg,4,0.19999991060751587,0.20000004040669034,0.19999995924231165,0.20000002422146423,0.20000006552201782
2571,5d07a70b69e3b13d9438e218a92e6095edd4c085f9a8e0ec1042bf8b1644ec22,Pest-Damage(513),Pest-Damage (17).jpg,4,0.19999993680168276,0.20000002855866994,0.19999997118018392,0.200000017128525,0.20000004633093832
2572,58506751ebc9529f1c5cb122100f65986d801341303ac9ab0307639e7bd6be78,Pest-Damage(513),Pest-Damage (170).jpg,4,0.199999888407207,0.2000000503560197,0.1999999490649859,0.20000003028871258,0.2000000818830748
2573,93e8a6b217a0e8a2a9714397d43a13d0027f7adda295c8a87276291f97635947,Pest-Damage(513),Pest-Damage (171).jpg,4,0.19999980596524075,0.20000008760995908,0.1999999114690686,0.20000005263341608,0.2000001423223155
2574,9c644ded6443fef1c47e643b78668e73897c4e8e09ba0c4e3fa9262ad99b9358,Pest-Damage(513),Pest-Damage (172).jpg,4,0.19999988932572682,0.2000000499338432,0.19999994947930344,0.2000000300441458,0.2000000812169808
2575,2147e00f1d305c1c4fd01fc1e3c9c4709de5f349fbdc690253cc6207fc8a555f,Pest-Damage(513),Pest-Damage (173).jpg,4,0.19999983219314155,0.2000000758122707,0.19999992346471873,0.2000000454917277,0.2000001230381412
2576,a58c529ffb4485fe205197701306a6a631e5e6fe885a7e3ca682231473972174,Pest-Damage(513),Pest-Damage (174).jpg,4,0.19999997764901292,0.20000001008469365,0.19999998979750214,0.20000000606726637,0.2000000164015249
2577,d54d8618786e972b07bbdf7b6cc35715a1aa047db528a52c9f6c478aa6a46a0a,Pest-Damage(513),Pest-Damage (175).jpg,0,0.20000000621293793,0.19999999724943815,0.20000000287015243,0.1999999982813094,0.1999999953861622
2578,22260f9e619e30defe88ae890042cd83e18cee859dbbe32b578159d80eaeee57,Pest-Damage(513),Pest-Damage (176).jpg,0,0.20000004054439197,0.19999998168721486,0.20000001849491436,0.19999998900585006,0.1999999702676289
2579,e9c5db8772b81f7d01ea2305058d389ffbfc0228f86872b7cc94622143b157a4,Pest-Damage(513),Pest-Damage (177).jpg,4,0.19999998357267415,0.20000000740069174,0.1999999924942386,0.20000000446604718,0.20000001206634832
2580,8ac8a2c9af7d3a4fdee450a6d548a0668f2ad4af22d7cfa8f0e143dde504729b,Pest-Damage(513),Pest-Damage (178).jpg,0,0.20000001290955038,0.199999994188399,0.20000000590142145,0.19999999648768463,0.19999999051294448
2581,b1652b1bfbc944a32f93d54d14dadc8f770cc2a990b6301aa42c94166a9f365c,Pest-Damage(513),Pest-Damage (179).jpg,0,0.20000004613849504,0.19999997916521714,0.20000002104984133,0.19999998748616057,0.19999996616028592
2582,0a0a19724a8886debf8a2adc9f9f5431c6e9d7395ccdb6daa3965ea0dfbe8998,Pest-Damage(513),Pest-Damage (18).jpg,0,0.20000012657658248,0.1999999428624106,0.20000005776133287,0.19999996565683906,0.199999907142835
2583,ff935a3a0294b25bb046b3f53933511aaae9f467975711630c3353387bd8959f,Pest-Damage(513),Pest-Damage (180).jpg,0,0.2000000666929822,0.19999996986349583,0.20000003041449285,0.1999999819234496,0.19999995110557944
2584,cf6cbb1a07e640291a6937c970091cdb1396932fa4dd593286469ff9fb507159,Pest-Damage(513),Pest-Damage (181).jpg,0,0.20000002145662157,0.19999999028907714,0.20000000977519897,0.19999999419374415,0.19999998428535803
2585,2e3cb2acaad0aa725127801ee7a42c823c7d7ac58a02e57e2f7a81e08cebd723,Pest-Damage(513),Pest-Damage (182).jpg,0,0.20000004745039945,0.19999997855639023,0.20000002163769753,0.19999998714031028,0.19999996521520247
2586,563f1380ec2e7cf8504bce391accf3b56bd8b09ccb2212e40f8b719eb28be9a9,Pest-Damage(513),Pest-Damage (183).jpg,0,0.20000002481949306,0.19999998873440583,0.20000001128613754,0.1999999933036288,0.19999998185633477
2587,ef35138214147d7577902ba3586fff033ad0b6952f31a88c4db8196b04e07af0,Pest-Damage(513),Pest-Damage (184).jpg,0,0.2000000913581577,0.1999999587385331,0.2000000416758229,0.19999997522552565,0.19999993300196076
2588,13f45c7d775e0cc544df0fc4506894e973382d7a3502ed3d7e9ec7dacb37013f,Pest-Damage(513),Pest-Damage (185).jpg,0,0.20000004520652295,0.19999997955898613,0.20000002060709682,0.1999999877553555,0.19999996687203853
2589,765923b9abeb3574da738754a9dc8fd1bd33bb13e4ba22177402387209d6a5d5,Pest-Damage(513),Pest-Damage (186).jpg,0,0.20000001931510306,0.1999999912503288,0.2000000087944018,0.19999999477802172,0.1999999858621445
2590,2fe7755b462ffeb6406afadca882329f491a2673cf16aad1d34a3612aeae068f,Pest-Damage(513),Pest-Damage (187).jpg,0,0.20000010821362948,0.1999999511089428,0.20000004935411062,0.19999997066504513,0.1999999206582719
2591,b3a3d1f0f21a17627ce44e232ecf359dbedee7edfb6b41611a7b07ea1b0cf1a3,Pest-Damage(513),Pest-Damage (188).jpg,0,0.200000070185357,0.1999999682996311,0.2000000320163342,0.19999998096810712,0.19999994853057051
2592,bb84c7a66f254bb8f254753b0a6ddfac92c133427f4d19f157c55b28ae53196c,Pest-Damage(513),Pest-Damage (189).jpg,4,0.1999999994944514,0.2000000001709484,0.19999999973247967,0.20000000017211086,0.20000000043000962
2593,ebfdeba2f62fb6ef4462c649160ae64a602bd761d70336c0790a8a7b9bc8ce45,Pest-Damage(513),Pest-Damage (19).jpg,0,0.20000014963937568,0.19999993242506328,0.2000000682684391,0.19999995941558113,0.19999989025154072
2594,f206f68ea8e77ef6d5cf3a4032ccc3dec2dd5e8a2698572d1f358021c3bbf282,Pest-Damage(513),Pest-Damage (190).jpg,0,0.20000006889991304,0.1999999688817555,0.2000000314309705,0.1999999813158306,0.1999999494715304
2595,f2af0ac48653e4a43c2ff8bcdca7a450d780adb088c2dea88e529054a08e4218,Pest-Damage(513),Pest-Damage (191).jpg,0,0.20000006767859377,0.1999999694314838,0.20000003087253665,0.19999998164802707,0.19999995036935855
2596,43471b7f45431e96d37239fa5e47e930f3789b140287831774354bf9a95a6633,Pest-Damage(513),Pest-Damage (192).jpg,4,0.19999999090423756,0.20000000408494623,0.19999999583584435,0.20000000248057884,0.200000006694393
2597,7b2d2bec0ca602834df041005320e15c03c4d454799e0511cf9dab42c4242d19,Pest-Damage(513),Pest-Damage (193).jpg,0,0.20000007490530702,0.19999996616040572,0.2000000341646345,0.19999997969280925,0.1999999450768435
2598,3a2ad3e4fbc00193c0dadb7c115ece7e9720dd37577d69e2630a63f157b8d405,Pest-Damage(513),Pest-Damage (194).jpg,0,0.20000009060940266,0.19999995903662607,0.20000004130844015,0.19999997545308473,0.19999993359244644
2599,f473b68e8c6e87557b7813f655c642fae3f3f397cc4582fadb8355adb15822d1,Pest-Damage(513),Pest-Damage (195).jpg,4,0.19999999718802491,0.20000000126407724,0.1999999987134056,0.20000000076616362,0.20000000206832869
2600,b238f393d107b045ef7361ba8f2462ea81cc3f1ac5e164699bf4f46c12911650,Pest-Damage(513),Pest-Damage (196).jpg,0,0.20000004465893773,0.19999997981412293,0.2000000203624385,0.19999998789926576,0.1999999672652351
2601,bc818d4e5e4055a4fc7056878b57ad7267acf3504d19a0cc7fc27d5c03f4c187,Pest-Damage(513),Pest-Damage (197).jpg,0,0.2000000376001024,0.19999998296849308,0.20000001712058232,0.1999999898340198,0.1999999724768025
2602,864b08bfcac6b9c13a973e2837f4171d8b67ef72bc9aa83c3b874a3de774ffe1,Pest-Damage(513),Pest-Damage (198).jpg,0,0.2000001395577922,0.19999993697906562,0.2000000636697712,0.1999999621488976,0.19999989764447343
2603,b7209014b8351e3a1123b7c5e88edca270be6ef0d86ea6a4d56d2f3512ec2dbd,Pest-Damage(513),Pest-Damage (199).jpg,0,0.20000003326792692,0.1999999849219154,0.20000001514221682,0.19999999101061064,0.19999997565733013
2604,f371de17e1fabab58b7d32046526f77342460f8455b751eb91ff446122f8888b,Pest-Damage(513),Pest-Damage (2).jpg,0,0.2000000431077722,0.1999999805506816,0.20000001967789438,0.19999998829768592,0.1999999683659659
2605,4155d93bac5435b7c7aa6509a22c9570795a41567e993d5b89df2d453f91fe7b,Pest-Damage(513),Pest-Damage (20).jpg,0,0.20000011716062663,0.1999999471357367,0.20000005347926858,0.1999999681975415,0.1999999140268265
2606,9de3c2c87673fbe25b3aa43ff8507f7cb27aba1969d2d73cf0787328e74d5eb6,Pest-Damage(513),Pest-Damage (200).jpg,0,0.20000003453046122,0.19999998438687752,0.20000001574080442,0.1999999906467243,0.19999997469513262
2607,783ad00ed27e9b4e5836c73361c936bd83736f1adde8fd6d7d0480773fa88f1c,Pest-Damage(513),Pest-Damage (201).jpg,4,0.19999998614620051,0.2000000062296595,0.19999999366256452,0.20000000377349617,0.20000001018807934
2608,0278bb932df2ea1c489d9df1d909ab074a45777e3c9954e3ff3e7d699695dd39,Pest-Damage(513),Pest-Damage (202).jpg,0,0.2000000326195785,0.19999998524665022,0.20000001486701283,0.1999999911669269,0.19999997609983167
2609,76f8c8fd3a04742cec74f2794c3cc15f86647e2f7a4d1e3d564dee94c94e9d13,Pest-Damage(513),Pest-Damage (203).jpg,0,0.20000004807085534,0.19999997823579393,0.20000002189476568,0.19999998699669316,0.1999999648018919
2610,10a54b9832f0357740027d7e64f7f8c0ba935231aa2e46e13ff45030ab13e808,Pest-Damage(513),Pest-Damage (204).jpg,4,0.1999999631174354,0.20000001662075703,0.19999998315104814,0.2000000100242829,0.20000002708647666
2611,4083091f4cdefc987b4817651c2ec99d750f67476f0f3beb7643ce8009f330ee,Pest-Damage(513),Pest-Damage (205).jpg,0,0.20000008998170474,0.19999995932716935,0.20000004102665764,0.19999997561892718,0.1999999340455412
2612,fab28d4b566a28686f9e2b5cc35641fc67c7984c3096bc82bf36ec90861d420e,Pest-Damage(513),Pest-Damage (206).jpg,0,0.20000011300734402,0.1999999489927908,0.20000005157249706,0.19999996933532532,0.1999999170920427
2613,379f76115c38dec083d4b1e728f1052b5a6bdfe218de82ca75985d533de34924,Pest-Damage(513),Pest-Damage (207).jpg,4,0.1999999994622033,0.20000000019851918,0.1999999997261796,0.20000000017288982,0.20000000044020808
2614,1232b68517402b5c81aa5dec6e839e810b6d98d71fd2c30828326cef92248d17,Pest-Damage(513),Pest-Damage (208).jpg,4,0.19999999113696063,0.2000000039399655,0.19999999591633055,0.2000000024418991,0.2000000065648441
2615,8d3f6ae8fe994caf4dbad54e1cdc616a83e9417655b66466dd326173e8df1b1b,Pest-Damage(513),Pest-Damage (209).jpg,4,0.19999999614736352,0.20000000173325705,0.1999999982381432,0.2000000010488735,0.20000000283236274
2616,20606ef7544c0e09463943f68c64e43d306284fb2e720a648ba3d20ee0124a82,Pest-Damage(513),Pest-Damage (21).jpg,0,0.20000015126101295,0.1999999317307483,0.2000000690327177,0.1999999589524868,0.19999988902303428
2617,f2f8188087f36042393719845f37600ab82c7e6edba0b0674c5f68e21ae09620,Pest-Damage(513),Pest-Damage (210).jpg,0,0.20000016723967357,0.19999992446026693,0.2000000762871047,0.19999995465213502,0.19999987736081973
2618,8862662d28941d87fd17576ffa64c24003711bac957e1b86a789413ead2e5dbf,Pest-Damage(513),Pest-Damage (211).jpg,4,0.1999999685560018,0.2000000141591832,0.1999999856286202,0.20000000855271638,0.20000002310347856
2619,92ce988eecaac870fa98f2a38613ab47d351bc54873102122ede3e596f747fa4,Pest-Damage(513),Pest-Damage (212).jpg,4,0.19999998982298484,0.20000000457493536,0.19999999534366317,0.20000000277280564,0.20000000748561106
2620,e7f6886953474f98b3acedbd942e96a0b3eceee41920f0191bab2741b15916c1,Pest-Damage(513),Pest-Damage (213).jpg,0,0.20000002187078228,0.19999999009640135,0.20000000996049552,0.1999999940846846,0.19999998398763613
2621,88ed307a7ecb62b3b65c574dd65c1be278a327ffe772746d1096ed538411c856,Pest-Damage(513),Pest-Damage (214).jpg,0,0.20000006609566295,0.199999970143685,0.20000003014867201,0.19999998207896263,0.19999995153301725
2622,0914aa94f623c7d47951e373694f875bfd3bc4ded898ae94c4b465e0247dce4f,Pest-Damage(513),Pest-Damage (215).jpg,4,0.19999999900421792,0.20000000043203842,0.19999999953434433,0.20000000028081902,0.20000000074858032
2623,9bb35b1fbe07b1f1a70b9d922d08adb54cb1f6552e2c395c0fe4399716d39ed3,Pest-Damage(513),Pest-Damage (216).jpg,0,0.2000000011157612,0.1999999994646208,0.2000000004887398,0.19999999971653723,0.199999999214341
2624,98cc0419adb92ae9d12d174f5177f4abbab4985b9e885c29c78a2c81f8710aba,Pest-Damage(513),Pest-Damage (217).jpg,4,0.19999991559888236,0.2000000380783228,0.19999996147141116,0.20000002291272606,0.20000006193865769
2625,f565dbecbd4025715d90a6eea289ecc307a5ac69190dbebf5508a6b8c3724413,Pest-Damage(513),Pest-Damage (218).jpg,0,0.20000001453661057,0.19999999340348584,0.20000000661130377,0.19999999607692684,0.19999998937167296
2626,d01735cdd73ce5bfa022cdce0f8c01122f39f4f819a65719dab2900be78c22be,Pest-Damage(513),Pest-Damage (219).jpg,0,0.20000007566533856,0.19999996579658214,0.20000003449806772,0.19999997949905837,0.1999999445409532
2627,774cbcd98968da2f8e63fbe649ae8f7e370da433552bbc69bd2a0322b2cae1ba,Pest-Damage(513),Pest-Damage (22).jpg,0,0.2000001068627747,0.1999999517341785,0.20000004874759775,0.1999999710221586,0.19999992163329036
2628,34dd3eb63aaf0b88d1d19191435f4600627285f911002f2b3c6051247d0f0a2b,Pest-Damage(513),Pest-Damage (220).jpg,4,0.19999990651765992,0.20000004216013156,0.19999995731607087,0.2000000253873996,0.20000006861873795
2629,b00a5da73f0dd8e475073596d0d7ee7a248a0348237b5e9ea6fe641492115bb7,Pest-Damage(513),Pest-Damage (221).jpg,4,0.19999997481858528,0.20000001132245182,0.19999998848017583,0.20000000685947888,0.20000001851930813
2630,22b050c5c35bfbd7b42ca8d5a1ce04ccbe0eac1c814f96d48a0e57f108d88047,Pest-Damage(513),Pest-Damage (222).jpg,0,0.20000002068939843,0.19999999064076437,0.2000000094284636,0.1999999943985737,0.1999999848427999
2631,c447d91021d25365e74770e210144c9f418fcacdcb3f78bb0ac405f51dbd9c82,Pest-Damage(513),Pest-Damage (223).jpg,4,0.19999995998844342,0.20000001799316852,0.19999998169735592,0.20000001089766642,0.2000000294233657
2632,03214ab8cf1ebb5d8cfe2af1588ea84f5461f39969985b728509598ca7e1a2a2,Pest-Damage(513),Pest-Damage (224).jpg,0,0.2000000202746279,0.19999999081121222,0.2000000092284465,0.19999999452142386,0.19999998516428963
2633,6b16332c474e2b0e7a504111a43dc16e86c713923f718edb1bb9ead4d1fe04e9,Pest-Damage(513),Pest-Damage (225).jpg,4,0.19999995844222532,0.2000000187145964,0.1999999810068749,0.2000000113029458,0.2000000305333576
2634,ae08efc7f5479b9113eb2c39e3179ba97b855310187aae66c6b817cde810eaa4,Pest-Damage(513),Pest-Damage (226).jpg,4,0.19999999564443377,0.20000000196232964,0.19999999800995846,0.20000000118408187,0.20000000319919625
2635,c33977e317920b2a75b1e7af5bde7d535d768c0e57f82149a1fabc361488a05a,Pest-Damage(513),Pest-Damage (227).jpg,4,0.1999999865071234,0.20000000606372928,0.19999999382538555,0.20000000367735424,0.20000000992640748
2636,2941081127c54da6b7f829a65f38030996c96283f44ae0ddff031c662676cd0d,Pest-Damage(513),Pest-Damage (228).jpg,0,0.20000004086225462,0.1999999814920513,0.20000001860662012,0.19999998895108995,0.1999999700879839
2637,e5883bc2d89ee53d645aae8e01fcbb8ba07f42a0633376bb07ff0c68802fed8c,Pest-Damage(513),Pest-Damage (229).jpg,0,0.20000004577811115,0.19999997924637322,0.2000000208327966,0.19999998763366925,0.1999999665090497
2638,8409bb56feac2f14c3012761767778b69f20674487d5ea229def927f024c2f9e,Pest-Damage(513),Pest-Damage (23).jpg,0,0.2000001289278355,0.19999994174655725,0.20000005879900234,0.19999996505193868,0.19999990547466623
2639,85054634effc366d0716c0cc6430e56f9023b0ace45b66666a37717c3b790d79,Pest-Damage(513),Pest-Damage (230).jpg,0,0.2000000274763837,0.199999987541828,0.20000001250290864,0.19999999257854723,0.19999997990033241
2640,59466489f44ea7373c3eb5ebc60aae4151ecc7ae10b8ef1378b2d5d5bcc9cd2f,Pest-Damage(513),Pest-Damage (231).jpg,0,0.20000011072983034,0.19999995000480958,0.20000005052272105,0.1999999699628777,0.19999991877976137
2641,28c181a48ead6e759d96a30e2ec198458895861fa88d749cf3447db496c35b2e,Pest-Damage(513),Pest-Damage (232).jpg,0,0.2000000057127185,0.19999999739268914,0.20000000258856684,0.19999999846740596,0.1999999958386197
2642,64d3c9b23fde9895e910ef481f73532bf63c70042a69202c8312412fe85ba1f5,Pest-Damage(513),Pest-Damage (233).jpg,4,0.19999999629741913,0.20000000159774234,0.1999999982630049,0.20000000104945323,0.20000000279238025
2643,0dfb6ec48d500a88385a09e88335522dc1c69c3a887af70c416cb84d91c77d87,Pest-Damage(513),Pest-Damage (234).jpg,0,0.2000000016764996,0.19999999918820852,0.20000000072962695,0.199999999578637,0.1999999988270279
2644,5902773724053cfe90eced571d492babd98df0e3a9f6588ea8ea673d059bca7a,Pest-Damage(513),Pest-Damage (235).jpg,0,0.20000008246295298,0.1999999627230965,0.20000003759680776,0.19999997765775265,0.19999993955939013
2645,b72ee4d0637ad2f5c3009d4c98f16956d3047a46ab6970787e30e1c99b41d1de,Pest-Damage(513),Pest-Damage (236).jpg,0,0.2000000714598936,0.1999999677190601,0.20000003259452298,0.19999998062533647,0.19999994760118697
2646,327c2760561a6ae6ef1db5dae8af182ea29c2225d1fe40905a5dc1e90ab92f90,Pest-Damage(513),Pest-Damage (237).jpg,4,0.19999999781088448,0.2000000009727402,0.19999999899108448,0.2000000006033684,0.20000000162192252
2647,d5d93b19fe65765015c9a0bd8438478d1d93439182136d4476c0a3ac2c20010f,Pest-Damage(513),Pest-Damage (238).jpg,0,0.20000002551616067,0.19999998838220864,0.2000000115797244,0.19999999313746722,0.19999998138443917
2648,55f18e3945647e8240efe04be0cc35cc5e05c8ebe13061a39ee20629296c52bb,Pest-Damage(513),Pest-Damage (239).jpg,4,0.1999999470714376,0.20000002387146462,0.1999999758334676,0.20000001437347414,0.2000000388501562
2649,3147b6a1888455300465cec3a27cb4d0e2bf0f65aebdd7bc09c7d79add06407d,Pest-Damage(513),Pest-Damage (24).jpg,0,0.20000009915090025,0.19999995524103792,0.20000004524504117,0.19999997309890236,0.19999992726411828
2650,a90ea7a74679d87823b45a2b389b316601778d28668f98d73e34aa8697d62869,Pest-Damage(513),Pest-Damage (240).jpg,4,0.19999999888924447,0.20000000042248325,0.19999999944232416,0.20000000034943555,0.2000000008965126
2651,2cbbcfb2b3a102f1f67c55f5dbe08cf6d435fc143c4f6b36afd888371be57b5a,Pest-Damage(513),Pest-Damage (241).jpg,4,0.19999993634671206,0.20000002870134517,0.1999999709321291,0.20000001729017236,0.20000004672964142
2652,550b2de83171a9069b82f0d1adde8c89ffc37e6bbe68a12cef247cc97198bd8a,Pest-Damage(513),Pest-Damage (242).jpg,4,0.19999995355579173,0.20000002097835037,0.19999997881447812,0.20000001259338876,0.20000003405799094
2653,224e2872b41eb4d8efbeeb9ad05ea4d43e2388e5550ed3ff27b03b7c7becf054,Pest-Damage(513),Pest-Damage (243).jpg,0,0.20000001760733882,0.19999999200895802,0.20000000800726206,0.19999999524885015,0.19999998712759087
2654,7129f1d8489c06dee6a0f62709c864b9f9b645619e42b279e08b7bd712dcb7f6,Pest-Damage(513),Pest-Damage (244).jpg,0,0.20000003644155082,0.19999998351876508,0.20000001660938174,0.19999999013145459,0.19999997329884783
2655,71683d5da00accc440aa129d5c05da789c142d295923c2ab5bc577d0d044d2d7,Pest-Damage(513),Pest-Damage (245).jpg,0,0.20000000573846735,0.19999999737114846,0.20000000259391842,0.19999999846637012,0.19999999583009573
2656,d2d07ae0dcec45211d7c3e4268eb71bbf8058879ac018542891662ee6f6f2a19,Pest-Damage(513),Pest-Damage (246).jpg,0,0.20000000120573785,0.19999999937788374,0.20000000050009137,0.19999999972024238,0.19999999919604464
2657,f2af5141f08cb7536df09769ec37601557a8564b3ca155a6c68785312bad66e0,Pest-Damage(513),Pest-Damage (247).jpg,4,0.19999999654496098,0.2000000015130356,0.19999999839336371,0.20000000096583587,0.20000000258280387
2658,34d0831b0433a47730016d35cbbb63620dffab36707de9be8c5eb2162ab2d4ae,Pest-Damage(513),Pest-Damage (248).jpg,0,0.20000003003100258,0.19999998639253716,0.2000000136712584,0.19999999188315068,0.19999997802205113
2659,95aa01a5a88005f3a523d39486abceb2da1f34019fa2b0f0184d5e5b72db90c4,Pest-Damage(513),Pest-Damage (249).jpg,4,0.19999997292130803,0.2000000121868394,0.1999999876194741,0.20000000736945184,0.20000001990292665
2660,34f3ad9d091f79d93b32c201f1ca8e14830f20eb80719725dc6aa802a29e843f,Pest-Damage(513),Pest-Damage (25).jpg,0,0.2000000535982372,0.1999999757916861,0.20000002444996332,0.1999999854657534,0.19999996069436
2661,eb68b6a6c9c356277ffd1e370a6ca0eef174bea1231acb5f10df3f62d1c099c7,Pest-Damage(513),Pest-Damage (250).jpg,0,0.20000003819020742,0.19999998271662014,0.20000001739915202,0.19999998966492585,0.1999999720290945
2662,1964d3a2e113cd2a2bfcdf8bb495da14103c3ff5cb848d51b92009243a4b5249,Pest-Damage(513),Pest-Damage (251).jpg,4,0.19999995210227353,0.20000002163224972,0.19999997814972684,0.20000001298910122,0.20000003512664874
2663,b9ebe6a6811ab1206d9150f9d8caafdbbb7d602dd2d296368ed36cf2a4b28b55,Pest-Damage(513),Pest-Damage (252).jpg,0,0.20000000883850796,0.19999999598197918,0.20000000401523457,0.19999999761908474,0.19999999354519354
2664,6af742a595703592c4cfa1117b2a39465e489f15682ad666bb77f63f1cc4ef3d,Pest-Damage(513),Pest-Damage (253).jpg,4,0.19999999257511072,0.20000000330386628,0.19999999658105908,0.20000000204373594,0.20000000549622798
2665,7c4271355e67467f2027cce315097b67c727dcfbf8501e4c82308cbaf672f84a,Pest-Damage(513),Pest-Damage (254).jpg,4,0.19999990811341586,0.2000000414589408,0.1999999580565986,0.2000000249427514,0.2000000674282934
2666,a473f02f960ee514700e1c6076cdb76a7cca6f53eb79d7beb636748230e82f33,Pest-Damage(513),Pest-Damage (255).jpg,0,0.20000000437125567,0.1999999979982048,0.2000000019764391,0.19999999883156694,0.19999999682253344
2667,46abedd96804a048ef40ad49734bd516e649d96effee435463c91ee27f3eb083,Pest-Damage(513),Pest-Damage (256).jpg,4,0.1999998710526054,0.2000000582230464,0.19999994116678507,0.20000003497709043,0.2000000945804727
2668,399c4e71d1487df5557843c24a9c2a114209731ffacf78dedc2ba1395a4c6817,Pest-Damage(513),Pest-Damage (257).jpg,0,0.20000004293740423,0.1999999806119328,0.2000000195901421,0.19999998835352076,0.199999968507
2669,72785c31f1c2cdfa881defe0cbce2b74f4d09af2ec92b49385768179177e80f3,Pest-Damage(513),Pest-Damage (258).jpg,0,0.20000006599727593,0.1999999701295159,0.20000003006606648,0.1999999821414426,0.19999995166569923
2670,a79774c2f51904b62cdd68d4aea6fbc91f59b5fa956394cd55867e3c21e7bbc8,Pest-Damage(513),Pest-Damage (259).jpg,4,0.1999999446138301,0.20000002497415154,0.19999997470773032,0.20000001504437068,0.20000004065991742
2671,7a95b5696aa4eca64d7502cd337e1b931fbdf0432af2b57b95a157312624accf,Pest-Damage(513),Pest-Damage (26).jpg,0,0.20000003098511443,0.1999999860116391,0.20000001413875435,0.19999999159375134,0.19999997727074087
2672,09372430c4484b8cc46a5bf9fb1beb03cdc031d24d24e3c295e4a80d730f9459,Pest-Damage(513),Pest-Damage (260).jpg,4,0.19999990457272632,0.20000004310384137,0.19999995647096308,0.20000002587502116,0.20000006997744801
2673,c5dfa39af205fa89a2c6c00f07199522bf4e4ceefc3ae9a6cfb5c3d813455efb,Pest-Damage(513),Pest-Damage (261).jpg,0,0.20000000600331222,0.19999999722583697,0.20000000269821455,0.19999999841030353,0.19999999566233279
2674,32b4aaf74829ffa75387f75c3f2fa274df162f8cf7bec1bf65215f0b4393173d,Pest-Damage(513),Pest-Damage (262).jpg,4,0.19999995518023472,0.20000002019760177,0.1999999795251213,0.2000000121816326,0.20000003291540971
2675,e030540f2c816d3fbb209949fecd97bdfd78ebd1f6cc0f2c9158d513b2783c8c,Pest-Damage(513),Pest-Damage (263).jpg,0,0.20000000709257204,0.1999999967823197,0.20000000322627703,0.19999999808541274,0.19999999481341846
2676,58f4cfcd2a19a29426b16d01396a29fb735dd447653ce355c8a6ce2ceab79f6b,Pest-Damage(513),Pest-Damage (264).jpg,4,0.19999996268548734,0.20000001687090524,0.19999998298952462,0.20000001010791438,0.2000000273461685
2677,102d3eefeb8f905f4d37e67eb7f72603ca1e6c63bef493cd353e4c98533b757e,Pest-Damage(513),Pest-Damage (265).jpg,0,0.2000000266785933,0.19999998797631857,0.20000001218681066,0.19999999274962899,0.19999998040864853
2678,0cfbc5ec19eaab2bf0055b6ce09791bd6fe6e49f04b3517cda1820185a650586,Pest-Damage(513),Pest-Damage (266).jpg,4,0.19999993300742377,0.20000003020483884,0.19999996940577094,0.20000001819867166,0.2000000491832948
2679,594404e35f31fbeffd0eda11647a0db50467b71b1c47eb27995114bdf5082124,Pest-Damage(513),Pest-Damage (267).jpg,4,0.19999997000335965,0.20000001349808008,0.19999998628408058,0.20000000816476377,0.20000002204971587
2680,6a564ead81dc9e5fd559ce6d7a7731d094bcaecf9925045d5457c43431f868b3,Pest-Damage(513),Pest-Damage (268).jpg,0,0.2000000301963228,0.1999999863061404,0.20000001373899934,0.19999999184541756,0.1999999779131199
2681,5c14ffd6ce4941ff4c6b5ec0c6e9efe194963a3298008dd5c3ee83367c4dbf0a,Pest-Damage(513),Pest-Damage (269).jpg,4,0.1999999338327522,0.20000002982047915,0.19999996977484902,0.20000001798196465,0.20000004858995504
2682,7b7fd1a4069851204e8cfe8ea82b24216e21b2cd5e4122d27333e6a24305342d,Pest-Damage(513),Pest-Damage (27).jpg,0,0.20000017876549822,0.19999991938082673,0.2000000816263501,0.19999995144979346,0.19999986877753134
2683,dccf006affaceaa65ea4e58cba861779fcdcb4c538d2e6393b814ca9678bc8dd,Pest-Damage(513),Pest-Damage (270).jpg,4,0.19999999289052484,0.20000000316383695,0.19999999672648364,0.20000000195663764,0.20000000526251688
2684,e3db9073657628fe353e806328651677e1cbf196f754d0afcec20a8adf1949f7,Pest-Damage(513),Pest-Damage (271).jpg,0,0.20000003957451565,0.19999998214524137,0.20000001806537945,0.1999999892566371,0.1999999709582264
2685,bbee5f9ad625b6db561f087a43c6f53c47954837aa08b45d8d20fcdba095cdce,Pest-Damage(513),Pest-Damage (272).jpg,4,0.199999999788955,0.2000000000217512,0.19999999985636818,0.20000000010206473,0.2000000002308608
2686,c28a95d2ef4f3592c34cc3a6a88fb9a1683c96be015cf520da3872a602ca6a1e,Pest-Damage(513),Pest-Damage (273).jpg,4,0.19999996869796519,0.20000001407524087,0.19999998568060431,0.2000000085263812,0.20000002301980838
2687,2c8e1c2cadc74411f5563cb9f0086dc3d9ed9a1321fba3c9222bc15d1b3fe499,Pest-Damage(513),Pest-Damage (274).jpg,4,0.19999985072094034,0.20000006743415183,0.1999999319101681,0.20000004047335834,0.20000010946138147
2688,3b69066c74056a9fe3a5c891f8e784698ce45710f8a81fd2d4ec49fb9a6a8008,Pest-Damage(513),Pest-Damage (275).jpg,0,0.20000002272696388,0.19999998973408104,0.2000000103668162,0.19999999383778433,0.19999998333435462
2689,78e3df749a7d4591dca3990997380bf3199799b76da5cace9d3460c7a317e3dc,Pest-Damage(513),Pest-Damage (276).jpg,0,0.20000002360760366,0.19999998932470262,0.20000001076102616,0.1999999936061882,0.19999998270047936
2690,b35e507a1d7bfd8376c3f3684aff2d5fbfc487bb6061d0d371a00e15fca7e729,Pest-Damage(513),Pest-Damage (277).jpg,0,0.200000008567393,0.199999996109207,0.20000000389475542,0.19999999768988058,0.19999999373876393
2691,ba935dbda653a6418b794d7ecd4c6caab13ac20cfb967270429464c0ac0e22d0,Pest-Damage(513),Pest-Damage (278).jpg,4,0.19999983061673463,0.20000007649519258,0.19999992272694278,0.20000004593682633,0.2000001242243037
2692,3f5a91b98814fce1c3eaecbf22b9ec3dc959f979921176e03dcad101a443d91f,Pest-Damage(513),Pest-Damage (279).jpg,4,0.19999988318377496,0.20000005278207297,0.1999999467253708,0.20000003166427044,0.20000008564451072
2693,c07593fcfb06e761269d39b711b51e6c6995b1c72f73d6d1b95b2296719cea6f,Pest-Damage(513),Pest-Damage (28).jpg,4,0.1999999192544878,0.20000003645188294,0.19999996315493304,0.20000002190642024,0.20000005923227596
2694,9d243d77c3f893eb7d2756ff2a0c5631904a6c02c04dd4eec3c24aed65ba6b0d,Pest-Damage(513),Pest-Damage (280).jpg,4,0.1999998402252772,0.200000072186711,0.1999999271301831,0.2000000433121633,0.20000011714566546
2695,d4c96f64f3c429c51abcfedcec29f11c956a6e6e0cc63e0f293ce7d7ec497c0f,Pest-Damage(513),Pest-Damage (281).jpg,4,0.1999998834107196,0.20000005266537393,0.19999994681975822,0.20000003161147592,0.20000008549267237
2696,7ee80d68debd5459c5c6f9b6548b9de00a0fb55c2541633a975955a1cc4f4116,Pest-Damage(513),Pest-Damage (282).jpg,4,0.19999994897905363,0.20000002300643174,0.1999999767015587,0.2000000138583057,0.20000003745465017
2697,93b562879da2e985455c8568f418aed06fd07213272006575e156c9f198c6d9a,Pest-Damage(513),Pest-Damage (283).jpg,4,0.1999998999079551,0.20000004516356887,0.19999995431271464,0.20000002716880766,0.20000007344695384
2698,9485eb804ca4fd8f8d85c7311c4b211ce7eb3946c5e086c7e5a965fc2151ec11,Pest-Damage(513),Pest-Damage (284).jpg,4,0.19999985272511836,0.2000000665255741,0.1999999328222518,0.2000000399318796,0.20000010799517612
2699,a300b680520a9110d58b26eaa3c1ae1990cd4031451aa86f6d9627c925f05033,Pest-Damage(513),Pest-Damage (285).jpg,4,0.19999994412127564,0.20000002518904142,0.19999997447814383,0.20000001518258226,0.20000004102895677
2700,927e185bd175f42dec4e556b89036bd34a48848519f7fd690e14b23d0c5234ab,Pest-Damage(513),Pest-Damage (286).jpg,4,0.19999994945031996,0.20000002283809204,0.1999999769452025,0.20000001370336426,0.20000003706302122
2701,9e3b81f1d5ef0a196954d028fc68c53291c7033749374f8e55b7fc960a14a6ee,Pest-Damage(513),Pest-Damage (287).jpg,4,0.19999987955595827,0.20000005437107102,0.19999994503847734,0.20000003267823846,0.20000008835625496
2702,0cec735ae21e9c2a6574958d664683e16876541b798c19f438e7cf4a251e2280,Pest-Damage(513),Pest-Damage (288).jpg,4,0.19999999950243028,0.2000000002426863,0.19999999978470429,0.200000000123937,0.2000000003462422
2703,36e7bdb55d017f7779d257595b761f4aff1e3be24dd83aa70c8f9710405aa460,Pest-Damage(513),Pest-Damage (289).jpg,4,0.19999988956661535,0.20000004984254266,0.19999994960045833,0.2000000299680068,0.20000008102237685
2704,5996dc64ed731c2b44df33012ccfc4c1895090076e6485fdfdd0dc35fedb1475,Pest-Damage(513),Pest-Damage (29).jpg,0,0.20000004154614284,0.1999999812464024,0.20000001895938546,0.19999998872708688,0.1999999695209823
2705,783a7dd3930b95e8ecb446aa36f2ba312f5ea30f421bc846697580bec88a2e07,Pest-Damage(513),Pest-Damage (290).jpg,4,0.1999999228267178,0.2000000348134449,0.1999999647683564,0.20000002095305106,0.20000005663842996
2706,c0b26f00287c173e6ca3d68ce691c4486ece736bbb7cf0353b692eeb0c5ab859,Pest-Damage(513),Pest-Damage (291).jpg,4,0.1999998765340055,0.20000005573954113,0.19999994366228793,0.20000003349558654,0.20000009056857887
2707,fd72fea390a2d301d015ecaf524543be7782066172c4026cbc39f071a665c466,Pest-Damage(513),Pest-Damage (292).jpg,4,0.19999989710890728,0.2000000464307071,0.19999995303760837,0.2000000279259769,0.20000007549680043
2708,deaf990ac693f98a777ab938e314ceaded3bd4c7b1bdf807bc3749ca59125051,Pest-Damage(513),Pest-Damage (293).jpg,4,0.19999999147455408,0.20000000380949617,0.19999999608450944,0.20000000233689502,0.20000000629454529
2709,5f4c12ee1731ce2719e1366911737af6d6ef330ebba73c66c876b028d65d9512,Pest-Damage(513),Pest-Damage (294).jpg,0,0.2000000152122407,0.1999999931105424,0.20000000692741196,0.19999999588629694,0.19999998886350806
2710,28eee6cd910fcd7dde9a50ee45d62a0e52678159f8cf165397446625ef4467e6,Pest-Damage(513),Pest-Damage (295).jpg,4,0.19999996102596068,0.20000001760443845,0.1999999822222035,0.2000000105676648,0.2000000285797325
2711,1b20722b1647da916ab7ac6b07e3674defd7f9373626a19fe13b578ef94a08ed,Pest-Damage(513),Pest-Damage (296).jpg,4,0.199999952088057,0.20000002161714944,0.19999997812933196,0.20000001300614242,0.20000003515931922
2712,06513b563bea71b2e60a7cdd0e80ea3b55f006b8171463cd689a249b5f12f0c2,Pest-Damage(513),Pest-Damage (297).jpg,0,0.200000061997037,0.19999997200884984,0.2000000282880113,0.19999998318185408,0.1999999545242478
2713,0c7e99e6bc68f2cd7390b1c00cfb72bdf8de2a01f7a96b9c22da273ce75396a9,Pest-Damage(513),Pest-Damage (298).jpg,4,0.19999995490179603,0.20000002042669185,0.19999997946476947,0.2000000121940859,0.20000003301265679
2714,93b588aef8570a14afdfc7c6b4ef2667fdf8f25574813cc9d0fe1b18764a8cdf,Pest-Damage(513),Pest-Damage (299).jpg,4,0.19999998241468306,0.20000000792945072,0.19999999196971177,0.20000000477659155,0.20000001290956276
2715,4f42fe743dc4985ddc33c8c609f320ca52897e3aebbb151eaecc252b18502ae0,Pest-Damage(513),Pest-Damage (3).jpg,0,0.20000021879397065,0.19999990124276268,0.20000009984807876,0.19999994063104407,0.19999983948414385
2716,3a9d02be406fa008c42dfe399731f94e3bb042f76754b8903df9f7b1dc928657,Pest-Damage(513),Pest-Damage (30).jpg,0,0.20000003690959026,0.1999999834040552,0.20000001688539162,0.199999989945661,0.1999999728553019
2717,f729be1ae7c610038d47bbfdb4e0960a79ceea37c36b019296db2f69d19cffef,Pest-Damage(513),Pest-Damage (300).jpg,0,0.20000002337095016,0.1999999894453874,0.2000000106619712,0.19999999366181004,0.19999998285988124
2718,6f0dbdbf42c4e5222e1b1218fdf9a2263e30b99d8ad3b787c6542776b2aae653,Pest-Damage(513),Pest-Damage (301).jpg,0,0.2000000206696127,0.19999999065121613,0.20000000942053725,0.19999999440305397,0.19999998485557993
2719,e50e0b6e25b1dec590a430e127fba7d18039b499781e2b5f953bd879dfa93ec5,Pest-Damage(513),Pest-Damage (302).jpg,4,0.19999993298126098,0.20000003024659624,0.19999996941313045,0.2000000181874275,0.2000000491715848
2720,d72c503caab0e10565b28bb64e22b3265a6e48b9c571bbd509889a1086ff6500,Pest-Damage(513),Pest-Damage (303).jpg,0,0.20000003190868457,0.19999998557219023,0.20000001454560581,0.19999999135701113,0.19999997661650826
2721,d7382064a7011959cf9387fe59e0f37f2b7726ff19b02d0e491577ad0a93a92d,Pest-Damage(513),Pest-Damage (304).jpg,0,0.20000002574140507,0.19999998836062968,0.20000001173417803,0.1999999930276092,0.19999998113617795
2722,ff5bd2791de5b93e97d502e65688cc940261f1ffe34a32a03b4fd8ebdd99b7b6,Pest-Damage(513),Pest-Damage (305).jpg,0,0.20000006408616386,0.19999997104461437,0.20000002922774188,0.1999999826280273,0.1999999530134527
2723,8317b51c43c338816fd2d70007e8bf673255cec6f016c3b1dd61742fa517ebfa,Pest-Damage(513),Pest-Damage (306).jpg,0,0.20000001437657933,0.1999999934846821,0.20000000654409622,0.19999999611493924,0.19999998947970304
2724,bcba90e723d8785cc7523d74b46611b86142596928a7bc28379cd04339d69668,Pest-Damage(513),Pest-Damage (307).jpg,0,0.20000006645988755,0.1999999699663112,0.20000003030658106,0.19999998198808058,0.1999999512791396
2725,99ad89f9b9cdbdfd03272ba0d8576c0dbd129aa1f9cb2a39a337ca6bbc6d257e,Pest-Damage(513),Pest-Damage (308).jpg,0,0.20000001791251326,0.19999999188553075,0.20000000815572483,0.19999999515737998,0.19999998688885118
2726,0b88a03e68e41e6c7e5ea299407c4b9260798fb7dc9f2344988ce75d86f452e1,Pest-Damage(513),Pest-Damage (309).jpg,0,0.20000005852053226,0.19999997354211935,0.20000002667834132,0.19999998414712666,0.19999995711188032
2727,61ffed984058daa8dd6713c8bd305bbe70d2dae6e489ed3db672652a5aa51f75,Pest-Damage(513),Pest-Damage (31).jpg,0,0.20000008316639087,0.19999996251489555,0.2000000379883769,0.19999997740039369,0.19999993892994303
2728,ec22e4933574b786b81966aea1f93d25593991e07350dd9d107be87377315659,Pest-Damage(513),Pest-Damage (310).jpg,0,0.20000002172634718,0.1999999901747449,0.2000000099030519,0.1999999941159678,0.19999998407988823
2729,1b0b6b389e184a744defb4afdea335989bab78d987814f9bfa5c0c060b871a5f,Pest-Damage(513),Pest-Damage (311).jpg,0,0.20000008067150968,0.1999999635892552,0.20000003681641626,0.19999997810879053,0.1999999408140283
2730,640eb79cbd747b70576df62a65c1661149de261b58b3b6a48e6c20fd85826814,Pest-Damage(513),Pest-Damage (312).jpg,0,0.20000009719144488,0.19999995612144356,0.20000004434817537,0.19999997363302055,0.19999992870591568
2731,915a1e721c2961f36e9dfe3a054c699a2f5f3928b97bb09b8d599d948feb8883,Pest-Damage(513),Pest-Damage (313).jpg,0,0.20000003121468873,0.1999999858764185,0.20000001422311714,0.19999999155081838,0.19999997713495715
2732,da46b4c8aa763fd11341ffa6ce682e21fd59c65e09d6a97c39df1b192fdf7f1c,Pest-Damage(513),Pest-Damage (314).jpg,4,0.19999986746447898,0.2000000598771934,0.19999993955155737,0.20000003592964136,0.2000000971771289
2733,69d866adbc2438c7a312dd5b90e7d1a5e0a8c754678010370a474ee910e0410e,Pest-Damage(513),Pest-Damage (315).jpg,0,0.20000002196302205,0.199999990056089,0.20000001000346906,0.19999999405897526,0.19999998391844467
2734,1a4f41cbf61297197d6965df2513c1a92eeb598255700f2af0fb535d83faa8e6,Pest-Damage(513),Pest-Damage (316).jpg,0,0.20000001262493952,0.19999999427969758,0.20000000574752383,0.1999999965875275,0.1999999907603115
2735,85f0758b698418adc3b7a934935567e34459688bef2eec7a1773105ff538ae5f,Pest-Damage(513),Pest-Damage (317).jpg,0,0.20000002393083963,0.199999989182781,0.20000001091109565,0.19999999351588169,0.19999998245940212
2736,c4648218e93e15810f1efc56d79a2d2ea35e8eaa93e83e32788a2d9b1be9d12f,Pest-Damage(513),Pest-Damage (318).jpg,0,0.20000004129882953,0.19999998132404415,0.20000001882462187,0.19999998881493855,0.19999996973756584
2737,f21dce3105f672be3652db5f491a3e3f68b1c086b1891cdb7a79183bc9d40745,Pest-Damage(513),Pest-Damage (319).jpg,4,0.19999989979695956,0.20000004523872741,0.19999995427806175,0.2000000271835964,0.2000000735026549
2738,3f0982a44d1e41e29539de68361616165186d6871f0747aa89f851db6531a07f,Pest-Damage(513),Pest-Damage (32).jpg,0,0.2000000263338263,0.1999999881655114,0.20000001205113122,0.19999999282280959,0.1999999806267215
2739,b312ddde4033de4c9b7cf0dcb71a361e08fb590f599aefd0bb75a3d10e6f6f64,Pest-Damage(513),Pest-Damage (320).jpg,0,0.20000001923218963,0.19999999134630392,0.20000000879430763,0.1999999947647768,0.19999998586242204
2740,ca1e5a288b301db2e66cdeaa5a91fe323c92a4b2b414d35031dcef49a2d4df10,Pest-Damage(513),Pest-Damage (321).jpg,0,0.20000001715114243,0.19999999222386627,0.20000000780479435,0.19999999536718566,0.19999998745301123
2741,5f7debcea9dbf7ccf3ff487e94133e30f91031b25d6a2d23cb0ca0cd3ac763ad,Pest-Damage(513),Pest-Damage (322).jpg,4,0.19999996736343786,0.20000001471241283,0.199999985094003,0.20000000886715355,0.20000002396299268
2742,37fdc2dc0747ec957a30a3f192010fbb2c11ed20020e313a42ec181d0dde444e,Pest-Damage(513),Pest-Damage (323).jpg,0,0.20000003976108835,0.19999998203270747,0.2000000181322413,0.1999999892233274,0.19999997085063537
2743,2d3c988c2c7cc34589939118eb147e3eb18e4e4f496d567ea33d339076de5f83,Pest-Damage(513),Pest-Damage (324).JPG,4,0.19999974675412968,0.20000011445061905,0.1999998845212909,0.20000006863008174,0.2000001856438786
2744,7971973c02a0e4fc705a3fe84814b885ad97b5537565b713e37d1bdf275f02ad,Pest-Damage(513),Pest-Damage (325).JPG,4,0.19999978162737772,0.2000000986471699,0.19999990039555865,0.20000005920556863,0.20000016012432506
2745,f782ef4cf456cb99a7c283d563571e75787152e8548fac3e023eaf03c3495a26,Pest-Damage(513),Pest-Damage (326).JPG,4,0.19999975793581104,0.20000010933026002,0.19999988957690001,0.20000006564065997,0.2000001775163689
2746,1c9db63c95f94122e4cd645decbb944c60b115a488cd400ea7c506fc261d6ce8,Pest-Damage(513),Pest-Damage (327).JPG,4,0.19999979652988806,0.20000009190575,0.19999990718689856,0.20000005517086222,0.20000014920660122
2747,103166643f4b65be7718e9f71eb13ddb1cbc663a5f52eea6917f2da67b2abd6f,Pest-Damage(513),Pest-Damage (328).JPG,4,0.19999976074967052,0.20000010810516428,0.19999989089003917,0.20000006484963603,0.2000001754054899
2748,38518d60043d3fda53b27c6088004b7e35efa6ebfe71b4cb03a869aa3595ab72,Pest-Damage(513),Pest-Damage (329).JPG,4,0.1999998065637913,0.20000008741196112,0.19999991178867135,0.20000005242678798,0.20000014180878828
2749,0a5b6c427d0506d72364c9057e6ecc9c5fc0822b4ef5faf9efbb352f754d3f06,Pest-Damage(513),Pest-Damage (33).jpg,0,0.2000000171650398,0.19999999231686125,0.20000000787513875,0.19999999530279125,0.1999999873401689
2750,0ea60a9a11eb76831b042e8771d1335ad49d40be17b6d0ef6f6b5af544f0a9e4,Pest-Damage(513),Pest-Damage (330).JPG,4,0.19999973944852797,0.20000011776724871,0.19999988119960646,0.20000007060079428,0.20000019098382257
2751,0891dced5ccd6d26eddf705483ac0c460f2cb3be53b8528820ad4a63cfdc8f80,Pest-Damage(513),Pest-Damage (331).JPG,4,0.19999981157547997,0.2000000851084504,0.19999991404906084,0.20000005109211966,0.2000001381748891
2752,d95dcba5da14fda5a7d5f693be30b22896f52b5fae37044dfba22db7da0f330d,Pest-Damage(513),Pest-Damage (332).JPG,4,0.19999978326844514,0.2000000979564033,0.19999990117680277,0.20000005872990745,0.20000015886844127
2753,d0964ec3928292c9ec439beaaa7ad382fce06ea54d507735dcb8ea200ef9775e,Pest-Damage(513),Pest-Damage (333).JPG,4,0.1999997489784781,0.20000011336968368,0.19999988548674075,0.20000006807341336,0.20000018409168419
2754,ca39bd5fb573a4232eb2f8a22e8d0fe28e9a8996a757d59e305a161a6a14b917,Pest-Damage(513),Pest-Damage (334).JPG,4,0.19999982573437755,0.20000007874317385,0.19999992052717336,0.20000004723447232,0.200000127760803
2755,7b231802bcea970f918cfeec035e8842be4bdc94e96f6a750f32617429c1bc83,Pest-Damage(513),Pest-Damage (335).JPG,4,0.19999977290641913,0.20000010259657633,0.19999989642407057,0.2000000615640332,0.2000001665089009
2756,bdc724db0587dbc6a97886abfe42b01b0e93b3d6759ff4c3e35c61cf58f21da9,Pest-Damage(513),Pest-Damage (336).JPG,4,0.19999971322606463,0.20000012957474386,0.19999986921438465,0.20000007773357073,0.2000002102512362
2757,ce1a31cafe3f987e0f06a5decbaecb4745b40b1f5d1c1142330f50843c59a1e5,Pest-Damage(513),Pest-Damage (337).JPG,4,0.19999978153311446,0.2000000987043983,0.1999999003621149,0.20000005922236677,0.20000016017800565
2758,e89525382c97f1ff7f4dd597778fa9a38053c79b388f0764d7e6f1062d24478a,Pest-Damage(513),Pest-Damage (338).JPG,4,0.19999986322157803,0.20000006178334834,0.19999993760945997,0.2000000370863539,0.20000010029925966
2759,f9626225cf7f947a75c235e9479e06536642bbd8b5a3f2000dee7b6d9703ba5d,Pest-Damage(513),Pest-Damage (339).JPG,4,0.19999976978860795,0.20000010398116563,0.19999989498657256,0.2000000624239117,0.20000016881974209
2760,4696a0d51474bf2a08807a526c43d15b7f3a593d11048c249c2ac19b9d88712c,Pest-Damage(513),Pest-Damage (34).jpg,0,0.20000007623946264,0.19999996557998329,0.20000003478767403,0.1999999793175409,0.1999999440753392
2761,ea816322894660d519afc491c4f7f61d0c3c177a03c4160275fab9d88c437ac3,Pest-Damage(513),Pest-Damage (340).JPG,4,0.1999997740886675,0.20000010204670118,0.1999998969531132,0.20000006125313258,0.20000016565838558
2762,6f43a4093b5323bb58e368e8eafc5894c9c78d82b68f04d79585827550ef42ca,Pest-Damage(513),Pest-Damage (341).JPG,4,0.1999997823950331,0.20000009825915513,0.19999990071910556,0.20000005902262055,0.2000001596040858
2763,2a930e4c226a6573ef54593cbfaed935cbc0ad2c9c22095d580e7a7298dd3712,Pest-Damage(513),Pest-Damage (342).JPG,4,0.19999982508066036,0.20000007908537681,0.1999999202592996,0.20000004738327126,0.20000012819139204
2764,7d76f09dbb038b67d42da03dd4d7473d9d297791761c41f47cfaf8e45fdc82df,Pest-Damage(513),Pest-Damage (343).JPG,4,0.19999976932407385,0.20000010424480613,0.199999894809423,0.20000006251705058,0.20000016910464646
2765,fa216b8a3ecdfed5b16d0c2fcfdf38ec0ac75e19dad8b827e5c5f7615ca7c586,Pest-Damage(513),Pest-Damage (344).JPG,4,0.19999974949726967,0.20000011317816754,0.1999998857510236,0.2000000679066499,0.20000018366688926
2766,f648361d8141900938e3881d02b097f1c25f7462f7daf08e2a88cb95316f2977,Pest-Damage(513),Pest-Damage (345).JPG,4,0.19999976094807237,0.20000010799334253,0.1999998909662141,0.20000006480940263,0.20000017528296837
2767,aef3640a008b1f54e55a48630e1175ccb4cb3955541d734ae47f360d6af696af,Pest-Damage(513),Pest-Damage (346).JPG,4,0.1999997909154187,0.200000094467632,0.19999990464246872,0.20000005667752677,0.20000015329695384
2768,0780e87ecb433352770f943b373454a196c3b4781de158f632ae63b01125f33a,Pest-Damage(513),Pest-Damage (347).JPG,4,0.19999979778622623,0.2000000913445449,0.1999999077639679,0.20000005482640307,0.20000014827885787
2769,a6c98ad124809a1663146a6dd8edc95e2b1714cf011ffc93ea8d23dbc8551c72,Pest-Damage(513),Pest-Damage (348).JPG,4,0.19999982050515197,0.20000008110938458,0.19999991814454063,0.20000004864987364,0.20000013159104923
2770,7bd9d6e565298e12462e45dd026ddbcf791bf485f01bf31e85eb6dcab3ed2538,Pest-Damage(513),Pest-Damage (349).JPG,4,0.19999983726212653,0.20000007350389457,0.19999992576468942,0.20000004412840805,0.20000011934088152
2771,a00c55fcd06db7246b697a540b077199af5521a6020e2e88ffe70f7aea814ec8,Pest-Damage(513),Pest-Damage (35).jpg,4,0.1999999824723866,0.20000000796860504,0.19999999203807398,0.20000000472107882,0.20000001279985558
2772,eef13c79aeac7fce2a17358a49b7e22df37df4b84a6c60fa46ed3cdedfdd93ad,Pest-Damage(513),Pest-Damage (350).JPG,4,0.19999978264499532,0.20000009821360135,0.1999999008766627,0.2000000589138059,0.20000015935093465
2773,6bd755a2937cac5717dc468b0be0b8fe3cf365eec445a214f8c06c028cf142f1,Pest-Damage(513),Pest-Damage (351).JPG,4,0.19999978141194366,0.20000009877066358,0.19999990031417586,0.2000000592480231,0.20000016025519377
2774,76d6d7817bcc0521dc01dc9b234b241e80f739aa47ec158ea733a338aaeedc32,Pest-Damage(513),Pest-Damage (352).JPG,4,0.199999770963375,0.20000010346048736,0.19999989552890918,0.20000006209932464,0.20000016794790368
2775,3c1305f78b03229ba30cf48a2f51a5a5fa1b4a3aa6fa049f3f8ece62a450d295,Pest-Damage(513),Pest-Damage (353).JPG,4,0.19999973404045365,0.20000012010466306,0.1999998786647789,0.2000000721314421,0.20000019505866223
2776,b37ece74811dd90b5954f3f5d7301b877d8633f889eebd3741177459bb251024,Pest-Damage(513),Pest-Damage (354).JPG,4,0.19999978489601086,0.20000009713599962,0.19999990186412897,0.20000005834051193,0.20000015776334873
2777,6d098fc34975f8c51a625264c975c7e6ded399dfdb56652ba30f087672c41c89,Pest-Damage(513),Pest-Damage (355).JPG,4,0.19999976945363465,0.20000010410023908,0.1999998948130349,0.20000006253433286,0.2000001690987586
2778,3a6118ec1eeacf5edb52a576ab0c0370e729f50b22606d8717a698cdeadd8f13,Pest-Damage(513),Pest-Damage (356).JPG,4,0.19999980252090782,0.20000008926532417,0.19999990996214442,0.2000000535065486,0.20000014474507494
2779,c5c730d3803255e486302fcf91ce79a830a584640b603d081e4e16a1d18b72c7,Pest-Damage(513),Pest-Damage (357).JPG,4,0.19999975827797706,0.2000001091363823,0.19999988970760962,0.20000006557189126,0.2000001773061397
2780,4c1aa897805b1f23073d9276e29d053bf36cd83a3ee94857722052387c7763d2,Pest-Damage(513),Pest-Damage (358).JPG,4,0.19999982278253317,0.20000008005959108,0.1999999191697036,0.20000004804517765,0.20000012994299463
2781,b7875b6f06c6494a659ffa9e13ddc35c24376f8d498c9183781a3d74395ea6e7,Pest-Damage(513),Pest-Damage (359).JPG,4,0.1999998024126349,0.20000008928674218,0.1999999098949141,0.20000005355255088,0.20000014485315798
2782,a876626138b05b1470b00854bb7839be985d7d74677d58f461f0c6095499cb70,Pest-Damage(513),Pest-Damage (36).jpg,0,0.20000004788899262,0.19999997840226472,0.2000000218662182,0.1999999869944856,0.1999999648480389
2783,7b92ccbba2a5665cff640b5f69aec58539f8cad10e6e89a2791befd67415699b,Pest-Damage(513),Pest-Damage (360).JPG,4,0.1999998368411781,0.20000007369015407,0.19999992557017632,0.20000004424492812,0.20000011965356335
2784,5f7d123bff6f066910ce293e4ed5840082e1d7a15acc1c6609aa97f6949de1e1,Pest-Damage(513),Pest-Damage (361).JPG,4,0.1999998297241464,0.20000007695319114,0.19999992235492395,0.20000004614527286,0.2000001248224658
2785,5d644d6c78f110f831e225f2bca85475a9d70861ffa9265a7e788e97b85c7e32,Pest-Damage(513),Pest-Damage (362).JPG,4,0.19999979474751942,0.2000000927305114,0.19999990638655135,0.20000005564217452,0.20000015049324338
2786,21ba894999480640467b55662a3c9b64e084132aa6de1c72c93241b37154b86c,Pest-Damage(513),Pest-Damage (363).JPG,4,0.19999994261137718,0.2000000260029416,0.19999997387443802,0.200000015511458,0.20000004199978516
2787,e1c2faab27aaa2b4361c4415a38ae43613e1dea8e889630e35734cb0be7d7378,Pest-Damage(513),Pest-Damage (364).JPG,4,0.1999999193255387,0.20000003651218962,0.1999999632468677,0.20000002183069476,0.20000005908470925
2788,23373288cb7776a27666d27a8942bdf0998da94a326353fe44c4d47653c02544,Pest-Damage(513),Pest-Damage (365).JPG,4,0.19999985769674408,0.20000006434996814,0.19999993513521994,0.20000003854118031,0.2000001042768876
2789,a10c9254e8e70823ac83f4b1e47b3ab033e4511154b371567cf16eb1bffd6eab,Pest-Damage(513),Pest-Damage (366).JPG,4,0.19999990811253726,0.20000004155256434,0.1999999581162353,0.20000002488606636,0.20000006733259681
2790,31928b24f8c22ce17c2c3c0795a9016c3a439161ef48b055f9d1a686f8f17a87,Pest-Damage(513),Pest-Damage (367).JPG,4,0.19999986255390026,0.20000006215501134,0.19999993735008711,0.20000003722464157,0.20000010071635976
2791,696eab1890ee9c96d5a9d8390b76e2def9ff1da022e8a84f2c7bccc531c7ba16,Pest-Damage(513),Pest-Damage (368).JPG,4,0.1999998921239769,0.20000004873899177,0.19999995080015748,0.20000002924299656,0.20000007909387732
2792,fead00ff8fe5b387c39fa1263a31a75894048ba79310c01c0359cafc4ea19209,Pest-Damage(513),Pest-Damage (369).JPG,4,0.19999989420005737,0.20000004785720676,0.19999995178329527,0.20000002864594313,0.20000007751349735
2793,d0caff754b4531b072b242bd15d6086a0667c13b4ec67f2fac602dde86bdffa3,Pest-Damage(513),Pest-Damage (37).jpg,0,0.20000014932448115,0.19999993268348856,0.20000006819974486,0.19999995943002455,0.1999998903622609
2794,47716b31030fc817cf032aab3bd4746412ad78389b75c902bfcb873458a1cee6,Pest-Damage(513),Pest-Damage (370).JPG,4,0.1999998987312665,0.20000004581505001,0.19999995385311203,0.20000002741451064,0.20000007418606083
2795,2e67b5d06bfe7edb856c7a913877021e627ce722ba40828017cebba81d177fa2,Pest-Damage(513),Pest-Damage (371).JPG,4,0.19999988704697844,0.20000005104659357,0.19999994849352912,0.20000003061084795,0.2000000828020509
2796,86475f5a746dc8300778533745c43e918670235e01f18216d302d014004d04c2,Pest-Damage(513),Pest-Damage (372).JPG,4,0.19999983743690908,0.20000007347403453,0.19999992587610885,0.20000004405099894,0.20000011916194874
2797,574f2ecc937df35d53e979d30d1f736de34479d8f28d0c747332f037bfce126b,Pest-Damage(513),Pest-Damage (373).JPG,4,0.1999998230061078,0.20000007995616997,0.19999991927020527,0.20000004798592086,0.2000001297815961
2798,ee40e2d6d2d7eb35e31eb6f2845d408bc1b76424bbaa974b1d003b9e6a906c84,Pest-Damage(513),Pest-Damage (374).JPG,4,0.19999985697965877,0.20000006467034664,0.19999993480580344,0.20000003873761274,0.20000010480657857
2799,41997d8e5c28b62d270d749657cc3dd5a4241d40f5f69c59c5e45e42b0b9d264,Pest-Damage(513),Pest-Damage (375).JPG,4,0.1999999676800017,0.2000000146657265,0.19999998530047045,0.20000000872262175,0.20000002363117964
2800,ba4da1da1d570ea938144f4c4de6b76ad8ca83f6e9ff5e265ce3554cff0a2ba2,Pest-Damage(513),Pest-Damage (376).JPG,4,0.199999884876743,0.20000005197798754,0.1999999474721099,0.2000000312291744,0.20000008444398523
2801,2c26c666e3405e1acf87625270d56a76d8ecce2586a2786d8995be9888cde0c2,Pest-Damage(513),Pest-Damage (377).JPG,4,0.19999984448247837,0.2000000702351361,0.19999992905354422,0.20000004217511166,0.2000001140537297
2802,f30d25ab14f27ef3a89a05b0e049f15846212c302079d2d0e8921accc4acf669,Pest-Damage(513),Pest-Damage (378).JPG,4,0.19999982706041547,0.20000007817675816,0.1999999211530233,0.20000004685501255,0.20000012675479042
2803,90159844e9eabdfd63a543edf87bb2688b52aa58932a7d4e6aedfdf7c52667d0,Pest-Damage(513),Pest-Damage (379).JPG,4,0.199999913461984,0.2000000391755744,0.19999996058175193,0.2000000234114361,0.20000006336925352
2804,71494b8150a656ee79912660ee3d0cfc18bac4864db7d946131da72b3dfbaf38,Pest-Damage(513),Pest-Damage (38).jpg,4,0.19999998779866268,0.2000000054996102,0.19999999442686542,0.20000000331543785,0.2000000089594239
2805,26f1312fc6eb4faa9928f818bfb0d12ecacb7114dd60cc028281afbd86ff8e31,Pest-Damage(513),Pest-Damage (380).JPG,4,0.1999999423542055,0.20000002615119675,0.19999997377779738,0.20000001556160193,0.20000004215519845
2806,c54f2b6520afbd2662c2e60640fa0042899e8818488691ff4901537450e2e04f,Pest-Damage(513),Pest-Damage (381).JPG,4,0.19999988052167825,0.2000000540790528,0.19999994557189904,0.2000000323283317,0.2000000874990381
2807,0153a7cdcd3358e86b253bbb4fae4b542a484512f5dc5c156cde812c53d70f44,Pest-Damage(513),Pest-Damage (382).JPG,4,0.19999988723043424,0.20000005095166162,0.19999994856947553,0.20000003056848856,0.20000008267994004
2808,903b1172019f5cecbde3a546ff7ef14fe835e8a550505642d0da79ab46196b42,Pest-Damage(513),Pest-Damage (383).JPG,4,0.19999998861402749,0.2000000052132969,0.19999999485169698,0.20000000304431598,0.20000000827666253
2809,d253149dab4056c68969fbe4ee810ed82a4f3faf1ae18bcbf3ef185ded7391ec,Pest-Damage(513),Pest-Damage (384).JPG,4,0.1999999418109308,0.2000000263513073,0.19999997350078566,0.20000001573651785,0.20000004260045842
2810,c37040461bf9e9616a62a69ebd9314938b0a287460081591e3c819c690275514,Pest-Damage(513),Pest-Damage (385).JPG,4,0.19999986701652847,0.20000006006615362,0.19999993933857585,0.20000003605924796,0.20000009751949407
2811,fab1b6e04f11dfb346dec72a5c2903904c51deae52ccaec9025df87407c8d3f8,Pest-Damage(513),Pest-Damage (386).JPG,0,0.200000013349766,0.19999999402147042,0.20000000612271412,0.19999999634876525,0.1999999901572843
2812,e5c9d7d21b8afe48b05deb7a3fe5768a33e9b1819117bcee92fa0bd0c958ed1d,Pest-Damage(513),Pest-Damage (387).JPG,4,0.19999999715422234,0.20000000136217905,0.19999999875148872,0.20000000072480018,0.20000000200730975
2813,6b19d191ae1f74b22980cd86de46d6c5e97802d43971c1dac2276dfa44b7e3cd,Pest-Damage(513),Pest-Damage (388).JPG,4,0.19999982393575194,0.20000007952207483,0.19999991968516626,0.20000004774263483,0.20000012911437218
2814,0d22439a6e0c99df86c1d40491a1ae02af92a669f01244c319648c66245edc64,Pest-Damage(513),Pest-Damage (389).JPG,4,0.19999999474041447,0.20000000240244273,0.19999999761811688,0.20000000140986374,0.20000000382916214
2815,faf79162b93de8415fd3e17d00e567633446adddd8730a33bee6465d0fef0104,Pest-Damage(513),Pest-Damage (39).jpg,0,0.20000000696773843,0.19999999699149115,0.20000000326804224,0.19999999802620103,0.1999999947465273
2816,31e04cb190f3fe58012c4b673878691185da1e0a1ff64f5a750cb0edf0bed2ee,Pest-Damage(513),Pest-Damage (390).JPG,4,0.1999999117383072,0.20000003989265328,0.19999995975588974,0.20000002391648045,0.2000000646966694
2817,629a1a2ed227c608817c8eac90efdaafcf9bf2859c3744a36696b0a745475a53,Pest-Damage(513),Pest-Damage (391).JPG,4,0.1999998193791457,0.20000008164295704,0.19999991764701944,0.20000004893984416,0.2000001323910336
2818,e5e530b794d58f4a8e34c0201f882ee86adda5c74c89e33a698cd3497c858af0,Pest-Damage(513),Pest-Damage (392).JPG,4,0.19999991056412714,0.20000004052518722,0.19999995928616995,0.2000000241725574,0.2000000654519583
2819,6c741df604495a24b291981597681bfd8e5f4816b804e8c99fa1580b91c5e689,Pest-Damage(513),Pest-Damage (393).JPG,4,0.1999999773642712,0.20000001031471182,0.19999998973303212,0.2000000060825245,0.20000001650546037
2820,b7143963fd11d8f47e89591465ed89169156e3deca5c74e27933616ed0479afd,Pest-Damage(513),Pest-Damage (394).JPG,4,0.19999982037024852,0.2000000811430994,0.19999991806542092,0.20000004870296023,0.2000001317182709
2821,fa96557144ad5fc10744a730e8bd4f41a5314465de41355dbb44826707d3a8d0,Pest-Damage(513),Pest-Damage (395).JPG,4,0.19999991354679636,0.20000003913483147,0.1999999606189509,0.2000000233900549,0.2000000633093665
2822,dcac62af5b91699c74769828c7c9d240c27e19ffe993cef41e3b26a7e819c2e0,Pest-Damage(513),Pest-Damage (396).JPG,4,0.19999987627557275,0.2000000558644309,0.19999994354953401,0.20000003356049909,0.20000009074996322
2823,e3e6ea03b599ca0541567e5836ce8275cd3fa57d02003bf588073b0706707caf,Pest-Damage(513),Pest-Damage (397).JPG,0,0.20000003015339338,0.19999998645695655,0.20000001380425778,0.19999999177684388,0.19999997780854847
2824,f50f74bdf86397419ddcf09bf6725f7bfe02e89fe2ae67882f33ea75917342d2,Pest-Damage(513),Pest-Damage (398).JPG,4,0.19999991119994337,0.20000004011215083,0.19999995949504043,0.2000000240768437,0.20000006511602164
2825,11eefd5448f727e507773d25540b701d2e89d6fffc6f377202f9c6f896034e53,Pest-Damage(513),Pest-Damage (399).JPG,4,0.19999995999193682,0.200000018108583,0.19999998177432207,0.20000001082519278,0.20000002929996533
2826,7948875a2be461bc829de341a86b6e950729277dfab55c51efcbdcebd37a6ac7,Pest-Damage(513),Pest-Damage (4).jpg,0,0.20000016934409973,0.19999992351042772,0.20000007724748095,0.19999995408109422,0.1999998758168974
2827,d6dfc575bb1b6b87334a3949b8ae10ce7912a06130783bc6615322a2e3c4803b,Pest-Damage(513),Pest-Damage (40).jpg,0,0.20000004761001766,0.1999999785869845,0.20000002177686185,0.1999999870344638,0.19999996499167214
2828,d5f2ba0a06c8965b9fc1958eb74e650d496ca023725e3c32356260ed0b4540c4,Pest-Damage(513),Pest-Damage (400).JPG,4,0.19999982332128768,0.20000007984071116,0.19999991943133388,0.20000004788411835,0.20000012952254892
2829,37b32c9532e3ae43ff2f5823178a577dd79237e7f3d80da8702195ca2a0837eb,Pest-Damage(513),Pest-Damage (401).JPG,4,0.19999982701188215,0.2000000781173036,0.1999999210784554,0.20000004691783357,0.20000012687452515
2830,4809ab420e404d5075816a26df89ae0d0e3e560dee0bbb9bc9bc7665156e9a56,Pest-Damage(513),Pest-Damage (402).JPG,4,0.19999987994075447,0.20000005424143022,0.19999994524236953,0.20000003254684312,0.20000008802860267
2831,748a6e6fe764388feb6133163978efab52879f4142b34d4c467db4f9c56f8eb0,Pest-Damage(513),Pest-Damage (403).JPG,4,0.1999998005077038,0.20000009008827302,0.1999999089880508,0.20000005410494773,0.20000014631102475
2832,8253cbf4ac88d9f510400eb17d983cd6173df217f62dcc4453f9aa9da0e68886,Pest-Damage(513),Pest-Damage (404).JPG,4,0.1999998901454938,0.20000004960203563,0.19999994987796116,0.20000002979805756,0.2000000805764518
2833,6ccdbb0eb27f1ed22bdf4244f478b770ea0e2ae0c741d7a2c0b6973b7cd64ba2,Pest-Damage(513),Pest-Damage (405).JPG,4,0.19999983087130374,0.20000007642562168,0.19999992287213775,0.20000004583981026,0.20000012399112652
2834,67e52754ef6471ebdf3542f430b84fbb1565c1de3dee2a6c984dc382e85bf1ac,Pest-Damage(513),Pest-Damage (406).JPG,4,0.19999985281897054,0.200000066513157,0.19999993288436207,0.20000003988813234,0.20000010789537812
2835,803e94f4f0cc2cfadabb6527cc356f779a6465db51518015cdd36797dda0a2a7,Pest-Damage(513),Pest-Damage (407).JPG,4,0.19999980584623003,0.2000000877633072,0.19999991147889112,0.20000005260463136,0.20000014230694033
2836,05cbf997c638fe593f300b05860efdc88b74d054eb18034464d5a8e7356c7c2e,Pest-Damage(513),Pest-Damage (408).JPG,4,0.1999998220527225,0.20000008039619008,0.19999991884132243,0.20000004823876044,0.2000001304710045
2837,f3e38b102624476e87b892723a95117864d7c981de590bccb11dc0d201b6e499,Pest-Damage(513),Pest-Damage (409).JPG,4,0.19999985947683777,0.20000006351327182,0.19999993592618426,0.20000003807835548,0.2000001030053508
2838,aba4c497084b496dc8ce45e40330a5a7b11c620b51d33f061b8c11167b6153d7,Pest-Damage(513),Pest-Damage (41).jpg,0,0.20000000322017972,0.19999999861612378,0.20000000151449265,0.1999999990836465,0.19999999756555728
2839,19e0c664eb0faef4cf4f229926c8cf0cf25131f9a007d412b491d8b65e2e7f1c,Pest-Damage(513),Pest-Damage (410).JPG,4,0.1999998265597148,0.20000007837484426,0.19999992090652885,0.20000004700792065,0.20000012715099144
2840,1bff6511a09d9fd81682d4ead7d38d752a026fe022c4cebed63d035bfe740a5a,Pest-Damage(513),Pest-Damage (411).JPG,4,0.19999994025973242,0.20000002705404216,0.19999997279451195,0.20000001615588506,0.20000004373582844
2841,5dac626b7bb984a497e4d8855703c949256d18b3fc24b0357dc7b07779bea042,Pest-Damage(513),Pest-Damage (412).JPG,4,0.19999979517525304,0.20000009252876375,0.1999999065761781,0.20000005553139202,0.2000001501884132
2842,d797a860ba57c8de49a11d2aa51070abc6872f3e1a1bae2aa4cdea461c7e4857,Pest-Damage(513),Pest-Damage (413).JPG,4,0.19999981388453714,0.20000008404552228,0.199999915089474,0.20000005047812294,0.20000013650234363
2843,39d49cc68c0e202c17c734700944450d253e2cb1c0557874c4376703c1fe11a8,Pest-Damage(513),Pest-Damage (414).JPG,4,0.19999982521821577,0.20000007898500072,0.19999992029731808,0.2000000473691374,0.20000012813032794
2844,bd3feec0c8505cb5f35f3257a31df3222d6f0dc9af8368e3bb1b1ad34c322696,Pest-Damage(513),Pest-Damage (415).JPG,4,0.1999998663670444,0.2000000603765508,0.19999993905328803,0.2000000362249093,0.20000009797820748
2845,a6b00cf41067a14eefc732fc4e01fdd2fc57f58a3f33d7c3d35f9a8ebca78478,Pest-Damage(513),Pest-Damage (416).JPG,4,0.19999983836252538,0.20000007302613634,0.19999992627913626,0.2000000438182148,0.20000011851398727
2846,684ba22804dc18407b37317073269cc5035dc90dc60b7068a635a2e010eb5fb7,Pest-Damage(513),Pest-Damage (417).JPG,4,0.19999983206587774,0.20000007593672417,0.19999992344973236,0.20000004548504144,0.20000012306262432
2847,df094e9030be51e83a8f0903a3c95bd241dcd68aa40722a77b497987504bc144,Pest-Damage(513),Pest-Damage (418).jpg,0,0.200000081503331,0.1999999630804132,0.20000003711003936,0.199999977964671,0.19999994034154542
2848,2c86a7b4850e60b2a6bfb4c03a83dc486cca056a9feac661d541f919fb7b25b7,Pest-Damage(513),Pest-Damage (419).jpg,0,0.20000009229187204,0.19999995821989858,0.2000000420394401,0.1999999750318264,0.1999999324169629
2849,1f4db849a6072511c93f90674e6482a23206340d03752c328e003d4e16d88c50,Pest-Damage(513),Pest-Damage (42).jpg,0,0.2000000637900107,0.1999999712270743,0.20000002912402756,0.19999998267848845,0.19999995318039895
2850,c0981521b2f08c77f568d31530d105af780e0826f3fde47ebc3bcc30488e93a1,Pest-Damage(513),Pest-Damage (420).jpg,0,0.2000000821565559,0.19999996279229879,0.2000000374125034,0.19999997778326947,0.1999999398553725
2851,b2f9850cfcf34d1c1e8bac76f4f40795b8c2f043c74271ef529d0c106f7e8548,Pest-Damage(513),Pest-Damage (421).jpg,0,0.20000002260809688,0.19999998971738173,0.200000010267205,0.19999999391317383,0.19999998349414255
2852,8640a86c150a3ecbdf09deb32b8056218f115397c51ef2036771a4f72b9be889,Pest-Damage(513),Pest-Damage (422).jpg,0,0.2000000036763906,0.19999999821620257,0.2000000015976503,0.19999999907840318,0.19999999743135344
2853,35b197ec21916299098074dbf1aa27018e7f01acb5160fc0a6f3354f4b839cc4,Pest-Damage(513),Pest-Damage (423).jpg,0,0.20000019815953093,0.19999991044482912,0.20000009035948757,0.19999994629841708,0.19999985473773527
2854,a01805a017233bd24741dec934997ea3a2e19b4dc1595bd97fdb6f95885237cb,Pest-Damage(513),Pest-Damage (424).jpg,4,0.19999997251338866,0.20000001237631512,0.19999998743673816,0.20000000747693517,0.20000002019662283
2855,ae2b44ae234fe7d2d0ce3ff2073a2510c25904cfb2a8a378567bcac8a325af6d,Pest-Damage(513),Pest-Damage (425).jpg,4,0.19999999152858278,0.20000000381229405,0.19999999612662897,0.20000000230569207,0.20000000622680222
2856,da047185aa42cfd800f45af7320e3741040880fc38a41edc3b8335ba2d112f17,Pest-Damage(513),Pest-Damage (426).jpg,4,0.19999998877955744,0.20000000498118964,0.1999999948258375,0.20000000309574645,0.2000000083176691
2857,10b5784ce6b96330ad8dac7ca9d71db80af14341c77958f3189eaf1b6e841476,Pest-Damage(513),Pest-Damage (427).jpg,4,0.19999988460280727,0.20000005202611054,0.1999999472984453,0.2000000313497965,0.20000008472284037
2858,a04fcec3a1a49e8af9b166739a92a96760b26c221be3a48871ebfd56f4bbc6a4,Pest-Damage(513),Pest-Damage (428).jpg,0,0.2000000120086957,0.1999999945023692,0.20000000543066648,0.19999999678893413,0.19999999126933438
2859,d100fa71411cc6a3447fe12ddfe3917638f56e1c38e2df0beba718883acf3d8a,Pest-Damage(513),Pest-Damage (429).jpg,4,0.19999996594051964,0.20000001525163502,0.1999999843783473,0.20000000931646303,0.20000002511303505
2860,9bdde16418b69201f3c8d7e4b195fc0c0d7e242e9d87c14f0530fd35203d02bb,Pest-Damage(513),Pest-Damage (43).jpg,4,0.19999983954795614,0.2000000724140856,0.19999992677050776,0.20000004354371162,0.20000011772373877
2861,7d392a6ecf7f588e1dcbc95083e8e4a94f04e5cca7e8b7fc175cff0715d41453,Pest-Damage(513),Pest-Damage (430).jpg,4,0.1999999827760214,0.20000000764310588,0.19999999205527091,0.20000000475405844,0.20000001277154342
2862,5fbcdd30afd9b4fdbf32777107bb5fb80545c0728e8a670890f7bbf540d4ec4e,Pest-Damage(513),Pest-Damage (431).jpg,4,0.19999989485826436,0.20000004732886675,0.19999995193466244,0.20000002860862245,0.200000077269584
2863,274aa004b27fedd10d42afc3e4b6900c7363c000aae651936ed5a333a1512b76,Pest-Damage(513),Pest-Damage (432).jpg,4,0.19999997054452548,0.20000001321559063,0.19999998650642478,0.20000000804137485,0.2000000216920843
2864,547973610812412256a7f5d65b26e2c8048ce40c61759b67c6d51fea8796ae3c,Pest-Damage(513),Pest-Damage (433).jpg,4,0.19999992985274703,0.20000003156200902,0.19999996792311048,0.2000000190956013,0.20000005156653222
2865,3512e2088bacf4212d3525496ba4809ce6b7b23d69336d54f1ad3c17841e50b4,Pest-Damage(513),Pest-Damage (434).jpg,4,0.19999987494247853,0.2000000563771885,0.1999999428839172,0.2000000339767744,0.20000009181964132
2866,c962f8535eec375513ae426b356746681e2b15848cc3c279f9d2dae930b79e40,Pest-Damage(513),Pest-Damage (435).jpg,4,0.19999995825400493,0.20000001878534407,0.1999999809118141,0.20000001136275292,0.200000030686084
2867,95305c99b0f23a5cb0dfdfe42c02529c98d43ce71b3d87e0cc530a310d680e0d,Pest-Damage(513),Pest-Damage (436).jpg,4,0.199999959015711,0.2000000184338161,0.1999999812546607,0.2000000111610475,0.20000003013476475
2868,cb188490958b219556ea29d42373d27e6a44b22f4cb77a6ca2ac420af544190e,Pest-Damage(513),Pest-Damage (437).jpg,0,0.20000013432546782,0.19999993936191002,0.20000006129566036,0.19999996355584893,0.19999990146111288
2869,530c2c6f002633cb7497d742c8245525d04ec92275a2cd082465368ae481dc20,Pest-Damage(513),Pest-Damage (438).jpg,0,0.20000006220185712,0.1999999720288841,0.2000000284541548,0.19999998305778727,0.19999995425731662
2870,ffc0cd863ac853bd9f03b1e794982aa1c65c0881e01f31e6225e0c6ec63ee6bd,Pest-Damage(513),Pest-Damage (439).jpg,0,0.20000001105618745,0.19999999499401727,0.20000000503566973,0.1999999970095329,0.1999999919045926
2871,bbb6744dc960507f273f7c8697b5b6062c3447259bb4905023b20cacd3fd905d,Pest-Damage(513),Pest-Damage (44).jpg,0,0.20000007869847958,0.19999996460824357,0.20000003599882385,0.19999997856595308,0.19999994212849984
2872,ea6c5bf0ae1a8afb279f07c96cacdd09ecc00d109cb6d589192ae433a6bd2345,Pest-Damage(513),Pest-Damage (440).jpg,4,0.19999999141593064,0.2000000038898739,0.19999999609253793,0.20000000231990894,0.20000000628174866
2873,2c903a5572d72361c5ba4f23b21809d38dd8dd22b76559d31484b6e717331095,Pest-Damage(513),Pest-Damage (441).jpg,4,0.199999963107168,0.2000000167381249,0.19999998321902693,0.20000000995815545,0.2000000269775248
2874,7a44eff34b0f69617aa42622567c03ac30fc24ed1a67ef297c72e03bdf577784,Pest-Damage(513),Pest-Damage (442).jpg,4,0.19999997381087992,0.20000001178601506,0.19999998802584615,0.2000000071275315,0.20000001924972735
2875,b2fb91c7c4af635ce7b9e2544e753e511e0dc22f16d48b9f4a4f00b70730c624,Pest-Damage(513),Pest-Damage (443).jpg,0,0.20000002190369726,0.19999999010716896,0.20000000999196754,0.19999999406025,0.19999998393691615
2876,82245271936c73d543c7c6b2f13c7701502e1d3cb6de075faf208be3d576304b,Pest-Damage(513),Pest-Damage (444).jpg,4,0.19999997333563116,0.20000001202701326,0.1999999878260747,0.20000000724041242,0.20000001957086838
2877,c2996e63bdfce6a38794bbe7baea646782fff3dceb20508289ce837ff545ccf9,Pest-Damage(513),Pest-Damage (445).jpg,0,0.20000005155860845,0.19999997669407124,0.20000002350732712,0.1999999860303713,0.1999999622096219
2878,f92c3bf4e076f89462333543e4e81302f0c0e861be569f9740209735ee8eadb8,Pest-Damage(513),Pest-Damage (446).jpg,0,0.20000005249766636,0.19999997626248306,0.20000002393086935,0.1999999857801615,0.19999996152881966
2879,361a6490b3b5fe784da9ed8a794e2968b7ae06c4132fe5f9e78d266190702690,Pest-Damage(513),Pest-Damage (447).jpg,0,0.20000008198272992,0.1999999629856442,0.2000000374071787,0.199999977760173,0.19999993986427408
2880,c5f5715edda2f6d810e8a11a536a5b20bd4779e5b119ceeedc4fcdce1c5c48e9,Pest-Damage(513),Pest-Damage (448).jpg,0,0.20000001978170456,0.1999999910498656,0.20000000901393308,0.19999999464526805,0.19999998550922862
2881,2a68ef667ba4be5f7d50855b6c418233af216f3f35360bcf7d074a0459cffab9,Pest-Damage(513),Pest-Damage (449).jpg,4,0.19999996278922544,0.20000001676449483,0.19999998299841357,0.20000001011614582,0.2000000273317203
2882,b168165a9be004b76afe3ffdf8d2b34836ece5dfba2f7a16c2efccfa088b551d,Pest-Damage(513),Pest-Damage (45).jpg,4,0.1999999876048645,0.20000000576414778,0.19999999445277963,0.2000000032601548,0.2000000089180532
2883,d775cbf77b7750ff7d021ee4b44c647fec2e98ed624dc3b9c91121f48a959691,Pest-Damage(513),Pest-Damage (450).jpg,4,0.19999999115948763,0.20000000398804924,0.1999999959640773,0.20000000240015095,0.20000000648823493
2884,9158ed9ed87961271b386c29c34329650e915ce42f7550759531aaae88372115,Pest-Damage(513),Pest-Damage (451).jpg,0,0.20000001810743329,0.1999999918579206,0.20000000828349154,0.19999999506757535,0.19999998668357924
2885,20e2bfd30723b409e5a90dbb0064d18b355e4b383c657da631d6183684e1debc,Pest-Damage(513),Pest-Damage (452).jpg,0,0.20000017828644093,0.19999991948154203,0.20000008133321226,0.19999995165021434,0.19999986924859037
2886,ed430421feca12467fc1d181b86cfe893349c15a4c62af6d861cd379dc5a524d,Pest-Damage(513),Pest-Damage (453).jpg,0,0.20000006170943246,0.19999997212884096,0.2000000281504242,0.19999998326596816,0.19999995474533422
2887,ad250252f3be84b1ebf7bbc01f3fbae44560e6e3992037af371cf9939f2c4131,Pest-Damage(513),Pest-Damage (454).jpg,0,0.20000000930772516,0.19999999577664976,0.20000000423338157,0.19999999748777728,0.1999999931944662
2888,d360159fe1f1efb35790f0b907f6aaa21b420e7b953c581ef6780ddf0773fe11,Pest-Damage(513),Pest-Damage (455).jpg,4,0.19999992556605908,0.20000003362555482,0.19999996604976567,0.20000002018008983,0.20000005457853062
2889,22764b3b874f722f1fd2d7b4dec132b76d4dddb4eb1bb2c976378c5107c2218a,Pest-Damage(513),Pest-Damage (456).jpg,4,0.19999995339957982,0.20000002100198794,0.19999997871290923,0.2000000126643181,0.20000003422120496
2890,7ebea0acf723a17d65167493a28dcd624bc95cc4878bf0b8ceabc714b6880ecc,Pest-Damage(513),Pest-Damage (457).jpg,0,0.20000010152830627,0.19999995415425106,0.20000004632102508,0.19999997246205797,0.19999992553435966
2891,86b2d360a90ffb33fd3ceb584f42c389518b460363da19e979f2647612149f05,Pest-Damage(513),Pest-Damage (458).jpg,4,0.19999995299800974,0.20000002122156743,0.19999997855433535,0.20000001274993773,0.2000000344761497
2892,6b49e33c07666b604f0b4075074a6a5e789f827004923bd1f7923b90b6a90834,Pest-Damage(513),Pest-Damage (459).jpg,4,0.1999999532468644,0.20000002108531525,0.19999997865245983,0.20000001269701606,0.20000003431834443
2893,be59768d1aa8428bccebda220635a11773267f86e46b9757928d7c5b66928630,Pest-Damage(513),Pest-Damage (46).jpg,0,0.20000022949046325,0.19999989647299304,0.20000010476719346,0.19999993769316166,0.19999983157618853
2894,c3aa69a63da4814dbe9a5b635100beb1832a16da3f47630e3559bb659b3b4c32,Pest-Damage(513),Pest-Damage (460).jpg,0,0.20000017036753737,0.19999992307016085,0.20000007772849476,0.19999995379017557,0.19999987504363156
2895,d2060ece3505e1cbe922e91a0e4f7f94d7265d46ab4b8fb793a0a45ba8f2c105,Pest-Damage(513),Pest-Damage (461).jpg,0,0.20000003467419805,0.19999998431956043,0.20000001580478902,0.1999999906091731,0.19999997459227936
2896,407e33c898f82f7fad13b07292352e241d38bc589e11d329209de743952121f5,Pest-Damage(513),Pest-Damage (462).jpg,4,0.19999999735654178,0.20000000117441974,0.19999999878156885,0.20000000072867388,0.2000000019587956
2897,e864633fdfd2470f2b3e102f3aa916888374469fab8e2cdcaef7d92a6338253f,Pest-Damage(513),Pest-Damage (463).jpg,4,0.19999999453655673,0.20000000249624902,0.19999999752624156,0.2000000014640197,0.20000000397693307
2898,55312c02b4345ba6ae3fa641272aa33cc1849b036b298df3e41bea2127ae20c6,Pest-Damage(513),Pest-Damage (464).jpg,0,0.20000013263180455,0.19999994015603564,0.2000000605417882,0.19999996399738582,0.19999990267298579
2899,51f3326167df06ae230973f14a6db434e13e626278804b0069e0153cb2f02937,Pest-Damage(513),Pest-Damage (465).jpg,0,0.2000000116662544,0.19999999477782407,0.2000000053522017,0.19999999680775316,0.1999999913959666
2900,afcc5fe2e87aef2ef2cbaaf4296151f3b7b56b1253c76cd0bb1e469d1d7f7e17,Pest-Damage(513),Pest-Damage (466).jpg,0,0.2000000116502757,0.1999999947269635,0.20000000530738127,0.1999999968475211,0.19999999146785835
2901,e1871969003134aa70208676f0ed4bb8ddbfd7c23a386d2782f6851bc02a39a5,Pest-Damage(513),Pest-Damage (467).jpg,0,0.20000015795309897,0.19999992870412686,0.20000007208270965,0.1999999571402311,0.1999998841198334
2902,2aec2ed83ceee2ca43690cb65da68fd50981e286228e5f1647887bdbc11b77de,Pest-Damage(513),Pest-Damage (468).jpg,0,0.20000005108060034,0.199999976915633,0.20000002329292654,0.19999998615648673,0.19999996255435343
2903,12753a6511ed524e3e5e9b095b3db5558882df0d55697167785d7c848a0e963a,Pest-Damage(513),Pest-Damage (469).jpg,0,0.20000026411563376,0.19999988076106984,0.20000012051496965,0.19999992834831554,0.19999980626001115
2904,44a1c3eca01620ec36a009a76228335d52fee7212a3935c67568994349bdb268,Pest-Damage(513),Pest-Damage (47).jpg,0,0.20000016912171664,0.19999992376462686,0.20000007724524194,0.19999995404763787,0.19999987582077672
2905,4e6626b7c2bb121a8738dedb390ec96308d93d6d3b2e3126822d2307bd833ef6,Pest-Damage(513),Pest-Damage (470).jpg,0,0.2000000642873458,0.19999997099992248,0.20000002934924865,0.19999998254522536,0.1999999528182577
2906,47c9c398132bec3370a0b75234c1311bd9f6bc775a2225007db6fb2a57b46792,Pest-Damage(513),Pest-Damage (471).jpg,0,0.20000009659217344,0.19999995642256405,0.20000004409441866,0.19999997377702056,0.19999992911382328
2907,20c0e04a71f86f5f2858e69ee900f7cc4b77a6662da8eaaf0fcb95a929a63599,Pest-Damage(513),Pest-Damage (472).jpg,0,0.20000025503225155,0.19999988485937795,0.2000001163686609,0.19999993081412182,0.19999981292558777
2908,317a18c27a98e3c3d6da664955fe20c6cc9d3eceacfd398469d2c2071ae868d7,Pest-Damage(513),Pest-Damage (473).jpg,0,0.20000019160814994,0.19999991352636837,0.20000008744996833,0.1999999480001452,0.19999985941536802
2909,45ebc2fb994f27c323b8a42cbe20572c8a1120e80da8911f6c9ef23a03c99411,Pest-Damage(513),Pest-Damage (474).jpg,0,0.20000022545898463,0.19999989819251457,0.20000010286277772,0.19999993884796735,0.1999998346377558
2910,d3d8c7ad0417d71ada0f3115ebec645d8009968bc14dad8957de25a741dc99ca,Pest-Damage(513),Pest-Damage (475).jpg,0,0.20000011301605233,0.19999994895612533,0.20000005155520706,0.19999996935282235,0.19999991711979284
2911,c44aab23c7cb8af11f94d0659556630caa1f8e2509e2443480b9d08943004736,Pest-Damage(513),Pest-Damage (476).jpg,0,0.20000028196264985,0.19999987274508094,0.20000012868516492,0.19999992348145645,0.19999979312564778
2912,b97f243cf7be815a9f77a49be19f8ab0b2563fe5b44879a684288559e4b11631,Pest-Damage(513),Pest-Damage (477).jpg,0,0.20000025411476818,0.199999885300257,0.20000011596720293,0.19999993104670996,0.1999998135710618
2913,95e3cc54868605287bd8524c3e7dc4dc3f70da95452f0b527efd3befa0724229,Pest-Damage(513),Pest-Damage (478).jpg,0,0.20000024744758493,0.19999988830584314,0.2000001129220973,0.19999993285804032,0.19999981846643433
2914,329e2dc60dda01a2202213f4803702dde02d818e5713e1c3c59a5b6282b5f3ef,Pest-Damage(513),Pest-Damage (479).jpg,0,0.20000025761951923,0.19999988371207422,0.20000011756253427,0.19999993009946326,0.19999981100640896
2915,644716260fefd2e06a07a1954a1012a7a97d558d3e6515600fbb37b36ffcce63,Pest-Damage(513),Pest-Damage (48).jpg,0,0.2000001754867958,0.1999999208313953,0.20000008011114645,0.19999995235723597,0.19999987121342655
2916,f3d75417a4fb93b62c91df1b3554414ba1dcd83c6ff06c60f8bbb8e11ee4a945,Pest-Damage(513),Pest-Damage (480).jpg,0,0.2000002529718074,0.1999998858169111,0.20000011544609692,0.19999993135640481,0.19999981440877973
2917,45d608874bcce5822f4da0e35e9641217d0d7dbf634c2d8f429733f9f63e96cd,Pest-Damage(513),Pest-Damage (481).jpg,0,0.20000012109748624,0.1999999453566258,0.20000005527437076,0.19999996713056528,0.19999991114095195
2918,8cc25930cd12371f647c26dac7d749cf82e339427d28de1a3523116cd98b2ccf,Pest-Damage(513),Pest-Damage (482).jpg,0,0.20000012774110318,0.19999994235193763,0.20000005830238726,0.1999999653314688,0.19999990627310307
2919,3c19be11afb2b9bc85ac84a67e4c00b3ea35792f40e677ec515b4875ca956fd1,Pest-Damage(513),Pest-Damage (483).jpg,0,0.20000022399654688,0.19999989893747072,0.2000001022501645,0.19999993919325726,0.19999983562256057
2920,6ed6741e54b6c443cba0e510a288484b252665ec3fd429238e40be04f4955bcc,Pest-Damage(513),Pest-Damage (484).jpg,0,0.2000002578441294,0.19999988361639837,0.20000011766874076,0.1999999300351186,0.19999981083561288
2921,0df9ca29ceefebd6840d9a5967a8064e2bd29ca3bc2c658b35bb35f6efced7aa,Pest-Damage(513),Pest-Damage (485).jpg,0,0.20000028225682867,0.19999987261537128,0.20000012882142232,0.19999992339990147,0.19999979290647632
2922,1e12c46467eab12b7d82517337cfac7204b5bd1459389568f5cf91b6a1d1a3a9,Pest-Damage(513),Pest-Damage (486).jpg,0,0.20000026605397156,0.19999987988366014,0.20000012139794573,0.19999992782396722,0.19999980484045524
2923,b2f864c161ff918f61c2a5854cf62ae5d42399e7ff1f7e48c4805b528d24dec9,Pest-Damage(513),Pest-Damage (487).jpg,0,0.20000023996654814,0.19999989166977858,0.20000010949983102,0.19999993489582393,0.19999982396801838
2924,8c7ce1afa32578ac2ddbc9d47bcee8550908f92cafe51c0288b245fb69f63dc1,Pest-Damage(513),Pest-Damage (488).jpg,0,0.2000002469429003,0.19999988853360803,0.20000011269174617,0.1999999329950519,0.19999981883669352
2925,9da5d35f602cf975fd2a47b4fe5c04905252f93dfc990d62f58dc28d6409cb2d,Pest-Damage(513),Pest-Damage (489).jpg,0,0.20000022135377518,0.19999990005810084,0.2000001009975533,0.19999993995440027,0.19999983763617038
2926,1943ae43afe6b1b7aed16f093f63d3495908dba54e54bbc6b5073d091b271373,Pest-Damage(513),Pest-Damage (49).jpg,0,0.20000018513954607,0.19999991639171893,0.2000000844628492,0.1999999497883953,0.19999986421749055
2927,b3e3b4096128c5262d0131c934bf836b0144aff262c85fd2b3016e7739340785,Pest-Damage(513),Pest-Damage (490).jpg,0,0.2000002359999761,0.19999989341937052,0.20000010766344736,0.1999999359970472,0.19999982692015875
2928,d74ea030dfb267d4afb3edd4cb183852d13b03ccae3d16df850ba8dcb4b4507a,Pest-Damage(513),Pest-Damage (491).jpg,0,0.20000025263576393,0.19999988595923981,0.2000001152866078,0.19999993145322092,0.19999981466516759
2929,82c5308943b59de3cf82ae4d31d9d4eb57ab091f0ac7a88893317451f7281756,Pest-Damage(513),Pest-Damage (492).jpg,0,0.20000025339915853,0.19999988562367474,0.2000001156408324,0.19999993124051046,0.19999981409582382
2930,73471afee278c36b1cd8c330c56f30ac83da987811d81fee81f57bfbfe0b10f7,Pest-Damage(513),Pest-Damage (493).jpg,0,0.20000024658937074,0.1999998886844349,0.2000001125247934,0.1999999330963446,0.19999981910505632
2931,2d48c51908ec8a152a62b12bb7cc144ec157c257c172a890ace2d0a3081701b5,Pest-Damage(513),Pest-Damage (494).jpg,0,0.20000024238894862,0.1999998906108526,0.20000011062770529,0.19999993421778178,0.1999998221547117
2932,8cbba9234e85a90e125b2ac41ce193278661167ff7b54bf92ea20990d3c289b8,Pest-Damage(513),Pest-Damage (495).jpg,0,0.20000023972267503,0.1999998917665315,0.20000010937995513,0.19999993497018959,0.19999982416064874
2933,3712c18fbf04cdf132d8b8531fb611ccd78819999d6d80dc70c5a320fb60f061,Pest-Damage(513),Pest-Damage (496).jpg,0,0.2000003403121466,0.19999984641765545,0.2000001553196619,0.1999999076425723,0.19999975030796371
2934,86ee314ad28c6434db6b901ba61861ef45429311f978d1bea33ccb2e44163ef5,Pest-Damage(513),Pest-Damage (497).jpg,0,0.2000002566336444,0.1999998841675591,0.20000011711947663,0.1999999303606848,0.19999981171863512
2935,26bba05ebf9b4c4847f8c0bf6d302f23fc9f7aa13ff1af07aec0b524bde56a5f,Pest-Damage(513),Pest-Damage (498).jpg,0,0.20000003896674143,0.19999998245178657,0.2000000178086733,0.19999998940184133,0.1999999713709574
2936,382777ffc70b4c1d63690289580a093895ebdabaca3d3392764289635db94113,Pest-Damage(513),Pest-Damage (499).jpg,0,0.20000027012040283,0.19999987806338285,0.20000012326343272,0.1999999267112557,0.19999980184152588
2937,23e0695eaff5765be929b37428991bc1087f94f39895c87a47c384380b52e576,Pest-Damage(513),Pest-Damage (5).jpg,0,0.20000027707877424,0.1999998749334605,0.20000012644600074,0.19999992481647738,0.19999979672528706
2938,362a9847b5e1ca2f2cebd14d18843076bf6b4a18603080f8c414ad25215c94df,Pest-Damage(513),Pest-Damage (50).jpg,4,0.19999999760975345,0.20000000095544285,0.19999999882982195,0.20000000072425062,0.20000000188073097
2939,9eb2d64c7e8f52355a6038ad4fe3ff74b78407ec6eea9ea9a7e55ac350c4379b,Pest-Damage(513),Pest-Damage (500).jpg,0,0.20000020874777755,0.1999999057624922,0.20000009525393658,0.19999994336597915,0.19999984686981462
2940,62213577a4e5c9e9f219e709a6cf1577eb896af8894a2004476e7218744aa69f,Pest-Damage(513),Pest-Damage (501).jpg,0,0.20000019729834628,0.19999991100054276,0.2000000900741543,0.19999994643012797,0.19999985519682872
2941,5243f1b8f7a4848ff0668171de2777ea92a784a527b2c2be98402fdf8ba867cb,Pest-Damage(513),Pest-Damage (502).jpg,0,0.2000003015508101,0.19999986389036806,0.20000013761577842,0.19999991817426738,0.19999977876877614
2942,e3bde12dc2b533662f1ce97168a405be1027d7cb5ac315d68e3df2e7e14a0676,Pest-Damage(513),Pest-Damage (503).jpg,0,0.20000025380308178,0.1999998854071248,0.20000011580313987,0.19999993115192732,0.19999981383472623
2943,cad367d5856512bcc798b5e1c6bfa5eb08946e62b392902283c404dc45ffce30,Pest-Damage(513),Pest-Damage (504).jpg,0,0.20000023883492943,0.19999989222417477,0.20000010901152923,0.19999993517628653,0.1999998247530801
2944,9cf4e20f8dba0d564595c7f74dec975f7de319ffd62eeaa96b8287d34013154d,Pest-Damage(513),Pest-Damage (505).jpg,0,0.20000026576426744,0.19999988006181002,0.20000012129623876,0.19999992787357726,0.19999980500410663
2945,7e3e7d17d6183fc905a5b06f51f49ecddd13b33c00fb3008fae8e00ccbce641b,Pest-Damage(513),Pest-Damage (506).jpg,0,0.20000022520499947,0.19999989835099097,0.20000010277509525,0.1999999388901704,0.19999983477874397
2946,9cf83367b7bc4184177fd73382ffba2c11ed877d799f6e6f461cd977458747cf,Pest-Damage(513),Pest-Damage (507).jpg,0,0.2000002225460239,0.199999899520168,0.20000010154167702,0.1999999396305898,0.19999983676154118
2947,432adcad0a385972194fee4c4067b0e9e45d7fc9553a9f93b0386ddb14a4083b,Pest-Damage(513),Pest-Damage (508).jpg,0,0.2000001111853197,0.19999994985531855,0.2000000507667811,0.19999996980514745,0.19999991838743325
2948,aa24efb7181fe2abb3e3d35b6c5e586d4fb7c5f70a22f72aeb6e09a05d7f4d8c,Pest-Damage(513),Pest-Damage (509).jpg,0,0.2000002068487656,0.19999990661559613,0.20000009438469893,0.19999994388380923,0.19999984826713021
2949,7e9e12722f311aa24ae293d4c496ccb6d5856f7c7107d19debfd8d905ad5bf7e,Pest-Damage(513),Pest-Damage (51).jpg,0,0.2000000767958669,0.19999996522795122,0.20000003497641197,0.19999997922810586,0.19999994377166405
2950,3d39869ee8762190c8e0e8493de6d70e5314c420d5b25aba2a9c3b1f1fea87be,Pest-Damage(513),Pest-Damage (510).jpg,0,0.20000018513829435,0.19999991646018042,0.20000008450603615,0.19999994974740384,0.19999986414808524
2951,441fd165a3ec09a789c91364e27eb3ce6820ac7121e0c69fb870491f703957e6,Pest-Damage(513),Pest-Damage (511).jpg,0,0.20000016786193525,0.19999992432019398,0.2000000766619058,0.19999995439739746,0.19999987675856754
2952,0b8b4aed93a86a3483614b5867c63a1cd7b3decc37f0fe272434d0ee240a6954,Pest-Damage(513),Pest-Damage (512).jpg,0,0.20000025002256108,0.19999988717017,0.20000011411440993,0.19999993214327516,0.19999981654958385
2953,9bbdeca088ef1d3fa21fcfb3d2332e6cf200d9471a304e008cbe9175caf6d484,Pest-Damage(513),Pest-Damage (513).jpg,0,0.20000022359576783,0.1999998991139101,0.2000001020643738,0.19999993930461338,0.19999983592133488
2954,4d892e52a94c86b02573f4d3edee03d511fb601e72fb3e4c960941ca36ac8243,Pest-Damage(513),Pest-Damage (52).jpg,4,0.19999992087452986,0.2000000356060922,0.19999996382055088,0.20000002153705454,0.20000005816177258
2955,b58d78729c968d15d920bdbe8d65e7387bdc9ae2e5f2d5ff1d0164daf53cc4ff,Pest-Damage(513),Pest-Damage (53).jpg,4,0.19999993786389703,0.20000002800539896,0.19999997161729777,0.20000001688548982,0.20000004562791657
2956,936aa932fa62aa6af8051fb3cabba59386625dee577e86bf61814855c6d418a7,Pest-Damage(513),Pest-Damage (54).jpg,0,0.20000003910446207,0.19999998218718074,0.20000001774114803,0.19999998948825004,0.1999999714789592
2957,9429c4e683bc7b8361cc9d620225cf4f0f18f8d301d5877b13777fc64a71cee4,Pest-Damage(513),Pest-Damage (55).jpg,0,0.20000007532484404,0.19999996590509875,0.20000003431354277,0.19999997961921104,0.19999994483730352
2958,b6342538683eedc54bcc406cf4570fa985aeb598ae7676d3c3bb37c6db8d0c6e,Pest-Damage(513),Pest-Damage (56).jpg,4,0.1999999294913931,0.2000000316944646,0.19999996773852116,0.20000001921235921,0.20000005186326195
2959,188074dd81c27e4523ac33a5881fa177cecf288853353f609cc7f06651f8193b,Pest-Damage(513),Pest-Damage (57).jpg,4,0.19999997208943274,0.2000000125146451,0.19999998720925985,0.2000000076245706,0.2000000205620916
2960,6c1f61fa0899148b33400e18dd1a949f83c0461d4c004e2172d956900939985f,Pest-Damage(513),Pest-Damage (58).jpg,4,0.1999998989189522,0.20000004554472062,0.19999995381923502,0.20000002747715628,0.2000000742399359
2961,b3bba84959fec2c525d87835a32d2a7add10ae471bca94024cceac511b30f1be,Pest-Damage(513),Pest-Damage (59).jpg,0,0.20000008608971076,0.19999996105157794,0.20000003922968393,0.19999997669489739,0.19999993693413
2962,5b4d9568b5c256e1eb9aa6e56a2d73f8cda3c9c405ecaffc197ed8ff836de766,Pest-Damage(513),Pest-Damage (6).jpg,0,0.20000013028093547,0.19999994113494968,0.2000000594159061,0.19999996468522813,0.19999990448298063
2963,11afc769ec89a9b57dc7aab88728d6c3f85e0c20dec18b0b97b0a03adb418e51,Pest-Damage(513),Pest-Damage (60).jpg,4,0.19999988252092027,0.20000005294864853,0.1999999463372954,0.20000003192517446,0.20000008626796137
2964,c459a0bd9c076cf4c4c465969216795dc5fc094c452c7ea9d5047db408deb491,Pest-Damage(513),Pest-Damage (61).jpg,0,0.20000009098452193,0.19999995881871666,0.20000004144845138,0.19999997538132905,0.19999993336698102
2965,e632b4ff9a325f1d9ba0303598e186100454d253a3282c367ea370fcf8b66e8e,Pest-Damage(513),Pest-Damage (62).jpg,4,0.19999992015307153,0.2000000361097389,0.1999999636058489,0.20000002162377886,0.20000005850756175
2966,4155be0394b7dc363e1d588097f068117e0d73ce715274cf477634d1c3276a4b,Pest-Damage(513),Pest-Damage (63).jpg,4,0.19999992733414107,0.20000003276716144,0.19999996681772583,0.20000001973702017,0.20000005334395163
2967,8ebd74c2b6bb39e765ec16a37b87a93dbe0a39836ba8c97e2235559d9566b7b0,Pest-Damage(513),Pest-Damage (64).jpg,0,0.2000000177884776,0.19999999194965695,0.20000000810427768,0.19999999518590558,0.19999998697168217
2968,eeec7b41d7af5fad0e0697cc35d26be64c646e9b37c0984948d270ba3919ea6e,Pest-Damage(513),Pest-Damage (65).jpg,4,0.19999999241928856,0.2000000034318701,0.19999999654704906,0.20000000205066526,0.200000005551127
2969,1eff4394db34803f05fa4ed5bc4b2d27623d720af558d1276dbb145a3c5f228f,Pest-Damage(513),Pest-Damage (66).jpg,0,0.20000000546656965,0.19999999750480935,0.2000000024768049,0.19999999853342357,0.19999999601839244
2970,665f75893292c6c9478c43b35a852dea2492cf30257a7344d7d3496eb13d5531,Pest-Damage(513),Pest-Damage (67).jpg,4,0.19999993339456978,0.20000003005127373,0.19999996959602406,0.20000001808049772,0.2000000488776348
2971,31781bb7b3f89ca37184602f6f4613f6e1350e1c7f8d9ceda90897fa8ca6fbb5,Pest-Damage(513),Pest-Damage (68).jpg,0,0.2000000558936636,0.19999997476374637,0.20000002550267948,0.1999999848379235,0.19999995900198708
2972,c666aaefbbad9cdfc1fc07c28c14c8fbfcb2f580e67b82b48ba0fdfb5e812287,Pest-Damage(513),Pest-Damage (69).jpg,0,0.20000007091579067,0.19999996795988248,0.20000003234308056,0.19999998077583864,0.19999994800540766
2973,d447f007c725e54a56a6496d0d3c2550e479f82e88741c4f300ea59916ac27bd,Pest-Damage(513),Pest-Damage (7).jpg,0,0.2000002122006469,0.19999990420988226,0.20000009683346973,0.19999994242557012,0.19999984433043103
2974,c49c270fd73be89a6cc1f99b15bf1a15b07c862984b8afae25172e5823443698,Pest-Damage(513),Pest-Damage (70).jpg,4,0.1999999503803898,0.2000000224026882,0.19999997735949784,0.2000000134603581,0.20000003639706607
2975,633ee21d27f2d1fecf04ed8a8b3b872302907e2b3c134e0e3edbf5c6ddb93809,Pest-Damage(513),Pest-Damage (71).jpg,4,0.1999999676317331,0.20000001458909825,0.19999998521497875,0.20000000879564137,0.2000000237685485
2976,0888fbb604a025a790fb03c83e8dde01db00ed32fb3ca1c9b109e6f903514632,Pest-Damage(513),Pest-Damage (72).jpg,0,0.20000006794198733,0.19999996928079988,0.20000003097215516,0.19999998159580978,0.19999995020924785
2977,797250d1af41ffe4cb3da223b330f258f105a35228aee5f50330ce91f97e949c,Pest-Damage(513),Pest-Damage (73).jpg,4,0.19999982692041238,0.20000007815399115,0.19999992103367092,0.200000046945437,0.20000012694648858
2978,bd68d760c7cdf940ffbcf0188cae663d9dc7126d4243cde9c179e8e73b0d3955,Pest-Damage(513),Pest-Damage (74).jpg,4,0.19999998123978752,0.20000000843211124,0.1999999914156509,0.2000000051121452,0.20000001380030522
2979,a3f2f3146cdbd03d230fb8b12716e85b628192ca9df58dd7310e78da3101f43f,Pest-Damage(513),Pest-Damage (75).jpg,0,0.20000008002278893,0.19999996384692814,0.2000000364976157,0.19999997830608016,0.19999994132658708
2980,1840a677605524b7412a7eb349d84770d6e291d73ef2c70b465606b2ece4d873,Pest-Damage(513),Pest-Damage (76).jpg,4,0.199999958044881,0.2000000189520071,0.19999998086295043,0.2000000113752848,0.20000003076487677
2981,1a9a626d3087d655e38159ab2db99bf13ea663c87f1fbbcdf2727f4a23e550da,Pest-Damage(513),Pest-Damage (77).jpg,0,0.20000002541771228,0.19999998847910008,0.20000001156855854,0.19999999313216796,0.19999998140246109
2982,de1f9f0f3cca16a3885a2a2e2dac4e322e474544cea242077d8567ee26481779,Pest-Damage(513),Pest-Damage (78).jpg,4,0.19999981975616307,0.2000000814233224,0.19999991778711204,0.20000004886777525,0.20000013216562723
2983,d97bc20b63cbe355b504133f82874b3706bca164f762f2529d906227dd547b13,Pest-Damage(513),Pest-Damage (79).jpg,4,0.19999998022345644,0.20000000891397554,0.19999999096669088,0.20000000537378662,0.20000001452209043
2984,ebe8fcd7e1c54ad885cdc26461bc70e606b94528a4494057ec51cfabc025dd10,Pest-Damage(513),Pest-Damage (8).jpg,0,0.20000024424436474,0.19999988970758562,0.20000011143190402,0.19999993375422653,0.1999998208619191
2985,907e8569dc80b8a654d5eacd56d3b4adf881f61803b991e6634864f98af8c2a5,Pest-Damage(513),Pest-Damage (80).jpg,0,0.20000004261010776,0.19999998075723435,0.20000001943911552,0.19999998844374206,0.19999996874980028
2986,22aa1412d5bbab50dc3ddc7dffdffcd042c2a2fae6cb41c236a902dc5c7a8222,Pest-Damage(513),Pest-Damage (81).jpg,4,0.19999993396321541,0.20000002980937015,0.1999999698650502,0.20000001791722288,0.20000004844514138
2987,37c48f2ae61136d061fdb7209290784250a7c902211380447b4202ed0e3351a3,Pest-Damage(513),Pest-Damage (82).jpg,0,0.20000000451933014,0.1999999979394798,0.20000000204913568,0.1999999987861071,0.19999999670594737
2988,65618c09c1375e401afc0c999b6fab8a64862dae324d3be9006097825d875516,Pest-Damage(513),Pest-Damage (83).jpg,0,0.20000001164905787,0.19999999471882038,0.2000000053012202,0.19999999685301176,0.19999999147788985
2989,7897177c91204444583d131ee0b56fe1f22fd98949cb43f0445bf37dd5c84cf2,Pest-Damage(513),Pest-Damage (84).jpg,4,0.19999996206726414,0.2000000170882683,0.19999998266752972,0.20000001031318598,0.20000002786375173
2990,dc7e1b5022abd7faf6f3d7baa69f406c258b63d9b7bf76777cf5a0c50cbc0173,Pest-Damage(513),Pest-Damage (85).jpg,4,0.19999983257815623,0.20000007564104572,0.19999992364194785,0.20000004538542085,0.2000001227534292
2991,91127c61224e25f24856b93469f8f7f469f4515f5ceef2cce4ac93419d9e51c6,Pest-Damage(513),Pest-Damage (86).jpg,4,0.19999986108029255,0.20000006275583176,0.1999999366360835,0.2000000376637944,0.20000010186399778
2992,e1144d4c1e058dfcf46bf95d4c59a852ab8153840daa798fd839835de58ba4d6,Pest-Damage(513),Pest-Damage (87).jpg,0,0.20000000595170028,0.19999999728686374,0.20000000269891552,0.19999999840120034,0.19999999566132018
2993,37231c6382a89b1da99cb976083ff98b97755507e737abb74872fd135a0c8b0c,Pest-Damage(513),Pest-Damage (88).jpg,4,0.19999998779867836,0.20000000539555943,0.1999999943598279,0.20000000337890653,0.20000000906702775
2994,fac744dfbd28db19c2a0ca565337fe2b36575a497cc1cddf67866140d1fd4258,Pest-Damage(513),Pest-Damage (89).jpg,0,0.20000007546298365,0.1999999659441089,0.20000003444190154,0.199999979519685,0.1999999446313209
2995,85ed2395d9351608614dcdacbdd98a828f865fcfe847d98cb8de41e6aa8b5a61,Pest-Damage(513),Pest-Damage (9).jpg,0,0.20000016983852378,0.19999992335236177,0.20000007751510174,0.1999999539072565,0.19999987538675615
2996,32dfa2ccb9ac442f566643eb1f22fada50b1cc8373ff09ef45246544ac46f8fe,Pest-Damage(513),Pest-Damage (90).jpg,4,0.19999998718205256,0.20000000576649332,0.19999999413808522,0.20000000348964359,0.2000000094237254
2997,791edd337adf6601ddbb588f3a5293226e54dd771515f9ef62c7335104dddfee,Pest-Damage(513),Pest-Damage (91).jpg,4,0.1999997612407603,0.2000001078986177,0.19999989112393657,0.20000006470727769,0.20000017502940762
2998,a0385df84ccb64b09339b11995e47b24ba9e13fba82bc959e5cfc01b32df032d,Pest-Damage(513),Pest-Damage (92).jpg,0,0.20000005144360553,0.1999999767834073,0.20000002347899293,0.19999998603870048,0.1999999622552938
2999,d05aa6cde992f89ab881080d287c6ae8695e07147405d5f12df61cd53a061a40,Pest-Damage(513),Pest-Damage (93).jpg,4,0.19999999497168777,0.2000000022574706,0.19999999769745297,0.2000000013717489,0.20000000370163995
3000,1a409a8199ef6f54d57a43909e818889936b1a1eb6db39f152f7ac68dc84a5cf,Pest-Damage(513),Pest-Damage (94).jpg,4,0.1999999518191029,0.20000002170752024,0.19999997798657,0.20000001309804122,0.20000003538876562
3001,20bf3f402fa3dcc94e2748a74fae144700d9d37ad15aed1c974bb5ef4acbc651,Pest-Damage(513),Pest-Damage (95).jpg,0,0.20000000148354222,0.19999999931354667,0.20000000066621218,0.19999999960755985,0.19999999892913906
3002,4b3c75261abd822b843482be592251bacf9a1354af4deb3161cf535a22a78e7c,Pest-Damage(513),Pest-Damage (96).jpg,0,0.20000002798124944,0.1999999873866244,0.2000000127801351,0.19999999239719643,0.19999997945479475
3003,76415694b7b25941227c10cd7b31dbb25128be69162dae8329a0237b607c050e,Pest-Damage(513),Pest-Damage (97).jpg,4,0.19999994878171268,0.20000002313248544,0.1999999766351794,0.20000001388912714,0.2000000375614954
3004,441502aab7dd3acdfef209ee708fd86e295541e70bc136df2e8736dead7c14b3,Pest-Damage(513),Pest-Damage (98).jpg,0,0.20000006729569703,0.19999996954058255,0.20000003065675706,0.19999998179084535,0.19999995071611806
3005,f42e276f6a5a89ae6cadd4e9cdab6923bdb8ac79fe4183e6562c29b25a5e5e5e,Pest-Damage(513),Pest-Damage (99).jpg,4,0.19999995395529566,0.2000000207755898,0.1999999789822237,0.2000000124985988,0.20000003378829204
