feature_row,source_id,class_label,filename,cluster_label
0,b855dcf781196bdf4acdb6d3be0f3aa9f92a2a293d651b2d2bb180a8bf73035e,Anthracnose(102),Anthracnose (1).jpg,4
1,87cbaa0917db06ba22386cfefc348f6e0f1c8d41f630462a04943de4865a5db4,Anthracnose(102),Anthracnose (10).jpg,4
2,4a8cf82c320296d8022fa24f70b49324ec0cb8a233815cc77f65c996ac1d0060,Anthracnose(102),Anthracnose (100).jpg,4
3,beaca11596033dd112544ffda1492c5001772c521478dc629b6a217377080128,Anthracnose(102),Anthracnose (101).jpg,2
4,eb2943a18cceec63d2092dedf0198eb7804a571e3afa3c038349f5df330e3f06,Anthracnose(102),Anthracnose (102).jpg,2
5,70b5a84d44ffda7840ad92c2faacd92ea09254dfb3634a3348cf213e0cfa4456,Anthracnose(102),Anthracnose (11).jpg,2
6,6513ae19078b995e6b34bf8d7aeea25a37be6006561731d370f4d5329a502e43,Anthracnose(102),Anthracnose (12).jpg,2
7,c7aaa4a29753ec27c41c9c2bcdcdab975d27eec4cf4e70b60c8dee53acb51aee,Anthracnose(102),Anthracnose (13).jpg,4
8,8396b72c811ffc54aa9b89298c6afaa43a3ebf726bef63635d25148fdea4b6b4,Anthracnose(102),Anthracnose (14).jpg,4
9,bb4e4be9f661773672aa4b393cc3e825bf0f62b4d563b17df43d77247ae10a45,Anthracnose(102),Anthracnose (15).jpg,2
10,e12d7b8c036b365bd2dcb9ab1559ec380a9b1a2e6217104892f11182c35ae25d,Anthracnose(102),Anthracnose (16).jpg,4
11,c6a52e79d8dcf8418e820334987c61fa30b74f8e443d9ce7de6b6e2a8d67b521,Anthracnose(102),Anthracnose (17).jpg,4
12,7db30e7a704366f44641e124b4052c8d47295a96fbc19f437249f90714b2c0d5,Anthracnose(102),Anthracnose (18).jpg,2
13,2cb6a7b46210b7b9362b49c03e03b521e06058a615bee11dad4631686f2f43c0,Anthracnose(102),Anthracnose (19).jpg,2
14,46b56510d1634f55da4625ff12d15fd342cd90b0e524fc58b42f790ff3f734ce,Anthracnose(102),Anthracnose (2).jpg,4
15,6943ab94dac5431b78c31b826203c3fb49b82e2d99f383935f2804fb69bc9d3e,Anthracnose(102),Anthracnose (20).jpg,2
16,c8657185ea469ecd1112d617e67b58d06b60ae28da226daa1f7b7b0f27b3cd38,Anthracnose(102),Anthracnose (21).jpg,2
17,4c2b44f3e3130972dad56d12bf4c65bfddfe70f94e120e268109d1b0ad97437f,Anthracnose(102),Anthracnose (22).JPG,0
18,3f7812fb258535235edd6c60f77da30efe62efc24ac972e0a3f842ca1220424d,Anthracnose(102),Anthracnose (23).JPG,0
19,526fd33e4b2ea5317eab207b64b358fb75925782ebac10fe639c35e4d6f8cb6d,Anthracnose(102),Anthracnose (24).JPG,0
20,1603d84c9698fb404321601923cdfa49348e52d3127dea0fc9cb323156dd43e5,Anthracnose(102),Anthracnose (25).JPG,0
21,23267d001bb4a99631f67e346cd47ba951e215063368aece482c982e3a395686,Anthracnose(102),Anthracnose (26).JPG,0
22,6b1a65bb153f42171dda7e15979b6558a67e6c1c17b8bb62233a876beff828f2,Anthracnose(102),Anthracnose (27).jpg,2
23,01e291f8b62ce05388421f18ea31d1b500449970622347a63731caa7aa45ef5d,Anthracnose(102),Anthracnose (28).jpg,2
24,3fd350dd6a779747d6b949ab04631bac51bda24b29c569b920a3b6153e591c9d,Anthracnose(102),Anthracnose (29).jpg,2
25,dddbba7d6bb902b9b68f634ba95e2f5a769fada859ee665818e31341d015efa0,Anthracnose(102),Anthracnose (3).jpg,4
26,e4f3dea2556bf0d86ee01610a31409547e087f3c9bc9e2c83b1ea8bc7559541e,Anthracnose(102),Anthracnose (30).jpg,2
27,dc0d5ee594b0e487eb50870c4323a05a8f17acb1fb8a3b7b114849203ef2176c,Anthracnose(102),Anthracnose (31).jpg,2
28,8c2b8abcb7b63c6b87e783aade8f916cc2ac6424e5e34d9e2a489d01b6ec8fd1,Anthracnose(102),Anthracnose (32).jpg,2
29,ff9372bab07609f953cf6be2c245e37799272f1ec8a68337c6f803ad93b82ce3,Anthracnose(102),Anthracnose (33).jpg,2
30,b546b24bfe5990f26917a5222f981caccf8d9ce4cdd5ee38b7942ccaa7ff9c04,Anthracnose(102),Anthracnose (34).jpg,2
31,637e2a107e65d1fb2d6085f530a07490065d817d1f3fb6169b7879e36beb0ec5,Anthracnose(102),Anthracnose (35).jpg,2
32,855e9426fd6d91ac21637554877003c2c11787d77125bf15a1242a7a05b0c621,Anthracnose(102),Anthracnose (36).jpg,2
33,6633a1d0326882dda1027f430c744fd6c96d897de3e0e92a1e63c68ba851eaf7,Anthracnose(102),Anthracnose (37).jpg,2
34,d3033583481d5ef2b835943a628bdd25ff3c0227931663e6220dc12d07e844f6,Anthracnose(102),Anthracnose (38).jpg,2
35,300cecedb217cbabc4cfc1033533bfbc7cfc205d9e7006b9362d33121e991b76,Anthracnose(102),Anthracnose (39).jpg,2
36,fde6ffdfd86c52e53fb52cb5fc24bdeaa20020806909cae2c7fa6129ea6b9e17,Anthracnose(102),Anthracnose (4).jpg,4
37,2590e251f3c970b2d1755f440da6a8f8106a2e492c60381d4fb8a2dcbb831cbf,Anthracnose(102),Anthracnose (40).jpg,2
38,20ab23b74fa4051b438c072656c0419d9b64268fd753d1ccae03291e8e79ea93,Anthracnose(102),Anthracnose (41).jpg,2
39,d53065c50881932945274b202986315c642d577e71f3481906fbf08a67bbcafe,Anthracnose(102),Anthracnose (42).jpg,2
40,ada9ad9e1ff692d8d6292ff9fd6f756a1f23dfd9163fcbda45c277a80aa1e64c,Anthracnose(102),Anthracnose (43).jpg,2
41,088c56602036bd5d2c12454a7904a27c36fd75e7ff9b937dd08b2af2ae239063,Anthracnose(102),Anthracnose (44).jpg,2
42,743d97fecbfc390bda0cc15fced8621e25ce7139dcfd3c6fbac0df8baefeebd6,Anthracnose(102),Anthracnose (45).jpg,2
43,288468bc4e55c95e275129f485ece832d7ff723f53bcedd69f62518941357831,Anthracnose(102),Anthracnose (46).JPG,0
44,5254c94a9c32179394f97e92eab25511c20ab2bdbfd543d7c73e88f7b10de099,Anthracnose(102),Anthracnose (47).JPG,0
45,30bccc1c2b82e759b7518ba3b503a2a3515ef2696ea721cd3b8a8d7dc819a442,Anthracnose(102),Anthracnose (48).JPG,0
46,236f52ec7f2899536cd8efe6746fa54e68eeee76bfa9e04df7e96d285d57710f,Anthracnose(102),Anthracnose (49).jpg,2
47,cd262eccae38a1aa540bac534149af4c19d0af23b3c99699dcce5683e3775ae9,Anthracnose(102),Anthracnose (5).jpg,4
48,04476335c3684d9f55a6650e20aefd425dbca23dc22311ab4272e3951d8491bc,Anthracnose(102),Anthracnose (50).jpg,2
49,56bdf45b42927f63521317e54cfe65629a3bf646960a7127ffb592b9210c85ed,Anthracnose(102),Anthracnose (51).jpg,2
50,7635ebbf32ccd0335b43954f9e4dc5c1311f3d7c37dae04c67ad186c3823a2d7,Anthracnose(102),Anthracnose (52).jpg,2
51,947a448f80e13331a1ee9be1e87f13758d09df3223722889ce2cebf80ec7b315,Anthracnose(102),Anthracnose (53).jpg,2
52,7a61aa4577d16a4a29822b7913e870b3f53ecf8008b895d6e758d6dbfeb45139,Anthracnose(102),Anthracnose (54).jpg,2
53,048d20e31c78478c5d4935c178c5be56ed9fca5d4cdd14aa62397730bfde9a4d,Anthracnose(102),Anthracnose (55).jpg,2
54,63ca46c5484394a464f4ae638813aa1b696a333fce518880aa7d5fd43f8553be,Anthracnose(102),Anthracnose (56).jpg,2
55,329e461f725e88562b70a475d166e1f4cc0f56d93862dbef6c45310569d6a26f,Anthracnose(102),Anthracnose (57).jpg,2
56,858ddddace8d89d438a7994cfecf0a112605e3c632ff57bfaef3a9ac3a96392d,Anthracnose(102),Anthracnose (58).jpg,2
57,02d77159eb88650fc95f6fb8481963fcbc60f0cd00e0b73266f26aa6f4490b20,Anthracnose(102),Anthracnose (59).jpg,2
58,0f37b8632b7a592b301bd52c402f0babf9f028e55c15eb8c65fb90c695843f31,Anthracnose(102),Anthracnose (6).jpg,4
59,80fb9cd31bf8d4494ef633dd7ac94315e68687f8d8e1d57a2abd620681d7c1a6,Anthracnose(102),Anthracnose (60).jpg,2
60,c8786037cedc3d54b680c225e4e9e4e4e50f4d64da8b4de5c472f6973d56ee88,Anthracnose(102),Anthracnose (61).jpg,2
61,1979fdd620149662e138309d1a7534b89fcbdafb9794c896b2b3edd450ba1574,Anthracnose(102),Anthracnose (62).jpg,2
62,8daf374a6e4d0720d526b87ec463cb75037a089cf2cf03680cab5c5806070233,Anthracnose(102),Anthracnose (63).jpg,2
63,016ba6fd7140c39722b677cd6d9c19d1f001adcbc962332f9ce277313d19aadb,Anthracnose(102),Anthracnose (64).jpg,2
64,07729db7d968fb22f04bc5ac15e706622e0dfd8d8dcea58f98d36c3bcfb5360f,Anthracnose(102),Anthracnose (65).jpg,2
65,7002c41da85f268a8df9e7a1762f03cec55ff1bc43c609f8e6207436367f8158,Anthracnose(102),Anthracnose (66).jpg,2
66,8b193aeb4ea2c531b6b27440b4ae5ac0ca28d2e16998fd98ab752dabc1ba8ceb,Anthracnose(102),Anthracnose (67).jpg,2
67,92f8dec851d91edada97e120ff318415d9ff074112349e92a118b58e9b253217,Anthracnose(102),Anthracnose (68).jpg,2
68,2531ddabdba6239b763e272144cca88e3c1de17c988216e5514ba88f1942cce8,Anthracnose(102),Anthracnose (69).jpg,2
69,38558e97e074a5a65636e6f9a74affeea806bcf09eac02ea247e76efe0ec3b43,Anthracnose(102),Anthracnose (7).jpg,4
70,3ef013d5f0debd3c0009d499042afdfccddd172f2f3d546673ea68e2fd2e2b67,Anthracnose(102),Anthracnose (70).jpg,2
71,2da6cee7ddfb4df7e13f8023996282d0674cc97a82266b79363b2fb350669039,Anthracnose(102),Anthracnose (71).jpg,2
72,bc719ad565e44939b9132f900527f7ee569ec60cfc17934216f6e54dd0072b5e,Anthracnose(102),Anthracnose (72).jpg,2
73,2858207fd6d9594cb1591ab9b20552e7160aa85c23d2ec1c45862a9b2bdeb196,Anthracnose(102),Anthracnose (73).jpg,2
74,5b9d6f4568ebbc04e61f72cc08f8544c7e6d4d2071890f18bdca40b37f44cbc4,Anthracnose(102),Anthracnose (74).jpg,2
75,8b882053c72fc295ef9e426dfbeb193d8f2caf317a01bb71c76957aa22f46aee,Anthracnose(102),Anthracnose (75).jpg,2
76,a2f6a97a093305d1550915573f4855505fc681212c5a9a71c317c85da30b8162,Anthracnose(102),Anthracnose (76).jpg,2
77,bfdd8450c1d8abe464a06e9d5ebda7254472166b3158ea5e3e7f4a7fd7155699,Anthracnose(102),Anthracnose (77).jpg,2
78,973ddf619d81b1afbe19055b63fc686f960d76d7e303ca7f543fad3183261198,Anthracnose(102),Anthracnose (78).jpg,2
79,cb3a47e744eb9bafad547c5875d6d98a02c241fd457c7c946c3f20e45284ad2e,Anthracnose(102),Anthracnose (79).jpg,2
80,eb6a5f2204b981afd6508cebc29134f10a54a6500caea2c65df24d7397c588c0,Anthracnose(102),Anthracnose (8).jpg,2
81,a01a9e9a233523ae14d183bdf3764c3e0ccfbab8c44ead132f24782452c58286,Anthracnose(102),Anthracnose (80).jpg,4
82,53b45a4e974e864151010bcd544dedf0a3e82773a9c9f18ae0d6b0a1a6082cd6,Anthracnose(102),Anthracnose (81).jpg,2
83,ca89f85e2b4dca162df0ac5f41c709c97b911bd20d085e2daffced760c608a6a,Anthracnose(102),Anthracnose (82).jpg,2
84,d914801a983fa90a2f052795c9b82ff373000317da2f1ff3b18b84b80ea7cc52,Anthracnose(102),Anthracnose (83).jpg,2
85,a593910c96e80e9cbaff3ed8b8a97207be01ba860c9028cd208632aeaf61272c,Anthracnose(102),Anthracnose (84).jpg,2
86,aeba464259d7ae528fef09eaabd5736ae27beb90f23e3fd420e25130cd6a6213,Anthracnose(102),Anthracnose (85).jpg,2
87,25eca3ec50191a7872ec3c597ebcf0c3e24564be82e88f2c03a510db5bc4b9c3,Anthracnose(102),Anthracnose (86).jpg,2
88,667bd286fc83ca608fd691e2a6efb38550d5e5919d26d032f981c63834a0f7d2,Anthracnose(102),Anthracnose (87).jpg,2
89,843587f031469f61a1910a637fc1064de079a62eab4405b5ee157bebf76b6cd9,Anthracnose(102),Anthracnose (88).jpg,2
90,31070ff0506dbf74df3cd6a0e3cd5d36315a9925bd4f8db2dcb6183ff16739fd,Anthracnose(102),Anthracnose (89).jpg,2
91,02d266bb26f021470c32032d8bb250b3505de67b300b618370a0ede3f3dd0751,Anthracnose(102),Anthracnose (9).jpg,2
92,6261a30632cd26d65c619d51e48bc568cc0e25763c74a098b94528b00176ed8e,Anthracnose(102),Anthracnose (90).jpg,2
93,40ead8c4ecf9efea4dd351c1c2debfeb63a3658bb7f1682e6a210615fa225fd8,Anthracnose(102),Anthracnose (91).jpg,2
94,f605a8032c6398efc8a327a178cb14de1da5db37dea9132f4523c723e4020b3b,Anthracnose(102),Anthracnose (92).jpg,2
95,aef1ec1b5a1dd5c6ab9ac099e04fb71a7afeac149427c1d3a9c99726bdefdc7d,Anthracnose(102),Anthracnose (93).jpg,3
96,c1374f61d77b18a22f54e02106734c0c6788ddb35ed4a3fee171a4ceeb925a2f,Anthracnose(102),Anthracnose (94).jpg,3
97,19f83d896e15b814cb852db25a81343959504580b3e0675d34617f90cbd0b3e4,Anthracnose(102),Anthracnose (95).jpg,2
98,0a18860068ccfd5e13d9bb32f2f599f139100adb8ad27892ec562f8ac243a43c,Anthracnose(102),Anthracnose (96).jpg,4
99,40480a267715f281b8ae1820debe400e56970c7576b126bc0f520f28da0f7cb8,Anthracnose(102),Anthracnose (97).jpg,2
100,ca98756896f96b4219f363667c1ab9b547aa0bc922602119f2c3649fdf279575,Anthracnose(102),Anthracnose (98).jpg,2
101,75221d776e3f05dde6026f1d39799a0f33c8c0ab1696c0a4a68f1ea7c1829633,Anthracnose(102),Anthracnose (99).jpg,2
102,48ab046e600edf59372e25d8f307e1dce30e6e5b93cbc241e6c75f8be0ab5e93,Bacterial-Spot(752),Bacterial-Spot (1).jpg,4
103,858299f30f991ef5860b3da40fb790c68d29350c4c3dfb24830ae8ada54fae9c,Bacterial-Spot(752),Bacterial-Spot (10).jpg,4
104,6c0514015e7c366e4a5a06bf4ca64368927b6eb04832265c38d3dea033bdb1e6,Bacterial-Spot(752),Bacterial-Spot (100).jpg,3
105,4097d0f7327d52a3240ee4197c70ab6a6d59809e2a208105adf30c32a0ea0f1e,Bacterial-Spot(752),Bacterial-Spot (101).jpg,2
106,52466e9a00a693918eac5c6fdb17f480ec48d7f107751af820c67fd51ffeaf78,Bacterial-Spot(752),Bacterial-Spot (102).jpg,2
107,907a60c0245a6215cd18655d3f58071d11fd0eb0ee792f30cf61dad536efe702,Bacterial-Spot(752),Bacterial-Spot (103).jpg,2
108,e5c1a3a698182772be3ac4147f1ad4b6d87e22aa7397a31df25bf7a786421a2d,Bacterial-Spot(752),Bacterial-Spot (104).jpg,2
109,f5e89e8a029a6957f03c62fadb84d0722a90f0af05332d5175e7ec897d2b78b7,Bacterial-Spot(752),Bacterial-Spot (105).jpg,2
110,deadbba5b224bdfb24df640ab8dbdcc6c0f2b8b629cf69135824ee12333bcdd5,Bacterial-Spot(752),Bacterial-Spot (106).jpg,2
111,f6ad3b65ec33d933b1bb54cdc62e5d74aab850783ca9fc4772d2bc6707ca506e,Bacterial-Spot(752),Bacterial-Spot (107).jpg,2
112,325014be21cc74fe21b625624314ac694aaea73561f39e18636ffc7ce15a0919,Bacterial-Spot(752),Bacterial-Spot (108).jpg,2
113,0bb310b669349a82aac67ad3d1930eb2df3a382eabb93689a6235bd4c078dcd8,Bacterial-Spot(752),Bacterial-Spot (109).jpg,2
114,15bd56e611da5a8061772fcce85203b6d5273f50d2bd786583dc7955c21a4a04,Bacterial-Spot(752),Bacterial-Spot (11).jpg,4
115,0c234eb7e69c4981dcca060bbb41e1f296bb4e21e11946cb14818442a3ae5424,Bacterial-Spot(752),Bacterial-Spot (110).jpg,2
116,6bb18d66df9445e928aea45a3ffc359b84f64211425fd6cb3297c1d5e0a2e525,Bacterial-Spot(752),Bacterial-Spot (111).jpg,2
117,d2e0509f425af8f13c9d018be481ddcc15d034fd1e25e3df24acf9d77451ecef,Bacterial-Spot(752),Bacterial-Spot (112).jpg,2
118,aa1a1cb5f11e0ebdc5e15da320b3153aa5e5e50d36fe836dea9d696c85d55bc9,Bacterial-Spot(752),Bacterial-Spot (113).jpg,2
119,8f4674bb8ddd82b3f1691b1c4ac497ad12d5928da750ac9d37ef697c58ee736f,Bacterial-Spot(752),Bacterial-Spot (114).jpg,2
120,bd1eb56995967cc2fd0d05a0c992dbea937e1eb8e30144f7467ff2fbea8ac357,Bacterial-Spot(752),Bacterial-Spot (115).jpg,2
121,cb78dff27c7cb5dbb1633e52f1c28d3aebe1f16b5bed6535619c1ae524191f40,Bacterial-Spot(752),Bacterial-Spot (116).jpg,2
122,6dfc577f199074011891af23a0fb219d634abfc86bb618faa56ee78c49e55f67,Bacterial-Spot(752),Bacterial-Spot (117).jpg,2
123,5b70c33067970db2c1e0ecb4782b04a3f37e9cacca404fe965b1fa28a6de9feb,Bacterial-Spot(752),Bacterial-Spot (118).jpg,2
124,259da5c39b0912d8f77d287d5ffb09773cb3182b26e647e6f688a670b1453f0e,Bacterial-Spot(752),Bacterial-Spot (119).jpg,2
125,6587ff6a6f79c156fbfceaf280d76aea71124b4b029a566805f70cbb75162c26,Bacterial-Spot(752),Bacterial-Spot (12).jpg,3
126,c3582fda2c562cc4f6f230778868cd8ddc9d1564b1c4f0159215b9365bb3ffa1,Bacterial-Spot(752),Bacterial-Spot (120).jpg,4
127,fb900a151a1adbde17aaa0b5edce371399c6474abaa8ae9e15ebf413e4835266,Bacterial-Spot(752),Bacterial-Spot (121).jpg,4
128,030fc1553314dac97aabae497ebce0eb735cb475f880ed752db761fb11624fbc,Bacterial-Spot(752),Bacterial-Spot (122).jpg,4
129,a1012b524ae0a91929be0866cf19d70413f114a5c38e50fc3d508bace9cbd99d,Bacterial-Spot(752),Bacterial-Spot (123).jpg,4
130,235cbfa8f4e10ceacfe20c7b3852c330151e69a22ba1718cca376cd873dec9a8,Bacterial-Spot(752),Bacterial-Spot (124).jpg,4
131,12bcde2cf9e3305e4cae12f324d2a46bcc2c676dafdaf054a16ddf4f21257207,Bacterial-Spot(752),Bacterial-Spot (125).jpg,4
132,036e5a72b4ae0e81b3004014757c5911f3aa04526bf11d3a6f3d2228fb65bfcc,Bacterial-Spot(752),Bacterial-Spot (126).jpg,4
133,fef45d6b12ef2dd5dc42bf4bbac9ada9a46027074e16245b0a370064da710e1f,Bacterial-Spot(752),Bacterial-Spot (127).jpg,4
134,a897c042610487adfbff5755bdbba72e8e1ac9fde01ee6001ae723587b054193,Bacterial-Spot(752),Bacterial-Spot (128).jpg,4
135,76299a4c6ba94ec8ddeb3f0f177e7cd6d9966c55f7352c98b8350cbe8fc7bb97,Bacterial-Spot(752),Bacterial-Spot (129).jpg,4
136,0a1daf4c0b6f3558cc36011fa436e25e3026c45004675d8ed32c8fd87d60b161,Bacterial-Spot(752),Bacterial-Spot (13).jpg,2
137,fb22d45e69ef33e6d54ddcebb248fb8d98b91e533b221ae64bdea0b9b576b5a6,Bacterial-Spot(752),Bacterial-Spot (130).jpg,4
138,8c5ec9cde7f5a5fa84961c5a4552b16ecbf329524c61a29eb7526cb42e977c6d,Bacterial-Spot(752),Bacterial-Spot (131).jpg,4
139,14edf8ec0bd2c2ed2b7d87ce5df61062c4dcef05f889467880f1017070800aa4,Bacterial-Spot(752),Bacterial-Spot (132).jpg,4
140,d9b4a6568f87d8765d4cc63465b06495745a538b29dc51671ba64e0a3dc337db,Bacterial-Spot(752),Bacterial-Spot (133).jpg,4
141,c04591f964a4c06637139bb4818258df71ce0f3fda614996a6dab3f289cae9a5,Bacterial-Spot(752),Bacterial-Spot (134).jpg,4
142,fb2e1222afce16c30923a5f43d0d8440a3b4106227c8d8463d512d8b7c5e7d68,Bacterial-Spot(752),Bacterial-Spot (135).jpg,4
143,6ba562fd2a5d6fcb2a6037a7c9dcbaf409f58add812b23d9a69a85f82ddefb46,Bacterial-Spot(752),Bacterial-Spot (136).jpg,4
144,8a9f784a35ddbbf8d13eb29f1a14873f276c48625a825bafdea7d701b81881e2,Bacterial-Spot(752),Bacterial-Spot (137).jpg,4
145,298cbb353e435c5fc8217805d52f91d6687587dab27df480877117003518b5b9,Bacterial-Spot(752),Bacterial-Spot (138).jpg,4
146,87c789eb151e620cf93d48fa0d738261ab7396714dd1da4e2822da5ed3a9dd76,Bacterial-Spot(752),Bacterial-Spot (139).jpg,3
147,ebd7c5baa89fa5bc0c537fb26a08e640abcb7fe103580e771992cdf43401c3be,Bacterial-Spot(752),Bacterial-Spot (14).jpg,4
148,00b974f849d83ded15824b38f280cd6652b1f283489b6a17bf3c19db179f8c95,Bacterial-Spot(752),Bacterial-Spot (140).jpg,4
149,fa5fdbb476d371382ce6f07ab01357346cedb43c4ae0790358e78d3023e0dbd6,Bacterial-Spot(752),Bacterial-Spot (141).jpg,4
150,47c423adb7e7b71938c361aa3683a8201e5c427965a0753c58bc021b854a94c0,Bacterial-Spot(752),Bacterial-Spot (142).jpg,4
151,f365c651fd70aa0a68e7f94c9c66dbd213dfe59f03375461caa958c076ae367d,Bacterial-Spot(752),Bacterial-Spot (143).jpg,4
152,1425c426f3b23af30eeb9e08db73ee04a48d831b4939d4bff7f63a218c53b765,Bacterial-Spot(752),Bacterial-Spot (144).jpg,4
153,4fd5b6c378cc095170f5ac033de50819a54c95a7b75b3f996550dd8752fc9213,Bacterial-Spot(752),Bacterial-Spot (145).jpg,3
154,9866a52283531cdebd1007328fdb54a5e36e02fa0f73f17ca3ae15fc016f7fd6,Bacterial-Spot(752),Bacterial-Spot (146).jpg,4
155,d5f4d826974f2d1e60eedc71e86369dd79102aa09937f54caff5e80857d814bf,Bacterial-Spot(752),Bacterial-Spot (147).jpg,4
156,1e5f0665f41cedffb0cb27d3293a28d384a89d8ac8b98502286469d25d803ca0,Bacterial-Spot(752),Bacterial-Spot (148).jpg,4
157,3b0cb7c0b59fa67988587ce58ef28e727f766ed8308386540a8eb293b60ad9d1,Bacterial-Spot(752),Bacterial-Spot (149).jpg,3
158,0041a5045f01e89035ea2fd705b63bade00b4fa33ba70567830dd927e74d4d4f,Bacterial-Spot(752),Bacterial-Spot (15).jpg,4
159,ad67513af3f296a2ccae5b8eb654e25562bae19291259b02025fdaf81c824420,Bacterial-Spot(752),Bacterial-Spot (150).jpg,4
160,6b014df65b042a04e02380daa0d9cf81a6473e35c4996a77292106a5955d1d05,Bacterial-Spot(752),Bacterial-Spot (151).jpg,4
161,8bab5b2bc2abf9b1fc8c8ec630b5512da8a26b435f9deeb3bf9014eeb531f90b,Bacterial-Spot(752),Bacterial-Spot (152).jpg,4
162,995a5c5a079ae5a5f305e1ff397362a8f7fde5abc9d0d35c56ff8b7ebd3f3d09,Bacterial-Spot(752),Bacterial-Spot (153).jpg,4
163,c556da99dbf3701cba624bd294cd1a97463f1c0666c02652bb41a16ecca43335,Bacterial-Spot(752),Bacterial-Spot (154).jpg,4
164,1757c856cab4514637d2a81f834b1b99429d7fc509b29cbb9430b68acc7951b3,Bacterial-Spot(752),Bacterial-Spot (155).jpg,4
165,9be0ff5967de0f6fe5d63f109ce21cd13307bac35c7aca9abde7b98eaf6bcdd7,Bacterial-Spot(752),Bacterial-Spot (156).jpg,4
166,5e6fa820e2fbd764b03d15d4984bf020381107e7305fa42463b59dda6bc9c9e7,Bacterial-Spot(752),Bacterial-Spot (157).jpg,4
167,e00876908436aebc909015e36e8c828a9b6501db9c2fbf42fceb0e13fc95e876,Bacterial-Spot(752),Bacterial-Spot (158).jpg,4
168,dc725fe3c26498589ef0e3552a11e2b20b9c461be93314fac6ab880a37814708,Bacterial-Spot(752),Bacterial-Spot (159).jpg,4
169,a54e77335cadab76b351e1772c211913bb9459272beb1917f7e47730d08072bc,Bacterial-Spot(752),Bacterial-Spot (16).jpg,4
170,096af4bca67a544705b6a865b9e18df1f0539c67cee0b736b7b4e50fbe0c21cc,Bacterial-Spot(752),Bacterial-Spot (160).jpg,4
171,79b25a73bf60412d55aadfe2b6f16365e2980bdadd9f76124ebc2ee1be6ed00a,Bacterial-Spot(752),Bacterial-Spot (161).jpg,4
172,e02876d00b1fc2d2f9b871275eafc336804c7e784916374d5eaa5440e1e9680a,Bacterial-Spot(752),Bacterial-Spot (162).jpg,4
173,cffb118890aa469c663c8b1fe64991e43afc7fe696dd00d628de0fab28e37317,Bacterial-Spot(752),Bacterial-Spot (163).jpg,4
174,16ae9d87231a75b27109125da54dd96f560e49921ee52ccae9184e757318d54a,Bacterial-Spot(752),Bacterial-Spot (164).jpg,4
175,5ac7de980f01458a3d4155d7eba30cd1276287c81f3a2e947f66b3e21d8f4e60,Bacterial-Spot(752),Bacterial-Spot (165).jpg,4
176,6a587345f2ea27e5390e1214f7d21a5f3edab2acee0a4348fb9750d0505c9cae,Bacterial-Spot(752),Bacterial-Spot (166).jpg,4
177,1c81c199d05cb49ecef956cf2830b21e4a4281be98b554f5d6b51c45052f9593,Bacterial-Spot(752),Bacterial-Spot (167).jpg,4
178,6a0b04ec21073d2ae0de8dc120b235ced48b2629889e0fe2e0fc2bae1aa926b0,Bacterial-Spot(752),Bacterial-Spot (168).jpg,4
179,1ecdc126eb746a8d6ccc42d48244d6d65694a4d24e0da560724a57595365d873,Bacterial-Spot(752),Bacterial-Spot (169).jpg,4
180,ab14990bd88a2c73adcf5c534ba14c3caa2a1b549a21ae85ec87a5890d30e35e,Bacterial-Spot(752),Bacterial-Spot (17).jpg,4
181,8e089835704d27f422de6f40847b6346af287247d8023cf2ca78c17ab0e93f2d,Bacterial-Spot(752),Bacterial-Spot (170).jpg,4
182,7ef6dec5255c314ef487580dcd99607b2ab70aa921fc6ad335a8ee4368b90ae6,Bacterial-Spot(752),Bacterial-Spot (171).jpg,2
183,d89ddd85e5ab4993c098447ee11614e9bee6a9402d25a18316d0f77b19d9617f,Bacterial-Spot(752),Bacterial-Spot (172).jpg,2
184,915834599ada82fb873397c39bbd52a2aa6ff165b5fefbca1ab1f39816e0788a,Bacterial-Spot(752),Bacterial-Spot (173).jpg,2
185,a0e3b5232d7ee294c058a0d113df29a756785d46b672339166bd14b574b65251,Bacterial-Spot(752),Bacterial-Spot (174).jpg,2
186,5445c2489944d73fd09213099b1e587cbb4465417467784cd23fac4654db28f5,Bacterial-Spot(752),Bacterial-Spot (175).jpg,2
187,f0c8fdb0bbb321663ff40a06ee6ddc35e91cecfbadecfaccc7b77bf9ff753d9c,Bacterial-Spot(752),Bacterial-Spot (176).jpg,2
188,a50019c9e67ec41a7e3f6403e3e50df7944d425267727f2a56022e389174c636,Bacterial-Spot(752),Bacterial-Spot (177).jpg,2
189,9d7102ff9516f7b5df1c81953fd92b078faeb28fe3ef6cdae8b314c59ceaaf7c,Bacterial-Spot(752),Bacterial-Spot (178).jpg,1
190,b42054ba9fcb16fb1c160a92687cbcaf6b1a3e3af5fa7b614bc15a54ee10ab17,Bacterial-Spot(752),Bacterial-Spot (179).jpg,1
191,40aca97ce48939265d45bef95671e95670140b86b7b28999420b1c4e7b0f1fe3,Bacterial-Spot(752),Bacterial-Spot (18).jpg,4
192,dfc90a637d5d72318a4aeec38f3dd43fb81f42b06b90055188c72c1a0c63bd7f,Bacterial-Spot(752),Bacterial-Spot (180).jpg,1
193,c6ab0b6906047318997627892ca1182d1343687a1c988a1a6db1dc25f0d68795,Bacterial-Spot(752),Bacterial-Spot (181).jpg,1
194,1c4ba79802fd256a90e3750da8769d3aee5488f7eccfaba9a50dc3792367f3c4,Bacterial-Spot(752),Bacterial-Spot (182).jpg,1
195,ae618b2b25ad2eda92854cc0bc8d8db2801a94d86499f3b3e8a803dc7f147ea7,Bacterial-Spot(752),Bacterial-Spot (183).jpg,1
196,4789bc58b53a2f033adfcd3a03149f023c12f59b624796366fea114e83d56311,Bacterial-Spot(752),Bacterial-Spot (184).jpg,0
197,51133c4e59034caf978f277493e503d54e92b7a761b57f610f358e12854f1212,Bacterial-Spot(752),Bacterial-Spot (185).jpg,2
198,e8264e01272c2b154787e534ff1ba761e770c949ba846b7ffb4fb89ed830e6b0,Bacterial-Spot(752),Bacterial-Spot (186).jpg,2
199,771bcbc1e788a72984526b57e5f76eaedc3f6e90f0aa912abe578fd0024f56fa,Bacterial-Spot(752),Bacterial-Spot (187).jpg,2
200,ac1d779c5bd568dfc716b5ca86d340935e3fddbe6929277d462296ac5b7e6c50,Bacterial-Spot(752),Bacterial-Spot (188).jpg,2
201,03073894a1cbf14826ef6fd0d105de0d42d81fa2d48fca235d2bd4ea32e68f83,Bacterial-Spot(752),Bacterial-Spot (189).jpg,2
202,b5c361df90e3d81a7d78005c71580f7b4459298a444c52268c22d9bc398a3d68,Bacterial-Spot(752),Bacterial-Spot (19).jpg,4
203,08a59bea56280b1bb4ab2c44bd477dca8f32cc1aa5fef29986ddccb47d877ae5,Bacterial-Spot(752),Bacterial-Spot (190).jpg,2
204,ca5f512d22dd161bfd9ba58f9468c946a3024c824a539eb4ac91b2b98c8cf79f,Bacterial-Spot(752),Bacterial-Spot (191).jpg,2
205,a8fe80349a397ac750123883848396ad13a34406156e7fb170341e67e049e947,Bacterial-Spot(752),Bacterial-Spot (192).jpg,2
206,fb5fa516100141749d280b51cd3d266407a56e6d57dab2efe529e723dc874ac9,Bacterial-Spot(752),Bacterial-Spot (193).jpg,2
207,61066aeb98e032cdd7dbcccd72d1cc9c7a2da9025974346c686a2e8e446b5f3d,Bacterial-Spot(752),Bacterial-Spot (194).jpg,2
208,0252ddcca2cac25fa8f77b98d83cac862aee778a8399a08e661ab8eae62f18e6,Bacterial-Spot(752),Bacterial-Spot (195).jpg,2
209,ff8d6358bdb4c341b3f539d7e950c4a5d8b342e1495fcb0798da969304f8aa86,Bacterial-Spot(752),Bacterial-Spot (196).jpg,2
210,4b20096a6dd258330f1b0587721192c9dee3c61451fb68ed8da6b52da2c8d0a4,Bacterial-Spot(752),Bacterial-Spot (197).jpg,2
211,c0d15011e320af8a621297b842e4a509c8c3d10b63c9ed3f43032789f1786d06,Bacterial-Spot(752),Bacterial-Spot (198).jpg,2
212,253ebc73ea648bbd4192fde4fa9e6744d815f1aac544037803fc7c47158ad4ee,Bacterial-Spot(752),Bacterial-Spot (199).jpg,2
213,f6e2f7f2d7c14049d07ea9f94152ee9c56a8f6afb417719d3064b5eb5c65ce82,Bacterial-Spot(752),Bacterial-Spot (2).jpg,4
214,8da7061c80ba2158574964abe8bfd8b7d4743786b508cccbea5c5d01835aaf5f,Bacterial-Spot(752),Bacterial-Spot (20).jpg,4
215,d177b0b1cf6f29377e24d652a28a7d8651681434be3b5841fb189265ca763bff,Bacterial-Spot(752),Bacterial-Spot (200).jpg,2
216,959072340b1200d5a1a3eb3dda13d0d10cc85285e2ce4720294e52d11289ed0f,Bacterial-Spot(752),Bacterial-Spot (201).jpg,2
217,4adde1744d559f72d97f3d8e51e63b8f54866565faca9819965687391581629a,Bacterial-Spot(752),Bacterial-Spot (202).jpg,2
218,a993029b617016c9d19efae81ec66a035e694d0510823c7695a1e3b38a500159,Bacterial-Spot(752),Bacterial-Spot (203).jpg,2
219,55dcb4982211b19cb90523255b01f2c839eab023cd336cf0ae241db5ff1300d1,Bacterial-Spot(752),Bacterial-Spot (204).jpg,2
220,4b28fed650be462f4db9ec009b32febb49b8fd1505c4817169709d1272fb1807,Bacterial-Spot(752),Bacterial-Spot (205).jpg,2
221,1004293482e1db45f76a8d5a3dcbc8378d18b0bb130c172a344cb72531613635,Bacterial-Spot(752),Bacterial-Spot (206).jpg,2
222,82b5fe994bd70f7bceb43e9b52524a803482dce8d30edd6ee4fad7467e286230,Bacterial-Spot(752),Bacterial-Spot (207).jpg,2
223,ff08ecf9df90f8003a34b0f6eba5ac71f880a5132b6a4f3e6ba5c22826306db6,Bacterial-Spot(752),Bacterial-Spot (208).jpg,2
224,f0582ce45f81aa4661c4b3375479b9c79febc50803a92bcd57401487bd8c67a4,Bacterial-Spot(752),Bacterial-Spot (209).jpg,2
225,5b0d042491d21ae067f0fcfa7e5c2c5dd941462bc1423906b7f3abbc95fa6080,Bacterial-Spot(752),Bacterial-Spot (21).jpg,4
226,b9457ccce4fb0a966c26b903afd2b46ec6e1316400a84d4d187d2919b5d10c56,Bacterial-Spot(752),Bacterial-Spot (210).jpg,2
227,9e30582346a65cc49db3534473272a57628e2eb37d9bb5c90a53b915237e7558,Bacterial-Spot(752),Bacterial-Spot (211).jpg,2
228,b61c08df6111cd5d844142aa30e9a26e588050c3c14872b643063e5ab52ec95c,Bacterial-Spot(752),Bacterial-Spot (212).jpg,2
229,df09d2d519d9d2f2a52ff67f5a5d3ff289bc34056eba3b54dead9d258edc6465,Bacterial-Spot(752),Bacterial-Spot (213).jpg,2
230,bf3f571e40c4549ef32a66ae6cc5a1bfee983e256e47de278a8a5ff30f7f80cd,Bacterial-Spot(752),Bacterial-Spot (214).jpg,2
231,1ed9959035fc1ca8d85ab48e85febfd7df81dcccdb735a59d8707f4b20e54785,Bacterial-Spot(752),Bacterial-Spot (215).jpg,2
232,ce1009fe7a0b7786fa547a677b747d1c96a4c8c39069c745cf4e200b3dfbda44,Bacterial-Spot(752),Bacterial-Spot (216).jpg,2
233,651612ee4cbe45d4318197f6f7f0f323817231f7509085306dbb26900904a705,Bacterial-Spot(752),Bacterial-Spot (217).jpg,2
234,47d666e7b99384e37ee786b9bdfa726b8408078600ff922d6d70dfefa8afbabe,Bacterial-Spot(752),Bacterial-Spot (218).jpg,2
235,aec7a953b44825972d80a154200260e6020fac01d4e5a6a40c7efd4f05a65992,Bacterial-Spot(752),Bacterial-Spot (219).jpg,2
236,99eb5e7eaa623c3cbf26f7a4c84c8420ca7ef3347a45ceab9d366c1eb8714ac1,Bacterial-Spot(752),Bacterial-Spot (22).jpg,4
237,e3168b4987516742fde81ae74d8c0924138e522cfb2e97878d50924d0deea087,Bacterial-Spot(752),Bacterial-Spot (220).jpg,2
238,b6dc18d863c145209850c1b743db838c2c1ac6f8c2c4f6aa8b068c579f144f31,Bacterial-Spot(752),Bacterial-Spot (221).jpg,2
239,28f34681c933105f82c784d47ab7dad0f7045710d15339b0fc2c901e7dd715b2,Bacterial-Spot(752),Bacterial-Spot (222).jpg,2
240,7c9e4d31923e6fd24c47520035ac4f39d0964ed816658f6595806570b9018b34,Bacterial-Spot(752),Bacterial-Spot (223).jpg,2
241,8f97387d509651b010ea810463382b3e943afdecb70a9e42c3fa54281b7fa946,Bacterial-Spot(752),Bacterial-Spot (224).jpg,2
242,aad8621d8909079977b02d6362fa992b7b8eab99a0f94d4a2486996d6dc1581f,Bacterial-Spot(752),Bacterial-Spot (225).jpg,2
243,3f1b9c01d8cc91972c0dd257f32f4f9c96d318a77d3e25987996fb2722df50b1,Bacterial-Spot(752),Bacterial-Spot (226).jpg,2
244,5f1deaf11e5e31e98f348cb8e98403c25fedf9dea218becb197317304aa4b2b8,Bacterial-Spot(752),Bacterial-Spot (227).jpg,2
245,4d8252dac6164f10fcc62fab48b061e6e00aa1e9b87922e342cc0b677cfad319,Bacterial-Spot(752),Bacterial-Spot (228).jpg,2
246,2448b28ab5bafb1259bd0ab26d7a4cacc47e1626c92489ae3e7e8d1944989f08,Bacterial-Spot(752),Bacterial-Spot (229).jpg,2
247,2bc3a6b83fc66cc6199e22b0f210e37d3f36616e70da82e484ea23b610bc1e3c,Bacterial-Spot(752),Bacterial-Spot (23).jpg,3
248,aa8d33ea9e7efc54664dda89bb030273902cd477ac20ea46ef8f768df42e0928,Bacterial-Spot(752),Bacterial-Spot (230).jpg,2
249,ab7cdf4d226b3deb33507557ba6805afb781afe64e37a0e384cf4ad1a1d2b9b7,Bacterial-Spot(752),Bacterial-Spot (231).jpg,2
250,df1c828753044cba1909db2083674fec5c4685c83c634ea0a41dd1d36513000a,Bacterial-Spot(752),Bacterial-Spot (232).jpg,2
251,0acb7fe3a104219395f8f941dafb718738c246dea47189537b9b93628dc189bc,Bacterial-Spot(752),Bacterial-Spot (233).jpg,2
252,6284a1e260da58d378637651f2349391418c83aeb08a320de44c9f459a1bd9d9,Bacterial-Spot(752),Bacterial-Spot (234).jpg,2
253,05c485dec070f8e958f3801ccaad9574e0ed39ae815aca6fe124bce482671bb0,Bacterial-Spot(752),Bacterial-Spot (235).jpg,2
254,3dfe65a6778f0a974087b28432784d0fdf9e9d022894626b7c9bcf305289b303,Bacterial-Spot(752),Bacterial-Spot (236).jpg,2
255,4831c56d23611d49d5796a3aeb2a837e3d6c3d308549c80b021350f33aac6104,Bacterial-Spot(752),Bacterial-Spot (237).jpg,2
256,8bcdb3935f816865ecefb9c4ea20e907adbd21c313021e25f8cf4276750a5090,Bacterial-Spot(752),Bacterial-Spot (238).jpg,2
257,44dceabb5d5b23159d686b7a097faa9ba10dd1068ae961907d52860d3d9e7d3c,Bacterial-Spot(752),Bacterial-Spot (239).jpg,2
258,7b67ef0ec56cd0a62d122f231f88386fa8cf88dff97e4765e76364e25a013ce3,Bacterial-Spot(752),Bacterial-Spot (24).jpg,4
259,e6b5d8bc76d7d732397bd4ed80fd80b6870d2c725e1ac3eecbd6a2e6c5b8ffbc,Bacterial-Spot(752),Bacterial-Spot (240).jpg,2
260,a588c3937d0c8cfd1d6bcf56023353b1063460a67cd86abe70ef8e89743d5ec5,Bacterial-Spot(752),Bacterial-Spot (241).jpg,2
261,e1c56c011b9ddfabe4220e843499f1127f28f3bacd03c286d79db56fcf1d9c11,Bacterial-Spot(752),Bacterial-Spot (242).jpg,2
262,85b305344d435a66d27660bf001f0f241159a3071cb14ba1b73bf35a795ba53d,Bacterial-Spot(752),Bacterial-Spot (243).jpg,2
263,ba54ee04259f616035ae3c3fb70e3b0e53e1b01485f7c497cc474d6cf4732981,Bacterial-Spot(752),Bacterial-Spot (244).jpg,2
264,7b72fb029e1f6d912a305c0208a346eb0aa721638389902e5af7a64a392b4aa6,Bacterial-Spot(752),Bacterial-Spot (245).jpg,2
265,7e2b5e54d0c2f281573aa043cfa9a5c9f4ad902bb19f80c3f4c317f74a5f08fe,Bacterial-Spot(752),Bacterial-Spot (246).jpg,2
266,b239fff49ebe72f6c59bf028e49cce3695edbc376239ce3a319a4ec1772c6076,Bacterial-Spot(752),Bacterial-Spot (247).jpg,2
267,3146071069ef1df76d14502f5f52c78aebbe5d6a7390ace379b4a0dbe242217f,Bacterial-Spot(752),Bacterial-Spot (248).jpg,2
268,99c2382be623943ccc9bf8568b5167b6b4c7fc521c752058f0a1fea84b64c3e7,Bacterial-Spot(752),Bacterial-Spot (249).jpg,2
269,9c1325d2edcf6285021f8e089e0e4cd521892acfb27874d2e6939612a8aedd1e,Bacterial-Spot(752),Bacterial-Spot (25).jpg,4
270,b16365925c80bfd82baf0e2416cac6e2b7cdb0600b22d467c1027d82a71a3018,Bacterial-Spot(752),Bacterial-Spot (250).jpg,2
271,04412439abe7b5f6a9c058c4e2c047352c160404661a59a2aadc679fa4a90bce,Bacterial-Spot(752),Bacterial-Spot (251).jpg,2
272,cc4a6a96e32847e75508446254d51388432719c2dadcfc119fa865b31324fe6d,Bacterial-Spot(752),Bacterial-Spot (252).jpg,2
273,20fdf63b813ccf65deec142de16ecc6dd4078e876899a6474086aa7fed130459,Bacterial-Spot(752),Bacterial-Spot (253).jpg,2
274,08efebb8efad774428cb0c38736e908200627c50a32ba72828b758d2cef5dfeb,Bacterial-Spot(752),Bacterial-Spot (254).jpg,2
275,8c06f844b9626c2399b7b670eba70d5d25c001341ba2754d6d7a670d0936cbf8,Bacterial-Spot(752),Bacterial-Spot (255).jpg,1
276,7d1f36bb87289a24faa0d70d1c00ec6ba6c324447f6b4148a2b8374b3d3194b5,Bacterial-Spot(752),Bacterial-Spot (256).jpg,2
277,833145b2e6de47f954d753ec796d0c9eb2606f014d5443b61960c2db1486b4d0,Bacterial-Spot(752),Bacterial-Spot (257).jpg,2
278,f8c5f9abf6a78204ea561737f1c94999f3195a07ba499169f1d53aa64d80289d,Bacterial-Spot(752),Bacterial-Spot (258).jpg,2
279,7355f64883b44b2fe42ed69176a8b4c327146b102633cb57b5a61e703d36563c,Bacterial-Spot(752),Bacterial-Spot (259).jpg,2
280,05e658d1c8d2054abeb450c0949bd62526fec56ec58b0e702a2a16d21f070060,Bacterial-Spot(752),Bacterial-Spot (26).jpg,4
281,6d3af8aff828eaf1c788d32abfcbc35dc60018ddd4e646e68d32ad38757a671a,Bacterial-Spot(752),Bacterial-Spot (260).jpg,2
282,f47d240cb1174d3e80c0cb2c8395660d8ff60e410fe1565be1041ee2901fc1d9,Bacterial-Spot(752),Bacterial-Spot (261).jpg,2
283,af741fa8a42e47b73f19f377b7d90bd9b0c92dcee868279380792f9b6b0a9079,Bacterial-Spot(752),Bacterial-Spot (262).jpg,2
284,1b1643c2c0d34c4522f38510ea581d2f479165352a43e88765aa5e4b62f74a6c,Bacterial-Spot(752),Bacterial-Spot (263).jpg,2
285,57778211cd1636b45e90574b55e0f9bd71580acaf68f331e2ec42dc0adc90175,Bacterial-Spot(752),Bacterial-Spot (264).jpg,2
286,43de3a768e975fa66e94f54069a48c206e55645c763d157d1b652baceeb19ee8,Bacterial-Spot(752),Bacterial-Spot (265).jpg,2
287,f2f94801a17b2af42297277069a4be3b05b96a008cfe4605e65c36b2747e6089,Bacterial-Spot(752),Bacterial-Spot (266).jpg,2
288,2db4d3bf7e16c28783ed7615599e9a036c3b8ba450a9f9029dc26e1886439921,Bacterial-Spot(752),Bacterial-Spot (267).jpg,2
289,10364b04888bd090356044ee9db9abb00010d0523cbce089f22df24bb77bba06,Bacterial-Spot(752),Bacterial-Spot (268).jpg,2
290,21a484e9bd8b33aef40ec54295cf1deeb9b28b3c46d393fac32b46a0ca2badae,Bacterial-Spot(752),Bacterial-Spot (269).jpg,2
291,49ef5e976ecab3a3b88a32b4b2865329de420c8957c98f72e15076bb50db1ec0,Bacterial-Spot(752),Bacterial-Spot (27).jpg,4
292,8e8127ac1f53c07ffd323f6568c014fc1be28d6103ce87cd9b128e6701b8c6b5,Bacterial-Spot(752),Bacterial-Spot (270).jpg,2
293,ff2e234ea7d1ffa573c8f1122fc0f0101ae53a9740790b7e9a33784baf4a4bc3,Bacterial-Spot(752),Bacterial-Spot (271).jpg,2
294,f3bb0cacd88aa1e8007bfe68980fae11fe4c1a292ea129843d763109b4a8a116,Bacterial-Spot(752),Bacterial-Spot (272).jpg,2
295,13e07ff625418df2f6955a4a9ae1c256e7af7c16089e3a42bee5be5149010faf,Bacterial-Spot(752),Bacterial-Spot (273).jpg,2
296,b48d32ab662bc5677b132585b09eb2c9f2175bf58756dd85cd2f86f18eab1f35,Bacterial-Spot(752),Bacterial-Spot (274).jpg,2
297,e352aca7875f38d8fac4e05c2e5bb6f588ec9df9261f734d128494009f2c727d,Bacterial-Spot(752),Bacterial-Spot (275).jpg,2
298,ce2e44a78b99b44a9dcee9a6daab1ff4d75fa5dfcfbf649afcafe0d805c58d47,Bacterial-Spot(752),Bacterial-Spot (276).jpg,2
299,ceefc6e58008eed2d339274190e8065d5fac662cd71eb35b283fc95d45814fd8,Bacterial-Spot(752),Bacterial-Spot (277).jpg,2
300,6d253b7790e4f70553595b26bb936a0f09fa1d57a144992c9e720402bb0cdb7d,Bacterial-Spot(752),Bacterial-Spot (278).jpg,2
301,374e3499e4c9671428be5dcc6fd5ac42b92245ab3d47acfff16ade4efa6ba7c1,Bacterial-Spot(752),Bacterial-Spot (279).jpg,2
302,3eff5f5721fa4dfa520c258ec9eef48f8ba3f5773251152efc8e8361be145236,Bacterial-Spot(752),Bacterial-Spot (28).jpg,4
303,9cac56df4e758a159c08a5953b951aa3405471da87ea16e0c6d5aead78bd5f4b,Bacterial-Spot(752),Bacterial-Spot (280).jpg,2
304,7b02f3ac7c75e3d0493db0f3121a874aede2adfc9c33b3889082f0d344ddf90c,Bacterial-Spot(752),Bacterial-Spot (281).jpg,2
305,28993b3ce0a4a0552ab11a8b4c809b68b594ae8710f0a16cf53627c1711ccdf0,Bacterial-Spot(752),Bacterial-Spot (282).jpg,2
306,ae84d8bf36fb48d6850836433c834501b999c0e19170a4ed6e5f4670a8517ef7,Bacterial-Spot(752),Bacterial-Spot (283).jpg,1
307,f4aaaf346f257bf88330a8204cafb1af379f78e664d1a8e8016f229a4ac17ef5,Bacterial-Spot(752),Bacterial-Spot (284).jpg,2
308,fd466c38461aaa25c40fabffd86f46edf7073702597542744e7a6f8edbf0bd2e,Bacterial-Spot(752),Bacterial-Spot (285).jpg,1
309,b2bdc9b141a11b100db14318e8a9b892eb712ff95f549dabaa29e3201fab3541,Bacterial-Spot(752),Bacterial-Spot (286).jpg,2
310,028a657e7b41902ba56e5f4d449953b44c327c7133f00181416a4f7cc17c083f,Bacterial-Spot(752),Bacterial-Spot (287).jpg,2
311,1da5d011362fdd12fff0db626083253af85a747b44650b99a8f7de3163c958f4,Bacterial-Spot(752),Bacterial-Spot (288).jpg,2
312,4a18588d850769de8f7f6016f1639f46559a0e8d95855fda6827d849f1e84dc5,Bacterial-Spot(752),Bacterial-Spot (289).jpg,2
313,463dbae616d7158679c3138781822ee1e0b7919fc88bde83b27b4b76e4f3d0f9,Bacterial-Spot(752),Bacterial-Spot (29).jpg,4
314,9801e9a8f3d195f91c9e8ca43824e04939af3929da5a246ecb0ec53c9743532f,Bacterial-Spot(752),Bacterial-Spot (290).jpg,2
315,84ad2bde22e854cd85d91a73bd939a7360022bf27cc238601bb2576614921672,Bacterial-Spot(752),Bacterial-Spot (291).jpg,2
316,ada4b93db449cb0d2884d579665f67c308ae79dfc6d8c106af802aa8a2c555a1,Bacterial-Spot(752),Bacterial-Spot (292).jpg,2
317,d5055450a9349ab2a39b53ca958b30411fa001ee1472edc88dd3087fcb7ddfdf,Bacterial-Spot(752),Bacterial-Spot (293).jpg,1
318,7b1265b4ee6dee0e2157767e3f8d70a6f9c7925df945dc356ee87743c6e44d92,Bacterial-Spot(752),Bacterial-Spot (294).jpg,2
319,d0d69d0e675cbb93e75f0ff77bdc90d66183e78df96556592601956cb13bf10c,Bacterial-Spot(752),Bacterial-Spot (295).jpg,2
320,423914b0d3d16fd1c40ec94e8ca965eb62c304e97377764c812aa8d742235571,Bacterial-Spot(752),Bacterial-Spot (296).jpg,2
321,61d86ef4b87e3c2a59d8c3f6912add95dcf573469e9b431f66905e6b73cfe451,Bacterial-Spot(752),Bacterial-Spot (297).jpg,1
322,1dc75c92c2eb61e354bbf66f75718253e99ff7533cd7e569e5672a6ba16ec5f1,Bacterial-Spot(752),Bacterial-Spot (298).jpg,2
323,a49b79b0030df937d9e2f87ca50d093350a71bcca37899c3a65a6c5bb5c3a6b5,Bacterial-Spot(752),Bacterial-Spot (299).jpg,1
324,6db62ff381edfb9554fe1d5be73b857f2590fbd4a8683d083dd53bd9c57941ee,Bacterial-Spot(752),Bacterial-Spot (3).jpg,4
325,df842bcf887aa9a4a53902dac6ba8fed2d08fe764a35c5cdb1c5d48d35ed6ca8,Bacterial-Spot(752),Bacterial-Spot (30).jpg,4
326,657dca0ead4970c8cc4081b8f2d59cc6c19b22b6bd3109745e0c765941c2b685,Bacterial-Spot(752),Bacterial-Spot (300).jpg,2
327,c6ee78cc3018be73dc0e4ae45b26b819ce54d97eaecbce215d3475b8e30c6607,Bacterial-Spot(752),Bacterial-Spot (301).jpg,2
328,26395e93b0a7a8540677237ea892e1b431e488447f0f34d7b61f1e19a57f0339,Bacterial-Spot(752),Bacterial-Spot (302).jpg,1
329,4e81b07908204ab8f49da92eb735fc4131c13c3c298c90e6bf510f615aeec494,Bacterial-Spot(752),Bacterial-Spot (303).jpg,1
330,315fea8b317b2837ef677f419ef282602e26b0b97f8ae3ebf2bed49dae84f228,Bacterial-Spot(752),Bacterial-Spot (304).jpg,1
331,b5046c806f5320aeaef60210979597c14b34235e38367a17d9a130ac1f7bc625,Bacterial-Spot(752),Bacterial-Spot (305).jpg,1
332,6cf8af218ade52f98ce6e9329bcb119b4ff24b58ec0c19037642013bacd5c5e0,Bacterial-Spot(752),Bacterial-Spot (306).jpg,1
333,165b1b94ee240985a4ccb1b61589451b2413adc97b27642453613fea3912c758,Bacterial-Spot(752),Bacterial-Spot (307).jpg,1
334,bb5a7858eb6cd5ec287422473c3c7e17fa92f9b33e11ac3a82ffda79ec68a43e,Bacterial-Spot(752),Bacterial-Spot (308).jpg,1
335,4a22f6cc9e5a58275351148c29f93234bbb244edb2d689dbc13220b84881ebff,Bacterial-Spot(752),Bacterial-Spot (309).jpg,1
336,92768c72149160efb23b8150a2d0922c513b621c6c58d84546c83a2c0a7130b2,Bacterial-Spot(752),Bacterial-Spot (31).jpg,4
337,5dc29b571d311e32b3d62c984a3c7bb6bc682a8181bdc38059e5188bce5db5e7,Bacterial-Spot(752),Bacterial-Spot (310).jpg,1
338,b3afb4c1033052badc91c1cefc76017d151c3d21e87c215e4e50226a2092b59c,Bacterial-Spot(752),Bacterial-Spot (311).jpg,2
339,fc3e6a764aaf1d1d7aa8b8ebc84d5a99fdd69a1e92a8f418b0a9fddca5be2b7c,Bacterial-Spot(752),Bacterial-Spot (312).jpg,1
340,d70306d18b033171fa76bdd200e6649f7278f0a1f52c99882608f8c55ef82796,Bacterial-Spot(752),Bacterial-Spot (313).jpg,1
341,0b9e679a10a06dc07ea036d445aeb700f3bd464b75cd41a960e00bd9cf87c1b9,Bacterial-Spot(752),Bacterial-Spot (314).jpg,1
342,03cdc56ca76cfc44a25e49fe4e9c50e3da38374221ee83f210e2df22e7d430e5,Bacterial-Spot(752),Bacterial-Spot (315).jpg,2
343,58b01a501e01ced233dbea8a1b78eb58018027a44e4a4976f2a96f5ea3f3e105,Bacterial-Spot(752),Bacterial-Spot (316).jpg,1
344,5e1bcf5a8c6914718c044ccb2dd731481c3f42d86cd155401ac77fd4eeffee3e,Bacterial-Spot(752),Bacterial-Spot (317).jpg,2
345,029e68a0c493242cc4a10d18c526a6513f32f16ee4b2d114657106ff6cce4228,Bacterial-Spot(752),Bacterial-Spot (318).jpg,1
346,d02199c37cf4b1469f0359ea9fd2cd3312c7592bd3e51ff6ca13c1a103ddd9f7,Bacterial-Spot(752),Bacterial-Spot (319).jpg,1
347,3968a83abe0b1b061dd88012a538af659cadf94ce0b999706ade98dc6524b1a3,Bacterial-Spot(752),Bacterial-Spot (32).jpg,4
348,44259aa3d7112c6ab2b57d90d88e57339b9ea3ce5485505985faada7fcf89307,Bacterial-Spot(752),Bacterial-Spot (320).jpg,1
349,79e187bd31ccce7dbbea57f23df27c24845c8ed498f61d009e41078666f4cf91,Bacterial-Spot(752),Bacterial-Spot (321).jpg,2
350,af53d0b1ce31875e37583b6847dbef90ad2f91c2e63da9a8156365979618d952,Bacterial-Spot(752),Bacterial-Spot (322).jpg,1
351,1304cdd6c6bf008f51c3ab6711d1d2af894ab291aece6b3f151db0dc9ebeea88,Bacterial-Spot(752),Bacterial-Spot (323).jpg,1
352,15e9272c37b9dedd8722ebdf30c9f916c082f39b59c409da66cfe646c7dbcc5b,Bacterial-Spot(752),Bacterial-Spot (324).jpg,2
353,ae62ddbfde1516f3d7f937a1309b5f7f58bbb7202ca057621b151d7d625be55e,Bacterial-Spot(752),Bacterial-Spot (325).jpg,1
354,c0558898cff098c90253d7186679d73b01520db29b54e88b40406e0884e29630,Bacterial-Spot(752),Bacterial-Spot (326).jpg,1
355,bd42ab80145daad094af6f3bcda784cc6e01e3455a015d7e9e9c1c852554603a,Bacterial-Spot(752),Bacterial-Spot (327).jpg,1
356,cd341d33bb5fbf2484491982b7e5356de34247897abfd40ad89671c29ace9623,Bacterial-Spot(752),Bacterial-Spot (328).jpg,2
357,72ea57b0ca7926fca8e1e6a5a6ca1b1f20c5a09d9c34b94595a132cf3937d23f,Bacterial-Spot(752),Bacterial-Spot (329).jpg,1
358,884bcb5bdeb6923d6c1ffb95684140b31bdd84981ccf69895bccb8ab59559a30,Bacterial-Spot(752),Bacterial-Spot (33).jpg,4
359,4d99da45c4792f05d589f27d460133de70a46494caaed001403b145984d8e2e0,Bacterial-Spot(752),Bacterial-Spot (330).jpg,1
360,91630b7e61dd63ae835d5da5ba335957cc91b33c1594eba34a39efa1a13ee58f,Bacterial-Spot(752),Bacterial-Spot (331).jpg,1
361,eb227310f6242f8f638670fc0316a38fc465b68b669fcd8c99158e20d768e1a7,Bacterial-Spot(752),Bacterial-Spot (332).jpg,1
362,1d547c0f3b7b4b66df42643d5ba2eba530c9492945227c04e856d4c95e35030a,Bacterial-Spot(752),Bacterial-Spot (333).jpg,1
363,591ed28125e9db5591e0400772c9b5febeceb8530568d4efbb511be0e75e809e,Bacterial-Spot(752),Bacterial-Spot (334).jpg,1
364,bfd1b656b3c1f5a9bb1e2d49684604389f1c27464325d2305154fb4e78e37319,Bacterial-Spot(752),Bacterial-Spot (335).jpg,1
365,62e9b45801d5259076a4e4874104b77b27f3800226a0f2874e0616e1d0550eeb,Bacterial-Spot(752),Bacterial-Spot (336).jpg,1
366,8af13643e9759dc4bebd736055c23ddcc59da493d2fc2051e3d1d4b2d4ff2ff7,Bacterial-Spot(752),Bacterial-Spot (337).jpg,1
367,425e04a056b2ddbc4dde1950136f48d9dd26af902a9867e527b6025f46031b6a,Bacterial-Spot(752),Bacterial-Spot (338).jpg,1
368,2f705b1222de19de666a7ff8fc1bf4b87829385c686882826525357bc7b21211,Bacterial-Spot(752),Bacterial-Spot (339).jpg,2
369,f7163badca17b0cb3b828d5b3317a9b056e1515c373602f97f925fea74ad3f6b,Bacterial-Spot(752),Bacterial-Spot (34).jpg,4
370,c4ee1efab1ec3876ebfe64187d05890069e034443a819341f344c7935eaa026f,Bacterial-Spot(752),Bacterial-Spot (340).jpg,2
371,68b110bd90d0222da132f046b273098d080ae2050a2f8ab76276663c25d0ff4e,Bacterial-Spot(752),Bacterial-Spot (341).jpg,1
372,1fd1a81a53c149cbc5696e644c60a8ade2d0047bd7a70be10ef5cd04b4b6f0b3,Bacterial-Spot(752),Bacterial-Spot (342).jpg,2
373,3aee890a2d4011a2200567c89b3e92548f4fb9483931c04e0b101fbe3bbd9af1,Bacterial-Spot(752),Bacterial-Spot (343).jpg,1
374,1d155148e162f8ea8eef3c1eacb470a2be85efe6111ff2abffe5d0d3253264ce,Bacterial-Spot(752),Bacterial-Spot (344).jpg,2
375,c208ebd50563398b2d42209a23286e497849672f5420561daf9f369f09a49c7f,Bacterial-Spot(752),Bacterial-Spot (345).jpg,1
376,a0ee2fe14f728ec5a303b369541afc7db89df937e7e048b8f48ef38e2784b09a,Bacterial-Spot(752),Bacterial-Spot (346).jpg,2
377,4ba5af6ad90341166212b8fb73303eb8d220ba948c331af945fc9ec24da7d5f3,Bacterial-Spot(752),Bacterial-Spot (347).jpg,3
378,c07b1e525b2cc9de9e725222073d5f2b49b276376d08b8ccab08a3428efa4843,Bacterial-Spot(752),Bacterial-Spot (348).jpg,3
379,b9a2dc3cde62ddeb14f97606c74b664df4078937e8752026e1145ebb0a777aed,Bacterial-Spot(752),Bacterial-Spot (349).jpg,3
380,08fa0f787dfc7d59cfd96785fc2e35f4b963ce166f74a61c1666d67fa4ee56d4,Bacterial-Spot(752),Bacterial-Spot (35).jpg,4
381,3611a9c930ddf2fb080144bd2ddd1d2027de00a3dd8358a5c9a3c308c576162b,Bacterial-Spot(752),Bacterial-Spot (350).jpg,3
382,f4984f8fe1a66ca6662a39b3744a445df9df6643066c1d0e99bb52e0bd15e16e,Bacterial-Spot(752),Bacterial-Spot (351).jpg,3
383,8493ef7bb083bff309df61b61c394c7f6a695e32745b7ea26abfce46bbffae4f,Bacterial-Spot(752),Bacterial-Spot (352).jpg,3
384,9b79e99b46a67417a18dc28c2d0f73146aa253fd1998667cf90f961eb6b437c2,Bacterial-Spot(752),Bacterial-Spot (353).jpg,3
385,8b114d7541270432cb0e8ea1f92f38db9d49537b7308c5ddb9c0b3ecaf478f72,Bacterial-Spot(752),Bacterial-Spot (354).jpg,3
386,a32c8181d3ca853267f9a99f90d9446554074bb775105989040208f16d8a40c5,Bacterial-Spot(752),Bacterial-Spot (355).jpg,3
387,28b7d702540825b5393b60e4f3352b560bececd3f3433ef8634deaf6a5d918ec,Bacterial-Spot(752),Bacterial-Spot (356).jpg,3
388,42a123abf44c3cc629dbe72af1d9b601cc6e02e3c33433cbfe14941a2a363785,Bacterial-Spot(752),Bacterial-Spot (357).jpg,4
389,e4ddead6cc12a17e26e9f364c5c8a30daa47db3721dd662580c41ac5328e8ec6,Bacterial-Spot(752),Bacterial-Spot (358).jpg,3
390,641a57dbd393c3435b8fb4731830673f1d1e6aea7261dd9efe5a7e99e7c8b7c9,Bacterial-Spot(752),Bacterial-Spot (359).jpg,3
391,0ff19ff5d0dc314d034924aff64b2a6b3545c00bd024c93c492abeba53883023,Bacterial-Spot(752),Bacterial-Spot (36).jpg,4
392,ffbeccab16b6e45b8ab0531fae4c3bd738f01cbfd911d8b3ab387334a163937e,Bacterial-Spot(752),Bacterial-Spot (360).jpg,4
393,5930893a1adec1dd8dcceb94cc17e9fd6bee9f19b0ae970d26e2949e868fa72e,Bacterial-Spot(752),Bacterial-Spot (361).jpg,3
394,6b406ae1236ff30532e37a3b7e4c5267fd9714b89ffeaea625472b6f4d5cb64a,Bacterial-Spot(752),Bacterial-Spot (362).jpg,3
395,583456a732398077968df6758a45882e9ae3e83ef23f41c6de9b8c81210e5809,Bacterial-Spot(752),Bacterial-Spot (363).jpg,3
396,96e70e6a92a6060905bb0d9d6d184a92f2139d2ac9f8961ee7a0b5276a1ae5aa,Bacterial-Spot(752),Bacterial-Spot (364).jpg,3
397,dc182c8161b380dbe13dac13739b44a54674aadb71c270d281d7d11a1c910629,Bacterial-Spot(752),Bacterial-Spot (365).jpg,3
398,14229ac4e6ea67ea1daff14379e5ecd212239c394bbc914428deb6285bd202bb,Bacterial-Spot(752),Bacterial-Spot (366).jpg,3
399,3515c83a555b04ccc3a224bb3f7cade5e74d6329752d57df0303261f402adfc5,Bacterial-Spot(752),Bacterial-Spot (367).jpg,3
400,310b847220771ece7b94693b022198d495a008c6aefdd77ea2c41fd4c5265bd9,Bacterial-Spot(752),Bacterial-Spot (368).jpg,3
401,52daf0223626301d44b168d05bb43950d95edc88d7816450bd025ff5b9d2eaf2,Bacterial-Spot(752),Bacterial-Spot (369).jpg,3
402,64449da802b3aa7523f5faabd40f0f7dca9e2ff495f4ac50770b67303494517f,Bacterial-Spot(752),Bacterial-Spot (37).jpg,2
403,e5305a7996e1fe3175e3a1776acdd4269da1bce67c178482c978c8a689eca8f3,Bacterial-Spot(752),Bacterial-Spot (370).jpg,3
404,bb7d1ccb1c4008d94c53eb80be11a8dccdfef245057c3bfbef82d19889d572d0,Bacterial-Spot(752),Bacterial-Spot (371).jpg,3
405,b72fd81b964a64bcefd97142b58a2efb4de1f6f8788dcdc5d506adefed5785cf,Bacterial-Spot(752),Bacterial-Spot (372).jpg,3
406,96b07eca341fbfd63a6d93dd60a3eca55aa826c73dab094b3dee36e1490a1b22,Bacterial-Spot(752),Bacterial-Spot (373).jpg,3
407,a1b2f262794b06b3d6fcdc1d5375fe4427ed4fd2a4133f6a22330279b9c70155,Bacterial-Spot(752),Bacterial-Spot (374).jpg,3
408,71945eb772168447530a30a57c948e6c5851540e3f16a0ec7eb9528fe57e5a9b,Bacterial-Spot(752),Bacterial-Spot (375).jpg,3
409,b7ca9aa463002426eae066e2214eedc179921f4a6b8bfe5c051e29164acd9705,Bacterial-Spot(752),Bacterial-Spot (376).jpg,3
410,b065b919bb43d7ccc6e074b53e381fc4118b81ab6e7184f36eaab3df48b35ad2,Bacterial-Spot(752),Bacterial-Spot (377).jpg,3
411,f524e49a21c0063add5eaf528a4fbe5102cc80c6e4578b9cb481bcb7f368715a,Bacterial-Spot(752),Bacterial-Spot (378).jpg,3
412,c6203344ca3988fc27987121103a166a10cf4c04d3887a04b3dae7d4aabc5c37,Bacterial-Spot(752),Bacterial-Spot (379).jpg,3
413,01a0266f8c0b4583b080aed9d0f17cc24bc5fc542b2f7a544d3536bb6d1e5602,Bacterial-Spot(752),Bacterial-Spot (38).jpg,2
414,a055cea571fe052f654ad2c84ed21407e907ca52c920765787237ee8ffebb403,Bacterial-Spot(752),Bacterial-Spot (380).jpg,3
415,dd6a1f114d16cb978cb4e42a00aa9e79a447c52c8594fcf521ecb4feb3801a5a,Bacterial-Spot(752),Bacterial-Spot (381).jpg,3
416,ba092b938b2399863a94f7f919b124cf8fe608e51c8a796d17c03c5c10758db6,Bacterial-Spot(752),Bacterial-Spot (382).jpg,3
417,5a4b94bb599d1c50559d93351816e7ea2b42c8f0aff31f9dc3b403246a02bdac,Bacterial-Spot(752),Bacterial-Spot (383).jpg,3
418,8a426db6820dd22aeef2476919b16144056e75698e246e64602ffaf5ea9bae2c,Bacterial-Spot(752),Bacterial-Spot (384).jpg,3
419,a03d65111d2e7e2f1d1134109e3dba6cde877b5222f74623d8b11c6a0370682f,Bacterial-Spot(752),Bacterial-Spot (385).jpg,3
420,f0a0768448117dd138435447cfece791b2a444aaf16363cba71aaf7542594769,Bacterial-Spot(752),Bacterial-Spot (386).jpg,3
421,9d600801dbfd315f5a7b943debc41ae61bf11f85cfee2b666b84356d46922190,Bacterial-Spot(752),Bacterial-Spot (387).jpg,3
422,1941a00e80fc43d19bb89348ff5a046716327f1a11e3c91921ce914106dc92bb,Bacterial-Spot(752),Bacterial-Spot (388).jpg,3
423,395609536bbd5e7d8bd27e8be1eed1f9cada491c129ed9e8b995b6cdce34e87d,Bacterial-Spot(752),Bacterial-Spot (389).jpg,3
424,82f077111f575cb6859cc9008ed4e85a266121e77d5da91f491c1b753a09fc5d,Bacterial-Spot(752),Bacterial-Spot (39).jpg,2
425,ea2887a99fdd8d5a642e4208345bf1c2254a698a03f6be3a1194b09e5c6a7f6c,Bacterial-Spot(752),Bacterial-Spot (390).jpg,3
426,3ba704c97c1bb6f5cba155a612c634efc8ee95c42435325d5557f1788be4e665,Bacterial-Spot(752),Bacterial-Spot (391).jpg,3
427,e6dab5d14e6d532d85a23d0d10e49c80258510f735732b7ac414c1b317f3dd3a,Bacterial-Spot(752),Bacterial-Spot (392).jpg,3
428,aa3ec2e5a53fce9910bf140d66ba0969db02e68d440201c12a8e2fb98a174505,Bacterial-Spot(752),Bacterial-Spot (393).jpg,3
429,8035f352419582e32598ee24429f6cc4ef2857f0d658a2a242d4e77a39b95700,Bacterial-Spot(752),Bacterial-Spot (394).jpg,3
430,bd218a5f4d88aaa6cb7c9b7bf0dcdfe8dacb2890c77587ce0ad786d2725333f2,Bacterial-Spot(752),Bacterial-Spot (395).jpg,3
431,adbd3a0feff73b0a81d20e117c19da4c68baebceffcf4fbb84e89c5104cb559b,Bacterial-Spot(752),Bacterial-Spot (396).jpg,3
432,68e08fdcb7edcc4623038c454592a6d01790b5560cd877a94dcfe3384594ae6e,Bacterial-Spot(752),Bacterial-Spot (397).jpg,3
433,f7560f12b20b4f53b8efb663764923fc913b668e924b7ddd9a49215ed1d56174,Bacterial-Spot(752),Bacterial-Spot (398).jpg,3
434,6d550f4dbc00c6c549293daf326a42b9dc185afc4061486471226e9c033ef715,Bacterial-Spot(752),Bacterial-Spot (399).jpg,3
435,a15461088e9dcf0a6934a49b7eae4230cf71e7b21382ffb570648c72aeb5fbdd,Bacterial-Spot(752),Bacterial-Spot (4).jpg,4
436,1ddba460009020895ff76dc30bb6c9490c86869732dda796b04443d1efb26fc6,Bacterial-Spot(752),Bacterial-Spot (40).jpg,2
437,eba248993253eba71f61604c6667a5cfde124116943293fa932b595070b6d38c,Bacterial-Spot(752),Bacterial-Spot (400).jpg,3
438,fa1267a18fe0900f42b88e3945d6378fc239e3f34db588a11d8f0a4efc61062c,Bacterial-Spot(752),Bacterial-Spot (401).jpg,3
439,2a63d55db7cc4bd65ebb93c3904635b738b9cc0c7d5a1eb05e09f08ec5f2bda5,Bacterial-Spot(752),Bacterial-Spot (402).jpg,3
440,f7afe32848bb4e302295e3b9c65e66d69776f70409db8a6472532632b8b51cb9,Bacterial-Spot(752),Bacterial-Spot (403).jpg,3
441,56c0d9c06384ad97ffcabcb4c5f349853794c0e8fb8d72c6ceecc52119b0bd68,Bacterial-Spot(752),Bacterial-Spot (404).jpg,3
442,5c077bbbc0311153eb1986d62156b58fef7fca032112596ec0332dc3f83498ce,Bacterial-Spot(752),Bacterial-Spot (405).jpg,3
443,0ff796d39307203fb45c1e3e3a496377af98e3a682cce753a4c2030af9948be6,Bacterial-Spot(752),Bacterial-Spot (406).jpg,3
444,42595b889b3ecf6eac1655144416df6e8e75f50ae4aeb94b7cdd2f3ba1193ab0,Bacterial-Spot(752),Bacterial-Spot (407).jpg,3
445,1eb850e52da9efb4ddc3bd85a06eea476978cb51f6478816cb601bd28a2eb513,Bacterial-Spot(752),Bacterial-Spot (408).jpg,3
446,bfd01cdea9da1a5e7471dcfbc1f276c6021453a7af38dd1ebfbeb243fea893d4,Bacterial-Spot(752),Bacterial-Spot (409).jpg,3
447,f05e7631e2c3bc3e0b8c64354f9deefefca24f91b3ce252dd544a52bb6550a99,Bacterial-Spot(752),Bacterial-Spot (41).jpg,2
448,f7d3625fde674ce92bce15d8bd5110e473c4c0e0d4972e43b857ca37c173bc7b,Bacterial-Spot(752),Bacterial-Spot (410).jpg,3
449,34922b85a53e0a991f1e6c4180e31c2b0d08a1030dec8f105b842dda844aec95,Bacterial-Spot(752),Bacterial-Spot (411).jpg,3
450,398f95c6d6705b6aa28bffa9f22912fb46b8093b4b26ebbe226d9c9dae8f498f,Bacterial-Spot(752),Bacterial-Spot (412).jpg,3
451,f8e00f731ada89f416c0400d5b3f3c0e59825a54536bcec2b01d3211d3947b94,Bacterial-Spot(752),Bacterial-Spot (413).jpg,3
452,c3af3da3007bcac43593545e6d6636fe5148a8817e301254458d0f59cb6d5a51,Bacterial-Spot(752),Bacterial-Spot (414).jpg,3
453,a1dc3793716b40eaf19b03efa6fea04a7f92a4992fc463edc0f3da83ac325c6b,Bacterial-Spot(752),Bacterial-Spot (415).jpg,3
454,b701304897ebb2a95d6242c4c3dcef8faedc76f4043351edc0454092a0e044ad,Bacterial-Spot(752),Bacterial-Spot (416).jpg,3
455,5e1eec054b4d7d8300e24bb6404e0cc48175109dd1f7a50a0bfe381690547550,Bacterial-Spot(752),Bacterial-Spot (417).jpg,3
456,f630a65bcf0ffdfe5a84b980a714f802b49d1232e0bef20d332daab022d4c6dd,Bacterial-Spot(752),Bacterial-Spot (418).jpg,3
457,fc4cc565179c0ecf53cf539647595e5f7c7a3b7a084c7ffc764f4d2fafedc5aa,Bacterial-Spot(752),Bacterial-Spot (419).jpg,3
458,42854a44f459cf2d68eb2b8850bb4b6814f64d49347b2fe8025b3c8ff3cc097e,Bacterial-Spot(752),Bacterial-Spot (42).jpg,2
459,6b1e87024266b8b07fc32ffa360ef6e58875b057328577df4df984c8e3a89730,Bacterial-Spot(752),Bacterial-Spot (420).jpg,3
460,7b7dcfe0136db79f12a5801e6e9e40ad41e81d501ed24c1c2712df2a0193863f,Bacterial-Spot(752),Bacterial-Spot (421).jpg,3
461,74afccc41bdebfe29a468cbc5bf6a66695494c910c4e4e9264b50ed12d4255dc,Bacterial-Spot(752),Bacterial-Spot (422).jpg,3
462,a606d72f71f281e846f120ff7960cd253821e6232e0e13ec7cfa8aad7c6febb3,Bacterial-Spot(752),Bacterial-Spot (423).jpg,3
463,aca105a73cbb866356f14a507ab20cdd7106a6358c571d59f56a1c52dd1a5e47,Bacterial-Spot(752),Bacterial-Spot (424).jpg,3
464,9ef20b4cd89ad002dd6e4b18d7647921e0eae40ecd1ffd5391014eef3dcb2711,Bacterial-Spot(752),Bacterial-Spot (425).jpg,3
465,7050f17ff344ae6911277709b2f282b9fc5c94fb53761affe512254890ab8372,Bacterial-Spot(752),Bacterial-Spot (426).jpg,3
466,87f312edcf0ded8d931003712ca655f9042e5e63b97fdea37835d9bf8bc58919,Bacterial-Spot(752),Bacterial-Spot (427).jpg,3
467,ecf08618fcab3ad238055d7a523edb5f74d9714247cdbf38a2c9f1be085f5a51,Bacterial-Spot(752),Bacterial-Spot (428).jpg,3
468,74983161b93ef471fe1f0d19f79ae3ca24209d3b038a7d2c654b0dfeded00922,Bacterial-Spot(752),Bacterial-Spot (429).jpg,3
469,0e44be2e48b2aa834a54d6c952ec86fa474e0f2a4366117ae7a0518cc2a41bab,Bacterial-Spot(752),Bacterial-Spot (43).jpg,2
470,55bd77ce93cd17fd48e731f5ee6b87eb72546b4925b20be232c09c1f38494170,Bacterial-Spot(752),Bacterial-Spot (430).jpg,3
471,2fccecda6722565ead2283684547c9a4f006fb033008c8b94cbd67e63320e9f4,Bacterial-Spot(752),Bacterial-Spot (431).jpg,3
472,993bcb42ed3b5eb65f90522654bceb734e3515f1fd5ea2b7b14f4828bb61ae7f,Bacterial-Spot(752),Bacterial-Spot (432).jpg,3
473,b3f3a761065940adcc8eac001362b79b915049f24d3bcbe89c8a7cb1724817f5,Bacterial-Spot(752),Bacterial-Spot (433).jpg,3
474,c4dd921fdc3b0442d534fe987936d48bd9e4c521fee5be86c4053fb8d486a1fc,Bacterial-Spot(752),Bacterial-Spot (434).jpg,3
475,4aa261a3aaaefabce76b7db4f196c598939d348e4a2cf04e648f916a5885961c,Bacterial-Spot(752),Bacterial-Spot (435).jpg,3
476,88beaa914780729a04ae728f83af98fd8db7d8d0261cf1c28ec382cb543a27f8,Bacterial-Spot(752),Bacterial-Spot (436).jpg,3
477,58158ca95a8475aa885bea9d3ba2b4cbcf7b4aa2e4a38f0b6990b328c1350807,Bacterial-Spot(752),Bacterial-Spot (437).jpg,3
478,00a5203687fdbbb1ace72da1c6fe8ca23c7f597d220dc9ae0696acf4144e9cad,Bacterial-Spot(752),Bacterial-Spot (438).jpg,3
479,44cc65204b01c18811d97b379ac653474d4cbd128cb337c01b4d6e4a8749d0d5,Bacterial-Spot(752),Bacterial-Spot (439).jpg,3
480,8e4944901f6e43f8c6eb47af0caca03583dd590adefd91e38c0d7768c3dbb611,Bacterial-Spot(752),Bacterial-Spot (44).jpg,2
481,29cf58c87d13cb43c9f28852899a29f98f1ed926baa216690069846433044320,Bacterial-Spot(752),Bacterial-Spot (440).jpg,3
482,edfdd3d8223cab2420decadfd39401b0cf5c68c1422435e5c87fcd10aaf04e7a,Bacterial-Spot(752),Bacterial-Spot (441).jpg,3
483,0af22d56e66d2f5fe6790078728dd6bdb36242da18516f5f9dc3253dba975ede,Bacterial-Spot(752),Bacterial-Spot (442).jpg,3
484,af1b4140d9b28947a3450ac5238cf95617b57044547803c23af38e5bea8ec868,Bacterial-Spot(752),Bacterial-Spot (443).jpg,3
485,68b8858476de38dbfb7308f376e67497808a0f42dc35c8fc5d04f1000bc5f7cb,Bacterial-Spot(752),Bacterial-Spot (444).jpg,3
486,c941a229d7ffaeee1702fa7ef7a1fb3a492ccb8b7058e47d91a48f0435f01b5f,Bacterial-Spot(752),Bacterial-Spot (445).jpg,3
487,489af0793e93665c5fcd466b6d4e942ba5ee424933388fc37c4015415fe658b6,Bacterial-Spot(752),Bacterial-Spot (446).jpg,3
488,f8e73bc10f3e50f30ea984f712068acad6443537a2659da0fdd27f9db5c8158e,Bacterial-Spot(752),Bacterial-Spot (447).jpg,3
489,167eb2da36d05ff0e0e21af6c68230985e24f59440cd20cfdb9edfeb3a0f7116,Bacterial-Spot(752),Bacterial-Spot (448).jpg,3
490,faf519dc40b3d181b3b7ec3487c063a5a80a76a825e94f779c474b3a03916cf6,Bacterial-Spot(752),Bacterial-Spot (449).jpg,3
491,726a1f108834ef12a1774f02b76060b8c721beb33f89f379c00b4263e5678316,Bacterial-Spot(752),Bacterial-Spot (45).jpg,2
492,58f0cd5aa470f4ade092a4a6bd8b536bae50f0ff11f96bfb5de6a8352f73756e,Bacterial-Spot(752),Bacterial-Spot (450).jpg,3
493,cb800c348fff24c5dd8f8f9fbe7b24aa24ac0d9e89a42e05728240afaea24d20,Bacterial-Spot(752),Bacterial-Spot (451).jpg,3
494,bb03a3d6df382e9710b1866a32dfb92763807572e0eaa36d43424527e0fb5721,Bacterial-Spot(752),Bacterial-Spot (452).jpg,3
495,db335302409b89c7a99b359922a68c3fcece92dd88f5988f6c74342c973947d6,Bacterial-Spot(752),Bacterial-Spot (453).jpg,3
496,ab99a8c9376614059f073f1edda04336a756d6f6ada6912e6297a9bc60841200,Bacterial-Spot(752),Bacterial-Spot (454).jpg,3
497,df7a618c0c7e69b583dc1216a9dd24d1bf4f8abeac8966375a0029dc179594cf,Bacterial-Spot(752),Bacterial-Spot (455).jpg,3
498,ab3e52506d6f1926872c44033ae2ab64f47e97f8a2ea5fa88b39ee2f4622b47f,Bacterial-Spot(752),Bacterial-Spot (456).jpg,3
499,e2bcd902601f71c08ab27ca4372f2b15bd2021c4ed2c50a8a053328052210047,Bacterial-Spot(752),Bacterial-Spot (457).jpg,3
500,30978bc79f8e31766b07cc06477b2998995573a4750d74afc61599e2aa02ea9b,Bacterial-Spot(752),Bacterial-Spot (458).jpg,3
501,9ea98a8b403f3c4df08a3776b65486d265147f1844997d087ed3d2cbb7943444,Bacterial-Spot(752),Bacterial-Spot (459).jpg,0
502,ab31c21a058520ff3705e0883d79334692f9ddda483ccc4db3a4ebf48410843b,Bacterial-Spot(752),Bacterial-Spot (46).jpg,2
503,57686078d2686b795188eb4c36fb7257b5998776528ee2e1827d3da42e007763,Bacterial-Spot(752),Bacterial-Spot (460).jpg,3
504,17c2c2471b5cf58f7f2e17ad08d8998f909ec78b871f4cca3d4de30f70f490ea,Bacterial-Spot(752),Bacterial-Spot (461).jpg,2
505,bedfe5b8bc66e28b584dc262f785743443016165bf901fd5075824f98cb94e82,Bacterial-Spot(752),Bacterial-Spot (462).jpg,0
506,0d3780d84ecae49cb9a5c7ff4dfc091fee7933ba92edbbdd0fb1a8f038075a7e,Bacterial-Spot(752),Bacterial-Spot (463).jpg,3
507,a5bdaec1bdfa512ebbea40f3d782d28e602510286e21bb8ff45909d8c6f9f195,Bacterial-Spot(752),Bacterial-Spot (464).jpg,3
508,4755c2721a9c683c59bb486d6611f3793b355d46ee874d34923fa1bc2314ec85,Bacterial-Spot(752),Bacterial-Spot (465).jpg,0
509,d26b3b7a270f7f9fadc13b37b142a3ecf34b5a4072cf66e8291c6100f9374268,Bacterial-Spot(752),Bacterial-Spot (466).jpg,3
510,6bb249b25fe85835e0e1d869f71b8d3523ff084efab1f71263babf26fb2026d2,Bacterial-Spot(752),Bacterial-Spot (467).jpg,3
511,c03dbdfb2ba0c0e76ba651f6c55b2e2bd637363edb737e8e0de81ad2e65fd064,Bacterial-Spot(752),Bacterial-Spot (468).jpg,3
512,7d8cd180d91a15760c5e97677311bc0827295f0c11ee13c668c6dcee08fd07fe,Bacterial-Spot(752),Bacterial-Spot (469).jpg,3
513,12781ee05085370b4829ffb586640af776a74842993cfa29c7a4fe2f1c12a3eb,Bacterial-Spot(752),Bacterial-Spot (47).jpg,2
514,d2dd46b2c5897e3eb17aee486f7e0c3ad48b97860284c040ece65d9a7bcfe762,Bacterial-Spot(752),Bacterial-Spot (470).jpg,3
515,da265f47215d61ba768bfd773dd3dc7ce5e5b915465e0bd004615448992353f1,Bacterial-Spot(752),Bacterial-Spot (471).jpg,3
516,1a6051857b1ef14301166791adc633f7a71e6534db4111a577bf185e7ed6d342,Bacterial-Spot(752),Bacterial-Spot (472).jpg,0
517,49ed4d1624603d391d1dff4d6c4aec00fb6a418dfeab1fb5cd5b392359f39b71,Bacterial-Spot(752),Bacterial-Spot (473).jpg,3
518,d5c16bd18149ddfbe23d100ec057b170e98b69daf0af7aec2356568ee8d337c3,Bacterial-Spot(752),Bacterial-Spot (474).jpg,0
519,3cec1d70d14a945c3f4a6f603c7fad3bc4b92522fc98f9a3af64d5726f032ecf,Bacterial-Spot(752),Bacterial-Spot (475).jpg,3
520,3bb2a6b92945987a5c0367948d64b86c32c52ac8b881750aa27d0412c923d3d6,Bacterial-Spot(752),Bacterial-Spot (476).jpg,3
521,61b5fb113e63b61176258072fcaa2da6b5f1b5358f419fd05843f94833e54edf,Bacterial-Spot(752),Bacterial-Spot (477).jpg,3
522,f5f28f2a8eca16ebdf2ab33b3b136ec688b63e8bc8392dc58c7a1e2bb4d1f6e3,Bacterial-Spot(752),Bacterial-Spot (478).jpg,3
523,aef260e5a503b1f3f3f07be07b59a30532c843febc80c1c3a39f0677d50c4c02,Bacterial-Spot(752),Bacterial-Spot (479).jpg,3
524,7d26478e9412916c9c4772b574da4b0737f9edab5437fcb9a103fce81dfd4e1b,Bacterial-Spot(752),Bacterial-Spot (48).jpg,2
525,428d317d23bc0a2c00ef4e458400639f1560e39111f883a7285bccf686f41098,Bacterial-Spot(752),Bacterial-Spot (480).jpg,3
526,fb920329f473480a53ba41ec8809d68105f0d857920af4629d14cb72bc608224,Bacterial-Spot(752),Bacterial-Spot (481).jpg,3
527,904b7c892bde78b1241cffebb72dff8d2171e6397fca8fc826631a2b16b79122,Bacterial-Spot(752),Bacterial-Spot (482).jpg,4
528,98b28e9ce554748d6c3e47de6ebb026f804d1bf29be4cc9321059308fe643d42,Bacterial-Spot(752),Bacterial-Spot (483).jpg,4
529,736f6d3580ac740bfe1567106ae5370a5d0abc1c59312ca420187d1bfb72edbb,Bacterial-Spot(752),Bacterial-Spot (484).jpg,4
530,cfcb2b899e3815bcdf7ba1f0502b632f8bd6169f477e159813cc2ac8288d5e0b,Bacterial-Spot(752),Bacterial-Spot (485).jpg,4
531,8a5ae243bd9ba021159b12b0a0aee7e5aac06c7cac93abdf84f99ad252899bb4,Bacterial-Spot(752),Bacterial-Spot (486).jpg,4
532,d42dee556a850cd679de185ee84c4995f166eefcd520f9c085ecd821a53ee8f0,Bacterial-Spot(752),Bacterial-Spot (487).jpg,4
533,4570385274d1091555e6bb480d4cc1e36d61c9435f94033f03c3ef59dc29aa4d,Bacterial-Spot(752),Bacterial-Spot (488).jpg,4
534,c387521185ef2661a3a7a7f843f08a8af0a49382c79fabb68e6b9c8fc286eabe,Bacterial-Spot(752),Bacterial-Spot (489).jpg,4
535,0ac3951275a91c90c3b2a49d7ab586500651f6f40c1725f3b61d46233d8a5cd7,Bacterial-Spot(752),Bacterial-Spot (49).jpg,2
536,c42a95b1bc8340facdc04429fcab97ff350bdb3916ddc1faaeea6f635dc22a48,Bacterial-Spot(752),Bacterial-Spot (490).jpg,4
537,7ae7fdb7f0c7e29df2b1452986b9f6d3c8af276a080871514e21be6b8c643431,Bacterial-Spot(752),Bacterial-Spot (491).jpg,4
538,6ade03c7544c6e92c745cf92b2539dd7aff4373c2d1208311517c0cec7b73be6,Bacterial-Spot(752),Bacterial-Spot (492).jpg,4
539,744302bc4112fa2822639bd4eb150b826646d2d193ed70efe5cab649aa23b4a1,Bacterial-Spot(752),Bacterial-Spot (493).jpg,4
540,2d280b9ee5f82d9660ad1c2e0123bdcf2089e3ba1f6a3f73383e5c64c4a2dbb7,Bacterial-Spot(752),Bacterial-Spot (494).jpg,4
541,d64d7001f191d74cfe75d8c7cff02310525681dbe79e07f84b7ea413f068c7a8,Bacterial-Spot(752),Bacterial-Spot (495).jpg,4
542,632aa478cfd88134c36552f63a3add1d89aa1f92164c9483d9227e1d4a2211d9,Bacterial-Spot(752),Bacterial-Spot (496).jpg,4
543,f96c00b744c358e8f40115309b191ce044c9577e1b32c48f31f0d84bd7d790e7,Bacterial-Spot(752),Bacterial-Spot (497).jpg,4
544,dfc09eff13a03d9c94ca3b4eae2ea866f9820d26230e97775aeb26912b8f3c2c,Bacterial-Spot(752),Bacterial-Spot (498).jpg,4
545,4c29035ba71bb708ec9daa2f9456d04a118018603af5e5147e4db2715d312be0,Bacterial-Spot(752),Bacterial-Spot (499).jpg,4
546,cab033d63e89a7edcd601d46bccd754b364765ae66d843f15c55bd16600ebd16,Bacterial-Spot(752),Bacterial-Spot (5).jpg,4
547,15efa7783a9e65faa26f3c614da42448a55f400a3d23f3313dba823574cd82ed,Bacterial-Spot(752),Bacterial-Spot (50).jpg,2
548,e7ba98471b843506286463bd7b1b0ad1d622add943735663f6255d1efe4f2350,Bacterial-Spot(752),Bacterial-Spot (500).jpg,4
549,26fa21be1dad0be70259d0004d4ecb16f766da6632d5fc2e83f10b18e4d9a57c,Bacterial-Spot(752),Bacterial-Spot (501).jpg,4
550,1b6edd64606c43b0c84e74f437a00b5f489fd6e5e53baebceb0a32f2e0e7a23c,Bacterial-Spot(752),Bacterial-Spot (502).jpg,4
551,97d10c4454779e3b994a7832894702be43a4ae5e7ec6603dcb474dda855739e5,Bacterial-Spot(752),Bacterial-Spot (503).jpg,4
552,b8393e5cd621557766057e0d44e619931a2ddbadc1e4798f85d5c5595bb1ae46,Bacterial-Spot(752),Bacterial-Spot (504).jpg,4
553,f16cca6c03dd8540e1c3f11a10509dff3cdddee806a5519679c9d2596b8fc15c,Bacterial-Spot(752),Bacterial-Spot (505).jpg,0
554,1399a7541ab82a0e2c0f3cd3141b61ca18136b838ae654ccb7011936d4489231,Bacterial-Spot(752),Bacterial-Spot (506).jpg,0
555,a27e643ad6ccca7b881b11c7132ede74f7bf4000f5cd68bb653d5a3fdd2f33e3,Bacterial-Spot(752),Bacterial-Spot (507).jpg,2
556,16e42a60081f63f33c3a230cbd2166c598f3cdec81cb2b8175e687039e65c4a8,Bacterial-Spot(752),Bacterial-Spot (508).jpg,4
557,a98b2e69cdf62640e97bac5bea3d896f4acd397ebfada9d5367b18be9e47e6e3,Bacterial-Spot(752),Bacterial-Spot (509).jpg,4
558,74748ccd5baeae4835b0a7ec447a40b48194e804245645ae31237d52f0688eb8,Bacterial-Spot(752),Bacterial-Spot (51).jpg,2
559,f81e2f550a3aceedc11c8ded17d0c8599ea13ef49567ab4672186269e7ad0a26,Bacterial-Spot(752),Bacterial-Spot (510).jpg,4
560,2810914319d23e56c773a15ea7f66ba0719005c4afc4d9df98fd3a71f72b387c,Bacterial-Spot(752),Bacterial-Spot (511).jpg,3
561,420db9e89b7dc2aa233e17022cb18a6a292790ab87ca36a2f6ab29078f9db7fe,Bacterial-Spot(752),Bacterial-Spot (512).jpg,3
562,18364be4be9247cd12d8a9ea36b11938b0d8b7063133ccb67ace0d34348290ee,Bacterial-Spot(752),Bacterial-Spot (513).jpg,3
563,f330f9cdc59cf9cadb467c9d894e98de911dc5840a4203e53ef995d9bb780171,Bacterial-Spot(752),Bacterial-Spot (514).jpg,0
564,5e3938381f2e5c6787a7428d7514739b2a6d44cd04c5b83ac07ab76b9dcc5029,Bacterial-Spot(752),Bacterial-Spot (515).jpg,4
565,cf2b665aeb4620ae0e01cee08f76be1149d2cba879b3b69512bc480468665750,Bacterial-Spot(752),Bacterial-Spot (516).jpg,4
566,87b2302823c9274f0ee00c400a634c7d146440bba2c016bbea3cc08e7de94e19,Bacterial-Spot(752),Bacterial-Spot (517).jpg,4
567,bca4ec5d439951e13fb48939b39287768efd1867189158552d31d4b798b37e94,Bacterial-Spot(752),Bacterial-Spot (518).jpg,4
568,7cffa7b701d6f2b4cfaeeeaf8a088b1a1cbfdb2c7911d7526817d290feafc67b,Bacterial-Spot(752),Bacterial-Spot (519).jpg,4
569,027925e653679b8a770ae110260cef22ffe5a2c8fb83394184c2daba5a8e2ea4,Bacterial-Spot(752),Bacterial-Spot (52).jpg,2
570,1f140e210a9686684c8437314400a328c60c359f311e67f22f229d62ff0b23f3,Bacterial-Spot(752),Bacterial-Spot (520).jpg,0
571,bef6455441abe2f5e9605695e21440514433685533fc42476f20240fa3bda29e,Bacterial-Spot(752),Bacterial-Spot (521).jpg,4
572,3dd97bff11f76699d04f473a68870aab95eda81f976118fa1bc19f3155495068,Bacterial-Spot(752),Bacterial-Spot (522).jpg,4
573,172947dd162b6d554158b72fe0d129283a0098467898f07199eccfbf831c5284,Bacterial-Spot(752),Bacterial-Spot (523).jpg,4
574,07143bff01f6b652ae3bbf219a96ec8089b2858579ca2371cc84e3dcd3a2d4d6,Bacterial-Spot(752),Bacterial-Spot (524).jpg,4
575,c7f572785254930a5cbd8baf1cce8e28b403505ed5e0f58e1ab450471925ef5c,Bacterial-Spot(752),Bacterial-Spot (525).jpg,4
576,de93f89c2654618b97a7572f40b55513913bf1f2b85493c7489cb8f8521b02eb,Bacterial-Spot(752),Bacterial-Spot (526).jpg,4
577,a567813bb35ceae18791e8bcf7b1b838126b8e239d09e8a0dcbaf02a029bae96,Bacterial-Spot(752),Bacterial-Spot (527).jpg,4
578,b88433c244c6faf025fe1a84a50b43e7690a9ad19bcc448541af16331b6a111b,Bacterial-Spot(752),Bacterial-Spot (528).jpg,4
579,9a99b8813abe62279ab9d6dc5c53abd3c4655766e3e5def0dfc3a916cc2a40f8,Bacterial-Spot(752),Bacterial-Spot (529).jpg,4
580,8a2bbd9f4fbabf5d95fc95cb0b4271e11f96d58d57824b52e67889b2779d1d50,Bacterial-Spot(752),Bacterial-Spot (53).jpg,2
581,4c12d78245ab0bb0af9d3397fb246dddf6777e734286d769fe361f773c217bfd,Bacterial-Spot(752),Bacterial-Spot (530).jpg,4
582,d165045070a0d125bc96639098895fb57aaf975aac43c974cbdbcd27b8781b4c,Bacterial-Spot(752),Bacterial-Spot (531).jpg,4
583,4d9294cb24aba0f479c5e16404bd3b8e91f2f994607a684919566886632fac8a,Bacterial-Spot(752),Bacterial-Spot (532).jpg,4
584,358d889a39a212ffc5a0d9bd80f423838ea18ad1b8eed1e42a069d603fdfb698,Bacterial-Spot(752),Bacterial-Spot (533).jpg,4
585,223a1ff12b361e0832ba7a968eff1dfab13b37b483e3ddc159412e4937120f89,Bacterial-Spot(752),Bacterial-Spot (534).jpg,4
586,b14fa61b1b8ff6060070761afa8746ee6c6eee310eaf057807164a34d39b052b,Bacterial-Spot(752),Bacterial-Spot (535).jpg,4
587,9ee94ce43e334ed684bd1e0a0d411894889cd3622c1aba9579f49983ee9a54c4,Bacterial-Spot(752),Bacterial-Spot (536).jpg,4
588,b3f0e77ae41b0ffb692f87fb77506c76c92a0a6c1578141c8b4d7065b6aedee5,Bacterial-Spot(752),Bacterial-Spot (537).jpg,4
589,91615734d78dbfb8d89b0e37853f68d02ac52e77670685c5373dd322afbd44d6,Bacterial-Spot(752),Bacterial-Spot (538).jpg,4
590,7ab6ec5170eddc437f840a01426ef7a48cdafd30d8d837e369cc006c9d6a36bb,Bacterial-Spot(752),Bacterial-Spot (539).jpg,4
591,a67e623101c18ef3fbbcfa57ffd62793edef321684766c0aef90a7a135ae4e73,Bacterial-Spot(752),Bacterial-Spot (54).jpg,2
592,5b876d759d94cfaf19df32b7f8152e882fd3429d77f01f95dc5e071bebbe1fd4,Bacterial-Spot(752),Bacterial-Spot (540).jpg,4
593,dacb85f28e16730fadef4ad1bb806d5418b64526b6a9733fe5f774c3a4ccc2b9,Bacterial-Spot(752),Bacterial-Spot (541).jpg,4
594,38614cef8f6d58424a42cb34e806299921dd24be0b99e9827338900a350af3ef,Bacterial-Spot(752),Bacterial-Spot (542).jpg,4
595,2c76f3da7d9af3dc6d1231b21185de66c6d44a39e281aa1f431c77eaf808bd85,Bacterial-Spot(752),Bacterial-Spot (543).jpg,4
596,4e6d1ceb0fc0e908bb7a88e3885dd107f694e8c9d59f1679c1342e937a67315e,Bacterial-Spot(752),Bacterial-Spot (544).jpg,4
597,f5c2c26e7f9ab0497ccde82fc4a909366651b77629873843ce614b4e0db1eaf2,Bacterial-Spot(752),Bacterial-Spot (545).jpg,4
598,e64a5c43506eff2d459bfb123b380af8a5a7833b326025ce487471ca2eb7ef9d,Bacterial-Spot(752),Bacterial-Spot (546).jpg,4
599,67d821fff48fa549e6c45375063e064ba8f364dbaa39a513fc96b4a6043ba42c,Bacterial-Spot(752),Bacterial-Spot (547).jpg,4
600,ef9713a58dd484af2cc7de4e77a1d9151cc5af3111df0d5e35fc939c83dbc108,Bacterial-Spot(752),Bacterial-Spot (548).jpg,4
601,04aac2468caf03559b2121fc6bfd81b19b874f96b9b77f27ac4a417aa1f94085,Bacterial-Spot(752),Bacterial-Spot (549).jpg,4
602,5696f94a209a91c72ab9b9c491764818fb8278828f1243d279433a90acd820b5,Bacterial-Spot(752),Bacterial-Spot (55).jpg,2
603,625256815721182a3ed9de8e8570c480c75b78891f9329279aa4b0a3e6ea303f,Bacterial-Spot(752),Bacterial-Spot (550).jpg,4
604,b6c53074ac8abd66a3abb079cb8f829cb457efebf29de93e197ce35ee4f60785,Bacterial-Spot(752),Bacterial-Spot (551).jpg,4
605,b8e40f44e77842cea3665a910b80cac50d3b7f2af6d60e7fcbc7cd73ba71304f,Bacterial-Spot(752),Bacterial-Spot (552).jpg,4
606,494c9b85900f3dfb504f0d8c44b9100f3500e54a2406b5e9b02fcf37600da33a,Bacterial-Spot(752),Bacterial-Spot (553).jpg,4
607,f787015586983b46b52b78d1995d25cfdab16a7393c8cf6cbc7256c627c97507,Bacterial-Spot(752),Bacterial-Spot (554).jpg,3
608,7cba19ec72495bd043aeb9dd0ecaa9a44cc3396c1ca1c1970cfd9342ac8fc2d7,Bacterial-Spot(752),Bacterial-Spot (555).jpg,4
609,4a6a26e27c2c54e4b7b956145baac12d3e05478e4b2e4569cda4b65080393c9e,Bacterial-Spot(752),Bacterial-Spot (556).jpg,4
610,12b1d20b7823927f3f037eaf36efaf34c208d1573e5a7e58c936d4810d992b38,Bacterial-Spot(752),Bacterial-Spot (557).jpg,4
611,ab6301fd3ef35e3e6e39a7aaaab8c951f2b6f277a3b4b3e31ad9d3340569a831,Bacterial-Spot(752),Bacterial-Spot (558).jpg,4
612,d92761e57c213d98a94dc18828a462d78d97eff4cb9c71a49b5dcd06d555712f,Bacterial-Spot(752),Bacterial-Spot (559).jpg,4
613,6b06fdb7d2a8435aa70b1b403b72a4127eb654b465c8205b14c3608d805ee25a,Bacterial-Spot(752),Bacterial-Spot (56).jpg,1
614,bb36d3053c7ca798037d47cf14b31799484358cdedb0531725d0533bcee49eb8,Bacterial-Spot(752),Bacterial-Spot (560).jpg,4
615,b078243dc9114cd92ace858e45fb2fe39f27f7f50b07f3e83d750d48503c79e1,Bacterial-Spot(752),Bacterial-Spot (561).jpg,4
616,b7cea25b1377c4c636a3de1561260c6826e8b887d261786633087d57dcd04a08,Bacterial-Spot(752),Bacterial-Spot (562).jpg,4
617,9629f1af7d796bde71a5e0a2a2cb57d7507fdaaf3f9ea79987e1f69425eba3fc,Bacterial-Spot(752),Bacterial-Spot (563).jpg,4
618,a9ca39932dcef6d335b4158bfaf5c8bce770c11c9feabce1faf6c07b3e67c50e,Bacterial-Spot(752),Bacterial-Spot (564).jpg,4
619,0557e1b082ffdffce2b1934045fcd4a8b4bb13eb0c4e6b625c842f1ee5e139d7,Bacterial-Spot(752),Bacterial-Spot (565).jpg,4
620,3aa0ba627a6834cf57960982a76573cfbbc9a49ee90f3b0b0607b0707399d287,Bacterial-Spot(752),Bacterial-Spot (566).jpg,4
621,1d58607ebee0385a8e9e56131083288628d6014ef97df37fd4ae21739a98d62f,Bacterial-Spot(752),Bacterial-Spot (567).jpg,4
622,cdca391542e86c389531dd77baca2bbe1b2b1e87bf012c011197d80b463dd0f1,Bacterial-Spot(752),Bacterial-Spot (568).JPG,0
623,c78741cc50058e53dff86f37651dbab4631e9ff71e6eeb0e273ce738825d841d,Bacterial-Spot(752),Bacterial-Spot (569).JPG,0
624,496462aff51cade22513994132b7f160eee5392fd75ea4644b9c0cf01b35c0ec,Bacterial-Spot(752),Bacterial-Spot (57).jpg,1
625,6d51fed51ed3f24c42e30337ccfe5321cffa321e389ae4cb33283b7953435590,Bacterial-Spot(752),Bacterial-Spot (570).jpg,4
626,1085ec9deda5e40f6e4cae23263a0d029d3b419f39ee706b3bb2169300a5e4f9,Bacterial-Spot(752),Bacterial-Spot (571).jpg,4
627,b3e9621764f7f89f0e376bc70b1555408657be79974623d9ea58152e0961bb98,Bacterial-Spot(752),Bacterial-Spot (572).jpg,4
628,3f2b6b9185d9859c77d7982ac950423bdfffd1b150c2a347a49076a591510b32,Bacterial-Spot(752),Bacterial-Spot (573).jpg,4
629,d9d70b3617728cf3af4e49c2a3d2903de66d42d7eb0b4e07e5251841afcbe346,Bacterial-Spot(752),Bacterial-Spot (574).jpg,3
630,556cc90ddfe61811e06ac06be64428ad0c2af4b8787f140cad2ec58a915a6a5c,Bacterial-Spot(752),Bacterial-Spot (575).jpg,3
631,f21e90203575c3733c4e373ec6c33bb68f61af69ec04d8333dc37f8e328e80a5,Bacterial-Spot(752),Bacterial-Spot (576).jpg,3
632,cec05312f33d77af95532b57d2917ae9b5af58783933e1012f8e157492916652,Bacterial-Spot(752),Bacterial-Spot (577).jpg,3
633,0cac017499f30d7adf2e0cc66c7822d8e32850fda8a3f68a9a271ee906158612,Bacterial-Spot(752),Bacterial-Spot (578).jpg,3
634,4797e64e12005eb87d467ea0f57deb95f35abae622ad0d2ee952c49f190c1885,Bacterial-Spot(752),Bacterial-Spot (579).jpg,3
635,ddebaae478e31f2632d21bdf70b0d9fe63425a3be2fd0cdf2f1c2452f02dcc27,Bacterial-Spot(752),Bacterial-Spot (58).jpg,1
636,2b67b990f83d629002473fd1de1ceae1a428b11195997852f996f83d86a19d44,Bacterial-Spot(752),Bacterial-Spot (580).jpg,3
637,ebd3bf2a9760bafa219a782e31fa4afc7face05d5d8b0a84e5ebfaa63556a8b9,Bacterial-Spot(752),Bacterial-Spot (581).jpg,3
638,b6f78a92ff1024f20667400b4330f02418edf3a056e333c16aca3b736408d2e6,Bacterial-Spot(752),Bacterial-Spot (582).jpg,3
639,5199bb70e5853c7ba547798d4ecb1b90f6458e998d5d39bb692e6d323d416b3f,Bacterial-Spot(752),Bacterial-Spot (583).jpg,3
640,39ea301bfefa5eba824dbe27fd0cf6ac884ef61ee98913034cbea2155ce9a0b6,Bacterial-Spot(752),Bacterial-Spot (584).jpg,3
641,a4f4b0fc217e796f3abb06e64229f40dc64f88af4284d9ef11a2aae5d908119a,Bacterial-Spot(752),Bacterial-Spot (585).jpg,3
642,597c7b93a3eaac8078255684fd2fb536885ff59834b61c8c4716da4c9fed4e3d,Bacterial-Spot(752),Bacterial-Spot (586).jpg,3
643,43cc4d2f5f1377af4b88911d9357f5d2dc107c564eb1fd03c0a8b4a3140a22be,Bacterial-Spot(752),Bacterial-Spot (587).jpg,3
644,2d63eed8140134dadbbbbfe16f776259b217f71a85b069c133e2c327a4f71f7c,Bacterial-Spot(752),Bacterial-Spot (588).jpg,3
645,e4d39b392cd66d6bd25b0aece5f58c589b4737ea8235371166dd0102146e7c9c,Bacterial-Spot(752),Bacterial-Spot (589).jpg,3
646,a741051f5cd7cf597db9b34b5ddd95ccae81f0b884803c0c6114a23cadcbf0ae,Bacterial-Spot(752),Bacterial-Spot (59).jpg,2
647,1a6de49a38c0cec3636fd050787d75c31f7d3635650de6b91b6f41146ea3521b,Bacterial-Spot(752),Bacterial-Spot (590).jpg,3
648,a41c7f2e49709ef976146ee6a13d0cdef410f7307e3e93d94145e2583b2e446c,Bacterial-Spot(752),Bacterial-Spot (591).jpg,3
649,2768b784c2e8d3eec545cf42244d69b5c825b00e0909934b5c66c7cdf4cc0dba,Bacterial-Spot(752),Bacterial-Spot (592).jpg,3
650,55f0ef491f6f8ba4a17822bd3889c01137a886a7d2139400778c3369e7303980,Bacterial-Spot(752),Bacterial-Spot (593).jpg,3
651,3aae240e7872cee557883ab1c17c9d3fa9074fa7f91b6ff22eacb1272b96891e,Bacterial-Spot(752),Bacterial-Spot (594).jpg,3
652,f5bbd7281ab8ed4326e9746685dfc935d61cf21751d442fece537165e4834c02,Bacterial-Spot(752),Bacterial-Spot (595).jpg,3
653,579db28410f1249b25f6ed95566583a82c1d0e1b23cee881ca493e089c641046,Bacterial-Spot(752),Bacterial-Spot (596).jpg,3
654,ce1f873d98d932ebe1218b8ff5f935d378b4530325f0762e4d571f8b1994d1a2,Bacterial-Spot(752),Bacterial-Spot (597).jpg,3
655,077a2e50727cf1f30257225e7901520b42547709998224abfb0c1e935f5f610b,Bacterial-Spot(752),Bacterial-Spot (598).jpg,3
656,b5537aa3323969442a3f10c431662c945cb8a71efb21d1cc1d5f6548a4877108,Bacterial-Spot(752),Bacterial-Spot (599).jpg,3
657,22232f5d48d9c4a581c67b45e51e43a6277f57dc04df7df27de02090757efd2d,Bacterial-Spot(752),Bacterial-Spot (6).jpg,4
658,d536a71c32bd2d02e420f2e788e48923a09411af22267fff83e8b03b9816cad7,Bacterial-Spot(752),Bacterial-Spot (60).jpg,1
659,d142102bd5d9fc2e2819b71d27b7ad1ede303536e26e0dbbc7cda785a3608ef4,Bacterial-Spot(752),Bacterial-Spot (600).jpg,3
660,bd4c63971bfec09a18e7c10994ad03061454c5eecefd7a12cf5ab462d4f33e99,Bacterial-Spot(752),Bacterial-Spot (601).jpg,3
661,2de85ff8031dcd99ac097191dc5d74cdb63233aa67f60f112549ce16a67ff3e3,Bacterial-Spot(752),Bacterial-Spot (602).jpg,3
662,46cd472dc47cf70e1736d020dee7e802c3c8fe2c9470886a4eb1577fd283083f,Bacterial-Spot(752),Bacterial-Spot (603).jpg,3
663,1c3a298d883c27f68f4019f836698dfafcf3142f34f79e7418ca07a712dca0f7,Bacterial-Spot(752),Bacterial-Spot (604).jpg,3
664,9a9412b0993fc8f2a6f71e6b08d53e953fabea8bbae23ae261c8bbe09eefaac4,Bacterial-Spot(752),Bacterial-Spot (605).jpg,3
665,8e06280ba57112c67a0327290829a1a4adc1b7fd7b5d160143f5895c49d46a08,Bacterial-Spot(752),Bacterial-Spot (606).jpg,3
666,0e223c826d61d6134efbfd0a05798e750c64599cb0c950be105f24d46c44e758,Bacterial-Spot(752),Bacterial-Spot (607).jpg,3
667,ddb0adf46a52601bd6ad9498885b59e2e9f6bb9766d0729cd512183d3378cc69,Bacterial-Spot(752),Bacterial-Spot (608).jpg,0
668,c642c01615f71b8a86d7fe7d729e0a7cf88cc5b4ba4550483acb11fe08430b51,Bacterial-Spot(752),Bacterial-Spot (609).jpg,3
669,69ce38517e09822a95969acb3e53228cdac5202bcd4e976454887eda8e7e6caf,Bacterial-Spot(752),Bacterial-Spot (61).jpg,1
670,5dc6d5d015cc3c48b23ebd0aa67fad7a000f0648f9c5546ae89b556d240d8776,Bacterial-Spot(752),Bacterial-Spot (610).jpg,0
671,26ae4ca98d418790e461b71e4b43323201cfeb1d73f026dc2875fdee50fd6ff8,Bacterial-Spot(752),Bacterial-Spot (611).jpg,3
672,3e9645f815965a6846e6d0049c9a1b5d81d09c0ef4700c84a858f42203fb0b5c,Bacterial-Spot(752),Bacterial-Spot (612).jpg,3
673,ca9396260d862347b7d5fa36fc081a54a2008ab7824751b09e5ad8bcc0ddfc95,Bacterial-Spot(752),Bacterial-Spot (613).jpg,3
674,f7aa9d05ae3e08aca17379bafe6acf62ddcdc3dab372a4e697fb20cb5d720e97,Bacterial-Spot(752),Bacterial-Spot (614).jpg,3
675,04a63f9bdfd31c7c1a696f31c29074f19475d7acbe5884509cfd23a37945755a,Bacterial-Spot(752),Bacterial-Spot (615).jpg,0
676,0f2f82c7d1b77a5d211ecb64b7f6fbbf9d99b078d42e55a02cb2f5b00c60c3fe,Bacterial-Spot(752),Bacterial-Spot (616).jpg,3
677,e06c0e677df338774e66197e5ca90cf8046fdb36629ff6b94546bb1a6554996e,Bacterial-Spot(752),Bacterial-Spot (617).jpg,3
678,7ec9ca0cbffe87d5f29b845d743abd2f6a7d5d61759cccef1070dbdffeeb379a,Bacterial-Spot(752),Bacterial-Spot (618).jpg,3
679,184eace9d6a75fe338f547da224849587a7d395e4bcff910a4023ce13996fb76,Bacterial-Spot(752),Bacterial-Spot (619).jpg,3
680,37411a535cdff3b51cb279426956a6e76b94a5e81798366e5dc8c2f6c1eb90f3,Bacterial-Spot(752),Bacterial-Spot (62).jpg,1
681,b9aead61f16c83594f72606ad9541d12cc2ff967a720fd974b2dedb733c7164f,Bacterial-Spot(752),Bacterial-Spot (620).jpg,3
682,7a0eeb16d59f7d8a1a18ec90bdcf2619147f973a521b5cfc6742fbde89bed586,Bacterial-Spot(752),Bacterial-Spot (621).jpg,3
683,7d04d56cebe6e90be720af5eaece6f9166f1f5ca5a53447ed2570f9f6d0a5dfa,Bacterial-Spot(752),Bacterial-Spot (622).jpg,3
684,3ef0371548346bcf72d1a397b95f6292b8e4c9ab3643ee292bc30cdeb0e006f6,Bacterial-Spot(752),Bacterial-Spot (623).jpg,3
685,c917c66ade13b97be5f671a81743abb790c68a8bb91306ee8f4bde34a8a42415,Bacterial-Spot(752),Bacterial-Spot (624).jpg,3
686,0b1edbaac16d942b20883c4a8ec0a7237d808866777bb2525f9f58de087277df,Bacterial-Spot(752),Bacterial-Spot (625).jpg,3
687,1d6874add9ca7d50cabe453a40f3a61bae2d532c36f7d491d97b62393a43223f,Bacterial-Spot(752),Bacterial-Spot (626).jpg,3
688,f886034da6a297518acfe10261f59183964cace7d70ded23c12426a7348e14a7,Bacterial-Spot(752),Bacterial-Spot (627).jpg,3
689,4f110afcae8f434ba692bec5fa0ffca8f963a2227b18bdfa9ac18ae00023b119,Bacterial-Spot(752),Bacterial-Spot (628).jpg,3
690,94b6c2d6c7a5210de96454ee10f045becba4c01e79e0a6844a7649dc35ae4dc9,Bacterial-Spot(752),Bacterial-Spot (629).jpg,3
691,238c0a7c09e4533efc3bdd03df941f818ca7fd3ce35a5f7973605a6a32aabd81,Bacterial-Spot(752),Bacterial-Spot (63).jpg,2
692,f64eb10c80cb0f486e3a956edd3ae3b96268077c8b070f41fea0e74115f4c2ca,Bacterial-Spot(752),Bacterial-Spot (630).jpg,3
693,9e8276f049ef9a79ecf9b42a7fcf9f55302db60f4803670d6a16487dc9ce722a,Bacterial-Spot(752),Bacterial-Spot (631).jpg,3
694,56ea1339f73b34d2895f618dcbd6b8edd8ec23963e902ae8f2392712b891fdaa,Bacterial-Spot(752),Bacterial-Spot (632).jpg,3
695,d2899b3504bd3213c9af858426cac7f8a26e6b403ccd310fb9fcb34977a41497,Bacterial-Spot(752),Bacterial-Spot (633).jpg,3
696,1e15f837f878103bf6fc6e7de1c732e8302f3046028ea83bd2efa41d0df0a340,Bacterial-Spot(752),Bacterial-Spot (634).jpg,3
697,187b454d7fe0bd0b4eaaa082c17e25159e73b05cd74cee51cc93adbb636a223b,Bacterial-Spot(752),Bacterial-Spot (635).jpg,3
698,28ccb85d11cbb0e85147ecdaf47c5962f044e48669a6dafb3e20a483f09f4272,Bacterial-Spot(752),Bacterial-Spot (636).jpg,3
699,b3038840e06909cf126b81528346151471b2bcd07efe3c68ba519613e31cee79,Bacterial-Spot(752),Bacterial-Spot (637).jpg,3
700,7053d951a338f99599657a07bc4bc9ee0b8b331f7e5f8487f132f9b5a2f94c18,Bacterial-Spot(752),Bacterial-Spot (638).jpg,3
701,39da22448db659af2bc67809a6f6e30eca466093d42594f91927a318cb90c6e2,Bacterial-Spot(752),Bacterial-Spot (639).jpg,3
702,b505cfa9a940c0a66ea263a1184e426c7e14fa1da01b43b551bd4da4b330621d,Bacterial-Spot(752),Bacterial-Spot (64).jpg,2
703,eceb01fd72e390ea87dbf476519dce988c02ecfa34c88b7d5dffe56d85f89fce,Bacterial-Spot(752),Bacterial-Spot (640).jpg,3
704,6e4aa8579e814ae36bb765bcd9607b300f0e8355d76cf2e675463fde2e307399,Bacterial-Spot(752),Bacterial-Spot (641).jpg,3
705,d66c2f30ddd779b1490a3c2aa6ab2fd65d0f81ccc72387aac7b7fdd91895869a,Bacterial-Spot(752),Bacterial-Spot (642).jpg,3
706,3c917cff941d667441d17a7a0e855a80cda56af6458926d33ddd1ec0caaba5b6,Bacterial-Spot(752),Bacterial-Spot (643).jpg,3
707,47bb654e070ec84b9d4af95c404303f31618056482ee0ef4ffa2b2be6e455654,Bacterial-Spot(752),Bacterial-Spot (644).jpg,3
708,d44ec4081b22a4a672b722981eeb401e1eb94899a78df20ed0cdaecc14b029a2,Bacterial-Spot(752),Bacterial-Spot (645).jpg,3
709,45f109aa3730eb4940b540c6877cec80c2f622cee338e888743e4493b09f7eb7,Bacterial-Spot(752),Bacterial-Spot (646).jpg,3
710,b6be1caa300847df0c7253b0bf5c12d9cd198cf2a40e51a57c07e0ffc8e1f729,Bacterial-Spot(752),Bacterial-Spot (647).jpg,3
711,4f7bfbeed1622976ea5be51227c276c748dbad6497ca06f83237f88958d934f9,Bacterial-Spot(752),Bacterial-Spot (648).jpg,3
712,dae55710363e0caa8538e89c55a0eed996497344a2198e8611d16c554574d3dd,Bacterial-Spot(752),Bacterial-Spot (649).jpg,3
713,572972955d68d2da36df3ec9a2888ac84c682e2398cc72754529a038a715bfc8,Bacterial-Spot(752),Bacterial-Spot (65).jpg,1
714,95cbd95fbb63e447743f9658f74a8a312a311099109fb4d39c51740ebfbcd576,Bacterial-Spot(752),Bacterial-Spot (650).jpg,3
715,408ee06c8da1f97df80845be20aba82728b63888d23a38b2256b15a982da08aa,Bacterial-Spot(752),Bacterial-Spot (651).jpg,3
716,742625ccd3c79284966acf8f87d061f6e3bd6f284fb1a3a004b97d7ee6fe3203,Bacterial-Spot(752),Bacterial-Spot (652).jpg,3
717,2370a56407d243e708407cde7a62d7d5e4bc27570d1b5b8d4296c68900aa790f,Bacterial-Spot(752),Bacterial-Spot (653).jpg,3
718,f8d9bbd06c59024ab08d4dc3d5e10381041c17e38dcbb2e34b21ea8bbc6203ae,Bacterial-Spot(752),Bacterial-Spot (654).jpg,3
719,1810c193b55c5f8378505d0dde2b2638b39c5d50e86950b78e45fc1f70310d73,Bacterial-Spot(752),Bacterial-Spot (655).jpg,3
720,e5b7518493de7e26b35086c269877c5eb6eeb8ba0fe4a8b7303460e22bcb296b,Bacterial-Spot(752),Bacterial-Spot (656).jpg,3
721,d4252466b1d62794846c6636e938b421f590bf23aa2966789914d00f23548f4e,Bacterial-Spot(752),Bacterial-Spot (657).jpg,3
722,4bd5ad4041e461a24c9bc479cc4026aa0d24233be0d86f1ee17aca82dff100da,Bacterial-Spot(752),Bacterial-Spot (658).jpg,3
723,c458e19db7244879c0df3f66798c63e29797c3fbe66dd382c67aa6911fac4692,Bacterial-Spot(752),Bacterial-Spot (659).jpg,3
724,cceda8f3494facbe42df5dfc3663e6df2738b2bba1304a79dab778d4d1843d0b,Bacterial-Spot(752),Bacterial-Spot (66).jpg,1
725,6d09d9c568275faf3b7f9507860606007d6fb676fa121c3f3dbefe5989466b8a,Bacterial-Spot(752),Bacterial-Spot (660).jpg,3
726,97a3c9b11a7025cc5f86ec1a1cc72b099dba4412d5c2309996abc13082ffd32f,Bacterial-Spot(752),Bacterial-Spot (661).jpg,3
727,5116f16f64ba8332317884603b8b04f9367a887899d2247ce33ee9c76087ed1d,Bacterial-Spot(752),Bacterial-Spot (662).JPG,0
728,8a55ed63a716a122028c4adc5ded3fdde2d03eeb220baa7ae0773b8312e92651,Bacterial-Spot(752),Bacterial-Spot (663).JPG,0
729,2122b7fb8af3abe17693f4423ecc9385ee5e5482d3bb8dbec5cf9e197b259fc3,Bacterial-Spot(752),Bacterial-Spot (664).JPG,0
730,7ee27c8c70f62941c6172113a89e6a9aef3270266370944a0ff480e81e9266cf,Bacterial-Spot(752),Bacterial-Spot (665).JPG,0
731,d7d40992f6e72ae366076812c051536229505b7869eee675bbf15085b9564d23,Bacterial-Spot(752),Bacterial-Spot (666).JPG,0
732,fb8a6bee757c882b2385bbcffd01c0d089f672d561b49cc6e731eddc6bdf16d7,Bacterial-Spot(752),Bacterial-Spot (667).JPG,0
733,e15d11b1b14d2eb897bac19d59583147e4b3a8e40fc89347cb74259cc65f54b5,Bacterial-Spot(752),Bacterial-Spot (668).JPG,0
734,27579900fee374d11501d78780ce2bc8f823ff26fb09f031518b29fcddc92e15,Bacterial-Spot(752),Bacterial-Spot (669).JPG,0
735,0db1f8c3a66ffa5a9e93b6f452eb6e5ec6757cd1372398d851c416b078895b1a,Bacterial-Spot(752),Bacterial-Spot (67).jpg,1
736,92bdb563994b57903384dc965ec22229f8f22494cab7933748c5f51c126e4063,Bacterial-Spot(752),Bacterial-Spot (670).JPG,0
737,f8c59ea1adbe462e6ce09a113487fd3ea026140ea23a44a90e72152fada50201,Bacterial-Spot(752),Bacterial-Spot (671).JPG,0
738,31f4d89539fc05670a15544ddbb3636ee849ac0783aeadaec08e5698bac0d066,Bacterial-Spot(752),Bacterial-Spot (672).JPG,0
739,43a5ebc22522d228fe927122eba7ab55d0644384651e674f547d947e1cec800d,Bacterial-Spot(752),Bacterial-Spot (673).JPG,0
740,3ae874ae861dea16f9dd9f0eb7c85a0395d6bc42501b0e6f2d8179a7a35eb927,Bacterial-Spot(752),Bacterial-Spot (674).JPG,0
741,5d031fe48eb22828aa73e1a2be366fa9e99b0fabd7e9bcde48574d94c5fa7e99,Bacterial-Spot(752),Bacterial-Spot (675).JPG,0
742,c3e8b77548a0558cc64ce4398d4d96837d5372e48d736a05a701dd1fd59d0ecf,Bacterial-Spot(752),Bacterial-Spot (676).JPG,0
743,33ed423f07afc092833f7ced85b10af94a5e408725c931ec0b80c32315a138ef,Bacterial-Spot(752),Bacterial-Spot (677).JPG,0
744,78600ac51810efac16710ad8e86b56b141867ca32ae7be8129da8c0238bd8fd5,Bacterial-Spot(752),Bacterial-Spot (678).JPG,0
745,7993d2224a577f70a5d79510c6b59166b0ffd5cb63fe8180fcac926b08cd3aab,Bacterial-Spot(752),Bacterial-Spot (679).JPG,0
746,6393eaa5341bf53b88a4119bd6dd48dee8abb94ceb2945990bb6b7e7ea01542a,Bacterial-Spot(752),Bacterial-Spot (68).jpg,2
747,ac2807ef3075b063c0ff4a2bca503a4d9a0663335b86afeaa49d57c404e5e94c,Bacterial-Spot(752),Bacterial-Spot (680).JPG,0
748,f748d7b7881eae1a84db26fb98de6f03de8dfaf0a11b48c7dff28e4da663f59c,Bacterial-Spot(752),Bacterial-Spot (681).JPG,0
749,678fd9ec474da623ddfa63371990dfce3acbfb6d4c0542bea3693d7826c00166,Bacterial-Spot(752),Bacterial-Spot (682).JPG,0
750,2f2be8dc936e688d56f923dc6aeba47592f3504de7400440d0f63187fe1b270e,Bacterial-Spot(752),Bacterial-Spot (683).JPG,0
751,8f6b7ce96ab0d9bf8955664864d2a6634b4651f0a9851c012e3ae961973bf703,Bacterial-Spot(752),Bacterial-Spot (684).JPG,0
752,a3d6a8adfb421d2dff99b02696a6320166c0ab1e6e0b5ac25106c5b0606af01f,Bacterial-Spot(752),Bacterial-Spot (685).jpg,3
753,242b4cf63b1f88b65ff1d82010d2e4c677a0f8e4a81f5a51a69f3ea0c2cfa43a,Bacterial-Spot(752),Bacterial-Spot (686).jpg,3
754,4e463baa6d67cd5917d6bb1254099237bb92d0e5cc7efffb8a5e9bcb9c234f36,Bacterial-Spot(752),Bacterial-Spot (687).jpg,3
755,8f119dcf03c50ac5f270b60a3e43ab2cf512db99ca24744de8319ecf2eed49cf,Bacterial-Spot(752),Bacterial-Spot (688).jpg,3
756,e4a1325932311ff5e26a9ceef6d579914e0448e66b899845cbff3b72b8cf4bd3,Bacterial-Spot(752),Bacterial-Spot (689).jpg,3
757,00c4577910acf87971c2d124fc2e413a903153ffdd240515de148f562dfec02d,Bacterial-Spot(752),Bacterial-Spot (69).jpg,1
758,30956a897a4c51da53553581d21e7733e4d4dd5e443bbee6c0bf1150e5c125b6,Bacterial-Spot(752),Bacterial-Spot (690).jpg,0
759,2fa0b242c3d7eac282965e1f5b910a74908e75d8c03d99131948534337aab646,Bacterial-Spot(752),Bacterial-Spot (691).jpg,4
760,6226ea65ba8eedc81e304ec6a89c2a01333f7196d4545142a9712e91410447db,Bacterial-Spot(752),Bacterial-Spot (692).jpg,2
761,a1dde9edca9ce305e3bd1835ea98f98ada51c483b9fa5e1949487646a758596b,Bacterial-Spot(752),Bacterial-Spot (693).jpg,3
762,c4c412a6192f829a261779651e4cec9088cab8b5bcf0f029e046f718d8b066bf,Bacterial-Spot(752),Bacterial-Spot (694).jpg,0
763,dfc5e896f2898723b5571d80b57197c609337663fec56b0aefe1becbe1276fa2,Bacterial-Spot(752),Bacterial-Spot (695).jpg,3
764,0bc450f273f0f71ffafc8165b374ca4037ab4133cc9b91d7486e1b1e10182c91,Bacterial-Spot(752),Bacterial-Spot (696).jpg,3
765,82006476b4e567b39945cf5431f7626eba61aad686a3a8be4d37bd2fee6b1a12,Bacterial-Spot(752),Bacterial-Spot (697).jpg,3
766,beb788e7e83e1ac0fb9bceb1480688f46ac4b99b36208f42d4780a4c8f559f2c,Bacterial-Spot(752),Bacterial-Spot (698).jpg,3
767,6488e89ba8796a321aa5c1a6b7f61bcce62b18342bf21a046afb455f178eeb7c,Bacterial-Spot(752),Bacterial-Spot (699).jpg,3
768,e0a91bf90afed204a024177ef6db4f0efd8667cb4647ea4ec5250de57e675474,Bacterial-Spot(752),Bacterial-Spot (7).jpg,4
769,65077d8464c4841d1f505989c70dc5b94136fda5861a429695faaf26ca725231,Bacterial-Spot(752),Bacterial-Spot (70).jpg,2
770,c4cb9699d2e080f1a0144f63ab34d9af0bfabe9600e94fef8b2ffabec74cf34d,Bacterial-Spot(752),Bacterial-Spot (700).jpg,3
771,ed1a207eadc2f4c0cf31b5379189d55f0fe2c04c0bccd70d0f62ad5a63a9e17c,Bacterial-Spot(752),Bacterial-Spot (701).jpg,3
772,3c45dd0628ed49048a08ff26504dc80b00bf388641ec94355583b37ab0fd8034,Bacterial-Spot(752),Bacterial-Spot (702).jpg,3
773,de8bef462b3ab7421fad1261c03eede1c51e7f9ddd0b97e5003e8350cd90e673,Bacterial-Spot(752),Bacterial-Spot (703).jpg,3
774,38c3d534f19b86c323316bdb2d5e18d593ed0d8a90917d270b6046bb8451552c,Bacterial-Spot(752),Bacterial-Spot (704).jpg,3
775,fc483e2ad980e6545292f21a12d41efacfb79b739688d4b92e30606a6f5f87c7,Bacterial-Spot(752),Bacterial-Spot (705).jpg,3
776,c4b313f06e1a324baf8767480541cba74a0bd128ade2277ed4e57b46725248bb,Bacterial-Spot(752),Bacterial-Spot (706).jpg,3
777,5dbe9398d3356f5318be33d1d3b60af96400a8f964fc1a39e9585cdf12dd8b3f,Bacterial-Spot(752),Bacterial-Spot (707).jpg,3
778,65885bee4332c01edfaf0ce250558c2e60650b5bb0552ab338ff2d11f9401fe6,Bacterial-Spot(752),Bacterial-Spot (708).jpg,3
779,ecf028d9475696b022f6029e55b34efcc41a5b833aab1a63b2b7d5b3d95acbcc,Bacterial-Spot(752),Bacterial-Spot (709).jpg,3
780,b734e1c60cc0ca0a4735cd44d20d0c78a1a02f22ed6308337f9a54dfcea75119,Bacterial-Spot(752),Bacterial-Spot (71).jpg,1
781,f1c9527b51f6e728310bf2d42991110e0c644abfcf799df7af6661613f079a2a,Bacterial-Spot(752),Bacterial-Spot (710).jpg,3
782,6f0663eb1aed7e0b24f39e79a770b83b23e4f98a9fa0d162ceb8530eaae81d86,Bacterial-Spot(752),Bacterial-Spot (711).jpg,3
783,881ef4d3a4d78f3e29645d82a021055473568ba06348a48f5fb69f650ce03823,Bacterial-Spot(752),Bacterial-Spot (712).jpg,3
784,53a39f7dc2826cf60516d5cf3f20450d769748fcb541f091d780d3588d7db886,Bacterial-Spot(752),Bacterial-Spot (713).jpg,3
785,85b3e2f13c99cf12c3426fd927f5e8fc260d37d2c38336715946783999c43c4b,Bacterial-Spot(752),Bacterial-Spot (714).jpg,3
786,2c43e16ba2878e19a93e465573db974977326dd234eeba6313aaab109d8e64ea,Bacterial-Spot(752),Bacterial-Spot (715).jpg,4
787,f3beb82ad7790e000a90dec57f6464263c4792f665a5e87aecd6e47c0c8d3ea8,Bacterial-Spot(752),Bacterial-Spot (716).jpg,3
788,7cf5c91cbe326f57714a7016d6a6cf52a497c65fa5cff0c821f6e3d7866e2786,Bacterial-Spot(752),Bacterial-Spot (717).jpg,3
789,821c237f3e6313f922ef3a4355ccbd007c6f5cf338c40513c817923cb49b598b,Bacterial-Spot(752),Bacterial-Spot (718).jpg,3
790,0e0cee4e8bb37b04b5ee68fb2fa28a7d567a726a808619727000802a34e80ff0,Bacterial-Spot(752),Bacterial-Spot (719).jpg,0
791,3f87452567bb72b48f13dc5bcb6db5de799dd4ee8bf57b38f0cdf2364bdd057a,Bacterial-Spot(752),Bacterial-Spot (72).jpg,2
792,f8bfe8a24bdfcfe7a10bc7f34f8065ef60babf6c565822f1e7cbb073361703f4,Bacterial-Spot(752),Bacterial-Spot (720).jpg,3
793,f6f14a5687d61eb010f2005455cd2a4c182535621401b48465a06383674f05cc,Bacterial-Spot(752),Bacterial-Spot (721).jpg,3
794,583a12326a0fcd8cee2b72426043c541de844aaeff2c08d4614eaa7ac29c4539,Bacterial-Spot(752),Bacterial-Spot (722).jpg,3
795,8d33eb3bcaecdb4e43c7ec29653ada1a01baa9e66a8867a5bbbb7bcd48f003e0,Bacterial-Spot(752),Bacterial-Spot (723).jpg,3
796,57bee4d060253db383ae17a2d340f73f7da06d49b137a3d030de9b26fd2cf10d,Bacterial-Spot(752),Bacterial-Spot (724).jpg,3
797,c977c62366935f5ab03cd4a83e70184e9af606afbbbe49e3b2a25e66ad04a146,Bacterial-Spot(752),Bacterial-Spot (725).jpg,3
798,cf49e5f08364deb44203efaebba4ee0da8a2230bd46e5fb952bc076fa0e07734,Bacterial-Spot(752),Bacterial-Spot (726).jpg,3
799,dc95c30a96064d26f94503b1a3a8760c9ddb1b506ef970660bdf7510730a9f4b,Bacterial-Spot(752),Bacterial-Spot (727).jpg,3
800,23bc9a164a6ce960f44fbad0ab15439d5a372930666e0d034be7312718ec33ee,Bacterial-Spot(752),Bacterial-Spot (728).jpg,3
801,54691ec5013da0c0a2c520ee298f6f19e8beda7e69d2e89dc5d23f31e33aae86,Bacterial-Spot(752),Bacterial-Spot (729).jpg,3
802,64f6b2c91d92f78173d3acfc3c7577200ecfe23e6086a6dc612b26e61adaa9e1,Bacterial-Spot(752),Bacterial-Spot (73).jpg,2
803,4d752bf9e04ad8c0c2fecdbd29c55e9ce831c4a480a92ca01d2d2ac115e5ff9c,Bacterial-Spot(752),Bacterial-Spot (730).jpg,3
804,6a5d10065fe8debcd0411caa2e8f3d20cc637af58d1c0242e7f41d1a86812ff8,Bacterial-Spot(752),Bacterial-Spot (731).jpg,3
805,3d14468bfd9667e1f8060ccb3b2859a5912370fe46ebd5698a0a6babae5f1bfb,Bacterial-Spot(752),Bacterial-Spot (732).jpg,3
806,2e352a9c29f0e4ce7aee0a4dc65c859c55efcfbb9fe2737e8d5239ff6d6d2308,Bacterial-Spot(752),Bacterial-Spot (733).jpg,3
807,7ad75063b747a3156303412efcb1c7128f4eb629c5139540260afd5093f82c08,Bacterial-Spot(752),Bacterial-Spot (734).jpg,3
808,7426c207fedb2e8eb8296ea18cc63f68eec660c0712c16ebe133a88f0ad0f220,Bacterial-Spot(752),Bacterial-Spot (735).jpg,3
809,4041115d8c3e214c2977b84d8aa9c4c70f6b70ef513392b8748f1884c06c3714,Bacterial-Spot(752),Bacterial-Spot (736).jpg,3
810,71206667697e0a595e619f6e93c8ba89ce0007b7a2583c8d006f1855adab95c7,Bacterial-Spot(752),Bacterial-Spot (737).jpg,3
811,fb5437edf622f49f31ebb0d5f39456cb4d45d4fc99deb59eb1573a3ade60899d,Bacterial-Spot(752),Bacterial-Spot (738).jpg,3
812,2810a3848c859c8b6d3a44a9704faf401ff7fe5d763d87248e9313c5fd390ae0,Bacterial-Spot(752),Bacterial-Spot (739).jpg,3
813,f320566dd539186fc8ebb0879193d824c76a3a6a3b83222cd62bd3d5f04336b8,Bacterial-Spot(752),Bacterial-Spot (74).jpg,2
814,697b71ad27874e2f2eefae90715baed6f07811c7257fff5610519b4915b7954c,Bacterial-Spot(752),Bacterial-Spot (740).jpg,3
815,0ae21af2463838949f64b95a1fcad3e35d4df0b3ba860eefe71738e536974357,Bacterial-Spot(752),Bacterial-Spot (741).jpg,3
816,4ba5488fdfad948b76b780bd79cf73d283c6c9b4917b1cec02dd84d764482888,Bacterial-Spot(752),Bacterial-Spot (742).jpg,3
817,0bcad2fd7d4ac39ef2edfa0ff8389f881e3ef60dae57837e294031e8194fef1f,Bacterial-Spot(752),Bacterial-Spot (743).jpg,3
818,0ab3b17cb4383619fdf93af1eec944f31eb770a6b8c68a04d11be3281f2dbf48,Bacterial-Spot(752),Bacterial-Spot (744).jpg,3
819,cb723b3e7fb1ae76d6f2a6d74edfde1181f36b6ac1cb877d0c5a6e5226168446,Bacterial-Spot(752),Bacterial-Spot (745).jpg,4
820,cfd95dc67fd1f9684a750bdab14d680a79b064a84943191be278a215a9f4e2f5,Bacterial-Spot(752),Bacterial-Spot (746).jpg,4
821,68fb3525d83027327a3c5e8ea4c9cdf6bc37b7bcb12142a1581b2ee85f6cf0d3,Bacterial-Spot(752),Bacterial-Spot (747).jpg,4
822,dabad5d378773a3db5969e83bea9312f173fa71abf0ede8e0096d668144a465d,Bacterial-Spot(752),Bacterial-Spot (748).jpg,4
823,eaee4d40114d65176398b5ff8ecf41c5d8b927b2306906d5bc3218b6ccf66a08,Bacterial-Spot(752),Bacterial-Spot (749).jpg,4
824,c11f9b35d0ddd13941dc5d1b347ffe699c91fec484f9e219e8fb09bd0b596fc7,Bacterial-Spot(752),Bacterial-Spot (75).jpg,2
825,a0115c0362b395921246341a0f89c0ae054c5cb4c367b579ab938c663f982031,Bacterial-Spot(752),Bacterial-Spot (750).jpg,4
826,22c4481fe8a88a59270a1d8cbf95667897db86bc072ce95ed37c35fb2f979bb4,Bacterial-Spot(752),Bacterial-Spot (751).jpg,4
827,a56d10c111cde33e00e8fc7e09181d1e65ba118a2e2f731a37b255ecdd3a97d4,Bacterial-Spot(752),Bacterial-Spot (752).jpg,3
828,075040caf879d7d6662f7eaef4f0bf38ba73f2f86357687f9ae75c2f3c1e546e,Bacterial-Spot(752),Bacterial-Spot (76).jpg,2
829,3529c9695c2a3aaa2110cda129343864c4fc23aca054b4cd66d8ab36527cea2b,Bacterial-Spot(752),Bacterial-Spot (77).jpg,2
830,1896c3318135e9910929ec8e9cb24502f00ac37318c19d5f3ce4c37af346e501,Bacterial-Spot(752),Bacterial-Spot (78).jpg,1
831,294e55838b8aec183155f0b52291fcca847d8c9581b7615663789ada6a9c6b9f,Bacterial-Spot(752),Bacterial-Spot (79).jpg,2
832,f2dfa6b333a61235e7cea996d4c3240171f5672db69e0e4eefcaaebea9047766,Bacterial-Spot(752),Bacterial-Spot (8).jpg,4
833,ad1d6cf279246e618644c89ee0a24da5e8731ee860299121d790fc2501c7df2d,Bacterial-Spot(752),Bacterial-Spot (80).jpg,1
834,c7898dc5c504d990009cfeec9118673154b0c92f7e289e73f9d645d0759de5b8,Bacterial-Spot(752),Bacterial-Spot (81).jpg,2
835,5310d97a4b13e55f4a31361867e1f839eecfc28f5de8e90dc48e63791a12c245,Bacterial-Spot(752),Bacterial-Spot (82).jpg,2
836,e0d1583f9ef973c5289a3312fbb226740e5fa4efdfba5f1f29333c88e49df3b3,Bacterial-Spot(752),Bacterial-Spot (83).jpg,2
837,6b54db6afd6729b034b11c7a6849cccf86d998a205157b7ba07e06572930e864,Bacterial-Spot(752),Bacterial-Spot (84).jpg,2
838,e8df0e8600b91c48e9b61b121b8b7f2de8bfbcb3efb5700e259b44de69ece7c7,Bacterial-Spot(752),Bacterial-Spot (85).jpg,2
839,da399ec753f1b93c5994203b43aceccb3cb5dc850634ece1065220c4081690c1,Bacterial-Spot(752),Bacterial-Spot (86).jpg,2
840,e0a785cd055c969cafde8e499a6de8c504934ada95f793dd4eecb7abf29b0226,Bacterial-Spot(752),Bacterial-Spot (87).jpg,2
841,34479ee589dafb8a54ecae87f1ba75b80fae4d88ddf4f6486a83f3165278db7d,Bacterial-Spot(752),Bacterial-Spot (88).jpg,2
842,5eb356a19082b7d7f02770751883f55889c544f0a213e24cfa4a58ac3b8399b1,Bacterial-Spot(752),Bacterial-Spot (89).jpg,2
843,b4af2d4ad2929ce4d288b8c461e93649867cfe54aa253aa8d0dc73cb6c4dd735,Bacterial-Spot(752),Bacterial-Spot (9).jpg,4
844,5f1a8326e5b3843d308457fb0915a213147fb53ea1a7686c4e93c03727564ff1,Bacterial-Spot(752),Bacterial-Spot (90).jpg,2
845,510258165acc276f2d633acd98c95ea4277a13f6d7b24adccbe4e6e29fd86bff,Bacterial-Spot(752),Bacterial-Spot (91).jpg,2
846,11d60bf174f169c86258e882441344897dab820a9f7d5ac26fd13cd33aca393a,Bacterial-Spot(752),Bacterial-Spot (92).jpg,2
847,694b804b9c453b233e9f7c403bec2c3ffc5cddd81ba9a1d83c92e88e8059f8f6,Bacterial-Spot(752),Bacterial-Spot (93).jpg,2
848,39022f4a0e509d345752edded665d5054123b31a029142d58204c05a3f0c830d,Bacterial-Spot(752),Bacterial-Spot (94).jpg,2
849,2267adc4581b7363da8a4be8e77ccc98726a725cab2099e787b92e1e81f2d031,Bacterial-Spot(752),Bacterial-Spot (95).jpg,2
850,ce69282a501eae6ed2b58b68eba8c6fb9db5b94e7c8b249f3cbb154be18d8d7a,Bacterial-Spot(752),Bacterial-Spot (96).jpg,2
851,6a45b2e134fb13f92856fe476a6e79b196c4a3ee90cfbbd99f35f52651d35b6d,Bacterial-Spot(752),Bacterial-Spot (97).jpg,2
852,354b845f3362cb059c51fcb3f83ae907b58027920ab534aabf696b58568e4090,Bacterial-Spot(752),Bacterial-Spot (98).jpg,3
853,f2991e3379e3f836ac09c7b94e3188bdd7c9a555c72fc6e3f831d043ab9fc2d1,Bacterial-Spot(752),Bacterial-Spot (99).jpg,3
854,9a082012b896d7231b3cfe4451dbd2c83ea2427181267ddf08bc82da96db6e30,Downy-Mildew(240),Downy-Mildew (1).jpg,2
855,9d9e40fc1d45879a33ae9240b16922d8a7dd038fab931bc499bfbf2169dd8fa5,Downy-Mildew(240),Downy-Mildew (10).jpg,4
856,8ec1834ce03e934290b362379d5956cfb23bbb783b0ceaff403e056ed1dc529c,Downy-Mildew(240),Downy-Mildew (100).jpg,2
857,9c67b01bce8b8d1d1e904d55177bce998e8ea2146517d175c5e819d57afcde6a,Downy-Mildew(240),Downy-Mildew (101).jpg,2
858,d3cfcc5271f8ce9498953afb3239dea7fcb0b6c8b49e1eeea97c30dc8ac2f865,Downy-Mildew(240),Downy-Mildew (102).jpg,2
859,85cdcddf1c5f0289fd910940c86aa0828273885322da01de41a2e189230e09ea,Downy-Mildew(240),Downy-Mildew (103).jpg,2
860,9567c23f00a9044d005be44822ec5b6bf4e4d4e973aa973de6623310306a0349,Downy-Mildew(240),Downy-Mildew (104).jpg,2
861,5b90153bcf63c8c6ea66013f3880934b70d57720f460fa141e110f3ffeeba8eb,Downy-Mildew(240),Downy-Mildew (105).jpg,2
862,37fc1d7283ce4725dbc3293cdee15083dde549f6483be833462e25074cf9191b,Downy-Mildew(240),Downy-Mildew (106).jpg,2
863,21c58031df6699e01e565e27259dee3b7adf6427d8c8afb1ad19666a8455218d,Downy-Mildew(240),Downy-Mildew (107).jpg,2
864,61934ed445e3891d5ca6bf54eba2f464d6a560ea0683de533b328f93c35265c0,Downy-Mildew(240),Downy-Mildew (108).jpg,2
865,cd7aeb09ddb128e78d358940731405284d9010bb2191b39ec35c9d7c892e1d2e,Downy-Mildew(240),Downy-Mildew (109).jpg,2
866,ed69001ae5866ad9e57ba250185e08041bc279f4e68fb81e289997f34094c5d8,Downy-Mildew(240),Downy-Mildew (11).jpg,2
867,45c5a1d4516013d9273995256d5e173536a4a38146b5a2d1951b14c9915b8e57,Downy-Mildew(240),Downy-Mildew (110).jpg,2
868,2506bf3f999e14ae2cefd35ff0c3dcf308796610a1f00a29634f38dc05356604,Downy-Mildew(240),Downy-Mildew (111).jpg,4
869,6ec2efecf5f92bbf74913ea5849bdfbf4ca3cb75aaf4a29d938388b92f9880fc,Downy-Mildew(240),Downy-Mildew (112).jpg,2
870,6989eba44b8bcd4cd0481df5ea5a5a081d19ce464983b9efb5f11e4ad04b2fc1,Downy-Mildew(240),Downy-Mildew (113).jpg,2
871,4879ccba28e91e3d132fe8f2004c5abeb173bf8456a7b0c17e37ab0ccbafcc98,Downy-Mildew(240),Downy-Mildew (114).jpg,2
872,fd948d91877cb431632dedfe568fc5a2ef9f8835d13af40251b2637f855276cd,Downy-Mildew(240),Downy-Mildew (115).jpg,2
873,e877a47848b7599111703b37f203b89585c2b808e4880c51ccd0c9fdb8817b64,Downy-Mildew(240),Downy-Mildew (116).jpg,2
874,19b6e5e6ce4a26ad70175e58a5b26ebbd04f9259e08ff812e775123ea7febf7f,Downy-Mildew(240),Downy-Mildew (117).jpg,2
875,81aef0b8da20c13164daeb8b8ed0ad7268a13cf813a2087bb923511d444e52ed,Downy-Mildew(240),Downy-Mildew (118).jpg,2
876,8ef14891e998321b08c0e3f9d2d0a8760b7ed80a519de8eeefe773e9145b62cf,Downy-Mildew(240),Downy-Mildew (119).jpg,3
877,c279b79bfa02a4b5c7286229bc37d4c803e71d7a33a91a678be753516d3ffe13,Downy-Mildew(240),Downy-Mildew (12).jpg,2
878,911b42583ec7e911aa7e2a69df2aaa85c18a18ed7f5e8ab2eee5c71934c41e0e,Downy-Mildew(240),Downy-Mildew (120).jpg,3
879,43fce8dffd24903c01ea3522900e23c6a9fa71d1a745098cf0f87b096b76180d,Downy-Mildew(240),Downy-Mildew (121).jpg,3
880,72e84b6965fc5c92facf16b7d8d0af159da2e856cbb735f8cf4c62173ebda010,Downy-Mildew(240),Downy-Mildew (122).jpg,3
881,7194a620e1bb16336ba2bf7face10b7dfef19398c944715b5945f4d7f2578b5d,Downy-Mildew(240),Downy-Mildew (123).jpg,3
882,bb3aaa5b3d858b26ce8252040bdaf806f09ae5e365570caf4d87628aff0b8dda,Downy-Mildew(240),Downy-Mildew (124).jpg,3
883,3e9854cc015821270301b237685f904d50e20bfad7af3c79900ab64667e9ea55,Downy-Mildew(240),Downy-Mildew (125).jpg,3
884,b3addce0d23776cca7254e55268c1c9e17705a6fc17f6988138242d9b2f0a30c,Downy-Mildew(240),Downy-Mildew (126).jpg,3
885,35da24a4a2d07d47927b89f2dce26398f213860f7895a4ceaaac0e55b6ff754c,Downy-Mildew(240),Downy-Mildew (127).jpg,3
886,8cd24e0a9bcec5fdf8ac17fcd44dc33fd4321bc8f4ebb929c8119e683ae8912d,Downy-Mildew(240),Downy-Mildew (128).jpg,2
887,d5dd519cd41a1b275daa018edf80487335dcd74ec1b9019b50a4441254323ab5,Downy-Mildew(240),Downy-Mildew (129).jpg,3
888,dd21506715e874ccea2bfc6d6ddb2681468f338e9ef17342043da3b6ad2e7e35,Downy-Mildew(240),Downy-Mildew (13).jpg,2
889,07687f842dc20363d46900307d4942bcdfcfd3f60378d145053099a13646bcb0,Downy-Mildew(240),Downy-Mildew (130).jpg,3
890,84ce78419064dafea4d944e909d1b0f0dc9414dcf1cec0d1c6d7a80e4b1d0713,Downy-Mildew(240),Downy-Mildew (131).jpg,3
891,7b189ace1e30d0837142b5a9581ee001631512797834ec7baecaa22e81165e3d,Downy-Mildew(240),Downy-Mildew (132).jpg,3
892,3e3bd4a82f12aaa81897bae8c950f90ae7fd989a30ba38c7c743b3ff57ff227d,Downy-Mildew(240),Downy-Mildew (133).jpg,3
893,e1e85a1e64dc273a7b6a1490019389665e3e38db121130def46a0541d83b155c,Downy-Mildew(240),Downy-Mildew (134).jpg,3
894,c8728cfd47903cdf151344fa7677bcfa58d34f78774dc43b7fe6a970912de3e4,Downy-Mildew(240),Downy-Mildew (135).jpg,3
895,93555196963accb3e3c72e703d5b02e194166855e872922355b9a165e67dfcc0,Downy-Mildew(240),Downy-Mildew (136).jpg,3
896,85b7fc7b77de1217b27a4e7de31778048092f8dc4747f898184b0b30b28c261c,Downy-Mildew(240),Downy-Mildew (137).jpg,3
897,f408ff56da6f1cbc1edd28185e73907d2c8561dfdf3e890aecd69a01dc68a614,Downy-Mildew(240),Downy-Mildew (138).jpg,3
898,9f7647e3115d279cef39d1e9e56817fc4359b3bcbe47276c715480baa84d2f92,Downy-Mildew(240),Downy-Mildew (139).jpg,3
899,fb5891e0aaefe6dd26a45b1760cd6ab02038e01b12ce46b1db09336755286319,Downy-Mildew(240),Downy-Mildew (14).jpg,2
900,de05d9341b37327af2d397ddb3356ef50ada356409281f18beab6fb34deba1b0,Downy-Mildew(240),Downy-Mildew (140).jpg,3
901,f04ddb6e4480f8d721c332e466fd57cfc5e8e5f8bc33c9bbe44f188a43e459ab,Downy-Mildew(240),Downy-Mildew (141).jpg,3
902,ac2db1b50f6f4beab52051a87621eb51047f9056c22a3f242e7b4ae4f6e20b66,Downy-Mildew(240),Downy-Mildew (142).jpg,3
903,6f9a6a1707ef06071ee4084b81cbd12d23c3cd125cc9a179c3a5899592262eac,Downy-Mildew(240),Downy-Mildew (143).jpg,0
904,b7cd47d39e2d2b31461e48f4fef13ea34bfe855afa5cf3a4eeb1995bd0f849f6,Downy-Mildew(240),Downy-Mildew (144).jpg,3
905,11f50e62df2512789e8a3e568333517fa526526c2c1fa3106e74f275f944a6ea,Downy-Mildew(240),Downy-Mildew (145).jpg,3
906,d86c758e673470eb14eeb6109997ddbab2d91fcdbae403f7eb4f2b14b5d84d5e,Downy-Mildew(240),Downy-Mildew (146).jpg,3
907,327a96f46d0ab1b87b45032ebfcc12461b015169f7dd7a0544565f519bf6e094,Downy-Mildew(240),Downy-Mildew (147).jpg,3
908,780615c1a2b15ec80ba6f8f69ad11501dce79cbb45edd4cd83c6f13c15cf3ef2,Downy-Mildew(240),Downy-Mildew (148).jpg,3
909,04c1d2be9ec1f5a6cc362d5bdd126bba9f5ed4e79d6bd5cd0b3d5c08d109ba88,Downy-Mildew(240),Downy-Mildew (149).jpg,3
910,c0ba228964effcf1be635732a541806ce6142e4efa2d5af48a38775597abe34d,Downy-Mildew(240),Downy-Mildew (15).jpg,2
911,ffc2862e13b82cf42b1601e457fd300cd7d8c8071038a379dcce3acd4bc36671,Downy-Mildew(240),Downy-Mildew (150).jpg,3
912,b344070749655e5ff2e49755a401eab197522d393bf35b2d0fc32d50e01bd6e8,Downy-Mildew(240),Downy-Mildew (151).jpg,0
913,59a6d70e7a277702fa23179bc1a2902a64d928eab271ce08abd7691ab2044ca0,Downy-Mildew(240),Downy-Mildew (152).jpg,3
914,b1aad0a933b747bc85acd988aa5cc3c38cbeba6e7272204216bdcc6cc83c3b8b,Downy-Mildew(240),Downy-Mildew (153).jpg,2
915,0dd4f08e5104367e408df1113e4dc69041683d8707892a8d0c8f06bf82baea09,Downy-Mildew(240),Downy-Mildew (154).jpg,3
916,6ecc21a244c4f2c9d505bb9a27a4ad46dac905185a3f2d36e3a92d2d10650bc8,Downy-Mildew(240),Downy-Mildew (155).jpg,3
917,83c92cd26203382b648d04fe7d0e705d1f38207b0c55b87d97986830cb5de467,Downy-Mildew(240),Downy-Mildew (156).jpg,3
918,75e053945d418e473a32a361bc58b7b38fdbf1c0d69a71dcea341378ff8a1b4a,Downy-Mildew(240),Downy-Mildew (157).jpg,2
919,ca68f74f4de5710b07ae813f405b33ae7b06a27d2e5498ea5c62ed36d03a7082,Downy-Mildew(240),Downy-Mildew (158).jpg,3
920,0fb520e7e34b3039ed7efa268f98261f98e4067f965a76f982fa908e438d0b8d,Downy-Mildew(240),Downy-Mildew (159).jpg,0
921,95ceed77ecc09ef77b6a85e36708f5c9771f4bab0578b5f028382ae60a78ebbe,Downy-Mildew(240),Downy-Mildew (16).jpg,2
922,b40ae69ec64ee6667d0e34b6718707ad8e45efa18abc0777cdb4a2854ea343d8,Downy-Mildew(240),Downy-Mildew (160).jpg,3
923,e9a603b59891a11fd6a7284e784abfaa57d71ef79e7016ba4d40ba464fa062e5,Downy-Mildew(240),Downy-Mildew (161).jpg,3
924,72cfa6851bd474067718fc81809bca79c5496cef36a929a8057fc9f5dc27c747,Downy-Mildew(240),Downy-Mildew (162).jpg,3
925,39d903fad601c7480b23ed5c34f7fda24e88a91d540d1a0caf3a87bcefcea655,Downy-Mildew(240),Downy-Mildew (163).jpg,3
926,e5db4d1079289b6256eddfa57595138700a80d0a2cd99fa94b4447c5cc04c2da,Downy-Mildew(240),Downy-Mildew (164).jpg,3
927,81c0878fda67d5cc678ade9bb06e18238973c3d7410e9ba5dda2418a2a7bf252,Downy-Mildew(240),Downy-Mildew (165).jpg,3
928,0995ce01f742ef96e5d7336c75d28a7435bae5304fc4b37dfebd6d20a326f5ff,Downy-Mildew(240),Downy-Mildew (166).jpg,3
929,6e47bd7bf4aad587b827f0fae88a09cb249f5f34ab7aeb380aa6392f6e7dedba,Downy-Mildew(240),Downy-Mildew (167).jpg,3
930,f6de8ccaf4bf10c84e4aaedba5f5e0c8e26f69e7a4596626c63c716751f64743,Downy-Mildew(240),Downy-Mildew (168).jpg,3
931,ec815a56d0bf4a00d90ef91c1ba37c71f39c46c4d3e813c243493f967cd786ce,Downy-Mildew(240),Downy-Mildew (169).jpg,3
932,3535569367060161411c5dd07455c29570190f81eec79ca4f595cdd3d315e80a,Downy-Mildew(240),Downy-Mildew (17).jpg,2
933,d0d0918b38a2212b349088deb2ae5cf6583d5ae2edbb86fca4e0b5323f634dfb,Downy-Mildew(240),Downy-Mildew (170).jpg,3
934,b85f2108808de7ca5809ecf3a077aa384468ff4e7c618cf641d589f2e2258ed7,Downy-Mildew(240),Downy-Mildew (171).jpg,3
935,0dc43a1d87afe18b588cfe9b134abf2a2e0d82237e8c651a2db211abcf8fbcf3,Downy-Mildew(240),Downy-Mildew (172).jpg,3
936,a11112cf7db6c9288b433d3ae678beaeb9801d8b6d7d494d26c0ab7583c50e54,Downy-Mildew(240),Downy-Mildew (173).jpg,3
937,cf818ab1285b20568634a22f2c79e477478301b2eb7cf969571f0a6ac1c56624,Downy-Mildew(240),Downy-Mildew (174).jpg,3
938,e6af6dddf1082195834c83ffed4dc3abd5a6c09bf218b830c4ae51b85c5b6478,Downy-Mildew(240),Downy-Mildew (175).jpg,3
939,be8bacd48c29e3c038c7539b8ecc7d6011e78586253f7b8522a1d43d98f7badc,Downy-Mildew(240),Downy-Mildew (176).jpg,3
940,aac706eed49b501493d3dd241dd9f15877e542eecf45fa884642782b5bd3a808,Downy-Mildew(240),Downy-Mildew (177).jpg,3
941,c7d285f19011ce50580ebd2819de8c1692ddcc8f7be884f2b3029aff70ba7b40,Downy-Mildew(240),Downy-Mildew (178).jpg,3
942,0efbd1fb497564f2500ee63f1fc945ebbe55f5ca41fe7185f321a1f951e97bdf,Downy-Mildew(240),Downy-Mildew (179).jpg,3
943,515ce66656b856f68f167fbf188d964cc97fbb5dda59147dcc92fb3668db2e21,Downy-Mildew(240),Downy-Mildew (18).jpg,2
944,f3b6818ad7667825c091d463790510ab1f6937a07b00333a2fd3040f1cbd8912,Downy-Mildew(240),Downy-Mildew (180).jpg,3
945,df61348bf8df6092b265655252894c43ce4456af553e87c3687409e10e91479a,Downy-Mildew(240),Downy-Mildew (181).jpg,3
946,627dc0a5a7c7c1dc224a2b18aa973ab3a44f5c348a9d784bf619a7cb27ca5acb,Downy-Mildew(240),Downy-Mildew (182).jpg,3
947,03107b547cd29e052e5dae3794dee125cebdd673052b74cf666f5855c8d5c340,Downy-Mildew(240),Downy-Mildew (183).jpg,3
948,29363d239e0d5ebc5d379c73a83d47fc11c0dcfab3b33a75ccec5c813fd3d912,Downy-Mildew(240),Downy-Mildew (184).jpg,3
949,481c7063196c695f96c9aa06957b6863d774c0be743a4c6e471264984ae73417,Downy-Mildew(240),Downy-Mildew (185).jpg,3
950,8e782576d383c25f3dfec50b8690eb04e86378f206926f97d4328452da4f3cc0,Downy-Mildew(240),Downy-Mildew (186).jpg,3
951,5916abc9b051ddf7a3e5a3f89025353759f6e0433872234a46b3511bea7c52ae,Downy-Mildew(240),Downy-Mildew (187).jpg,3
952,aa0640d148b53ccb5fe59344d278558bba2c95129d666186d952c4d951f3137d,Downy-Mildew(240),Downy-Mildew (188).jpg,3
953,2423f0c367c31838686343f945ef9a88c21316f61df90414695d97430068aac1,Downy-Mildew(240),Downy-Mildew (189).jpg,3
954,04bd58a37724c2d62a097862f954cecc614e3eee41cb46c96b2daf5e2704de89,Downy-Mildew(240),Downy-Mildew (19).jpg,2
955,1c1e2357e940bcfe20fcd804f99d92b869b2dbd4209e071ce78cb7baead7634d,Downy-Mildew(240),Downy-Mildew (190).jpg,3
956,60a71a4daab0beb6a26c91da8217c7a279b99476d86d65c67741a99453006d5c,Downy-Mildew(240),Downy-Mildew (191).jpg,3
957,8b6c3fd66b5f141f923b9df87296541712f9f543897bb9ce1c3478a475c3ba03,Downy-Mildew(240),Downy-Mildew (192).jpg,3
958,a56b209bbda9e858ffe4cd298e061092620baf450244c701554bcfe61c2108de,Downy-Mildew(240),Downy-Mildew (193).jpg,3
959,bbd9c777c7267f0d1c6d8e54a1088060ee8e08e33d88bbe349498a446f2b119a,Downy-Mildew(240),Downy-Mildew (194).jpg,3
960,656404221056e8d0b4c72b1d907ae29f8d436f70ab8b89da286f014400f4f5e0,Downy-Mildew(240),Downy-Mildew (195).jpg,3
961,b6bf21e6000cc1f93859a7630aff7ae730c342cccc9a5c446ded0e08da931463,Downy-Mildew(240),Downy-Mildew (196).jpg,3
962,23540c63110716fccaf86db118d27a7951a11892b86aa99ac8ae432238997718,Downy-Mildew(240),Downy-Mildew (197).jpg,3
963,283295c09dbab14392423c7670124c323809643a4cc6ec21e3d19cbe684186a3,Downy-Mildew(240),Downy-Mildew (198).jpg,3
964,df79c6fd3b688ec4bb3d0f87d374e2bdc5304e11c5d428ba251a8dc2af706b88,Downy-Mildew(240),Downy-Mildew (199).jpg,3
965,0d25ea093a63c0689b20846009300485e1ab91c099f25f4937086138bb0f8193,Downy-Mildew(240),Downy-Mildew (2).jpg,2
966,bbc1c1ba7049a59ef3ebdbf84e7d938cb65d7904e681ed651c2a2b713cc93794,Downy-Mildew(240),Downy-Mildew (20).jpg,2
967,68780c69d01b0aa0a45f7496c9fcd0b9046452d3153fb76cede686cd718732d1,Downy-Mildew(240),Downy-Mildew (200).jpg,3
968,1a687982bed5e0760374a7a18d52671e482ab418c99843fcd6906ad6979b2457,Downy-Mildew(240),Downy-Mildew (201).jpg,3
969,b94d5f2f0007cfd04541ce0540cb836d3b58c4bdc881fbbb2e00f3eeae3f2dfe,Downy-Mildew(240),Downy-Mildew (202).jpg,3
970,5826bbeccc253c13b1873cf6f9911a1834b9978b379ab4333853f69c6790735e,Downy-Mildew(240),Downy-Mildew (203).jpg,3
971,40dd6544053d6081c7504e9e826b38a77883e9167501f6cfc3736cd058159d00,Downy-Mildew(240),Downy-Mildew (204).jpg,3
972,d93979b25079688800f4551ae1faa44f37186cca28b68f64bde63d15c69f4b16,Downy-Mildew(240),Downy-Mildew (205).jpg,3
973,30a8d42353d8e573326ae4c07b4e60d89912919c4d6490bde5dd305973e0bbee,Downy-Mildew(240),Downy-Mildew (206).jpg,3
974,e2b323b183e32b998790ad4c45037b486fc226ba237e581f045f775a5dd467c6,Downy-Mildew(240),Downy-Mildew (207).jpg,3
975,7e839eefd4eabe672b11ae8816f975660e218cf3aa5bea3bcc46d84fb9918e82,Downy-Mildew(240),Downy-Mildew (208).jpg,3
976,b3cccd80ebd6d992aabc70dc4519b907930cef3dff499fab325233113d3a9bec,Downy-Mildew(240),Downy-Mildew (209).jpg,3
977,40da00703b7ca1266572663e30fa758c07a4023a9929333ecb2bbed18f47a9d7,Downy-Mildew(240),Downy-Mildew (21).jpg,2
978,93e84505b9d490ea3581027bbe525aacf0424f44eb947c8456077d821b812ca9,Downy-Mildew(240),Downy-Mildew (210).jpg,3
979,5160070a4765869fadaef4d10ce54f112e32e2cdac535a1c7a80a39bd8285158,Downy-Mildew(240),Downy-Mildew (211).jpg,3
980,2de94faf739b41a3271c75442546be6149680e2309affe05129c2d38e2c6fb5d,Downy-Mildew(240),Downy-Mildew (212).jpg,3
981,af4e37a3f29e52a622c5b60131f8e2a6729ddf63d139d07804c85bf531205541,Downy-Mildew(240),Downy-Mildew (213).jpg,3
982,9711a470b5acd2330df1b54841e34e69857d778c47eddd6b0a3f9d2b0677aac7,Downy-Mildew(240),Downy-Mildew (214).jpg,3
983,423c323596e988457e5ed44891b05a08eb1de9e5f4699edec4a454c7ff36ce35,Downy-Mildew(240),Downy-Mildew (215).jpg,3
984,37c26e63b8504fa88d41db8a1bc6013b67c9a8b924a2b74d3d71c54ac43bd4fc,Downy-Mildew(240),Downy-Mildew (216).jpg,3
985,6785f8bea293ff18714eb44c7319e21e1684e1eaf34a430e9d9c0dee68d472f7,Downy-Mildew(240),Downy-Mildew (217).jpg,3
986,2b5bd6de7802984d0c52beff4282e606067158094e31ef1f83659281186b866d,Downy-Mildew(240),Downy-Mildew (218).jpg,3
987,b80cbcb4e4aece0b0cd1044d3b7c111e3ee203e1d8f4b6017641cf672e924f14,Downy-Mildew(240),Downy-Mildew (219).jpg,3
988,cc23e1ace07d53fdcceb12059bded907a1a15e2a7652d701d8b5bc3b420a5c5a,Downy-Mildew(240),Downy-Mildew (22).jpg,2
989,2cddd520cb1ddfa6a5b1820470cfbf00e9f860a71f75da8cc9c3779447e19613,Downy-Mildew(240),Downy-Mildew (220).jpg,3
990,d2fec175bf95629ab42d4174264fa77757547748a9220fcf2567d09c94661e34,Downy-Mildew(240),Downy-Mildew (221).jpg,3
991,38ed20ed607036c32249fef94befc6d2ad5b970268f93bdc078a9c09074fbd24,Downy-Mildew(240),Downy-Mildew (222).jpg,3
992,c65161d3dda39e43f8c42524bd39ad5df87677b38d7b366cec2238cf5598ffcf,Downy-Mildew(240),Downy-Mildew (223).jpg,3
993,338626519f30c9c835b621c8009f98913c800a5dad38276723802d047d76d7ea,Downy-Mildew(240),Downy-Mildew (224).jpg,3
994,9c8ba65d2c65b8906665a181ed906b7f01bd097a1de4c3b49ab35b9c0dc4c78b,Downy-Mildew(240),Downy-Mildew (225).jpg,3
995,81a52fa77590cc2af1c931ff2d6e2578c237e1f363860231b3f78f602d752d40,Downy-Mildew(240),Downy-Mildew (226).jpg,4
996,77dcaaec4dac1c3e1df5d834b7c370c7c80c5aae8411afa1f0136f6db8744a76,Downy-Mildew(240),Downy-Mildew (227).jpg,0
997,56d08145471a24760cceab6931ac05141a2ce4e400e9b41d516c674362a7973c,Downy-Mildew(240),Downy-Mildew (228).jpg,0
998,af817257855c57845d69b7fb7921da96fe2b4d1d65e54cbe0f05a7d26a689480,Downy-Mildew(240),Downy-Mildew (229).jpg,3
999,9f2e36c2c4173ef6f0ccdd0be84e832de40906908215ab2c5fcae48987afa0f8,Downy-Mildew(240),Downy-Mildew (23).jpg,3
1000,b1c92c1d30bdfc7240658e7cbb4886dbab3308935ed37d1a729969a6accc23b1,Downy-Mildew(240),Downy-Mildew (230).jpg,0
1001,639d5490d8fda38704deeb444672273696b9215a39c6b52d50ff73ac52e70708,Downy-Mildew(240),Downy-Mildew (231).jpg,3
1002,c3cf843c82f0a6c5c8b0ba2de5fdf1f50da62dba7b552e134ca454b994ce1910,Downy-Mildew(240),Downy-Mildew (232).jpg,3
1003,20bce13bd9e558e160bb72eb47444947a293f6309967bcfae144864a9be89f29,Downy-Mildew(240),Downy-Mildew (233).jpg,0
1004,37e71e6fb1fc7903e32a7c680433ff6f7a9af1bc02d2d25fc28563d340e2b5ce,Downy-Mildew(240),Downy-Mildew (234).jpg,3
1005,c2dd31782a73b593f1d2cfd24720d1e431f54f771304224f10f9dc2346c611ad,Downy-Mildew(240),Downy-Mildew (235).jpg,0
1006,3acdb4ed775b5e7b12284acb0f8a198809b54dfd58eac95d14be5f15190265bb,Downy-Mildew(240),Downy-Mildew (236).jpg,3
1007,d63ed516e3bc0f9fa0b9df9bae206c5504bfa3db1d11dca9e6781190eed8fc95,Downy-Mildew(240),Downy-Mildew (237).jpg,3
1008,c351bffa12233bb49352c2a1bcc8ae255553d0b15e7700df69f5f367c5c7019c,Downy-Mildew(240),Downy-Mildew (238).jpg,3
1009,16c1cfd8d7b39cacd221fe66431f8b62350e044ad13262e6ccb26ea7341425e4,Downy-Mildew(240),Downy-Mildew (239).jpg,3
1010,6f8f7ee14cfa7865f1f88be6219e9d5b5f441361f9028017f7c0ad9b7e98b438,Downy-Mildew(240),Downy-Mildew (24).jpg,4
1011,4a1dd21ca21ed116f6617d38a960b65ced638513008d48913a564ab03dab1929,Downy-Mildew(240),Downy-Mildew (240).jpg,3
1012,43042355de5b8e61ac680d99c7652add940cf130a05d3b8b6ea70c70ce9ce22c,Downy-Mildew(240),Downy-Mildew (25).jpg,3
1013,bf3a7bba577710e1ded6941367dd8c6ac0ece0c4845c6d7f991b983be23d3b6a,Downy-Mildew(240),Downy-Mildew (26).jpg,3
1014,7125b45aeffde9fbb61d73e617dceffd4da7420783b434ece37ddea597530bc3,Downy-Mildew(240),Downy-Mildew (27).jpg,3
1015,2e437064a8f085f257ad6ac28d7f242de3bfbe93ebb82aeb0a1ef636be6507c3,Downy-Mildew(240),Downy-Mildew (28).jpg,3
1016,32e5d52aeb545f58583c52eda99138cb30df1b1afe5654106820fb991f820cf9,Downy-Mildew(240),Downy-Mildew (29).jpg,3
1017,61062d11e349e741fdddf75ef885dbba83205a76893e4c081dabc459944e22df,Downy-Mildew(240),Downy-Mildew (3).jpg,3
1018,7a2c1826107033369530f1c0b8a6541fdf6dd59855da9db3f339d0c772a0e475,Downy-Mildew(240),Downy-Mildew (30).jpg,3
1019,0063ab3704a1770eb499b76da220cfb3f64da46c0f8e52cac7d9681428eaeba2,Downy-Mildew(240),Downy-Mildew (31).jpg,0
1020,66b9431f9b4427ed77aa1c85f7c138567633ed14bd8046f9e5146be67ccfff4c,Downy-Mildew(240),Downy-Mildew (32).jpg,3
1021,7f42b3d86b773e1ae065b3a400346abb09dba2acfaeace13850bfa9d3564fe1c,Downy-Mildew(240),Downy-Mildew (33).jpg,3
1022,9cf6af36699b422e05b2564e1aa5c3f9b10ac71a7d44e7100bb91b3ba3ae7da2,Downy-Mildew(240),Downy-Mildew (34).jpg,4
1023,9f58490614d7cb9eb6a66608e9f4402fc4916b1070840521f5ae4664550bb9ff,Downy-Mildew(240),Downy-Mildew (35).jpg,0
1024,eae3c3d1b609707a134e4ab1b2b2bd667d9ee7a929bd01fbe5824524d1958c0b,Downy-Mildew(240),Downy-Mildew (36).jpg,3
1025,e29e3b624dd8c1e06b7b3d9d9e1a6c447e9524968cf0b8cab7a86342106eeb1b,Downy-Mildew(240),Downy-Mildew (37).jpg,3
1026,d347470d11464fbacd332f4c7d45413b3020d55b8c4f1ef2a84dc245228e6b16,Downy-Mildew(240),Downy-Mildew (38).jpg,3
1027,6b58cfa15190cf3e8c95dc5c5d07bd813c705a69b6ae95cac180c80df0b8597b,Downy-Mildew(240),Downy-Mildew (39).jpg,3
1028,c4041d6084d67693c264553bff93634d9930471d430ae59c5746fb74bfc72e4f,Downy-Mildew(240),Downy-Mildew (4).jpg,2
1029,e1957d0c1b716e723a44eb0f60ca497a09b2738df1677f349b1175adde5966ef,Downy-Mildew(240),Downy-Mildew (40).jpg,3
1030,4591e7df3b0f93b90dd283c51e775ae7463e3547e63cc39b5c31ac3031c50636,Downy-Mildew(240),Downy-Mildew (41).jpg,3
1031,9a18bc39941f2cf4245451ad88440acae3bdffa977cb9aea04a32fae5190f7df,Downy-Mildew(240),Downy-Mildew (42).jpg,4
1032,b818689704e68a6b3743f1e3aeec94270e837c3aeccf7c2868a60bb19ee32152,Downy-Mildew(240),Downy-Mildew (43).jpg,3
1033,8d6bc9561b7cb46fbd6e550a0740c0c17f46da734a55ac5d9479467d8eafcee5,Downy-Mildew(240),Downy-Mildew (44).jpg,3
1034,ce601e327a9293da71c393ba081443d9139483ac9ca95d328165809e3900e59a,Downy-Mildew(240),Downy-Mildew (45).jpg,3
1035,dc9943773f3952798c6d79722ffc4b6c1073356bd9c83d824409eb40aa816c46,Downy-Mildew(240),Downy-Mildew (46).jpg,3
1036,e1e3f5ff3f7c47c5009dda515ddb6d228ddd39a7c2b2e58a85a88c293b1464c1,Downy-Mildew(240),Downy-Mildew (47).jpg,4
1037,56005f1c1a2a23081f2481989388d77d52272c62b98e0cabe83e30f0da4c433e,Downy-Mildew(240),Downy-Mildew (48).jpg,3
1038,7416d51b115a76f4d2fb2692bb9bfd7841fb169ce0486ab4b8dd6a47f34b6270,Downy-Mildew(240),Downy-Mildew (49).jpg,3
1039,6ca5bcfacf4b7f5e766392a381a5f4d4ac7ca0775f988ab187af2407c0796fbe,Downy-Mildew(240),Downy-Mildew (5).jpg,2
1040,154be311b5560dd9933f7a47e4ecc0bfd1d24b2747e0ba2ffea46c0ac0d4448a,Downy-Mildew(240),Downy-Mildew (50).jpg,2
1041,571147fc370cf3479c5a31b6184e9408e98b9d34d4dcff3c5ef2818eb7260287,Downy-Mildew(240),Downy-Mildew (51).jpg,2
1042,a6d5befead8acfcc039379e2a51ea80be5b13e7b604e778fbd62e51fff171336,Downy-Mildew(240),Downy-Mildew (52).jpg,0
1043,255ecafb743c9fb79506a5b19385c60f195f0fac57ec15941b66b4825a672f4d,Downy-Mildew(240),Downy-Mildew (53).jpg,2
1044,b66b4d3ebc6eaf054649753157abacdd8ab973032d6b82ed3e1836f85bcb503c,Downy-Mildew(240),Downy-Mildew (54).jpg,4
1045,277b76deb2985979633fb6f11fcd8e3c63d3346f07806f83e4bc2d6520640ae1,Downy-Mildew(240),Downy-Mildew (55).jpg,4
1046,f6b38d03017edea3bb0e8c92e8443b8f07f360df783215cc214c3d1633b3a857,Downy-Mildew(240),Downy-Mildew (56).jpg,4
1047,dcaa828dd7935102f4cf00b55fface14773b87acbc7cd5b6453e6704a76e138a,Downy-Mildew(240),Downy-Mildew (57).jpg,3
1048,9eefd9be93a4cbdf71a42e1710549c502dd8a73afb68bb30238c115dc3703420,Downy-Mildew(240),Downy-Mildew (58).jpg,4
1049,72dcfe89acf0f172913eca284e0ea9498ace2b41d1b1c96c00a39ca9034602c9,Downy-Mildew(240),Downy-Mildew (59).jpg,4
1050,f97e5043a8f8ea74c4211cea85bcf362dbaec0cbd8da08e758826e03d14f222d,Downy-Mildew(240),Downy-Mildew (6).jpg,2
1051,2bdd6daf060798195e01bb1c24e78a54f2237330637069f5308e149c5a367783,Downy-Mildew(240),Downy-Mildew (60).jpg,3
1052,268b09fa31d86fb86f3beef92789a1af664eac77ad87f887fbe9cb23cd8c58d6,Downy-Mildew(240),Downy-Mildew (61).jpg,4
1053,55696454c7508a8a9d9997dd60de99186b3ac17b26d02338ed938d102c702b0a,Downy-Mildew(240),Downy-Mildew (62).jpg,3
1054,8e23d123ad150b72cba4049b7278db40df2114c042a7e59c2c20be7d93cc3541,Downy-Mildew(240),Downy-Mildew (63).jpg,4
1055,6fa8f7789a232c59037e0110d42e9ec0813bd063697c52ece2efbcd48a8d701d,Downy-Mildew(240),Downy-Mildew (64).jpg,0
1056,146047d3d0880e12af4a2861d0ab41397dcdd9bad167eb172b7da45bcba590c7,Downy-Mildew(240),Downy-Mildew (65).jpg,4
1057,c84bc327d02869d8ca448cddb8315657f98fb5e70d6c9d32a5451bbd151d08f2,Downy-Mildew(240),Downy-Mildew (66).jpg,4
1058,86cb1ccf5544262b59a819ca758b3d8ae9faa6bf5ae8cb0860a8bfc3bc805d14,Downy-Mildew(240),Downy-Mildew (67).jpg,4
1059,b7c1a388b10cd3d10096430c69c90a704447f92b9ca9cfe981e6915f35786f77,Downy-Mildew(240),Downy-Mildew (68).jpg,4
1060,70e9da8060af1537ce59d38566cadb7ab3371fec0a905049e8ec255846df663e,Downy-Mildew(240),Downy-Mildew (69).jpg,0
1061,4b8b3d0b4a3e27dcc0a3c1bf99b037eb8df17c96eaf4d9f10d960af10f4e090c,Downy-Mildew(240),Downy-Mildew (7).jpg,2
1062,0c5879c24eb8a0712fdf8eda6eed9d84384ad35adce800f709b41bb856ed0edc,Downy-Mildew(240),Downy-Mildew (70).jpg,4
1063,cf4823f405e22f26fd8df5527c08c5b890710cc8e46025cfc73e22eaa600533e,Downy-Mildew(240),Downy-Mildew (71).jpg,4
1064,c2b7e5ff1a7668f7c39c7d621cdde2221d509564996ba0d797fae6ec63336978,Downy-Mildew(240),Downy-Mildew (72).jpg,4
1065,dc57bd5a597b20462d111cb20fc267991e8acf8878eb51ddb5b5c9eb815e7324,Downy-Mildew(240),Downy-Mildew (73).jpg,4
1066,58fc201d1ce49e0dbf0a5007bc744faeb171e5821786ff0ed6ec3a421911b73a,Downy-Mildew(240),Downy-Mildew (74).jpg,4
1067,c14d1cf2a3589954d0816d7341a8d6984bdd81ddf758e3a71a652a023aadfa32,Downy-Mildew(240),Downy-Mildew (75).jpg,4
1068,5e53c1ec9a9ee9372374f163bce599cef3c54b8fd55285ca6fd9e266da537b06,Downy-Mildew(240),Downy-Mildew (76).jpg,4
1069,5761dfd129478637352ff2073e54635ba4db4da0e8b87b967805d924d78398b0,Downy-Mildew(240),Downy-Mildew (77).jpg,2
1070,1cce0a3294ca026de8a7e084ab4133fcc151d140de1e7a72fc57782210c92653,Downy-Mildew(240),Downy-Mildew (78).jpg,2
1071,dac86bbb711d5a4ca2670b2e6879efd9db792f963538ad25d9bcc8c842f704a9,Downy-Mildew(240),Downy-Mildew (79).jpg,2
1072,c14559f878ec55276f6f1c6feb8b4a7e87a907ebc66bcfdec6bfaf00b1c968b0,Downy-Mildew(240),Downy-Mildew (8).jpg,2
1073,f0ae6ec69b5ed343e0ea45e3805b1eb425f95e4123d0b65c0e19458fa3e29873,Downy-Mildew(240),Downy-Mildew (80).jpg,2
1074,b5d44e7c2665ece2ec693a3ee79399665a6902269671d604d05b9f96b62bfdc7,Downy-Mildew(240),Downy-Mildew (81).jpg,4
1075,053463762eb114c277420c006fb95f0c8df9afedd2bad3daf2b253260ce23c0e,Downy-Mildew(240),Downy-Mildew (82).JPG,0
1076,40f1b20a14dd2e3f3617bdd3025470f394318f00fc5ccee2e7e9034cf54fd2da,Downy-Mildew(240),Downy-Mildew (83).JPG,0
1077,95abd87645705f6371feaaece27013b5a0f95ebe1017be91eaf1060ea3996a63,Downy-Mildew(240),Downy-Mildew (84).JPG,0
1078,9af9c0fdc11e3c654758ad260f0de51bc5701c3c80564b65af2ebb4ab66dcd5f,Downy-Mildew(240),Downy-Mildew (85).JPG,0
1079,fe4cff011f3e074645093aeb35bd9b28f0bb109f7fd3afda246559edd895570b,Downy-Mildew(240),Downy-Mildew (86).JPG,0
1080,fe7c891e43247963487fa68e2a4c903408ffa21c08d2750ca81c386359f100b1,Downy-Mildew(240),Downy-Mildew (87).JPG,0
1081,97f4ed7610f9635eeb0b8e0970f72a48d30e8650e2dec935af27f61064272e64,Downy-Mildew(240),Downy-Mildew (88).JPG,0
1082,94094cb4e7ec30cf85caed3fc5bb1b1cd5ddbc0d148e829759d0d7357015d3c1,Downy-Mildew(240),Downy-Mildew (89).JPG,3
1083,b444c2140656e33f6a6b3f1144c7b5aba6271f64c56f92271ad9fedd36dbee33,Downy-Mildew(240),Downy-Mildew (9).jpg,4
1084,cddd5cc7b1b31f686a72b7a29953ee9dda284ae72b0378f2b9dc0f4d244c9e67,Downy-Mildew(240),Downy-Mildew (90).JPG,0
1085,2c0d24506c482e15c8e92fa67cee3469fe48421715fa8b85f8449294166193a7,Downy-Mildew(240),Downy-Mildew (91).JPG,0
1086,ee06be071166f894254c6e870bdc36af26645e837104356e6e46468c436f00ca,Downy-Mildew(240),Downy-Mildew (92).JPG,0
1087,dd55b36c86ef259fcd4a8395faec9db7bc5e88a9335fd914c398d89900fa0ce3,Downy-Mildew(240),Downy-Mildew (93).JPG,0
1088,f79fda196268c79e9a6a09f556eefe839d5a38ca9ff4e224864a3b3beb13e731,Downy-Mildew(240),Downy-Mildew (94).JPG,0
1089,4d7d9faec909317fb4be9c770c778e47a948d08fdb8f51c490b305678586e11a,Downy-Mildew(240),Downy-Mildew (95).JPG,0
1090,0d41ebfcdf025871c495f4f2b1ab44981c26c17550299db7a5d6260e38ce5b4d,Downy-Mildew(240),Downy-Mildew (96).jpg,2
1091,56d71ff109f7fc2e2e5c9ed0a1cce934bd0bc8a24bc27953da75a66d7a0e359a,Downy-Mildew(240),Downy-Mildew (97).jpg,2
1092,48dfddd929fa6db3c3e0ae8d2d608737d0e46da0aa8d1b55547ee7a40dd8f511,Downy-Mildew(240),Downy-Mildew (98).jpg,2
1093,12d67aa993302a328f4cd8d12e88e42c79de96688e993f0686fb01367a1655b3,Downy-Mildew(240),Downy-Mildew (99).jpg,2
1094,7b696c83106ee8b49c76131cc099568ac685c8df1fcffa012f4bc63d5986ab72,Healthy-Leaf(1399),Healthy-Leaf (1).jpg,2
1095,fd06463e1fb869145c28afc106fde4dd3cd678da3de385b2b8587c793e9151dd,Healthy-Leaf(1399),Healthy-Leaf (10).jpg,3
1096,20e15ca66aa00bd4b001fc8d553f90e1415e84d5c831a945533f18e9035bfba4,Healthy-Leaf(1399),Healthy-Leaf (100).jpg,2
1097,81a84d48596ce27e2070da9c98f2ea79e526355ad3905e1aa9812263bcb043bd,Healthy-Leaf(1399),Healthy-Leaf (1000).JPG,0
1098,01489f046347e459f2baf1698804f857e6feb56052530855568db1d36a4c9d01,Healthy-Leaf(1399),Healthy-Leaf (1001).JPG,0
1099,7079d52f524fe9bcb691cc89099a25d20d2dccd9698027af407672ba29cc6215,Healthy-Leaf(1399),Healthy-Leaf (1002).JPG,0
1100,42c89a2cf31e2db934f54c84efbc66ba3f801dc807123062bf4641a3ce4bcf04,Healthy-Leaf(1399),Healthy-Leaf (1003).JPG,0
1101,d2ad4c466b8b985d6a08c20c41ae5aba2aa9a8823c06cea396355928dc50d39e,Healthy-Leaf(1399),Healthy-Leaf (1004).JPG,0
1102,8e3eaaad938da9ebd423b64161fe42c068780e8e3ee359c8264bc65cc3512f3f,Healthy-Leaf(1399),Healthy-Leaf (1005).JPG,0
1103,51a43a00ace00253531e2d3b22db82371c8a866752b5c6dd54b534501fdddde7,Healthy-Leaf(1399),Healthy-Leaf (1006).JPG,0
1104,35c3e9d16c9aba6451dfd9f8162dbdf842938457adf52a5c34d1cb0c4accb71c,Healthy-Leaf(1399),Healthy-Leaf (1007).JPG,0
1105,8567c4e3272fe6575101bc4d54fd164340311d36095c58ec19011a14f1f79c95,Healthy-Leaf(1399),Healthy-Leaf (1008).JPG,0
1106,1888c55cedb149199f767f63ab0d333f465e34184fdf33c27138a3a430e3385b,Healthy-Leaf(1399),Healthy-Leaf (1009).JPG,0
1107,7aa577cf8439dbb875a40cc22667125b5faf6bfe78ddc9045d0d43efb3c71c98,Healthy-Leaf(1399),Healthy-Leaf (101).jpg,2
1108,b26bc52754dbfbccaf9896b1b75ec73151097f3b95ef66397704362760bb29be,Healthy-Leaf(1399),Healthy-Leaf (1010).JPG,0
1109,8b508f11b30b3168c6571f74d0439d2dbc1dcece4fa6caf97e1529765bf6aa58,Healthy-Leaf(1399),Healthy-Leaf (1011).JPG,0
1110,f86d298c5ab6778afbbec5c4619137ccf214fa985413ba341e8af4891e786bbf,Healthy-Leaf(1399),Healthy-Leaf (1012).jpg,3
1111,db17b2a53e7e390aec2400bf3c27f2bf5f808d2f4250c1c714543905a38a16a5,Healthy-Leaf(1399),Healthy-Leaf (1013).jpg,3
1112,00d9abb12735b0d0b81553468aeda36a5f7b562c772781d1f3668a12d9508227,Healthy-Leaf(1399),Healthy-Leaf (1014).jpg,3
1113,27ea7fcca555c91ce66a4abc7cb0abaf70c8f548789e86730403905810d53817,Healthy-Leaf(1399),Healthy-Leaf (1015).jpg,3
1114,23d04b24ca3f620b2900780ccb8d2f6ccc059cabb95904add89e79161b07c24f,Healthy-Leaf(1399),Healthy-Leaf (1016).jpg,3
1115,2af57f2502f6eed99f3ab7f3e2f1f96ccedc3439b89ebdfdfac6d19691cddb33,Healthy-Leaf(1399),Healthy-Leaf (1017).jpg,3
1116,10d2c586d8e7b34051a213d73440c081a67b42b78f443e9bb708531db815c53e,Healthy-Leaf(1399),Healthy-Leaf (1018).jpg,3
1117,6635148717e126d6f5462cfdcbff085acbd09df25aaafaf4346a71f7742eb46e,Healthy-Leaf(1399),Healthy-Leaf (1019).jpg,3
1118,6a92186f2b4df77f52828b2aa0eebeef0615e4274b68a304596d873462677ade,Healthy-Leaf(1399),Healthy-Leaf (102).jpg,2
1119,b0ec38f605fa9389a2f7d82282890c06527acfedfd0326843c8f24ae48e03982,Healthy-Leaf(1399),Healthy-Leaf (1020).jpg,3
1120,42427443b69e74bb4e17408ef71a9349a74ca785828bd96e1f6609d435780543,Healthy-Leaf(1399),Healthy-Leaf (1021).jpg,3
1121,de44a4887f654e91b6669bb0c4b1fb34fe0e1e3c2e567704c491ae05d374d240,Healthy-Leaf(1399),Healthy-Leaf (1022).jpg,3
1122,0dae84379ca3cff7eca14817b6f9b8ac468e5569882dc2739aa20624ec129deb,Healthy-Leaf(1399),Healthy-Leaf (1023).jpg,0
1123,444e7ce9c31892e61533867c8812bcfcc92b44c717b42e5a1ef6f0f72b31c7b7,Healthy-Leaf(1399),Healthy-Leaf (1024).jpg,3
1124,2eba911c1de63a0e840fd42e803fad086690096f4f8dad3e8ae0c5aed39359f5,Healthy-Leaf(1399),Healthy-Leaf (1025).jpg,3
1125,d85be618ee8f6f165a657eb0cbafe379a65a8a53d5c23ee1f3181de613ecea55,Healthy-Leaf(1399),Healthy-Leaf (1026).jpg,3
1126,bf88e37971a9877456f2ed566cc67486e5763c3d0f03a0e24f9b97457114a0a9,Healthy-Leaf(1399),Healthy-Leaf (1027).jpg,3
1127,041397c88fc026825ca2318314513e7a52f7fb9ffe7f0ec9e703dc60aec37e7e,Healthy-Leaf(1399),Healthy-Leaf (1028).jpg,3
1128,e65378e9135386ab2fbf4237268288a388b95eb8ae31fd12dd51d45afded13e1,Healthy-Leaf(1399),Healthy-Leaf (1029).jpg,3
1129,189e867d6c6a8761f7c9b338d2706283980fe0d430649506eab8ca7bf8bc63eb,Healthy-Leaf(1399),Healthy-Leaf (103).jpg,2
1130,1274e90b8d6e2ca1d57bf4193ebde3fc4f1853abeb5c1b9d7886d7adb459e51d,Healthy-Leaf(1399),Healthy-Leaf (1030).jpg,3
1131,3fe18875bf5471c52f08fba36ffd6848d8115192936eb2983d33c9cf3b4091b0,Healthy-Leaf(1399),Healthy-Leaf (1031).jpg,3
1132,1ef5a26f4a5d634b55c05dd894985fe75179ece83d7b82561fd542b5fb2b4074,Healthy-Leaf(1399),Healthy-Leaf (1032).jpg,3
1133,1dff4e9bb2da4d5e2e67bbbe2366ccf110d4b9d14a009a0b326e2d256edcfbb9,Healthy-Leaf(1399),Healthy-Leaf (1033).jpg,3
1134,9bc6698f78527ff35ee05733849fa9c3a37d674c79c6f52790f1599f8617b912,Healthy-Leaf(1399),Healthy-Leaf (1034).jpg,3
1135,f4951ef62fb1993f3f380c94712356ace7e3d8977c406ca9326c2d89ec88fe95,Healthy-Leaf(1399),Healthy-Leaf (1035).jpg,3
1136,bae6e2d8d69cae2aabd6f9b3572ac9ee9dc0b3f2471fdaaf4d091d99c2a75ee7,Healthy-Leaf(1399),Healthy-Leaf (1036).jpg,3
1137,eedde74de9e5abeb1f6de496dd8637b239931206cdc794c37d343937b441516e,Healthy-Leaf(1399),Healthy-Leaf (1037).jpg,3
1138,1fde66460f1dcad613dbce4ce60d8ad38043e0bfcb2f03f4a0315c9abc14b978,Healthy-Leaf(1399),Healthy-Leaf (1038).jpg,0
1139,e7b126e43fc52f4c7e49c6f84e41a6c3dde354e0fda2878fca469841aead5232,Healthy-Leaf(1399),Healthy-Leaf (1039).jpg,3
1140,738fc5d2ec7b0234d8936f5b4e2a5d0b0714ce3a2ac6e03375d519f44a41d76c,Healthy-Leaf(1399),Healthy-Leaf (104).jpg,2
1141,eddd1ba7358ba59aa2ad27e13e95b912577e5c7ef360bf10eb8b06b305dbdbb5,Healthy-Leaf(1399),Healthy-Leaf (1040).jpg,2
1142,38ebbe2ff0e050eb234a3094b4eafbb92ccda359072f44e288687bc1e89d3cd1,Healthy-Leaf(1399),Healthy-Leaf (1041).jpg,3
1143,6f30df579b656988d4005173e9e7666fcd8a75552661fbf47ae4d2234a3d2e19,Healthy-Leaf(1399),Healthy-Leaf (1042).jpg,3
1144,0956fc34b37b927a08298e0e55fbbfb0c9dea462161367b65b730f4fc2f6ee46,Healthy-Leaf(1399),Healthy-Leaf (1043).jpg,2
1145,e5cf3adfbdd35f40564c20cdf67bc09178c3a507effee86399e5099258d84656,Healthy-Leaf(1399),Healthy-Leaf (1044).jpg,3
1146,475da27b56b14c8e26ef947e8eb6510917a05d6d98b2479ad988a6c096bc6f31,Healthy-Leaf(1399),Healthy-Leaf (1045).jpg,3
1147,fc86b737af478e70d046c8628faaf701780e90db3687e7751436a8d1ffca94c3,Healthy-Leaf(1399),Healthy-Leaf (1046).jpg,3
1148,44ddde866fdc6ba6052ef08f2d330cd1be3ba857c5cce6813fab97993543b13e,Healthy-Leaf(1399),Healthy-Leaf (1047).jpg,3
1149,cec9ec9914d5beaf2d702ce6c181fd13ac0897e8d14a92c4378e58c0eb1719f0,Healthy-Leaf(1399),Healthy-Leaf (1048).jpg,3
1150,9fe74e1a076b8b34f689abe3f2b631403908efe4c6a0a6f64a6ae13cf1ba5060,Healthy-Leaf(1399),Healthy-Leaf (1049).jpg,3
1151,92394434594230eef5a794144306dd43c31a61ca4bff669e0ed302fbb03422a2,Healthy-Leaf(1399),Healthy-Leaf (105).jpg,2
1152,96106bcced96d59718e33a82dbe75e5bebad4dfd52cfa76f95ea67bdfc206dd6,Healthy-Leaf(1399),Healthy-Leaf (1050).jpg,3
1153,211bda5efd09d6f0455d93e170258e85d4f7c0acfdc3a4e69091aaa22a837060,Healthy-Leaf(1399),Healthy-Leaf (1051).jpg,3
1154,9b1a26a2c577cc20df337aca509644b1b4d27bf9a77ac08b145728a1e02eb9bf,Healthy-Leaf(1399),Healthy-Leaf (1052).jpg,3
1155,4dd0764f26580fb693b2d0e1c206421f9869c0aa0a9113dcb4dd98d83a4e90af,Healthy-Leaf(1399),Healthy-Leaf (1053).jpg,3
1156,ad229896ccd117237bdbeeb461043bd2581f6c112ad2b35b79d9659886cf4ca4,Healthy-Leaf(1399),Healthy-Leaf (1054).jpg,3
1157,4e10a052d6b954ee62acfc7a0b218b2fddadca0b4d5fa875650dd440ad145aa3,Healthy-Leaf(1399),Healthy-Leaf (1055).jpg,3
1158,5eccca98615e6ed21839277a4153c831ace2dd2428fe087e272c3358421b9586,Healthy-Leaf(1399),Healthy-Leaf (1056).jpg,3
1159,598e164364c77c21ac792f6225dcdb55adec57ec55e80b3b6e5dd227e978ab3c,Healthy-Leaf(1399),Healthy-Leaf (1057).jpg,4
1160,c5ecb32f75d009ffc25e8a923c5c4f7df0444a391f73c0e26c914fd598d242a6,Healthy-Leaf(1399),Healthy-Leaf (1058).jpg,3
1161,2d56bdaf1a2c34c8fa8ea94866fcd86e66b07eba47af2a418e13c24adefc8905,Healthy-Leaf(1399),Healthy-Leaf (1059).jpg,3
1162,1e712e6e0d7a226673ace21ae3d9df5c685f903646ee4502d7c693686c4911fd,Healthy-Leaf(1399),Healthy-Leaf (106).jpg,2
1163,f75c683c355c4280d1c0019b6bfc3bc8720dce29e799b3be38379219a5787e90,Healthy-Leaf(1399),Healthy-Leaf (1060).jpg,3
1164,a3a89998ff5f5a99fc0958ae94210cb8b4773601eb31c8489cec9ff0168ffdf0,Healthy-Leaf(1399),Healthy-Leaf (1061).jpg,3
1165,afae933db5c49328e8f6764bd2c08e545e97308ead498dda3da35f0e246b4886,Healthy-Leaf(1399),Healthy-Leaf (1062).jpg,3
1166,430e0ad547cc4f545bddd12a867b5d468126b28a7d4e66beed354fe76236d75c,Healthy-Leaf(1399),Healthy-Leaf (1063).jpg,3
1167,7e4ff46789eef49f33bd8fd5c390775392b8464a5d8812c00d84eb96010e305c,Healthy-Leaf(1399),Healthy-Leaf (1064).jpg,3
1168,0479aa9676b0521f7159be8d107f0b96d4bfa827db8961cd8d6bbcdfc7e6aab0,Healthy-Leaf(1399),Healthy-Leaf (1065).jpg,3
1169,574cae2361c80c3b6352b1cec1e6b7b0a65c362ebf263575bdb67f4acc48c007,Healthy-Leaf(1399),Healthy-Leaf (1066).jpg,3
1170,4a85e4648ebaf3e93bd57ff72cc70ab5e145d23a2475d14ce2ddc982f619cd12,Healthy-Leaf(1399),Healthy-Leaf (1067).jpg,3
1171,316fe830902888b6d516621e324b8861d6ef0693fa349050a8757b100633eaa7,Healthy-Leaf(1399),Healthy-Leaf (1068).jpg,3
1172,235d18d62990ec1f463d40bea23add07c342e68386ff0e343a3276075259b65a,Healthy-Leaf(1399),Healthy-Leaf (1069).jpg,3
1173,696d13c9f095289c732a5fff6c965902546131a837d8d6e803d8b3ffee88224b,Healthy-Leaf(1399),Healthy-Leaf (107).jpg,2
1174,951392e7d8044933209c6cd7559e3840ead7feb498418cc71a973b11eeac74c0,Healthy-Leaf(1399),Healthy-Leaf (1070).jpg,3
1175,2316b5afa8a623aafc8b572fb09feb59a029e58c2714947458074e2ad2080bf4,Healthy-Leaf(1399),Healthy-Leaf (1071).jpg,4
1176,5b6f5b62a2a473b34d2ef0ca8bf0594905d44d111888d5b442c9ab2193eaa340,Healthy-Leaf(1399),Healthy-Leaf (1072).jpg,4
1177,220c67b2cba15eca4ee80bd52f4021cdbb1a5468d896f0b96f665476de71a8d4,Healthy-Leaf(1399),Healthy-Leaf (1073).jpg,3
1178,c144e77a6bf0d09299da715964fcf62ee4ceada82b6c543cb44f38cdc6cc5c44,Healthy-Leaf(1399),Healthy-Leaf (1074).jpg,3
1179,c7080ce2111b00f9803015f31f681f88c329e211a182011c9ced13de0d1960ea,Healthy-Leaf(1399),Healthy-Leaf (1075).jpg,3
1180,c57e18b84d127b12679c335fd622c1f3cc1d2f9fb374b910b4a2761863c573d8,Healthy-Leaf(1399),Healthy-Leaf (1076).jpg,3
1181,4f7f9775df9923e6facb1af2e0770c37d0df0ce33b3d1a14d93a46390d12e724,Healthy-Leaf(1399),Healthy-Leaf (1077).jpg,3
1182,2cca9e5cc88e88d57cad434e8a25d673d7d2d74efe15e8a626e2a1fabe188f39,Healthy-Leaf(1399),Healthy-Leaf (1078).jpg,3
1183,34f2ac92145ceda939190f69c9066fa6aab3fe09a75da207bbae1c1ed6663350,Healthy-Leaf(1399),Healthy-Leaf (1079).jpg,3
1184,6d81f073b5427c0f5dd051d27e37bbcdb197f7ca204a3e8e20ebcb88aa677e3f,Healthy-Leaf(1399),Healthy-Leaf (108).jpg,2
1185,990ab91823e7b471f195b00ba04416150bf268f4c9934e29260cf9df191ffccc,Healthy-Leaf(1399),Healthy-Leaf (1080).jpg,3
1186,19bad48d189dfdcc4ed468b668b500b0a52cc57019e2a5f914f4989180152606,Healthy-Leaf(1399),Healthy-Leaf (1081).jpg,3
1187,31852ff853fda62682797493536314d99b9724f739867a0467535fa3a826c45d,Healthy-Leaf(1399),Healthy-Leaf (1082).jpg,3
1188,38721298a496e54639c99bbb99523b5b0c03c74dea137e44de7036cb57b48122,Healthy-Leaf(1399),Healthy-Leaf (1083).jpg,3
1189,fc4fad5822dbc437ec545ad6cff77b53263c736a3850379e4328bb879a59415f,Healthy-Leaf(1399),Healthy-Leaf (1084).jpg,0
1190,d479dd3a3eb0f4d2bd5f91c6ea8f6059266b870177c3fc3405aea5253b77fda2,Healthy-Leaf(1399),Healthy-Leaf (1085).jpg,3
1191,be45168c6629fae8b2809384d77e2b1852b1e5dc77b008405f0ba2d8bdd23bc2,Healthy-Leaf(1399),Healthy-Leaf (1086).jpg,3
1192,678d7786a45d5319186ed96a4668d81a7fc219aea3f24f233283ff8e8f5f86f4,Healthy-Leaf(1399),Healthy-Leaf (1087).jpg,3
1193,e3a95ac9a97bb84b5e222218a462e10c929332d66c34b10cb70a1949ddf7b0c8,Healthy-Leaf(1399),Healthy-Leaf (1088).jpg,3
1194,e99be97efe793f60350b5040330b1ec6c8ec67483fd8643cec47976fa07bd8ee,Healthy-Leaf(1399),Healthy-Leaf (1089).jpg,4
1195,c11ddcc4f34d059a9ab5f11bbe5dfc1917f0c24963903e66ea2a4593b5c34e02,Healthy-Leaf(1399),Healthy-Leaf (109).jpg,2
1196,d64cf7cec4e2e562742ed84e464cdf0c07ea2d07c50ce32568f07f4a34d283db,Healthy-Leaf(1399),Healthy-Leaf (1090).jpg,4
1197,2f69355bf4d91241a54a573a39cdaa0c99fb774f30fef754e3e0ea31be00007b,Healthy-Leaf(1399),Healthy-Leaf (1091).jpg,3
1198,d968778a3311035eb6832b690cd5f8783400292f32c6bcd10ed3f72896dab4ba,Healthy-Leaf(1399),Healthy-Leaf (1092).jpg,4
1199,d81657024f5fe546043587481c765258187fab36cc3e835a59e94f5c03baa0de,Healthy-Leaf(1399),Healthy-Leaf (1093).jpg,3
1200,6cec8f339f846ed28f89d9228442454d1f05df3304b807c3e429ed68a17683ef,Healthy-Leaf(1399),Healthy-Leaf (1094).jpg,3
1201,b9794d389f7b061550f1e1a3eaf1fdb6bf5426f03eaadf48dd278dd8e55e93f1,Healthy-Leaf(1399),Healthy-Leaf (1095).jpg,3
1202,06d2cd691bfa12c94ee4c119280d0bc1f0578393c0fa9bb15996d84e44c22257,Healthy-Leaf(1399),Healthy-Leaf (1096).jpg,3
1203,2ac83f76558f029928f4c848195b03b95a825fe9116d99b1ecfaf84041bb0974,Healthy-Leaf(1399),Healthy-Leaf (1097).jpg,3
1204,462b1d34f0192f1c332e41cf0933bbb596da4443a77658f497bc6636f225359b,Healthy-Leaf(1399),Healthy-Leaf (1098).jpg,3
1205,ed4c0d1a19b337f54bca7a5c8cc760baba4e7965ec56782c1dfdaab8649af234,Healthy-Leaf(1399),Healthy-Leaf (1099).jpg,3
1206,da1bad328b0d83282d9c699774e2fd42dc0255fc4e6cd1b5dfed9dcb1152c293,Healthy-Leaf(1399),Healthy-Leaf (11).jpg,3
1207,32cbe9adac9d80d8966f5778877b20f696ccaa71446c17bcb667336fa4b5bc9b,Healthy-Leaf(1399),Healthy-Leaf (110).jpg,2
1208,3f382510e8b34e77ee24e6d8828d97f4808ca7c7d819f9b97f82b6102b2c88eb,Healthy-Leaf(1399),Healthy-Leaf (1100).jpg,3
1209,5e204a236896f4d29427ba9145d8eb19152e8a18fedf3d2a73d45986782deb2a,Healthy-Leaf(1399),Healthy-Leaf (1101).jpg,3
1210,2f444a6fcb1afd27cc2817775c3e0bc50ae949993852ce0fbb016025932469fa,Healthy-Leaf(1399),Healthy-Leaf (1102).jpg,3
1211,c9431f5bd9e38b072bca1e209554ba436adb33fe34c99f32df0e9bb4f8249bbd,Healthy-Leaf(1399),Healthy-Leaf (1103).jpg,4
1212,97b080b5b7d7d21c6df695966f05dfd21ee992f87a4afe3b051250069c2958c7,Healthy-Leaf(1399),Healthy-Leaf (1104).jpg,3
1213,4ff3a584f4c90e27c556f58f412f56466c69024b8d9ba4b69cc997e208d571e1,Healthy-Leaf(1399),Healthy-Leaf (1105).jpg,3
1214,17ae73eb5b646e55504add2203164fec155e1395f867543b2144d64f27a50ed3,Healthy-Leaf(1399),Healthy-Leaf (1106).jpg,3
1215,ceffa97d438fa7c356ce289910c82c9e65ff32229fa25f7e20fc3cd8b7be982c,Healthy-Leaf(1399),Healthy-Leaf (1107).jpg,3
1216,c5937201348f4fa2d732c299ef9b48a86ab6a4c1f825042e99f852608bd416d8,Healthy-Leaf(1399),Healthy-Leaf (1108).jpg,3
1217,d566e2b88351475aba84fee0ddbbe4aaaddadc6bff057010a548cd65010ede7b,Healthy-Leaf(1399),Healthy-Leaf (1109).jpg,3
1218,4c99fcfca21f35af3973cdd4a5759af6c67376ace3fa82e69b4d9d173c7f9e9a,Healthy-Leaf(1399),Healthy-Leaf (111).jpg,2
1219,32387fd63dd54a9fc1e8578cf8809cdd941f0400d605deb9cdb09ee92e805f93,Healthy-Leaf(1399),Healthy-Leaf (1110).jpg,3
1220,c96c4a52846e8952a3a9dce121c2855b2f63fe422094f8bafad14c81163607d3,Healthy-Leaf(1399),Healthy-Leaf (1111).jpg,3
1221,519a0a4681b5092c44e575aa12ca921dd04857b592507cdb853e009fbbb569ff,Healthy-Leaf(1399),Healthy-Leaf (1112).jpg,3
1222,000c3c7386e379989b44948ea677aa081b613a71f2892ebaf1224448d4090ea7,Healthy-Leaf(1399),Healthy-Leaf (1113).jpg,3
1223,16df6cfef1e374d137e6a9e9afd7e34e15ed584760f5d685553a1a147786c772,Healthy-Leaf(1399),Healthy-Leaf (1114).jpg,3
1224,0a71ecffef3603e0dcd4e9cb683869ee3b921ee0b2a8981450f587cd9471c530,Healthy-Leaf(1399),Healthy-Leaf (1115).jpg,3
1225,272feca9454ca665b9fb23603b7c84bd191b26a58885719bbfd8fa6d7bac4541,Healthy-Leaf(1399),Healthy-Leaf (1116).jpg,3
1226,d712da436aff1f88c7bacfff36d58ca49827996ea7f4e18719df37489487b5f4,Healthy-Leaf(1399),Healthy-Leaf (1117).jpg,3
1227,b3da6a077349c5886793660cade75ed8e86c95dc8e73e903e36b796fd3f74b8b,Healthy-Leaf(1399),Healthy-Leaf (1118).jpg,3
1228,5e6021e56256ebf26cc861a348e528806c5270c5010a014e0097e7a8f5c436e8,Healthy-Leaf(1399),Healthy-Leaf (1119).jpg,3
1229,884655a8070d18760a8a48f7372837988512735034fce800d6d88bbc5162a479,Healthy-Leaf(1399),Healthy-Leaf (112).jpg,2
1230,9cbd88a1c7ac813bbd66569f063a6ba85dc9d2730d48957e55395df40ae0e836,Healthy-Leaf(1399),Healthy-Leaf (1120).jpg,3
1231,164b8e8f4861510455004ffd373b3972818b8d7889143fe82a7f6526b412b495,Healthy-Leaf(1399),Healthy-Leaf (1121).jpg,3
1232,40109a4b84a577150bcbda8091187104e0eedfe2298375fae01cd9eac1dd24e2,Healthy-Leaf(1399),Healthy-Leaf (1122).jpg,3
1233,5eefc7136dab6716bca59dec259714071ec5122021a0f63a46a874c3295937ab,Healthy-Leaf(1399),Healthy-Leaf (1123).jpg,3
1234,0d8b7ac59a1b0e19e533258ee525dd09c1757668389173ad4e1df183f83f2486,Healthy-Leaf(1399),Healthy-Leaf (1124).jpg,3
1235,5eee1b10563454c3b364fe145441fdac1f3fce8211009d66067c13edff59d3a7,Healthy-Leaf(1399),Healthy-Leaf (1125).jpg,2
1236,acbb4682ba7d64bd963aa45eb487af33fc899c4ad63d0be13120513d230dfb36,Healthy-Leaf(1399),Healthy-Leaf (1126).jpg,2
1237,ac29c35f41e77e524de5205f2184069677b41d30a9a1402f121574d1f391e424,Healthy-Leaf(1399),Healthy-Leaf (1127).jpg,0
1238,76a0e8428270923b896277c84b0f33753bdaedc03ca37ed0e25d6cd6b5576658,Healthy-Leaf(1399),Healthy-Leaf (1128).jpg,0
1239,447b71f4e977092766a039e6acdc66c7b2ca9647cdfac085294151f3b19021ed,Healthy-Leaf(1399),Healthy-Leaf (1129).jpg,0
1240,05fc4ac612baadc8ca9e01bbc168a80eea539c1e073e8c2e9a08b4f51cf660fc,Healthy-Leaf(1399),Healthy-Leaf (113).jpg,4
1241,7a296f1a2672a669fac131a5f85169f9cbd198a8d7135be7088fff770d5dd946,Healthy-Leaf(1399),Healthy-Leaf (1130).jpg,0
1242,90101b8f2040de20d316a1283f96ec84aa030ebf1815d97bca375e149040b81d,Healthy-Leaf(1399),Healthy-Leaf (1131).jpg,0
1243,dc01c5deb1245eb452bdb7b9e9b1eb3a4b00c26181f3dfa8a638894a4ca60564,Healthy-Leaf(1399),Healthy-Leaf (1132).jpg,0
1244,9071a62deec818c2e265d9b73620c503fe2eb2412ab19601d30750db562eab32,Healthy-Leaf(1399),Healthy-Leaf (1133).jpg,0
1245,f3130f17ea036a1bb93ed2f010e1b45f37245fb295fd443ed9675635602ff10b,Healthy-Leaf(1399),Healthy-Leaf (1134).jpg,0
1246,43b29d9383654aa728832b95c51d1cda2547c5e661e41a96c7c5b23342daab6a,Healthy-Leaf(1399),Healthy-Leaf (1135).jpg,0
1247,b551f93d3f1bd7003539c473fb498a514a2e6a8b4b01b7b85e387200cb856950,Healthy-Leaf(1399),Healthy-Leaf (1136).jpg,0
1248,e2a024940bf76db5d5b64f355aebac4f4fff021ef7f2230ff83a07598d84a586,Healthy-Leaf(1399),Healthy-Leaf (1137).jpg,0
1249,672bd1a2db9a0be18f97696b473f9fffeb66ac8356154b2f40510533062d7bb0,Healthy-Leaf(1399),Healthy-Leaf (1138).jpg,0
1250,6ae947c56841680e582297cd392653a2841d820e0430995bce8118ae6b9206f3,Healthy-Leaf(1399),Healthy-Leaf (1139).jpg,0
1251,b4d153a03b319d4f93dd2e88baaac45bfe0b708c81ade2ff2076a5aa78cba78b,Healthy-Leaf(1399),Healthy-Leaf (114).jpg,2
1252,3166429f2ffc72203fef03266183da2674cfbff6b83c3c757e0e075c4e5335f2,Healthy-Leaf(1399),Healthy-Leaf (1140).jpg,0
1253,028033e8d4f824f481beeb37b9a05fd3dc7265fdaef8b8a02697433592ba8b0a,Healthy-Leaf(1399),Healthy-Leaf (1141).jpg,2
1254,ce21711f255de112de5e020791fe4d3ebb0855a35cd446871a4f2f5832757e4f,Healthy-Leaf(1399),Healthy-Leaf (1142).jpg,0
1255,e2ec3a90f6b648a881a4951276f8e0a811b0aca6cb769d39780cf7422d1f318a,Healthy-Leaf(1399),Healthy-Leaf (1143).jpg,0
1256,f554c7f90317530c4bd55df62eba696115f1bfe9244f9cac3c01c20928496bc9,Healthy-Leaf(1399),Healthy-Leaf (1144).jpg,0
1257,d806351e86ffd5203d460b3c921ebf19a36a550fb283e10e47f6523782efd391,Healthy-Leaf(1399),Healthy-Leaf (1145).jpg,0
1258,662d65514cc4e84d4e78da3b34f97f9283d0b8670bd81a92e9210a4efd0fae49,Healthy-Leaf(1399),Healthy-Leaf (1146).jpg,0
1259,98d9078eca99d548f8034492a96ddcc878dd29d17f9f6d752b2be201efaf57b2,Healthy-Leaf(1399),Healthy-Leaf (1147).jpg,2
1260,4412d521e0e11f8241b6e3390c46011c30304ac0ea0b1e5b5b2c329c8c1acbe9,Healthy-Leaf(1399),Healthy-Leaf (1148).jpg,0
1261,aa7feab4f8d4056d94bbe6eeb1a81ed6618d1a0e4e00497a278bd79c625f612a,Healthy-Leaf(1399),Healthy-Leaf (1149).jpg,2
1262,6aba512e435483bef9c5e91f57d74bd235934d3eaf8259931f7e371324c40f5d,Healthy-Leaf(1399),Healthy-Leaf (115).jpg,2
1263,7ebde2a32e648ac26939ab2abf9adaad5aaf5950742fa581683c4e6aea6e83b9,Healthy-Leaf(1399),Healthy-Leaf (1150).jpg,0
1264,80bfde4426ceecc023a8903922ba07ace323c0938200512a559dd08ab16249ff,Healthy-Leaf(1399),Healthy-Leaf (1151).jpg,0
1265,cd4f3e3cebce55bf1c756b0c15f0cd3ba9539f08391b633d9d942707e31a45f6,Healthy-Leaf(1399),Healthy-Leaf (1152).jpg,0
1266,b91a6dfaa6f002de5d8e7bdd6804e5e68c11787db449d837b0d3a85bda0c2802,Healthy-Leaf(1399),Healthy-Leaf (1153).jpg,2
1267,9fa303792a60e1c691e7a79854cff1a8b0bda10b45f120e3d55bd4586f5b8513,Healthy-Leaf(1399),Healthy-Leaf (1154).jpg,2
1268,080a1095a4c9fd26aecca47dca8bb440440b13c52514e7e45b568225e096253e,Healthy-Leaf(1399),Healthy-Leaf (1155).jpg,0
1269,85b69e315ecced45f1b38bcea58648e2f85ec693211ad3a9b49ffdb1b40caf28,Healthy-Leaf(1399),Healthy-Leaf (1156).jpg,0
1270,3d907c54dcbb521f5b3884241c5ab3576291d6ddcbf43dbd506f834315f3cade,Healthy-Leaf(1399),Healthy-Leaf (1157).jpg,0
1271,4d874295ffcc042d4ac349a930a642c93c07060a49756a5409b03d3438f7c154,Healthy-Leaf(1399),Healthy-Leaf (1158).jpg,0
1272,dff027add51a3c50cf5b2811d9d1718b010d33008a8c1ce8c7dd9a11374b7f0e,Healthy-Leaf(1399),Healthy-Leaf (1159).jpg,2
1273,416d641afe4c797ca3ac31d6cd158dcc7b22a840ecdc174b7d53e6feb3c4303e,Healthy-Leaf(1399),Healthy-Leaf (116).jpg,2
1274,6ff97d478e1c569628db83b0a982b8ab067e8070284148a118e582dce62cf844,Healthy-Leaf(1399),Healthy-Leaf (1160).jpg,2
1275,55724b9a08860d38a4ce66516d7ac9e6acbc33f795ba6a054886c52b2c8f9ca0,Healthy-Leaf(1399),Healthy-Leaf (1161).jpg,2
1276,d6b0fefba331a55b7f3e7ec7463f7a960c55cbb0972761d13cbb10c012233116,Healthy-Leaf(1399),Healthy-Leaf (1162).jpg,2
1277,b02907cd6c51a13af0756c83057bf849662f3d9ebf25b3f0533de49234b16368,Healthy-Leaf(1399),Healthy-Leaf (1163).jpg,2
1278,46052322dd8d9044bc6cb59b946be3d4631cf085d15433f1d1dd23a50f920599,Healthy-Leaf(1399),Healthy-Leaf (1164).jpg,0
1279,a5906a61b1dd886264de51cd04231b9c13b9bec533f33c72443086a52c202a98,Healthy-Leaf(1399),Healthy-Leaf (1165).jpg,0
1280,45683b3da12062f38132d4d295e3b5de5bf341ba4a5641a10c38fd952a1dad97,Healthy-Leaf(1399),Healthy-Leaf (1166).jpg,0
1281,14f6fbf2e1369f08330084f676db42f3c3d73e991934e6681e8d11e29c998ef9,Healthy-Leaf(1399),Healthy-Leaf (1167).jpg,0
1282,dffcf2dc28da0183cdf37022dff7592022fb08aeb7be16570e464920d47a0207,Healthy-Leaf(1399),Healthy-Leaf (1168).jpg,2
1283,51afdbf48370e33393ad1469d34a21d80e0087983fbb22bd07be0256f2dea747,Healthy-Leaf(1399),Healthy-Leaf (1169).jpg,2
1284,2a2f98bc95a405d4e76fc4aa48e5a392b4bc3ee4597ebe48b6e3eefb2ae76934,Healthy-Leaf(1399),Healthy-Leaf (117).jpg,2
1285,363da026625fec548738e2b30018ac41c4c0b16ffdfbc5a56ff1dd57d5a0c891,Healthy-Leaf(1399),Healthy-Leaf (1170).jpg,2
1286,c466a100111933829183e56f13b1a25a3d2145a3d64907f4f3a7e72ddfd8b4bc,Healthy-Leaf(1399),Healthy-Leaf (1171).jpg,0
1287,3696fccfd5c000f5c2e63ca0c24fe43e879a04003c85fa2eea1cc35159035d44,Healthy-Leaf(1399),Healthy-Leaf (1172).jpg,0
1288,2b95d5c9d845b03c761e3c7fb8127018f169cc74ca66e2a7b5d377a14effe055,Healthy-Leaf(1399),Healthy-Leaf (1173).jpg,0
1289,11952d520ae8dd28bc2068c7adc38c428094d182439cba01965d003618ea7440,Healthy-Leaf(1399),Healthy-Leaf (1174).jpg,0
1290,c3413444cc72114d5f7c67bf7c0179024d20c468792ada3404c5984d5f288a62,Healthy-Leaf(1399),Healthy-Leaf (1175).jpg,0
1291,eb0c55b77c630f5b0646eb527319e96acb916acb76569f45ce1463296afd5ed5,Healthy-Leaf(1399),Healthy-Leaf (1176).jpg,0
1292,4fb66b5bc95be1ee5cb013ca498aeb902e95e9f677a3f5fa0bb494bb4606922e,Healthy-Leaf(1399),Healthy-Leaf (1177).jpg,0
1293,12251abc5e3befd5ba581202538d4a425343817e09115ccf02f371bef80c5f52,Healthy-Leaf(1399),Healthy-Leaf (1178).jpg,2
1294,694e2edd74b2971f7c6fe8ff2d9d261b0a9ff6f23fb1c91a6b7fa50bef62aa6b,Healthy-Leaf(1399),Healthy-Leaf (1179).jpg,0
1295,7a74b3430caa65e49671c7902da8034f37dece70f43dfb998d0f850bf20c16bc,Healthy-Leaf(1399),Healthy-Leaf (118).jpg,2
1296,c4c79e7195c57c3d80dbad5c5c79655efe0065324a984dd305665b7403643fd7,Healthy-Leaf(1399),Healthy-Leaf (1180).jpg,0
1297,b250dfe7504c86e7bd36e130fd7ac0ce60d8293fbb1c9e889b177206bcc6e1dd,Healthy-Leaf(1399),Healthy-Leaf (1181).jpg,2
1298,06a38a8cace75568ee0b1050b09a7418e7f690f4f08d8b31480f880549a0434b,Healthy-Leaf(1399),Healthy-Leaf (1182).jpg,2
1299,601b96cf1b9c0425be96d4c1764f4497528ab20e347e79394b4fad9c777b8150,Healthy-Leaf(1399),Healthy-Leaf (1183).jpg,0
1300,753fbab3235715f6e412f773b3a1c83186dea61c4164d3abf410001089ca0ae7,Healthy-Leaf(1399),Healthy-Leaf (1184).jpg,2
1301,836c1b6591140448eaf38812d37a1fe5472ff36522e12fa5f1c7e8b70990ee7a,Healthy-Leaf(1399),Healthy-Leaf (1185).jpg,2
1302,907cd2a4ce2ac68d28eb32a4e4a388f623d8c4d42b7731fd135fe4d0b1e3bdfe,Healthy-Leaf(1399),Healthy-Leaf (1186).jpg,0
1303,5635d3fc94b589f5895a7509d04d58ffdf1011d4cb997992a5704c792d2da0ab,Healthy-Leaf(1399),Healthy-Leaf (1187).jpg,0
1304,b216bc0394e68b4e6485f182641519120c1cfab5c236df69d429443a8244a84e,Healthy-Leaf(1399),Healthy-Leaf (1188).jpg,0
1305,6785171680a616c99472f5c014ec22a882ed40969a238017affbbea232092ad6,Healthy-Leaf(1399),Healthy-Leaf (1189).jpg,2
1306,a6ec52314b8d79a3c551498a370539c837ec12379833c52fbb7c849fdb0ec333,Healthy-Leaf(1399),Healthy-Leaf (119).jpg,2
1307,49e49c28b83ac5eecfce537c4fb530a3834ed76e558e787d341bf424224b35c1,Healthy-Leaf(1399),Healthy-Leaf (1190).jpg,0
1308,08eeaa5cc6d1f046e8685cc5adb9e5f08cd08d55cc3b43082738238aee97559a,Healthy-Leaf(1399),Healthy-Leaf (1191).jpg,2
1309,b128bc26ac020397a9f76dd0d8c0e16320c9cf1cda0dfd67caa13ab38d5362ae,Healthy-Leaf(1399),Healthy-Leaf (1192).jpg,0
1310,627fecc3952ead957b48d22bcc5a59e9066ad86ff17b96c6353b5b03307d0f6b,Healthy-Leaf(1399),Healthy-Leaf (1193).jpg,0
1311,b58f71001e3bb100d1796788b801d0c79d8831f5ccd643f03a5fa98737d7b1fe,Healthy-Leaf(1399),Healthy-Leaf (1194).jpg,3
1312,cb419501e4c9258bd883a56103e9b83dfd7c6bf72e9f7143c57f56cdd1dab94b,Healthy-Leaf(1399),Healthy-Leaf (1195).jpg,2
1313,418534d31daf4b847c149bbcfbdc4b3d7380192bded0605320b0e46702f49add,Healthy-Leaf(1399),Healthy-Leaf (1196).jpg,0
1314,6a2f38857187d1cc0e3301e44d2364592ec70f3b7908bfb41243767a7576e944,Healthy-Leaf(1399),Healthy-Leaf (1197).jpg,2
1315,1e544526ada2dd076938732618652c8099356b6c078d4cc80481641d03e7d95f,Healthy-Leaf(1399),Healthy-Leaf (1198).jpg,2
1316,c2b869ea8ddb43353787c958bac37f61c94cb86a8366dfcbc4241f892ed9db9a,Healthy-Leaf(1399),Healthy-Leaf (1199).jpg,0
1317,d73bbc38aeb795ab6ef24fe227c4263d7d054287997d307b9175e72379582ff5,Healthy-Leaf(1399),Healthy-Leaf (12).jpg,3
1318,c4bec39c0c996fd1372c644724dd4ce753172fe3ea562db1f74196fa1f81a984,Healthy-Leaf(1399),Healthy-Leaf (120).jpg,2
1319,42a36a6da1a5f7b01c4f32f8e14cf3f6477a5df4b8fc0efbfffcfda430ffcfb1,Healthy-Leaf(1399),Healthy-Leaf (1200).jpg,2
1320,e9f42a862a4632eefc05b926e8ce7b9154c9920bd67f5246950661ecba2bc2f3,Healthy-Leaf(1399),Healthy-Leaf (1201).jpg,2
1321,b56a8dbe39a0a77ddfe78ebe176d6f5c73ba2febe2f4eb626927e53322ec3a6c,Healthy-Leaf(1399),Healthy-Leaf (1202).jpg,0
1322,093c5490836e54aa91f600aed5b63d6a59f16fa5e3b8bc33d9e287019c8b974b,Healthy-Leaf(1399),Healthy-Leaf (1203).jpg,2
1323,882dfeb53b1ee0acec817b9b59a7ef56199b1dae89d9c4ede2c62f4d9cd6b18d,Healthy-Leaf(1399),Healthy-Leaf (1204).jpg,0
1324,ee1c4e090b640029d9adbdb87c6d4e16a3b272bf6d9ce0760e5381789c8f994b,Healthy-Leaf(1399),Healthy-Leaf (1205).jpg,2
1325,7924410ee1f9a9d647fcf1545b1937d3e6511a209145d196b5c822b0ad57f3c8,Healthy-Leaf(1399),Healthy-Leaf (1206).jpg,0
1326,d364db421b3374334874024f1c5cc27544dcace58d82279e8dd76ae01dac8754,Healthy-Leaf(1399),Healthy-Leaf (1207).jpg,2
1327,5d5e31acb48333399cc083845d76c1cd4009d98e912288be8821e27e5e6c7515,Healthy-Leaf(1399),Healthy-Leaf (1208).jpg,0
1328,daffd3a99b687812564082742af377f3ce4a64037a186d15829e9bff05c89f7b,Healthy-Leaf(1399),Healthy-Leaf (1209).jpg,2
1329,09ff1a4b4304f4e73e559712fc36783e593c3c77217c5330d3905e9d217651a0,Healthy-Leaf(1399),Healthy-Leaf (121).jpg,2
1330,d774c69e7cfb8d7ed9f1934a22002289cd3535f94626c50bd8472d56b7f882aa,Healthy-Leaf(1399),Healthy-Leaf (1210).jpg,0
1331,c92efeac77bdce7f97797c5863e75ba0873182ec0a1fe3f17b721585c7a9f283,Healthy-Leaf(1399),Healthy-Leaf (1211).jpg,2
1332,7bfb40896b1dd7b854c1004d436e47ebb14587b8d45af541a4a7388c630c406e,Healthy-Leaf(1399),Healthy-Leaf (1212).jpg,2
1333,18fd601ae6d322c5f4880965c57c148565034e9820794f24f344c9f7bc5fd7a7,Healthy-Leaf(1399),Healthy-Leaf (1213).jpg,2
1334,0520f3baa71ebb375629b5e2919227b4973d0f006b7e8126f67ef346dac41bb5,Healthy-Leaf(1399),Healthy-Leaf (1214).jpg,0
1335,0e8d388f4357480a45e836e3d92a982be8d9aef001bb5e83084f4bae5982c1a4,Healthy-Leaf(1399),Healthy-Leaf (1215).jpg,2
1336,a7ae7738979203547fdc1dbf345fc208cd2294c694a42cf116c27588ea79f136,Healthy-Leaf(1399),Healthy-Leaf (1216).jpg,0
1337,ccb6ba32597302209806cf43b34ab33f408878e01f118bfc7292e26754d7cf3f,Healthy-Leaf(1399),Healthy-Leaf (1217).jpg,0
1338,5348cf92b79e8af2d00f11d50dabfe4f610ca36aa7cb125eb3360910858a2f1e,Healthy-Leaf(1399),Healthy-Leaf (1218).jpg,0
1339,142334358dbf81ed7049fd9a49b059ae9dc0f4f5591ebd5f10709e0649292cea,Healthy-Leaf(1399),Healthy-Leaf (1219).jpg,2
1340,105896e7bb36f08730a5b34e6cd524158adc1b4e3b93ccb76f848b918cdafc2f,Healthy-Leaf(1399),Healthy-Leaf (122).jpg,2
1341,943f6307bf34c85d30019853e63a1093492dd162c0296561453c4e409a0960ac,Healthy-Leaf(1399),Healthy-Leaf (1220).jpg,2
1342,e495d2b278ee0705d376d268405e63e50cdb738e225caa5d1870474d288ae4c5,Healthy-Leaf(1399),Healthy-Leaf (1221).jpg,0
1343,28947f311f4d37321902d251d78f2eb9c0ae0f27ac65a662c72298457d5a51a9,Healthy-Leaf(1399),Healthy-Leaf (1222).jpg,0
1344,d7ebd5fc7050fd66c2b5790804e69969f8aa2ab1a0888932e6a3e269e0f1df44,Healthy-Leaf(1399),Healthy-Leaf (1223).jpg,2
1345,ae2663739c30afa28077162418270724977d656743f94de186b7d77dba1d7262,Healthy-Leaf(1399),Healthy-Leaf (1224).jpg,0
1346,7d78f420df9754b8e9b54b5615c2d151417ac72f27adbe73a9e640154ba4a6bc,Healthy-Leaf(1399),Healthy-Leaf (1225).jpg,2
1347,4c7c53c604850023ba69ccaf391453a70dbaa9218ca5d7d203c961ebf7313db5,Healthy-Leaf(1399),Healthy-Leaf (1226).jpg,0
1348,578143f7da08cc772997648d8c33255abde8e2969ff389b6862891a4fa594c6c,Healthy-Leaf(1399),Healthy-Leaf (1227).jpg,0
1349,5a5914589c3962b06c9a1dfea64ccea0245d999eb2e2ec1ac38db4cee0596121,Healthy-Leaf(1399),Healthy-Leaf (1228).jpg,2
1350,8a934cbf7206e3f55b3f8be0ccb7653cf1b67ede2f455cc9b522fb3b5be068f5,Healthy-Leaf(1399),Healthy-Leaf (1229).jpg,0
1351,386063391d3e4f1be7137aaed1f0fa6429bb20d5d83925415f41bf85fbe0f2c5,Healthy-Leaf(1399),Healthy-Leaf (123).jpg,4
1352,69f8dca31ffa22be2e4ba157a66229dc6fa1c482eb037ce9475fdffa4eedaca4,Healthy-Leaf(1399),Healthy-Leaf (1230).jpg,0
1353,73a7d9bee607dbe555600cb6b01061f83d5ad24eb71af4550e3d272351e4071c,Healthy-Leaf(1399),Healthy-Leaf (1231).jpg,2
1354,3f7a13df2bcba95022eed68bdb93888544849e04a29746795da1e8f23d079f9e,Healthy-Leaf(1399),Healthy-Leaf (1232).jpg,2
1355,5e015c8545c0ce82eb75040322cea825589c44d60dfb1b31e2193700a976a93b,Healthy-Leaf(1399),Healthy-Leaf (1233).jpg,0
1356,32615c1d5368f616a85ca41320a18d1ee4ca9cff31e9f831c3882101322b1875,Healthy-Leaf(1399),Healthy-Leaf (1234).jpg,2
1357,aed3e27184778bbdb0733122fd347773f1eb2d22ba77584ca0601eebe6dcd663,Healthy-Leaf(1399),Healthy-Leaf (1235).jpg,2
1358,0d2bc69faf3cdef47815b72016f6c9cf00d4de4b7ef7ef5cd9a84709008c3562,Healthy-Leaf(1399),Healthy-Leaf (1236).jpg,2
1359,873acbe4814f9e809ec24489454ea89fb4f9efaeac70c237e4c2a114e0efd08e,Healthy-Leaf(1399),Healthy-Leaf (1237).jpg,2
1360,28053c1e2f85fc2ec7caf97bf7f43a3b1aab1ad648d6ea952aea645d184ce001,Healthy-Leaf(1399),Healthy-Leaf (1238).jpg,0
1361,016900944867201a00de11d6148886cdc6438d692e32266169d5bdb3057fbbf9,Healthy-Leaf(1399),Healthy-Leaf (1239).jpg,0
1362,9bb21b7d91cb9fcf0573e033092c83b710d23c7e99e3541cc5956c276adead76,Healthy-Leaf(1399),Healthy-Leaf (124).jpg,4
1363,5d81a5a149e30142928db9ae55a48aaa00c414512d9af667bd5e086be2dfa826,Healthy-Leaf(1399),Healthy-Leaf (1240).jpg,2
1364,c2566d5bb08d3637ec33f72b82347173434d8357c372beed34a8c308d45da91d,Healthy-Leaf(1399),Healthy-Leaf (1241).jpg,2
1365,2e97afccc322d9957b41253bf73a89ed44006e0c985180c2cee1d2c5b2a39908,Healthy-Leaf(1399),Healthy-Leaf (1242).jpg,2
1366,fa62203c98f5f2fed6a0c5ef1dc089a95523d44e420400e020c45bea33623a20,Healthy-Leaf(1399),Healthy-Leaf (1243).jpg,2
1367,dfcce2e6fb35394aec2b6eee3107b63371571dd46928c654547e60b041f9525a,Healthy-Leaf(1399),Healthy-Leaf (1244).jpg,2
1368,526e897f3ca88e844959c15764960a6e90e3b831b1c3cd529edb776acb40df7c,Healthy-Leaf(1399),Healthy-Leaf (1245).jpg,2
1369,be1f15920570c6d8cdb0308165f96b929ad4d0bf1dd031efb679b49437567dbd,Healthy-Leaf(1399),Healthy-Leaf (1246).jpg,2
1370,8c0d5d64e8b8d7a30aa6264c5eca187f2b079a56b1eba62b87ed6aaa787f4711,Healthy-Leaf(1399),Healthy-Leaf (1247).jpg,2
1371,c1504bda16d5b9f90381cbcb36a25af8404cad6a308307f3def63c0752abcd86,Healthy-Leaf(1399),Healthy-Leaf (1248).jpg,0
1372,1409aa27b1a1ed55be1e6501dd040b73160896e27417b8e90147386ac6899b8e,Healthy-Leaf(1399),Healthy-Leaf (1249).jpg,2
1373,21b875bb59b9458cdef208f58b677bfdc5c843c7f7f017bcca9f60db40fc42d3,Healthy-Leaf(1399),Healthy-Leaf (125).jpg,4
1374,453e6e4f1f02265d11801e7cb29a7329bb144d3ddd0039e5c3b7a6cb89e5c4fe,Healthy-Leaf(1399),Healthy-Leaf (1250).jpg,2
1375,6412f6949b06acd56571be057c3939be90d046df3aa518742eb0116b041c19d0,Healthy-Leaf(1399),Healthy-Leaf (1251).jpg,2
1376,eff6e414aa2c03081c5111e0cffbdc765f2f96987fa6ae948905abbcc93e42da,Healthy-Leaf(1399),Healthy-Leaf (1252).jpg,2
1377,4523f17db248d52028b5b4afc2da47c5fccc3ff1a8b0e9f1752429bbf3e70765,Healthy-Leaf(1399),Healthy-Leaf (1253).jpg,2
1378,23b170af05e9a7d5d7d80b8c223a71066c73b225680012eb32fba8088b06a1cf,Healthy-Leaf(1399),Healthy-Leaf (1254).jpg,2
1379,94a3cf6cf771e7d1c55be706775cabfc2bafb2af2f7ce7bbbf669985d2f73ae4,Healthy-Leaf(1399),Healthy-Leaf (1255).jpg,0
1380,3041c981f24f0e93a1834dfe6e822d6dcf279f88a00b3bec8ba580943e3dbb93,Healthy-Leaf(1399),Healthy-Leaf (1256).jpg,2
1381,c4435e7582655eb98e1dd59f22473e1d850cf5f109c5cf2148973b3dadf0898e,Healthy-Leaf(1399),Healthy-Leaf (1257).jpg,2
1382,36eb4963f1939d9c541d168e326d63ee016ba1a515d6f5a81d7d22e48d26168f,Healthy-Leaf(1399),Healthy-Leaf (1258).jpg,2
1383,85d1b4c84b0e3285410983410b2680307a170a6ace3201c86fe5ca5757249888,Healthy-Leaf(1399),Healthy-Leaf (1259).jpg,2
1384,18f368862a0ffec1d7fc6dd1db68bc80ce6210c1d70bc450e416eb553b8b55a8,Healthy-Leaf(1399),Healthy-Leaf (126).jpg,4
1385,0460bb3f05d749e54167aba7eda89de42d44552ea84dfab4b20456476dd4a7bb,Healthy-Leaf(1399),Healthy-Leaf (1260).jpg,2
1386,1fbc51433b6009351df8ae7a3145c51e954e8821b7ddd086a7060124d17f9ef8,Healthy-Leaf(1399),Healthy-Leaf (1261).jpg,2
1387,4aaa160972836eeeb75db93ace2aef62b78f5a19c851dd90a87b5ba58e15b8b4,Healthy-Leaf(1399),Healthy-Leaf (1262).jpg,2
1388,82265e8fd4dc2b3310af53b86426f9e2f7ac38347e1a660c51d221d1ef08a288,Healthy-Leaf(1399),Healthy-Leaf (1263).jpg,2
1389,6f4155ff233403b6e911ac65553ce8a777ef7e187e6383fc8235481a2ae069f4,Healthy-Leaf(1399),Healthy-Leaf (1264).jpg,0
1390,5c44361293efe4022a169bc9d60a9e09523ecc6c5ea85c5d5f108b5c54109406,Healthy-Leaf(1399),Healthy-Leaf (1265).jpg,2
1391,3b765f4c0b95dcdc4cdcd4e3961b473fc2811343777e5b732a0759d9d10ab5c8,Healthy-Leaf(1399),Healthy-Leaf (1266).jpg,2
1392,af8455b6242c57f1ca4cebd9b726071775b0f764eeba51faa277c1ea42916d5d,Healthy-Leaf(1399),Healthy-Leaf (1267).jpg,2
1393,c1dc9ae50ca985d3db25c063db27136a48602132ecfd6fe6d40478933f8c1b68,Healthy-Leaf(1399),Healthy-Leaf (1268).jpg,0
1394,f759eaa4dc97f6123f8df916dec261e67ac81b06f81ddbcc472fd496bbb7136b,Healthy-Leaf(1399),Healthy-Leaf (1269).jpg,3
1395,85a25cdf0ee20226068076487bfe6d174b5293cc5803823b8f5c62cde76ac1f7,Healthy-Leaf(1399),Healthy-Leaf (127).jpg,4
1396,45748bc182ee1f1236f94aeac58e4b6c5731627ea2ef1ec34e1e4977568318ce,Healthy-Leaf(1399),Healthy-Leaf (1270).jpg,0
1397,406ba671f2a95fd7918a9c5735bc74d7a4103cb7350af4c96154c946b2177415,Healthy-Leaf(1399),Healthy-Leaf (1271).jpg,2
1398,16ed866e2a5a427a5a45a7518a49c1f02ee249afc85497eb0d844298f4aed6e1,Healthy-Leaf(1399),Healthy-Leaf (1272).jpg,2
1399,f59d28d7868f228878ef4716ef62b22a444a0dccca71f09b7fe435d9ea68cb51,Healthy-Leaf(1399),Healthy-Leaf (1273).jpg,0
1400,2231ea747d2599e12e5101630c6f7d7ca3487c2cd907c5ea2560a2631eef8956,Healthy-Leaf(1399),Healthy-Leaf (1274).jpg,0
1401,d077fee6fde559ee5909c5f081cc5462c78ea11ce9595a8b351aaa5957603132,Healthy-Leaf(1399),Healthy-Leaf (1275).jpg,2
1402,b8d2efa7e4b7c195aaceea0ad2f6eac676c27d61ed828a7bb6c9b49e5112b806,Healthy-Leaf(1399),Healthy-Leaf (1276).jpg,0
1403,5fcf8d55071e12cec311f4845bffed976eca1eda4048d036e323a7f12e6d0616,Healthy-Leaf(1399),Healthy-Leaf (1277).jpg,3
1404,1a2b52cc189dcffcb5017580c93cb9026482c975eaf9d93ce90bc62a8d7d73f2,Healthy-Leaf(1399),Healthy-Leaf (1278).jpg,3
1405,d2f672ceacf03cf28dfe300f5e42055d49f09d2190d1fbda2aad55321bae4e8e,Healthy-Leaf(1399),Healthy-Leaf (1279).jpg,4
1406,5f3c00f728a5b3852a0578a0a6e0c56cb386d5ae03b6f717a4b85f73e73321e2,Healthy-Leaf(1399),Healthy-Leaf (128).jpg,4
1407,62d68398663e9f36020547b4792ec776be8696f4767185f8dc3c68b288b51d5e,Healthy-Leaf(1399),Healthy-Leaf (1280).jpg,3
1408,c20dca7de3f31e9ac40ad4aa9265035004f1d6259e185671ca5b6d7778a355cf,Healthy-Leaf(1399),Healthy-Leaf (1281).jpg,3
1409,09a1d934c26cca911ae7658fe14c81576917a4982db92acb78b0cdcd9b24617f,Healthy-Leaf(1399),Healthy-Leaf (1282).jpg,0
1410,00375a6242a41f1c366417ead3f8c153c813822343f70b8600f1a19870f8aa6b,Healthy-Leaf(1399),Healthy-Leaf (1283).jpg,3
1411,c4bc166e4fd39ed7b6898e752d0611fc0233e0ff27985d8cdc8ca9b1fe86a816,Healthy-Leaf(1399),Healthy-Leaf (1284).jpg,0
1412,80b53a4b6608f623c6a61eb0004a9789ebdce2a0472eee1c99901225a6a6a5e7,Healthy-Leaf(1399),Healthy-Leaf (1285).jpg,4
1413,13a615a7fb97ee05cb64d8e1d3c47eaa7f3c5758cac0d83ce6b9ccabfdea4fdd,Healthy-Leaf(1399),Healthy-Leaf (1286).jpg,4
1414,274853820134db4c0c89975bc8df8750a4e8f8c96fb0a7f26e39e093e0cc8804,Healthy-Leaf(1399),Healthy-Leaf (1287).jpg,0
1415,c26a50ddf84672fc5fe8e8c626844580c6bc4380f0608ecae8b65a923136f56a,Healthy-Leaf(1399),Healthy-Leaf (1288).jpg,0
1416,6c2dc1ee21b7922c6faee5a23b9c5ced0b7697b54523c8f046b97a04b6682680,Healthy-Leaf(1399),Healthy-Leaf (1289).jpg,4
1417,69f49ea101038aeda8f74badaad52a2906f5b326581eae4a218ad6827df8c402,Healthy-Leaf(1399),Healthy-Leaf (129).jpg,4
1418,c0c0083cc7691f32ed24479715e0b43052fc48f65cea0d465607760f0348e1c6,Healthy-Leaf(1399),Healthy-Leaf (1290).jpg,4
1419,4e06f920354bb12233ffec2ac3f3313164179469f09d10e2c1e0e5a469b130c9,Healthy-Leaf(1399),Healthy-Leaf (1291).jpg,4
1420,916c130743a5d89ccd1fca5190ec648ce32ab28999711df4883afa139fbbc5c2,Healthy-Leaf(1399),Healthy-Leaf (1292).jpg,4
1421,2183f2d3795b8104468ee76dc3a698aa1964ee36363ac9fdad574c321e80e50c,Healthy-Leaf(1399),Healthy-Leaf (1293).jpg,4
1422,3f7627c5205ca3931aa2ba6ce99623dccfb0180567a692841942946ac13acfdd,Healthy-Leaf(1399),Healthy-Leaf (1294).jpg,0
1423,932143d9f480f01665776ffb011c8d1952a1cfa0fe6226e96ec7f654cc1ce867,Healthy-Leaf(1399),Healthy-Leaf (1295).jpg,4
1424,d2ed80782aeb6c2230192db7c13b63a52c740015466a8105adce5e31625e3dcb,Healthy-Leaf(1399),Healthy-Leaf (1296).jpg,4
1425,5ec76f3d3628bcd7e3efb203a73370fd8fd36a7071f057d35a03309383ea5313,Healthy-Leaf(1399),Healthy-Leaf (1297).jpg,4
1426,7426d704bb4f26a7e421bf622e2d8d3d77da5a01a645c18841dd9b82573152f4,Healthy-Leaf(1399),Healthy-Leaf (1298).jpg,4
1427,a0e9ee141ef417434b60aa52aa4f57873defd6c04fbf976f71ff6cb08ca293da,Healthy-Leaf(1399),Healthy-Leaf (1299).jpg,4
1428,9f74b8bcbdd1104a2ff9fcb14f04771879247b9e9805f04365b9f0a37000ebbe,Healthy-Leaf(1399),Healthy-Leaf (13).jpg,3
1429,26fdaa3e8017da4418c510c9fbf7d7f451f7ac59271832edc0d4cfe6f5daf3eb,Healthy-Leaf(1399),Healthy-Leaf (130).jpg,4
1430,44bbb532917a875f6d938fa646666f0ae3d724193d7f733d2210549a0549c98f,Healthy-Leaf(1399),Healthy-Leaf (1300).jpg,4
1431,57f5c61b570fb878b19aae25ef36e91d39376a545f71ca4024417ab3e27186b4,Healthy-Leaf(1399),Healthy-Leaf (1301).jpg,4
1432,90921757430cf4c4afaa4d6ac67480189e24342e17f9088ccc1eb69f036ce70f,Healthy-Leaf(1399),Healthy-Leaf (1302).jpg,3
1433,2e100b87dba9af8b367280dc285b30dd143b5c26024ec207a04132eeb002fcf4,Healthy-Leaf(1399),Healthy-Leaf (1303).jpg,0
1434,4d23275432216cff64559cf4ac48da72b185912df5a6a3105f329d056906f6dd,Healthy-Leaf(1399),Healthy-Leaf (1304).jpg,4
1435,a8755a5ad13ddacb5ee7436f1fd7c9d6a84b61927f160cdcdcde8f0f10572af7,Healthy-Leaf(1399),Healthy-Leaf (1305).jpg,0
1436,e537a7af3eb42d364a7310108dfa2030905713ffa57ec3086be17151b9e5e969,Healthy-Leaf(1399),Healthy-Leaf (1306).jpg,0
1437,7b0a5590a675d382a44ba7903ccce13042893578186724602af135ca4616e9a5,Healthy-Leaf(1399),Healthy-Leaf (1307).jpg,3
1438,44763205a4c5398e75fa02fbc715eae287368fb9a4b648158224cf390c53a915,Healthy-Leaf(1399),Healthy-Leaf (1308).jpg,4
1439,283541fe693417e3e3375ca546242e425e0bb28359ada45fa340b68d0a7ed09b,Healthy-Leaf(1399),Healthy-Leaf (1309).jpg,0
1440,13cd4c4dbcf3e9cee8d049d32c80b309a20b7d1dce15f9bfc18d5184a57c484b,Healthy-Leaf(1399),Healthy-Leaf (131).jpg,4
1441,6b8944a330e7f4cd4442ff040c64350d1876b72338b857c1b4ece4681b4e519c,Healthy-Leaf(1399),Healthy-Leaf (1310).jpg,0
1442,b7dc230390e7af21007b5e4487371ad70ff8f103a5067dc861198befff28b862,Healthy-Leaf(1399),Healthy-Leaf (1311).jpg,4
1443,ad136fe0216df4bc465d6591bec356bf483e2b6580d778f948cabab60d1f91e5,Healthy-Leaf(1399),Healthy-Leaf (1312).jpg,4
1444,239220055ff863c5447425639ee5303a70e00af713d5d8aa03148cbdfae723d6,Healthy-Leaf(1399),Healthy-Leaf (1313).jpg,3
1445,a62e6ac29bb5bddc497cb2a0844068aa00436da4575bd57822d7b6b95fe65bef,Healthy-Leaf(1399),Healthy-Leaf (1314).jpg,4
1446,13c8a1443b42a222b94bff78f2df5c5f36a5499d3436fdf777c2090e7149f401,Healthy-Leaf(1399),Healthy-Leaf (1315).jpg,4
1447,be82f6b6ce481a2474b7cd02d4da19d22e9e933cdaf09194f5b843f720180454,Healthy-Leaf(1399),Healthy-Leaf (1316).jpg,4
1448,a891dd9c28e0b6de5bc0755564fea4880302d0cc4736901915d44e8174fce460,Healthy-Leaf(1399),Healthy-Leaf (1317).jpg,4
1449,a8d75bee0a9059502a0fd377cd5c08a31390c4f5810822d0130baae463f1e291,Healthy-Leaf(1399),Healthy-Leaf (1318).jpg,4
1450,c5100bc6fc72bb390f38fa077c7a26c39321af68fb2d7cff5df0db1ea62a3dde,Healthy-Leaf(1399),Healthy-Leaf (1319).jpg,4
1451,c1390cffaa57bae8f07cbf62fc440c80d1d187bbd29db9e5eb0ce2f49f8f2fcf,Healthy-Leaf(1399),Healthy-Leaf (132).jpg,4
1452,b9963c4ce5b7d841bd7d7c16ed76b4674c9c2e72c99a21e312d7908c69235de2,Healthy-Leaf(1399),Healthy-Leaf (1320).jpg,3
1453,194b1712e818971315a58f2e7e009b67eab6ea70da956cbc2e78d817e124510a,Healthy-Leaf(1399),Healthy-Leaf (1321).jpg,4
1454,0b71cfea5a7cae7a5da67fd04434287971a9ba1a2c741a57d34fbccfe20b5608,Healthy-Leaf(1399),Healthy-Leaf (1322).jpg,4
1455,bc00c2adf9964cc2fb360cf41bd089c738092da57ae7b6e829ac09bde7233bec,Healthy-Leaf(1399),Healthy-Leaf (1323).jpg,3
1456,4a6a87be290827912f7d85153c9b73530e653cf62890e46b69076d55e26be140,Healthy-Leaf(1399),Healthy-Leaf (1324).jpg,3
1457,aaaef9c9b75b46072c8e35c6e41289e800741e46dfc7ea8ee8871c97c58498e9,Healthy-Leaf(1399),Healthy-Leaf (1325).jpg,3
1458,363e551c71d44b96cb88678c7dca93dc0e804c040e56c984c49d0a8a0831627d,Healthy-Leaf(1399),Healthy-Leaf (1326).jpg,2
1459,1b1a55861d7a00ebea072a1e34737bf459256ddda9468913af8d18e17b317fc8,Healthy-Leaf(1399),Healthy-Leaf (1327).jpg,2
1460,760bcb7d9c4aece818456d2488ad0d6a826b5349589146adf6b6639db1ee5d8f,Healthy-Leaf(1399),Healthy-Leaf (1328).jpg,2
1461,3075da7b13d7582dd12c1c26f23f5d8bbb646dcb8244b329c5c839ab5adb8a13,Healthy-Leaf(1399),Healthy-Leaf (1329).jpg,2
1462,c51ae25063a5ae3609c5788d2fa0b142ae0639fa92d433381e00f5b5b9988b24,Healthy-Leaf(1399),Healthy-Leaf (133).jpg,4
1463,22285ac9dbcb963580937babfc3be0075b737c792487172ca1d2a92b720a6fcd,Healthy-Leaf(1399),Healthy-Leaf (1330).jpg,2
1464,b6f816a5482e8c9af03832a25a945b8832e19152a801ece2cf8a72757746cf2a,Healthy-Leaf(1399),Healthy-Leaf (1331).jpg,2
1465,6af4573442546e15f02f6a6dc45f1b8432b45515f61873278b1715b7fda6863b,Healthy-Leaf(1399),Healthy-Leaf (1332).jpg,2
1466,592e093016cdae195af7da8295c3099297c962dc4627b8cdd50d26282fa29393,Healthy-Leaf(1399),Healthy-Leaf (1333).jpg,2
1467,01900f25ad9ac34d1051b16e7f7a54ee1387569ce8a3d4b3daf6b12064641798,Healthy-Leaf(1399),Healthy-Leaf (1334).jpg,2
1468,9004ec645eba53c083112aa75f1e8262aaa91ace7c72b188c922ebfa3d57e807,Healthy-Leaf(1399),Healthy-Leaf (1335).jpg,2
1469,1eafe0d8f1a4a328fe2278aa6d121793218fd61316c1d71eba200aa14aa9b602,Healthy-Leaf(1399),Healthy-Leaf (1336).jpg,2
1470,399cd83deacdf6301773d0edb8ba4e5e997216763a8c3bee161eda04a42afcfc,Healthy-Leaf(1399),Healthy-Leaf (1337).jpg,2
1471,81ab2330f99a9b234f6bcf8d1b35e3fec9f9ad773aacfefed4d2693a899c4e2f,Healthy-Leaf(1399),Healthy-Leaf (1338).jpg,2
1472,d80333574ab436cbf0cde4d2038cee3fd6ac52e167eafe76d2daccda07fbc34a,Healthy-Leaf(1399),Healthy-Leaf (1339).jpg,2
1473,b7ade6c03016d9611ddcc9395d1a782cd8c18f4e109b9ce12eb5bf13c1021c13,Healthy-Leaf(1399),Healthy-Leaf (134).jpg,0
1474,246d8f99841b799147dd557550d1b31c9597fd7ed80a626a3ac3fda1647f8ea7,Healthy-Leaf(1399),Healthy-Leaf (1340).jpg,2
1475,025ea225cfa086f752b9e1970cb61a0e046eb5bb011c6a3626262a6ddd2e1082,Healthy-Leaf(1399),Healthy-Leaf (1341).jpg,2
1476,5f9cdde3ff1188db9df309d3a1297adecd116ea84229bae770e2844ca2488dac,Healthy-Leaf(1399),Healthy-Leaf (1342).jpg,2
1477,8d449fe54b29f50c31949640a920585f5ad8f09da864593a64a6a650e8fbcd13,Healthy-Leaf(1399),Healthy-Leaf (1343).jpg,2
1478,fb8f7e18bec29a68677b1129f44946bb0d5719f4bc9913c1b45021f204d3cf47,Healthy-Leaf(1399),Healthy-Leaf (1344).jpg,2
1479,76af0fd4c1caed5e0d7b269c078b3384b7963869fe76793fe0ab9605c2467016,Healthy-Leaf(1399),Healthy-Leaf (1345).jpg,2
1480,aaecf0ef1125c8b516ad96087e13facc08c55868ba6cbfb967bcc12edfed7b46,Healthy-Leaf(1399),Healthy-Leaf (1346).jpg,2
1481,d1a0a36bd4dc9ff8ef898671979b817fe2df52e22aced8c5f86502380a54d158,Healthy-Leaf(1399),Healthy-Leaf (1347).jpg,2
1482,54eda21ba2592a62067494510bb97f1b7ec3e8ad920f38c70104171e1d038f01,Healthy-Leaf(1399),Healthy-Leaf (1348).jpg,2
1483,cb1e30e7c9dd48d52f1426450fa1e95a1e49547551a7d7bfe061b268b82ede0e,Healthy-Leaf(1399),Healthy-Leaf (1349).jpg,2
1484,a8cf1b41967aac3af047b3844a77b78f903e14c6d5f6df77c3d1c647e9cd827e,Healthy-Leaf(1399),Healthy-Leaf (135).jpg,4
1485,0e4841bfb32b847f0ad28942b10f0d197e8581b33986f87e2429232dacfecaf2,Healthy-Leaf(1399),Healthy-Leaf (1350).jpg,2
1486,5bc1cb054552b775fdd5387a1dff9b151a7d2f81f86eb4277eb62d38c32e9bcc,Healthy-Leaf(1399),Healthy-Leaf (1351).jpg,2
1487,cabd369666ced552103bc768be486f6a951fbb8aea2927c0279a658e4c3593af,Healthy-Leaf(1399),Healthy-Leaf (1352).jpg,2
1488,455459943d49245094fdff47a5511f384de3b2316d4b643b63cd5449ab061a3c,Healthy-Leaf(1399),Healthy-Leaf (1353).jpg,2
1489,441376d2d1ff5e9d355201246fc5e23b8ac4285824664c6467ecf2082469427d,Healthy-Leaf(1399),Healthy-Leaf (1354).jpg,2
1490,4c81fd2fc8639c933a7c56df1e73c5309c95fbbb85b70f44d4f5f20c0d527f71,Healthy-Leaf(1399),Healthy-Leaf (1355).jpg,2
1491,71f23ebdddc8d16ee06d430968c6e6e4ac3ba2038f04b4bfb6b91d09e1b6420f,Healthy-Leaf(1399),Healthy-Leaf (1356).jpg,2
1492,89bafc8d3d6e78331352c86c988640bd07bbd759a04fbdc78bc0aa51acdfaaab,Healthy-Leaf(1399),Healthy-Leaf (1357).jpg,2
1493,c74695f5e254dd454815ffca882da4d34ec8c9104c69f41b8bce5d12cd3be359,Healthy-Leaf(1399),Healthy-Leaf (1358).jpg,2
1494,e7ebc626f0303bc80fd122052ab150e349e323d217238cf3291ccd3c51bd29a7,Healthy-Leaf(1399),Healthy-Leaf (1359).jpg,2
1495,c0a5304e55344081bc63f5b0d532c0f3ab94543c76f61874e7d6224881a8ee92,Healthy-Leaf(1399),Healthy-Leaf (136).jpg,4
1496,48f5c849bba8d0d3515a8357c96475b37f306a3226f29647e8ca8f3453a0127d,Healthy-Leaf(1399),Healthy-Leaf (1360).jpg,2
1497,6357ce275dd2f9d421cb0d10a23667626f63ca47577b6ff4c466162924c96494,Healthy-Leaf(1399),Healthy-Leaf (1361).jpg,2
1498,be283796a9d0930512eca90e2c2231b91fb89db6e82dee15374225e589d4826c,Healthy-Leaf(1399),Healthy-Leaf (1362).jpg,2
1499,f73a6204c310be7e1830f822e29f8fca819c6aa36ba45ece57303c0344de5a79,Healthy-Leaf(1399),Healthy-Leaf (1363).jpg,2
1500,b475b34592903db018a1670e9fbfd5606a12b7180b6a86b7202fd5bc717cf5d1,Healthy-Leaf(1399),Healthy-Leaf (1364).jpg,2
1501,afc6d6bf3f4c7bf83ee1f7bba0dcc17fe0c1a3eeacd34bfbdf2b6574fe35941e,Healthy-Leaf(1399),Healthy-Leaf (1365).jpg,2
1502,f4b7fd3164926b6a94868d9545350fdd4dfc8b1bbdd248ff01d4545b67336cd8,Healthy-Leaf(1399),Healthy-Leaf (1366).jpg,2
1503,15a0b06ba0b5934bd1d8365c7c99570cb322deaf4f451722df664cc45ca127e2,Healthy-Leaf(1399),Healthy-Leaf (1367).jpg,2
1504,78a0d107f18164d7f3d1c4f9d7b4cffe4a92b38fd7731604e84c95838b8215d9,Healthy-Leaf(1399),Healthy-Leaf (1368).jpg,2
1505,1e404fc49350114fd426a0b6dde537100ed492ecb5c670992bf68784fc521ecd,Healthy-Leaf(1399),Healthy-Leaf (1369).jpg,2
1506,881201fbab7e933d7c97f0c28ba6b8a5badae968607456a44a1f7a3f13c45f55,Healthy-Leaf(1399),Healthy-Leaf (137).jpg,4
1507,9925550bf7ce4c3f68befce66fa1780ee4dd20c9d7739da5612470480b369e1b,Healthy-Leaf(1399),Healthy-Leaf (1370).jpg,2
1508,375093a36809ad531f1bfb2861b94ff02226d82df1d284bedc0dfe37763ca892,Healthy-Leaf(1399),Healthy-Leaf (1371).jpg,2
1509,fb74664830f941e4f1c9d730ae8199d794c48a2c54e1ad240a4639f5a05ba27e,Healthy-Leaf(1399),Healthy-Leaf (1372).jpg,2
1510,c7a75a1ce738ca743b53a8a2b6fa444da54b0f5b2a3aea10a6ac601055a6e7b7,Healthy-Leaf(1399),Healthy-Leaf (1373).jpg,2
1511,bdd28741bdbc237aa4cade71f32c0e85f2cde0ea4b0128d580688fb39bffb276,Healthy-Leaf(1399),Healthy-Leaf (1374).jpg,2
1512,b6380dcadec02c69ab5edac1c670d3d29af35fac5c2cd27a629c041a082e9ce7,Healthy-Leaf(1399),Healthy-Leaf (1375).jpg,2
1513,b198eacad99d21f35e6ce90d233020cd857f2d620363fc4fc972163872cba812,Healthy-Leaf(1399),Healthy-Leaf (1376).jpg,2
1514,c541b3e6e6225d936cd1d93a7ebd96e6051a67b47d575135f600cecaeee520e0,Healthy-Leaf(1399),Healthy-Leaf (1377).jpg,2
1515,837d49d21a45321ce1143e239b016682f7d2a4711fc6acc382796c5b7b59ddfe,Healthy-Leaf(1399),Healthy-Leaf (1378).jpg,2
1516,aac7122aa96cc3abfcf15efcfef5675132fcb2b78ba03dabb78f6498799f759d,Healthy-Leaf(1399),Healthy-Leaf (1379).jpg,2
1517,da2dbdc9713226ab74f706cf3f000f1dbb2f9bf1115ee5cfeedc97e63b394a63,Healthy-Leaf(1399),Healthy-Leaf (138).jpg,4
1518,8c03b7d2d8541c2ea348423ca28466e718ce2b9d0baf1c10d07f13cb27b6541d,Healthy-Leaf(1399),Healthy-Leaf (1380).jpg,2
1519,494419d66a164e07a9beea27d421ae8137b188c1e26dd02310fdf3ca2c74c4c9,Healthy-Leaf(1399),Healthy-Leaf (1381).jpg,2
1520,b67ee083ad00a3ac61bacff6ff4f4d384d5ffbe95451b61fcb8a31d6cb47efd6,Healthy-Leaf(1399),Healthy-Leaf (1382).jpg,2
1521,de789f9c5ef613a44b7a8c488b1d3746567ef2160a31a32d23dfaa5336002903,Healthy-Leaf(1399),Healthy-Leaf (1383).jpg,2
1522,72d67c5b1efc2e7e2e918aea107ba2c1ef1f53983aede075774f17d52c1ee443,Healthy-Leaf(1399),Healthy-Leaf (1384).jpg,2
1523,668c77b5306219ec502468de6f1659165e67a4142be23ba9b0693375d325a0b5,Healthy-Leaf(1399),Healthy-Leaf (1385).jpg,3
1524,ee107d3005043f040924979ee97b121afdca2a6e56e0a10cf3ab11ce12de2538,Healthy-Leaf(1399),Healthy-Leaf (1386).jpg,3
1525,c0e0b0d6ff3ed19a678828b3de4e90754a337eda1dd56a98810ff04646333559,Healthy-Leaf(1399),Healthy-Leaf (1387).jpg,3
1526,9c43526fa3284a2c3bd4da9a1501c4c181b9be6c3f367672443d372ed37e60ea,Healthy-Leaf(1399),Healthy-Leaf (1388).jpg,3
1527,4844a3e4dd7cb4c9c61cc36a6e581398361f5fa1f2dc14268089103e64dc23b4,Healthy-Leaf(1399),Healthy-Leaf (1389).jpg,3
1528,a9e2481309e253df8997f83199cb34f9027675645f8be3c996c37819ffcdb15c,Healthy-Leaf(1399),Healthy-Leaf (139).jpg,3
1529,5c7264dbf382b39339f1a9a30703f5bbd016dade8a6d2c44306f72d6ef95e47b,Healthy-Leaf(1399),Healthy-Leaf (1390).jpg,3
1530,16621c0a3de19401c850b4cfd06061d4b735b78259897dd1f6cf6cb673b6cae6,Healthy-Leaf(1399),Healthy-Leaf (1391).jpg,3
1531,a677086f167bb155ca100d530b7c00c898ab7244bea409ff83721ace4cd0dc0e,Healthy-Leaf(1399),Healthy-Leaf (1392).jpg,3
1532,0fbc76318da8fdc5db4deb75c76ab53aff03608c55dab9f390599705c775aab7,Healthy-Leaf(1399),Healthy-Leaf (1393).jpg,3
1533,bd3a01564a88ab5da229edf9adc185a5ab53a2b248537b01f785fb17dee31baf,Healthy-Leaf(1399),Healthy-Leaf (1394).jpg,3
1534,95857c0561561d3384d94665da7f1a04d6d414506a32c71caf09304fdfdae0d2,Healthy-Leaf(1399),Healthy-Leaf (1395).jpg,3
1535,6a7965a4f7cf22f89c0d859c934785ce8240884b020a728b44d7eaf1f07bab27,Healthy-Leaf(1399),Healthy-Leaf (1396).jpg,3
1536,f0e9179e511616f24c6c26f88035a1904f7670cecf7f4b68837358310fdc640d,Healthy-Leaf(1399),Healthy-Leaf (1397).jpg,3
1537,e17904391631061b33cbf026a75e89c014253416d91d55951b4aa194a0cc2a9d,Healthy-Leaf(1399),Healthy-Leaf (1398).jpg,3
1538,2c3e73890397fdbfd4c93d61900fb41d3a6ff0f2b19daf5bdbd97fa6e3d8be09,Healthy-Leaf(1399),Healthy-Leaf (1399).jpg,3
1539,a7626348e86cad424227013b2e7caef03c782e0893bf10a9f5f41564eee9e6eb,Healthy-Leaf(1399),Healthy-Leaf (14).jpg,3
1540,a165aeef578ae331afbeca15f53a94835a940c4e5dc5050d0a44c78762052fd7,Healthy-Leaf(1399),Healthy-Leaf (140).JPG,0
1541,d99ea67cf326589fa0928d9d48a845d350e0cf7dce3ce8658d3b71826141e2b8,Healthy-Leaf(1399),Healthy-Leaf (141).JPG,0
1542,2684222b78f7b3fa9a34da60a321127803b327966d272ed730d207f842f9be81,Healthy-Leaf(1399),Healthy-Leaf (142).JPG,0
1543,122e1507837844b4c6bb93d75ce5eec71a58e998038d22aca31080cdbe295639,Healthy-Leaf(1399),Healthy-Leaf (143).JPG,0
1544,b331114a1251f475212eb6c10e5d4d96c0f8a6b1facc5b267da85beb94fa4589,Healthy-Leaf(1399),Healthy-Leaf (144).JPG,0
1545,d8c5365ef8619f43ff640d3074b98ad168d31a8ed229e37af7a02dafc67083d0,Healthy-Leaf(1399),Healthy-Leaf (145).JPG,0
1546,0cfe3218f9a9c024bcfd3948de85ee8b73f209a814b310f775eb296e44cc164c,Healthy-Leaf(1399),Healthy-Leaf (146).JPG,0
1547,5a9c3c544b6121b04abaa256b89cc3720485c01efc0c466e3c74cc44332b8824,Healthy-Leaf(1399),Healthy-Leaf (147).JPG,0
1548,97bd934d49c771c281d0439f0eddc11128e4f1b9603c8691db5ff8884a4856ea,Healthy-Leaf(1399),Healthy-Leaf (148).JPG,0
1549,7304f03f28f2bba5724655a63aad5a9ba60f7a5e0fd2474429d6924719604955,Healthy-Leaf(1399),Healthy-Leaf (149).JPG,0
1550,b7e52ad156eeae9ec49170b7f3fc3589b79e5209d575923e329b2e463c9ffeba,Healthy-Leaf(1399),Healthy-Leaf (15).jpg,3
1551,e93f1de324c95bc51524cc96e4af0394e0fc8c64fa950ef8c34b116988c12c42,Healthy-Leaf(1399),Healthy-Leaf (150).JPG,0
1552,f676004b36a4f94ac646b304b66f5ac5701ad4a46b39dddffbf9d1425d86e08a,Healthy-Leaf(1399),Healthy-Leaf (151).JPG,0
1553,8ef0b127d1fe1275214c0c45bd8c5c2e06b4249b703af9b078ddc4f6a4d60be3,Healthy-Leaf(1399),Healthy-Leaf (152).JPG,0
1554,1349f743f9208f1a22ab150e338dbe7d0b8df1894ece65253f5f4e9132e05618,Healthy-Leaf(1399),Healthy-Leaf (153).JPG,0
1555,79766595cac76a4c483c4007e48c5dfec223b68423c70b8a193a54767b714030,Healthy-Leaf(1399),Healthy-Leaf (154).JPG,0
1556,b6e977527495358820dd6c5db9a5053af529c7ac210a62a35ba88452c10110c8,Healthy-Leaf(1399),Healthy-Leaf (155).JPG,0
1557,9deb26c8138139d20619389e7b8a0b27847f2d45366ed273a7c14e51fc297448,Healthy-Leaf(1399),Healthy-Leaf (156).JPG,0
1558,09d22f03ed15bd95bee7ce817f58bc7339592e1a825cb65a754b930fb52a6184,Healthy-Leaf(1399),Healthy-Leaf (157).JPG,0
1559,fe5834dfe7df714a0503b0ab7c4de8db953aad7f4e27b82dde6558d9d02f81be,Healthy-Leaf(1399),Healthy-Leaf (158).JPG,0
1560,4284d26e618d08482b84175ee16ba5067e0232d128afd9d7bd072d7853ca1564,Healthy-Leaf(1399),Healthy-Leaf (159).JPG,0
1561,89416f4974e14e68383b18a6b1441d2068bd97ecaff9013730cd07d46527fd43,Healthy-Leaf(1399),Healthy-Leaf (16).jpg,3
1562,527c622920f6f9effc424d8c7efe8199776dfff86356803d1cb59c1b203a7b69,Healthy-Leaf(1399),Healthy-Leaf (160).JPG,0
1563,c2dcc4adcbeda19baec1c836c2b15f992a0672f7f17f6698c899405120322bc7,Healthy-Leaf(1399),Healthy-Leaf (161).JPG,0
1564,cac3f80a19e3e53c4da2a1496412d23ddd02b1577bd2884a07947bd3439cc962,Healthy-Leaf(1399),Healthy-Leaf (162).JPG,0
1565,a54f98377aedb683836d193b773defdb05ce3914b280aeda12f21bfb07607b9a,Healthy-Leaf(1399),Healthy-Leaf (163).JPG,0
1566,aa8f6cba607abdb29d8285b8df91e223f4896dd3174102513db62cf05be6dc1b,Healthy-Leaf(1399),Healthy-Leaf (164).JPG,0
1567,457860ae7a45439e487b388a66cf62b0584cfadc8875a3768d741d5137299f35,Healthy-Leaf(1399),Healthy-Leaf (165).JPG,0
1568,9997e8acf60bd0385538bf16c713e62cdea020bdca0e42115940dddb8139ebd0,Healthy-Leaf(1399),Healthy-Leaf (166).JPG,0
1569,ceaeb9671f138dd042d7e0ba50f501ec6011540b03faf36c719be23190541266,Healthy-Leaf(1399),Healthy-Leaf (167).JPG,0
1570,d2622473304d87ecd3ad43d8781cdb26aa1eea5c2fc2dea5ecabdee2044a60a1,Healthy-Leaf(1399),Healthy-Leaf (168).JPG,0
1571,fde88282c863a97decbbc341c76d68a0245a68cee49a13a0463f86b3ca1e5ab4,Healthy-Leaf(1399),Healthy-Leaf (169).JPG,0
1572,c82dc85af2b3c71e0c25eecef9e33556a9f973b325c62b453898be51b06ceca2,Healthy-Leaf(1399),Healthy-Leaf (17).jpg,3
1573,409790d9be9aac778e05266cea90ef2237823a97dee0fe010ffdccdca13811b0,Healthy-Leaf(1399),Healthy-Leaf (170).JPG,0
1574,4da3c4952222c156b50c04f4368b95b9d191c115521e83adf16d9e9952475682,Healthy-Leaf(1399),Healthy-Leaf (171).JPG,0
1575,d2e3491776b2bd8a34115308c03801bdcb551eaca06baa0bae1734f34c7d00fa,Healthy-Leaf(1399),Healthy-Leaf (172).JPG,0
1576,cd8977c53d78b16818cb4a31e4738e149a2cab281958edc2ee1de782d4f04c86,Healthy-Leaf(1399),Healthy-Leaf (173).JPG,0
1577,eddaf2d7536756a13d0429256fc27dc24110032862cb32c5b5f9cfaa73da4a5c,Healthy-Leaf(1399),Healthy-Leaf (174).JPG,0
1578,cce8bd05fcbdbe96abb598845fd5410ffca08e10209442aacdde208e5f29082d,Healthy-Leaf(1399),Healthy-Leaf (175).JPG,0
1579,9f2674aa3e885c7201bde8715124cc2a41b517268a1852d98d60913a531ba0bb,Healthy-Leaf(1399),Healthy-Leaf (176).JPG,0
1580,8eab91cee32bca578e5671f1fdf54062d62c2b12de1f4bc136af9ba7641744d0,Healthy-Leaf(1399),Healthy-Leaf (177).JPG,0
1581,5a36eb5187a44c0b29b44e74227f80058ba9dd5900176c4c00ab0bbb1cfad181,Healthy-Leaf(1399),Healthy-Leaf (178).JPG,0
1582,d7980bb9c87e2b26067a1eda646aaa6ce82e9ed5d82443f74f7622cfdc6b54a3,Healthy-Leaf(1399),Healthy-Leaf (179).JPG,0
1583,c5b0bc92456c0c9f7c8a3d6ee2bdf28a4ff2d868d062b86f46462d1feebdc03c,Healthy-Leaf(1399),Healthy-Leaf (18).jpg,3
1584,68bcba5047bc57e94a6c7a5b5a7d04a5ad9c2921bc5cdb209cddca65daa1940e,Healthy-Leaf(1399),Healthy-Leaf (180).JPG,0
1585,74c66e41fe6bd129edff9605ea11b8e4b22887fc90cf659239106aefcebbebfe,Healthy-Leaf(1399),Healthy-Leaf (181).JPG,0
1586,beaaec046e31b010e944920da5af818fa1f34e9fe579846b0e51360ad9d49d17,Healthy-Leaf(1399),Healthy-Leaf (182).JPG,0
1587,43cbcf3898a5c03b1ec204f0ce65d7756b069b755fe1d6c779ce1d930d7207bc,Healthy-Leaf(1399),Healthy-Leaf (183).JPG,0
1588,a7932ac1d856e7ba64d67eb4fbfdb3796ffb0cb96f38e001a2d5a71903330ba0,Healthy-Leaf(1399),Healthy-Leaf (184).JPG,3
1589,4284ebd874f260d4cdefd05d20e92e63dd8fd674bf219dd4a9c33f86b3e3f1b3,Healthy-Leaf(1399),Healthy-Leaf (185).JPG,3
1590,25abd2cfb8fd585fda959f705c4a58544768338a6f15f19da8cfdc401413dfc0,Healthy-Leaf(1399),Healthy-Leaf (186).JPG,3
1591,93a710095f189bdc21e51cb6afba84bfffa03660feb78bbcfe0ac4e0b99a5d8b,Healthy-Leaf(1399),Healthy-Leaf (187).JPG,0
1592,8d523b00a6f07e9edf724dafbadd87b12e3ab67472baf990bfda020560bad293,Healthy-Leaf(1399),Healthy-Leaf (188).JPG,0
1593,b2ee05c4c5ea5890bcdfcdaf0920fbb48064103e8a3e213d4893901c36024a30,Healthy-Leaf(1399),Healthy-Leaf (189).JPG,3
1594,823bccc4a7d10757cb738ef5f5451269726e799e6f5d6cc89de5dda85860c4e1,Healthy-Leaf(1399),Healthy-Leaf (19).jpg,0
1595,70b73ff0b61cf7de0f5885a01c9f6cd01f7680982f87ffdbc558697bcb1efe71,Healthy-Leaf(1399),Healthy-Leaf (190).JPG,0
1596,29bd0e53767ffafa8c0d76533236683d61451d7f591fcac9d917950089826b61,Healthy-Leaf(1399),Healthy-Leaf (191).JPG,3
1597,bd18231b687535ee633bab0ec822040336af7740e101a424124873ccb9cd6072,Healthy-Leaf(1399),Healthy-Leaf (192).JPG,0
1598,cbc230d5331dfb4a591ed33e91223e720688e72d31694326a6b2b87968a4d208,Healthy-Leaf(1399),Healthy-Leaf (193).JPG,0
1599,b5f15e919aede28ac0f09e991e43c87db285a85b516e09270f06fe4394fcb33e,Healthy-Leaf(1399),Healthy-Leaf (194).JPG,0
1600,4a9a563f8df272f06b7707a073c6c2df3d8c89d9d885afd90b1b4d13273b2cf4,Healthy-Leaf(1399),Healthy-Leaf (195).JPG,3
1601,a4f08cd24641df040f75a7dc5515b7c0a3360246f9940fc8441d15ea4a52c839,Healthy-Leaf(1399),Healthy-Leaf (196).JPG,0
1602,7a2afd9583e93e84630ae8209ef0053c7e9ec6b55fad02ae05a19e44442c18ad,Healthy-Leaf(1399),Healthy-Leaf (197).JPG,0
1603,c7be10b59cc23c0950bdd9bfffad28b26aba6abb347e091539a10464c38dab15,Healthy-Leaf(1399),Healthy-Leaf (198).JPG,0
1604,2477458991171182830cb44e60a6c4dfd6f88c8a6394d15c72e76fc7de81ffcf,Healthy-Leaf(1399),Healthy-Leaf (199).JPG,0
1605,e98837244dc2ea21a677ff27dbb3f8f7ad1ccb40fbb943d6b0fff82fcffbad28,Healthy-Leaf(1399),Healthy-Leaf (2).jpg,3
1606,ef93f66d1c1bd965acfe2d6c452ca68ec2f0153cee4e8a7e02c3c64d6f41bb7e,Healthy-Leaf(1399),Healthy-Leaf (20).jpg,3
1607,275002c06be8c8ea7c1356aef3c91c6f8bdbb85dfe12c4e33fc4841ecb3ebed6,Healthy-Leaf(1399),Healthy-Leaf (200).JPG,0
1608,b9049361a62be24fded417440010072ee0bc1b4ae9d5a7b1610aa626268e6562,Healthy-Leaf(1399),Healthy-Leaf (201).JPG,3
1609,8ec66675d0321c111f514563eee75e76a8cef828b5bea12028d4d77c0592e84d,Healthy-Leaf(1399),Healthy-Leaf (202).JPG,3
1610,24313d550ca8706f57da3458c53baba729321690d58efed8773a1dfea7c2f2fc,Healthy-Leaf(1399),Healthy-Leaf (203).JPG,3
1611,bbdad77b37d37c3bd1a4db7e00b97eee191fb882e899213681bb6f292daaa689,Healthy-Leaf(1399),Healthy-Leaf (204).JPG,0
1612,33f3c32d120ffcc388fe01c4197ce303864d5085a00ba193697353d198d0b1e8,Healthy-Leaf(1399),Healthy-Leaf (205).JPG,0
1613,f43c45c6a0f7116efda724facc4a9b3f8ff45bcc3f0e22853baa7312053ad866,Healthy-Leaf(1399),Healthy-Leaf (206).JPG,3
1614,df7d9cd4c3278ae8182aa90f95771f907e152e899cb6d7cfbc13a2a1e6b8600d,Healthy-Leaf(1399),Healthy-Leaf (207).JPG,3
1615,e6d787aa3bb141d99075c57708ccdd84b7e9e1a291285e1f4e118558e30764a3,Healthy-Leaf(1399),Healthy-Leaf (208).JPG,0
1616,04ad7378fd69514d2ea4037ae1465977c8ed15d6f7712d47d2a942c8bc6c6935,Healthy-Leaf(1399),Healthy-Leaf (209).JPG,0
1617,f27a593b7c8b4a1e0a2d2be292d8642806c5e12a58aa0b96521b5022a5479937,Healthy-Leaf(1399),Healthy-Leaf (21).jpg,3
1618,833b6b211a346182bc3860659900c789ca5ade84c34cd9de50220072acc85fdc,Healthy-Leaf(1399),Healthy-Leaf (210).JPG,0
1619,ed23c7269bf64489b535c89cdd9bcdac8ffcfee59fcc31d797784ce9a0198b82,Healthy-Leaf(1399),Healthy-Leaf (211).JPG,0
1620,e044ccd19e91a9e107fe734e09d07801b21223aa1f07fd3bba87ce24f93f14f7,Healthy-Leaf(1399),Healthy-Leaf (212).JPG,0
1621,0d136844edf45bfaec186191539f2192e75e035795a67177f1aeef147b2ebd5d,Healthy-Leaf(1399),Healthy-Leaf (213).JPG,0
1622,c0ece39350a44942f06188301d27ca292def69211d2ad630fa3ee8661a40c786,Healthy-Leaf(1399),Healthy-Leaf (214).JPG,0
1623,bf6d541b0d1291128c3915c1ad6689af92b95cb4f40cf0771cef7f6c41019b72,Healthy-Leaf(1399),Healthy-Leaf (215).JPG,0
1624,7f57443ab0d9ba80ffd5bc535cf5f18327046bf4e32ed4c268d393401b406f1c,Healthy-Leaf(1399),Healthy-Leaf (216).JPG,0
1625,a8f25b87d55ce18aede36603871b6db9cb05ae1cbb73768b1da83d2e59b7ac5c,Healthy-Leaf(1399),Healthy-Leaf (217).JPG,0
1626,88f6469edeb20227c887fc445699553d44e94ab041e9aa79edeec5eec2623e1f,Healthy-Leaf(1399),Healthy-Leaf (218).JPG,0
1627,556d9d4ce58f8bf0c4cf5d003a26de7435739d52153801d021e49b76a1786283,Healthy-Leaf(1399),Healthy-Leaf (219).JPG,0
1628,6b076c038abf2a1630cf71ea575156d18d5ae6eb3d92c2a5116cdd1a1ffee0c0,Healthy-Leaf(1399),Healthy-Leaf (22).jpg,3
1629,afde4c08233a8d7bd7ba6a05c90292817add9c7868bbe1d72b81bba8b6bae9d5,Healthy-Leaf(1399),Healthy-Leaf (220).JPG,0
1630,5dcadcb37662fa2d1112e8f3992eeb5c91213d7a987645ff66722fbdc650526e,Healthy-Leaf(1399),Healthy-Leaf (221).JPG,0
1631,b3d354b258cc82bbe353b801850fa38228f2bcb582203e33fd67db88902a66b0,Healthy-Leaf(1399),Healthy-Leaf (222).JPG,0
1632,1f5963bd48239b7073e0edb6767070b2e747b27feed7dc1582af5fbc63645616,Healthy-Leaf(1399),Healthy-Leaf (223).JPG,0
1633,b9a628e787eabba99ab1d69c450d50001ec1edeae68f327bd84a4c982dbb6945,Healthy-Leaf(1399),Healthy-Leaf (224).JPG,0
1634,c0e929925274ea84658730873e293d056951d74a8d426fd27d1e006d265bbb6e,Healthy-Leaf(1399),Healthy-Leaf (225).JPG,0
1635,a721ca31d18ddeaa0b9a6e1b86001056507b400faa3986905d55c99f45d4b409,Healthy-Leaf(1399),Healthy-Leaf (226).JPG,0
1636,4c7300ec31d58a4007e7cc6b218beea881029b42f278e9403af25c12bf49bd62,Healthy-Leaf(1399),Healthy-Leaf (227).JPG,0
1637,10fddea2f9be969dd0e3b9e65c173bf88d444b0ecbee1ed339db2976a74ad377,Healthy-Leaf(1399),Healthy-Leaf (228).JPG,0
1638,9fb5dbf22b4890f5ac50e7c24a7e0ac7dff9617c14fd898add940ad129c7ef8e,Healthy-Leaf(1399),Healthy-Leaf (229).JPG,3
1639,9926a72c6097b3f56576f32fec512e095c9d862e537609f1bf863294c6fa6cc0,Healthy-Leaf(1399),Healthy-Leaf (23).jpg,3
1640,1ae80e95ff919970e263606d36e30cbbbf4b5da9ded5062ae0e0d455dd0e0322,Healthy-Leaf(1399),Healthy-Leaf (230).JPG,3
1641,1f04fffd93142da22049a00cbbeacbf53d9b500ff9ee1523c4ede5b209c3050e,Healthy-Leaf(1399),Healthy-Leaf (231).JPG,0
1642,28ec3be91424e4bd0e5459d04ca5d5bd0e24f26392d2331e3a6bbee252e053ad,Healthy-Leaf(1399),Healthy-Leaf (232).JPG,0
1643,1c5a4a748717abd20b389ee94b179b221b092dde4b1726254d65676676764381,Healthy-Leaf(1399),Healthy-Leaf (233).JPG,0
1644,598d5b995e288cd385508366291a6b4df3cbbdfe3d2a1762f776af00d0a34b0a,Healthy-Leaf(1399),Healthy-Leaf (234).JPG,0
1645,5619584205fa98910e811f90d30dc954665c7ef0795b7611ca4d7190d8516f01,Healthy-Leaf(1399),Healthy-Leaf (235).JPG,0
1646,0e8dbcd41986fa6bf0e9695f4694e205cf46a881935d300ba07923c2da3bf56e,Healthy-Leaf(1399),Healthy-Leaf (236).JPG,0
1647,96ac766dda18328ef239ed01b483ad94b1d443acca2e6f674a82766dd481d4ec,Healthy-Leaf(1399),Healthy-Leaf (237).JPG,0
1648,d5f12e11fe05c79e7e92c620044a3851c546f4612221e10f3126d479627c1615,Healthy-Leaf(1399),Healthy-Leaf (238).JPG,3
1649,15e88749961af803aa141f15bca213468f26830c9adc9bfc0f2a94428f9c3285,Healthy-Leaf(1399),Healthy-Leaf (239).JPG,0
1650,c14ae350a87588543f73a812e945417da45448a85c1cbc694127d97146624258,Healthy-Leaf(1399),Healthy-Leaf (24).jpg,3
1651,9c98b8ab85b83ff61d505c5a5cdf5bc92f9d18a532e6a9d8b865fbd68564415c,Healthy-Leaf(1399),Healthy-Leaf (240).JPG,0
1652,f5c274c969d405f131a3b3ce24f15a9612aa976e7870c97daf60e8cc53aa1dab,Healthy-Leaf(1399),Healthy-Leaf (241).JPG,0
1653,ac828175420e149564ade8be6eccb62d16143c9941c94db9a6cc61227838a874,Healthy-Leaf(1399),Healthy-Leaf (242).JPG,0
1654,9d9c08137aa268019570213bb18a7f0dba7d5c5ea83c5b8477dd3654a004b6f0,Healthy-Leaf(1399),Healthy-Leaf (243).JPG,0
1655,ea2b57932a118fb990a807030121c8fbdcd5ec567df43fdfe838a0a573f3126e,Healthy-Leaf(1399),Healthy-Leaf (244).JPG,0
1656,73ae1b1d482d53af5e675f5297d8e5f54712d348cbe636bf396cfdc953b7c098,Healthy-Leaf(1399),Healthy-Leaf (245).JPG,0
1657,ef5a647a70b036b0469a59f0b35b3f3cc990bf88be538564fbbe205abbff02d5,Healthy-Leaf(1399),Healthy-Leaf (246).JPG,0
1658,371c1112714d71cc0dd0960a9e5384455cc22dbed8a2dfd256a4cc13e633764f,Healthy-Leaf(1399),Healthy-Leaf (247).JPG,0
1659,b510c1b10a2c09896fef07d4302e97fc635959ec23c17b95c44407cf3e4a9421,Healthy-Leaf(1399),Healthy-Leaf (248).JPG,0
1660,a17890c8cea997f1c35fdc429a5037962f3170d9f91abf78d39aac4006a7ed7c,Healthy-Leaf(1399),Healthy-Leaf (249).JPG,3
1661,4bf28b68277e7e6fc1d47feccd601dff5e2ed5b8444cab13725e1e0c8becd1f4,Healthy-Leaf(1399),Healthy-Leaf (25).jpg,3
1662,33dbb5c3fa1aebbced02f7eaae4153ed8aa116367d1191bf6b1286be3884dd41,Healthy-Leaf(1399),Healthy-Leaf (250).JPG,0
1663,a0a9f925a2854d2dcd227f06c3e47332911ad3ab12daae3e7ba42e9bb5b146ba,Healthy-Leaf(1399),Healthy-Leaf (251).JPG,0
1664,69c8033ced784efd14a512e1a8e4266ff59c4c645ac59c0ce8523f0f209f4c4f,Healthy-Leaf(1399),Healthy-Leaf (252).JPG,0
1665,f23fb366115bcf73ff582b7301a48ce9313ee5a0a1972daf9e6cfe841ef6150e,Healthy-Leaf(1399),Healthy-Leaf (253).JPG,0
1666,cfad373b61f0c1d1de09b189736cdb1df9c5571188299c55089f101bddfc8c3c,Healthy-Leaf(1399),Healthy-Leaf (254).JPG,0
1667,3e7667e72632ef9859a1f9434d01368004cbdbfc5d08fade603ab7be18ed528d,Healthy-Leaf(1399),Healthy-Leaf (255).JPG,0
1668,85049d2fdd2f69fd5937f545d52115ac354666dd5dbe84fcd6d9b962a6862555,Healthy-Leaf(1399),Healthy-Leaf (256).JPG,0
1669,79075f051c984107b5f62fc1a24f56ff6e5cd9c8c72b82dc5af26dd195447d44,Healthy-Leaf(1399),Healthy-Leaf (257).JPG,0
1670,946cf7da43150cda4e025533b28388748b5c4fc4787153ac1bcf2f1a1692b922,Healthy-Leaf(1399),Healthy-Leaf (258).JPG,0
1671,6f264278c0bb68bacf169392b63c5db60d7b8698977f551b6b71d5f0fb17abff,Healthy-Leaf(1399),Healthy-Leaf (259).JPG,0
1672,00c4f884eb6cc5f77fa5c3bbb690ee78f7d8037f1a01b509d2fc4ffc4ddadc6e,Healthy-Leaf(1399),Healthy-Leaf (26).jpg,3
1673,facdec94256f8b84e961258efeec54709e068ca943a28681c3f41e3c3bee9b4b,Healthy-Leaf(1399),Healthy-Leaf (260).JPG,3
1674,a067298f6fd02ff35ab38ae86ac2807fb835fc7ece1be08aaf93523a7bc81b47,Healthy-Leaf(1399),Healthy-Leaf (261).JPG,3
1675,2393a37af45dba2167d74d96eb9fa0a40ccb1108709debcd45fa848a030218d2,Healthy-Leaf(1399),Healthy-Leaf (262).JPG,0
1676,05737221e327cbcbd5cc823e63324d4e2ae91a7dff78668b45935599853adca3,Healthy-Leaf(1399),Healthy-Leaf (263).JPG,0
1677,68fe8ab76bb127d7e5abdfb80deb04f0bc91b92acd62a8ad0f889350d12b4767,Healthy-Leaf(1399),Healthy-Leaf (264).JPG,0
1678,9e8ad2c59fe01d670d8e74489d3fc6dbd90d520408f71feaab76502bafd29ddb,Healthy-Leaf(1399),Healthy-Leaf (265).JPG,0
1679,0ca9bafcd165d5177ab23ab18ba0b3cb875a48412702a4a1c80c0ee03ad88f49,Healthy-Leaf(1399),Healthy-Leaf (266).JPG,0
1680,39085c485025d734d0b33b794a0a240b2ff8316af491e2650bb79d388b916f70,Healthy-Leaf(1399),Healthy-Leaf (267).JPG,3
1681,cb0846e8a6ca584e0d0fd78bf3ad5715e65de6f8ce17ee1bb696ded64e7c7420,Healthy-Leaf(1399),Healthy-Leaf (268).JPG,0
1682,ebf75750607957c2a14d37e1a7e6343f7456e4a1b985dbbfe5de28036f7ce363,Healthy-Leaf(1399),Healthy-Leaf (269).JPG,0
1683,4067052f80f78862dd6db0366151eae82db01eee9e13f378ae8b2ade73dfac3f,Healthy-Leaf(1399),Healthy-Leaf (27).jpg,3
1684,79a9290dbb41cfe74eb70d2d106ad2bec1bceecfe4be9d233ff0660db2027d5b,Healthy-Leaf(1399),Healthy-Leaf (270).jpg,4
1685,64d987df36c88d051477456f901be3dfaadce7a7887efce7df8b1b9a39efc11e,Healthy-Leaf(1399),Healthy-Leaf (271).jpg,4
1686,39113786c2f04f82a874ae297cb35734ccba9ab8bbad69be799fa824d5c8dc85,Healthy-Leaf(1399),Healthy-Leaf (272).jpg,4
1687,85c6178f67b2380ba3540b801bccd54e66039f2f8bac8e885497857c1f9fa040,Healthy-Leaf(1399),Healthy-Leaf (273).jpg,4
1688,0c74ffff324eef449993bd4b17863d4e16787b08c6a159d76c954a48b66dc2bd,Healthy-Leaf(1399),Healthy-Leaf (274).jpg,4
1689,574d3d3a99ac4444c67d90b3472e9b05359d977947ff66a9ef9882d029053285,Healthy-Leaf(1399),Healthy-Leaf (275).jpg,4
1690,f55626d736b8c832ae3950286f2e33883633bd05bedd3cc33586879bf30ea585,Healthy-Leaf(1399),Healthy-Leaf (276).jpg,4
1691,0354503b0b15eb8d947aed200327e83c208ae7e51cc1ce3a1f8d15c21fc61b51,Healthy-Leaf(1399),Healthy-Leaf (277).jpg,4
1692,6719aac13fe4aa27d787fceb018a183a64b154c111f6d032018b757876716458,Healthy-Leaf(1399),Healthy-Leaf (278).jpg,3
1693,1d182a507005cba3e4823a2f19f2c0321b705136fa189751cb4204a2b5e31595,Healthy-Leaf(1399),Healthy-Leaf (279).jpg,4
1694,6765965dd26cc40ee7355c7094144031d2874c909fb6d11803a07098480f1907,Healthy-Leaf(1399),Healthy-Leaf (28).jpg,3
1695,d4c60ac827b4001a08f480ebf3cb9a7628b9506818d0248ab0c2bc104fcc8614,Healthy-Leaf(1399),Healthy-Leaf (280).jpg,3
1696,594f2641f14a25116f0bc5160c0a00c8e5de0d18c0779c1215215ce8054b1631,Healthy-Leaf(1399),Healthy-Leaf (281).jpg,4
1697,af3bddd377c9864b5ed4ac84f3e37a6e867ec130230e97ce41e44494cb569bb9,Healthy-Leaf(1399),Healthy-Leaf (282).jpg,4
1698,0a2556b4cc7ac4ea40fcb0f5e3c9c652a2d0dcc1af263b4ebd3a7b68b6a6293a,Healthy-Leaf(1399),Healthy-Leaf (283).jpg,3
1699,2e6d053712c801e4e4ee6eea1800b8b8dfb2e3208d88625baa97d731b3299d98,Healthy-Leaf(1399),Healthy-Leaf (284).jpg,4
1700,016d2b76be6836f6f3a7a6812ae1714d890547f375903c7022214ee6c6b0bfb9,Healthy-Leaf(1399),Healthy-Leaf (285).jpg,4
1701,eb2da52c20c7da7bc3fd1aecce9ab3312be4d7ec8b7ec6368c78850eab84839b,Healthy-Leaf(1399),Healthy-Leaf (286).jpg,0
1702,849b71b64fce830624e6c04ff46ae8e3f420bfe164a73563777cddf738ede441,Healthy-Leaf(1399),Healthy-Leaf (287).jpg,4
1703,d218a8a3906962dbf28744f9c6961bf9a8e0a498bb0b20e1bb417e215207c1e8,Healthy-Leaf(1399),Healthy-Leaf (288).jpg,4
1704,2d967b8b75604e628c4416abc0ee81f21deb625cba6f78da24dea770f43dca35,Healthy-Leaf(1399),Healthy-Leaf (289).jpg,4
1705,262d18ed982fbf7a0b497c5f6f9e66d2bea3e00c482dc7df5c87937fe2a82c93,Healthy-Leaf(1399),Healthy-Leaf (29).jpg,3
1706,f962fb8180e5173dc6439b56e27cb78b945e8300ba79c61fe7cdbe831259efdf,Healthy-Leaf(1399),Healthy-Leaf (290).jpg,4
1707,51aa2a66bd9da1802a5dc1b30ceacce70c64300eb04a63de1c376a380f08cc97,Healthy-Leaf(1399),Healthy-Leaf (291).jpg,4
1708,1ddb40f69d747569fbe4ff13628e8bd9ea4ff49df9a928e0db394f48e1cadb78,Healthy-Leaf(1399),Healthy-Leaf (292).jpg,4
1709,718b9f3930293df9b366f9ce17b9510e02559c5b15dab5f19832ee7dcc9ec86f,Healthy-Leaf(1399),Healthy-Leaf (293).jpg,4
1710,65bbb5cb5a3500b5b67eb6a303dcc3d0add8773408d6113eebd195e56d8af5e4,Healthy-Leaf(1399),Healthy-Leaf (294).jpg,4
1711,643ad163c35fd1c9f62cff3f63b7e1e80e1c8be8308608da8bffb1fdcccc27e9,Healthy-Leaf(1399),Healthy-Leaf (295).jpg,4
1712,3aaa5ed61fb709cdf2f08fbc2390863cd891695b70b7fad00d8dbb007ea5e4df,Healthy-Leaf(1399),Healthy-Leaf (296).jpg,4
1713,6b25102b03b2abaa53401457f204ba9f5f9d771395000b692d5402518c678510,Healthy-Leaf(1399),Healthy-Leaf (297).jpg,4
1714,d3ae11ba7886bcf241f4454d94d1fee079c6201b825150ef1afce73746e7396b,Healthy-Leaf(1399),Healthy-Leaf (298).jpg,4
1715,08d4247e51a1be0a578bf75dd6a380c538415d1e0d909ab3f5d9c52494714464,Healthy-Leaf(1399),Healthy-Leaf (299).jpg,4
1716,623c769391f0fbcc048506bc047d045f9c18bfa8fc98c12f5fe0f4ac12153863,Healthy-Leaf(1399),Healthy-Leaf (3).jpg,3
1717,5393834c3915b7deac22cb6a67ce7206cebbc755a9367ca79b5641dae3e254b4,Healthy-Leaf(1399),Healthy-Leaf (30).jpg,0
1718,3ce32c8454409095290107d01d7bafcc1201d872a4ceb5b1c05891d6a2e3c7a5,Healthy-Leaf(1399),Healthy-Leaf (300).jpg,0
1719,94554ef311d4156e9bdbe901129fc85ced50d261327108f88d698dbb4b6c90ab,Healthy-Leaf(1399),Healthy-Leaf (301).jpg,0
1720,fd1d7cbc8e71a6a9612e75efd2b5109f4a67ffea46328fa90132543dc46dca82,Healthy-Leaf(1399),Healthy-Leaf (302).jpg,3
1721,ec8b13c81141e8f0b17166b7f15eaf98886fd6eaaefa5289495f533eb3c543e3,Healthy-Leaf(1399),Healthy-Leaf (303).jpg,3
1722,5b63356b4c383ae0bd28cb269be39ba62548c4cac403b02679247b68bd02e58d,Healthy-Leaf(1399),Healthy-Leaf (304).jpg,3
1723,f43751785f5c9ced3ba891a1da26587ab15a438794d7234b67496def73192f07,Healthy-Leaf(1399),Healthy-Leaf (305).jpg,3
1724,ef2ff3397120e0d705b334d87974c08fb6265b0a685064a2f45822638c55a4c0,Healthy-Leaf(1399),Healthy-Leaf (306).jpg,3
1725,63cfc5783f3ea85e07730910bf511905d0c7ab4142581bca5495d6561f777328,Healthy-Leaf(1399),Healthy-Leaf (307).jpg,0
1726,fbabb866737564a8215c2307cd86ccfa0fe58079d3f64e5b74ba585bd07f6b98,Healthy-Leaf(1399),Healthy-Leaf (308).jpg,3
1727,4521824d92949b9bde8f0c320ed66e5139a7e12ed1d2ce99f5a707d292a247ba,Healthy-Leaf(1399),Healthy-Leaf (309).jpg,3
1728,4ce95156e4c36dae95784809782529864a1759f5e9f9d9376a8f78b73e2a975d,Healthy-Leaf(1399),Healthy-Leaf (31).jpg,3
1729,2c463a263f07237fc98c26855387621e90c49ba5d8c44c92942e34129723fa36,Healthy-Leaf(1399),Healthy-Leaf (310).jpg,3
1730,ae4f8a97787b4fe69d9344fc02d6288f583163a1a7a86eed7d6346c1f4c5a810,Healthy-Leaf(1399),Healthy-Leaf (311).jpg,3
1731,1ff714978cbce2bf93e2409e7525025fe4171d67831659da6ad0e0a254292212,Healthy-Leaf(1399),Healthy-Leaf (312).jpg,3
1732,330057a2937eb742d3c19ee7f404a7abf4e3bfc777a439844b533dde63707b14,Healthy-Leaf(1399),Healthy-Leaf (313).jpg,0
1733,a4b984aa67d48be2ebef6ab3cc34d14342d95d60060e188c1d6fef8f114d6be8,Healthy-Leaf(1399),Healthy-Leaf (314).jpg,3
1734,3a69579f15e953675a7c1eab0c9c917901fa710a8b245e55431f961871205ec2,Healthy-Leaf(1399),Healthy-Leaf (315).jpg,3
1735,832865bb93a216f0c27af99bbf38dce27712848f653cceb0e1d8d5dacae7b14a,Healthy-Leaf(1399),Healthy-Leaf (316).jpg,3
1736,88f8a166fa2b11527e7dbcee06140a2a18994dfc309c621c5fb70bc4c80761d1,Healthy-Leaf(1399),Healthy-Leaf (317).jpg,3
1737,6831db1b62a1cabb0f0045e5c47a8328a346d2805b09da0dc650cb59fd884ace,Healthy-Leaf(1399),Healthy-Leaf (318).jpg,3
1738,62f36a47ab40473c51fe145807e2bb83258b74fc91aa096e4836f6afaf85dee7,Healthy-Leaf(1399),Healthy-Leaf (319).jpg,3
1739,1a9c5c028e26a79c3c3619f5ee3c41f0a67846d857462f850c352d128f8b3e1f,Healthy-Leaf(1399),Healthy-Leaf (32).jpg,4
1740,9db288ab16ff21919cb6737d2580dd26d17509ef30fbdd53583e522db3407354,Healthy-Leaf(1399),Healthy-Leaf (320).jpg,3
1741,07787fe1980cf0c634511cb5cd0aee3ed8d1bf464060581cced173662585764f,Healthy-Leaf(1399),Healthy-Leaf (321).jpg,3
1742,0837de0ef87f4b05951f103d4ebcd3f2d1825bd622eae9b43969d141ce382a02,Healthy-Leaf(1399),Healthy-Leaf (322).jpg,3
1743,463900ef3ca29b627c20ebd90839ca60c47c87d89980112b521662018d2512e7,Healthy-Leaf(1399),Healthy-Leaf (323).jpg,3
1744,b24e94bd9e0856596655220082d81271842ae2115b924c001efba4819813dd84,Healthy-Leaf(1399),Healthy-Leaf (324).jpg,3
1745,41e6f2c11fd11d86afee65e249615c98417b57e906be9d953d926ddb8edd3d2c,Healthy-Leaf(1399),Healthy-Leaf (325).jpg,3
1746,aec7b8f30d539200887e59492c25ff8660bc93e880be35eb4d3ee349a89f68b4,Healthy-Leaf(1399),Healthy-Leaf (326).jpg,3
1747,f1292e52e1f0b66f99612d852fad1e7dc15d6720da55fc084787a95ababe9b0a,Healthy-Leaf(1399),Healthy-Leaf (327).jpg,3
1748,1ba4984d98e45b03df17459385f31dc1cf20021b9e3bf5fad554937081b8692b,Healthy-Leaf(1399),Healthy-Leaf (328).jpg,3
1749,b2ef68277c2c9f52e405db27f62033ebff64828cc77473211e741c2dcd885bf8,Healthy-Leaf(1399),Healthy-Leaf (329).jpg,3
1750,99bc570d68ddd81e00850070e50a286f96526ca8938c3ed3e12fbf970adbd978,Healthy-Leaf(1399),Healthy-Leaf (33).jpg,4
1751,f982662fcd08f1071a26a77c0d9b84143cde2e64821dfd2c4baf52465485a620,Healthy-Leaf(1399),Healthy-Leaf (330).jpg,3
1752,fcb47a8f588b3c5a9029e21afa68a94c8fd64fd3a542d0a94b21df8a543c40f6,Healthy-Leaf(1399),Healthy-Leaf (331).jpg,3
1753,a3eb97493e41cd45d7df233450efec3e0987525c45a983e75b75a79978a9add5,Healthy-Leaf(1399),Healthy-Leaf (332).jpg,0
1754,78ced8fbe3c4b3706a1c59b6b09bb5c208c89124788403bdb98f30cf00d5bd1f,Healthy-Leaf(1399),Healthy-Leaf (333).jpg,0
1755,efce95b32b4318c9998f8066b2e4b242daa7758ebc8edb1eff68bbd6bc5db46a,Healthy-Leaf(1399),Healthy-Leaf (334).jpg,3
1756,a10143ac9db6fef54626cbe5cd7542f35ed605df7fc8b1044ce228a6e37e684e,Healthy-Leaf(1399),Healthy-Leaf (335).jpg,3
1757,a930debb8e5f82d149d5d731114b87bf92a05ffce0050efcd0ef84c097464697,Healthy-Leaf(1399),Healthy-Leaf (336).jpg,3
1758,7a59f5dc94e5c9bf753f5aebe3884ccaa5b885e227aeb515f91c6ea7e043c884,Healthy-Leaf(1399),Healthy-Leaf (337).jpg,3
1759,921ab81dd0abadfa667af165a89706270231d986a661f19541e20ddd110eb375,Healthy-Leaf(1399),Healthy-Leaf (338).jpg,3
1760,d98ff391796841e3bfc27d605ab3c91a1ec1267e7cfcbb5acde29efbf19ab606,Healthy-Leaf(1399),Healthy-Leaf (339).jpg,3
1761,c2a9c089551e30561615bbe885ac5187e80d84502581e05f428c6b0d889c5c45,Healthy-Leaf(1399),Healthy-Leaf (34).jpg,0
1762,b3911cd15a275863462682be42ef4af784a85ffc00f0f257fddb3454a0c74ee2,Healthy-Leaf(1399),Healthy-Leaf (340).jpg,3
1763,021f7d60a352812cd742048d41683be8c74a3bdb8ca7259233be89c01ceee4f3,Healthy-Leaf(1399),Healthy-Leaf (341).jpg,3
1764,1073b891bc45792b19cd17d602e115411894d2d848ea2dcdccfbf047ae2bd82d,Healthy-Leaf(1399),Healthy-Leaf (342).jpg,3
1765,2837fcda85013a4df4f823d3bb1c5bbb6ae27f5386d0abfed1bc0ce256adfdf4,Healthy-Leaf(1399),Healthy-Leaf (343).jpg,3
1766,9d7f257ffb99aecce1fc75973694332f383e23f58530a1efea133328eabdd3f5,Healthy-Leaf(1399),Healthy-Leaf (344).jpg,3
1767,c1aaed6d0d257af05743f009b535fbd184345dfc64b375c745dd01430e140b6b,Healthy-Leaf(1399),Healthy-Leaf (345).jpg,3
1768,3bbd4062ad8219ca80ecc8f8c4cfc8876984938d0c36d8902efb670b46e3e59a,Healthy-Leaf(1399),Healthy-Leaf (346).jpg,0
1769,1cfb1121447349f96e5c76d8e5db3a2372e598b52ecedf8f3c305b3b3721fb56,Healthy-Leaf(1399),Healthy-Leaf (347).jpg,3
1770,b1ce18ca06d7f34ef3251e40037f113b93194a1ab5be214153a1d5ce59c3e092,Healthy-Leaf(1399),Healthy-Leaf (348).jpg,3
1771,4566513ceb7f8739243c9161986c77a138e5e71ba307d11a4ebc42b6adc9bc7b,Healthy-Leaf(1399),Healthy-Leaf (349).jpg,3
1772,72ec7a852a81a488a9b2c5a68463edaeff1ac74607d809ce857bda052bb5f123,Healthy-Leaf(1399),Healthy-Leaf (35).jpg,3
1773,4f7a4683df281a9492a652d6a4e2bf474ed28c405568816a2048561c90b9e4fe,Healthy-Leaf(1399),Healthy-Leaf (350).jpg,0
1774,2b0b472e94ed88ad653e9e08b99a1ee2c67dc24544c649ddc20d1018c0caed69,Healthy-Leaf(1399),Healthy-Leaf (351).jpg,3
1775,7b65182ae57ec3eb0535fd7d3c130e9c7448cc95abeb468b92b75abd6f91b8f0,Healthy-Leaf(1399),Healthy-Leaf (352).jpg,3
1776,7f1207288d9ac4a461df546ceb905b104faff6d9c773b1374fba5f32cc3af95a,Healthy-Leaf(1399),Healthy-Leaf (353).jpg,3
1777,b20c015a4850e64e94afd4bbd08237d2cd125a9b2985eabd5b99aecaecd9604f,Healthy-Leaf(1399),Healthy-Leaf (354).jpg,3
1778,c677bc6acf391a5f353b191c38aa0cf65bdc3e1078d2dd4c7dd9ddbe6c61efeb,Healthy-Leaf(1399),Healthy-Leaf (355).jpg,3
1779,2517c8716316db4006a43b9ad83411efdd8cfb7cce73840f86fd7ddeb598d0ea,Healthy-Leaf(1399),Healthy-Leaf (356).jpg,3
1780,53015cd09ebb7d006706ec29b3f8b911c5eb90a5cb5183e130c97ecf4d78c664,Healthy-Leaf(1399),Healthy-Leaf (357).jpg,3
1781,4b0a8255a62e54696bd1599a273f626b507363a9184bb13fea5de3c3ecba72c6,Healthy-Leaf(1399),Healthy-Leaf (358).jpg,3
1782,4edc59e1c3e5099714c3a3db8e618fbaca89a2020a71964274debc0d406690a6,Healthy-Leaf(1399),Healthy-Leaf (359).jpg,3
1783,92d3c3cdbd2263b0e89073da358473bc2d915522f0a542c6f4f67b53c7a5fd63,Healthy-Leaf(1399),Healthy-Leaf (36).jpg,3
1784,3bdbe8847f67fd3a853ba6e912c7b89dc19062d2681b8cdc1d8b4b0699822cbc,Healthy-Leaf(1399),Healthy-Leaf (360).jpg,3
1785,ca634482dea06452df12cf9e6b39c6658e952d1cae491dbb8fcc576396421c11,Healthy-Leaf(1399),Healthy-Leaf (361).jpg,3
1786,5b9623fb44b17f1818bb66f7b35b8bc2d84ec60f08ca4fe357068a1e46a082c9,Healthy-Leaf(1399),Healthy-Leaf (362).jpg,3
1787,bf1d4326014eabc4ef58a2ae5cfe29a74f274356d07a463b88ce76de67ae2bee,Healthy-Leaf(1399),Healthy-Leaf (363).jpg,3
1788,4178ef85504b1a1b4513080af0a6d78ef952b6ecb1a3e40dff6a2726f3df8872,Healthy-Leaf(1399),Healthy-Leaf (364).jpg,3
1789,642c5cc886e2c8aeddbb42e74a6ee8b24e5321f6178432faedf8cf810d920713,Healthy-Leaf(1399),Healthy-Leaf (365).jpg,3
1790,05f1787464016a10794189cad16b7a82143b1a311b65fc384dbf00322597a1b6,Healthy-Leaf(1399),Healthy-Leaf (366).jpg,3
1791,605863e10a6c7efd0acb9384edbcd4b4e81c5a71c7ff63b6e0be1b03a3f29f60,Healthy-Leaf(1399),Healthy-Leaf (367).jpg,3
1792,33b1a8c66ef6bd7e86c473baf526d420a2ec83128f0fb48e9299ebdd6dab8b50,Healthy-Leaf(1399),Healthy-Leaf (368).jpg,3
1793,13bc37d7e0a5bedaae8f5167620670a6bc23d1dd7a2d69ee099b9819b8da25e1,Healthy-Leaf(1399),Healthy-Leaf (369).jpg,3
1794,08ce5d6c1d19c858a5f40a0cecb0a6d946ab86b150e08841ebdc26ba01b9ab56,Healthy-Leaf(1399),Healthy-Leaf (37).jpg,3
1795,d85c26eb498d9b89ba240a339df0c5ce0c8abba97988f267b01568d5f9dbd39c,Healthy-Leaf(1399),Healthy-Leaf (370).jpg,0
1796,aa8cf2354ebb0decc92d3cc8ad9de7eeeab9920f7414c9efd6f7579072dd645e,Healthy-Leaf(1399),Healthy-Leaf (371).jpg,0
1797,bd3f6868bb4b1522392c762cedf2970b67c647b6c267297dcf3231d52cdc481f,Healthy-Leaf(1399),Healthy-Leaf (372).jpg,3
1798,53b08cea937323c1f6f8d6be1a93ea28a88b4f8594d91f5eede9cf068faebb7d,Healthy-Leaf(1399),Healthy-Leaf (373).jpg,3
1799,8771e950963d91622ffa0d059f1a69989c1a1c977cbd817b4bac620bcf3905ce,Healthy-Leaf(1399),Healthy-Leaf (374).jpg,3
1800,e4ade5586b1bb63ee02880d95d2c7e975ef6d27c7da702ac9ca7aa4e1bb0989c,Healthy-Leaf(1399),Healthy-Leaf (375).jpg,3
1801,58ddf98c0aa36813cd5c51377ace527e1d5d61747fcdcc3807f07e85cc3315aa,Healthy-Leaf(1399),Healthy-Leaf (376).jpg,3
1802,da68598de23cca9e396168bbdb14170a69f3d22bb945eb64550a2b4625072143,Healthy-Leaf(1399),Healthy-Leaf (377).jpg,3
1803,0eb4f76f8e9cbd1ede51e9dfd1edb302de89fc430821c68d14ebacb9e257c4c3,Healthy-Leaf(1399),Healthy-Leaf (378).jpg,3
1804,e1fd1c44a8c2d669604d76073a2e1a3bb624d985fe57e7439286613cd92daffa,Healthy-Leaf(1399),Healthy-Leaf (379).jpg,3
1805,477cb2045de5ae255ed37b3adceb43c8cd38fb7729462f9440aa35daea9d9e0d,Healthy-Leaf(1399),Healthy-Leaf (38).jpg,3
1806,8fdab2304425392d1d6cb004f2f180b0ab3b4335bbb1fb9071c96fa58a87eb9f,Healthy-Leaf(1399),Healthy-Leaf (380).jpg,3
1807,c1e2412388a40814e1b7d2684c6faf918030b21f4e1adfdc13d60f7000e0b2ba,Healthy-Leaf(1399),Healthy-Leaf (381).jpg,3
1808,6c0ebb2a7bb4d56c60d00eb5714c2e2177459644c1581965dcc229fd358fa6a2,Healthy-Leaf(1399),Healthy-Leaf (382).jpg,3
1809,96288d88cd4b9110fa2f8be2032b4f0b434859be696b56b278a1c61b5abf1f06,Healthy-Leaf(1399),Healthy-Leaf (383).jpg,3
1810,9965f222ccbf473876c4f36a0b01b407ead8f3c79444bc35de45e2fe95fad989,Healthy-Leaf(1399),Healthy-Leaf (384).jpg,3
1811,b23649cdef2aeeef2877b34a18881f5ed52ff96d60db3580b1ee4ad7e994c403,Healthy-Leaf(1399),Healthy-Leaf (385).jpg,3
1812,159d14a97011017508eba6f13ad02034050c4351798ef06737529b7844fb5e91,Healthy-Leaf(1399),Healthy-Leaf (386).jpg,3
1813,b56d0f1def970c88ec52ad7a11fd3e56466217f36a70141ad7fff9ed1f007b7c,Healthy-Leaf(1399),Healthy-Leaf (387).jpg,0
1814,53ece64609e54790dfa7ec55486145e0f51c10b79ed7f40058c9dae426b70c92,Healthy-Leaf(1399),Healthy-Leaf (388).jpg,3
1815,cb12e869212791bf7b48594dc82f2acff4c9239c06043457bb49c5f30c344f16,Healthy-Leaf(1399),Healthy-Leaf (389).jpg,3
1816,e889b3fbe604b9d73bdca7d701ce4853b6bf9695bf9f7eac38a34404ef93af79,Healthy-Leaf(1399),Healthy-Leaf (39).jpg,4
1817,80e89e2cda1296df9b10014eb85878bec66a7b25b2fe67a3c1829860635413fb,Healthy-Leaf(1399),Healthy-Leaf (390).jpg,3
1818,35e742ac223ffc7f5c1d62464f82f467df34fc6a50a8e83321cea0b12fdeef19,Healthy-Leaf(1399),Healthy-Leaf (391).jpg,3
1819,0b14df8c28d96886acf749df2e86983260132e32a393502f2ca09f8babd8fb9a,Healthy-Leaf(1399),Healthy-Leaf (392).jpg,3
1820,33a4c8a462f99d7677136946beeef59a719cc6b0192e2382e0728e88cda69840,Healthy-Leaf(1399),Healthy-Leaf (393).jpg,3
1821,870d3a776d06edaa742ac83fe10b7fdfdd8c8de7bee2b3062261bf85934d8b03,Healthy-Leaf(1399),Healthy-Leaf (394).jpg,0
1822,65bfef2f3461ba5f5f788dab410f1565830721fa5f3053bdbe11838043b5feb6,Healthy-Leaf(1399),Healthy-Leaf (395).jpg,3
1823,ac05045d30110bdff0cd24c39f680e2f61711f36a1d4e8e224f276e84750c259,Healthy-Leaf(1399),Healthy-Leaf (396).jpg,3
1824,d4a72b2eecf859fbd58cfad1b8b3543c4d2a626a1ab57d421a69cee2aed7850b,Healthy-Leaf(1399),Healthy-Leaf (397).jpg,3
1825,166234ad21e6f81d3b884b96cb5a4f2eaf5ade9ed06ef3c40f4e99f82a43903c,Healthy-Leaf(1399),Healthy-Leaf (398).jpg,3
1826,b7a76ea484df07e6d1bcb8715d994274dd57bf8f1c6f7de229765cfd06ed2654,Healthy-Leaf(1399),Healthy-Leaf (399).jpg,3
1827,6655b3c602d6544c0d4bd3eac9e2631d37218e3530065ee5ea7de441fe8990d6,Healthy-Leaf(1399),Healthy-Leaf (4).jpg,0
1828,01ba17298e086e6366b7301fd93de2534f41644561c0101c135262b1336f9390,Healthy-Leaf(1399),Healthy-Leaf (40).jpg,4
1829,0ca14508117185f1d4555db24ba2779bf72d6e3700f19025500775f0cbe08af6,Healthy-Leaf(1399),Healthy-Leaf (400).jpg,3
1830,ae0b9cef4be1d03bf5746998256e6e77773a2d29f36bb75b5a2a114acd74f60d,Healthy-Leaf(1399),Healthy-Leaf (401).jpg,3
1831,14085cf887479110ae841f4401be5ff46c296fd3d47373ded47c542d5a067889,Healthy-Leaf(1399),Healthy-Leaf (402).jpg,3
1832,cf13c7473b7e3f0c07f393b4c1056770ca32c0378fcc81a91552be28fdabe5c1,Healthy-Leaf(1399),Healthy-Leaf (403).jpg,3
1833,515364bbc62ea0f3886e654b4444d7a333dbc3f171ad964992139a79a8fc11ae,Healthy-Leaf(1399),Healthy-Leaf (404).jpg,0
1834,41edc3890c12eefce04b03d954debc59b0986bfb79f61106e26874574ead91cf,Healthy-Leaf(1399),Healthy-Leaf (405).jpg,3
1835,07825d0e1bf2f0d7408b0e975a04063589eb0bb96c66a46a6b75f881118c247c,Healthy-Leaf(1399),Healthy-Leaf (406).jpg,3
1836,17007a7bb6df204f3d026c0749fdb672254a7d5587800ec67ca847200dd3a929,Healthy-Leaf(1399),Healthy-Leaf (407).jpg,3
1837,4414b6493d52befc60a57b9707e08b30eaa9c22010787e6d61bfebc895744339,Healthy-Leaf(1399),Healthy-Leaf (408).jpg,3
1838,d65e3fc50eecd73649ce1628d4b6d5af7e497dc3b562c7bdb69f5903aa96ecd9,Healthy-Leaf(1399),Healthy-Leaf (409).jpg,3
1839,ae9a1d1cf0bd7e3463df06729b4f93e0013d160f44ff3bd3ad966d38b87cf96e,Healthy-Leaf(1399),Healthy-Leaf (41).jpg,4
1840,09125c1bc08d46c2ff8f2f4d1ff0756587b84cfd54932ded41baafb9f6f63ccd,Healthy-Leaf(1399),Healthy-Leaf (410).jpg,3
1841,ef6b4a76c8a1e773f614906fde3724818c3173e3c05c743bc41dd6dcb4e9f1ed,Healthy-Leaf(1399),Healthy-Leaf (411).jpg,0
1842,365465031ce61f16a88e6f5dafe9938779d51e6ee924781e36303cceb2f5cc05,Healthy-Leaf(1399),Healthy-Leaf (412).jpg,3
1843,932c1e740443251e3f3e281e393688e89f9cf9c192076acaf32daa51f4bd8b02,Healthy-Leaf(1399),Healthy-Leaf (413).jpg,3
1844,75fb484a64a754a4bd7f411a1f7048e68fca3da567ed649a5ffe0c5b02f19f9e,Healthy-Leaf(1399),Healthy-Leaf (414).jpg,0
1845,9c1a411582503a04a63597350e93f9c4914edc5c8bbd0189dacef2295e1750c1,Healthy-Leaf(1399),Healthy-Leaf (415).jpg,3
1846,0005ea5c86f398fd30cdb534062ea308258eadce00f0df100da130bd45f388c5,Healthy-Leaf(1399),Healthy-Leaf (416).jpg,0
1847,9b0fb5a3779a6cb876e781fae544cc931c43e8dc017d8f78ddcbab574b79c94d,Healthy-Leaf(1399),Healthy-Leaf (417).jpg,0
1848,5299134b2c679ed39e030e72666c711999bdc6dcc56a0eb114d9f3b0775fe36e,Healthy-Leaf(1399),Healthy-Leaf (418).jpg,0
1849,371a293b198166a0ef97c514db16e75e3ee2e2036f6e64ca57a93a8cca4d9906,Healthy-Leaf(1399),Healthy-Leaf (419).jpg,3
1850,381186f18970a393ec7b561c642ca3f4daecd2119b2deea2ede7b1ed6c5f4a3f,Healthy-Leaf(1399),Healthy-Leaf (42).jpg,4
1851,9a3becd0cf1db40b1f46320511529e4292beba44b3f67de1d1c6da9796475b40,Healthy-Leaf(1399),Healthy-Leaf (420).jpg,3
1852,6abc68ec91418e53d9b9fc5b5f543cb5de301b39ca7ddfcd01273c9aac9ca9d4,Healthy-Leaf(1399),Healthy-Leaf (421).jpg,3
1853,c5023bbfaa33eefa069f46e603b7d460adb574cc5182408ce9534ae60facd792,Healthy-Leaf(1399),Healthy-Leaf (422).jpg,3
1854,2ef629c542c5831f82570c1b5407a70f4145946cabbb14a985fb98521fcd91cb,Healthy-Leaf(1399),Healthy-Leaf (423).jpg,3
1855,ba4b610c32a9630d17fb52b9987dab5a683241c49bf1be1e55a15226ea2bb471,Healthy-Leaf(1399),Healthy-Leaf (424).jpg,0
1856,a552745ab1d57ca78a3943a2389253168bd7b979bede8bb6b43832267cef1758,Healthy-Leaf(1399),Healthy-Leaf (425).jpg,0
1857,0cbb276bb0a0a0f34af04ce4501612bda4393ead8f2a1a59420f9fc147ca75cc,Healthy-Leaf(1399),Healthy-Leaf (426).jpg,3
1858,d183c6c387e2131a6ec75a250c9212c5b9a9407f5379f9163608fa8528981e2e,Healthy-Leaf(1399),Healthy-Leaf (427).jpg,3
1859,61919545aa2e9bb1f7092dec5bac592c5329af02fe0c3dc4c873d867a6b0730e,Healthy-Leaf(1399),Healthy-Leaf (428).jpg,3
1860,8b72d0933de223848d0a781c39316dc219f73b913cf42fd861f36537fe4f892e,Healthy-Leaf(1399),Healthy-Leaf (429).jpg,3
1861,6d9b7ae75ae91b64e770a491ccbad93550c8127d3f2e1419eb8af8433f73983f,Healthy-Leaf(1399),Healthy-Leaf (43).jpg,4
1862,84842e99bdb0e1e820c9518fd0a6f08398887a8edb0245c9aabc011f8752c544,Healthy-Leaf(1399),Healthy-Leaf (430).jpg,3
1863,619fe2e65b6eb3ea102153992e7bd307ea6b915ec0e7e23504869d92312a45fb,Healthy-Leaf(1399),Healthy-Leaf (431).jpg,3
1864,8c77ccdcb46b01cc68c6cfa9713150dd1f5a0a04217c4f6511bfe58d74600439,Healthy-Leaf(1399),Healthy-Leaf (432).jpg,3
1865,107d0a8d8831e78ac0fb7290a4904143869e6ec09d77c696e48c68096fb4f12a,Healthy-Leaf(1399),Healthy-Leaf (433).jpg,3
1866,4373f667020e8713b7cf785263b3b733b034d5ee0bee0604f0b3d7ba78a369e4,Healthy-Leaf(1399),Healthy-Leaf (434).jpg,3
1867,1f4bfd31a8474bc8c795f1cdf95d2abd4eace463ea9930b39635d1cc62092879,Healthy-Leaf(1399),Healthy-Leaf (435).jpg,3
1868,5310c818f6c58dd7b1c6f9994a2e1ab5bb68dfe347f7d8dd2da5bd7587fd36ed,Healthy-Leaf(1399),Healthy-Leaf (436).jpg,3
1869,9bf4a7a51d6600a4c384a4955b415544b2d845e2fecaec7f07fceee91ecd2045,Healthy-Leaf(1399),Healthy-Leaf (437).jpg,3
1870,ff8c6dde05b1ae6c62bdae2878460e1a4ec1b65c9159644511a8efac211de0b8,Healthy-Leaf(1399),Healthy-Leaf (438).jpg,3
1871,9d9cf6a0bda8d1442955953f10ddccabbaa5b2802a0d31c8207172d801dbe700,Healthy-Leaf(1399),Healthy-Leaf (439).jpg,3
1872,2f14bbc7ac5d3dfddd4707665181f509af5e7cce15fd384c7d061574cc1cf9b2,Healthy-Leaf(1399),Healthy-Leaf (44).jpg,4
1873,70a24de8d2899200f6c6a3eb137215d43edd9bbaf9a4bcb4aef8cafc4de90f87,Healthy-Leaf(1399),Healthy-Leaf (440).jpg,3
1874,e6ae1554ae1b2b025d66dc647a67fa06a7f1f92d3d57522547a4ab50b7d4b54f,Healthy-Leaf(1399),Healthy-Leaf (441).jpg,3
1875,dc014b52db8ba9cb6a170dc21877264e0bd50f5c1907aefa010b305b07c54a93,Healthy-Leaf(1399),Healthy-Leaf (442).jpg,0
1876,eeb115e09cbd207d6784f8f532d907471c5d3765d9ddb40fc3838a5937315c00,Healthy-Leaf(1399),Healthy-Leaf (443).jpg,3
1877,9c469b66b1d640d8c5122eb0d9c7822a0bf50d7e9740ad285aa990463d244a68,Healthy-Leaf(1399),Healthy-Leaf (444).jpg,3
1878,271de686e9c8b58e10bd8416f0efc4e5f1a86d8bc8e229857cf1eb3511076a4d,Healthy-Leaf(1399),Healthy-Leaf (445).jpg,3
1879,f288f0b8e9b002cde88bb9397bef10e8d967fb82b00f4c3df81a19256fbdf817,Healthy-Leaf(1399),Healthy-Leaf (446).jpg,3
1880,86769485e07c5277a62b5bcb9ce2d4174cb1005a7493f1f3baca4fc19603632d,Healthy-Leaf(1399),Healthy-Leaf (447).jpg,3
1881,3d780e4c836ac7a2750a6496adb663a0c5d35da2f27027545b5932b954c6c527,Healthy-Leaf(1399),Healthy-Leaf (448).jpg,3
1882,ad68fb12d81c2829690abdf309285098459334d51cd74e67edde643c6c320918,Healthy-Leaf(1399),Healthy-Leaf (449).jpg,3
1883,8a0596f15a0f3047094974b550788f955a0c40b1b70c0880324bb3ac6ed4938d,Healthy-Leaf(1399),Healthy-Leaf (45).jpg,4
1884,db9ce67e158a40b25b033b4f5288b8927a420ade1536c29c78ba24a97c095c7e,Healthy-Leaf(1399),Healthy-Leaf (450).jpg,3
1885,9b051074f77d6a444feadb30b0d61bae25f2b15680b81d0e2a641a9f30c20347,Healthy-Leaf(1399),Healthy-Leaf (451).jpg,3
1886,f98508bfd2e94ecceee8e3f9eb78ef4e69287183be4526bed50f9c5ec9a8eb4d,Healthy-Leaf(1399),Healthy-Leaf (452).jpg,3
1887,2363408be0f3b300d7a7a9be3b06317115107e9302abaecc2478d8a0eb6b1034,Healthy-Leaf(1399),Healthy-Leaf (453).jpg,3
1888,9895564bb6dc6f23fc7073b90ee3858671a4ef5c21755ee8a015bbe653b366de,Healthy-Leaf(1399),Healthy-Leaf (454).jpg,0
1889,587dfdb83150b57026f1a28f341dd20066ce81c88258abb497e8f0922e9e9c19,Healthy-Leaf(1399),Healthy-Leaf (455).jpg,3
1890,c72a4823255b8c19018d221863c2b81312b9e542bd09c661af7b2ac65fd22e65,Healthy-Leaf(1399),Healthy-Leaf (456).jpg,3
1891,3708060e8016d55cf31a2e977d07d93fefbe1689c1ea8912b3c09079839da439,Healthy-Leaf(1399),Healthy-Leaf (457).jpg,0
1892,80ccc40540b83f8e07fd1df7cf29c3802963243c02dadc0b8aaf7396a2488d4c,Healthy-Leaf(1399),Healthy-Leaf (458).jpg,3
1893,6fcc60630acb220aa896106e973b8255d27b3ca20120bfcec183ca778f0b8b94,Healthy-Leaf(1399),Healthy-Leaf (459).jpg,3
1894,5c5784278c96fda47dbd998aa557c021e85bfe2635514667cb3ea149c5634b41,Healthy-Leaf(1399),Healthy-Leaf (46).jpg,4
1895,017df46043b902977441887c39fbd3d57ae9ab42e5c4a12d4762d3a5190c4a8a,Healthy-Leaf(1399),Healthy-Leaf (460).jpg,3
1896,6d7f9e2e10a915347a2ec3cac7d0161abf60cff90bd6b73e2a0ed6e23b696148,Healthy-Leaf(1399),Healthy-Leaf (461).jpg,3
1897,fb19eca33aeb3cde2f47b6069fadcb9eef3ab15f8c8286a89b8b42a87cb4db1f,Healthy-Leaf(1399),Healthy-Leaf (462).jpg,3
1898,6e6435d63565ba965d3fc8842feaedf1b961ae8099c84d7436b2a8698c51824e,Healthy-Leaf(1399),Healthy-Leaf (463).jpg,3
1899,ca38714412c23779b19face4172e7717842f66f49f469c770a17a53b5939c916,Healthy-Leaf(1399),Healthy-Leaf (464).jpg,3
1900,c42e422248a09176d7049ebe5a7157b2c2dd1ca7fa3283082d213f4a39d995d1,Healthy-Leaf(1399),Healthy-Leaf (465).jpg,3
1901,e3888785d88ae0fca1707a592bf43e85eb49de0f11b72f81e55b4104085deb75,Healthy-Leaf(1399),Healthy-Leaf (466).jpg,0
1902,be5919123f20f152fd44e91c0c13c30f3a2117d8f405896005606636fd628cab,Healthy-Leaf(1399),Healthy-Leaf (467).jpg,0
1903,281fe8f3f8191513f3a6b5910d86c7cd6950a2116da7b210b11867b977d6d533,Healthy-Leaf(1399),Healthy-Leaf (468).jpg,3
1904,e0f59453fee3c013931adf8acf9c8a24bf1c1e468049edbf9a314bb395a3ce6c,Healthy-Leaf(1399),Healthy-Leaf (469).jpg,3
1905,165e435df82f6161b45271aa27d43095e9cc3fb6aee85d924a12081b21aff0c5,Healthy-Leaf(1399),Healthy-Leaf (47).jpg,4
1906,d9f64d8f06fc53bafa67497fda8bec67acce85bd5f261979e175352beee31539,Healthy-Leaf(1399),Healthy-Leaf (470).jpg,3
1907,7b820bc6df3ca235a74863496e02047322c4facf95934970d9cabe840ea20be3,Healthy-Leaf(1399),Healthy-Leaf (471).jpg,3
1908,ff898f6df43e3a9b9a84234d360a247ab9677ded4c948eee38ac70c1803a41f5,Healthy-Leaf(1399),Healthy-Leaf (472).jpg,3
1909,a581508578e4b6c40a70342fd0241684b09e26013096e7c011ed3b0bd38d06bc,Healthy-Leaf(1399),Healthy-Leaf (473).jpg,3
1910,093993f5c2a57197cceff13738be35ba0fc9fb74a9b894ded62ec2d976859cc4,Healthy-Leaf(1399),Healthy-Leaf (474).jpg,3
1911,3c12b227818f1a8c68a317a0c10abdc3c397019b03c6c12809fbf02a261e3b28,Healthy-Leaf(1399),Healthy-Leaf (475).jpg,3
1912,7787f44d326d61c511b37987dda7c6db3f718db1e0b79890e7d1f3654cc471e6,Healthy-Leaf(1399),Healthy-Leaf (476).jpg,3
1913,3c7553a4aab2c747488ff770b4a1b3aaf514d9054f9b3157d1d0144dbb48a8bf,Healthy-Leaf(1399),Healthy-Leaf (477).jpg,0
1914,a00c8ec541ed38175031faac3d1162d5ab72a08ac6fdf423006f0e841451ac88,Healthy-Leaf(1399),Healthy-Leaf (478).jpg,3
1915,be98ed94edb6eb540921a64de5c54adb2bc997cd7b8321d44bc542ff5e3e2c22,Healthy-Leaf(1399),Healthy-Leaf (479).jpg,3
1916,8e91d26ac1ae245a26cc5359979489da6b655aa5589551da0e2f000cbbc33bf3,Healthy-Leaf(1399),Healthy-Leaf (48).jpg,4
1917,b222489091c80e5840892da5275efb421bab694bdac73403dd0e9b675da42bca,Healthy-Leaf(1399),Healthy-Leaf (480).jpg,3
1918,e9a943e834a94c28ca6f369229eff7e6f962554c359f2201a8a21b478904232c,Healthy-Leaf(1399),Healthy-Leaf (481).jpg,3
1919,6df4e2ee1afa41d1466fff35e4fe39f99c744eda2763ef74849b19641ec7fe76,Healthy-Leaf(1399),Healthy-Leaf (482).jpg,3
1920,1fbdef158239698a2e723eb80d5756d497bcc8b83583da663c71e2942f39e5de,Healthy-Leaf(1399),Healthy-Leaf (483).jpg,3
1921,01d5c5a424c1b05b640a18d97b675d8f0b2dc868007d9b09d9fb7892a015e752,Healthy-Leaf(1399),Healthy-Leaf (484).jpg,3
1922,84dc596593e96078689ce5b81a50b9f49ac82e69952ae6c35da61cf630615f6e,Healthy-Leaf(1399),Healthy-Leaf (485).jpg,3
1923,5739eb0b0f95d3b365f91a6ab0368943b9092346e13bfebfca60fc095c7f4a86,Healthy-Leaf(1399),Healthy-Leaf (486).jpg,3
1924,1f1bce6512e336d1f8c6e88dfa3a5f958d70fe6e0ef1504a5326e0a7ff08f2cd,Healthy-Leaf(1399),Healthy-Leaf (487).jpg,3
1925,a037db83c0ca591a1596e9d1414355fab77740fdc878c0856fe7ee78d07d0279,Healthy-Leaf(1399),Healthy-Leaf (488).jpg,3
1926,f97b4dac60942c173dc2c5c3f97fcdd4747e22698d6cda83e37df4204754a9b3,Healthy-Leaf(1399),Healthy-Leaf (489).jpg,3
1927,e2eb738bd5aa6a5c73d6ba5e5c667da73cccc0456efc7047b636b0dd32d5f850,Healthy-Leaf(1399),Healthy-Leaf (49).jpg,4
1928,bb8c2a2e5f0c78e24864fa325e7f8ec8c51f3fa5fa03f31665fe6a23c2f25d8c,Healthy-Leaf(1399),Healthy-Leaf (490).jpg,3
1929,ebf4882fe70f217f87a8eb7904dfef9e7d32bd17641524f88bfc302a7d5dba2c,Healthy-Leaf(1399),Healthy-Leaf (491).jpg,3
1930,eb186aa1498d26db4e52ab479d7c2ae5fec8d2c4c245bbe8e639de28a28ad1c5,Healthy-Leaf(1399),Healthy-Leaf (492).jpg,0
1931,b0d7334b985a2de9ee64465125eca0bd45d14543c953750922f880ec398558f7,Healthy-Leaf(1399),Healthy-Leaf (493).jpg,3
1932,38f7f8959db76a5c10311bf02deddef7c16a7fc8ee72d89c3fcfa5720d984c9b,Healthy-Leaf(1399),Healthy-Leaf (494).jpg,3
1933,f52147bba792e04633b37238f2ab9abc78cbe2aeaaa92cdc77522bb66e7dcc15,Healthy-Leaf(1399),Healthy-Leaf (495).jpg,3
1934,c749487578f6b6a9fefc06443cc3baea63dfa97ec1548ee2e676228c02377f0e,Healthy-Leaf(1399),Healthy-Leaf (496).jpg,3
1935,8bbbd70f6bacd9367d4403e07bf5079db092c389b3c753e58bf1aeaa0610ff98,Healthy-Leaf(1399),Healthy-Leaf (497).jpg,3
1936,9177e7179319334d813d9bc667e4decc6dffb5926f6709b442bcfc2907f70cce,Healthy-Leaf(1399),Healthy-Leaf (498).jpg,3
1937,f243d5aeff61ed0830d5927651e07a9fae64b98a4a96b36fab378317a68db796,Healthy-Leaf(1399),Healthy-Leaf (499).jpg,3
1938,c23c4e5bf3d9797891fd61fbe75e4379fb876876bd9679cdbf1f3768acb355b3,Healthy-Leaf(1399),Healthy-Leaf (5).jpg,0
1939,75abf0d7a98a65ef434b7ef52b1bd240ed8e2a3cf58fe92a907a0558ccacb541,Healthy-Leaf(1399),Healthy-Leaf (50).jpg,4
1940,7aec850607ec517530fbf1eb7186a17e932aab23ef749357d612340cfdcc68fd,Healthy-Leaf(1399),Healthy-Leaf (500).jpg,3
1941,c6f1b9d6df9ad514a8882dc2a91d8a5f79b52d2e62e4bcbbc5b6dcb8586a1f14,Healthy-Leaf(1399),Healthy-Leaf (501).jpg,3
1942,858e001176d0e8a37dc3abd323eb680612d5a02009a030d57fc850db54416879,Healthy-Leaf(1399),Healthy-Leaf (502).jpg,3
1943,fbec80c283c4fcdad297ea9567120a5836210bc1cea267834fcc4547f3be483c,Healthy-Leaf(1399),Healthy-Leaf (503).jpg,3
1944,f2f0167f52c20bb5134e90ebbe9495f4e47cda3232ab051351dbde8a799e7ad1,Healthy-Leaf(1399),Healthy-Leaf (504).jpg,3
1945,0819116a8f927a1268ca73765c600bb1686aa2ca6c1b31353fb9c2c622b687ba,Healthy-Leaf(1399),Healthy-Leaf (505).jpg,0
1946,4ecf4295d7962794a5624736661d1198f23fd2de0b04a5694ef707b45ab83b99,Healthy-Leaf(1399),Healthy-Leaf (506).jpg,3
1947,71f518d3633d968dfb077767212f17bf8a22526efd14af686f4c83ff17b44908,Healthy-Leaf(1399),Healthy-Leaf (507).jpg,3
1948,230fc31cc567ac20ef44a21b6ccb48fb23d14231e4c64e4187774d6437e05cef,Healthy-Leaf(1399),Healthy-Leaf (508).jpg,3
1949,ce2d76ac01e13cb7b6dd08eaa0d1d7a35b66d0054feec6394185e5c21a80efe3,Healthy-Leaf(1399),Healthy-Leaf (509).jpg,3
1950,e8d31f9da300793cd87dee79059b52bcb6e1cf611edcbb23ca7330d824b3a5c9,Healthy-Leaf(1399),Healthy-Leaf (51).jpg,4
1951,a11833cb420564e3c2e436d82e0b3ca9b456507e06c3f23d53e2a04dab08084b,Healthy-Leaf(1399),Healthy-Leaf (510).jpg,3
1952,c33dec47e0d2f51c07e13c808f4edf1ef7ec677bb9f639825ad2474944ac4a62,Healthy-Leaf(1399),Healthy-Leaf (511).jpg,3
1953,61b64bf8f2b579988311a8379b9f0bc84451f889c0eda099fe4b746a43a17e87,Healthy-Leaf(1399),Healthy-Leaf (512).jpg,3
1954,e411763047d2bfe437ee7fdb966021f3a734db09ac35867e47ae5bee6838262b,Healthy-Leaf(1399),Healthy-Leaf (513).jpg,3
1955,d9f0f183667611caff2a569ab731ba91d36f33f768814f1fc8dabd7709ab0fd9,Healthy-Leaf(1399),Healthy-Leaf (514).jpg,3
1956,dc914690389d208c9c9c9a5c337470088b5eb3fc4253e32da469f93c4c5d56a4,Healthy-Leaf(1399),Healthy-Leaf (515).jpg,3
1957,ad0c658193f4366e949dc6d953817f7ddeb721c072de989cb6daa1a7dddc6a1d,Healthy-Leaf(1399),Healthy-Leaf (516).jpg,3
1958,2639f5a0b4dedbb419d0b1fcef3818e91eac4153d03a80dee7540fdb343be62e,Healthy-Leaf(1399),Healthy-Leaf (517).jpg,3
1959,5faa46e70ed5b7e2fbaebd36df9ac9a10131348106551c42849933136797d35e,Healthy-Leaf(1399),Healthy-Leaf (518).jpg,3
1960,0e24d65b32c7f5c3b0d799803f48eeb9922b942f0e14187d60909a0e46f2bfe0,Healthy-Leaf(1399),Healthy-Leaf (519).jpg,0
1961,92307e0f2f7179a2777e2ff91cb338d64b3d41a45727416b334403fd60a6a770,Healthy-Leaf(1399),Healthy-Leaf (52).jpg,4
1962,48481e91832536d7dbf435e3969a17ba1dd4f881033e4360dbab274dd82c1ef1,Healthy-Leaf(1399),Healthy-Leaf (520).jpg,3
1963,598e25eb2bd01c36beb94fb8c23ee3556424ef3998075541682760b06a5e2f62,Healthy-Leaf(1399),Healthy-Leaf (521).jpg,3
1964,d83bf0bb9c50228db2a34894c5423640c7dea1ec0280ff380b928c785dad21d3,Healthy-Leaf(1399),Healthy-Leaf (522).jpg,3
1965,1a6261881807d99b14faa5322cd18b9af8755b417d667f72fbd58d5585ac35c5,Healthy-Leaf(1399),Healthy-Leaf (523).jpg,3
1966,258b0f1ba686033535aac4924c5c87cddfa1c60e00ec97b3cf9177a97d651e3d,Healthy-Leaf(1399),Healthy-Leaf (524).jpg,3
1967,9d783fa42f1a2a18f293d448166f7597dcea570ca0620e734a232dbaba520809,Healthy-Leaf(1399),Healthy-Leaf (525).jpg,3
1968,87f0b2da07f30689f653189d4faaf3c37325325243df6381a7df1fa7a5657f75,Healthy-Leaf(1399),Healthy-Leaf (526).jpg,3
1969,ba557ccf8cc05a508b48af4e3fd54f5dbc563fa35dfb7eaea80a76cb42fac938,Healthy-Leaf(1399),Healthy-Leaf (527).jpg,3
1970,dc3aeb183b61fea4fc34a5dffd9c1f9f55acc097a7d32af0e3bddec031c2c66f,Healthy-Leaf(1399),Healthy-Leaf (528).jpg,3
1971,5116595d0d620f4e7c7e5868d94f74b8aec2acf8fc32500e053da521703685f4,Healthy-Leaf(1399),Healthy-Leaf (529).jpg,3
1972,ef12eac5d4d79fe7062716450a86a414584402393d9fa993fefeeb1e2adf38e5,Healthy-Leaf(1399),Healthy-Leaf (53).jpg,4
1973,78ae7a003223b31a8b5c7b50a4a52acc2b70e2c4ecd6289587f044473ec85df0,Healthy-Leaf(1399),Healthy-Leaf (530).jpg,3
1974,ee13cb11def5e766ace8e012eea033f345ac6a280945a749eb2ff12c5384c395,Healthy-Leaf(1399),Healthy-Leaf (531).jpg,3
1975,c7bd6ac7f2eb90a2098ae7d464cf7f2a53e29906538e4b913d5489f647d54148,Healthy-Leaf(1399),Healthy-Leaf (532).jpg,3
1976,e5dcc141322ea284e4e1ba00e013c69abe84b6091c171c0f91d5cd3763f96518,Healthy-Leaf(1399),Healthy-Leaf (533).jpg,3
1977,221c9c8fe7e2f92c1db4140db8cd4bc6db50902ec73d7fd7a191d487b990a4c5,Healthy-Leaf(1399),Healthy-Leaf (534).jpg,3
1978,a1fa61214478930bcebdd7c4c4ee358cc3bade47e764cffae4f18e384079f034,Healthy-Leaf(1399),Healthy-Leaf (535).jpg,3
1979,edac2a83b15e358045f8d85d2c33cab8f2b9fe165b56cdd1c1178bca0c2508a1,Healthy-Leaf(1399),Healthy-Leaf (536).jpg,3
1980,9e2d8f4e0c04479c1b3e19c8eea87fb11c6ec7788a771a3009fb40bd25552864,Healthy-Leaf(1399),Healthy-Leaf (537).jpg,3
1981,5331bd54ab0ef9a0e087bc2188e352df497a9f8c44b8019bcb1eeea7e4d18636,Healthy-Leaf(1399),Healthy-Leaf (538).jpg,3
1982,736c5514da50de3b43deb10d55d2393b4a297acf0adebdf110d45bf108e0a696,Healthy-Leaf(1399),Healthy-Leaf (539).jpg,3
1983,ff993daf20f17a3e398651f75b6b16a47e8ffd77edf874b935a9ec419c39cab2,Healthy-Leaf(1399),Healthy-Leaf (54).jpg,4
1984,d2a8fb328ca891e74f052138210f5a747d256b4290626f15a5e97ad72ef36cfd,Healthy-Leaf(1399),Healthy-Leaf (540).jpg,3
1985,dae9064d5aeea36769cae9a07b926a727a271ec4284165622bc6a0d8a9a99e91,Healthy-Leaf(1399),Healthy-Leaf (541).jpg,3
1986,90a8dce76f39a039e50475010156e4e5e51bc95f8115729904928ac1086615b0,Healthy-Leaf(1399),Healthy-Leaf (542).jpg,3
1987,bff4c74809d3a86a5e8c0eb1ee4a0d27ec21dd2ae516f151e83939533d50201c,Healthy-Leaf(1399),Healthy-Leaf (543).jpg,3
1988,e0696a488f8df84b08140a2f273c4945e64ce44e4c71c3e585283d07e20972c2,Healthy-Leaf(1399),Healthy-Leaf (544).jpg,3
1989,c4135958461919e4d9a359dabcad5b4a5ffc34d8ee9e948334a017594fbb2304,Healthy-Leaf(1399),Healthy-Leaf (545).jpg,3
1990,799dfc95b62a849f4cc0a92a37365deeaccf2a8fbd57e9ab03c562f765f3dc80,Healthy-Leaf(1399),Healthy-Leaf (546).jpg,0
1991,0298d5d6247e97ef1aa20d9901513bb1e2d09efd81e4e35b4073d45c66ae415d,Healthy-Leaf(1399),Healthy-Leaf (547).jpg,0
1992,1a278a4add55b4304979f8efb63d9b5e1664d5727ab63a6661bbb4ce6fea695b,Healthy-Leaf(1399),Healthy-Leaf (548).jpg,3
1993,ad5a87981a09d7c2cbc66737800d708a597df758b4721fc2e3dc9733ec30effa,Healthy-Leaf(1399),Healthy-Leaf (549).jpg,3
1994,4775c93216531ea9d91616fe2ac897fdff89e1879bcfb2a3b4c53c34f8ec5e27,Healthy-Leaf(1399),Healthy-Leaf (55).jpg,4
1995,c623aac057be8741ff3717a80abca3131fa9ad46e7602ef8aaa436d8188e644a,Healthy-Leaf(1399),Healthy-Leaf (550).jpg,3
1996,313781b081263e11df7db7222be2fc45971810cae743227df5cd30da87765b64,Healthy-Leaf(1399),Healthy-Leaf (551).jpg,3
1997,7cc0354b39076ff1ce2217881a60fbe55742d938b3e55bd14390324acb681c88,Healthy-Leaf(1399),Healthy-Leaf (552).jpg,3
1998,ab686f420a440ff44112438044266127d60bcf95c8e527d1cc17ff5523afd590,Healthy-Leaf(1399),Healthy-Leaf (553).jpg,3
1999,7c45fdbcd57b2a0ce8a8c2709973ad5df8d29ba54c3b26fff84c9f0b99d49e18,Healthy-Leaf(1399),Healthy-Leaf (554).jpg,3
2000,07a5aa6c29d41e4ce6cb3bce6a17c71a49cf115f698bc75fa8c4d8dee5a3e042,Healthy-Leaf(1399),Healthy-Leaf (555).jpg,3
2001,8b737cf061aac28a1053b9e92e78eeb65a26c506e57e90908ad503ac487d9f61,Healthy-Leaf(1399),Healthy-Leaf (556).jpg,0
2002,49f21b2ded8856e52c2292bf46072a4368f3962ff10b427359b7a5d7370c1945,Healthy-Leaf(1399),Healthy-Leaf (557).jpg,3
2003,ca92e78824554e2f6315ebb0609f222b978ff24f08c2261192e90587912b56e5,Healthy-Leaf(1399),Healthy-Leaf (558).jpg,3
2004,0a0bf2907697460a9d984f28d958cbe8cc1f14cdf8ef8d2da9ea9beb203c4984,Healthy-Leaf(1399),Healthy-Leaf (559).jpg,3
2005,82b53f5a60aefee6b746d70ac97216b655ee53d6f7ab70e21d8bd26019872cc3,Healthy-Leaf(1399),Healthy-Leaf (56).jpg,4
2006,d88733a2b0f3b19fe8a0009b0e36a230cb52b56955f342b470b0ddd5148ab435,Healthy-Leaf(1399),Healthy-Leaf (560).jpg,3
2007,56b10fd3f187997bc2cfc516e13307cc72889b3547cf00cae2f85c73f28f8aa7,Healthy-Leaf(1399),Healthy-Leaf (561).jpg,3
2008,e8edee0c9ae047f4b4d700c1231a7baa19daef48a513f1b443f2ee211d35951f,Healthy-Leaf(1399),Healthy-Leaf (562).jpg,3
2009,53db99287d4c1d91874760b2ecff0d913013feae5a7b36251a69c8cef14e7f9f,Healthy-Leaf(1399),Healthy-Leaf (563).jpg,3
2010,f4165833b3664985f9836b4f376bf83272dd74275289560a63d85e63e0f28f9a,Healthy-Leaf(1399),Healthy-Leaf (564).jpg,3
2011,6bf609d95f4fa6275059755e1aec3a0b34c7283c11ddd7423fe1846e21418a2a,Healthy-Leaf(1399),Healthy-Leaf (565).jpg,3
2012,e0dd090e42860d7a77a3fd530b292f52253c255e0e3232d8e90ece98ea0ff3e5,Healthy-Leaf(1399),Healthy-Leaf (566).jpg,3
2013,a94d7dab85aca632c1b62d1470c51941e29f9792e9c88b8bc3c97ea0d7944bf2,Healthy-Leaf(1399),Healthy-Leaf (567).jpg,3
2014,8d11d525ae54284ab844d57a3cd19f0521842999a7df9dd4d0b0345020eb8e26,Healthy-Leaf(1399),Healthy-Leaf (568).jpg,3
2015,8e1fe12f29cc340db69a8a3ee4dedef9fa914a536f54d4a56f95ab7501cbef24,Healthy-Leaf(1399),Healthy-Leaf (569).jpg,0
2016,e770813eb9fba12bde6891c27b2894279f57849898092fd0c45435ee1baeae03,Healthy-Leaf(1399),Healthy-Leaf (57).jpg,4
2017,f7f7bfff3f3bd845d216f0b609143e3469db0516303b0a9475a15d32b8868ba3,Healthy-Leaf(1399),Healthy-Leaf (570).jpg,3
2018,e0071ac434756bb19837703502a5498b928fb58cb5afc5eeb28fc0ccb18e4c92,Healthy-Leaf(1399),Healthy-Leaf (571).jpg,3
2019,c58f01de641f43df51231d62415752eb8007658c8693169ac5975baabd956fc9,Healthy-Leaf(1399),Healthy-Leaf (572).jpg,3
2020,f54cb1d7907bf5483843cdccb7153e1a37ef3dd794eebe862a8142b231f973e5,Healthy-Leaf(1399),Healthy-Leaf (573).jpg,3
2021,085f3ca7b4251eccd24d72e9e2a45b8d2b38ba286d9ecc2f16daf0bda60fc34c,Healthy-Leaf(1399),Healthy-Leaf (574).jpg,3
2022,e4affe46a7c29c30e407c257555b665b24a9e4099a15ad82c0796befe9f89086,Healthy-Leaf(1399),Healthy-Leaf (575).jpg,3
2023,6976630c28ea0bd2f7dd11f43ad4c40fb4aef6baea9b37788f155d9f3fbcf371,Healthy-Leaf(1399),Healthy-Leaf (576).jpg,0
2024,9082c7aaa1e57eefc6acdc72ec021fd6d4a69038bd7f3cc4abe2fabbdf8a321b,Healthy-Leaf(1399),Healthy-Leaf (577).jpg,3
2025,f50ca187d1065306553feced37fc75bd5543335207f70d70081e158ec7e7bd00,Healthy-Leaf(1399),Healthy-Leaf (578).jpg,3
2026,23c21b7e34b9e522c69deefe704e0312d6d05942bf835e6e80fe36db43296b19,Healthy-Leaf(1399),Healthy-Leaf (579).jpg,3
2027,865ac6c3689fbb7e970ec79b339deebd8138c7ba70e846a20d561c15ab776508,Healthy-Leaf(1399),Healthy-Leaf (58).jpg,4
2028,c5cfdfa3ce1cc2be80e9626e06b351cbf32519cb5ca694c95a5f382e94972ecc,Healthy-Leaf(1399),Healthy-Leaf (580).jpg,3
2029,dfd324c56ec130f3fc0e891df91285bdf75d94c40c5ec128221958862f29e65c,Healthy-Leaf(1399),Healthy-Leaf (581).jpg,0
2030,4c0a0caf1fbf9f0d0a87e02392ac548e698757d55648c91290b704c2355c1159,Healthy-Leaf(1399),Healthy-Leaf (582).jpg,3
2031,175a9d6cfaa9ef526fdde585e62af9ae3a585b59fbc3b02c62a20faf932e3e8b,Healthy-Leaf(1399),Healthy-Leaf (583).jpg,0
2032,ba07ea0fde43857a349c6a6df87b3adc93410eb96231375dce4447cec18b9432,Healthy-Leaf(1399),Healthy-Leaf (584).jpg,3
2033,63b26a3fbff62b4952718877a1b38fff7fcfd1edccf793b24b3318ecee8fca7d,Healthy-Leaf(1399),Healthy-Leaf (585).jpg,0
2034,3f1c6abcd81299cf7cb5922b9ae569874d40ad0ea6dafcceed1f28d21572756e,Healthy-Leaf(1399),Healthy-Leaf (586).jpg,3
2035,2fd4343594f7f05fbb2aff9936aca1a814ed7bdef35a1a158d4a968ee25a6397,Healthy-Leaf(1399),Healthy-Leaf (587).jpg,3
2036,4af410b10885a01186e7c1954590838add409fe57bfda1a6f3d9488e3de6816d,Healthy-Leaf(1399),Healthy-Leaf (588).jpg,3
2037,76b2429653a62bd27abc41a6ef65c98d98c7b407222f198b971ba8da3b631b97,Healthy-Leaf(1399),Healthy-Leaf (589).jpg,3
2038,7b7e5dd68e01e6996f1e9523a54bdcb1061bbfc41ba33f1af606ad760493f792,Healthy-Leaf(1399),Healthy-Leaf (59).jpg,4
2039,db4b0bb23def5f696120e6588f425ebf773158f5f06084452914ad547baf11b5,Healthy-Leaf(1399),Healthy-Leaf (590).jpg,3
2040,0b040940e4323c31e0bec4d2d640a51079ec00f7138a785cc3398a3979558568,Healthy-Leaf(1399),Healthy-Leaf (591).jpg,3
2041,eca8c4796af2ceb92f1a3ab7f499946a0f0accb59a613fdbe98ebfc9e076e3da,Healthy-Leaf(1399),Healthy-Leaf (592).jpg,3
2042,9a9a224f7324e7035662da1cf9c981a8522f5db4fb6d47e09d3e38dab6fbdafd,Healthy-Leaf(1399),Healthy-Leaf (593).jpg,3
2043,883062d100585b9d0931a54c8004aa6c4250936905bee37372eeb1b23a28d16f,Healthy-Leaf(1399),Healthy-Leaf (594).jpg,3
2044,22199bc48b38f812b4f0e34bfd2a8bddd0ceac11932642833da5a8054d200be7,Healthy-Leaf(1399),Healthy-Leaf (595).jpg,3
2045,a5cc3bc9810807f34b2b79172d3360a6d8171107c12381e4c2245885b8ca09b2,Healthy-Leaf(1399),Healthy-Leaf (596).jpg,3
2046,5fdb402c3f8c390dcae9e1c88b1b79e11300ec69196e3fe25c261bbb5e5e16a8,Healthy-Leaf(1399),Healthy-Leaf (597).jpg,3
2047,675a616705bdfb8a971d34bfafc7078c19cc091dcc5562a6a401cd9ba5b48380,Healthy-Leaf(1399),Healthy-Leaf (598).jpg,3
2048,0dcdb294e7f0d87d9effeebbb0a7bdd8c1ce01be2878612bd1d22472b8f9e226,Healthy-Leaf(1399),Healthy-Leaf (599).jpg,3
2049,9fe3859a4611736a5d5b70df61506e980e2d3997206e8020baaf66381c96996d,Healthy-Leaf(1399),Healthy-Leaf (6).jpg,3
2050,3c817e8a43c19d08b8b5e78bc2050ba30accb0b4e523292c90d30d19bf7cfca2,Healthy-Leaf(1399),Healthy-Leaf (60).jpg,4
2051,0c20a4ba677a2985a03d132cd06c0670fecb7d6f121129e7784e86356eab9c16,Healthy-Leaf(1399),Healthy-Leaf (600).jpg,3
2052,0eb59282f0a49bc7d5c18a8c339384ddf44370ff5ef81b2005d039a35557eb58,Healthy-Leaf(1399),Healthy-Leaf (601).jpg,3
2053,bd0a31295237377dc6a517244a27f2b635dac0840b4bc49c925fafac59507fb8,Healthy-Leaf(1399),Healthy-Leaf (602).jpg,3
2054,b90055b5c7debf92a0fb0962e5dc37b1273feb5652f4274d0490f2f8f97568b4,Healthy-Leaf(1399),Healthy-Leaf (603).jpg,0
2055,030a71b5eb93323a34eab654f99ff8cf53ab2f3854fc259674e2cf4d3d7aa82a,Healthy-Leaf(1399),Healthy-Leaf (604).jpg,0
2056,4910b825c33e9a1de755071a8b8858a0af688c411932f74d5c1fd6cc13373bb4,Healthy-Leaf(1399),Healthy-Leaf (605).jpg,3
2057,7f3a7c77f2767577f3560e7ea4689bb0dea4a334a0a1584c20ea5184942645b9,Healthy-Leaf(1399),Healthy-Leaf (606).jpg,3
2058,a17d47e418efbd38f6f1021d35fddf8ed675e2bb311b39503fe71de633e1241a,Healthy-Leaf(1399),Healthy-Leaf (607).jpg,0
2059,8d0c6ad43e4f1b36daa8e3b06d1863e95b26e58297a1d625cee5c797f85b56f0,Healthy-Leaf(1399),Healthy-Leaf (608).jpg,3
2060,39803edf8f2b7199c7220335b82ce65bd59244ad1b22b8bff77e37532ddc197f,Healthy-Leaf(1399),Healthy-Leaf (609).jpg,3
2061,5f897c2e55544439318881167f21cb3970d4862f9992500f833e59a9d9894285,Healthy-Leaf(1399),Healthy-Leaf (61).jpg,4
2062,373653c18e375253c99010333fb4852f5e3aeb6f159cf582eef86155912b6688,Healthy-Leaf(1399),Healthy-Leaf (610).jpg,3
2063,647b321689e440c3d0b39e21283aa9e3fbea8873aee8e18b82e98da05d49b809,Healthy-Leaf(1399),Healthy-Leaf (611).jpg,3
2064,bbbee24866d905d4cd3c22720e00ca9a5a427e0ccf106586370568ace2c9fa02,Healthy-Leaf(1399),Healthy-Leaf (612).jpg,3
2065,7fe9294efd6a6ef0a42a6504705621051b2e8237288d84965487d20595864515,Healthy-Leaf(1399),Healthy-Leaf (613).jpg,3
2066,79070d87676ec0fa226c04210a22ed6de78f9107f50e85ace2e602a4830b70f4,Healthy-Leaf(1399),Healthy-Leaf (614).jpg,3
2067,dffde58d3110016f7a484655a6c4f963cae25e8770ee5dc9f5bb610aa46b42a5,Healthy-Leaf(1399),Healthy-Leaf (615).jpg,3
2068,0c4743195a79422fdbebd001525b91939807a2f4bf60237a6076a514cedbd12b,Healthy-Leaf(1399),Healthy-Leaf (616).jpg,0
2069,cb1fdd44fbf43012f72bffaa8f763b01a630cc52f482f4ba3d362203c278ba27,Healthy-Leaf(1399),Healthy-Leaf (617).jpg,3
2070,3e3d902caacc84063878706f1890612a128cd41f441b81559307cff708612aa5,Healthy-Leaf(1399),Healthy-Leaf (618).jpg,3
2071,2de924ec3bf4ad0c71406fde03e73d1d5140e3d398ef0b0c7d2c64bff1fc6b54,Healthy-Leaf(1399),Healthy-Leaf (619).jpg,3
2072,f848a23282403c31569eaa8d7aed9dd5bb458e56c357e27e31aabddc57c9b0c0,Healthy-Leaf(1399),Healthy-Leaf (62).jpg,4
2073,ac0385326ec63ccb7b88cc7a7c7998a8e060de6f06743572e7911e48f1efb8d4,Healthy-Leaf(1399),Healthy-Leaf (620).jpg,3
2074,6890368c6788ff30500d7081c75e55f9ab3bc11edb9109af94cd29cf113a5a76,Healthy-Leaf(1399),Healthy-Leaf (621).jpg,3
2075,dac6cf1ea3fc51f0f2c60399531e8f5bf9bf88500e6f1424ded6e00d71b083c3,Healthy-Leaf(1399),Healthy-Leaf (622).jpg,3
2076,82b7c22712239fe95ef6d751c12e1bd57ac67b1e66f23f88f5953d6607447ccf,Healthy-Leaf(1399),Healthy-Leaf (623).jpg,3
2077,0d9ea995046c06858295310e28746192e19d2287f8e39e6d18c0bcde7f18e020,Healthy-Leaf(1399),Healthy-Leaf (624).jpg,3
2078,aee95124302c76df73a0ad960d90945b6762c6d893a89c519aefc2e6379c6b38,Healthy-Leaf(1399),Healthy-Leaf (625).jpg,3
2079,b1f38e661e97ac37dc3b5e3141dca57d5c247db9bfe3bf0a2ded1e04211a9746,Healthy-Leaf(1399),Healthy-Leaf (626).jpg,3
2080,47f433ecf815af52b82f381645bb2ea1deea76f7f98072779cd35b1caa6c74b2,Healthy-Leaf(1399),Healthy-Leaf (627).jpg,0
2081,427b24dad469905040ef0563e45425ca009bfa50da18aa975c47385b41433b67,Healthy-Leaf(1399),Healthy-Leaf (628).jpg,3
2082,36e778b813091579af2521c5f02e5c714207a4aa8f36d73d1c344fb8d6fbb9f9,Healthy-Leaf(1399),Healthy-Leaf (629).jpg,3
2083,8d30bbd2391a86ab84b65212cec3e87133aa0495d8094e8744d9a63353d87819,Healthy-Leaf(1399),Healthy-Leaf (63).jpg,1
2084,4236dfeb38a219114c4777a80b455099e5a53b0f42ba8e7fd2a07a71bf10f3cd,Healthy-Leaf(1399),Healthy-Leaf (630).jpg,3
2085,2427fa86d0fa08c5a83f9f24ac6d5743e1bd178c02dc914ea0be6c964e7cc6a8,Healthy-Leaf(1399),Healthy-Leaf (631).jpg,3
2086,a5433cc53278c78d8d43b1ac413d85a8c26dff2926d80f3b3c0f14f4b71c27ba,Healthy-Leaf(1399),Healthy-Leaf (632).jpg,3
2087,7e602d5ab4ddf0303e0c0b28e9fe690a51e27962ce46eaf03e141d9d367ee6ef,Healthy-Leaf(1399),Healthy-Leaf (633).jpg,3
2088,faa3e0963ce017fd4ec911247ae85816fc03b3c87644b9def5c3a1a4e0c1508a,Healthy-Leaf(1399),Healthy-Leaf (634).jpg,3
2089,969e3cf413e9cab01699a2aa585c44b2bd4aa421eec80e307fed0fd77fc8d463,Healthy-Leaf(1399),Healthy-Leaf (635).jpg,3
2090,0ba5c8f0a593edf3e6fcbb6d98e3b4948c6a44b4fcc37bbedf6c076dabebe821,Healthy-Leaf(1399),Healthy-Leaf (636).jpg,3
2091,786011c07aae2f0c1d8aaa3f47809348aa55798265d2e2c60f46bcffd0a1801e,Healthy-Leaf(1399),Healthy-Leaf (637).jpg,0
2092,c5e247b003a247c45b7df8c0a8e536affc51675ac68011ad30dc27a02e7adae0,Healthy-Leaf(1399),Healthy-Leaf (638).jpg,3
2093,faa91bde1c38ff5408f5593ceb3629596e1262922e2c454063f4837290ec6b84,Healthy-Leaf(1399),Healthy-Leaf (639).jpg,3
2094,83cbf3294557b7574cda7615d94e62f453c6bd99f8583e404f98bb5639b8775b,Healthy-Leaf(1399),Healthy-Leaf (64).jpg,1
2095,3db39e863b393e231931bb8695cf2b1da7d165327b6e54af86db501492147d6e,Healthy-Leaf(1399),Healthy-Leaf (640).jpg,3
2096,dc8bb60b7e8635fb7e081e9fbf3af5291ab70b6aca93f759595d64dee2cecd3e,Healthy-Leaf(1399),Healthy-Leaf (641).jpg,3
2097,4c70181408ffed0aff87e2b41c8363dc742ef78cf072386ff6d7ebc1e90c63ac,Healthy-Leaf(1399),Healthy-Leaf (642).jpg,3
2098,f54c2d4028cf2ecd5b45a5385c30cc9bbeb58face19ff1ef3c988d21860c9dec,Healthy-Leaf(1399),Healthy-Leaf (643).jpg,3
2099,ba7edd727035ad63f84166300fb9619980d03e4e62da27974892188b72029355,Healthy-Leaf(1399),Healthy-Leaf (644).jpg,3
2100,3aa4554828aad421548f79c5576b780e793b8507c066a169b17eccdc89426d39,Healthy-Leaf(1399),Healthy-Leaf (645).jpg,3
2101,78bd6818258dc8f697dbd0ae99893119a100a3c339ad4f67130d6761afcb11e3,Healthy-Leaf(1399),Healthy-Leaf (646).jpg,3
2102,f7ce94d995d92753d741b9497e1117e33f1db0edd14934eaafa5aed7bf9652d2,Healthy-Leaf(1399),Healthy-Leaf (647).jpg,3
2103,0fc54e10018c638da4b3b4c6600153a57ddc6f4f59bd9dfe2a5ef19818070bbf,Healthy-Leaf(1399),Healthy-Leaf (648).jpg,3
2104,7997e55e0231389b9ef37cdce02fade93788da832fadf4f0f1633a81b2c533bd,Healthy-Leaf(1399),Healthy-Leaf (649).jpg,3
2105,97dd18f9e5d4270bd99632f1284850a0f9c4859089aaca21ada857cfb02155eb,Healthy-Leaf(1399),Healthy-Leaf (65).jpg,1
2106,b7e74aeb917f9a76cb455f32199d919072c04e7c8e3bf7d5b9ea9c71f42d39fb,Healthy-Leaf(1399),Healthy-Leaf (650).jpg,0
2107,f6d2754f6ce9795576994c32485623fadbdc2a8c6f6ea28671e5a7f2bfbdf8c1,Healthy-Leaf(1399),Healthy-Leaf (651).jpg,3
2108,ec89f9acc4aafa78f407117ecdfc818c8667584347932e51c8d7c466ff5c4716,Healthy-Leaf(1399),Healthy-Leaf (652).jpg,3
2109,c918c96a125b410dcc4257c3cfca7817b95c237cc62d4d49903c833680d4fe77,Healthy-Leaf(1399),Healthy-Leaf (653).jpg,3
2110,31201200a072bb3f759c162115f4a769d22c949fc441acfdad4c327286ff9171,Healthy-Leaf(1399),Healthy-Leaf (654).jpg,0
2111,4eb883e9b0c193cc31548128370f168f45f3b2fa5c1495fe2aeedd9a24c15270,Healthy-Leaf(1399),Healthy-Leaf (655).jpg,3
2112,977f3b35883105065184f688dc970c438b6c27689118ae824dfd68f4db30a696,Healthy-Leaf(1399),Healthy-Leaf (656).jpg,3
2113,3d58eda0ecbd8a40216e70d72763850dc31fc7da948ae7c3cd600dae05d64a52,Healthy-Leaf(1399),Healthy-Leaf (657).jpg,3
2114,2890de45d26cec6e195a97ec81dcbacf1003d93667ea86672ad73be019b9866c,Healthy-Leaf(1399),Healthy-Leaf (658).jpg,0
2115,1dc4a3b7fad0767ef17290f5c1fc98f5bb09725d6551e6fcc1a222d9d66e3d46,Healthy-Leaf(1399),Healthy-Leaf (659).jpg,3
2116,9119d13d0a1c087a7e3ee36055264b3299d2f321a8c242dcd9b81fc3daf13d65,Healthy-Leaf(1399),Healthy-Leaf (66).jpg,1
2117,fae6fc1e04d59f9f8ca451ecd879607275272493f7855dc8de911325fbb78981,Healthy-Leaf(1399),Healthy-Leaf (660).jpg,3
2118,9f5c2fdbe56d456c6a0872114ca83cc4be7c232e1626f21e1b358455b3830195,Healthy-Leaf(1399),Healthy-Leaf (661).jpg,3
2119,b0852e4e894c46936d217eab3afc8168953927b4f039c93c98a8427a99776fbd,Healthy-Leaf(1399),Healthy-Leaf (662).jpg,3
2120,ff22abb221c47437aa30dc81b7b86736d4362541c0d64858279fa1fddd2f8862,Healthy-Leaf(1399),Healthy-Leaf (663).jpg,3
2121,609605ebe86978f0208abb0f95cd3f6f57aaf4ce82d4fbd94f878c82c92d6293,Healthy-Leaf(1399),Healthy-Leaf (664).jpg,0
2122,9414a95336355d4d5c1abb9b03e0c491df4dd47a88c0e17fc32deec2a847eee1,Healthy-Leaf(1399),Healthy-Leaf (665).jpg,3
2123,177e3f03df7c66e54e710a65220e99272c3350f403a13e91de9e69c990d2c267,Healthy-Leaf(1399),Healthy-Leaf (666).jpg,3
2124,221d691822ec634b1e26b64ea605e5faa2e2100f8c03ca03579ce9a2bfce5595,Healthy-Leaf(1399),Healthy-Leaf (667).jpg,0
2125,26a719d9ddb615cfc8c8aca34725a41960cc80fd98641e4d4af0836393f89ca2,Healthy-Leaf(1399),Healthy-Leaf (668).jpg,0
2126,70392ea3308d7b63294cab2653c699503350c4e48cffcc1f69aafeccfebcded2,Healthy-Leaf(1399),Healthy-Leaf (669).jpg,3
2127,decdd3072f5e0582e9c3f25bdd624ae3efe77facf58dec45b0a695453783a266,Healthy-Leaf(1399),Healthy-Leaf (67).jpg,1
2128,e1137ecdb14447db8a9b5ea56c87640f63333dd71e52f11cda34d0d2d3d5155a,Healthy-Leaf(1399),Healthy-Leaf (670).jpg,0
2129,5cba37ecb104818083de531720cb39e878dd73fb4902332e69bb8684e026d529,Healthy-Leaf(1399),Healthy-Leaf (671).jpg,3
2130,d419df48f1736ed6cac7d9868121179d07feda36542a1c32afe8cda3713a3b2c,Healthy-Leaf(1399),Healthy-Leaf (672).jpg,3
2131,b464b9e06256b9bfef45e170a136659802dbe1c478f43dad8c51d7a007759025,Healthy-Leaf(1399),Healthy-Leaf (673).jpg,3
2132,2ed33899764d4bc0a4fce3bdbdd338d80bb8c4ac168f4f470a094d4a349172de,Healthy-Leaf(1399),Healthy-Leaf (674).jpg,3
2133,6c006666c50dc0b2a12b19039e6c8b90437f4223f8c85c8f11f5fbb4ea020afc,Healthy-Leaf(1399),Healthy-Leaf (675).jpg,3
2134,995a5b8711d8aca0e4cb8c50f971573eb05286eed9594d0498a0210fd6b2e7bc,Healthy-Leaf(1399),Healthy-Leaf (676).jpg,0
2135,503a9a1dfc964cf97144f11d4a8634f88220fa9f8189b3e05cecdce59a6d4631,Healthy-Leaf(1399),Healthy-Leaf (677).jpg,3
2136,78db5a8bb9e1e944579396e5cf076c892a111a320ded439f2210dcdf70f51557,Healthy-Leaf(1399),Healthy-Leaf (678).jpg,3
2137,81e1baae7f2710e7b30568e7f22b4f1f4543da9e1e29dd7fcafa624624510c4d,Healthy-Leaf(1399),Healthy-Leaf (679).jpg,3
2138,3ba1ea411b6cca8dea717ba3f9993ddfc027e0c011e29f2a8bc37bb1c7c93f3d,Healthy-Leaf(1399),Healthy-Leaf (68).jpg,1
2139,0000b2c815a6c24eb628c0a5440a61d904ff00656cff6197d4844d36b3ec6da6,Healthy-Leaf(1399),Healthy-Leaf (680).jpg,3
2140,7c6951d9ae25d55927a934c76f550885bcf09ad469b98cbdcb8f640e886a1496,Healthy-Leaf(1399),Healthy-Leaf (681).jpg,3
2141,f034fdb018f04128e82489281bb6f7994d0f3ac6797164144d5d80d696ba68c6,Healthy-Leaf(1399),Healthy-Leaf (682).jpg,3
2142,c3cbea7432b85e36cade2e608545b431a88ccfb49a2c8ac2bb49e62828f2ba1f,Healthy-Leaf(1399),Healthy-Leaf (683).jpg,3
2143,9c11b5c9aa41a3fda5955713b6849459ab3654b4d95f8ae29226f7dbf5e9bbc9,Healthy-Leaf(1399),Healthy-Leaf (684).jpg,0
2144,3b563917b06e9c670833f1b0c4468a8bdfcae89845a2569c34dfa3c7143fbc69,Healthy-Leaf(1399),Healthy-Leaf (685).jpg,3
2145,4dafba7261b0771e957ea31d3c1bd8eaaa4a8f20159eb5a99979004c9fe49b1e,Healthy-Leaf(1399),Healthy-Leaf (686).jpg,3
2146,1cfe246ed80f50d2791da158477f20c049a53afef3bc95d36ec0797a042797d3,Healthy-Leaf(1399),Healthy-Leaf (687).jpg,3
2147,4a6055810884e5ecd04c3be8ce22dd946726bd3ec8a8a40c3f7a0fee4f6e8584,Healthy-Leaf(1399),Healthy-Leaf (688).jpg,3
2148,c4d5071fce225c6117a9bdc457a564b563d55b90e060643abd9f510a0dbfb89d,Healthy-Leaf(1399),Healthy-Leaf (689).jpg,3
2149,a0abca87a372f8f630e9fa64a5a0a4995e411fbe53dc6d9ae000d1307aa1979e,Healthy-Leaf(1399),Healthy-Leaf (69).jpg,2
2150,cca39c393fb8ce67938e5e3f7f46d5338261fdc27e33f6c5aa63576ce346b393,Healthy-Leaf(1399),Healthy-Leaf (690).jpg,0
2151,07c09b895a33b15f5ab4da3425246fab7cf77c3a4c5bb47acaec5256d63d1c0d,Healthy-Leaf(1399),Healthy-Leaf (691).jpg,0
2152,3ea8815b7835c9512643ca0039cb7f619b78024a9b95daf5c67cc2d9fbb00a0a,Healthy-Leaf(1399),Healthy-Leaf (692).jpg,3
2153,030d1fd30c5d846fd59adb4f5e8e4d8c6d2d70232378565ececd530343d8fe55,Healthy-Leaf(1399),Healthy-Leaf (693).jpg,3
2154,652a61e0f0baf47b37e1ec14307ab661343da81700eb95265ef4dab6fe41c199,Healthy-Leaf(1399),Healthy-Leaf (694).jpg,3
2155,f92d683a72470f7865eaf1b820ad6abae11aa2d32fb67f6a3d544d38406e1b5d,Healthy-Leaf(1399),Healthy-Leaf (695).jpg,3
2156,2a3731963d9c9c775752ad60020b6fd997446394ee34b6d65fc361c668dccbf1,Healthy-Leaf(1399),Healthy-Leaf (696).jpg,3
2157,3cfc7418908991f65a09b69250ee7d211c8ad8a6fac0fb0c8a21fda2dbac1a88,Healthy-Leaf(1399),Healthy-Leaf (697).jpg,3
2158,47febf4fd308c92058679b3df71de4b93c284231c646bf8ee1d6b6d737f3d38b,Healthy-Leaf(1399),Healthy-Leaf (698).jpg,3
2159,d7c76544df46b4a7b74b25d9337f85e1e5dc84a06ac7366ba9ed0b5a1cf9aa67,Healthy-Leaf(1399),Healthy-Leaf (699).jpg,3
2160,2113d7c73632ebbfddd5aa0e294d9fc11b0a5bfda1b8d051d0be13e532f32566,Healthy-Leaf(1399),Healthy-Leaf (7).jpg,3
2161,4da1756c149eb50b8bb05352db6a45f457ba4115a27a2b5581cf9f9fd76568cf,Healthy-Leaf(1399),Healthy-Leaf (70).jpg,2
2162,cc355e1b0eca044d298ebe4b4336a33adfe472d322782b0e8f6f60958975dc4f,Healthy-Leaf(1399),Healthy-Leaf (700).jpg,3
2163,3cd2e0095298550aca8b6d9a17e765e530d5a08763643634f4706a6700effee2,Healthy-Leaf(1399),Healthy-Leaf (701).jpg,3
2164,7eef658dddc807d62cd5ce69488e97748dd493eb2dbda29c5263251ff8c99a96,Healthy-Leaf(1399),Healthy-Leaf (702).jpg,3
2165,23a610bb0e1934f1ae72d749f047b40260d5d63065e3aa4ab990796dfd4c3104,Healthy-Leaf(1399),Healthy-Leaf (703).jpg,3
2166,e3e89e7801824c0a4b948bb23a4a7846881517da3dfe8cae1d6ec08f23e169d4,Healthy-Leaf(1399),Healthy-Leaf (704).jpg,3
2167,9d1a6d8338c8ad3b7106edb75bc5a11bcd4e815cd0acad29b61d488288add31e,Healthy-Leaf(1399),Healthy-Leaf (705).jpg,3
2168,80a9804d9e26778554deb49d985c477b4e47bbb55720e49397c16aa7b83f941a,Healthy-Leaf(1399),Healthy-Leaf (706).jpg,3
2169,1ad0aac9a022200e8306e34329ae3bdf2e9992c8cf75ec00f655e397a242f92f,Healthy-Leaf(1399),Healthy-Leaf (707).jpg,3
2170,d1c9c10a6ea5692e621d88de0de8d59b58a7ee4d0af743497e3a6662fea06bd2,Healthy-Leaf(1399),Healthy-Leaf (708).jpg,3
2171,9435ffc33ede7e708f9ce176a69eb33360b8d2d91480c117a0683b5a23295be2,Healthy-Leaf(1399),Healthy-Leaf (709).jpg,3
2172,3b5f66a589cd2ad499d6f7b85100804f0cf21b7a5d6d9d79d339caeefb21c428,Healthy-Leaf(1399),Healthy-Leaf (71).jpg,2
2173,c85b2a9269df2b73937d99d89ede99dbd57af8b8b299871d593c87d222d129d3,Healthy-Leaf(1399),Healthy-Leaf (710).jpg,0
2174,3049779f3ea3b2e5558c63aa140d0676f472294debfde756dcc1fb6180b2336b,Healthy-Leaf(1399),Healthy-Leaf (711).jpg,3
2175,6ccd4d696fdf79b96d4a09c5e200314c63c4b8a2202a057d1381bbcfcaffa985,Healthy-Leaf(1399),Healthy-Leaf (712).jpg,3
2176,25601b2b3b8dfca1379d3a4c72b10b625748056b74e22b9cc52ea6e1b1af8301,Healthy-Leaf(1399),Healthy-Leaf (713).jpg,3
2177,731d8063bbc8c70c6ec7f1c14dd063e0cd5502b3dfa242e4c58b74ef5170b0ad,Healthy-Leaf(1399),Healthy-Leaf (714).jpg,3
2178,8d34678c8957770d8505f135e0b6fec6b981e05e5e2a9266bcc93db2d6567fed,Healthy-Leaf(1399),Healthy-Leaf (715).jpg,3
2179,c30c4c5533d1db836c7434f6711a31ba850017aa1e42b383868165e702d0dc5e,Healthy-Leaf(1399),Healthy-Leaf (716).jpg,3
2180,4e96e9b4ff435c61503189664610afdd3157a64a634cefe3c75a916021969921,Healthy-Leaf(1399),Healthy-Leaf (717).jpg,3
2181,a6c962a2d9c940592e4c6345167592e46a4d3fc51bce0c16f29623e81007af60,Healthy-Leaf(1399),Healthy-Leaf (718).jpg,3
2182,b4323598e59f905c64076d74e26d6c4c0dd360ad3a32aee877c96caaad1b628d,Healthy-Leaf(1399),Healthy-Leaf (719).jpg,3
2183,4f26146a428cc09ff7fdd73959dfd714946a89898f38364dc6f5eb280fd35413,Healthy-Leaf(1399),Healthy-Leaf (72).jpg,1
2184,e0012ef1dc24ed5d4ea4fae0a7645cf4426d07cbc52a588e72ac9ce2d958578d,Healthy-Leaf(1399),Healthy-Leaf (720).jpg,3
2185,5c0f72060a66b9fe6b3a10f1449a1e9ba89128b683698869506b11b86e6964c7,Healthy-Leaf(1399),Healthy-Leaf (721).jpg,3
2186,7538df118aca1015f1b9856b702fb7486a0d342e35ecd9d7534f2164b78914b7,Healthy-Leaf(1399),Healthy-Leaf (722).jpg,0
2187,d3936d2d22f7b7cb72350ee12acf59fd0b2ccb0759326cd5e819fa24b614ee3e,Healthy-Leaf(1399),Healthy-Leaf (723).jpg,3
2188,98b066a762714b4b9982e3b597a997ce63dcfa89a50ea7e3266fd9b917e9eb57,Healthy-Leaf(1399),Healthy-Leaf (724).jpg,3
2189,e449a7832be7597c276b4c1fd23fb654e41497205c81bbe7ef3e18f17cd20482,Healthy-Leaf(1399),Healthy-Leaf (725).jpg,3
2190,579e6bc07cef07dfc1da8fb872ad3c28e3ee686c19a4036dd45b1ad7c30925d3,Healthy-Leaf(1399),Healthy-Leaf (726).jpg,3
2191,642d25818d40c7709dc14b69cc0ea801ec3326428fe203a58c8f076255fcc1af,Healthy-Leaf(1399),Healthy-Leaf (727).jpg,3
2192,6282a948025bc4bd680e886b44788f54fc678d103ca1b764f8cfbc5e0bcf20a3,Healthy-Leaf(1399),Healthy-Leaf (728).jpg,3
2193,164bc1abc7250cfef0462eb0966ae01ec8cea809c92b41f199737bec73c189c7,Healthy-Leaf(1399),Healthy-Leaf (729).jpg,3
2194,7602131c0f5fca231fd2151d164a7080155bde97627eb6f02d66c9018f8ff56e,Healthy-Leaf(1399),Healthy-Leaf (73).jpg,1
2195,8e560f89fa1ec9c91000465eebcf28ce690a0856579793e444fb4639e398190c,Healthy-Leaf(1399),Healthy-Leaf (730).jpg,3
2196,15e4b1384d9a017d282e50bb6694c1306029ae1043a64fc5eebf24245f7bc692,Healthy-Leaf(1399),Healthy-Leaf (731).jpg,3
2197,f0d697c81fcc5a54a98dc366ec07c4ba692818f240d7c4cda5ef80aa5d8bc757,Healthy-Leaf(1399),Healthy-Leaf (732).jpg,3
2198,b7b7504e1143c4b95c3ee86d203bc9a688419a5731538080e9f03b8795d5679f,Healthy-Leaf(1399),Healthy-Leaf (733).jpg,3
2199,99202f66e2100081d65c9c85f75f95bf7e3a45821784995a469d6fe4de57f593,Healthy-Leaf(1399),Healthy-Leaf (734).jpg,3
2200,890902e6dc721a3bd36836b4c0e3a5508b042e461756b2ef1f847c7ef6107e25,Healthy-Leaf(1399),Healthy-Leaf (735).jpg,3
2201,f7f27cf053fa84d5978e485a4aa00848beb78496a7287786ee6ab18bb9348789,Healthy-Leaf(1399),Healthy-Leaf (736).jpg,3
2202,7a75eec4f8edab5204c5eac14e74d58886b796a941b5a5a535e44a453dad45f7,Healthy-Leaf(1399),Healthy-Leaf (737).jpg,3
2203,1f5a9189355771bac586ef5c46b51a2bc753a7f72da9bc617154c619062b142b,Healthy-Leaf(1399),Healthy-Leaf (738).jpg,3
2204,7d556c45f200bf70575a77e131d49418297139b60ca82966eca4a3ca5ae8baaa,Healthy-Leaf(1399),Healthy-Leaf (739).jpg,3
2205,c9af053235b541472f6cf275208f2b43c72d7382eaf7b5452093fc7ddd71bb4c,Healthy-Leaf(1399),Healthy-Leaf (74).jpg,2
2206,1a41bb8f4128757274a0741da431e2f0568531364074be3eaf43bc18e13fae0f,Healthy-Leaf(1399),Healthy-Leaf (740).jpg,3
2207,94ba9383250fefcff0d2f09bf8c6c2106eb18e0b35d94a2b9e6c88c4d9f6a1c0,Healthy-Leaf(1399),Healthy-Leaf (741).jpg,3
2208,aa18d3e17d743455e9111055385b3d2a9bd14b3fa309305369bd0ad4e4656dd9,Healthy-Leaf(1399),Healthy-Leaf (742).jpg,3
2209,445807fb856018b1625e30e68589bdf3081fd2beb28ea205f6e7a04532de871a,Healthy-Leaf(1399),Healthy-Leaf (743).jpg,3
2210,5f586258c0f584e1529ef57da6346fbd7413843b537bbc29a7d7097c325bb3bb,Healthy-Leaf(1399),Healthy-Leaf (744).jpg,3
2211,0d51d6a7441ddfad1d86306a1fd5330301202ae84f213a86fc0287ccb2ca2cfd,Healthy-Leaf(1399),Healthy-Leaf (745).jpg,3
2212,e99cba5160c4f00994dc54470e1d49c75f83258b1eaef9ba8463cb63b19e49d9,Healthy-Leaf(1399),Healthy-Leaf (746).jpg,3
2213,3414cbf3f4db39e470c24a0471f16258cba1b8b5de868889c2e79fc3a8588f7d,Healthy-Leaf(1399),Healthy-Leaf (747).jpg,3
2214,1f93e7b90e9d4c27e8a0bdc5e28da8b035c7472fb8b37061501261b952baac08,Healthy-Leaf(1399),Healthy-Leaf (748).jpg,3
2215,432dff3e73209f33e81e433bcc6a003559e2dcccb2b348ea072642d0cf1e6891,Healthy-Leaf(1399),Healthy-Leaf (749).jpg,3
2216,a09586daee0258713196c26c0386fb6c0b89b54474d92d8c83b0a2a26cb59bc8,Healthy-Leaf(1399),Healthy-Leaf (75).jpg,2
2217,b82bf4d85d8132f2eb4916368632a37b7149237d60142aedf5e67ff81e963b5b,Healthy-Leaf(1399),Healthy-Leaf (750).jpg,3
2218,2d45aed1ebbb93458c6347beaeed78a5de3036386021b6e3e2a6f8cbc51b008c,Healthy-Leaf(1399),Healthy-Leaf (751).jpg,3
2219,dd89441f041d1d0d7c607c24af176fdf26f25c91836d996e495040799abbd9f6,Healthy-Leaf(1399),Healthy-Leaf (752).jpg,3
2220,d12409f393b1a934b6c226a371d5341d090093d365210c3e5584a57a4934faae,Healthy-Leaf(1399),Healthy-Leaf (753).jpg,3
2221,c51c84a60fa2aa3124a1e4d0621ee72fd969812f8f4e38a22aaa2486cc0dfbee,Healthy-Leaf(1399),Healthy-Leaf (754).jpg,3
2222,fcc49174c718fa213b86af58bdc92e1ac886a9bc9d351699a81468ccca6195f5,Healthy-Leaf(1399),Healthy-Leaf (755).jpg,3
2223,ee9ecd48425bcff40a33606559ff217f7d7df4abcf9ef4d58bad7cd8eadd7cc9,Healthy-Leaf(1399),Healthy-Leaf (756).jpg,3
2224,3f52be1ddf3339bad9bad650f5e1189d5b812d7a9849d26637c079a7f3aa5e9e,Healthy-Leaf(1399),Healthy-Leaf (757).jpg,3
2225,2310c7f2712b22704d61a1cbd33e3a08c65b19a50717a88792e827603797fa75,Healthy-Leaf(1399),Healthy-Leaf (758).jpg,3
2226,b7a7b38937bddafd04e3786a8e496bf4d85fc1865b1379d15421f36dc0853f5d,Healthy-Leaf(1399),Healthy-Leaf (759).jpg,3
2227,6eb2eef0fa6e27303310294afd2cde6acfcd706400a7fbdb5bad93d09bcfc1e5,Healthy-Leaf(1399),Healthy-Leaf (76).jpg,2
2228,c69758889752f0840210f3a3eadf56424454c42b06738b7bc702db74f731f4e0,Healthy-Leaf(1399),Healthy-Leaf (760).jpg,3
2229,5ae56e9427c3a43542306d72e1c07cecc7025039f6156282f3f873094aac0709,Healthy-Leaf(1399),Healthy-Leaf (761).jpg,3
2230,85287998f387710218d1f7c38ae761220c76047f061a0ade5210be94506f63fc,Healthy-Leaf(1399),Healthy-Leaf (762).jpg,3
2231,e1349bc0d184e6fdcec95fa2025616b536cd5c875c16aab7c7756b5bec3aa51e,Healthy-Leaf(1399),Healthy-Leaf (763).jpg,3
2232,518bdc76183ec1c9b4ef3198303bb1cc4a5a1d6307ab44f59c68ada977617b09,Healthy-Leaf(1399),Healthy-Leaf (764).jpg,3
2233,4287352b5e2f247851d243021476ff602040c241908174ad1589d6214bf9f35b,Healthy-Leaf(1399),Healthy-Leaf (765).jpg,3
2234,49343e5df35e7241dabc5f9ee935a61a6f2936ef74ef0750fa29193c8b131e2d,Healthy-Leaf(1399),Healthy-Leaf (766).jpg,3
2235,70ef0ecb98a7c96c1efc5af585b75d1090a5467a07caa9716723f40cfb0f2081,Healthy-Leaf(1399),Healthy-Leaf (767).jpg,3
2236,27f46558eaba2358d20c95aa844f3057616c846b65c732d92f4f7ec1bb9c079c,Healthy-Leaf(1399),Healthy-Leaf (768).jpg,3
2237,dc796aca34c3fa1dadb39b626a49b95c7d810c72cee5392110340154fc55d0b2,Healthy-Leaf(1399),Healthy-Leaf (769).jpg,3
2238,8782bdfc745ce6e1c96149167fcb889fc1792a02123b2710b6438518c0b601d7,Healthy-Leaf(1399),Healthy-Leaf (77).jpg,3
2239,68261bdf0aa61d140a6e57139abc7c065ad1175b576b5e115ba3a1aca8e5e46d,Healthy-Leaf(1399),Healthy-Leaf (770).jpg,3
2240,7d0f7174ec883c03fa2f33e661a613006f0cf2f5baba3507deca4aa9075601b1,Healthy-Leaf(1399),Healthy-Leaf (771).jpg,3
2241,88d0861f216ea4e2c669ee81f403788fbf66e69269c3e247863a7182d8a48829,Healthy-Leaf(1399),Healthy-Leaf (772).jpg,3
2242,9b25ed08ef52c843b0d1aa35dd2795ca082a77962e1917bba5904a6c5b3cd2c4,Healthy-Leaf(1399),Healthy-Leaf (773).jpg,3
2243,e12f03ede2d3598cfed75c666d83e43aa4025d4da9cf56691018578238b75351,Healthy-Leaf(1399),Healthy-Leaf (774).jpg,3
2244,54836aa4c969d45e0d7f676b2e899c57150638868a223d95f71a92ad5988619a,Healthy-Leaf(1399),Healthy-Leaf (775).jpg,3
2245,821ec7658a269e6018b58601a7a049d7b2090b34f38e211894053da17e31711b,Healthy-Leaf(1399),Healthy-Leaf (776).jpg,3
2246,54fa8faf74f3a9d2b65855267118657509fb967dabb811b1fff0c7fc88660daa,Healthy-Leaf(1399),Healthy-Leaf (777).jpg,3
2247,c11bc3ae73e6b3f55a794bc5465ab2bd3b2d9cddc4268e5994c328058ba271db,Healthy-Leaf(1399),Healthy-Leaf (778).jpg,3
2248,6ebd270fb963abe16f405cf609ad95ca060056675a0646f6323dc66e7fcf5908,Healthy-Leaf(1399),Healthy-Leaf (779).jpg,3
2249,008542f0da32432533c13d2088a13425562b65a8982747c340b3be3ba4e97872,Healthy-Leaf(1399),Healthy-Leaf (78).jpg,0
2250,a6fe5ebd763f21839f9c1624b7942aa29fd974bfdca8187d48dbd37a3753d832,Healthy-Leaf(1399),Healthy-Leaf (780).jpg,3
2251,e492fac1fc37b2bb6ea096c8c2479501544990a6ec7d6551ba261698e085546f,Healthy-Leaf(1399),Healthy-Leaf (781).jpg,3
2252,0359033b166cec5f7331f15f44cc602294461e72ba93ef2e271fce006580249d,Healthy-Leaf(1399),Healthy-Leaf (782).jpg,3
2253,f78aceba5cea4053eeb54f8f6e72158812b29140306707652f373b90fc5c36f7,Healthy-Leaf(1399),Healthy-Leaf (783).jpg,3
2254,08a445ea724fad00b9c327f3685d2e41d7718f35a582d19a4aa7bdff46a852a6,Healthy-Leaf(1399),Healthy-Leaf (784).jpg,3
2255,43b1e5d8f7864051e5b84735e0cd80b5d11a75c56bfc117483eac4521e92a494,Healthy-Leaf(1399),Healthy-Leaf (785).jpg,3
2256,9c5b31c0f0f8c23d9cd3d4af91cee1114fd40a73781ce31e88b605cb337806c4,Healthy-Leaf(1399),Healthy-Leaf (786).jpg,3
2257,22b52e7e01aa1031558264a4e228301e8c98774826345ae557ecbca26f237f3e,Healthy-Leaf(1399),Healthy-Leaf (787).jpg,3
2258,983eeca3ac10bb3736c88e41745a66210f843ac36c421cbe96aa9856de0265cb,Healthy-Leaf(1399),Healthy-Leaf (788).jpg,3
2259,8f24c33309b2b0f95dd9d694f4b470ef1342578b0712f875f9dfef4093f67791,Healthy-Leaf(1399),Healthy-Leaf (789).jpg,3
2260,060121d182b76790e6a50d9dbe54fc47808fb1625a0608ab88ef2535c9acc4c3,Healthy-Leaf(1399),Healthy-Leaf (79).jpg,0
2261,09fbe0cd30e93b4073f957d17caa914479cd77a1fe3c2c072541d92408425363,Healthy-Leaf(1399),Healthy-Leaf (790).jpg,3
2262,d19e62d4b362d2c965487462c3ac500f0753fab1083da05ee029e9199245f1fb,Healthy-Leaf(1399),Healthy-Leaf (791).jpg,3
2263,ff4267103ad0fee11f768d18f62c7f04d3de65aad290dcdbbae6449bbc44ce92,Healthy-Leaf(1399),Healthy-Leaf (792).jpg,3
2264,804eaba2b1e14e915c447fcf5c247f57c95e0280364b3721cc7540988cfc55d8,Healthy-Leaf(1399),Healthy-Leaf (793).jpg,3
2265,77d83e22da2e10ea208ff94fd3a47ea6daa0039dab8d0e8c8e3f2df4b1acd924,Healthy-Leaf(1399),Healthy-Leaf (794).jpg,3
2266,8fe78ef6b53bba58241bfd9a37fe6a83a3cbdccc80c251c56707d56ac43f67d4,Healthy-Leaf(1399),Healthy-Leaf (795).jpg,3
2267,f17b000ea8dbede4cbe3b7bb9dcecef81cb7c2ce9d9e5a0720da0aa59df727b7,Healthy-Leaf(1399),Healthy-Leaf (796).jpg,3
2268,5b6bf5101a1caf53a0ebce249a54ae21668259e610a8287c4223c878bc77cb65,Healthy-Leaf(1399),Healthy-Leaf (797).jpg,3
2269,a624217e9e977d974b550941cd13d612039e99b77bffe8ed00fa8299106b2894,Healthy-Leaf(1399),Healthy-Leaf (798).jpg,3
2270,a712abbe7aaf2bd65667862ad761684cb0c1f1889c7bbd0e0a113dd3dd7c4abc,Healthy-Leaf(1399),Healthy-Leaf (799).jpg,3
2271,bbfa4eddc8beb15cb1f493c83f5598dd804dd38ab0a80e0b94f80deecb9c4019,Healthy-Leaf(1399),Healthy-Leaf (8).jpg,3
2272,af82d0f3685469737f590c25ee7ded19c2dc97a523c0a9bd8efd795a10301b76,Healthy-Leaf(1399),Healthy-Leaf (80).jpg,0
2273,64085986df87c6117bab68d409a65397cf3e0d9ed87cd68e3e4de56a132193c0,Healthy-Leaf(1399),Healthy-Leaf (800).jpg,3
2274,cb866676d6836532beebd260460241cbb4aadd2547833fabf1108e80e430a734,Healthy-Leaf(1399),Healthy-Leaf (801).jpg,3
2275,8cdf14fa4b412d2666c3e31262b09fb00dd5429395f1d9bf1d0aa6814b442bc2,Healthy-Leaf(1399),Healthy-Leaf (802).jpg,3
2276,8608d0accc5507dd24329296107887953f4cc1190abc6e41f4f4e23c4a264155,Healthy-Leaf(1399),Healthy-Leaf (803).jpg,3
2277,44913cc3fe90e743d06a3ee5b63192a4eaea7960598448d7c7c8960b509518ca,Healthy-Leaf(1399),Healthy-Leaf (804).jpg,3
2278,d95b23fff67149e208af1b900be526e0debb75d3ffb8af14eee3f7e92f0c2e33,Healthy-Leaf(1399),Healthy-Leaf (805).jpg,3
2279,e896b619e16559a8a51fa5415ddf6964390e9940307637e377c502d1fc76dff8,Healthy-Leaf(1399),Healthy-Leaf (806).jpg,3
2280,c90a079b40938ccf5fb72c504aa21b36a83f33b92993e4a02b9d050afdfd755f,Healthy-Leaf(1399),Healthy-Leaf (807).jpg,0
2281,786d022f6252cb7fd4a3b0e01435e881e27947208bd1274d7a99e19ad5221f3e,Healthy-Leaf(1399),Healthy-Leaf (808).jpg,3
2282,9a578c7ae00a5eb93d96cdd1aa7e7161966095e3cf8abb7cb55efdfb5549c94c,Healthy-Leaf(1399),Healthy-Leaf (809).jpg,3
2283,8b6e6c9006ec6250ace8dc5975a81531a278a49f22987ce17ce3057eeded14b5,Healthy-Leaf(1399),Healthy-Leaf (81).jpg,0
2284,83bfa2c37b65330cb6e8b225efbdae773199f12596d8657d7a73fca9fd0dff5b,Healthy-Leaf(1399),Healthy-Leaf (810).jpg,3
2285,4b7e9310236bd11083e079ebfcbccf912781991c1dfa4f6d4f7db2bf24c69344,Healthy-Leaf(1399),Healthy-Leaf (811).jpg,3
2286,6fd961c4cdef2f2085cdb28e9f2522b2462186f1d5c69903379abfd6061e7f69,Healthy-Leaf(1399),Healthy-Leaf (812).jpg,3
2287,d72c603bb7c75114ead62703962135f357483637c2d062a3c0c92279d1b857ef,Healthy-Leaf(1399),Healthy-Leaf (813).jpg,3
2288,21817d06138b23c587054856be1a65935e2a9382847a981379499866b463b782,Healthy-Leaf(1399),Healthy-Leaf (814).jpg,3
2289,a52de3ce37915472915e1f7ed79bfc199be9d54016bc91dbc32f5db746c56214,Healthy-Leaf(1399),Healthy-Leaf (815).jpg,3
2290,b147e4b26a7f76f25f60928e4d6bd36cbcc52e1b59441938f0bf14bc8a353db8,Healthy-Leaf(1399),Healthy-Leaf (816).jpg,3
2291,ffc6911f4411a33afd37da10678b533fdb8d75a8da7d16aa912ae4d1763929e0,Healthy-Leaf(1399),Healthy-Leaf (817).jpg,3
2292,46d80764830330f4a88f68b782e758f758581ab0d675fb4538700668b572e062,Healthy-Leaf(1399),Healthy-Leaf (818).jpg,3
2293,b91c841eab5350b0f5d5c1e55d7cfe32757e75751c1f386d696cc59afb695e2c,Healthy-Leaf(1399),Healthy-Leaf (819).jpg,3
2294,6c9cac0bfeb3ebc9aa660dca10a81bb541087575808e6516ec3cf2e5f50cbbfa,Healthy-Leaf(1399),Healthy-Leaf (82).jpg,0
2295,3b6f2dafecc25e3b69e39c7e5202ebbc8ca25de136537603fbcda3f47ba86e7e,Healthy-Leaf(1399),Healthy-Leaf (820).jpg,3
2296,d8f64e19eef9a1ac16dd17a882bc302b7bf832264d7579db29048f706dd1251c,Healthy-Leaf(1399),Healthy-Leaf (821).jpg,3
2297,34977dc2807b856c370e12c8af57f893be68e947dbcb0a9ac38af57ff94be6f5,Healthy-Leaf(1399),Healthy-Leaf (822).jpg,3
2298,ad08d168f386cf9d7a73563707005c727fcfbab1d11fd9c02819c3e189af36fe,Healthy-Leaf(1399),Healthy-Leaf (823).jpg,3
2299,a7de9afdf2f0a83953d954752041df8b237858714720a9a743f34f04907a7280,Healthy-Leaf(1399),Healthy-Leaf (824).jpg,3
2300,b479f2d49b461915cd312e2ba9183c9c78d61e5e57703006f4eafc29576f6cce,Healthy-Leaf(1399),Healthy-Leaf (825).jpg,3
2301,5cd3cde88154c9e8b29fe21a7243a412652ab17f4c32faa643c6ec886b6ca9f1,Healthy-Leaf(1399),Healthy-Leaf (826).jpg,3
2302,81ad78a011225546f09ed53bf83ad0d1f9c9de69bed9e2278295e0349336824a,Healthy-Leaf(1399),Healthy-Leaf (827).jpg,3
2303,675bc2f1f2db28eee099629492fb3a2fabbb091d36354e12dd142ba9b09cf1cc,Healthy-Leaf(1399),Healthy-Leaf (828).jpg,3
2304,41813dd5f024231e5c86e668d21095956faa06c49d109845793570ea258cde7c,Healthy-Leaf(1399),Healthy-Leaf (829).jpg,3
2305,6046ba944055eecb2e5d939ee706e5e75aec4fd25e11c4210bba71c18a480591,Healthy-Leaf(1399),Healthy-Leaf (83).jpg,0
2306,bea5e30db93353ee7e4b68b390dd49157cbd6c6a8056dc56fd66fdedf1d77be8,Healthy-Leaf(1399),Healthy-Leaf (830).jpg,3
2307,f720ed88a7df3ee6a6f558365d0d08cd20ef5191d9a7ce66e43018ab556e8596,Healthy-Leaf(1399),Healthy-Leaf (831).jpg,3
2308,d0b0be837b3db700c1c8f2272018b9e8ef41655442e25b87108be41441789988,Healthy-Leaf(1399),Healthy-Leaf (832).jpg,3
2309,f87604ff7d729cadd84981901b76660ee5f72395afdc460e3071aa5f6d613bd3,Healthy-Leaf(1399),Healthy-Leaf (833).jpg,3
2310,d5d13df63a1fac7907a9c1ee8c823a9c8b0bd8ab1460e393a5f375dcdeddf73c,Healthy-Leaf(1399),Healthy-Leaf (834).jpg,3
2311,d35be333c94b045d1be53d4984e4f9975ce71927df511a042b0e2d697780b6e2,Healthy-Leaf(1399),Healthy-Leaf (835).jpg,3
2312,e5b1d395f4a43074165db37dd8ddedad31db33f80b8c3b57b7d77ab8892ea3ad,Healthy-Leaf(1399),Healthy-Leaf (836).jpg,3
2313,0a17606e50a37fb174deef63926a39de42c2bdb3228d0d78c2890a1ae32dc75d,Healthy-Leaf(1399),Healthy-Leaf (837).jpg,3
2314,5d3ed9bf54ccf6178e614a39388fcc839f9112c0ce77aad7d6a9e67d35b7be0d,Healthy-Leaf(1399),Healthy-Leaf (838).jpg,3
2315,42e991d4205a4b8310c5d7d3081562f8b4db8513fce9587a012b22f645eba836,Healthy-Leaf(1399),Healthy-Leaf (839).jpg,3
2316,711a46b76aef47b0fa91d2afb8ee7fe5a88735c4529afb883f8e05b24d002b4a,Healthy-Leaf(1399),Healthy-Leaf (84).jpg,0
2317,90416555e1f6845977d35f7b728c62452b047ccc22e0628027a26991f79b89e9,Healthy-Leaf(1399),Healthy-Leaf (840).jpg,0
2318,2954736cd1242ffe18206fb39416befaab3b8c1406661f1762f361948a476294,Healthy-Leaf(1399),Healthy-Leaf (841).jpg,3
2319,72a5b2e6fd632194c0cce3896b6cdb02d00f2d529c71aa2292525fbcfe85bc95,Healthy-Leaf(1399),Healthy-Leaf (842).JPG,0
2320,2c3562ca4939bab1d1f7e14a807ea57d9dd7556b90b4a867f0b84d31fffa67c3,Healthy-Leaf(1399),Healthy-Leaf (843).JPG,0
2321,7e6ea43d95fb52710abd60c41efa42b134ff2eb63ab66030b4eef8d95127a5fe,Healthy-Leaf(1399),Healthy-Leaf (844).JPG,0
2322,610955cb885b8be9fa965ccc20b460f9820eac4aa41d8f4a14cc7f6a8d5717af,Healthy-Leaf(1399),Healthy-Leaf (845).JPG,0
2323,c095285efbac38191cd43405cb07bc15c3c88fd7646214fb14c59c1a8533c5bd,Healthy-Leaf(1399),Healthy-Leaf (846).JPG,0
2324,e7ae3a71299006a2641cb2ab923e01d493b0091a6cd2b492e32e06b026f26f17,Healthy-Leaf(1399),Healthy-Leaf (847).JPG,0
2325,f32fc2ad2c8b7c4b17abf31889f990ff139048c95ff55006cde048b5d8f5639b,Healthy-Leaf(1399),Healthy-Leaf (848).JPG,0
2326,00032718d49e1d8029d818735de431db609f4070091bd65353a3517185f0ad43,Healthy-Leaf(1399),Healthy-Leaf (849).JPG,0
2327,87f5ea6735c18823595d4fb9531871c39afc95073c9e23045fe597a05e83f2da,Healthy-Leaf(1399),Healthy-Leaf (85).jpg,0
2328,1f40e5cd15c191cc9b589342c6d6a88c810c33dd84693ea99e4a3fa552f1111c,Healthy-Leaf(1399),Healthy-Leaf (850).JPG,0
2329,4a6258b81c980dad4bf6633195c5bd56d0ab32e85edf744776605eecb6902115,Healthy-Leaf(1399),Healthy-Leaf (851).JPG,0
2330,9d82b7fc9a16ccfc218569466e2bd712c121f656b1d1cc904b5b05927731ca6b,Healthy-Leaf(1399),Healthy-Leaf (852).JPG,0
2331,b2c62ac89740230e4401b3ac96f8608b5257fb1b899acb08a4fb1da070612c1e,Healthy-Leaf(1399),Healthy-Leaf (853).JPG,0
2332,23e032c31e058f8cc1c80b5721a04b899093107681021c733d8d139e76d336ab,Healthy-Leaf(1399),Healthy-Leaf (854).JPG,0
2333,ac11ade6e5492a233fe06a99d658f4e85bf9b6575f66e8ffd70537ad946369e5,Healthy-Leaf(1399),Healthy-Leaf (855).JPG,0
2334,7b3d69bc4b188a5fc2fb064d515ad30c6e821e0c5997f82201bca2de13c13759,Healthy-Leaf(1399),Healthy-Leaf (856).JPG,0
2335,776ff633a16681cded0a040d0207c2ea0b45e2998b71a53b3479635e9d96a19b,Healthy-Leaf(1399),Healthy-Leaf (857).JPG,0
2336,7b283edf12f8767957c09bf08537e77bbfd094d4b94831726bd06cd53fc44cb9,Healthy-Leaf(1399),Healthy-Leaf (858).JPG,0
2337,6b455ba22ad6777ad8f9c017f5e9dd5787cc95c78fc0aeaadca2c0bf6d0a2070,Healthy-Leaf(1399),Healthy-Leaf (859).JPG,0
2338,31bbfdf33a09081bd6a64d5d263cd00fa22a4445d00ff92ccbef96cb326ef72e,Healthy-Leaf(1399),Healthy-Leaf (86).jpg,0
2339,b54c17d2dda1ac2594953334d2de53a19ae96dd7f3239f3cee89c84e35ac1c4f,Healthy-Leaf(1399),Healthy-Leaf (860).JPG,0
2340,61cecae92496d8733362d50b23cb9915e643899680afcbce7a5ecfde72d78f46,Healthy-Leaf(1399),Healthy-Leaf (861).JPG,0
2341,a334d8991c22a44748d47230705f4f6a4d20ca507385de879fcf84ba0b91cba9,Healthy-Leaf(1399),Healthy-Leaf (862).JPG,0
2342,19b94de8c708532119fbd557d37ebdc96b56c521f78713fb21d8156cab20e217,Healthy-Leaf(1399),Healthy-Leaf (863).JPG,0
2343,87a64dd5d772059b10990e13eb00a29cb0f13c685ab3682c7a299448dbf0d806,Healthy-Leaf(1399),Healthy-Leaf (864).JPG,0
2344,0f25d39f9a74c13f75105b1d3d0d24e6e065d9317739d8de48f48c9b4b95b61a,Healthy-Leaf(1399),Healthy-Leaf (865).JPG,0
2345,98646528044d64da30b23e8231147cf95af67e0f8ed5ce3315e458187243b6ed,Healthy-Leaf(1399),Healthy-Leaf (866).JPG,0
2346,d42e9b9281b0e752baf231fe391967be3848e4684b37f6403607e16e76a8b66c,Healthy-Leaf(1399),Healthy-Leaf (867).JPG,0
2347,f4e2654b9b2965d379bd7ff65dfec80fcac0144e8daaaa2ab36f933a954be681,Healthy-Leaf(1399),Healthy-Leaf (868).JPG,0
2348,3b8fc004753e474f4b666d80cd16494289a2d0f870331d141018ffffead04555,Healthy-Leaf(1399),Healthy-Leaf (869).JPG,0
2349,3bc5aae9bcec15a41bc4984fd8224256e39e52c60131cf2fc2f6f97c1186bd26,Healthy-Leaf(1399),Healthy-Leaf (87).jpg,2
2350,bcd4c160008931373bc49769b92d986ace7015a27ea8038174a14cc1ed43e832,Healthy-Leaf(1399),Healthy-Leaf (870).JPG,0
2351,18bf5221b54473cfd989c4e8d768debc225af7e2dfc3a99ebac732e7e6a8ba89,Healthy-Leaf(1399),Healthy-Leaf (871).JPG,0
2352,560534bdcf803430ee5dd425aba493a655b54bf4f2bb734dab055c278c5bb745,Healthy-Leaf(1399),Healthy-Leaf (872).JPG,0
2353,ef353741a9650ecbe12763806345e679aa1da0d282cd469acc1d0c26ea4295d2,Healthy-Leaf(1399),Healthy-Leaf (873).JPG,0
2354,602bc976c313fddb2bf35499db688e43d0faf635b7adefd2552cbede97f11c31,Healthy-Leaf(1399),Healthy-Leaf (874).JPG,0
2355,dc4cd084f0ffb66de418f1f0e5906e8460ba11023a0df5359dcf0861038e077d,Healthy-Leaf(1399),Healthy-Leaf (875).JPG,0
2356,8b0eb38652c5bdaab06127f62be621eed9bb09e8b28c941bff31469faae8411e,Healthy-Leaf(1399),Healthy-Leaf (876).JPG,0
2357,e4e601225fe573900d37964c715f2f8ac3abfdabe784b8fc9e5d7e16aee132d2,Healthy-Leaf(1399),Healthy-Leaf (877).JPG,0
2358,d9789c2946d5abc88203c30dddab03159f48a50d0ce267f4a48b2d1163677da3,Healthy-Leaf(1399),Healthy-Leaf (878).JPG,0
2359,da319f094ad00c532b716006f7474728607a5ebfddc309d484277357488d2c17,Healthy-Leaf(1399),Healthy-Leaf (879).JPG,0
2360,32d2761ea21c5e9658c931ed46a50d3711bc68a5edf62ef4f2ddb1ce185bd9fc,Healthy-Leaf(1399),Healthy-Leaf (88).jpg,2
2361,eb2d10d6599ed81fab5fd3bba57897eb804b34f846f669f756d55220b0e2c191,Healthy-Leaf(1399),Healthy-Leaf (880).JPG,0
2362,9793048c1462372cc23ef39cadac48f60d0cb863b0a3f447f7d97205584eaf24,Healthy-Leaf(1399),Healthy-Leaf (881).JPG,0
2363,7fd383893ee63acf06d21dd302d768cc6fce5e12f0609cb4e2cf12032c5ec3c1,Healthy-Leaf(1399),Healthy-Leaf (882).JPG,0
2364,29c81459bf86b0348dcee60569b13314de6b51443335c168eb16566257088536,Healthy-Leaf(1399),Healthy-Leaf (883).JPG,0
2365,83a30a4d078a81af483eba7074b86fc1c1343de48218eedee5d65f96787cdc1c,Healthy-Leaf(1399),Healthy-Leaf (884).JPG,0
2366,06bfbfb8efef0a9f6cb00a3a6bebf27076e2dbb31ca82e04d8852736590db1d7,Healthy-Leaf(1399),Healthy-Leaf (885).JPG,0
2367,54af7a84d6953959eb07bcb061646a1c5fa01f24aa337382e1d2eb6a42a2b6ee,Healthy-Leaf(1399),Healthy-Leaf (886).JPG,0
2368,878acfa01ee0eb21cc16614a8cfc7280fefc638dba1360146d4c0bc683884263,Healthy-Leaf(1399),Healthy-Leaf (887).JPG,0
2369,ff4ef8e1e89dbf9618141bdba6fede3a5a871f868cf3f085aec92638831c8395,Healthy-Leaf(1399),Healthy-Leaf (888).JPG,0
2370,a770e05174ebddfdf476d11e07ea81cf184437bfa5f798ccb37a86b021815188,Healthy-Leaf(1399),Healthy-Leaf (889).JPG,0
2371,85f9d96022d14d7f76c0641efe34d1d629a7e322dc07127d5b05de60393813fe,Healthy-Leaf(1399),Healthy-Leaf (89).jpg,2
2372,b10a74cf56a0f7ea0975c1aa752670796eca9c7c7ac5fb45ddf511c8bb44de6b,Healthy-Leaf(1399),Healthy-Leaf (890).JPG,0
2373,3d4fe61c2c202359cf1610833c6b207f656144c2f89e5615390e514c1781c9c5,Healthy-Leaf(1399),Healthy-Leaf (891).JPG,0
2374,d018f558838b81001b0c971cfc8f775bc8578d377301eded836f0344286e5963,Healthy-Leaf(1399),Healthy-Leaf (892).JPG,0
2375,088228836f12e539e021b99117bd3989d35a8247e8d9d482d5e060e9a745e8e4,Healthy-Leaf(1399),Healthy-Leaf (893).JPG,0
2376,13263d3a433c169f7cfdd59cf839447cc57ea242b68be1f1c3c902552218c8c7,Healthy-Leaf(1399),Healthy-Leaf (894).JPG,0
2377,1cc4e59da8c8c5114640e7f9a64a45c263242739670db8583ce3bca402d58d2a,Healthy-Leaf(1399),Healthy-Leaf (895).JPG,0
2378,6f9b604b5843c4128615c3bd6989df2d58054e50941a16e2c642690c8e7641d2,Healthy-Leaf(1399),Healthy-Leaf (896).JPG,0
2379,039786d35c415b620e05a20cb1f9675d98e1013dcdfc2115c96c83c43c1802ba,Healthy-Leaf(1399),Healthy-Leaf (897).JPG,0
2380,5600826529e9656d90b7cd70f773fc393586bd12d297d1e8f63c2e775f1867a1,Healthy-Leaf(1399),Healthy-Leaf (898).JPG,0
2381,de936e7a92d30fd60f50f59cfa2cf1020a2a943861ed4856a6249fa6bb447512,Healthy-Leaf(1399),Healthy-Leaf (899).JPG,0
2382,4e2adf91cc4a9ad445c2d7828863728e494350de2b7036190ea2cc1f1d65c50e,Healthy-Leaf(1399),Healthy-Leaf (9).jpg,3
2383,1aa3c167c190898f5b7c8ca1ac6db603b403b45d6a12648020bc7f453fb718c5,Healthy-Leaf(1399),Healthy-Leaf (90).jpg,2
2384,41f8b364a989414a39f109e18aae1c9662e189bc49caae182ce883b26295575a,Healthy-Leaf(1399),Healthy-Leaf (900).JPG,0
2385,ecfb06cf2fbac81d492ccede61519d3b80b9bb70cc0f4c8b1e0d99011f3960ca,Healthy-Leaf(1399),Healthy-Leaf (901).JPG,0
2386,91549392d45fc37b81c3b03087ba3ab1b10faa0c6605765946c8f1e7e42a1e54,Healthy-Leaf(1399),Healthy-Leaf (902).JPG,0
2387,a0ed0cc18a4c822f99d26f09b92d21db6fc259e944e88e0511c88427616d5fbb,Healthy-Leaf(1399),Healthy-Leaf (903).JPG,0
2388,ad3bfcc433bd724ad4151d2c8f9290ef12d9d961525bd3f72552033dcb12e70b,Healthy-Leaf(1399),Healthy-Leaf (904).JPG,0
2389,9b66fb98e1a71ed1c724a880a62d7627b2f5108f0fc1a45a5e30c78e4f98146d,Healthy-Leaf(1399),Healthy-Leaf (905).JPG,0
2390,a4008efdabc9b8e0de9c2a9f7415ea7ec87edfbc04a690b9dabd8f73234918bd,Healthy-Leaf(1399),Healthy-Leaf (906).JPG,0
2391,8d19f412b73a5e8e03f383cd83f889d4edcacacd708764644b42bcc7deb63f8f,Healthy-Leaf(1399),Healthy-Leaf (907).JPG,0
2392,3c9b257646171dcce0c1b880c8a2e0bd15d018fd3c2340a1d257fb78d040500a,Healthy-Leaf(1399),Healthy-Leaf (908).JPG,0
2393,2fc3e5ed3b31bc001270791dddbd3fd88d56095aa23ff3813d20ae760be1cfe7,Healthy-Leaf(1399),Healthy-Leaf (909).JPG,0
2394,ba20f1fb0f680cbbb4a8f93980b5da44b9fcf6c4b25e776b4e61a78d2598d640,Healthy-Leaf(1399),Healthy-Leaf (91).jpg,2
2395,e497744500fef72445bd97d2b561dde17aecf4f6224d611b6e1dcb60577754ba,Healthy-Leaf(1399),Healthy-Leaf (910).JPG,0
2396,66e83e82fead32cd459a31c52f54fd76dbe98ee588d40efdeefa1bc1603723fd,Healthy-Leaf(1399),Healthy-Leaf (911).JPG,0
2397,ab865a18405bede62c07b8fe2b6c01340f5dc272adc3da40ad5eb90b73fe4397,Healthy-Leaf(1399),Healthy-Leaf (912).JPG,0
2398,7df73e56f22f2c737baf97df83b69816b68a18d77a42ad92bcd620ae7ed9be8e,Healthy-Leaf(1399),Healthy-Leaf (913).JPG,0
2399,25e3f9c166e391e106153cf0461498f757e6373e8763247da22a9174d7da5abf,Healthy-Leaf(1399),Healthy-Leaf (914).JPG,0
2400,0d4592640c9033c0f36e9984f345eaf44648bae61726a551ee48fba9efb0cb39,Healthy-Leaf(1399),Healthy-Leaf (915).JPG,0
2401,df451804d93b06fed26a25655b2d09f6cef8d11fdbb3fc529ff2194f59ae4b4d,Healthy-Leaf(1399),Healthy-Leaf (916).JPG,0
2402,d193ebb924bedde59e412fa77c3c8492073e8ed70c472f5a4844ddedc8b12b43,Healthy-Leaf(1399),Healthy-Leaf (917).JPG,0
2403,bce822525e8b80b380fcfce04d7141132893f50f5071fd76bb263c3b778b5f11,Healthy-Leaf(1399),Healthy-Leaf (918).JPG,0
2404,34bd6b2628c3aaf5aaaf76af913cccce080fb35f98b3ab88b02d2d01e4e44096,Healthy-Leaf(1399),Healthy-Leaf (919).JPG,0
2405,ca5ef1569a06ed7aaad6f8f0e4e9d3d29db571740ab480fe5dd28506d66fb65d,Healthy-Leaf(1399),Healthy-Leaf (92).jpg,2
2406,e71bc3425c2b3042d300be0f8522130d206b67ae6c2ff6aac32cac36444eb861,Healthy-Leaf(1399),Healthy-Leaf (920).JPG,0
2407,534ff041783842e3405f51ae1d588106483322cd04751b8c3f6436c17ac8e1c5,Healthy-Leaf(1399),Healthy-Leaf (921).JPG,0
2408,839a9ccac196ae811d6f346442c78c3f2819b3de31af349981a26c01d01b41fb,Healthy-Leaf(1399),Healthy-Leaf (922).JPG,0
2409,d6138ebf39cf6bc196c4921405d5a179dd1721d01aedbd8f8a500b6d1de8f687,Healthy-Leaf(1399),Healthy-Leaf (923).JPG,0
2410,c525975f232e95a8bfda017fd6ae202d4d87f084f007a15df4b79469b541bb55,Healthy-Leaf(1399),Healthy-Leaf (924).JPG,0
2411,9c90ebccac5f7da120cdd2bd6c9c1e3e347900aa50bcb69d4fe0ae7a5da0da79,Healthy-Leaf(1399),Healthy-Leaf (925).JPG,0
2412,71587a09c23a1c9525b8a8a41a9496b5dac70233e7f3a8792a950eeaec1cb8c1,Healthy-Leaf(1399),Healthy-Leaf (926).JPG,0
2413,b1b5493ab1cc5d7e67a1582088cf633e7e5cfa8f180c4a7a4425944030db9e23,Healthy-Leaf(1399),Healthy-Leaf (927).JPG,0
2414,49626725dd8861abf169743db65d8ab85947e411c7331bc6bdaf8e60277eb36b,Healthy-Leaf(1399),Healthy-Leaf (928).JPG,0
2415,5ab504d5868ab9ebc687d7201072cf759577cb67a89c2e8a52926a6d49f359bb,Healthy-Leaf(1399),Healthy-Leaf (929).JPG,0
2416,0043630a48c1daf822c9d6dd36b059bb5cc67b9837eae907d9197f5a76210146,Healthy-Leaf(1399),Healthy-Leaf (93).jpg,2
2417,c89fd1cffef3fbcc163e0b7075fe8d6ef0fb072b7f01e3f1c1d3751064cfd591,Healthy-Leaf(1399),Healthy-Leaf (930).JPG,0
2418,cc4fefe0e4960fd7cfa8b9b782a1545b51141cec84cdd78bfee7276a666ba34f,Healthy-Leaf(1399),Healthy-Leaf (931).JPG,0
2419,16b0de4fc9243dc7ccccfbce8062d6a527aafca72ec5c2180ac1ddbb25ed553d,Healthy-Leaf(1399),Healthy-Leaf (932).JPG,0
2420,829df637eaa9da428e8688ac89e2dd6b0fcc055133139dbb9393fdd271a14ad8,Healthy-Leaf(1399),Healthy-Leaf (933).JPG,0
2421,b9ff575956978d822f0e28068314053504ea5b24deb4e820a4471e8616c70d0b,Healthy-Leaf(1399),Healthy-Leaf (934).JPG,0
2422,21a40f53d0b60cdafb1b7ae928a38623d0656a6801936f46c70b9eab59fd7cce,Healthy-Leaf(1399),Healthy-Leaf (935).JPG,0
2423,d1e6495e0efd637548859c612377c44be411302df6326b0e3c87e4a3ee9d198e,Healthy-Leaf(1399),Healthy-Leaf (936).JPG,0
2424,0984b8bbe4f764118bb2b0da448a6103634c31d7a7e563259fa5c7d8351bb9b8,Healthy-Leaf(1399),Healthy-Leaf (937).JPG,0
2425,a8ad62d012816d025dbab8caa5e8e54814a2e5bbead94cfb53d28630a97548cf,Healthy-Leaf(1399),Healthy-Leaf (938).JPG,0
2426,312e3cdca5bb3efdb55c35c3b5edd461ff9af0075ae3271aee02e0c99197a4fe,Healthy-Leaf(1399),Healthy-Leaf (939).JPG,0
2427,292fcd164b5a56a0794da3e5bc8a95f997a52eda9e86f5b870760b7359ddb0e6,Healthy-Leaf(1399),Healthy-Leaf (94).jpg,2
2428,71cffadedd6da4538f5d80d0570a39f8346d3e1977f423ba2b7c1f14d2c22842,Healthy-Leaf(1399),Healthy-Leaf (940).JPG,0
2429,cf33d127d90ee78ccb39acbbaf94e4d157549c46264f427cfa95d7c4e01d07e4,Healthy-Leaf(1399),Healthy-Leaf (941).JPG,0
2430,d24766a442faeb6f574e1cbacf8a07cccf1b6585844ced63f10f6f8ce270823c,Healthy-Leaf(1399),Healthy-Leaf (942).JPG,0
2431,dcea550d1a7ebe4924002f7715802b404fef21fffdf6aebfa5f7a02258614415,Healthy-Leaf(1399),Healthy-Leaf (943).JPG,0
2432,aaebdcc17921e7c0cf47deb17fc8249ba54d429aac82a860f1ac4ad1626fcb2a,Healthy-Leaf(1399),Healthy-Leaf (944).JPG,0
2433,3eecdb314aa7df3a5b30b835974eb8104d118c70442bafc716004492449bed09,Healthy-Leaf(1399),Healthy-Leaf (945).JPG,0
2434,b425a8141bda9486f2dd5624e43c96ddb41c8c74cf77efb4fe141347d2a3cff3,Healthy-Leaf(1399),Healthy-Leaf (946).JPG,0
2435,f8095c3aacd5c763ae76b4d6132aefef4b2535d64ee079ed7a2f42cf64d39ccd,Healthy-Leaf(1399),Healthy-Leaf (947).JPG,0
2436,b534de460cadd8167a4f42f2402d2fe5c8a6b342d245648dabea185e0e39d7bc,Healthy-Leaf(1399),Healthy-Leaf (948).JPG,0
2437,b3440e515081f5d0b796e8c7f2017d5ac7b1ace0216e605df7300318b47494ca,Healthy-Leaf(1399),Healthy-Leaf (949).JPG,0
2438,72bdbf8990854f57e06b3415beebf5337788273dc85a6f463d85d930060c255e,Healthy-Leaf(1399),Healthy-Leaf (95).jpg,2
2439,9ef8bdabf4a00da5be0c09e3a8e5b0e9793e3251efa70bd036e908e0057a7a01,Healthy-Leaf(1399),Healthy-Leaf (950).JPG,0
2440,dbb72d0cf9566ef63a108a1dba9d2909b338ddac5f578beceda40d0a73f36e70,Healthy-Leaf(1399),Healthy-Leaf (951).JPG,0
2441,6697a1ae38ac1957f5737178c08bfda2bce5618b6786a7ff0f929b23db2fdd63,Healthy-Leaf(1399),Healthy-Leaf (952).JPG,0
2442,af0fbadf04c9a56b55139c13c945c17823f5c50d3b7165d57e88ae0761236835,Healthy-Leaf(1399),Healthy-Leaf (953).JPG,0
2443,b3dbe630901df3556ef9452bab5428af2cb07431e8e10b879b66784262d6ff7a,Healthy-Leaf(1399),Healthy-Leaf (954).JPG,0
2444,1814789c3f201a6ba0bef7f38b05b0113c96a4e8ab2e43938bd44ad38f41d4f0,Healthy-Leaf(1399),Healthy-Leaf (955).JPG,0
2445,1b5f48732cb69abdf94e5ad6be63c20dde54b8327ebfa1e760159d9a4cc38299,Healthy-Leaf(1399),Healthy-Leaf (956).JPG,0
2446,0ff8174d717c172d2bebe3c07b4b421aaf709ff259d2b7d5b39360b38b47468c,Healthy-Leaf(1399),Healthy-Leaf (957).JPG,0
2447,20cce75c745caf3907c55b5802f62cc7aa3f41b33c3095ba0b73a456dee1d8e9,Healthy-Leaf(1399),Healthy-Leaf (958).JPG,0
2448,8204eae201e7bb5828451cce5a2de76a02d27fa45902880eb7a202d282e2dd0a,Healthy-Leaf(1399),Healthy-Leaf (959).JPG,0
2449,9f8446e79cf9f3439726591497f892aca8fba2a6119665e6e561eaeb767fa11b,Healthy-Leaf(1399),Healthy-Leaf (96).jpg,2
2450,09d6b03d717c02ab4a59b16048eb63ae2a11268028831c266100515049f3bf57,Healthy-Leaf(1399),Healthy-Leaf (960).JPG,0
2451,1c9c8b502f2dd7cf94169ea6f6b327fb986fb856c836af4f0d5267d078d5f821,Healthy-Leaf(1399),Healthy-Leaf (961).JPG,0
2452,83ce71e52e2655fab4d7f23fcca3fa77301601e9e3c67995aeedd55b9e06b389,Healthy-Leaf(1399),Healthy-Leaf (962).JPG,0
2453,c1e27a4d5a9dc01a60bdbb5fba56073db2d7829a465fa69cc86dc72bbea0402d,Healthy-Leaf(1399),Healthy-Leaf (963).JPG,0
2454,cea763871fd5f91b9cbebf191633ec2677cd334f45de63f04c16fe339a9347ae,Healthy-Leaf(1399),Healthy-Leaf (964).JPG,0
2455,69bbccf5fbd773c28c5a487e69a5cd71685439772ea1d9e183addab33a0dc6e6,Healthy-Leaf(1399),Healthy-Leaf (965).JPG,0
2456,538b95c5b45de2ed7d3dc5d2898598f1310810298598be4aa1cc6bdbcfe6c5fc,Healthy-Leaf(1399),Healthy-Leaf (966).JPG,0
2457,242c6be303f74bb034b2e940c64b1d40f356a702a54bd294be53ca47b9b9fd4d,Healthy-Leaf(1399),Healthy-Leaf (967).JPG,0
2458,60c1eaad60ae65b4de7a8ceadf010917bf9de78efdab2ffed30a7d8191e2dadc,Healthy-Leaf(1399),Healthy-Leaf (968).JPG,0
2459,9956144a59d77254dae9f4e462d8c3a9349e69c9384bc8e4c40cf4d5b1172f4f,Healthy-Leaf(1399),Healthy-Leaf (969).JPG,0
2460,b2f7771aa1092d6c151fb67886cf9ad9cb8434e4cdc50af25e10ea7711659c96,Healthy-Leaf(1399),Healthy-Leaf (97).jpg,2
2461,1091cb93498b0714f949579759a806162d60167f5c123912dbb20660ff64f08c,Healthy-Leaf(1399),Healthy-Leaf (970).JPG,0
2462,10abccfa304cfad2375f90f226a4fbf14841d2e5c85ddb22a248e1e551c82312,Healthy-Leaf(1399),Healthy-Leaf (971).JPG,0
2463,5450778660f56f7fa58ec237a7196983176ec75e02d8bd98007e76769d986685,Healthy-Leaf(1399),Healthy-Leaf (972).JPG,0
2464,1904049b40455853c9a0769ec2b362f133b6e9545608bb7216259493ad56f89f,Healthy-Leaf(1399),Healthy-Leaf (973).JPG,0
2465,d1b47784fb7fbc5ccb3bd4b55f371e18eef25821b0bea4b23bc09e6dad8ca3fa,Healthy-Leaf(1399),Healthy-Leaf (974).JPG,0
2466,cb44f5057fdb41477c8c2830a4f4352fbd910999d036a3f6ff6b31997773edd7,Healthy-Leaf(1399),Healthy-Leaf (975).JPG,0
2467,e0d7fa14f4a25cf9172b09107dc77ca9c65fac4a861d12c3b585017180378a84,Healthy-Leaf(1399),Healthy-Leaf (976).JPG,0
2468,07b93d15806832e3400867a8830d1e07fd19a08f0ecf1da6017e337507be589c,Healthy-Leaf(1399),Healthy-Leaf (977).JPG,0
2469,e05a32943bf8209510d824db64aecf7c6276d0ae4d8785c63270172691e41212,Healthy-Leaf(1399),Healthy-Leaf (978).JPG,0
2470,ea7e875f1ec10935e2ab0afa0e386a5577318a823f4e0bb58426b97da6a67d0a,Healthy-Leaf(1399),Healthy-Leaf (979).JPG,0
2471,07cc6b50e1e9ab3aca3004c9cfff49120becba5443d74e516410a63099ba6252,Healthy-Leaf(1399),Healthy-Leaf (98).jpg,2
2472,f19a7428e30b0e9bc368e4c448fb4c9e41ae95dbbb6c4422bd77db5f7712f255,Healthy-Leaf(1399),Healthy-Leaf (980).JPG,0
2473,efe876f8e6b0985938f1460b3aeef3cd74de31a1be06183456e4f6c2383b11f8,Healthy-Leaf(1399),Healthy-Leaf (981).JPG,0
2474,a142f5bbd72b0d2dfd877d0e49682c76009515da030f2a69b624cfc0ac19490a,Healthy-Leaf(1399),Healthy-Leaf (982).JPG,0
2475,f39c63424dc9ec63a58efd1e5b94bd11e4fa704f46b25ff3c63335524c54b527,Healthy-Leaf(1399),Healthy-Leaf (983).JPG,0
2476,ba97d0a25c667e8761c3c07016c5f17cc95a97afdd1392bbc698263fe15136f4,Healthy-Leaf(1399),Healthy-Leaf (984).JPG,0
2477,44b65d21becddeea4732f83886f723db60f7cbd814940ffbdde2935b322f6d68,Healthy-Leaf(1399),Healthy-Leaf (985).JPG,0
2478,1a4cb0c010fdc6619557673d0525c4bb9594aaff430e4e4d48348fab65b5a7a0,Healthy-Leaf(1399),Healthy-Leaf (986).JPG,0
2479,0bfd38c6a91c26a1276b50dbd6b8b1546eeaf5903472006bf98aaa7c996b820f,Healthy-Leaf(1399),Healthy-Leaf (987).JPG,0
2480,18faff93987bc0f0d279d280dd114aabdfe5b43320dda53c946c5bc8316d95e8,Healthy-Leaf(1399),Healthy-Leaf (988).JPG,0
2481,9c5ea6a2ff63aeacfe0f26c7c3626787ab107813b606ff617919aa917247b08e,Healthy-Leaf(1399),Healthy-Leaf (989).JPG,0
2482,28fd43c967f8a8e71e7ce9b5102bbe9e29597cbd221b88cf62deb9de4506fde0,Healthy-Leaf(1399),Healthy-Leaf (99).jpg,2
2483,54e2d120838093a2859bd0cc41957d86b866dadbe12e8ea33612ee9b170c46a5,Healthy-Leaf(1399),Healthy-Leaf (990).JPG,0
2484,8264f0d3ed4b2da6758a9a7ad5b9e83fad298870dcb66cf1a2e2ceb0710acf53,Healthy-Leaf(1399),Healthy-Leaf (991).JPG,0
2485,6ed9a8b73b5a6a1e65587719023db55f168143a1093aae77f8f43fca8155cd90,Healthy-Leaf(1399),Healthy-Leaf (992).JPG,0
2486,cfcb8092ff209ac526bf41222e181d9ebde4a5511cdfdf784702061cf0a9508e,Healthy-Leaf(1399),Healthy-Leaf (993).JPG,0
2487,fdeeb5b37e1b08811ebf5822def11a9fdf77488ec2724cbf8fbb7b4fa9d54dbb,Healthy-Leaf(1399),Healthy-Leaf (994).JPG,0
2488,d2f5d335209b8f005d285beee3135c9587b8c3184c67a1a4372a3615daa5cf40,Healthy-Leaf(1399),Healthy-Leaf (995).JPG,0
2489,9cc0cb12c9cc87ee30ee6e5a142d616a21348923608c278d9aed76f4ee3e17dd,Healthy-Leaf(1399),Healthy-Leaf (996).JPG,0
2490,14048a3a57e9339f90e7478fec931d5f132f1cc2b5b32f2aebaf7350e8373015,Healthy-Leaf(1399),Healthy-Leaf (997).JPG,0
2491,eb85a1252b778646424c1688e77025bfcdac499528b4292cc958c37c57dc6731,Healthy-Leaf(1399),Healthy-Leaf (998).JPG,0
2492,91c1b5f89b1e47cc5b1f7db61456a30c707451f2972b932aa4d05434b4f1aefe,Healthy-Leaf(1399),Healthy-Leaf (999).JPG,0
2493,1fa4612d1ed63a10bba3a7e0788e12c1536bf9d0555116ce9fc3247a5e97c17c,Pest-Damage(513),Pest-Damage (1).jpg,3
2494,2c2ffea3c4c633b589057958bc8ade9e091c8b9098137aa8dd0cc0404e2c2283,Pest-Damage(513),Pest-Damage (10).jpg,3
2495,4b0c7252b848d06f427ae9f74f6dbef1e0850e4aeac5bc5da529bc3009b9ef35,Pest-Damage(513),Pest-Damage (100).jpg,4
2496,b379fc08a627800111b81f5bc2b9ef0a12386b84bb465a38ca8b34d434b48365,Pest-Damage(513),Pest-Damage (101).jpg,4
2497,3de77227c29477a8fd59fcb0e01c34d45cea58d9b963ea13199919b90c2ab199,Pest-Damage(513),Pest-Damage (102).jpg,4
2498,973f4a172d5942ce6ba0d3e2c1247760d0b4568e40ed6e69ea8efb24bdd50cc5,Pest-Damage(513),Pest-Damage (103).jpg,4
2499,4242dacc64b380758393f1b8d5422d8d93b919171cf494e1840ee56bd2679514,Pest-Damage(513),Pest-Damage (104).jpg,2
2500,246ec55e3d371aede5f70a5c6cbde6ebeb700859d2ee7248d5d988f8431ff55e,Pest-Damage(513),Pest-Damage (105).jpg,3
2501,67f41f2c49b13a1d0a597f0bb1952275b3920fba842b0763249f87f2746808e9,Pest-Damage(513),Pest-Damage (106).jpg,4
2502,2f0aec0482b2cc8c70745b7e9486573fe37906f1b05b1d28bb2ee5b2ebf1ab80,Pest-Damage(513),Pest-Damage (107).jpg,4
2503,087c7c22e59169a512f6d8e8e0e7a3a5ceddfcb2704acc15f18c4f6b3cac22e3,Pest-Damage(513),Pest-Damage (108).jpg,4
2504,023619aa04e8cc75895992c7ee40674c5ef80e1c158ae6bfbd789d50e1e96e0f,Pest-Damage(513),Pest-Damage (109).jpg,4
2505,d1f75f976ecdeccef46686e5ec59396fb5c4a44b2125c6264990b0016396d07b,Pest-Damage(513),Pest-Damage (11).jpg,3
2506,1f2525fd63985cbd1aff85633805b6f306d4963b62c3ea64d0cb11e3d0d67074,Pest-Damage(513),Pest-Damage (110).jpg,4
2507,02090df45c8ad7420cbcacd8a288497683fe3ef3e6249a5eb025a4e7d99187d1,Pest-Damage(513),Pest-Damage (111).jpg,4
2508,a90bca853cf119dcb0ea0d898ce8d3111ae21e4f2f4229c81de98c4f36eac66c,Pest-Damage(513),Pest-Damage (112).jpg,4
2509,7bc0902dfcb59a6849937a81ab6af21ebce5b3050671b0e42ea84c166a315e18,Pest-Damage(513),Pest-Damage (113).jpg,4
2510,f73e68a1fb9d99d991c960779b1975e6762f5082ea078fbf2cd7ba58827d962c,Pest-Damage(513),Pest-Damage (114).jpg,0
2511,8e056edafba3a24be7120eee7aa81e3cee97cdefeb9b917fdba413484fc4c54c,Pest-Damage(513),Pest-Damage (115).jpg,4
2512,469d425a0493fc5d5a279a69a26f3132a6bbd6db24928fee472d3eda48364d88,Pest-Damage(513),Pest-Damage (116).jpg,4
2513,32267b7a6171c8ed32d3107863ce45da72c1426d37d031318e2b7e3ab5eec84d,Pest-Damage(513),Pest-Damage (117).jpg,4
2514,de6968dad2bc2a81eb459f6ba3721be4fad29153d91fe8067be8a0cf1d3723cb,Pest-Damage(513),Pest-Damage (118).jpg,4
2515,9cc3a70178c8a01c0d6b31986e428409256793b0d603418577b46622d5e24cdd,Pest-Damage(513),Pest-Damage (119).jpg,4
2516,ba4a17df8d4886865995c9a6bb3ac9b172b788da702681e7684e9170db063132,Pest-Damage(513),Pest-Damage (12).jpg,3
2517,4a18a2fc07b1a8140d1edd9a4cbfef815189adee61e97e27efcef608b3c55299,Pest-Damage(513),Pest-Damage (120).jpg,4
2518,37831692a76c35440ec99be59c8090d278667c83ce4c250f396f76635ffa845f,Pest-Damage(513),Pest-Damage (121).jpg,4
2519,4b4c5b7288af8b25f1019c178dab7986220ff72d3ecabf1444d046c8a6f839b8,Pest-Damage(513),Pest-Damage (122).jpg,4
2520,1826a059bac9e56d08f55ebd50d4d2d2c813c26364c6b8bccefc1f3fbaa22982,Pest-Damage(513),Pest-Damage (123).jpg,3
2521,28c8ff3362efc93040a6614e05dc4ccb2fdcf3a58851f490c561b3830f490943,Pest-Damage(513),Pest-Damage (124).jpg,4
2522,d39685cfa5c7f079d9e03734b748be66b47b74daf2989c0d982e28a7dcae2596,Pest-Damage(513),Pest-Damage (125).jpg,4
2523,32dfdb111d20e93f307ed609d1012077880f8ac8cc1949890ec331ee818f7d8d,Pest-Damage(513),Pest-Damage (126).jpg,4
2524,fa322f123a2c9f669089d5ec64e04c8804a4ec6c9a788e6214d858cc83f0a8eb,Pest-Damage(513),Pest-Damage (127).jpg,4
2525,39e214c4558494bed4f50c3fc6dd446cbc8afc0c40fd82c42ad3e7b3c342de06,Pest-Damage(513),Pest-Damage (128).jpg,4
2526,4469e775b69cd54439f706dfd5e0e1272a8c1f57c1d4d5184431deeee5373e96,Pest-Damage(513),Pest-Damage (129).jpg,4
2527,848cb3f8993d4d2e3592b287b0b7d2cd6e9f59348d6955ba968d304fa1fcc375,Pest-Damage(513),Pest-Damage (13).jpg,3
2528,178de2cde5a36070300074fb051ad501ff258889de258c2011113dadf012e1a5,Pest-Damage(513),Pest-Damage (130).jpg,0
2529,a97295a8322deb61ac9839c404ca79618094388add9257bca2a6987b6527d86b,Pest-Damage(513),Pest-Damage (131).jpg,3
2530,6df9256c954570acbcde09e7cf325981fb75cfc2f555a451e00da7cc572bb626,Pest-Damage(513),Pest-Damage (132).jpg,4
2531,a992ac69716f2126337960cff8cb135b0f76847388d423dacf786dc12478efb1,Pest-Damage(513),Pest-Damage (133).jpg,4
2532,1436102da5a4ce1badcab2cfd34cea91e26fbe17e9e6eca885221d85a4961a4a,Pest-Damage(513),Pest-Damage (134).jpg,3
2533,448c0cec0069c1edc71b3b97055b99ab4c71907c92b024d065b3f85405606f33,Pest-Damage(513),Pest-Damage (135).jpg,3
2534,8fc97e714c3ef9803e8513c9ef4b9e1e60b01d43eb7ec9bf9fdead7a3972998f,Pest-Damage(513),Pest-Damage (136).jpg,2
2535,004f52ea1ad42601a0eaf436335f3369e7759162074c3ad318f41edf6060f3cf,Pest-Damage(513),Pest-Damage (137).jpg,0
2536,e091210c105f06c72bcd0d1e69f9d0edc6478a2c536e11b39b41cbfa5db34229,Pest-Damage(513),Pest-Damage (138).jpg,3
2537,0dc42cfe7403cf3bc94185bba6eaa5e93db86ddecf579a3b27b5b6c869c48a42,Pest-Damage(513),Pest-Damage (139).jpg,3
2538,f1836c177b157fcc84c8ca5c3f83294b043462ad7a2da7dc19eface23c2c3931,Pest-Damage(513),Pest-Damage (14).jpg,3
2539,b9ce8d7d37dbf246f9e551e638bd82db405c333b4e9e4224d7829f49ee7e8bc0,Pest-Damage(513),Pest-Damage (140).jpg,0
2540,eddd75e61828473223bae5d9dfa90ba7e40671e854d4b295236c2bc6f30726ba,Pest-Damage(513),Pest-Damage (141).jpg,2
2541,6a983718d9adc8f403f466d50cb8014002789b4025fd459a2703ed54428caced,Pest-Damage(513),Pest-Damage (142).jpg,2
2542,6787cc5a28541f204656a4e37d79c23fc822b0e3c8e8bee3d191e0eec5e7a966,Pest-Damage(513),Pest-Damage (143).jpg,2
2543,169e1ed1aa5443b8793e38f2069f1c432fabdb5af203545210c770f6f81c05d4,Pest-Damage(513),Pest-Damage (144).jpg,2
2544,73bb398ab78b01025c1ea27277ee7cef92e8b12cc0ba1553ad8ff1eba258c91d,Pest-Damage(513),Pest-Damage (145).jpg,0
2545,d5455f7e8cbe2a4fb6bc763fc95caf614169fc2352da13b4c8176fb021320938,Pest-Damage(513),Pest-Damage (146).jpg,2
2546,759ba4bdb98abf9a9cda82424f82a2f4ade825ee8a6dae39712932733d1d130b,Pest-Damage(513),Pest-Damage (147).jpg,2
2547,e7a7204cdc54d3e7d44f6d86388f74d796ee9906df299a3cc7762a60345f9e77,Pest-Damage(513),Pest-Damage (148).jpg,0
2548,774a6f10be84c298313d73f4de64049f804e9d8d50a7228b6e5046e25893b953,Pest-Damage(513),Pest-Damage (149).jpg,2
2549,a751c6225acb69bae5c1645e68acc2be7b31eee629ad7b9ae7d39dfc343b9308,Pest-Damage(513),Pest-Damage (15).jpg,3
2550,023776a5fea013f4a41f333d64d6f4b77d362d80f43320997c4930a2efe88fc2,Pest-Damage(513),Pest-Damage (150).jpg,0
2551,a456b38460f422836d22ed5341e1917bc53caccb250ba3ce92643224caf41096,Pest-Damage(513),Pest-Damage (151).jpg,2
2552,82ee576e7fb90c0703fba27e8571d30f815e0ddd1212fcb3657352e992b60633,Pest-Damage(513),Pest-Damage (152).jpg,0
2553,7a9e0ba572e6ff5f53d709186b88e9783d6b891f1bc315f46a87987ee145b7bd,Pest-Damage(513),Pest-Damage (153).jpg,0
2554,b8d132f6e4d86e87db9e00e3e6a98ece919afeb6322d3bf5261f365fcdaef5af,Pest-Damage(513),Pest-Damage (154).jpg,0
2555,e2cf868693255d0720ca4f9c1898d99fc9db0381915fcacbddaf0ca7cde0c04f,Pest-Damage(513),Pest-Damage (155).jpg,2
2556,78ba0e08e359dab9ddda8421dcd55435b18177aadc6e2bf9c40f0bcbdc6a93eb,Pest-Damage(513),Pest-Damage (156).jpg,2
2557,3ce6e4d36c3194e9e7ded9837d96a4e00b967fb532680969ffb91db023f843b5,Pest-Damage(513),Pest-Damage (157).jpg,0
2558,eab6ba02962732635869d8a724815b7b37e6a6b4261ace720d9026d6e03f8b2e,Pest-Damage(513),Pest-Damage (158).jpg,2
2559,df7b8076acd503466ed7825c529a04cad7ebd812ca17e3e10dda77883e6336f7,Pest-Damage(513),Pest-Damage (159).jpg,2
2560,09f790d038de08cd204dd13399f6fb534a855c6b5668835bc948add2e7ad826f,Pest-Damage(513),Pest-Damage (16).jpg,3
2561,f8f40037aaeb74b57dd3dc14bc40be9de35b681bd6c7a0c130077e377690abd5,Pest-Damage(513),Pest-Damage (160).jpg,0
2562,b660e584a11c5230a4459e0192279df41aa427bb55683b35d700486712613eff,Pest-Damage(513),Pest-Damage (161).jpg,0
2563,61f7ea02291aef0a2a955bce075f45916cfad8828e95e376695fa5992f55d083,Pest-Damage(513),Pest-Damage (162).jpg,2
2564,e685937b3881d3bc84a2911b004fbd6076113cfe0fd7611022f4cb16b0f74e79,Pest-Damage(513),Pest-Damage (163).jpg,2
2565,8e707b39cc0202f180a2376db6bda1cdebc4a64abcfd063cf3588e2dd29a8d25,Pest-Damage(513),Pest-Damage (164).jpg,0
2566,25ca3bcf73fe5997144488d2e0e857de8be336b22708238d3e28f185260b6634,Pest-Damage(513),Pest-Damage (165).jpg,0
2567,ec803f8f5c160ce5deb533725d2c585266906f57cd221e7967befb3c19262b27,Pest-Damage(513),Pest-Damage (166).jpg,0
2568,8efffac7dd623e18f4e56463057004b191d64be760f9f206db20edb4cb4b7ffa,Pest-Damage(513),Pest-Damage (167).jpg,2
2569,b0033f8988f2dd15bb8acf420a966e29a0f170584d9e82392ce532dfae2c1c71,Pest-Damage(513),Pest-Damage (168).jpg,0
2570,c6ff4d05301336591060970cc30cdaad1dc417e390e49a11a3905cf21b61e725,Pest-Damage(513),Pest-Damage (169).jpg,0
2571,5d07a70b69e3b13d9438e218a92e6095edd4c085f9a8e0ec1042bf8b1644ec22,Pest-Damage(513),Pest-Damage (17).jpg,0
2572,58506751ebc9529f1c5cb122100f65986d801341303ac9ab0307639e7bd6be78,Pest-Damage(513),Pest-Damage (170).jpg,0
2573,93e8a6b217a0e8a2a9714397d43a13d0027f7adda295c8a87276291f97635947,Pest-Damage(513),Pest-Damage (171).jpg,0
2574,9c644ded6443fef1c47e643b78668e73897c4e8e09ba0c4e3fa9262ad99b9358,Pest-Damage(513),Pest-Damage (172).jpg,0
2575,2147e00f1d305c1c4fd01fc1e3c9c4709de5f349fbdc690253cc6207fc8a555f,Pest-Damage(513),Pest-Damage (173).jpg,0
2576,a58c529ffb4485fe205197701306a6a631e5e6fe885a7e3ca682231473972174,Pest-Damage(513),Pest-Damage (174).jpg,4
2577,d54d8618786e972b07bbdf7b6cc35715a1aa047db528a52c9f6c478aa6a46a0a,Pest-Damage(513),Pest-Damage (175).jpg,4
2578,22260f9e619e30defe88ae890042cd83e18cee859dbbe32b578159d80eaeee57,Pest-Damage(513),Pest-Damage (176).jpg,4
2579,e9c5db8772b81f7d01ea2305058d389ffbfc0228f86872b7cc94622143b157a4,Pest-Damage(513),Pest-Damage (177).jpg,4
2580,8ac8a2c9af7d3a4fdee450a6d548a0668f2ad4af22d7cfa8f0e143dde504729b,Pest-Damage(513),Pest-Damage (178).jpg,4
2581,b1652b1bfbc944a32f93d54d14dadc8f770cc2a990b6301aa42c94166a9f365c,Pest-Damage(513),Pest-Damage (179).jpg,3
2582,0a0a19724a8886debf8a2adc9f9f5431c6e9d7395ccdb6daa3965ea0dfbe8998,Pest-Damage(513),Pest-Damage (18).jpg,3
2583,ff935a3a0294b25bb046b3f53933511aaae9f467975711630c3353387bd8959f,Pest-Damage(513),Pest-Damage (180).jpg,4
2584,cf6cbb1a07e640291a6937c970091cdb1396932fa4dd593286469ff9fb507159,Pest-Damage(513),Pest-Damage (181).jpg,4
2585,2e3cb2acaad0aa725127801ee7a42c823c7d7ac58a02e57e2f7a81e08cebd723,Pest-Damage(513),Pest-Damage (182).jpg,4
2586,563f1380ec2e7cf8504bce391accf3b56bd8b09ccb2212e40f8b719eb28be9a9,Pest-Damage(513),Pest-Damage (183).jpg,4
2587,ef35138214147d7577902ba3586fff033ad0b6952f31a88c4db8196b04e07af0,Pest-Damage(513),Pest-Damage (184).jpg,4
2588,13f45c7d775e0cc544df0fc4506894e973382d7a3502ed3d7e9ec7dacb37013f,Pest-Damage(513),Pest-Damage (185).jpg,4
2589,765923b9abeb3574da738754a9dc8fd1bd33bb13e4ba22177402387209d6a5d5,Pest-Damage(513),Pest-Damage (186).jpg,4
2590,2fe7755b462ffeb6406afadca882329f491a2673cf16aad1d34a3612aeae068f,Pest-Damage(513),Pest-Damage (187).jpg,4
2591,b3a3d1f0f21a17627ce44e232ecf359dbedee7edfb6b41611a7b07ea1b0cf1a3,Pest-Damage(513),Pest-Damage (188).jpg,4
2592,bb84c7a66f254bb8f254753b0a6ddfac92c133427f4d19f157c55b28ae53196c,Pest-Damage(513),Pest-Damage (189).jpg,4
2593,ebfdeba2f62fb6ef4462c649160ae64a602bd761d70336c0790a8a7b9bc8ce45,Pest-Damage(513),Pest-Damage (19).jpg,3
2594,f206f68ea8e77ef6d5cf3a4032ccc3dec2dd5e8a2698572d1f358021c3bbf282,Pest-Damage(513),Pest-Damage (190).jpg,4
2595,f2af0ac48653e4a43c2ff8bcdca7a450d780adb088c2dea88e529054a08e4218,Pest-Damage(513),Pest-Damage (191).jpg,4
2596,43471b7f45431e96d37239fa5e47e930f3789b140287831774354bf9a95a6633,Pest-Damage(513),Pest-Damage (192).jpg,4
2597,7b2d2bec0ca602834df041005320e15c03c4d454799e0511cf9dab42c4242d19,Pest-Damage(513),Pest-Damage (193).jpg,4
2598,3a2ad3e4fbc00193c0dadb7c115ece7e9720dd37577d69e2630a63f157b8d405,Pest-Damage(513),Pest-Damage (194).jpg,4
2599,f473b68e8c6e87557b7813f655c642fae3f3f397cc4582fadb8355adb15822d1,Pest-Damage(513),Pest-Damage (195).jpg,4
2600,b238f393d107b045ef7361ba8f2462ea81cc3f1ac5e164699bf4f46c12911650,Pest-Damage(513),Pest-Damage (196).jpg,4
2601,bc818d4e5e4055a4fc7056878b57ad7267acf3504d19a0cc7fc27d5c03f4c187,Pest-Damage(513),Pest-Damage (197).jpg,4
2602,864b08bfcac6b9c13a973e2837f4171d8b67ef72bc9aa83c3b874a3de774ffe1,Pest-Damage(513),Pest-Damage (198).jpg,4
2603,b7209014b8351e3a1123b7c5e88edca270be6ef0d86ea6a4d56d2f3512ec2dbd,Pest-Damage(513),Pest-Damage (199).jpg,4
2604,f371de17e1fabab58b7d32046526f77342460f8455b751eb91ff446122f8888b,Pest-Damage(513),Pest-Damage (2).jpg,3
2605,4155d93bac5435b7c7aa6509a22c9570795a41567e993d5b89df2d453f91fe7b,Pest-Damage(513),Pest-Damage (20).jpg,3
2606,9de3c2c87673fbe25b3aa43ff8507f7cb27aba1969d2d73cf0787328e74d5eb6,Pest-Damage(513),Pest-Damage (200).jpg,4
2607,783ad00ed27e9b4e5836c73361c936bd83736f1adde8fd6d7d0480773fa88f1c,Pest-Damage(513),Pest-Damage (201).jpg,4
2608,0278bb932df2ea1c489d9df1d909ab074a45777e3c9954e3ff3e7d699695dd39,Pest-Damage(513),Pest-Damage (202).jpg,4
2609,76f8c8fd3a04742cec74f2794c3cc15f86647e2f7a4d1e3d564dee94c94e9d13,Pest-Damage(513),Pest-Damage (203).jpg,4
2610,10a54b9832f0357740027d7e64f7f8c0ba935231aa2e46e13ff45030ab13e808,Pest-Damage(513),Pest-Damage (204).jpg,4
2611,4083091f4cdefc987b4817651c2ec99d750f67476f0f3beb7643ce8009f330ee,Pest-Damage(513),Pest-Damage (205).jpg,4
2612,fab28d4b566a28686f9e2b5cc35641fc67c7984c3096bc82bf36ec90861d420e,Pest-Damage(513),Pest-Damage (206).jpg,3
2613,379f76115c38dec083d4b1e728f1052b5a6bdfe218de82ca75985d533de34924,Pest-Damage(513),Pest-Damage (207).jpg,4
2614,1232b68517402b5c81aa5dec6e839e810b6d98d71fd2c30828326cef92248d17,Pest-Damage(513),Pest-Damage (208).jpg,4
2615,8d3f6ae8fe994caf4dbad54e1cdc616a83e9417655b66466dd326173e8df1b1b,Pest-Damage(513),Pest-Damage (209).jpg,4
2616,20606ef7544c0e09463943f68c64e43d306284fb2e720a648ba3d20ee0124a82,Pest-Damage(513),Pest-Damage (21).jpg,3
2617,f2f8188087f36042393719845f37600ab82c7e6edba0b0674c5f68e21ae09620,Pest-Damage(513),Pest-Damage (210).jpg,4
2618,8862662d28941d87fd17576ffa64c24003711bac957e1b86a789413ead2e5dbf,Pest-Damage(513),Pest-Damage (211).jpg,4
2619,92ce988eecaac870fa98f2a38613ab47d351bc54873102122ede3e596f747fa4,Pest-Damage(513),Pest-Damage (212).jpg,4
2620,e7f6886953474f98b3acedbd942e96a0b3eceee41920f0191bab2741b15916c1,Pest-Damage(513),Pest-Damage (213).jpg,4
2621,88ed307a7ecb62b3b65c574dd65c1be278a327ffe772746d1096ed538411c856,Pest-Damage(513),Pest-Damage (214).jpg,4
2622,0914aa94f623c7d47951e373694f875bfd3bc4ded898ae94c4b465e0247dce4f,Pest-Damage(513),Pest-Damage (215).jpg,4
2623,9bb35b1fbe07b1f1a70b9d922d08adb54cb1f6552e2c395c0fe4399716d39ed3,Pest-Damage(513),Pest-Damage (216).jpg,4
2624,98cc0419adb92ae9d12d174f5177f4abbab4985b9e885c29c78a2c81f8710aba,Pest-Damage(513),Pest-Damage (217).jpg,4
2625,f565dbecbd4025715d90a6eea289ecc307a5ac69190dbebf5508a6b8c3724413,Pest-Damage(513),Pest-Damage (218).jpg,4
2626,d01735cdd73ce5bfa022cdce0f8c01122f39f4f819a65719dab2900be78c22be,Pest-Damage(513),Pest-Damage (219).jpg,4
2627,774cbcd98968da2f8e63fbe649ae8f7e370da433552bbc69bd2a0322b2cae1ba,Pest-Damage(513),Pest-Damage (22).jpg,3
2628,34dd3eb63aaf0b88d1d19191435f4600627285f911002f2b3c6051247d0f0a2b,Pest-Damage(513),Pest-Damage (220).jpg,4
2629,b00a5da73f0dd8e475073596d0d7ee7a248a0348237b5e9ea6fe641492115bb7,Pest-Damage(513),Pest-Damage (221).jpg,4
2630,22b050c5c35bfbd7b42ca8d5a1ce04ccbe0eac1c814f96d48a0e57f108d88047,Pest-Damage(513),Pest-Damage (222).jpg,4
2631,c447d91021d25365e74770e210144c9f418fcacdcb3f78bb0ac405f51dbd9c82,Pest-Damage(513),Pest-Damage (223).jpg,4
2632,03214ab8cf1ebb5d8cfe2af1588ea84f5461f39969985b728509598ca7e1a2a2,Pest-Damage(513),Pest-Damage (224).jpg,4
2633,6b16332c474e2b0e7a504111a43dc16e86c713923f718edb1bb9ead4d1fe04e9,Pest-Damage(513),Pest-Damage (225).jpg,4
2634,ae08efc7f5479b9113eb2c39e3179ba97b855310187aae66c6b817cde810eaa4,Pest-Damage(513),Pest-Damage (226).jpg,4
2635,c33977e317920b2a75b1e7af5bde7d535d768c0e57f82149a1fabc361488a05a,Pest-Damage(513),Pest-Damage (227).jpg,4
2636,2941081127c54da6b7f829a65f38030996c96283f44ae0ddff031c662676cd0d,Pest-Damage(513),Pest-Damage (228).jpg,4
2637,e5883bc2d89ee53d645aae8e01fcbb8ba07f42a0633376bb07ff0c68802fed8c,Pest-Damage(513),Pest-Damage (229).jpg,4
2638,8409bb56feac2f14c3012761767778b69f20674487d5ea229def927f024c2f9e,Pest-Damage(513),Pest-Damage (23).jpg,3
2639,85054634effc366d0716c0cc6430e56f9023b0ace45b66666a37717c3b790d79,Pest-Damage(513),Pest-Damage (230).jpg,4
2640,59466489f44ea7373c3eb5ebc60aae4151ecc7ae10b8ef1378b2d5d5bcc9cd2f,Pest-Damage(513),Pest-Damage (231).jpg,4
2641,28c181a48ead6e759d96a30e2ec198458895861fa88d749cf3447db496c35b2e,Pest-Damage(513),Pest-Damage (232).jpg,4
2642,64d3c9b23fde9895e910ef481f73532bf63c70042a69202c8312412fe85ba1f5,Pest-Damage(513),Pest-Damage (233).jpg,4
2643,0dfb6ec48d500a88385a09e88335522dc1c69c3a887af70c416cb84d91c77d87,Pest-Damage(513),Pest-Damage (234).jpg,4
2644,5902773724053cfe90eced571d492babd98df0e3a9f6588ea8ea673d059bca7a,Pest-Damage(513),Pest-Damage (235).jpg,4
2645,b72ee4d0637ad2f5c3009d4c98f16956d3047a46ab6970787e30e1c99b41d1de,Pest-Damage(513),Pest-Damage (236).jpg,4
2646,327c2760561a6ae6ef1db5dae8af182ea29c2225d1fe40905a5dc1e90ab92f90,Pest-Damage(513),Pest-Damage (237).jpg,1
2647,d5d93b19fe65765015c9a0bd8438478d1d93439182136d4476c0a3ac2c20010f,Pest-Damage(513),Pest-Damage (238).jpg,4
2648,55f18e3945647e8240efe04be0cc35cc5e05c8ebe13061a39ee20629296c52bb,Pest-Damage(513),Pest-Damage (239).jpg,4
2649,3147b6a1888455300465cec3a27cb4d0e2bf0f65aebdd7bc09c7d79add06407d,Pest-Damage(513),Pest-Damage (24).jpg,3
2650,a90ea7a74679d87823b45a2b389b316601778d28668f98d73e34aa8697d62869,Pest-Damage(513),Pest-Damage (240).jpg,4
2651,2cbbcfb2b3a102f1f67c55f5dbe08cf6d435fc143c4f6b36afd888371be57b5a,Pest-Damage(513),Pest-Damage (241).jpg,4
2652,550b2de83171a9069b82f0d1adde8c89ffc37e6bbe68a12cef247cc97198bd8a,Pest-Damage(513),Pest-Damage (242).jpg,4
2653,224e2872b41eb4d8efbeeb9ad05ea4d43e2388e5550ed3ff27b03b7c7becf054,Pest-Damage(513),Pest-Damage (243).jpg,4
2654,7129f1d8489c06dee6a0f62709c864b9f9b645619e42b279e08b7bd712dcb7f6,Pest-Damage(513),Pest-Damage (244).jpg,4
2655,71683d5da00accc440aa129d5c05da789c142d295923c2ab5bc577d0d044d2d7,Pest-Damage(513),Pest-Damage (245).jpg,4
2656,d2d07ae0dcec45211d7c3e4268eb71bbf8058879ac018542891662ee6f6f2a19,Pest-Damage(513),Pest-Damage (246).jpg,4
2657,f2af5141f08cb7536df09769ec37601557a8564b3ca155a6c68785312bad66e0,Pest-Damage(513),Pest-Damage (247).jpg,4
2658,34d0831b0433a47730016d35cbbb63620dffab36707de9be8c5eb2162ab2d4ae,Pest-Damage(513),Pest-Damage (248).jpg,4
2659,95aa01a5a88005f3a523d39486abceb2da1f34019fa2b0f0184d5e5b72db90c4,Pest-Damage(513),Pest-Damage (249).jpg,4
2660,34f3ad9d091f79d93b32c201f1ca8e14830f20eb80719725dc6aa802a29e843f,Pest-Damage(513),Pest-Damage (25).jpg,4
2661,eb68b6a6c9c356277ffd1e370a6ca0eef174bea1231acb5f10df3f62d1c099c7,Pest-Damage(513),Pest-Damage (250).jpg,3
2662,1964d3a2e113cd2a2bfcdf8bb495da14103c3ff5cb848d51b92009243a4b5249,Pest-Damage(513),Pest-Damage (251).jpg,4
2663,b9ebe6a6811ab1206d9150f9d8caafdbbb7d602dd2d296368ed36cf2a4b28b55,Pest-Damage(513),Pest-Damage (252).jpg,4
2664,6af742a595703592c4cfa1117b2a39465e489f15682ad666bb77f63f1cc4ef3d,Pest-Damage(513),Pest-Damage (253).jpg,2
2665,7c4271355e67467f2027cce315097b67c727dcfbf8501e4c82308cbaf672f84a,Pest-Damage(513),Pest-Damage (254).jpg,0
2666,a473f02f960ee514700e1c6076cdb76a7cca6f53eb79d7beb636748230e82f33,Pest-Damage(513),Pest-Damage (255).jpg,2
2667,46abedd96804a048ef40ad49734bd516e649d96effee435463c91ee27f3eb083,Pest-Damage(513),Pest-Damage (256).jpg,0
2668,399c4e71d1487df5557843c24a9c2a114209731ffacf78dedc2ba1395a4c6817,Pest-Damage(513),Pest-Damage (257).jpg,3
2669,72785c31f1c2cdfa881defe0cbce2b74f4d09af2ec92b49385768179177e80f3,Pest-Damage(513),Pest-Damage (258).jpg,4
2670,a79774c2f51904b62cdd68d4aea6fbc91f59b5fa956394cd55867e3c21e7bbc8,Pest-Damage(513),Pest-Damage (259).jpg,4
2671,7a95b5696aa4eca64d7502cd337e1b931fbdf0432af2b57b95a157312624accf,Pest-Damage(513),Pest-Damage (26).jpg,3
2672,09372430c4484b8cc46a5bf9fb1beb03cdc031d24d24e3c295e4a80d730f9459,Pest-Damage(513),Pest-Damage (260).jpg,4
2673,c5dfa39af205fa89a2c6c00f07199522bf4e4ceefc3ae9a6cfb5c3d813455efb,Pest-Damage(513),Pest-Damage (261).jpg,4
2674,32b4aaf74829ffa75387f75c3f2fa274df162f8cf7bec1bf65215f0b4393173d,Pest-Damage(513),Pest-Damage (262).jpg,4
2675,e030540f2c816d3fbb209949fecd97bdfd78ebd1f6cc0f2c9158d513b2783c8c,Pest-Damage(513),Pest-Damage (263).jpg,4
2676,58f4cfcd2a19a29426b16d01396a29fb735dd447653ce355c8a6ce2ceab79f6b,Pest-Damage(513),Pest-Damage (264).jpg,4
2677,102d3eefeb8f905f4d37e67eb7f72603ca1e6c63bef493cd353e4c98533b757e,Pest-Damage(513),Pest-Damage (265).jpg,4
2678,0cfbc5ec19eaab2bf0055b6ce09791bd6fe6e49f04b3517cda1820185a650586,Pest-Damage(513),Pest-Damage (266).jpg,4
2679,594404e35f31fbeffd0eda11647a0db50467b71b1c47eb27995114bdf5082124,Pest-Damage(513),Pest-Damage (267).jpg,4
2680,6a564ead81dc9e5fd559ce6d7a7731d094bcaecf9925045d5457c43431f868b3,Pest-Damage(513),Pest-Damage (268).jpg,4
2681,5c14ffd6ce4941ff4c6b5ec0c6e9efe194963a3298008dd5c3ee83367c4dbf0a,Pest-Damage(513),Pest-Damage (269).jpg,4
2682,7b7fd1a4069851204e8cfe8ea82b24216e21b2cd5e4122d27333e6a24305342d,Pest-Damage(513),Pest-Damage (27).jpg,3
2683,dccf006affaceaa65ea4e58cba861779fcdcb4c538d2e6393b814ca9678bc8dd,Pest-Damage(513),Pest-Damage (270).jpg,4
2684,e3db9073657628fe353e806328651677e1cbf196f754d0afcec20a8adf1949f7,Pest-Damage(513),Pest-Damage (271).jpg,4
2685,bbee5f9ad625b6db561f087a43c6f53c47954837aa08b45d8d20fcdba095cdce,Pest-Damage(513),Pest-Damage (272).jpg,4
2686,c28a95d2ef4f3592c34cc3a6a88fb9a1683c96be015cf520da3872a602ca6a1e,Pest-Damage(513),Pest-Damage (273).jpg,4
2687,2c8e1c2cadc74411f5563cb9f0086dc3d9ed9a1321fba3c9222bc15d1b3fe499,Pest-Damage(513),Pest-Damage (274).jpg,0
2688,3b69066c74056a9fe3a5c891f8e784698ce45710f8a81fd2d4ec49fb9a6a8008,Pest-Damage(513),Pest-Damage (275).jpg,3
2689,78e3df749a7d4591dca3990997380bf3199799b76da5cace9d3460c7a317e3dc,Pest-Damage(513),Pest-Damage (276).jpg,3
2690,b35e507a1d7bfd8376c3f3684aff2d5fbfc487bb6061d0d371a00e15fca7e729,Pest-Damage(513),Pest-Damage (277).jpg,3
2691,ba935dbda653a6418b794d7ecd4c6caab13ac20cfb967270429464c0ac0e22d0,Pest-Damage(513),Pest-Damage (278).jpg,0
2692,3f5a91b98814fce1c3eaecbf22b9ec3dc959f979921176e03dcad101a443d91f,Pest-Damage(513),Pest-Damage (279).jpg,0
2693,c07593fcfb06e761269d39b711b51e6c6995b1c72f73d6d1b95b2296719cea6f,Pest-Damage(513),Pest-Damage (28).jpg,0
2694,9d243d77c3f893eb7d2756ff2a0c5631904a6c02c04dd4eec3c24aed65ba6b0d,Pest-Damage(513),Pest-Damage (280).jpg,0
2695,d4c96f64f3c429c51abcfedcec29f11c956a6e6e0cc63e0f293ce7d7ec497c0f,Pest-Damage(513),Pest-Damage (281).jpg,0
2696,7ee80d68debd5459c5c6f9b6548b9de00a0fb55c2541633a975955a1cc4f4116,Pest-Damage(513),Pest-Damage (282).jpg,4
2697,93b562879da2e985455c8568f418aed06fd07213272006575e156c9f198c6d9a,Pest-Damage(513),Pest-Damage (283).jpg,4
2698,9485eb804ca4fd8f8d85c7311c4b211ce7eb3946c5e086c7e5a965fc2151ec11,Pest-Damage(513),Pest-Damage (284).jpg,0
2699,a300b680520a9110d58b26eaa3c1ae1990cd4031451aa86f6d9627c925f05033,Pest-Damage(513),Pest-Damage (285).jpg,4
2700,927e185bd175f42dec4e556b89036bd34a48848519f7fd690e14b23d0c5234ab,Pest-Damage(513),Pest-Damage (286).jpg,4
2701,9e3b81f1d5ef0a196954d028fc68c53291c7033749374f8e55b7fc960a14a6ee,Pest-Damage(513),Pest-Damage (287).jpg,4
2702,0cec735ae21e9c2a6574958d664683e16876541b798c19f438e7cf4a251e2280,Pest-Damage(513),Pest-Damage (288).jpg,4
2703,36e7bdb55d017f7779d257595b761f4aff1e3be24dd83aa70c8f9710405aa460,Pest-Damage(513),Pest-Damage (289).jpg,0
2704,5996dc64ed731c2b44df33012ccfc4c1895090076e6485fdfdd0dc35fedb1475,Pest-Damage(513),Pest-Damage (29).jpg,3
2705,783a7dd3930b95e8ecb446aa36f2ba312f5ea30f421bc846697580bec88a2e07,Pest-Damage(513),Pest-Damage (290).jpg,4
2706,c0b26f00287c173e6ca3d68ce691c4486ece736bbb7cf0353b692eeb0c5ab859,Pest-Damage(513),Pest-Damage (291).jpg,0
2707,fd72fea390a2d301d015ecaf524543be7782066172c4026cbc39f071a665c466,Pest-Damage(513),Pest-Damage (292).jpg,0
2708,deaf990ac693f98a777ab938e314ceaded3bd4c7b1bdf807bc3749ca59125051,Pest-Damage(513),Pest-Damage (293).jpg,4
2709,5f4c12ee1731ce2719e1366911737af6d6ef330ebba73c66c876b028d65d9512,Pest-Damage(513),Pest-Damage (294).jpg,4
2710,28eee6cd910fcd7dde9a50ee45d62a0e52678159f8cf165397446625ef4467e6,Pest-Damage(513),Pest-Damage (295).jpg,4
2711,1b20722b1647da916ab7ac6b07e3674defd7f9373626a19fe13b578ef94a08ed,Pest-Damage(513),Pest-Damage (296).jpg,4
2712,06513b563bea71b2e60a7cdd0e80ea3b55f006b8171463cd689a249b5f12f0c2,Pest-Damage(513),Pest-Damage (297).jpg,4
2713,0c7e99e6bc68f2cd7390b1c00cfb72bdf8de2a01f7a96b9c22da273ce75396a9,Pest-Damage(513),Pest-Damage (298).jpg,3
2714,93b588aef8570a14afdfc7c6b4ef2667fdf8f25574813cc9d0fe1b18764a8cdf,Pest-Damage(513),Pest-Damage (299).jpg,4
2715,4f42fe743dc4985ddc33c8c609f320ca52897e3aebbb151eaecc252b18502ae0,Pest-Damage(513),Pest-Damage (3).jpg,3
2716,3a9d02be406fa008c42dfe399731f94e3bb042f76754b8903df9f7b1dc928657,Pest-Damage(513),Pest-Damage (30).jpg,3
2717,f729be1ae7c610038d47bbfdb4e0960a79ceea37c36b019296db2f69d19cffef,Pest-Damage(513),Pest-Damage (300).jpg,4
2718,6f0dbdbf42c4e5222e1b1218fdf9a2263e30b99d8ad3b787c6542776b2aae653,Pest-Damage(513),Pest-Damage (301).jpg,4
2719,e50e0b6e25b1dec590a430e127fba7d18039b499781e2b5f953bd879dfa93ec5,Pest-Damage(513),Pest-Damage (302).jpg,4
2720,d72c503caab0e10565b28bb64e22b3265a6e48b9c571bbd509889a1086ff6500,Pest-Damage(513),Pest-Damage (303).jpg,4
2721,d7382064a7011959cf9387fe59e0f37f2b7726ff19b02d0e491577ad0a93a92d,Pest-Damage(513),Pest-Damage (304).jpg,4
2722,ff5bd2791de5b93e97d502e65688cc940261f1ffe34a32a03b4fd8ebdd99b7b6,Pest-Damage(513),Pest-Damage (305).jpg,4
2723,8317b51c43c338816fd2d70007e8bf673255cec6f016c3b1dd61742fa517ebfa,Pest-Damage(513),Pest-Damage (306).jpg,4
2724,bcba90e723d8785cc7523d74b46611b86142596928a7bc28379cd04339d69668,Pest-Damage(513),Pest-Damage (307).jpg,4
2725,99ad89f9b9cdbdfd03272ba0d8576c0dbd129aa1f9cb2a39a337ca6bbc6d257e,Pest-Damage(513),Pest-Damage (308).jpg,4
2726,0b88a03e68e41e6c7e5ea299407c4b9260798fb7dc9f2344988ce75d86f452e1,Pest-Damage(513),Pest-Damage (309).jpg,4
2727,61ffed984058daa8dd6713c8bd305bbe70d2dae6e489ed3db672652a5aa51f75,Pest-Damage(513),Pest-Damage (31).jpg,3
2728,ec22e4933574b786b81966aea1f93d25593991e07350dd9d107be87377315659,Pest-Damage(513),Pest-Damage (310).jpg,4
2729,1b0b6b389e184a744defb4afdea335989bab78d987814f9bfa5c0c060b871a5f,Pest-Damage(513),Pest-Damage (311).jpg,4
2730,640eb79cbd747b70576df62a65c1661149de261b58b3b6a48e6c20fd85826814,Pest-Damage(513),Pest-Damage (312).jpg,4
2731,915a1e721c2961f36e9dfe3a054c699a2f5f3928b97bb09b8d599d948feb8883,Pest-Damage(513),Pest-Damage (313).jpg,4
2732,da46b4c8aa763fd11341ffa6ce682e21fd59c65e09d6a97c39df1b192fdf7f1c,Pest-Damage(513),Pest-Damage (314).jpg,0
2733,69d866adbc2438c7a312dd5b90e7d1a5e0a8c754678010370a474ee910e0410e,Pest-Damage(513),Pest-Damage (315).jpg,4
2734,1a4f41cbf61297197d6965df2513c1a92eeb598255700f2af0fb535d83faa8e6,Pest-Damage(513),Pest-Damage (316).jpg,4
2735,85f0758b698418adc3b7a934935567e34459688bef2eec7a1773105ff538ae5f,Pest-Damage(513),Pest-Damage (317).jpg,4
2736,c4648218e93e15810f1efc56d79a2d2ea35e8eaa93e83e32788a2d9b1be9d12f,Pest-Damage(513),Pest-Damage (318).jpg,4
2737,f21dce3105f672be3652db5f491a3e3f68b1c086b1891cdb7a79183bc9d40745,Pest-Damage(513),Pest-Damage (319).jpg,0
2738,3f0982a44d1e41e29539de68361616165186d6871f0747aa89f851db6531a07f,Pest-Damage(513),Pest-Damage (32).jpg,3
2739,b312ddde4033de4c9b7cf0dcb71a361e08fb590f599aefd0bb75a3d10e6f6f64,Pest-Damage(513),Pest-Damage (320).jpg,4
2740,ca1e5a288b301db2e66cdeaa5a91fe323c92a4b2b414d35031dcef49a2d4df10,Pest-Damage(513),Pest-Damage (321).jpg,4
2741,5f7debcea9dbf7ccf3ff487e94133e30f91031b25d6a2d23cb0ca0cd3ac763ad,Pest-Damage(513),Pest-Damage (322).jpg,4
2742,37fdc2dc0747ec957a30a3f192010fbb2c11ed20020e313a42ec181d0dde444e,Pest-Damage(513),Pest-Damage (323).jpg,4
2743,2d3c988c2c7cc34589939118eb147e3eb18e4e4f496d567ea33d339076de5f83,Pest-Damage(513),Pest-Damage (324).JPG,0
2744,7971973c02a0e4fc705a3fe84814b885ad97b5537565b713e37d1bdf275f02ad,Pest-Damage(513),Pest-Damage (325).JPG,0
2745,f782ef4cf456cb99a7c283d563571e75787152e8548fac3e023eaf03c3495a26,Pest-Damage(513),Pest-Damage (326).JPG,0
2746,1c9db63c95f94122e4cd645decbb944c60b115a488cd400ea7c506fc261d6ce8,Pest-Damage(513),Pest-Damage (327).JPG,0
2747,103166643f4b65be7718e9f71eb13ddb1cbc663a5f52eea6917f2da67b2abd6f,Pest-Damage(513),Pest-Damage (328).JPG,0
2748,38518d60043d3fda53b27c6088004b7e35efa6ebfe71b4cb03a869aa3595ab72,Pest-Damage(513),Pest-Damage (329).JPG,0
2749,0a5b6c427d0506d72364c9057e6ecc9c5fc0822b4ef5faf9efbb352f754d3f06,Pest-Damage(513),Pest-Damage (33).jpg,3
2750,0ea60a9a11eb76831b042e8771d1335ad49d40be17b6d0ef6f6b5af544f0a9e4,Pest-Damage(513),Pest-Damage (330).JPG,0
2751,0891dced5ccd6d26eddf705483ac0c460f2cb3be53b8528820ad4a63cfdc8f80,Pest-Damage(513),Pest-Damage (331).JPG,0
2752,d95dcba5da14fda5a7d5f693be30b22896f52b5fae37044dfba22db7da0f330d,Pest-Damage(513),Pest-Damage (332).JPG,0
2753,d0964ec3928292c9ec439beaaa7ad382fce06ea54d507735dcb8ea200ef9775e,Pest-Damage(513),Pest-Damage (333).JPG,0
2754,ca39bd5fb573a4232eb2f8a22e8d0fe28e9a8996a757d59e305a161a6a14b917,Pest-Damage(513),Pest-Damage (334).JPG,0
2755,7b231802bcea970f918cfeec035e8842be4bdc94e96f6a750f32617429c1bc83,Pest-Damage(513),Pest-Damage (335).JPG,0
2756,bdc724db0587dbc6a97886abfe42b01b0e93b3d6759ff4c3e35c61cf58f21da9,Pest-Damage(513),Pest-Damage (336).JPG,0
2757,ce1a31cafe3f987e0f06a5decbaecb4745b40b1f5d1c1142330f50843c59a1e5,Pest-Damage(513),Pest-Damage (337).JPG,0
2758,e89525382c97f1ff7f4dd597778fa9a38053c79b388f0764d7e6f1062d24478a,Pest-Damage(513),Pest-Damage (338).JPG,0
2759,f9626225cf7f947a75c235e9479e06536642bbd8b5a3f2000dee7b6d9703ba5d,Pest-Damage(513),Pest-Damage (339).JPG,0
2760,4696a0d51474bf2a08807a526c43d15b7f3a593d11048c249c2ac19b9d88712c,Pest-Damage(513),Pest-Damage (34).jpg,3
2761,ea816322894660d519afc491c4f7f61d0c3c177a03c4160275fab9d88c437ac3,Pest-Damage(513),Pest-Damage (340).JPG,0
2762,6f43a4093b5323bb58e368e8eafc5894c9c78d82b68f04d79585827550ef42ca,Pest-Damage(513),Pest-Damage (341).JPG,0
2763,2a930e4c226a6573ef54593cbfaed935cbc0ad2c9c22095d580e7a7298dd3712,Pest-Damage(513),Pest-Damage (342).JPG,0
2764,7d76f09dbb038b67d42da03dd4d7473d9d297791761c41f47cfaf8e45fdc82df,Pest-Damage(513),Pest-Damage (343).JPG,0
2765,fa216b8a3ecdfed5b16d0c2fcfdf38ec0ac75e19dad8b827e5c5f7615ca7c586,Pest-Damage(513),Pest-Damage (344).JPG,0
2766,f648361d8141900938e3881d02b097f1c25f7462f7daf08e2a88cb95316f2977,Pest-Damage(513),Pest-Damage (345).JPG,0
2767,aef3640a008b1f54e55a48630e1175ccb4cb3955541d734ae47f360d6af696af,Pest-Damage(513),Pest-Damage (346).JPG,0
2768,0780e87ecb433352770f943b373454a196c3b4781de158f632ae63b01125f33a,Pest-Damage(513),Pest-Damage (347).JPG,0
2769,a6c98ad124809a1663146a6dd8edc95e2b1714cf011ffc93ea8d23dbc8551c72,Pest-Damage(513),Pest-Damage (348).JPG,0
2770,7bd9d6e565298e12462e45dd026ddbcf791bf485f01bf31e85eb6dcab3ed2538,Pest-Damage(513),Pest-Damage (349).JPG,0
2771,a00c55fcd06db7246b697a540b077199af5521a6020e2e88ffe70f7aea814ec8,Pest-Damage(513),Pest-Damage (35).jpg,3
2772,eef13c79aeac7fce2a17358a49b7e22df37df4b84a6c60fa46ed3cdedfdd93ad,Pest-Damage(513),Pest-Damage (350).JPG,0
2773,6bd755a2937cac5717dc468b0be0b8fe3cf365eec445a214f8c06c028cf142f1,Pest-Damage(513),Pest-Damage (351).JPG,0
2774,76d6d7817bcc0521dc01dc9b234b241e80f739aa47ec158ea733a338aaeedc32,Pest-Damage(513),Pest-Damage (352).JPG,0
2775,3c1305f78b03229ba30cf48a2f51a5a5fa1b4a3aa6fa049f3f8ece62a450d295,Pest-Damage(513),Pest-Damage (353).JPG,0
2776,b37ece74811dd90b5954f3f5d7301b877d8633f889eebd3741177459bb251024,Pest-Damage(513),Pest-Damage (354).JPG,0
2777,6d098fc34975f8c51a625264c975c7e6ded399dfdb56652ba30f087672c41c89,Pest-Damage(513),Pest-Damage (355).JPG,0
2778,3a6118ec1eeacf5edb52a576ab0c0370e729f50b22606d8717a698cdeadd8f13,Pest-Damage(513),Pest-Damage (356).JPG,0
2779,c5c730d3803255e486302fcf91ce79a830a584640b603d081e4e16a1d18b72c7,Pest-Damage(513),Pest-Damage (357).JPG,0
2780,4c1aa897805b1f23073d9276e29d053bf36cd83a3ee94857722052387c7763d2,Pest-Damage(513),Pest-Damage (358).JPG,0
2781,b7875b6f06c6494a659ffa9e13ddc35c24376f8d498c9183781a3d74395ea6e7,Pest-Damage(513),Pest-Damage (359).JPG,0
2782,a876626138b05b1470b00854bb7839be985d7d74677d58f461f0c6095499cb70,Pest-Damage(513),Pest-Damage (36).jpg,3
2783,7b92ccbba2a5665cff640b5f69aec58539f8cad10e6e89a2791befd67415699b,Pest-Damage(513),Pest-Damage (360).JPG,0
2784,5f7d123bff6f066910ce293e4ed5840082e1d7a15acc1c6609aa97f6949de1e1,Pest-Damage(513),Pest-Damage (361).JPG,0
2785,5d644d6c78f110f831e225f2bca85475a9d70861ffa9265a7e788e97b85c7e32,Pest-Damage(513),Pest-Damage (362).JPG,0
2786,21ba894999480640467b55662a3c9b64e084132aa6de1c72c93241b37154b86c,Pest-Damage(513),Pest-Damage (363).JPG,0
2787,e1c2faab27aaa2b4361c4415a38ae43613e1dea8e889630e35734cb0be7d7378,Pest-Damage(513),Pest-Damage (364).JPG,0
2788,23373288cb7776a27666d27a8942bdf0998da94a326353fe44c4d47653c02544,Pest-Damage(513),Pest-Damage (365).JPG,0
2789,a10c9254e8e70823ac83f4b1e47b3ab033e4511154b371567cf16eb1bffd6eab,Pest-Damage(513),Pest-Damage (366).JPG,0
2790,31928b24f8c22ce17c2c3c0795a9016c3a439161ef48b055f9d1a686f8f17a87,Pest-Damage(513),Pest-Damage (367).JPG,0
2791,696eab1890ee9c96d5a9d8390b76e2def9ff1da022e8a84f2c7bccc531c7ba16,Pest-Damage(513),Pest-Damage (368).JPG,0
2792,fead00ff8fe5b387c39fa1263a31a75894048ba79310c01c0359cafc4ea19209,Pest-Damage(513),Pest-Damage (369).JPG,0
2793,d0caff754b4531b072b242bd15d6086a0667c13b4ec67f2fac602dde86bdffa3,Pest-Damage(513),Pest-Damage (37).jpg,3
2794,47716b31030fc817cf032aab3bd4746412ad78389b75c902bfcb873458a1cee6,Pest-Damage(513),Pest-Damage (370).JPG,0
2795,2e67b5d06bfe7edb856c7a913877021e627ce722ba40828017cebba81d177fa2,Pest-Damage(513),Pest-Damage (371).JPG,0
2796,86475f5a746dc8300778533745c43e918670235e01f18216d302d014004d04c2,Pest-Damage(513),Pest-Damage (372).JPG,0
2797,574f2ecc937df35d53e979d30d1f736de34479d8f28d0c747332f037bfce126b,Pest-Damage(513),Pest-Damage (373).JPG,0
2798,ee40e2d6d2d7eb35e31eb6f2845d408bc1b76424bbaa974b1d003b9e6a906c84,Pest-Damage(513),Pest-Damage (374).JPG,0
2799,41997d8e5c28b62d270d749657cc3dd5a4241d40f5f69c59c5e45e42b0b9d264,Pest-Damage(513),Pest-Damage (375).JPG,0
2800,ba4da1da1d570ea938144f4c4de6b76ad8ca83f6e9ff5e265ce3554cff0a2ba2,Pest-Damage(513),Pest-Damage (376).JPG,0
2801,2c26c666e3405e1acf87625270d56a76d8ecce2586a2786d8995be9888cde0c2,Pest-Damage(513),Pest-Damage (377).JPG,0
2802,f30d25ab14f27ef3a89a05b0e049f15846212c302079d2d0e8921accc4acf669,Pest-Damage(513),Pest-Damage (378).JPG,0
2803,90159844e9eabdfd63a543edf87bb2688b52aa58932a7d4e6aedfdf7c52667d0,Pest-Damage(513),Pest-Damage (379).JPG,0
2804,71494b8150a656ee79912660ee3d0cfc18bac4864db7d946131da72b3dfbaf38,Pest-Damage(513),Pest-Damage (38).jpg,4
2805,26f1312fc6eb4faa9928f818bfb0d12ecacb7114dd60cc028281afbd86ff8e31,Pest-Damage(513),Pest-Damage (380).JPG,0
2806,c54f2b6520afbd2662c2e60640fa0042899e8818488691ff4901537450e2e04f,Pest-Damage(513),Pest-Damage (381).JPG,0
2807,0153a7cdcd3358e86b253bbb4fae4b542a484512f5dc5c156cde812c53d70f44,Pest-Damage(513),Pest-Damage (382).JPG,0
2808,903b1172019f5cecbde3a546ff7ef14fe835e8a550505642d0da79ab46196b42,Pest-Damage(513),Pest-Damage (383).JPG,3
2809,d253149dab4056c68969fbe4ee810ed82a4f3faf1ae18bcbf3ef185ded7391ec,Pest-Damage(513),Pest-Damage (384).JPG,0
2810,c37040461bf9e9616a62a69ebd9314938b0a287460081591e3c819c690275514,Pest-Damage(513),Pest-Damage (385).JPG,0
2811,fab1b6e04f11dfb346dec72a5c2903904c51deae52ccaec9025df87407c8d3f8,Pest-Damage(513),Pest-Damage (386).JPG,3
2812,e5c9d7d21b8afe48b05deb7a3fe5768a33e9b1819117bcee92fa0bd0c958ed1d,Pest-Damage(513),Pest-Damage (387).JPG,3
2813,6b19d191ae1f74b22980cd86de46d6c5e97802d43971c1dac2276dfa44b7e3cd,Pest-Damage(513),Pest-Damage (388).JPG,0
2814,0d22439a6e0c99df86c1d40491a1ae02af92a669f01244c319648c66245edc64,Pest-Damage(513),Pest-Damage (389).JPG,3
2815,faf79162b93de8415fd3e17d00e567633446adddd8730a33bee6465d0fef0104,Pest-Damage(513),Pest-Damage (39).jpg,3
2816,31e04cb190f3fe58012c4b673878691185da1e0a1ff64f5a750cb0edf0bed2ee,Pest-Damage(513),Pest-Damage (390).JPG,0
2817,629a1a2ed227c608817c8eac90efdaafcf9bf2859c3744a36696b0a745475a53,Pest-Damage(513),Pest-Damage (391).JPG,0
2818,e5e530b794d58f4a8e34c0201f882ee86adda5c74c89e33a698cd3497c858af0,Pest-Damage(513),Pest-Damage (392).JPG,0
2819,6c741df604495a24b291981597681bfd8e5f4816b804e8c99fa1580b91c5e689,Pest-Damage(513),Pest-Damage (393).JPG,3
2820,b7143963fd11d8f47e89591465ed89169156e3deca5c74e27933616ed0479afd,Pest-Damage(513),Pest-Damage (394).JPG,0
2821,fa96557144ad5fc10744a730e8bd4f41a5314465de41355dbb44826707d3a8d0,Pest-Damage(513),Pest-Damage (395).JPG,0
2822,dcac62af5b91699c74769828c7c9d240c27e19ffe993cef41e3b26a7e819c2e0,Pest-Damage(513),Pest-Damage (396).JPG,0
2823,e3e6ea03b599ca0541567e5836ce8275cd3fa57d02003bf588073b0706707caf,Pest-Damage(513),Pest-Damage (397).JPG,3
2824,f50f74bdf86397419ddcf09bf6725f7bfe02e89fe2ae67882f33ea75917342d2,Pest-Damage(513),Pest-Damage (398).JPG,0
2825,11eefd5448f727e507773d25540b701d2e89d6fffc6f377202f9c6f896034e53,Pest-Damage(513),Pest-Damage (399).JPG,3
2826,7948875a2be461bc829de341a86b6e950729277dfab55c51efcbdcebd37a6ac7,Pest-Damage(513),Pest-Damage (4).jpg,3
2827,d6dfc575bb1b6b87334a3949b8ae10ce7912a06130783bc6615322a2e3c4803b,Pest-Damage(513),Pest-Damage (40).jpg,3
2828,d5f2ba0a06c8965b9fc1958eb74e650d496ca023725e3c32356260ed0b4540c4,Pest-Damage(513),Pest-Damage (400).JPG,0
2829,37b32c9532e3ae43ff2f5823178a577dd79237e7f3d80da8702195ca2a0837eb,Pest-Damage(513),Pest-Damage (401).JPG,0
2830,4809ab420e404d5075816a26df89ae0d0e3e560dee0bbb9bc9bc7665156e9a56,Pest-Damage(513),Pest-Damage (402).JPG,0
2831,748a6e6fe764388feb6133163978efab52879f4142b34d4c467db4f9c56f8eb0,Pest-Damage(513),Pest-Damage (403).JPG,0
2832,8253cbf4ac88d9f510400eb17d983cd6173df217f62dcc4453f9aa9da0e68886,Pest-Damage(513),Pest-Damage (404).JPG,0
2833,6ccdbb0eb27f1ed22bdf4244f478b770ea0e2ae0c741d7a2c0b6973b7cd64ba2,Pest-Damage(513),Pest-Damage (405).JPG,0
2834,67e52754ef6471ebdf3542f430b84fbb1565c1de3dee2a6c984dc382e85bf1ac,Pest-Damage(513),Pest-Damage (406).JPG,0
2835,803e94f4f0cc2cfadabb6527cc356f779a6465db51518015cdd36797dda0a2a7,Pest-Damage(513),Pest-Damage (407).JPG,0
2836,05cbf997c638fe593f300b05860efdc88b74d054eb18034464d5a8e7356c7c2e,Pest-Damage(513),Pest-Damage (408).JPG,0
2837,f3e38b102624476e87b892723a95117864d7c981de590bccb11dc0d201b6e499,Pest-Damage(513),Pest-Damage (409).JPG,0
2838,aba4c497084b496dc8ce45e40330a5a7b11c620b51d33f061b8c11167b6153d7,Pest-Damage(513),Pest-Damage (41).jpg,3
2839,19e0c664eb0faef4cf4f229926c8cf0cf25131f9a007d412b491d8b65e2e7f1c,Pest-Damage(513),Pest-Damage (410).JPG,0
2840,1bff6511a09d9fd81682d4ead7d38d752a026fe022c4cebed63d035bfe740a5a,Pest-Damage(513),Pest-Damage (411).JPG,0
2841,5dac626b7bb984a497e4d8855703c949256d18b3fc24b0357dc7b07779bea042,Pest-Damage(513),Pest-Damage (412).JPG,0
2842,d797a860ba57c8de49a11d2aa51070abc6872f3e1a1bae2aa4cdea461c7e4857,Pest-Damage(513),Pest-Damage (413).JPG,0
2843,39d49cc68c0e202c17c734700944450d253e2cb1c0557874c4376703c1fe11a8,Pest-Damage(513),Pest-Damage (414).JPG,0
2844,bd3feec0c8505cb5f35f3257a31df3222d6f0dc9af8368e3bb1b1ad34c322696,Pest-Damage(513),Pest-Damage (415).JPG,0
2845,a6b00cf41067a14eefc732fc4e01fdd2fc57f58a3f33d7c3d35f9a8ebca78478,Pest-Damage(513),Pest-Damage (416).JPG,0
2846,684ba22804dc18407b37317073269cc5035dc90dc60b7068a635a2e010eb5fb7,Pest-Damage(513),Pest-Damage (417).JPG,0
2847,df094e9030be51e83a8f0903a3c95bd241dcd68aa40722a77b497987504bc144,Pest-Damage(513),Pest-Damage (418).jpg,2
2848,2c86a7b4850e60b2a6bfb4c03a83dc486cca056a9feac661d541f919fb7b25b7,Pest-Damage(513),Pest-Damage (419).jpg,2
2849,1f4db849a6072511c93f90674e6482a23206340d03752c328e003d4e16d88c50,Pest-Damage(513),Pest-Damage (42).jpg,3
2850,c0981521b2f08c77f568d31530d105af780e0826f3fde47ebc3bcc30488e93a1,Pest-Damage(513),Pest-Damage (420).jpg,2
2851,b2f9850cfcf34d1c1e8bac76f4f40795b8c2f043c74271ef529d0c106f7e8548,Pest-Damage(513),Pest-Damage (421).jpg,2
2852,8640a86c150a3ecbdf09deb32b8056218f115397c51ef2036771a4f72b9be889,Pest-Damage(513),Pest-Damage (422).jpg,2
2853,35b197ec21916299098074dbf1aa27018e7f01acb5160fc0a6f3354f4b839cc4,Pest-Damage(513),Pest-Damage (423).jpg,2
2854,a01805a017233bd24741dec934997ea3a2e19b4dc1595bd97fdb6f95885237cb,Pest-Damage(513),Pest-Damage (424).jpg,1
2855,ae2b44ae234fe7d2d0ce3ff2073a2510c25904cfb2a8a378567bcac8a325af6d,Pest-Damage(513),Pest-Damage (425).jpg,2
2856,da047185aa42cfd800f45af7320e3741040880fc38a41edc3b8335ba2d112f17,Pest-Damage(513),Pest-Damage (426).jpg,2
2857,10b5784ce6b96330ad8dac7ca9d71db80af14341c77958f3189eaf1b6e841476,Pest-Damage(513),Pest-Damage (427).jpg,2
2858,a04fcec3a1a49e8af9b166739a92a96760b26c221be3a48871ebfd56f4bbc6a4,Pest-Damage(513),Pest-Damage (428).jpg,2
2859,d100fa71411cc6a3447fe12ddfe3917638f56e1c38e2df0beba718883acf3d8a,Pest-Damage(513),Pest-Damage (429).jpg,2
2860,9bdde16418b69201f3c8d7e4b195fc0c0d7e242e9d87c14f0530fd35203d02bb,Pest-Damage(513),Pest-Damage (43).jpg,0
2861,7d392a6ecf7f588e1dcbc95083e8e4a94f04e5cca7e8b7fc175cff0715d41453,Pest-Damage(513),Pest-Damage (430).jpg,2
2862,5fbcdd30afd9b4fdbf32777107bb5fb80545c0728e8a670890f7bbf540d4ec4e,Pest-Damage(513),Pest-Damage (431).jpg,2
2863,274aa004b27fedd10d42afc3e4b6900c7363c000aae651936ed5a333a1512b76,Pest-Damage(513),Pest-Damage (432).jpg,2
2864,547973610812412256a7f5d65b26e2c8048ce40c61759b67c6d51fea8796ae3c,Pest-Damage(513),Pest-Damage (433).jpg,2
2865,3512e2088bacf4212d3525496ba4809ce6b7b23d69336d54f1ad3c17841e50b4,Pest-Damage(513),Pest-Damage (434).jpg,2
2866,c962f8535eec375513ae426b356746681e2b15848cc3c279f9d2dae930b79e40,Pest-Damage(513),Pest-Damage (435).jpg,2
2867,95305c99b0f23a5cb0dfdfe42c02529c98d43ce71b3d87e0cc530a310d680e0d,Pest-Damage(513),Pest-Damage (436).jpg,2
2868,cb188490958b219556ea29d42373d27e6a44b22f4cb77a6ca2ac420af544190e,Pest-Damage(513),Pest-Damage (437).jpg,3
2869,530c2c6f002633cb7497d742c8245525d04ec92275a2cd082465368ae481dc20,Pest-Damage(513),Pest-Damage (438).jpg,3
2870,ffc0cd863ac853bd9f03b1e794982aa1c65c0881e01f31e6225e0c6ec63ee6bd,Pest-Damage(513),Pest-Damage (439).jpg,2
2871,bbb6744dc960507f273f7c8697b5b6062c3447259bb4905023b20cacd3fd905d,Pest-Damage(513),Pest-Damage (44).jpg,3
2872,ea6c5bf0ae1a8afb279f07c96cacdd09ecc00d109cb6d589192ae433a6bd2345,Pest-Damage(513),Pest-Damage (440).jpg,3
2873,2c903a5572d72361c5ba4f23b21809d38dd8dd22b76559d31484b6e717331095,Pest-Damage(513),Pest-Damage (441).jpg,3
2874,7a44eff34b0f69617aa42622567c03ac30fc24ed1a67ef297c72e03bdf577784,Pest-Damage(513),Pest-Damage (442).jpg,3
2875,b2fb91c7c4af635ce7b9e2544e753e511e0dc22f16d48b9f4a4f00b70730c624,Pest-Damage(513),Pest-Damage (443).jpg,3
2876,82245271936c73d543c7c6b2f13c7701502e1d3cb6de075faf208be3d576304b,Pest-Damage(513),Pest-Damage (444).jpg,3
2877,c2996e63bdfce6a38794bbe7baea646782fff3dceb20508289ce837ff545ccf9,Pest-Damage(513),Pest-Damage (445).jpg,3
2878,f92c3bf4e076f89462333543e4e81302f0c0e861be569f9740209735ee8eadb8,Pest-Damage(513),Pest-Damage (446).jpg,3
2879,361a6490b3b5fe784da9ed8a794e2968b7ae06c4132fe5f9e78d266190702690,Pest-Damage(513),Pest-Damage (447).jpg,3
2880,c5f5715edda2f6d810e8a11a536a5b20bd4779e5b119ceeedc4fcdce1c5c48e9,Pest-Damage(513),Pest-Damage (448).jpg,3
2881,2a68ef667ba4be5f7d50855b6c418233af216f3f35360bcf7d074a0459cffab9,Pest-Damage(513),Pest-Damage (449).jpg,3
2882,b168165a9be004b76afe3ffdf8d2b34836ece5dfba2f7a16c2efccfa088b551d,Pest-Damage(513),Pest-Damage (45).jpg,3
2883,d775cbf77b7750ff7d021ee4b44c647fec2e98ed624dc3b9c91121f48a959691,Pest-Damage(513),Pest-Damage (450).jpg,3
2884,9158ed9ed87961271b386c29c34329650e915ce42f7550759531aaae88372115,Pest-Damage(513),Pest-Damage (451).jpg,3
2885,20e2bfd30723b409e5a90dbb0064d18b355e4b383c657da631d6183684e1debc,Pest-Damage(513),Pest-Damage (452).jpg,3
2886,ed430421feca12467fc1d181b86cfe893349c15a4c62af6d861cd379dc5a524d,Pest-Damage(513),Pest-Damage (453).jpg,3
2887,ad250252f3be84b1ebf7bbc01f3fbae44560e6e3992037af371cf9939f2c4131,Pest-Damage(513),Pest-Damage (454).jpg,3
2888,d360159fe1f1efb35790f0b907f6aaa21b420e7b953c581ef6780ddf0773fe11,Pest-Damage(513),Pest-Damage (455).jpg,0
2889,22764b3b874f722f1fd2d7b4dec132b76d4dddb4eb1bb2c976378c5107c2218a,Pest-Damage(513),Pest-Damage (456).jpg,3
2890,7ebea0acf723a17d65167493a28dcd624bc95cc4878bf0b8ceabc714b6880ecc,Pest-Damage(513),Pest-Damage (457).jpg,3
2891,86b2d360a90ffb33fd3ceb584f42c389518b460363da19e979f2647612149f05,Pest-Damage(513),Pest-Damage (458).jpg,0
2892,6b49e33c07666b604f0b4075074a6a5e789f827004923bd1f7923b90b6a90834,Pest-Damage(513),Pest-Damage (459).jpg,3
2893,be59768d1aa8428bccebda220635a11773267f86e46b9757928d7c5b66928630,Pest-Damage(513),Pest-Damage (46).jpg,3
2894,c3aa69a63da4814dbe9a5b635100beb1832a16da3f47630e3559bb659b3b4c32,Pest-Damage(513),Pest-Damage (460).jpg,3
2895,d2060ece3505e1cbe922e91a0e4f7f94d7265d46ab4b8fb793a0a45ba8f2c105,Pest-Damage(513),Pest-Damage (461).jpg,3
2896,407e33c898f82f7fad13b07292352e241d38bc589e11d329209de743952121f5,Pest-Damage(513),Pest-Damage (462).jpg,3
2897,e864633fdfd2470f2b3e102f3aa916888374469fab8e2cdcaef7d92a6338253f,Pest-Damage(513),Pest-Damage (463).jpg,3
2898,55312c02b4345ba6ae3fa641272aa33cc1849b036b298df3e41bea2127ae20c6,Pest-Damage(513),Pest-Damage (464).jpg,3
2899,51f3326167df06ae230973f14a6db434e13e626278804b0069e0153cb2f02937,Pest-Damage(513),Pest-Damage (465).jpg,3
2900,afcc5fe2e87aef2ef2cbaaf4296151f3b7b56b1253c76cd0bb1e469d1d7f7e17,Pest-Damage(513),Pest-Damage (466).jpg,3
2901,e1871969003134aa70208676f0ed4bb8ddbfd7c23a386d2782f6851bc02a39a5,Pest-Damage(513),Pest-Damage (467).jpg,3
2902,2aec2ed83ceee2ca43690cb65da68fd50981e286228e5f1647887bdbc11b77de,Pest-Damage(513),Pest-Damage (468).jpg,3
2903,12753a6511ed524e3e5e9b095b3db5558882df0d55697167785d7c848a0e963a,Pest-Damage(513),Pest-Damage (469).jpg,3
2904,44a1c3eca01620ec36a009a76228335d52fee7212a3935c67568994349bdb268,Pest-Damage(513),Pest-Damage (47).jpg,3
2905,4e6626b7c2bb121a8738dedb390ec96308d93d6d3b2e3126822d2307bd833ef6,Pest-Damage(513),Pest-Damage (470).jpg,3
2906,47c9c398132bec3370a0b75234c1311bd9f6bc775a2225007db6fb2a57b46792,Pest-Damage(513),Pest-Damage (471).jpg,3
2907,20c0e04a71f86f5f2858e69ee900f7cc4b77a6662da8eaaf0fcb95a929a63599,Pest-Damage(513),Pest-Damage (472).jpg,3
2908,317a18c27a98e3c3d6da664955fe20c6cc9d3eceacfd398469d2c2071ae868d7,Pest-Damage(513),Pest-Damage (473).jpg,3
2909,45ebc2fb994f27c323b8a42cbe20572c8a1120e80da8911f6c9ef23a03c99411,Pest-Damage(513),Pest-Damage (474).jpg,3
2910,d3d8c7ad0417d71ada0f3115ebec645d8009968bc14dad8957de25a741dc99ca,Pest-Damage(513),Pest-Damage (475).jpg,3
2911,c44aab23c7cb8af11f94d0659556630caa1f8e2509e2443480b9d08943004736,Pest-Damage(513),Pest-Damage (476).jpg,3
2912,b97f243cf7be815a9f77a49be19f8ab0b2563fe5b44879a684288559e4b11631,Pest-Damage(513),Pest-Damage (477).jpg,3
2913,95e3cc54868605287bd8524c3e7dc4dc3f70da95452f0b527efd3befa0724229,Pest-Damage(513),Pest-Damage (478).jpg,3
2914,329e2dc60dda01a2202213f4803702dde02d818e5713e1c3c59a5b6282b5f3ef,Pest-Damage(513),Pest-Damage (479).jpg,3
2915,644716260fefd2e06a07a1954a1012a7a97d558d3e6515600fbb37b36ffcce63,Pest-Damage(513),Pest-Damage (48).jpg,3
2916,f3d75417a4fb93b62c91df1b3554414ba1dcd83c6ff06c60f8bbb8e11ee4a945,Pest-Damage(513),Pest-Damage (480).jpg,3
2917,45d608874bcce5822f4da0e35e9641217d0d7dbf634c2d8f429733f9f63e96cd,Pest-Damage(513),Pest-Damage (481).jpg,3
2918,8cc25930cd12371f647c26dac7d749cf82e339427d28de1a3523116cd98b2ccf,Pest-Damage(513),Pest-Damage (482).jpg,3
2919,3c19be11afb2b9bc85ac84a67e4c00b3ea35792f40e677ec515b4875ca956fd1,Pest-Damage(513),Pest-Damage (483).jpg,3
2920,6ed6741e54b6c443cba0e510a288484b252665ec3fd429238e40be04f4955bcc,Pest-Damage(513),Pest-Damage (484).jpg,3
2921,0df9ca29ceefebd6840d9a5967a8064e2bd29ca3bc2c658b35bb35f6efced7aa,Pest-Damage(513),Pest-Damage (485).jpg,3
2922,1e12c46467eab12b7d82517337cfac7204b5bd1459389568f5cf91b6a1d1a3a9,Pest-Damage(513),Pest-Damage (486).jpg,3
2923,b2f864c161ff918f61c2a5854cf62ae5d42399e7ff1f7e48c4805b528d24dec9,Pest-Damage(513),Pest-Damage (487).jpg,3
2924,8c7ce1afa32578ac2ddbc9d47bcee8550908f92cafe51c0288b245fb69f63dc1,Pest-Damage(513),Pest-Damage (488).jpg,3
2925,9da5d35f602cf975fd2a47b4fe5c04905252f93dfc990d62f58dc28d6409cb2d,Pest-Damage(513),Pest-Damage (489).jpg,3
2926,1943ae43afe6b1b7aed16f093f63d3495908dba54e54bbc6b5073d091b271373,Pest-Damage(513),Pest-Damage (49).jpg,3
2927,b3e3b4096128c5262d0131c934bf836b0144aff262c85fd2b3016e7739340785,Pest-Damage(513),Pest-Damage (490).jpg,3
2928,d74ea030dfb267d4afb3edd4cb183852d13b03ccae3d16df850ba8dcb4b4507a,Pest-Damage(513),Pest-Damage (491).jpg,3
2929,82c5308943b59de3cf82ae4d31d9d4eb57ab091f0ac7a88893317451f7281756,Pest-Damage(513),Pest-Damage (492).jpg,3
2930,73471afee278c36b1cd8c330c56f30ac83da987811d81fee81f57bfbfe0b10f7,Pest-Damage(513),Pest-Damage (493).jpg,3
2931,2d48c51908ec8a152a62b12bb7cc144ec157c257c172a890ace2d0a3081701b5,Pest-Damage(513),Pest-Damage (494).jpg,3
2932,8cbba9234e85a90e125b2ac41ce193278661167ff7b54bf92ea20990d3c289b8,Pest-Damage(513),Pest-Damage (495).jpg,3
2933,3712c18fbf04cdf132d8b8531fb611ccd78819999d6d80dc70c5a320fb60f061,Pest-Damage(513),Pest-Damage (496).jpg,3
2934,86ee314ad28c6434db6b901ba61861ef45429311f978d1bea33ccb2e44163ef5,Pest-Damage(513),Pest-Damage (497).jpg,3
2935,26bba05ebf9b4c4847f8c0bf6d302f23fc9f7aa13ff1af07aec0b524bde56a5f,Pest-Damage(513),Pest-Damage (498).jpg,3
2936,382777ffc70b4c1d63690289580a093895ebdabaca3d3392764289635db94113,Pest-Damage(513),Pest-Damage (499).jpg,3
2937,23e0695eaff5765be929b37428991bc1087f94f39895c87a47c384380b52e576,Pest-Damage(513),Pest-Damage (5).jpg,3
2938,362a9847b5e1ca2f2cebd14d18843076bf6b4a18603080f8c414ad25215c94df,Pest-Damage(513),Pest-Damage (50).jpg,2
2939,9eb2d64c7e8f52355a6038ad4fe3ff74b78407ec6eea9ea9a7e55ac350c4379b,Pest-Damage(513),Pest-Damage (500).jpg,3
2940,62213577a4e5c9e9f219e709a6cf1577eb896af8894a2004476e7218744aa69f,Pest-Damage(513),Pest-Damage (501).jpg,3
2941,5243f1b8f7a4848ff0668171de2777ea92a784a527b2c2be98402fdf8ba867cb,Pest-Damage(513),Pest-Damage (502).jpg,3
2942,e3bde12dc2b533662f1ce97168a405be1027d7cb5ac315d68e3df2e7e14a0676,Pest-Damage(513),Pest-Damage (503).jpg,3
2943,cad367d5856512bcc798b5e1c6bfa5eb08946e62b392902283c404dc45ffce30,Pest-Damage(513),Pest-Damage (504).jpg,3
2944,9cf4e20f8dba0d564595c7f74dec975f7de319ffd62eeaa96b8287d34013154d,Pest-Damage(513),Pest-Damage (505).jpg,3
2945,7e3e7d17d6183fc905a5b06f51f49ecddd13b33c00fb3008fae8e00ccbce641b,Pest-Damage(513),Pest-Damage (506).jpg,3
2946,9cf83367b7bc4184177fd73382ffba2c11ed877d799f6e6f461cd977458747cf,Pest-Damage(513),Pest-Damage (507).jpg,3
2947,432adcad0a385972194fee4c4067b0e9e45d7fc9553a9f93b0386ddb14a4083b,Pest-Damage(513),Pest-Damage (508).jpg,3
2948,aa24efb7181fe2abb3e3d35b6c5e586d4fb7c5f70a22f72aeb6e09a05d7f4d8c,Pest-Damage(513),Pest-Damage (509).jpg,3
2949,7e9e12722f311aa24ae293d4c496ccb6d5856f7c7107d19debfd8d905ad5bf7e,Pest-Damage(513),Pest-Damage (51).jpg,2
2950,3d39869ee8762190c8e0e8493de6d70e5314c420d5b25aba2a9c3b1f1fea87be,Pest-Damage(513),Pest-Damage (510).jpg,3
2951,441fd165a3ec09a789c91364e27eb3ce6820ac7121e0c69fb870491f703957e6,Pest-Damage(513),Pest-Damage (511).jpg,3
2952,0b8b4aed93a86a3483614b5867c63a1cd7b3decc37f0fe272434d0ee240a6954,Pest-Damage(513),Pest-Damage (512).jpg,3
2953,9bbdeca088ef1d3fa21fcfb3d2332e6cf200d9471a304e008cbe9175caf6d484,Pest-Damage(513),Pest-Damage (513).jpg,3
2954,4d892e52a94c86b02573f4d3edee03d511fb601e72fb3e4c960941ca36ac8243,Pest-Damage(513),Pest-Damage (52).jpg,2
2955,b58d78729c968d15d920bdbe8d65e7387bdc9ae2e5f2d5ff1d0164daf53cc4ff,Pest-Damage(513),Pest-Damage (53).jpg,2
2956,936aa932fa62aa6af8051fb3cabba59386625dee577e86bf61814855c6d418a7,Pest-Damage(513),Pest-Damage (54).jpg,2
2957,9429c4e683bc7b8361cc9d620225cf4f0f18f8d301d5877b13777fc64a71cee4,Pest-Damage(513),Pest-Damage (55).jpg,2
2958,b6342538683eedc54bcc406cf4570fa985aeb598ae7676d3c3bb37c6db8d0c6e,Pest-Damage(513),Pest-Damage (56).jpg,2
2959,188074dd81c27e4523ac33a5881fa177cecf288853353f609cc7f06651f8193b,Pest-Damage(513),Pest-Damage (57).jpg,2
2960,6c1f61fa0899148b33400e18dd1a949f83c0461d4c004e2172d956900939985f,Pest-Damage(513),Pest-Damage (58).jpg,2
2961,b3bba84959fec2c525d87835a32d2a7add10ae471bca94024cceac511b30f1be,Pest-Damage(513),Pest-Damage (59).jpg,2
2962,5b4d9568b5c256e1eb9aa6e56a2d73f8cda3c9c405ecaffc197ed8ff836de766,Pest-Damage(513),Pest-Damage (6).jpg,3
2963,11afc769ec89a9b57dc7aab88728d6c3f85e0c20dec18b0b97b0a03adb418e51,Pest-Damage(513),Pest-Damage (60).jpg,2
2964,c459a0bd9c076cf4c4c465969216795dc5fc094c452c7ea9d5047db408deb491,Pest-Damage(513),Pest-Damage (61).jpg,2
2965,e632b4ff9a325f1d9ba0303598e186100454d253a3282c367ea370fcf8b66e8e,Pest-Damage(513),Pest-Damage (62).jpg,0
2966,4155be0394b7dc363e1d588097f068117e0d73ce715274cf477634d1c3276a4b,Pest-Damage(513),Pest-Damage (63).jpg,4
2967,8ebd74c2b6bb39e765ec16a37b87a93dbe0a39836ba8c97e2235559d9566b7b0,Pest-Damage(513),Pest-Damage (64).jpg,4
2968,eeec7b41d7af5fad0e0697cc35d26be64c646e9b37c0984948d270ba3919ea6e,Pest-Damage(513),Pest-Damage (65).jpg,4
2969,1eff4394db34803f05fa4ed5bc4b2d27623d720af558d1276dbb145a3c5f228f,Pest-Damage(513),Pest-Damage (66).jpg,4
2970,665f75893292c6c9478c43b35a852dea2492cf30257a7344d7d3496eb13d5531,Pest-Damage(513),Pest-Damage (67).jpg,4
2971,31781bb7b3f89ca37184602f6f4613f6e1350e1c7f8d9ceda90897fa8ca6fbb5,Pest-Damage(513),Pest-Damage (68).jpg,4
2972,c666aaefbbad9cdfc1fc07c28c14c8fbfcb2f580e67b82b48ba0fdfb5e812287,Pest-Damage(513),Pest-Damage (69).jpg,4
2973,d447f007c725e54a56a6496d0d3c2550e479f82e88741c4f300ea59916ac27bd,Pest-Damage(513),Pest-Damage (7).jpg,3
2974,c49c270fd73be89a6cc1f99b15bf1a15b07c862984b8afae25172e5823443698,Pest-Damage(513),Pest-Damage (70).jpg,4
2975,633ee21d27f2d1fecf04ed8a8b3b872302907e2b3c134e0e3edbf5c6ddb93809,Pest-Damage(513),Pest-Damage (71).jpg,4
2976,0888fbb604a025a790fb03c83e8dde01db00ed32fb3ca1c9b109e6f903514632,Pest-Damage(513),Pest-Damage (72).jpg,4
2977,797250d1af41ffe4cb3da223b330f258f105a35228aee5f50330ce91f97e949c,Pest-Damage(513),Pest-Damage (73).jpg,0
2978,bd68d760c7cdf940ffbcf0188cae663d9dc7126d4243cde9c179e8e73b0d3955,Pest-Damage(513),Pest-Damage (74).jpg,4
2979,a3f2f3146cdbd03d230fb8b12716e85b628192ca9df58dd7310e78da3101f43f,Pest-Damage(513),Pest-Damage (75).jpg,4
2980,1840a677605524b7412a7eb349d84770d6e291d73ef2c70b465606b2ece4d873,Pest-Damage(513),Pest-Damage (76).jpg,4
2981,1a9a626d3087d655e38159ab2db99bf13ea663c87f1fbbcdf2727f4a23e550da,Pest-Damage(513),Pest-Damage (77).jpg,4
2982,de1f9f0f3cca16a3885a2a2e2dac4e322e474544cea242077d8567ee26481779,Pest-Damage(513),Pest-Damage (78).jpg,0
2983,d97bc20b63cbe355b504133f82874b3706bca164f762f2529d906227dd547b13,Pest-Damage(513),Pest-Damage (79).jpg,4
2984,ebe8fcd7e1c54ad885cdc26461bc70e606b94528a4494057ec51cfabc025dd10,Pest-Damage(513),Pest-Damage (8).jpg,3
2985,907e8569dc80b8a654d5eacd56d3b4adf881f61803b991e6634864f98af8c2a5,Pest-Damage(513),Pest-Damage (80).jpg,4
2986,22aa1412d5bbab50dc3ddc7dffdffcd042c2a2fae6cb41c236a902dc5c7a8222,Pest-Damage(513),Pest-Damage (81).jpg,4
2987,37c48f2ae61136d061fdb7209290784250a7c902211380447b4202ed0e3351a3,Pest-Damage(513),Pest-Damage (82).jpg,4
2988,65618c09c1375e401afc0c999b6fab8a64862dae324d3be9006097825d875516,Pest-Damage(513),Pest-Damage (83).jpg,4
2989,7897177c91204444583d131ee0b56fe1f22fd98949cb43f0445bf37dd5c84cf2,Pest-Damage(513),Pest-Damage (84).jpg,4
2990,dc7e1b5022abd7faf6f3d7baa69f406c258b63d9b7bf76777cf5a0c50cbc0173,Pest-Damage(513),Pest-Damage (85).jpg,0
2991,91127c61224e25f24856b93469f8f7f469f4515f5ceef2cce4ac93419d9e51c6,Pest-Damage(513),Pest-Damage (86).jpg,0
2992,e1144d4c1e058dfcf46bf95d4c59a852ab8153840daa798fd839835de58ba4d6,Pest-Damage(513),Pest-Damage (87).jpg,4
2993,37231c6382a89b1da99cb976083ff98b97755507e737abb74872fd135a0c8b0c,Pest-Damage(513),Pest-Damage (88).jpg,4
2994,fac744dfbd28db19c2a0ca565337fe2b36575a497cc1cddf67866140d1fd4258,Pest-Damage(513),Pest-Damage (89).jpg,4
2995,85ed2395d9351608614dcdacbdd98a828f865fcfe847d98cb8de41e6aa8b5a61,Pest-Damage(513),Pest-Damage (9).jpg,3
2996,32dfa2ccb9ac442f566643eb1f22fada50b1cc8373ff09ef45246544ac46f8fe,Pest-Damage(513),Pest-Damage (90).jpg,4
2997,791edd337adf6601ddbb588f3a5293226e54dd771515f9ef62c7335104dddfee,Pest-Damage(513),Pest-Damage (91).jpg,0
2998,a0385df84ccb64b09339b11995e47b24ba9e13fba82bc959e5cfc01b32df032d,Pest-Damage(513),Pest-Damage (92).jpg,4
2999,d05aa6cde992f89ab881080d287c6ae8695e07147405d5f12df61cd53a061a40,Pest-Damage(513),Pest-Damage (93).jpg,4
3000,1a409a8199ef6f54d57a43909e818889936b1a1eb6db39f152f7ac68dc84a5cf,Pest-Damage(513),Pest-Damage (94).jpg,2
3001,20bf3f402fa3dcc94e2748a74fae144700d9d37ad15aed1c974bb5ef4acbc651,Pest-Damage(513),Pest-Damage (95).jpg,4
3002,4b3c75261abd822b843482be592251bacf9a1354af4deb3161cf535a22a78e7c,Pest-Damage(513),Pest-Damage (96).jpg,4
3003,76415694b7b25941227c10cd7b31dbb25128be69162dae8329a0237b607c050e,Pest-Damage(513),Pest-Damage (97).jpg,4
3004,441502aab7dd3acdfef209ee708fd86e295541e70bc136df2e8736dead7c14b3,Pest-Damage(513),Pest-Damage (98).jpg,4
3005,f42e276f6a5a89ae6cadd4e9cdab6923bdb8ac79fe4183e6562c29b25a5e5e5e,Pest-Damage(513),Pest-Damage (99).jpg,4
